filename,mos,noise_mean,noise_std,blur_mean,blur_std,overexposure_mean,overexposure_std,lowlight_mean,lowlight_std,warp_mean,warp_std,stain_mean,stain_std,occlusion_mean,occlusion_std
27_01_03.bmp,2.888888888888889,0.0,0.0,0.722222222,0.460888599,0.0,0.0,0.111111111,0.323380833,0.555555556,0.511309993,0.0,0.0,0.0,0.0
1032.jpg,3.2777777777777777,0.055555556,0.23570226,0.277777778,0.460888599,0.055555556,0.23570226,0.5,0.514495755,0.166666667,0.383482494,0.0,0.0,0.055555556,0.23570226
33_13_05.bmp,2.555555555555556,0.111111111,0.323380833,0.277777778,0.460888599,0.777777778,0.427792632,0.055555556,0.23570226,0.333333333,0.48507125,0.0,0.0,0.0,0.0
07_04_03.bmp,3.0,0.333333333,0.48507125,0.5,0.514495755,0.277777778,0.460888599,0.0,0.0,0.111111111,0.323380833,0.055555556,0.23570226,0.055555556,0.23570226
20_15_05.bmp,3.055555555555556,0.055555556,0.23570226,0.166666667,0.383482494,0.055555556,0.23570226,0.333333333,0.48507125,0.166666667,0.383482494,0.055555556,0.23570226,0.0,0.0
07_07_01.bmp,2.833333333333333,0.055555556,0.23570226,0.555555556,0.511309993,0.055555556,0.23570226,0.055555556,0.23570226,0.111111111,0.323380833,0.0,0.0,0.055555556,0.23570226
06_10_04.bmp,2.611111111111111,0.777777778,0.427792632,0.166666667,0.383482494,0.111111111,0.323380833,0.0,0.0,0.055555556,0.23570226,0.111111111,0.323380833,0.055555556,0.23570226
33_05_03.bmp,2.555555555555556,0.277777778,0.460888599,0.722222222,0.460888599,0.055555556,0.23570226,0.0,0.0,0.5,0.514495755,0.055555556,0.23570226,0.0,0.0
01325.jpg,3.6666666666666665,0.0,0.0,0.777777778,0.427792632,0.055555556,0.23570226,0.055555556,0.23570226,0.0,0.0,0.055555556,0.23570226,0.055555556,0.23570226
11_01_01.bmp,3.111111111111111,0.111111111,0.323380833,0.388888889,0.501631326,0.0,0.0,0.055555556,0.23570226,0.388888889,0.501631326,0.222222222,0.427792632,0.0,0.0
17_20_05.bmp,1.6111111111111112,0.555555556,0.511309993,0.277777778,0.460888599,0.277777778,0.460888599,0.277777778,0.460888599,0.166666667,0.383482494,0.0,0.0,0.0,0.0
17_13_04.bmp,2.333333333333333,0.0,0.0,0.166666667,0.383482494,0.888888889,0.323380833,0.0,0.0,0.166666667,0.383482494,0.055555556,0.23570226,0.0,0.0
22_11_04.bmp,2.2222222222222223,0.833333333,0.383482494,0.388888889,0.501631326,0.0,0.0,0.0,0.0,0.166666667,0.383482494,0.166666667,0.383482494,0.055555556,0.23570226
28_11_05.bmp,2.333333333333333,0.777777778,0.427792632,0.333333333,0.48507125,0.111111111,0.323380833,0.0,0.0,0.277777778,0.460888599,0.0,0.0,0.0,0.0
01_17_01.bmp,2.7777777777777777,0.166666667,0.383482494,0.666666667,0.48507125,0.111111111,0.323380833,0.0,0.0,0.166666667,0.383482494,0.055555556,0.23570226,0.166666667,0.383482494
37_17_01.bmp,3.111111111111111,0.111111111,0.323380833,0.555555556,0.511309993,0.0,0.0,0.0,0.0,0.111111111,0.323380833,0.111111111,0.323380833,0.222222222,0.427792632
12_01_03.bmp,3.055555555555556,0.0,0.0,0.722222222,0.460888599,0.222222222,0.427792632,0.0,0.0,0.055555556,0.23570226,0.0,0.0,0.055555556,0.23570226
28_05_03.bmp,2.388888888888889,0.222222222,0.427792632,0.777777778,0.427792632,0.166666667,0.383482494,0.0,0.0,0.222222222,0.427792632,0.055555556,0.23570226,0.0,0.0
0499.jpg,2.7777777777777777,0.055555556,0.23570226,0.611111111,0.501631326,0.055555556,0.23570226,0.5,0.514495755,0.666666667,0.48507125,0.0,0.0,0.111111111,0.323380833
32_16_01.bmp,2.833333333333333,0.277777778,0.460888599,0.555555556,0.511309993,0.166666667,0.383482494,0.111111111,0.323380833,0.388888889,0.501631326,0.055555556,0.23570226,0.0,0.0
35_11_03.bmp,2.333333333333333,0.722222222,0.460888599,0.333333333,0.48507125,0.055555556,0.23570226,0.0,0.0,0.055555556,0.23570226,0.055555556,0.23570226,0.111111111,0.323380833
0462.jpg,3.555555555555556,0.055555556,0.23570226,0.277777778,0.460888599,0.0,0.0,0.055555556,0.23570226,0.666666667,0.48507125,0.0,0.0,0.0,0.0
0285.jpg,1.8333333333333333,0.111111111,0.323380833,0.333333333,0.48507125,0.0,0.0,0.833333333,0.383482494,0.055555556,0.23570226,0.0,0.0,0.444444444,0.511309993
04_05_05.bmp,1.5555555555555556,0.388888889,0.501631326,0.777777778,0.427792632,0.166666667,0.383482494,0.0,0.0,0.166666667,0.383482494,0.111111111,0.323380833,0.055555556,0.23570226
29_13_03.bmp,3.4444444444444446,0.055555556,0.23570226,0.388888889,0.501631326,0.277777778,0.460888599,0.0,0.0,0.055555556,0.23570226,0.166666667,0.383482494,0.0,0.0
35_04_03.bmp,2.388888888888889,0.333333333,0.48507125,0.444444444,0.511309993,0.222222222,0.427792632,0.055555556,0.23570226,0.055555556,0.23570226,0.111111111,0.323380833,0.055555556,0.23570226
01238.jpg,3.6666666666666665,0.222222222,0.427792632,0.5,0.514495755,0.055555556,0.23570226,0.222222222,0.427792632,0.166666667,0.383482494,0.0,0.0,0.0,0.0
0916.jpg,3.888888888888889,0.222222222,0.427792632,0.277777778,0.460888599,0.0,0.0,0.055555556,0.23570226,0.166666667,0.383482494,0.0,0.0,0.0,0.0
12_03_05.bmp,1.7222222222222223,0.166666667,0.383482494,0.833333333,0.383482494,0.055555556,0.23570226,0.055555556,0.23570226,0.055555556,0.23570226,0.0,0.0,0.0,0.0
07_23_02.bmp,2.5,0.111111111,0.323380833,0.277777778,0.460888599,0.0,0.0,0.777777778,0.427792632,0.055555556,0.23570226,0.0,0.0,0.055555556,0.23570226
26_03_05.bmp,2.111111111111111,0.055555556,0.23570226,0.833333333,0.383482494,0.055555556,0.23570226,0.055555556,0.23570226,0.111111111,0.323380833,0.0,0.0,0.0,0.0
16_05_05.bmp,1.9444444444444444,0.277777778,0.460888599,0.5,0.514495755,0.055555556,0.23570226,0.0,0.0,0.388888889,0.501631326,0.388888889,0.501631326,0.0,0.0
0800.jpg,3.333333333333333,0.0,0.0,0.5,0.514495755,0.0,0.0,0.055555556,0.23570226,0.111111111,0.323380833,0.0,0.0,0.055555556,0.23570226
31_24_03.bmp,2.2222222222222223,0.055555556,0.23570226,0.777777778,0.427792632,0.0,0.0,0.0,0.0,0.111111111,0.323380833,0.055555556,0.23570226,0.055555556,0.23570226
04_04_02.bmp,3.388888888888889,0.111111111,0.323380833,0.5,0.514495755,0.111111111,0.323380833,0.0,0.0,0.222222222,0.427792632,0.055555556,0.23570226,0.0,0.0
05_23_04.bmp,2.1666666666666665,0.111111111,0.323380833,0.333333333,0.48507125,0.0,0.0,0.722222222,0.460888599,0.055555556,0.23570226,0.055555556,0.23570226,0.166666667,0.383482494
0694.jpg,3.2777777777777777,0.055555556,0.23570226,0.444444444,0.511309993,0.0,0.0,0.055555556,0.23570226,0.277777778,0.460888599,0.111111111,0.323380833,0.0,0.0
1143.jpg,3.055555555555556,0.0,0.0,0.277777778,0.460888599,0.0,0.0,0.055555556,0.23570226,0.166666667,0.383482494,0.777777778,0.427792632,0.0,0.0
37_20_03.bmp,2.333333333333333,0.277777778,0.460888599,0.5,0.514495755,0.166666667,0.383482494,0.333333333,0.48507125,0.055555556,0.23570226,0.055555556,0.23570226,0.0,0.0
0796.jpg,3.5,0.0,0.0,0.5,0.514495755,0.055555556,0.23570226,0.055555556,0.23570226,0.222222222,0.427792632,0.0,0.0,0.0,0.0
1080.jpg,3.4444444444444446,0.111111111,0.323380833,0.388888889,0.501631326,0.055555556,0.23570226,0.388888889,0.501631326,0.055555556,0.23570226,0.055555556,0.23570226,0.055555556,0.23570226
26_21_01.bmp,3.8333333333333335,0.111111111,0.323380833,0.222222222,0.427792632,0.333333333,0.48507125,0.0,0.0,0.055555556,0.23570226,0.0,0.0,0.0,0.0
22_14_05.bmp,1.2222222222222223,0.055555556,0.23570226,0.166666667,0.383482494,0.111111111,0.323380833,0.888888889,0.323380833,0.055555556,0.23570226,0.055555556,0.23570226,0.0,0.0
06_13_03.bmp,4.0,0.111111111,0.323380833,0.111111111,0.323380833,0.333333333,0.48507125,0.0,0.0,0.055555556,0.23570226,0.0,0.0,0.055555556,0.23570226
0284.jpg,2.055555555555556,0.111111111,0.323380833,0.277777778,0.460888599,0.055555556,0.23570226,0.888888889,0.323380833,0.111111111,0.323380833,0.0,0.0,0.055555556,0.23570226
23_12_03.bmp,2.7222222222222223,0.5,0.514495755,0.277777778,0.460888599,0.0,0.0,0.0,0.0,0.277777778,0.460888599,0.111111111,0.323380833,0.0,0.0
27_24_04.bmp,2.0,0.055555556,0.23570226,0.777777778,0.427792632,0.0,0.0,0.0,0.0,0.444444444,0.511309993,0.0,0.0,0.055555556,0.23570226
21_05_05.bmp,1.5,0.277777778,0.460888599,0.666666667,0.48507125,0.111111111,0.323380833,0.0,0.0,0.166666667,0.383482494,0.0,0.0,0.055555556,0.23570226
05_05_01.bmp,3.2222222222222223,0.222222222,0.427792632,0.5,0.514495755,0.055555556,0.23570226,0.0,0.0,0.0,0.0,0.111111111,0.323380833,0.111111111,0.323380833
20_20_01.bmp,2.5,0.5,0.514495755,0.222222222,0.427792632,0.222222222,0.427792632,0.277777778,0.460888599,0.111111111,0.323380833,0.055555556,0.23570226,0.0,0.0
13_12_02.bmp,3.111111111111111,0.555555556,0.511309993,0.166666667,0.383482494,0.111111111,0.323380833,0.0,0.0,0.111111111,0.323380833,0.0,0.0,0.055555556,0.23570226
37_16_05.bmp,1.6666666666666667,0.166666667,0.383482494,0.888888889,0.323380833,0.0,0.0,0.0,0.0,0.055555556,0.23570226,0.055555556,0.23570226,0.0,0.0
32_15_05.bmp,1.7222222222222223,0.111111111,0.323380833,0.277777778,0.460888599,0.055555556,0.23570226,0.833333333,0.383482494,0.444444444,0.511309993,0.055555556,0.23570226,0.0,0.0
05_20_04.bmp,2.0,0.777777778,0.427792632,0.388888889,0.501631326,0.222222222,0.427792632,0.111111111,0.323380833,0.111111111,0.323380833,0.0,0.0,0.055555556,0.23570226
10_06_02.bmp,2.5,0.333333333,0.48507125,0.555555556,0.511309993,0.111111111,0.323380833,0.055555556,0.23570226,0.277777778,0.460888599,0.333333333,0.48507125,0.055555556,0.23570226
03_05_01.bmp,3.8333333333333335,0.055555556,0.23570226,0.277777778,0.460888599,0.111111111,0.323380833,0.055555556,0.23570226,0.111111111,0.323380833,0.0,0.0,0.111111111,0.323380833
02_09_02.bmp,2.7777777777777777,0.722222222,0.460888599,0.388888889,0.501631326,0.0,0.0,0.0,0.0,0.5,0.514495755,0.055555556,0.23570226,0.111111111,0.323380833
27_07_01.bmp,3.2222222222222223,0.111111111,0.323380833,0.444444444,0.511309993,0.0,0.0,0.111111111,0.323380833,0.5,0.514495755,0.111111111,0.323380833,0.055555556,0.23570226
25_17_05.bmp,2.055555555555556,0.111111111,0.323380833,0.611111111,0.501631326,0.055555556,0.23570226,0.0,0.0,0.277777778,0.460888599,0.222222222,0.427792632,0.222222222,0.427792632
10_05_05.bmp,1.7777777777777777,0.444444444,0.511309993,0.777777778,0.427792632,0.055555556,0.23570226,0.0,0.0,0.277777778,0.460888599,0.222222222,0.427792632,0.055555556,0.23570226
01184.jpg,3.8333333333333335,0.277777778,0.460888599,0.055555556,0.23570226,0.055555556,0.23570226,0.388888889,0.501631326,0.277777778,0.460888599,0.0,0.0,0.0,0.0
04_24_02.bmp,2.2222222222222223,0.111111111,0.323380833,0.777777778,0.427792632,0.055555556,0.23570226,0.055555556,0.23570226,0.222222222,0.427792632,0.0,0.0,0.055555556,0.23570226
18_25_05.bmp,1.7777777777777777,0.111111111,0.323380833,0.055555556,0.23570226,0.111111111,0.323380833,0.055555556,0.23570226,0.0,0.0,0.0,0.0,0.888888889,0.323380833
13_08_01.bmp,3.5,0.111111111,0.323380833,0.444444444,0.511309993,0.111111111,0.323380833,0.0,0.0,0.111111111,0.323380833,0.0,0.0,0.055555556,0.23570226
23_23_03.bmp,2.555555555555556,0.055555556,0.23570226,0.277777778,0.460888599,0.0,0.0,0.722222222,0.460888599,0.111111111,0.323380833,0.055555556,0.23570226,0.111111111,0.323380833
37_09_02.bmp,3.0,0.777777778,0.427792632,0.388888889,0.501631326,0.0,0.0,0.055555556,0.23570226,0.055555556,0.23570226,0.055555556,0.23570226,0.0,0.0
01406.jpg,3.9444444444444446,0.111111111,0.323380833,0.444444444,0.511309993,0.111111111,0.323380833,0.0,0.0,0.0,0.0,0.055555556,0.23570226,0.0,0.0
27_25_05.bmp,1.7777777777777777,0.055555556,0.23570226,0.333333333,0.48507125,0.0,0.0,0.0,0.0,0.388888889,0.501631326,0.0,0.0,0.944444444,0.23570226
29_16_05.bmp,1.6111111111111112,0.222222222,0.427792632,0.888888889,0.323380833,0.0,0.0,0.0,0.0,0.111111111,0.323380833,0.0,0.0,0.055555556,0.23570226
01224.jpg,3.611111111111111,0.166666667,0.383482494,0.222222222,0.427792632,0.055555556,0.23570226,0.388888889,0.501631326,0.166666667,0.383482494,0.055555556,0.23570226,0.055555556,0.23570226
01243.jpg,3.8333333333333335,0.333333333,0.48507125,0.333333333,0.48507125,0.0,0.0,0.055555556,0.23570226,0.055555556,0.23570226,0.055555556,0.23570226,0.055555556,0.23570226
0018.jpg,3.111111111111111,0.0,0.0,0.333333333,0.48507125,0.666666667,0.48507125,0.0,0.0,0.055555556,0.23570226,0.0,0.0,0.0,0.0
28_06_04.bmp,2.1666666666666665,0.277777778,0.460888599,0.555555556,0.511309993,0.222222222,0.427792632,0.111111111,0.323380833,0.111111111,0.323380833,0.166666667,0.383482494,0.055555556,0.23570226
02_06_05.bmp,1.2777777777777777,0.5,0.514495755,0.444444444,0.511309993,0.277777778,0.460888599,0.111111111,0.323380833,0.5,0.514495755,0.222222222,0.427792632,0.0,0.0
03_04_04.bmp,3.1666666666666665,0.277777778,0.460888599,0.222222222,0.427792632,0.111111111,0.323380833,0.0,0.0,0.166666667,0.383482494,0.222222222,0.427792632,0.055555556,0.23570226
0772.jpg,3.6666666666666665,0.111111111,0.323380833,0.333333333,0.48507125,0.055555556,0.23570226,0.0,0.0,0.055555556,0.23570226,0.055555556,0.23570226,0.055555556,0.23570226
1040.jpg,3.111111111111111,0.055555556,0.23570226,0.555555556,0.511309993,0.0,0.0,0.5,0.514495755,0.166666667,0.383482494,0.0,0.0,0.055555556,0.23570226
01261.jpg,3.611111111111111,0.166666667,0.383482494,0.611111111,0.501631326,0.0,0.0,0.111111111,0.323380833,0.277777778,0.460888599,0.0,0.0,0.055555556,0.23570226
08_05_03.bmp,3.111111111111111,0.333333333,0.48507125,0.611111111,0.501631326,0.055555556,0.23570226,0.0,0.0,0.166666667,0.383482494,0.111111111,0.323380833,0.0,0.0
31_22_04.bmp,1.7222222222222223,0.111111111,0.323380833,0.888888889,0.323380833,0.0,0.0,0.055555556,0.23570226,0.166666667,0.383482494,0.055555556,0.23570226,0.0,0.0
11_24_05.bmp,1.5,0.0,0.0,0.944444444,0.23570226,0.0,0.0,0.055555556,0.23570226,0.277777778,0.460888599,0.0,0.0,0.055555556,0.23570226
29_17_03.bmp,2.555555555555556,0.111111111,0.323380833,0.5,0.514495755,0.0,0.0,0.0,0.0,0.222222222,0.427792632,0.222222222,0.427792632,0.222222222,0.427792632
35_19_03.bmp,2.1666666666666665,0.277777778,0.460888599,0.5,0.514495755,0.333333333,0.48507125,0.055555556,0.23570226,0.0,0.0,0.0,0.0,0.055555556,0.23570226
0523.jpg,2.888888888888889,0.111111111,0.323380833,0.5,0.514495755,0.055555556,0.23570226,0.388888889,0.501631326,0.444444444,0.511309993,0.0,0.0,0.111111111,0.323380833
15_02_05.bmp,1.7222222222222223,0.055555556,0.23570226,0.944444444,0.23570226,0.055555556,0.23570226,0.0,0.0,0.111111111,0.323380833,0.0,0.0,0.0,0.0
03_07_01.bmp,3.7222222222222223,0.166666667,0.383482494,0.277777778,0.460888599,0.055555556,0.23570226,0.0,0.0,0.166666667,0.383482494,0.0,0.0,0.111111111,0.323380833
02_03_02.bmp,3.0,0.0,0.0,0.555555556,0.511309993,0.055555556,0.23570226,0.0,0.0,0.611111111,0.501631326,0.0,0.0,0.055555556,0.23570226
0407.jpg,2.388888888888889,0.111111111,0.323380833,0.555555556,0.511309993,0.0,0.0,0.111111111,0.323380833,0.0,0.0,0.0,0.0,0.611111111,0.501631326
0036.jpg,2.611111111111111,0.055555556,0.23570226,0.5,0.514495755,0.833333333,0.383482494,0.0,0.0,0.055555556,0.23570226,0.0,0.0,0.0,0.0
17_14_01.bmp,3.2777777777777777,0.055555556,0.23570226,0.444444444,0.511309993,0.055555556,0.23570226,0.166666667,0.383482494,0.166666667,0.383482494,0.166666667,0.383482494,0.055555556,0.23570226
1060.jpg,3.7222222222222223,0.055555556,0.23570226,0.333333333,0.48507125,0.055555556,0.23570226,0.277777778,0.460888599,0.055555556,0.23570226,0.0,0.0,0.055555556,0.23570226
01_20_01.bmp,2.888888888888889,0.055555556,0.23570226,0.777777778,0.427792632,0.111111111,0.323380833,0.055555556,0.23570226,0.055555556,0.23570226,0.0,0.0,0.055555556,0.23570226
0495.jpg,3.055555555555556,0.055555556,0.23570226,0.444444444,0.511309993,0.055555556,0.23570226,0.0,0.0,0.722222222,0.460888599,0.0,0.0,0.0,0.0
10_16_02.bmp,3.0,0.055555556,0.23570226,0.444444444,0.511309993,0.222222222,0.427792632,0.0,0.0,0.333333333,0.48507125,0.222222222,0.427792632,0.055555556,0.23570226
07_04_01.bmp,3.555555555555556,0.055555556,0.23570226,0.388888889,0.501631326,0.166666667,0.383482494,0.0,0.0,0.166666667,0.383482494,0.055555556,0.23570226,0.055555556,0.23570226
05_23_01.bmp,3.0,0.055555556,0.23570226,0.277777778,0.460888599,0.0,0.0,0.888888889,0.323380833,0.0,0.0,0.055555556,0.23570226,0.111111111,0.323380833
24_24_02.bmp,2.6666666666666665,0.111111111,0.323380833,0.888888889,0.323380833,0.0,0.0,0.0,0.0,0.0,0.0,0.0,0.0,0.055555556,0.23570226
01_15_04.bmp,3.0,0.166666667,0.383482494,0.666666667,0.48507125,0.166666667,0.383482494,0.055555556,0.23570226,0.055555556,0.23570226,0.0,0.0,0.055555556,0.23570226
30_09_05.bmp,2.388888888888889,0.833333333,0.383482494,0.222222222,0.427792632,0.0,0.0,0.0,0.0,0.222222222,0.427792632,0.055555556,0.23570226,0.055555556,0.23570226
32_10_01.bmp,2.833333333333333,0.388888889,0.501631326,0.444444444,0.511309993,0.166666667,0.383482494,0.111111111,0.323380833,0.333333333,0.48507125,0.055555556,0.23570226,0.0,0.0
19_03_04.bmp,2.1666666666666665,0.055555556,0.23570226,0.777777778,0.427792632,0.0,0.0,0.055555556,0.23570226,0.055555556,0.23570226,0.111111111,0.323380833,0.0,0.0
29_12_01.bmp,3.2777777777777777,0.222222222,0.427792632,0.5,0.514495755,0.0,0.0,0.055555556,0.23570226,0.111111111,0.323380833,0.111111111,0.323380833,0.055555556,0.23570226
31_20_03.bmp,2.2777777777777777,0.444444444,0.511309993,0.555555556,0.511309993,0.166666667,0.383482494,0.277777778,0.460888599,0.111111111,0.323380833,0.0,0.0,0.111111111,0.323380833
21_18_04.bmp,1.7777777777777777,0.055555556,0.23570226,0.722222222,0.460888599,0.0,0.0,0.0,0.0,0.055555556,0.23570226,0.111111111,0.323380833,0.055555556,0.23570226
28_21_03.bmp,2.7777777777777777,0.055555556,0.23570226,0.111111111,0.323380833,0.555555556,0.511309993,0.0,0.0,0.166666667,0.383482494,0.0,0.0,0.055555556,0.23570226
18_24_01.bmp,2.7222222222222223,0.222222222,0.427792632,0.777777778,0.427792632,0.222222222,0.427792632,0.0,0.0,0.0,0.0,0.0,0.0,0.111111111,0.323380833
22_11_03.bmp,2.555555555555556,0.833333333,0.383482494,0.388888889,0.501631326,0.0,0.0,0.0,0.0,0.111111111,0.323380833,0.111111111,0.323380833,0.0,0.0
26_13_03.bmp,3.7222222222222223,0.111111111,0.323380833,0.111111111,0.323380833,0.111111111,0.323380833,0.0,0.0,0.055555556,0.23570226,0.055555556,0.23570226,0.055555556,0.23570226
1028.jpg,3.111111111111111,0.055555556,0.23570226,0.555555556,0.511309993,0.111111111,0.323380833,0.444444444,0.511309993,0.111111111,0.323380833,0.0,0.0,0.055555556,0.23570226
09_09_05.bmp,2.055555555555556,0.722222222,0.460888599,0.444444444,0.511309993,0.111111111,0.323380833,0.0,0.0,0.166666667,0.383482494,0.055555556,0.23570226,0.0,0.0
16_01_05.bmp,1.4444444444444444,0.0,0.0,0.888888889,0.323380833,0.0,0.0,0.0,0.0,0.277777778,0.460888599,0.5,0.514495755,0.055555556,0.23570226
17_16_04.bmp,2.333333333333333,0.277777778,0.460888599,0.777777778,0.427792632,0.055555556,0.23570226,0.0,0.0,0.222222222,0.427792632,0.0,0.0,0.0,0.0
15_21_02.bmp,2.555555555555556,0.055555556,0.23570226,0.166666667,0.383482494,0.722222222,0.460888599,0.0,0.0,0.111111111,0.323380833,0.055555556,0.23570226,0.111111111,0.323380833
0733.jpg,3.055555555555556,0.055555556,0.23570226,0.277777778,0.460888599,0.055555556,0.23570226,0.0,0.0,0.333333333,0.48507125,0.333333333,0.48507125,0.055555556,0.23570226
31_14_03.bmp,2.7777777777777777,0.222222222,0.427792632,0.277777778,0.460888599,0.055555556,0.23570226,0.5,0.514495755,0.166666667,0.383482494,0.0,0.0,0.055555556,0.23570226
01_12_03.bmp,2.2777777777777777,0.777777778,0.427792632,0.444444444,0.511309993,0.111111111,0.323380833,0.055555556,0.23570226,0.0,0.0,0.055555556,0.23570226,0.055555556,0.23570226
25_19_01.bmp,3.2222222222222223,0.166666667,0.383482494,0.611111111,0.501631326,0.055555556,0.23570226,0.0,0.0,0.111111111,0.323380833,0.0,0.0,0.111111111,0.323380833
17_22_02.bmp,2.388888888888889,0.222222222,0.427792632,0.666666667,0.48507125,0.111111111,0.323380833,0.055555556,0.23570226,0.222222222,0.427792632,0.0,0.0,0.0,0.0
12_18_04.bmp,2.388888888888889,0.166666667,0.383482494,0.722222222,0.460888599,0.111111111,0.323380833,0.0,0.0,0.055555556,0.23570226,0.055555556,0.23570226,0.055555556,0.23570226
20_03_01.bmp,3.333333333333333,0.055555556,0.23570226,0.388888889,0.501631326,0.111111111,0.323380833,0.0,0.0,0.333333333,0.48507125,0.111111111,0.323380833,0.0,0.0
12_18_01.bmp,2.7777777777777777,0.055555556,0.23570226,0.611111111,0.501631326,0.055555556,0.23570226,0.055555556,0.23570226,0.222222222,0.427792632,0.055555556,0.23570226,0.0,0.0
02_18_04.bmp,2.4444444444444446,0.166666667,0.383482494,0.666666667,0.48507125,0.055555556,0.23570226,0.055555556,0.23570226,0.611111111,0.501631326,0.055555556,0.23570226,0.0,0.0
20_03_03.bmp,2.5,0.0,0.0,0.833333333,0.383482494,0.111111111,0.323380833,0.0,0.0,0.111111111,0.323380833,0.111111111,0.323380833,0.0,0.0
0681.jpg,3.6666666666666665,0.055555556,0.23570226,0.333333333,0.48507125,0.0,0.0,0.111111111,0.323380833,0.111111111,0.323380833,0.0,0.0,0.055555556,0.23570226
05_12_02.bmp,2.7222222222222223,0.722222222,0.460888599,0.444444444,0.511309993,0.055555556,0.23570226,0.055555556,0.23570226,0.055555556,0.23570226,0.055555556,0.23570226,0.055555556,0.23570226
1075.jpg,3.2777777777777777,0.111111111,0.323380833,0.444444444,0.511309993,0.055555556,0.23570226,0.388888889,0.501631326,0.055555556,0.23570226,0.111111111,0.323380833,0.055555556,0.23570226
11_21_02.bmp,2.5,0.166666667,0.383482494,0.277777778,0.460888599,0.555555556,0.511309993,0.111111111,0.323380833,0.277777778,0.460888599,0.111111111,0.323380833,0.0,0.0
36_22_03.bmp,2.111111111111111,0.111111111,0.323380833,0.777777778,0.427792632,0.166666667,0.383482494,0.0,0.0,0.0,0.0,0.0,0.0,0.055555556,0.23570226
27_25_01.bmp,3.0,0.0,0.0,0.222222222,0.427792632,0.055555556,0.23570226,0.055555556,0.23570226,0.333333333,0.48507125,0.055555556,0.23570226,0.777777778,0.427792632
07_09_01.bmp,2.888888888888889,0.666666667,0.48507125,0.388888889,0.501631326,0.111111111,0.323380833,0.0,0.0,0.111111111,0.323380833,0.0,0.0,0.055555556,0.23570226
16_24_02.bmp,2.611111111111111,0.0,0.0,0.722222222,0.460888599,0.111111111,0.323380833,0.0,0.0,0.333333333,0.48507125,0.222222222,0.427792632,0.0,0.0
10_24_03.bmp,2.2777777777777777,0.0,0.0,0.888888889,0.323380833,0.055555556,0.23570226,0.111111111,0.323380833,0.222222222,0.427792632,0.166666667,0.383482494,0.0,0.0
16_23_01.bmp,3.0,0.055555556,0.23570226,0.166666667,0.383482494,0.055555556,0.23570226,0.722222222,0.460888599,0.277777778,0.460888599,0.277777778,0.460888599,0.0,0.0
11_11_03.bmp,2.6666666666666665,0.777777778,0.427792632,0.277777778,0.460888599,0.0,0.0,0.055555556,0.23570226,0.333333333,0.48507125,0.055555556,0.23570226,0.111111111,0.323380833
34_06_01.bmp,2.9444444444444446,0.277777778,0.460888599,0.444444444,0.511309993,0.222222222,0.427792632,0.0,0.0,0.055555556,0.23570226,0.166666667,0.383482494,0.111111111,0.323380833
31_09_03.bmp,2.833333333333333,0.722222222,0.460888599,0.277777778,0.460888599,0.055555556,0.23570226,0.0,0.0,0.166666667,0.383482494,0.0,0.0,0.055555556,0.23570226
08_16_02.bmp,3.5,0.166666667,0.383482494,0.222222222,0.427792632,0.222222222,0.427792632,0.0,0.0,0.055555556,0.23570226,0.0,0.0,0.0,0.0
18_04_04.bmp,2.5,0.333333333,0.48507125,0.333333333,0.48507125,0.222222222,0.427792632,0.055555556,0.23570226,0.055555556,0.23570226,0.166666667,0.383482494,0.111111111,0.323380833
23_14_01.bmp,3.2777777777777777,0.0,0.0,0.5,0.514495755,0.055555556,0.23570226,0.166666667,0.383482494,0.222222222,0.427792632,0.055555556,0.23570226,0.0,0.0
22_20_05.bmp,1.5,0.333333333,0.48507125,0.333333333,0.48507125,0.222222222,0.427792632,0.388888889,0.501631326,0.111111111,0.323380833,0.166666667,0.383482494,0.055555556,0.23570226
0212.jpg,2.4444444444444446,0.111111111,0.323380833,0.5,0.514495755,0.055555556,0.23570226,0.833333333,0.383482494,0.055555556,0.23570226,0.055555556,0.23570226,0.0,0.0
35_08_01.bmp,2.9444444444444446,0.111111111,0.323380833,0.611111111,0.501631326,0.055555556,0.23570226,0.055555556,0.23570226,0.0,0.0,0.055555556,0.23570226,0.055555556,0.23570226
01273.jpg,2.333333333333333,0.277777778,0.460888599,0.722222222,0.460888599,0.0,0.0,0.055555556,0.23570226,0.444444444,0.511309993,0.777777778,0.427792632,0.111111111,0.323380833
15_07_03.bmp,2.4444444444444446,0.277777778,0.460888599,0.666666667,0.48507125,0.0,0.0,0.0,0.0,0.277777778,0.460888599,0.0,0.0,0.055555556,0.23570226
05_05_02.bmp,2.6666666666666665,0.277777778,0.460888599,0.5,0.514495755,0.166666667,0.383482494,0.055555556,0.23570226,0.0,0.0,0.055555556,0.23570226,0.055555556,0.23570226
01367.jpg,3.0,0.0,0.0,0.777777778,0.427792632,0.055555556,0.23570226,0.0,0.0,0.055555556,0.23570226,0.111111111,0.323380833,0.111111111,0.323380833
06_11_04.bmp,2.4444444444444446,0.722222222,0.460888599,0.222222222,0.427792632,0.055555556,0.23570226,0.055555556,0.23570226,0.055555556,0.23570226,0.111111111,0.323380833,0.0,0.0
0793.jpg,3.611111111111111,0.0,0.0,0.666666667,0.48507125,0.0,0.0,0.111111111,0.323380833,0.222222222,0.427792632,0.055555556,0.23570226,0.0,0.0
13_15_03.bmp,3.611111111111111,0.111111111,0.323380833,0.166666667,0.383482494,0.277777778,0.460888599,0.0,0.0,0.166666667,0.383482494,0.055555556,0.23570226,0.055555556,0.23570226
22_09_02.bmp,2.888888888888889,0.722222222,0.460888599,0.388888889,0.501631326,0.0,0.0,0.0,0.0,0.222222222,0.427792632,0.111111111,0.323380833,0.055555556,0.23570226
14_04_02.bmp,2.7222222222222223,0.333333333,0.48507125,0.388888889,0.501631326,0.277777778,0.460888599,0.055555556,0.23570226,0.0,0.0,0.222222222,0.427792632,0.111111111,0.323380833
15_20_05.bmp,1.8333333333333333,0.5,0.514495755,0.111111111,0.323380833,0.222222222,0.427792632,0.444444444,0.511309993,0.166666667,0.383482494,0.0,0.0,0.055555556,0.23570226
37_02_05.bmp,1.5555555555555556,0.055555556,0.23570226,0.944444444,0.23570226,0.055555556,0.23570226,0.0,0.0,0.055555556,0.23570226,0.0,0.0,0.0,0.0
0226.jpg,2.0,0.111111111,0.323380833,0.5,0.514495755,0.055555556,0.23570226,0.888888889,0.323380833,0.055555556,0.23570226,0.0,0.0,0.055555556,0.23570226
34_25_01.bmp,3.0,0.055555556,0.23570226,0.055555556,0.23570226,0.111111111,0.323380833,0.055555556,0.23570226,0.055555556,0.23570226,0.0,0.0,0.944444444,0.23570226
30_14_02.bmp,3.0,0.111111111,0.323380833,0.388888889,0.501631326,0.0,0.0,0.444444444,0.511309993,0.222222222,0.427792632,0.0,0.0,0.0,0.0
01_19_05.bmp,2.555555555555556,0.111111111,0.323380833,0.666666667,0.48507125,0.166666667,0.383482494,0.055555556,0.23570226,0.055555556,0.23570226,0.0,0.0,0.0,0.0
0685.jpg,3.2222222222222223,0.055555556,0.23570226,0.277777778,0.460888599,0.0,0.0,0.111111111,0.323380833,0.277777778,0.460888599,0.166666667,0.383482494,0.055555556,0.23570226
07_16_03.bmp,3.2222222222222223,0.333333333,0.48507125,0.5,0.514495755,0.0,0.0,0.055555556,0.23570226,0.055555556,0.23570226,0.0,0.0,0.0,0.0
02_25_02.bmp,2.7222222222222223,0.111111111,0.323380833,0.055555556,0.23570226,0.0,0.0,0.0,0.0,0.277777778,0.460888599,0.055555556,0.23570226,0.888888889,0.323380833
37_12_02.bmp,3.333333333333333,0.611111111,0.501631326,0.444444444,0.511309993,0.0,0.0,0.0,0.0,0.111111111,0.323380833,0.055555556,0.23570226,0.055555556,0.23570226
15_15_03.bmp,3.2777777777777777,0.166666667,0.383482494,0.166666667,0.383482494,0.166666667,0.383482494,0.055555556,0.23570226,0.333333333,0.48507125,0.0,0.0,0.111111111,0.323380833
02_04_02.bmp,3.555555555555556,0.166666667,0.383482494,0.388888889,0.501631326,0.055555556,0.23570226,0.0,0.0,0.555555556,0.511309993,0.111111111,0.323380833,0.0,0.0
13_22_04.bmp,1.9444444444444444,0.222222222,0.427792632,0.777777778,0.427792632,0.111111111,0.323380833,0.0,0.0,0.055555556,0.23570226,0.055555556,0.23570226,0.0,0.0
31_04_03.bmp,2.888888888888889,0.277777778,0.460888599,0.277777778,0.460888599,0.166666667,0.383482494,0.055555556,0.23570226,0.166666667,0.383482494,0.166666667,0.383482494,0.111111111,0.323380833
0597.jpg,3.7777777777777777,0.111111111,0.323380833,0.166666667,0.383482494,0.0,0.0,0.111111111,0.323380833,0.333333333,0.48507125,0.111111111,0.323380833,0.111111111,0.323380833
01185.jpg,3.8333333333333335,0.166666667,0.383482494,0.388888889,0.501631326,0.0,0.0,0.166666667,0.383482494,0.111111111,0.323380833,0.111111111,0.323380833,0.055555556,0.23570226
12_13_03.bmp,3.0,0.111111111,0.323380833,0.166666667,0.383482494,0.555555556,0.511309993,0.0,0.0,0.111111111,0.323380833,0.055555556,0.23570226,0.0,0.0
27_21_02.bmp,2.2222222222222223,0.222222222,0.427792632,0.166666667,0.383482494,0.388888889,0.501631326,0.222222222,0.427792632,0.277777778,0.460888599,0.111111111,0.323380833,0.0,0.0
12_08_01.bmp,3.4444444444444446,0.222222222,0.427792632,0.388888889,0.501631326,0.055555556,0.23570226,0.0,0.0,0.166666667,0.383482494,0.0,0.0,0.055555556,0.23570226
13_04_01.bmp,3.888888888888889,0.055555556,0.23570226,0.277777778,0.460888599,0.055555556,0.23570226,0.055555556,0.23570226,0.166666667,0.383482494,0.055555556,0.23570226,0.055555556,0.23570226
17_25_01.bmp,3.2777777777777777,0.055555556,0.23570226,0.055555556,0.23570226,0.055555556,0.23570226,0.055555556,0.23570226,0.166666667,0.383482494,0.055555556,0.23570226,0.777777778,0.427792632
08_01_02.bmp,4.166666666666667,0.111111111,0.323380833,0.111111111,0.323380833,0.055555556,0.23570226,0.166666667,0.383482494,0.166666667,0.383482494,0.0,0.0,0.0,0.0
05_15_02.bmp,2.1666666666666665,0.111111111,0.323380833,0.277777778,0.460888599,0.833333333,0.383482494,0.055555556,0.23570226,0.0,0.0,0.055555556,0.23570226,0.055555556,0.23570226
36_12_03.bmp,2.7222222222222223,0.777777778,0.427792632,0.5,0.514495755,0.111111111,0.323380833,0.055555556,0.23570226,0.0,0.0,0.0,0.0,0.055555556,0.23570226
28_21_01.bmp,2.833333333333333,0.055555556,0.23570226,0.222222222,0.427792632,0.611111111,0.501631326,0.055555556,0.23570226,0.166666667,0.383482494,0.0,0.0,0.0,0.0
26_11_03.bmp,2.888888888888889,0.777777778,0.427792632,0.111111111,0.323380833,0.111111111,0.323380833,0.0,0.0,0.111111111,0.323380833,0.055555556,0.23570226,0.055555556,0.23570226
04_09_04.bmp,2.4444444444444446,0.833333333,0.383482494,0.388888889,0.501631326,0.111111111,0.323380833,0.055555556,0.23570226,0.222222222,0.427792632,0.0,0.0,0.055555556,0.23570226
18_05_01.bmp,3.2222222222222223,0.222222222,0.427792632,0.555555556,0.511309993,0.055555556,0.23570226,0.0,0.0,0.0,0.0,0.055555556,0.23570226,0.055555556,0.23570226
1110.jpg,1.7777777777777777,0.055555556,0.23570226,0.888888889,0.323380833,0.055555556,0.23570226,0.0,0.0,0.444444444,0.511309993,0.0,0.0,0.0,0.0
11_01_03.bmp,2.5,0.0,0.0,0.611111111,0.501631326,0.0,0.0,0.111111111,0.323380833,0.333333333,0.48507125,0.222222222,0.427792632,0.055555556,0.23570226
21_19_02.bmp,3.1666666666666665,0.166666667,0.383482494,0.388888889,0.501631326,0.444444444,0.511309993,0.055555556,0.23570226,0.0,0.0,0.055555556,0.23570226,0.0,0.0
09_13_03.bmp,3.1666666666666665,0.055555556,0.23570226,0.333333333,0.48507125,0.555555556,0.511309993,0.0,0.0,0.111111111,0.323380833,0.0,0.0,0.0,0.0
27_05_05.bmp,1.6666666666666667,0.277777778,0.460888599,0.666666667,0.48507125,0.055555556,0.23570226,0.055555556,0.23570226,0.444444444,0.511309993,0.055555556,0.23570226,0.055555556,0.23570226
16_09_02.bmp,2.6666666666666665,0.833333333,0.383482494,0.166666667,0.383482494,0.055555556,0.23570226,0.0,0.0,0.333333333,0.48507125,0.222222222,0.427792632,0.055555556,0.23570226
09_02_02.bmp,2.6666666666666665,0.111111111,0.323380833,0.888888889,0.323380833,0.111111111,0.323380833,0.055555556,0.23570226,0.111111111,0.323380833,0.0,0.0,0.0,0.0
34_19_01.bmp,3.1666666666666665,0.055555556,0.23570226,0.444444444,0.511309993,0.166666667,0.383482494,0.0,0.0,0.0,0.0,0.055555556,0.23570226,0.055555556,0.23570226
1010.jpg,3.6666666666666665,0.055555556,0.23570226,0.166666667,0.383482494,0.0,0.0,0.611111111,0.501631326,0.277777778,0.460888599,0.0,0.0,0.0,0.0
0518.jpg,2.833333333333333,0.166666667,0.383482494,0.444444444,0.511309993,0.0,0.0,0.5,0.514495755,0.444444444,0.511309993,0.0,0.0,0.0,0.0
01430.jpg,3.9444444444444446,0.111111111,0.323380833,0.444444444,0.511309993,0.111111111,0.323380833,0.055555556,0.23570226,0.055555556,0.23570226,0.0,0.0,0.166666667,0.383482494
24_11_05.bmp,2.0,0.833333333,0.383482494,0.388888889,0.501631326,0.055555556,0.23570226,0.0,0.0,0.111111111,0.323380833,0.055555556,0.23570226,0.0,0.0
1118.jpg,2.833333333333333,0.055555556,0.23570226,0.444444444,0.511309993,0.0,0.0,0.055555556,0.23570226,0.722222222,0.460888599,0.0,0.0,0.0,0.0
30_21_02.bmp,2.6666666666666665,0.055555556,0.23570226,0.166666667,0.383482494,0.666666667,0.48507125,0.0,0.0,0.166666667,0.383482494,0.111111111,0.323380833,0.0,0.0
30_11_05.bmp,2.388888888888889,0.777777778,0.427792632,0.111111111,0.323380833,0.0,0.0,0.055555556,0.23570226,0.388888889,0.501631326,0.055555556,0.23570226,0.0,0.0
07_10_01.bmp,3.0,0.5,0.514495755,0.333333333,0.48507125,0.055555556,0.23570226,0.0,0.0,0.055555556,0.23570226,0.055555556,0.23570226,0.111111111,0.323380833
30_13_01.bmp,3.555555555555556,0.111111111,0.323380833,0.444444444,0.511309993,0.111111111,0.323380833,0.0,0.0,0.222222222,0.427792632,0.0,0.0,0.055555556,0.23570226
21_02_02.bmp,2.833333333333333,0.0,0.0,0.833333333,0.383482494,0.111111111,0.323380833,0.0,0.0,0.0,0.0,0.0,0.0,0.055555556,0.23570226
21_14_02.bmp,3.2222222222222223,0.055555556,0.23570226,0.222222222,0.427792632,0.055555556,0.23570226,0.333333333,0.48507125,0.0,0.0,0.055555556,0.23570226,0.0,0.0
0375.jpg,2.2222222222222223,0.055555556,0.23570226,0.888888889,0.323380833,0.055555556,0.23570226,0.111111111,0.323380833,0.055555556,0.23570226,0.0,0.0,0.0,0.0
16_01_01.bmp,3.2222222222222223,0.055555556,0.23570226,0.055555556,0.23570226,0.0,0.0,0.055555556,0.23570226,0.444444444,0.511309993,0.666666667,0.48507125,0.055555556,0.23570226
07_18_05.bmp,1.7777777777777777,0.111111111,0.323380833,0.666666667,0.48507125,0.111111111,0.323380833,0.055555556,0.23570226,0.222222222,0.427792632,0.055555556,0.23570226,0.111111111,0.323380833
02_16_01.bmp,3.2222222222222223,0.0,0.0,0.222222222,0.427792632,0.222222222,0.427792632,0.111111111,0.323380833,0.5,0.514495755,0.111111111,0.323380833,0.055555556,0.23570226
03_22_05.bmp,2.1666666666666665,0.388888889,0.501631326,0.777777778,0.427792632,0.055555556,0.23570226,0.0,0.0,0.055555556,0.23570226,0.0,0.0,0.055555556,0.23570226
17_10_04.bmp,2.5,0.777777778,0.427792632,0.222222222,0.427792632,0.055555556,0.23570226,0.055555556,0.23570226,0.222222222,0.427792632,0.111111111,0.323380833,0.0,0.0
14_06_05.bmp,1.3333333333333333,0.333333333,0.48507125,0.388888889,0.501631326,0.277777778,0.460888599,0.055555556,0.23570226,0.055555556,0.23570226,0.055555556,0.23570226,0.055555556,0.23570226
0369.jpg,2.2222222222222223,0.055555556,0.23570226,0.833333333,0.383482494,0.0,0.0,0.166666667,0.383482494,0.111111111,0.323380833,0.0,0.0,0.0,0.0
36_03_01.bmp,3.333333333333333,0.111111111,0.323380833,0.5,0.514495755,0.055555556,0.23570226,0.055555556,0.23570226,0.0,0.0,0.0,0.0,0.111111111,0.323380833
0005.jpg,2.4444444444444446,0.055555556,0.23570226,0.5,0.514495755,0.944444444,0.23570226,0.0,0.0,0.222222222,0.427792632,0.0,0.0,0.055555556,0.23570226
35_15_01.bmp,1.7222222222222223,0.055555556,0.23570226,0.166666667,0.383482494,0.888888889,0.323380833,0.055555556,0.23570226,0.0,0.0,0.0,0.0,0.0,0.0
01493.jpg,3.7777777777777777,0.055555556,0.23570226,0.611111111,0.501631326,0.055555556,0.23570226,0.055555556,0.23570226,0.0,0.0,0.0,0.0,0.055555556,0.23570226
19_18_03.bmp,2.611111111111111,0.111111111,0.323380833,0.666666667,0.48507125,0.055555556,0.23570226,0.0,0.0,0.166666667,0.383482494,0.111111111,0.323380833,0.055555556,0.23570226
21_04_04.bmp,2.5,0.277777778,0.460888599,0.444444444,0.511309993,0.166666667,0.383482494,0.0,0.0,0.111111111,0.323380833,0.055555556,0.23570226,0.0,0.0
03_15_02.bmp,3.611111111111111,0.111111111,0.323380833,0.111111111,0.323380833,0.666666667,0.48507125,0.0,0.0,0.111111111,0.323380833,0.0,0.0,0.055555556,0.23570226
35_08_04.bmp,1.8333333333333333,0.111111111,0.323380833,0.888888889,0.323380833,0.055555556,0.23570226,0.0,0.0,0.055555556,0.23570226,0.055555556,0.23570226,0.055555556,0.23570226
09_10_03.bmp,2.6666666666666665,0.611111111,0.501631326,0.5,0.514495755,0.055555556,0.23570226,0.055555556,0.23570226,0.166666667,0.383482494,0.055555556,0.23570226,0.0,0.0
28_25_04.bmp,2.055555555555556,0.111111111,0.323380833,0.222222222,0.427792632,0.055555556,0.23570226,0.055555556,0.23570226,0.166666667,0.383482494,0.055555556,0.23570226,0.777777778,0.427792632
01_03_03.bmp,2.5,0.111111111,0.323380833,0.777777778,0.427792632,0.111111111,0.323380833,0.055555556,0.23570226,0.0,0.0,0.0,0.0,0.0,0.0
16_19_04.bmp,2.2222222222222223,0.277777778,0.460888599,0.222222222,0.427792632,0.555555556,0.511309993,0.111111111,0.323380833,0.277777778,0.460888599,0.333333333,0.48507125,0.0,0.0
03_21_05.bmp,1.5555555555555556,0.277777778,0.460888599,0.111111111,0.323380833,0.333333333,0.48507125,0.722222222,0.460888599,0.111111111,0.323380833,0.0,0.0,0.0,0.0
01_12_01.bmp,2.888888888888889,0.166666667,0.383482494,0.555555556,0.511309993,0.111111111,0.323380833,0.0,0.0,0.0,0.0,0.055555556,0.23570226,0.055555556,0.23570226
33_19_04.bmp,2.388888888888889,0.166666667,0.383482494,0.388888889,0.501631326,0.666666667,0.48507125,0.0,0.0,0.444444444,0.511309993,0.0,0.0,0.0,0.0
15_01_02.bmp,3.388888888888889,0.166666667,0.383482494,0.444444444,0.511309993,0.0,0.0,0.0,0.0,0.333333333,0.48507125,0.0,0.0,0.055555556,0.23570226
09_11_01.bmp,3.2222222222222223,0.333333333,0.48507125,0.5,0.514495755,0.055555556,0.23570226,0.0,0.0,0.111111111,0.323380833,0.055555556,0.23570226,0.055555556,0.23570226
18_25_02.bmp,2.6666666666666665,0.111111111,0.323380833,0.111111111,0.323380833,0.055555556,0.23570226,0.0,0.0,0.0,0.0,0.111111111,0.323380833,0.944444444,0.23570226
15_14_02.bmp,3.1666666666666665,0.055555556,0.23570226,0.222222222,0.427792632,0.055555556,0.23570226,0.222222222,0.427792632,0.222222222,0.427792632,0.0,0.0,0.055555556,0.23570226
01346.jpg,3.611111111111111,0.055555556,0.23570226,0.722222222,0.460888599,0.055555556,0.23570226,0.0,0.0,0.0,0.0,0.0,0.0,0.055555556,0.23570226
0617.jpg,2.9444444444444446,0.111111111,0.323380833,0.5,0.514495755,0.0,0.0,0.166666667,0.383482494,0.222222222,0.427792632,0.055555556,0.23570226,0.055555556,0.23570226
27_11_04.bmp,2.6666666666666665,0.666666667,0.48507125,0.277777778,0.460888599,0.055555556,0.23570226,0.0,0.0,0.555555556,0.511309993,0.055555556,0.23570226,0.055555556,0.23570226
12_14_03.bmp,2.9444444444444446,0.111111111,0.323380833,0.166666667,0.383482494,0.111111111,0.323380833,0.5,0.514495755,0.111111111,0.323380833,0.111111111,0.323380833,0.055555556,0.23570226
36_08_01.bmp,3.333333333333333,0.111111111,0.323380833,0.555555556,0.511309993,0.111111111,0.323380833,0.0,0.0,0.0,0.0,0.0,0.0,0.055555556,0.23570226
04_12_05.bmp,2.055555555555556,0.722222222,0.460888599,0.5,0.514495755,0.111111111,0.323380833,0.0,0.0,0.222222222,0.427792632,0.055555556,0.23570226,0.0,0.0
31_14_01.bmp,3.1666666666666665,0.055555556,0.23570226,0.444444444,0.511309993,0.0,0.0,0.111111111,0.323380833,0.222222222,0.427792632,0.0,0.0,0.111111111,0.323380833
31_03_02.bmp,3.111111111111111,0.055555556,0.23570226,0.722222222,0.460888599,0.055555556,0.23570226,0.0,0.0,0.222222222,0.427792632,0.0,0.0,0.055555556,0.23570226
1055.jpg,3.611111111111111,0.111111111,0.323380833,0.444444444,0.511309993,0.0,0.0,0.388888889,0.501631326,0.055555556,0.23570226,0.055555556,0.23570226,0.055555556,0.23570226
0841.jpg,3.4444444444444446,0.111111111,0.323380833,0.444444444,0.511309993,0.055555556,0.23570226,0.055555556,0.23570226,0.166666667,0.383482494,0.055555556,0.23570226,0.0,0.0
10_03_04.bmp,1.9444444444444444,0.111111111,0.323380833,0.944444444,0.23570226,0.055555556,0.23570226,0.0,0.0,0.333333333,0.48507125,0.222222222,0.427792632,0.055555556,0.23570226
30_10_01.bmp,3.5,0.333333333,0.48507125,0.388888889,0.501631326,0.055555556,0.23570226,0.055555556,0.23570226,0.222222222,0.427792632,0.0,0.0,0.0,0.0
01201.jpg,2.611111111111111,0.222222222,0.427792632,0.888888889,0.323380833,0.055555556,0.23570226,0.055555556,0.23570226,0.666666667,0.48507125,0.0,0.0,0.0,0.0
20_05_02.bmp,3.055555555555556,0.166666667,0.383482494,0.555555556,0.511309993,0.055555556,0.23570226,0.055555556,0.23570226,0.166666667,0.383482494,0.111111111,0.323380833,0.0,0.0
36_03_02.bmp,3.0,0.111111111,0.323380833,0.777777778,0.427792632,0.111111111,0.323380833,0.0,0.0,0.0,0.0,0.0,0.0,0.055555556,0.23570226
13_21_03.bmp,3.5,0.055555556,0.23570226,0.166666667,0.383482494,0.5,0.514495755,0.055555556,0.23570226,0.055555556,0.23570226,0.111111111,0.323380833,0.055555556,0.23570226
01491.jpg,3.555555555555556,0.055555556,0.23570226,0.555555556,0.511309993,0.055555556,0.23570226,0.055555556,0.23570226,0.0,0.0,0.055555556,0.23570226,0.055555556,0.23570226
0051.jpg,3.111111111111111,0.055555556,0.23570226,0.277777778,0.460888599,0.777777778,0.427792632,0.055555556,0.23570226,0.166666667,0.383482494,0.055555556,0.23570226,0.0,0.0
27_21_05.bmp,1.7777777777777777,0.166666667,0.383482494,0.277777778,0.460888599,0.277777778,0.460888599,0.555555556,0.511309993,0.277777778,0.460888599,0.055555556,0.23570226,0.111111111,0.323380833
02_13_01.bmp,3.4444444444444446,0.111111111,0.323380833,0.388888889,0.501631326,0.055555556,0.23570226,0.0,0.0,0.444444444,0.511309993,0.055555556,0.23570226,0.0,0.0
0575.jpg,3.2777777777777777,0.055555556,0.23570226,0.222222222,0.427792632,0.0,0.0,0.111111111,0.323380833,0.555555556,0.511309993,0.055555556,0.23570226,0.055555556,0.23570226
04_07_04.bmp,1.7222222222222223,0.388888889,0.501631326,0.666666667,0.48507125,0.055555556,0.23570226,0.0,0.0,0.222222222,0.427792632,0.111111111,0.323380833,0.055555556,0.23570226
14_03_02.bmp,3.1666666666666665,0.055555556,0.23570226,0.722222222,0.460888599,0.111111111,0.323380833,0.0,0.0,0.055555556,0.23570226,0.055555556,0.23570226,0.055555556,0.23570226
12_23_05.bmp,2.388888888888889,0.111111111,0.323380833,0.0,0.0,0.055555556,0.23570226,0.722222222,0.460888599,0.055555556,0.23570226,0.111111111,0.323380833,0.222222222,0.427792632
31_12_05.bmp,2.055555555555556,0.777777778,0.427792632,0.222222222,0.427792632,0.111111111,0.323380833,0.0,0.0,0.166666667,0.383482494,0.0,0.0,0.055555556,0.23570226
13_23_01.bmp,3.333333333333333,0.055555556,0.23570226,0.055555556,0.23570226,0.0,0.0,0.777777778,0.427792632,0.166666667,0.383482494,0.055555556,0.23570226,0.166666667,0.383482494
09_06_03.bmp,2.2777777777777777,0.222222222,0.427792632,0.388888889,0.501631326,0.222222222,0.427792632,0.111111111,0.323380833,0.166666667,0.383482494,0.166666667,0.383482494,0.0,0.0
0174.jpg,2.7777777777777777,0.055555556,0.23570226,0.333333333,0.48507125,0.777777778,0.427792632,0.0,0.0,0.055555556,0.23570226,0.055555556,0.23570226,0.055555556,0.23570226
35_20_03.bmp,2.388888888888889,0.333333333,0.48507125,0.555555556,0.511309993,0.166666667,0.383482494,0.111111111,0.323380833,0.0,0.0,0.0,0.0,0.0,0.0
14_13_04.bmp,2.555555555555556,0.0,0.0,0.166666667,0.383482494,0.944444444,0.23570226,0.0,0.0,0.055555556,0.23570226,0.055555556,0.23570226,0.055555556,0.23570226
06_24_02.bmp,2.833333333333333,0.111111111,0.323380833,0.666666667,0.48507125,0.111111111,0.323380833,0.055555556,0.23570226,0.055555556,0.23570226,0.055555556,0.23570226,0.055555556,0.23570226
08_02_05.bmp,1.8333333333333333,0.0,0.0,1.0,0.0,0.0,0.0,0.0,0.0,0.111111111,0.323380833,0.0,0.0,0.0,0.0
01174.jpg,2.9444444444444446,0.166666667,0.383482494,0.555555556,0.511309993,0.055555556,0.23570226,0.055555556,0.23570226,0.055555556,0.23570226,0.055555556,0.23570226,0.666666667,0.48507125
0074.jpg,3.7777777777777777,0.0,0.0,0.166666667,0.383482494,0.555555556,0.511309993,0.0,0.0,0.166666667,0.383482494,0.0,0.0,0.055555556,0.23570226
01167.jpg,4.055555555555555,0.055555556,0.23570226,0.055555556,0.23570226,0.0,0.0,0.277777778,0.460888599,0.277777778,0.460888599,0.0,0.0,0.055555556,0.23570226
26_08_04.bmp,3.0,0.166666667,0.383482494,0.555555556,0.511309993,0.055555556,0.23570226,0.0,0.0,0.055555556,0.23570226,0.0,0.0,0.0,0.0
0779.jpg,3.2777777777777777,0.055555556,0.23570226,0.388888889,0.501631326,0.0,0.0,0.055555556,0.23570226,0.111111111,0.323380833,0.222222222,0.427792632,0.055555556,0.23570226
01253.jpg,3.555555555555556,0.444444444,0.511309993,0.277777778,0.460888599,0.0,0.0,0.166666667,0.383482494,0.111111111,0.323380833,0.055555556,0.23570226,0.055555556,0.23570226
11_23_05.bmp,2.0,0.055555556,0.23570226,0.222222222,0.427792632,0.0,0.0,0.777777778,0.427792632,0.222222222,0.427792632,0.055555556,0.23570226,0.166666667,0.383482494
36_07_04.bmp,1.8333333333333333,0.055555556,0.23570226,0.888888889,0.323380833,0.111111111,0.323380833,0.0,0.0,0.0,0.0,0.055555556,0.23570226,0.055555556,0.23570226
14_07_05.bmp,1.2222222222222223,0.277777778,0.460888599,0.833333333,0.383482494,0.111111111,0.323380833,0.0,0.0,0.0,0.0,0.111111111,0.323380833,0.0,0.0
0140.jpg,2.9444444444444446,0.111111111,0.323380833,0.333333333,0.48507125,0.611111111,0.501631326,0.0,0.0,0.055555556,0.23570226,0.111111111,0.323380833,0.111111111,0.323380833
01307.jpg,3.1666666666666665,0.222222222,0.427792632,0.444444444,0.511309993,0.0,0.0,0.0,0.0,0.388888889,0.501631326,0.444444444,0.511309993,0.055555556,0.23570226
16_14_05.bmp,1.4444444444444444,0.055555556,0.23570226,0.055555556,0.23570226,0.055555556,0.23570226,0.833333333,0.383482494,0.277777778,0.460888599,0.277777778,0.460888599,0.0,0.0
09_07_02.bmp,2.7222222222222223,0.277777778,0.460888599,0.722222222,0.460888599,0.111111111,0.323380833,0.0,0.0,0.111111111,0.323380833,0.055555556,0.23570226,0.055555556,0.23570226
22_01_05.bmp,1.2777777777777777,0.0,0.0,1.0,0.0,0.0,0.0,0.0,0.0,0.111111111,0.323380833,0.055555556,0.23570226,0.055555556,0.23570226
01_12_04.bmp,2.111111111111111,0.777777778,0.427792632,0.611111111,0.501631326,0.166666667,0.383482494,0.0,0.0,0.055555556,0.23570226,0.0,0.0,0.055555556,0.23570226
11_14_04.bmp,1.5555555555555556,0.111111111,0.323380833,0.166666667,0.383482494,0.111111111,0.323380833,0.833333333,0.383482494,0.222222222,0.427792632,0.111111111,0.323380833,0.0,0.0
1035.jpg,3.5,0.0,0.0,0.333333333,0.48507125,0.0,0.0,0.5,0.514495755,0.277777778,0.460888599,0.055555556,0.23570226,0.055555556,0.23570226
02_22_03.bmp,2.2222222222222223,0.5,0.514495755,0.722222222,0.460888599,0.0,0.0,0.055555556,0.23570226,0.277777778,0.460888599,0.055555556,0.23570226,0.0,0.0
35_03_03.bmp,2.0,0.166666667,0.383482494,0.833333333,0.383482494,0.0,0.0,0.0,0.0,0.0,0.0,0.0,0.0,0.111111111,0.323380833
33_09_01.bmp,3.1666666666666665,0.5,0.514495755,0.444444444,0.511309993,0.0,0.0,0.0,0.0,0.388888889,0.501631326,0.0,0.0,0.0,0.0
27_17_01.bmp,3.1666666666666665,0.166666667,0.383482494,0.555555556,0.511309993,0.0,0.0,0.111111111,0.323380833,0.333333333,0.48507125,0.055555556,0.23570226,0.222222222,0.427792632
11_16_03.bmp,2.5,0.277777778,0.460888599,0.555555556,0.511309993,0.166666667,0.383482494,0.055555556,0.23570226,0.222222222,0.427792632,0.111111111,0.323380833,0.055555556,0.23570226
29_03_03.bmp,2.888888888888889,0.111111111,0.323380833,0.611111111,0.501631326,0.0,0.0,0.055555556,0.23570226,0.055555556,0.23570226,0.111111111,0.323380833,0.111111111,0.323380833
02_11_03.bmp,2.611111111111111,0.833333333,0.383482494,0.388888889,0.501631326,0.111111111,0.323380833,0.0,0.0,0.611111111,0.501631326,0.0,0.0,0.055555556,0.23570226
29_25_04.bmp,2.111111111111111,0.055555556,0.23570226,0.111111111,0.323380833,0.055555556,0.23570226,0.0,0.0,0.111111111,0.323380833,0.055555556,0.23570226,0.888888889,0.323380833
19_21_05.bmp,1.5555555555555556,0.111111111,0.323380833,0.277777778,0.460888599,0.055555556,0.23570226,0.777777778,0.427792632,0.111111111,0.323380833,0.166666667,0.383482494,0.0,0.0
09_17_04.bmp,2.2777777777777777,0.111111111,0.323380833,0.5,0.514495755,0.055555556,0.23570226,0.055555556,0.23570226,0.277777778,0.460888599,0.111111111,0.323380833,0.166666667,0.383482494
28_05_04.bmp,2.1666666666666665,0.277777778,0.460888599,0.833333333,0.383482494,0.111111111,0.323380833,0.0,0.0,0.333333333,0.48507125,0.055555556,0.23570226,0.0,0.0
02_25_03.bmp,2.4444444444444446,0.166666667,0.383482494,0.111111111,0.323380833,0.055555556,0.23570226,0.0,0.0,0.222222222,0.427792632,0.055555556,0.23570226,0.888888889,0.323380833
0059.jpg,4.111111111111111,0.055555556,0.23570226,0.222222222,0.427792632,0.611111111,0.501631326,0.0,0.0,0.055555556,0.23570226,0.055555556,0.23570226,0.0,0.0
12_23_03.bmp,2.7222222222222223,0.055555556,0.23570226,0.0,0.0,0.0,0.0,0.777777778,0.427792632,0.055555556,0.23570226,0.111111111,0.323380833,0.055555556,0.23570226
0739.jpg,3.4444444444444446,0.055555556,0.23570226,0.388888889,0.501631326,0.055555556,0.23570226,0.0,0.0,0.222222222,0.427792632,0.111111111,0.323380833,0.055555556,0.23570226
17_20_02.bmp,2.4444444444444446,0.444444444,0.511309993,0.166666667,0.383482494,0.277777778,0.460888599,0.166666667,0.383482494,0.277777778,0.460888599,0.055555556,0.23570226,0.055555556,0.23570226
0603.jpg,3.555555555555556,0.111111111,0.323380833,0.5,0.514495755,0.0,0.0,0.0,0.0,0.222222222,0.427792632,0.055555556,0.23570226,0.055555556,0.23570226
22_02_02.bmp,2.555555555555556,0.055555556,0.23570226,0.777777778,0.427792632,0.055555556,0.23570226,0.055555556,0.23570226,0.111111111,0.323380833,0.111111111,0.323380833,0.0,0.0
04_15_01.bmp,2.055555555555556,0.111111111,0.323380833,0.444444444,0.511309993,0.888888889,0.323380833,0.0,0.0,0.222222222,0.427792632,0.0,0.0,0.0,0.0
19_04_04.bmp,2.6666666666666665,0.388888889,0.501631326,0.222222222,0.427792632,0.222222222,0.427792632,0.111111111,0.323380833,0.111111111,0.323380833,0.166666667,0.383482494,0.111111111,0.323380833
01399.jpg,3.5,0.166666667,0.383482494,0.555555556,0.511309993,0.111111111,0.323380833,0.055555556,0.23570226,0.0,0.0,0.0,0.0,0.111111111,0.323380833
01366.jpg,3.2777777777777777,0.0,0.0,0.777777778,0.427792632,0.055555556,0.23570226,0.055555556,0.23570226,0.0,0.0,0.0,0.0,0.111111111,0.323380833
21_16_01.bmp,3.388888888888889,0.111111111,0.323380833,0.388888889,0.501631326,0.111111111,0.323380833,0.111111111,0.323380833,0.0,0.0,0.055555556,0.23570226,0.0,0.0
29_02_01.bmp,3.4444444444444446,0.111111111,0.323380833,0.5,0.514495755,0.0,0.0,0.055555556,0.23570226,0.111111111,0.323380833,0.055555556,0.23570226,0.055555556,0.23570226
01455.jpg,3.2222222222222223,0.055555556,0.23570226,0.722222222,0.460888599,0.111111111,0.323380833,0.055555556,0.23570226,0.0,0.0,0.0,0.0,0.0,0.0
37_02_02.bmp,3.2777777777777777,0.0,0.0,0.833333333,0.383482494,0.055555556,0.23570226,0.055555556,0.23570226,0.055555556,0.23570226,0.166666667,0.383482494,0.0,0.0
24_22_04.bmp,1.9444444444444444,0.111111111,0.323380833,0.888888889,0.323380833,0.0,0.0,0.055555556,0.23570226,0.055555556,0.23570226,0.0,0.0,0.0,0.0
22_10_03.bmp,2.4444444444444446,0.777777778,0.427792632,0.333333333,0.48507125,0.0,0.0,0.0,0.0,0.222222222,0.427792632,0.166666667,0.383482494,0.0,0.0
11_13_03.bmp,3.0,0.055555556,0.23570226,0.333333333,0.48507125,0.388888889,0.501631326,0.055555556,0.23570226,0.277777778,0.460888599,0.111111111,0.323380833,0.0,0.0
17_20_04.bmp,2.0,0.444444444,0.511309993,0.277777778,0.460888599,0.222222222,0.427792632,0.277777778,0.460888599,0.166666667,0.383482494,0.0,0.0,0.055555556,0.23570226
03_04_03.bmp,3.4444444444444446,0.388888889,0.501631326,0.166666667,0.383482494,0.166666667,0.383482494,0.055555556,0.23570226,0.111111111,0.323380833,0.166666667,0.383482494,0.055555556,0.23570226
0153.jpg,1.8888888888888888,0.111111111,0.323380833,0.388888889,0.501631326,0.944444444,0.23570226,0.055555556,0.23570226,0.222222222,0.427792632,0.055555556,0.23570226,0.0,0.0
0336.jpg,3.0,0.166666667,0.383482494,0.666666667,0.48507125,0.0,0.0,0.111111111,0.323380833,0.055555556,0.23570226,0.0,0.0,0.055555556,0.23570226
0264.jpg,2.0,0.166666667,0.383482494,0.444444444,0.511309993,0.055555556,0.23570226,0.833333333,0.383482494,0.111111111,0.323380833,0.055555556,0.23570226,0.0,0.0
33_20_02.bmp,2.555555555555556,0.277777778,0.460888599,0.5,0.514495755,0.166666667,0.383482494,0.222222222,0.427792632,0.444444444,0.511309993,0.0,0.0,0.0,0.0
31_11_01.bmp,3.2777777777777777,0.333333333,0.48507125,0.277777778,0.460888599,0.0,0.0,0.055555556,0.23570226,0.222222222,0.427792632,0.0,0.0,0.055555556,0.23570226
18_04_02.bmp,3.111111111111111,0.222222222,0.427792632,0.444444444,0.511309993,0.222222222,0.427792632,0.055555556,0.23570226,0.0,0.0,0.055555556,0.23570226,0.055555556,0.23570226
0743.jpg,3.1666666666666665,0.055555556,0.23570226,0.555555556,0.511309993,0.0,0.0,0.0,0.0,0.0,0.0,0.111111111,0.323380833,0.0,0.0
0876.jpg,3.6666666666666665,0.055555556,0.23570226,0.5,0.514495755,0.0,0.0,0.055555556,0.23570226,0.111111111,0.323380833,0.055555556,0.23570226,0.0,0.0
20_06_05.bmp,1.7777777777777777,0.388888889,0.501631326,0.277777778,0.460888599,0.166666667,0.383482494,0.055555556,0.23570226,0.111111111,0.323380833,0.222222222,0.427792632,0.0,0.0
19_07_01.bmp,3.055555555555556,0.111111111,0.323380833,0.444444444,0.511309993,0.166666667,0.383482494,0.0,0.0,0.111111111,0.323380833,0.111111111,0.323380833,0.111111111,0.323380833
0952.jpg,2.9444444444444446,0.0,0.0,0.388888889,0.501631326,0.055555556,0.23570226,0.611111111,0.501631326,0.111111111,0.323380833,0.0,0.0,0.0,0.0
28_05_02.bmp,2.9444444444444446,0.222222222,0.427792632,0.611111111,0.501631326,0.111111111,0.323380833,0.055555556,0.23570226,0.222222222,0.427792632,0.055555556,0.23570226,0.0,0.0
01473.jpg,3.8333333333333335,0.055555556,0.23570226,0.444444444,0.511309993,0.111111111,0.323380833,0.0,0.0,0.055555556,0.23570226,0.0,0.0,0.055555556,0.23570226
08_25_02.bmp,3.0,0.111111111,0.323380833,0.0,0.0,0.055555556,0.23570226,0.0,0.0,0.055555556,0.23570226,0.055555556,0.23570226,0.944444444,0.23570226
27_05_01.bmp,3.111111111111111,0.222222222,0.427792632,0.555555556,0.511309993,0.055555556,0.23570226,0.055555556,0.23570226,0.5,0.514495755,0.0,0.0,0.055555556,0.23570226
11_11_05.bmp,2.2222222222222223,0.833333333,0.383482494,0.277777778,0.460888599,0.0,0.0,0.111111111,0.323380833,0.222222222,0.427792632,0.055555556,0.23570226,0.0,0.0
01_17_02.bmp,2.5,0.166666667,0.383482494,0.666666667,0.48507125,0.166666667,0.383482494,0.0,0.0,0.333333333,0.48507125,0.111111111,0.323380833,0.333333333,0.48507125
21_07_05.bmp,1.3888888888888888,0.166666667,0.383482494,0.833333333,0.383482494,0.0,0.0,0.0,0.0,0.055555556,0.23570226,0.055555556,0.23570226,0.0,0.0
17_07_04.bmp,2.0,0.166666667,0.383482494,0.888888889,0.323380833,0.0,0.0,0.0,0.0,0.166666667,0.383482494,0.111111111,0.323380833,0.0,0.0
01268.jpg,3.4444444444444446,0.055555556,0.23570226,0.611111111,0.501631326,0.0,0.0,0.111111111,0.323380833,0.5,0.514495755,0.0,0.0,0.111111111,0.323380833
0124.jpg,2.7777777777777777,0.111111111,0.323380833,0.277777778,0.460888599,0.888888889,0.323380833,0.0,0.0,0.055555556,0.23570226,0.055555556,0.23570226,0.055555556,0.23570226
24_14_03.bmp,2.7222222222222223,0.055555556,0.23570226,0.222222222,0.427792632,0.055555556,0.23570226,0.722222222,0.460888599,0.0,0.0,0.0,0.0,0.055555556,0.23570226
25_17_04.bmp,2.4444444444444446,0.055555556,0.23570226,0.555555556,0.511309993,0.111111111,0.323380833,0.055555556,0.23570226,0.222222222,0.427792632,0.222222222,0.427792632,0.222222222,0.427792632
0308.jpg,2.0,0.166666667,0.383482494,0.833333333,0.383482494,0.0,0.0,0.222222222,0.427792632,0.166666667,0.383482494,0.0,0.0,0.055555556,0.23570226
25_02_01.bmp,3.111111111111111,0.0,0.0,0.611111111,0.501631326,0.055555556,0.23570226,0.055555556,0.23570226,0.166666667,0.383482494,0.0,0.0,0.055555556,0.23570226
04_13_01.bmp,2.9444444444444446,0.166666667,0.383482494,0.611111111,0.501631326,0.166666667,0.383482494,0.0,0.0,0.222222222,0.427792632,0.0,0.0,0.055555556,0.23570226
0239.jpg,2.2222222222222223,0.277777778,0.460888599,0.333333333,0.48507125,0.0,0.0,0.833333333,0.383482494,0.055555556,0.23570226,0.0,0.0,0.111111111,0.323380833
21_01_04.bmp,2.111111111111111,0.0,0.0,0.944444444,0.23570226,0.055555556,0.23570226,0.0,0.0,0.0,0.0,0.0,0.0,0.0,0.0
0553.jpg,2.888888888888889,0.111111111,0.323380833,0.388888889,0.501631326,0.0,0.0,0.111111111,0.323380833,0.722222222,0.460888599,0.0,0.0,0.0,0.0
12_03_02.bmp,3.111111111111111,0.111111111,0.323380833,0.722222222,0.460888599,0.055555556,0.23570226,0.055555556,0.23570226,0.055555556,0.23570226,0.0,0.0,0.055555556,0.23570226
09_10_05.bmp,2.111111111111111,0.777777778,0.427792632,0.444444444,0.511309993,0.111111111,0.323380833,0.0,0.0,0.166666667,0.383482494,0.111111111,0.323380833,0.0,0.0
30_20_04.bmp,2.055555555555556,0.555555556,0.511309993,0.333333333,0.48507125,0.111111111,0.323380833,0.277777778,0.460888599,0.277777778,0.460888599,0.0,0.0,0.0,0.0
0126.jpg,3.055555555555556,0.055555556,0.23570226,0.166666667,0.383482494,0.944444444,0.23570226,0.0,0.0,0.0,0.0,0.055555556,0.23570226,0.055555556,0.23570226
03_20_04.bmp,2.111111111111111,0.611111111,0.501631326,0.055555556,0.23570226,0.333333333,0.48507125,0.111111111,0.323380833,0.166666667,0.383482494,0.055555556,0.23570226,0.0,0.0
31_12_04.bmp,2.611111111111111,0.722222222,0.460888599,0.277777778,0.460888599,0.0,0.0,0.055555556,0.23570226,0.111111111,0.323380833,0.0,0.0,0.055555556,0.23570226
07_20_05.bmp,1.6111111111111112,0.777777778,0.427792632,0.444444444,0.511309993,0.277777778,0.460888599,0.111111111,0.323380833,0.055555556,0.23570226,0.055555556,0.23570226,0.0,0.0
21_13_01.bmp,3.7777777777777777,0.166666667,0.383482494,0.333333333,0.48507125,0.055555556,0.23570226,0.0,0.0,0.0,0.0,0.0,0.0,0.111111111,0.323380833
31_03_04.bmp,2.333333333333333,0.055555556,0.23570226,0.833333333,0.383482494,0.0,0.0,0.0,0.0,0.222222222,0.427792632,0.0,0.0,0.055555556,0.23570226
0795.jpg,3.5,0.055555556,0.23570226,0.611111111,0.501631326,0.0,0.0,0.111111111,0.323380833,0.222222222,0.427792632,0.0,0.0,0.0,0.0
01216.jpg,3.7222222222222223,0.333333333,0.48507125,0.222222222,0.427792632,0.111111111,0.323380833,0.111111111,0.323380833,0.166666667,0.383482494,0.0,0.0,0.0,0.0
17_22_01.bmp,2.9444444444444446,0.222222222,0.427792632,0.611111111,0.501631326,0.055555556,0.23570226,0.055555556,0.23570226,0.166666667,0.383482494,0.0,0.0,0.0,0.0
32_20_03.bmp,1.7222222222222223,0.611111111,0.501631326,0.444444444,0.511309993,0.166666667,0.383482494,0.055555556,0.23570226,0.333333333,0.48507125,0.111111111,0.323380833,0.055555556,0.23570226
36_13_05.bmp,2.055555555555556,0.111111111,0.323380833,0.444444444,0.511309993,0.833333333,0.383482494,0.0,0.0,0.0,0.0,0.055555556,0.23570226,0.0,0.0
0146.jpg,2.2777777777777777,0.166666667,0.383482494,0.5,0.514495755,0.944444444,0.23570226,0.055555556,0.23570226,0.055555556,0.23570226,0.0,0.0,0.0,0.0
08_01_05.bmp,2.055555555555556,0.0,0.0,0.944444444,0.23570226,0.055555556,0.23570226,0.0,0.0,0.055555556,0.23570226,0.0,0.0,0.055555556,0.23570226
35_13_01.bmp,3.1666666666666665,0.166666667,0.383482494,0.444444444,0.511309993,0.222222222,0.427792632,0.0,0.0,0.0,0.0,0.0,0.0,0.055555556,0.23570226
11_13_05.bmp,2.111111111111111,0.055555556,0.23570226,0.166666667,0.383482494,0.944444444,0.23570226,0.0,0.0,0.222222222,0.427792632,0.111111111,0.323380833,0.055555556,0.23570226
14_21_02.bmp,2.1666666666666665,0.111111111,0.323380833,0.166666667,0.383482494,0.888888889,0.323380833,0.0,0.0,0.0,0.0,0.111111111,0.323380833,0.055555556,0.23570226
11_14_02.bmp,2.6666666666666665,0.0,0.0,0.166666667,0.383482494,0.166666667,0.383482494,0.5,0.514495755,0.333333333,0.48507125,0.055555556,0.23570226,0.0,0.0
09_12_03.bmp,2.555555555555556,0.611111111,0.501631326,0.222222222,0.427792632,0.166666667,0.383482494,0.0,0.0,0.166666667,0.383482494,0.111111111,0.323380833,0.055555556,0.23570226
29_05_05.bmp,1.8888888888888888,0.444444444,0.511309993,0.722222222,0.460888599,0.055555556,0.23570226,0.0,0.0,0.111111111,0.323380833,0.055555556,0.23570226,0.055555556,0.23570226
36_14_02.bmp,3.1666666666666665,0.111111111,0.323380833,0.444444444,0.511309993,0.166666667,0.383482494,0.111111111,0.323380833,0.0,0.0,0.0,0.0,0.055555556,0.23570226
0696.jpg,3.611111111111111,0.055555556,0.23570226,0.444444444,0.511309993,0.0,0.0,0.055555556,0.23570226,0.222222222,0.427792632,0.055555556,0.23570226,0.055555556,0.23570226
33_04_01.bmp,3.2777777777777777,0.055555556,0.23570226,0.333333333,0.48507125,0.0,0.0,0.0,0.0,0.555555556,0.511309993,0.0,0.0,0.055555556,0.23570226
15_15_02.bmp,2.4444444444444446,0.055555556,0.23570226,0.222222222,0.427792632,0.833333333,0.383482494,0.0,0.0,0.166666667,0.383482494,0.0,0.0,0.055555556,0.23570226
27_15_04.bmp,2.7222222222222223,0.111111111,0.323380833,0.388888889,0.501631326,0.055555556,0.23570226,0.611111111,0.501631326,0.333333333,0.48507125,0.0,0.0,0.0,0.0
24_17_03.bmp,2.6666666666666665,0.111111111,0.323380833,0.555555556,0.511309993,0.111111111,0.323380833,0.0,0.0,0.055555556,0.23570226,0.111111111,0.323380833,0.166666667,0.383482494
0163.jpg,2.6666666666666665,0.111111111,0.323380833,0.388888889,0.501631326,0.888888889,0.323380833,0.0,0.0,0.222222222,0.427792632,0.0,0.0,0.0,0.0
0567.jpg,3.388888888888889,0.055555556,0.23570226,0.388888889,0.501631326,0.0,0.0,0.055555556,0.23570226,0.555555556,0.511309993,0.111111111,0.323380833,0.111111111,0.323380833
10_22_04.bmp,1.9444444444444444,0.166666667,0.383482494,0.888888889,0.323380833,0.0,0.0,0.055555556,0.23570226,0.277777778,0.460888599,0.222222222,0.427792632,0.0,0.0
12_15_03.bmp,3.388888888888889,0.111111111,0.323380833,0.277777778,0.460888599,0.111111111,0.323380833,0.166666667,0.383482494,0.111111111,0.323380833,0.055555556,0.23570226,0.0,0.0
18_09_04.bmp,2.2777777777777777,0.777777778,0.427792632,0.277777778,0.460888599,0.055555556,0.23570226,0.0,0.0,0.0,0.0,0.055555556,0.23570226,0.055555556,0.23570226
07_17_04.bmp,2.388888888888889,0.111111111,0.323380833,0.555555556,0.511309993,0.055555556,0.23570226,0.0,0.0,0.277777778,0.460888599,0.111111111,0.323380833,0.277777778,0.460888599
31_01_04.bmp,2.333333333333333,0.055555556,0.23570226,0.833333333,0.383482494,0.055555556,0.23570226,0.0,0.0,0.166666667,0.383482494,0.0,0.0,0.055555556,0.23570226
0134.jpg,3.611111111111111,0.055555556,0.23570226,0.111111111,0.323380833,0.611111111,0.501631326,0.0,0.0,0.055555556,0.23570226,0.111111111,0.323380833,0.055555556,0.23570226
37_10_01.bmp,3.4444444444444446,0.222222222,0.427792632,0.5,0.514495755,0.055555556,0.23570226,0.0,0.0,0.055555556,0.23570226,0.055555556,0.23570226,0.0,0.0
14_08_02.bmp,3.055555555555556,0.166666667,0.383482494,0.666666667,0.48507125,0.055555556,0.23570226,0.055555556,0.23570226,0.0,0.0,0.111111111,0.323380833,0.111111111,0.323380833
25_13_03.bmp,2.833333333333333,0.055555556,0.23570226,0.277777778,0.460888599,0.666666667,0.48507125,0.0,0.0,0.166666667,0.383482494,0.0,0.0,0.111111111,0.323380833
37_06_05.bmp,1.6111111111111112,0.5,0.514495755,0.444444444,0.511309993,0.277777778,0.460888599,0.111111111,0.323380833,0.111111111,0.323380833,0.277777778,0.460888599,0.055555556,0.23570226
26_16_04.bmp,2.333333333333333,0.166666667,0.383482494,0.777777778,0.427792632,0.055555556,0.23570226,0.222222222,0.427792632,0.055555556,0.23570226,0.0,0.0,0.0,0.0
21_21_05.bmp,1.3888888888888888,0.111111111,0.323380833,0.277777778,0.460888599,0.055555556,0.23570226,0.611111111,0.501631326,0.0,0.0,0.055555556,0.23570226,0.0,0.0
10_12_01.bmp,2.9444444444444446,0.222222222,0.427792632,0.5,0.514495755,0.0,0.0,0.0,0.0,0.444444444,0.511309993,0.222222222,0.427792632,0.0,0.0
14_22_03.bmp,2.2777777777777777,0.166666667,0.383482494,0.888888889,0.323380833,0.111111111,0.323380833,0.0,0.0,0.0,0.0,0.055555556,0.23570226,0.0,0.0
28_02_03.bmp,2.388888888888889,0.0,0.0,0.833333333,0.383482494,0.111111111,0.323380833,0.0,0.0,0.166666667,0.383482494,0.0,0.0,0.055555556,0.23570226
07_04_05.bmp,2.555555555555556,0.388888889,0.501631326,0.388888889,0.501631326,0.277777778,0.460888599,0.0,0.0,0.055555556,0.23570226,0.166666667,0.383482494,0.055555556,0.23570226
30_12_03.bmp,3.0,0.666666667,0.48507125,0.166666667,0.383482494,0.055555556,0.23570226,0.0,0.0,0.333333333,0.48507125,0.0,0.0,0.0,0.0
0589.jpg,3.2222222222222223,0.111111111,0.323380833,0.333333333,0.48507125,0.0,0.0,0.277777778,0.460888599,0.555555556,0.511309993,0.055555556,0.23570226,0.055555556,0.23570226
21_04_05.bmp,2.388888888888889,0.333333333,0.48507125,0.5,0.514495755,0.222222222,0.427792632,0.0,0.0,0.055555556,0.23570226,0.055555556,0.23570226,0.0,0.0
33_17_05.bmp,2.333333333333333,0.055555556,0.23570226,0.611111111,0.501631326,0.0,0.0,0.055555556,0.23570226,0.444444444,0.511309993,0.166666667,0.383482494,0.166666667,0.383482494
22_04_02.bmp,3.2222222222222223,0.222222222,0.427792632,0.388888889,0.501631326,0.111111111,0.323380833,0.0,0.0,0.166666667,0.383482494,0.222222222,0.427792632,0.0,0.0
04_09_02.bmp,2.7777777777777777,0.5,0.514495755,0.5,0.514495755,0.055555556,0.23570226,0.055555556,0.23570226,0.222222222,0.427792632,0.0,0.0,0.055555556,0.23570226
0057.jpg,2.2777777777777777,0.055555556,0.23570226,0.333333333,0.48507125,0.944444444,0.23570226,0.055555556,0.23570226,0.055555556,0.23570226,0.0,0.0,0.0,0.0
01171.jpg,3.7222222222222223,0.166666667,0.383482494,0.5,0.514495755,0.055555556,0.23570226,0.0,0.0,0.222222222,0.427792632,0.0,0.0,0.0,0.0
0062.jpg,3.0,0.111111111,0.323380833,0.444444444,0.511309993,0.333333333,0.48507125,0.055555556,0.23570226,0.277777778,0.460888599,0.0,0.0,0.0,0.0
14_06_02.bmp,2.611111111111111,0.277777778,0.460888599,0.388888889,0.501631326,0.222222222,0.427792632,0.055555556,0.23570226,0.055555556,0.23570226,0.111111111,0.323380833,0.055555556,0.23570226
0925.jpg,1.3888888888888888,0.0,0.0,0.944444444,0.23570226,0.0,0.0,0.166666667,0.383482494,0.333333333,0.48507125,0.0,0.0,0.0,0.0
31_03_05.bmp,1.7777777777777777,0.0,0.0,0.888888889,0.323380833,0.0,0.0,0.055555556,0.23570226,0.111111111,0.323380833,0.0,0.0,0.0,0.0
01207.jpg,3.4444444444444446,0.222222222,0.427792632,0.444444444,0.511309993,0.0,0.0,0.0,0.0,0.555555556,0.511309993,0.055555556,0.23570226,0.055555556,0.23570226
36_19_03.bmp,3.055555555555556,0.055555556,0.23570226,0.5,0.514495755,0.166666667,0.383482494,0.0,0.0,0.055555556,0.23570226,0.0,0.0,0.111111111,0.323380833
0845.jpg,3.555555555555556,0.166666667,0.383482494,0.444444444,0.511309993,0.055555556,0.23570226,0.0,0.0,0.388888889,0.501631326,0.055555556,0.23570226,0.0,0.0
30_25_05.bmp,2.111111111111111,0.0,0.0,0.166666667,0.383482494,0.111111111,0.323380833,0.055555556,0.23570226,0.222222222,0.427792632,0.0,0.0,0.777777778,0.427792632
05_17_01.bmp,3.0,0.166666667,0.383482494,0.5,0.514495755,0.222222222,0.427792632,0.0,0.0,0.0,0.0,0.166666667,0.383482494,0.166666667,0.383482494
29_14_02.bmp,2.611111111111111,0.055555556,0.23570226,0.5,0.514495755,0.055555556,0.23570226,0.555555556,0.511309993,0.166666667,0.383482494,0.111111111,0.323380833,0.055555556,0.23570226
27_15_03.bmp,2.9444444444444446,0.055555556,0.23570226,0.333333333,0.48507125,0.111111111,0.323380833,0.222222222,0.427792632,0.444444444,0.511309993,0.0,0.0,0.0,0.0
02_17_04.bmp,2.2222222222222223,0.0,0.0,0.444444444,0.511309993,0.055555556,0.23570226,0.0,0.0,0.5,0.514495755,0.111111111,0.323380833,0.388888889,0.501631326
12_10_04.bmp,2.5,0.777777778,0.427792632,0.166666667,0.383482494,0.055555556,0.23570226,0.055555556,0.23570226,0.111111111,0.323380833,0.0,0.0,0.0,0.0
15_15_04.bmp,3.0,0.222222222,0.427792632,0.222222222,0.427792632,0.055555556,0.23570226,0.166666667,0.383482494,0.222222222,0.427792632,0.0,0.0,0.055555556,0.23570226
16_09_04.bmp,2.4444444444444446,0.833333333,0.383482494,0.166666667,0.383482494,0.0,0.0,0.055555556,0.23570226,0.333333333,0.48507125,0.277777778,0.460888599,0.0,0.0
35_15_04.bmp,2.888888888888889,0.055555556,0.23570226,0.555555556,0.511309993,0.0,0.0,0.166666667,0.383482494,0.0,0.0,0.055555556,0.23570226,0.111111111,0.323380833
37_06_04.bmp,1.9444444444444444,0.5,0.514495755,0.444444444,0.511309993,0.277777778,0.460888599,0.111111111,0.323380833,0.055555556,0.23570226,0.222222222,0.427792632,0.055555556,0.23570226
1130.jpg,3.1666666666666665,0.055555556,0.23570226,0.055555556,0.23570226,0.0,0.0,0.166666667,0.383482494,0.722222222,0.460888599,0.111111111,0.323380833,0.055555556,0.23570226
30_07_05.bmp,1.3888888888888888,0.166666667,0.383482494,0.777777778,0.427792632,0.0,0.0,0.055555556,0.23570226,0.222222222,0.427792632,0.055555556,0.23570226,0.0,0.0
31_06_01.bmp,2.9444444444444446,0.166666667,0.383482494,0.5,0.514495755,0.111111111,0.323380833,0.111111111,0.323380833,0.166666667,0.383482494,0.055555556,0.23570226,0.055555556,0.23570226
09_19_03.bmp,2.9444444444444446,0.333333333,0.48507125,0.5,0.514495755,0.333333333,0.48507125,0.0,0.0,0.166666667,0.383482494,0.055555556,0.23570226,0.0,0.0
24_13_03.bmp,2.833333333333333,0.055555556,0.23570226,0.333333333,0.48507125,0.5,0.514495755,0.0,0.0,0.0,0.0,0.0,0.0,0.0,0.0
18_24_05.bmp,1.2777777777777777,0.111111111,0.323380833,0.944444444,0.23570226,0.055555556,0.23570226,0.0,0.0,0.055555556,0.23570226,0.0,0.0,0.055555556,0.23570226
0374.jpg,2.1666666666666665,0.111111111,0.323380833,0.833333333,0.383482494,0.0,0.0,0.111111111,0.323380833,0.055555556,0.23570226,0.055555556,0.23570226,0.055555556,0.23570226
15_07_01.bmp,3.2222222222222223,0.222222222,0.427792632,0.5,0.514495755,0.0,0.0,0.0,0.0,0.333333333,0.48507125,0.0,0.0,0.111111111,0.323380833
1100.jpg,1.5,0.055555556,0.23570226,0.944444444,0.23570226,0.0,0.0,0.222222222,0.427792632,0.166666667,0.383482494,0.0,0.0,0.0,0.0
01302.jpg,2.7222222222222223,0.444444444,0.511309993,0.888888889,0.323380833,0.0,0.0,0.0,0.0,0.166666667,0.383482494,0.055555556,0.23570226,0.0,0.0
14_14_04.bmp,2.5,0.055555556,0.23570226,0.222222222,0.427792632,0.166666667,0.383482494,0.555555556,0.511309993,0.0,0.0,0.111111111,0.323380833,0.055555556,0.23570226
26_12_04.bmp,2.888888888888889,0.666666667,0.48507125,0.166666667,0.383482494,0.055555556,0.23570226,0.0,0.0,0.055555556,0.23570226,0.0,0.0,0.055555556,0.23570226
24_01_05.bmp,1.3888888888888888,0.0,0.0,1.0,0.0,0.055555556,0.23570226,0.0,0.0,0.055555556,0.23570226,0.0,0.0,0.0,0.0
28_14_04.bmp,2.2777777777777777,0.166666667,0.383482494,0.444444444,0.511309993,0.055555556,0.23570226,0.555555556,0.511309993,0.222222222,0.427792632,0.055555556,0.23570226,0.0,0.0
29_17_04.bmp,2.1666666666666665,0.055555556,0.23570226,0.611111111,0.501631326,0.055555556,0.23570226,0.0,0.0,0.222222222,0.427792632,0.222222222,0.427792632,0.222222222,0.427792632
24_10_02.bmp,2.9444444444444446,0.611111111,0.501631326,0.333333333,0.48507125,0.055555556,0.23570226,0.0,0.0,0.055555556,0.23570226,0.0,0.0,0.055555556,0.23570226
01_01_03.bmp,2.7222222222222223,0.111111111,0.323380833,0.777777778,0.427792632,0.111111111,0.323380833,0.0,0.0,0.0,0.0,0.0,0.0,0.055555556,0.23570226
24_12_04.bmp,2.611111111111111,0.666666667,0.48507125,0.333333333,0.48507125,0.055555556,0.23570226,0.0,0.0,0.055555556,0.23570226,0.111111111,0.323380833,0.0,0.0
14_20_03.bmp,2.5,0.333333333,0.48507125,0.277777778,0.460888599,0.166666667,0.383482494,0.277777778,0.460888599,0.055555556,0.23570226,0.055555556,0.23570226,0.0,0.0
32_03_04.bmp,2.111111111111111,0.0,0.0,0.833333333,0.383482494,0.166666667,0.383482494,0.0,0.0,0.444444444,0.511309993,0.055555556,0.23570226,0.0,0.0
23_03_04.bmp,2.333333333333333,0.111111111,0.323380833,0.777777778,0.427792632,0.055555556,0.23570226,0.0,0.0,0.277777778,0.460888599,0.055555556,0.23570226,0.0,0.0
27_05_03.bmp,2.5,0.277777778,0.460888599,0.611111111,0.501631326,0.111111111,0.323380833,0.055555556,0.23570226,0.388888889,0.501631326,0.055555556,0.23570226,0.055555556,0.23570226
19_19_04.bmp,2.5,0.166666667,0.383482494,0.388888889,0.501631326,0.611111111,0.501631326,0.0,0.0,0.111111111,0.323380833,0.055555556,0.23570226,0.0,0.0
05_11_01.bmp,3.055555555555556,0.5,0.514495755,0.333333333,0.48507125,0.055555556,0.23570226,0.0,0.0,0.0,0.0,0.111111111,0.323380833,0.055555556,0.23570226
14_10_02.bmp,2.7777777777777777,0.722222222,0.460888599,0.333333333,0.48507125,0.111111111,0.323380833,0.0,0.0,0.0,0.0,0.055555556,0.23570226,0.055555556,0.23570226
36_04_04.bmp,2.388888888888889,0.333333333,0.48507125,0.5,0.514495755,0.388888889,0.501631326,0.0,0.0,0.0,0.0,0.111111111,0.323380833,0.055555556,0.23570226
22_18_02.bmp,2.7222222222222223,0.055555556,0.23570226,0.722222222,0.460888599,0.055555556,0.23570226,0.0,0.0,0.111111111,0.323380833,0.222222222,0.427792632,0.0,0.0
13_22_02.bmp,2.611111111111111,0.222222222,0.427792632,0.777777778,0.427792632,0.055555556,0.23570226,0.055555556,0.23570226,0.055555556,0.23570226,0.0,0.0,0.0,0.0
14_01_05.bmp,1.3333333333333333,0.055555556,0.23570226,0.944444444,0.23570226,0.055555556,0.23570226,0.0,0.0,0.055555556,0.23570226,0.055555556,0.23570226,0.0,0.0
04_22_01.bmp,2.6666666666666665,0.166666667,0.383482494,0.555555556,0.511309993,0.222222222,0.427792632,0.055555556,0.23570226,0.111111111,0.323380833,0.055555556,0.23570226,0.055555556,0.23570226
07_17_01.bmp,2.9444444444444446,0.111111111,0.323380833,0.5,0.514495755,0.055555556,0.23570226,0.055555556,0.23570226,0.111111111,0.323380833,0.111111111,0.323380833,0.222222222,0.427792632
37_19_03.bmp,2.9444444444444446,0.388888889,0.501631326,0.444444444,0.511309993,0.333333333,0.48507125,0.111111111,0.323380833,0.055555556,0.23570226,0.055555556,0.23570226,0.0,0.0
06_08_03.bmp,2.888888888888889,0.5,0.514495755,0.444444444,0.511309993,0.111111111,0.323380833,0.055555556,0.23570226,0.0,0.0,0.111111111,0.323380833,0.055555556,0.23570226
0224.jpg,1.6666666666666667,0.055555556,0.23570226,0.388888889,0.501631326,0.0,0.0,0.944444444,0.23570226,0.0,0.0,0.055555556,0.23570226,0.0,0.0
0295.jpg,2.055555555555556,0.111111111,0.323380833,0.5,0.514495755,0.0,0.0,0.833333333,0.383482494,0.055555556,0.23570226,0.0,0.0,0.0,0.0
01262.jpg,3.388888888888889,0.055555556,0.23570226,0.388888889,0.501631326,0.055555556,0.23570226,0.0,0.0,0.611111111,0.501631326,0.0,0.0,0.111111111,0.323380833
27_14_05.bmp,1.2222222222222223,0.0,0.0,0.388888889,0.501631326,0.111111111,0.323380833,0.888888889,0.323380833,0.277777778,0.460888599,0.055555556,0.23570226,0.055555556,0.23570226
16_24_03.bmp,2.055555555555556,0.0,0.0,0.833333333,0.383482494,0.0,0.0,0.0,0.0,0.277777778,0.460888599,0.333333333,0.48507125,0.055555556,0.23570226
32_13_02.bmp,2.7777777777777777,0.055555556,0.23570226,0.555555556,0.511309993,0.277777778,0.460888599,0.0,0.0,0.333333333,0.48507125,0.055555556,0.23570226,0.055555556,0.23570226
25_13_05.bmp,1.8333333333333333,0.055555556,0.23570226,0.166666667,0.383482494,0.888888889,0.323380833,0.0,0.0,0.111111111,0.323380833,0.0,0.0,0.0,0.0
15_24_05.bmp,1.5,0.0,0.0,0.833333333,0.383482494,0.055555556,0.23570226,0.0,0.0,0.166666667,0.383482494,0.0,0.0,0.111111111,0.323380833
16_21_03.bmp,2.6666666666666665,0.111111111,0.323380833,0.055555556,0.23570226,0.666666667,0.48507125,0.0,0.0,0.333333333,0.48507125,0.277777778,0.460888599,0.111111111,0.323380833
11_24_03.bmp,2.2222222222222223,0.0,0.0,0.888888889,0.323380833,0.055555556,0.23570226,0.055555556,0.23570226,0.222222222,0.427792632,0.055555556,0.23570226,0.0,0.0
37_17_02.bmp,2.7777777777777777,0.166666667,0.383482494,0.444444444,0.511309993,0.0,0.0,0.0,0.0,0.222222222,0.427792632,0.222222222,0.427792632,0.166666667,0.383482494
26_12_01.bmp,4.0,0.055555556,0.23570226,0.111111111,0.323380833,0.222222222,0.427792632,0.055555556,0.23570226,0.055555556,0.23570226,0.0,0.0,0.0,0.0
09_24_02.bmp,2.6666666666666665,0.055555556,0.23570226,0.777777778,0.427792632,0.055555556,0.23570226,0.111111111,0.323380833,0.166666667,0.383482494,0.055555556,0.23570226,0.0,0.0
29_16_03.bmp,3.055555555555556,0.111111111,0.323380833,0.611111111,0.501631326,0.0,0.0,0.0,0.0,0.111111111,0.323380833,0.111111111,0.323380833,0.055555556,0.23570226
14_01_01.bmp,3.4444444444444446,0.111111111,0.323380833,0.5,0.514495755,0.055555556,0.23570226,0.0,0.0,0.0,0.0,0.166666667,0.383482494,0.055555556,0.23570226
0887.jpg,3.8333333333333335,0.166666667,0.383482494,0.444444444,0.511309993,0.055555556,0.23570226,0.0,0.0,0.111111111,0.323380833,0.055555556,0.23570226,0.0,0.0
20_19_04.bmp,2.5,0.333333333,0.48507125,0.277777778,0.460888599,0.444444444,0.511309993,0.055555556,0.23570226,0.055555556,0.23570226,0.0,0.0,0.0,0.0
0782.jpg,3.5,0.055555556,0.23570226,0.444444444,0.511309993,0.0,0.0,0.0,0.0,0.111111111,0.323380833,0.0,0.0,0.055555556,0.23570226
05_22_01.bmp,2.7222222222222223,0.277777778,0.460888599,0.611111111,0.501631326,0.277777778,0.460888599,0.0,0.0,0.0,0.0,0.111111111,0.323380833,0.055555556,0.23570226
20_20_05.bmp,1.7222222222222223,0.555555556,0.511309993,0.166666667,0.383482494,0.277777778,0.460888599,0.333333333,0.48507125,0.055555556,0.23570226,0.111111111,0.323380833,0.0,0.0
0056.jpg,2.055555555555556,0.055555556,0.23570226,0.555555556,0.511309993,0.944444444,0.23570226,0.0,0.0,0.111111111,0.323380833,0.0,0.0,0.0,0.0
14_11_03.bmp,2.555555555555556,0.777777778,0.427792632,0.222222222,0.427792632,0.111111111,0.323380833,0.0,0.0,0.111111111,0.323380833,0.111111111,0.323380833,0.055555556,0.23570226
36_04_05.bmp,2.2222222222222223,0.333333333,0.48507125,0.388888889,0.501631326,0.333333333,0.48507125,0.055555556,0.23570226,0.055555556,0.23570226,0.166666667,0.383482494,0.111111111,0.323380833
0740.jpg,3.055555555555556,0.055555556,0.23570226,0.333333333,0.48507125,0.055555556,0.23570226,0.111111111,0.323380833,0.5,0.514495755,0.333333333,0.48507125,0.055555556,0.23570226
01166.jpg,3.388888888888889,0.111111111,0.323380833,0.611111111,0.501631326,0.055555556,0.23570226,0.0,0.0,0.555555556,0.511309993,0.0,0.0,0.0,0.0
35_23_05.bmp,1.8888888888888888,0.0,0.0,0.277777778,0.460888599,0.0,0.0,0.833333333,0.383482494,0.0,0.0,0.0,0.0,0.166666667,0.383482494
0561.jpg,3.111111111111111,0.055555556,0.23570226,0.333333333,0.48507125,0.0,0.0,0.055555556,0.23570226,0.777777778,0.427792632,0.0,0.0,0.055555556,0.23570226
31_12_01.bmp,3.388888888888889,0.333333333,0.48507125,0.277777778,0.460888599,0.055555556,0.23570226,0.0,0.0,0.222222222,0.427792632,0.0,0.0,0.055555556,0.23570226
30_23_05.bmp,2.111111111111111,0.0,0.0,0.222222222,0.427792632,0.055555556,0.23570226,0.777777778,0.427792632,0.166666667,0.383482494,0.0,0.0,0.111111111,0.323380833
32_08_01.bmp,3.0,0.0,0.0,0.611111111,0.501631326,0.111111111,0.323380833,0.055555556,0.23570226,0.333333333,0.48507125,0.111111111,0.323380833,0.0,0.0
0989.jpg,2.888888888888889,0.111111111,0.323380833,0.5,0.514495755,0.0,0.0,0.611111111,0.501631326,0.277777778,0.460888599,0.0,0.0,0.055555556,0.23570226
13_16_05.bmp,1.7777777777777777,0.222222222,0.427792632,0.777777778,0.427792632,0.055555556,0.23570226,0.0,0.0,0.111111111,0.323380833,0.0,0.0,0.0,0.0
0145.jpg,2.333333333333333,0.055555556,0.23570226,0.388888889,0.501631326,0.777777778,0.427792632,0.0,0.0,0.0,0.0,0.0,0.0,0.055555556,0.23570226
05_13_01.bmp,3.4444444444444446,0.222222222,0.427792632,0.333333333,0.48507125,0.111111111,0.323380833,0.055555556,0.23570226,0.055555556,0.23570226,0.055555556,0.23570226,0.055555556,0.23570226
0431.jpg,1.6666666666666667,0.055555556,0.23570226,0.944444444,0.23570226,0.055555556,0.23570226,0.0,0.0,0.055555556,0.23570226,0.0,0.0,0.0,0.0
09_08_03.bmp,2.4444444444444446,0.555555556,0.511309993,0.555555556,0.511309993,0.111111111,0.323380833,0.0,0.0,0.166666667,0.383482494,0.111111111,0.323380833,0.0,0.0
34_05_01.bmp,3.2777777777777777,0.111111111,0.323380833,0.444444444,0.511309993,0.111111111,0.323380833,0.0,0.0,0.0,0.0,0.0,0.0,0.111111111,0.323380833
03_07_03.bmp,2.611111111111111,0.388888889,0.501631326,0.555555556,0.511309993,0.111111111,0.323380833,0.0,0.0,0.166666667,0.383482494,0.055555556,0.23570226,0.055555556,0.23570226
31_24_02.bmp,2.7777777777777777,0.0,0.0,0.833333333,0.383482494,0.055555556,0.23570226,0.0,0.0,0.166666667,0.383482494,0.0,0.0,0.055555556,0.23570226
0394.jpg,2.555555555555556,0.111111111,0.323380833,0.833333333,0.383482494,0.0,0.0,0.166666667,0.383482494,0.0,0.0,0.0,0.0,0.111111111,0.323380833
20_08_04.bmp,2.111111111111111,0.277777778,0.460888599,0.722222222,0.460888599,0.055555556,0.23570226,0.0,0.0,0.055555556,0.23570226,0.166666667,0.383482494,0.0,0.0
14_03_05.bmp,1.6666666666666667,0.0,0.0,0.888888889,0.323380833,0.055555556,0.23570226,0.055555556,0.23570226,0.055555556,0.23570226,0.0,0.0,0.0,0.0
22_13_05.bmp,1.9444444444444444,0.111111111,0.323380833,0.166666667,0.383482494,0.944444444,0.23570226,0.0,0.0,0.166666667,0.383482494,0.055555556,0.23570226,0.0,0.0
0311.jpg,3.055555555555556,0.166666667,0.383482494,0.666666667,0.48507125,0.055555556,0.23570226,0.166666667,0.383482494,0.222222222,0.427792632,0.0,0.0,0.055555556,0.23570226
29_01_01.bmp,3.388888888888889,0.166666667,0.383482494,0.555555556,0.511309993,0.0,0.0,0.055555556,0.23570226,0.055555556,0.23570226,0.055555556,0.23570226,0.111111111,0.323380833
11_01_04.bmp,2.055555555555556,0.0,0.0,0.888888889,0.323380833,0.0,0.0,0.055555556,0.23570226,0.166666667,0.383482494,0.166666667,0.383482494,0.0,0.0
0601.jpg,2.9444444444444446,0.055555556,0.23570226,0.333333333,0.48507125,0.055555556,0.23570226,0.111111111,0.323380833,0.388888889,0.501631326,0.277777778,0.460888599,0.111111111,0.323380833
18_20_03.bmp,2.111111111111111,0.5,0.514495755,0.333333333,0.48507125,0.166666667,0.383482494,0.333333333,0.48507125,0.0,0.0,0.055555556,0.23570226,0.111111111,0.323380833
0365.jpg,2.055555555555556,0.055555556,0.23570226,0.888888889,0.323380833,0.0,0.0,0.055555556,0.23570226,0.111111111,0.323380833,0.055555556,0.23570226,0.0,0.0
0373.jpg,2.055555555555556,0.222222222,0.427792632,0.888888889,0.323380833,0.0,0.0,0.055555556,0.23570226,0.166666667,0.383482494,0.0,0.0,0.0,0.0
31_22_03.bmp,2.1666666666666665,0.166666667,0.383482494,0.833333333,0.383482494,0.0,0.0,0.0,0.0,0.222222222,0.427792632,0.0,0.0,0.0,0.0
13_13_04.bmp,3.0,0.0,0.0,0.111111111,0.323380833,0.833333333,0.383482494,0.055555556,0.23570226,0.055555556,0.23570226,0.0,0.0,0.055555556,0.23570226
15_20_02.bmp,2.7222222222222223,0.333333333,0.48507125,0.333333333,0.48507125,0.222222222,0.427792632,0.277777778,0.460888599,0.166666667,0.383482494,0.0,0.0,0.0,0.0
0852.jpg,3.5,0.055555556,0.23570226,0.388888889,0.501631326,0.0,0.0,0.055555556,0.23570226,0.388888889,0.501631326,0.0,0.0,0.0,0.0
22_25_02.bmp,2.7777777777777777,0.055555556,0.23570226,0.166666667,0.383482494,0.0,0.0,0.0,0.0,0.0,0.0,0.055555556,0.23570226,0.833333333,0.383482494
08_12_05.bmp,2.6666666666666665,0.777777778,0.427792632,0.111111111,0.323380833,0.111111111,0.323380833,0.0,0.0,0.055555556,0.23570226,0.0,0.0,0.0,0.0
13_13_03.bmp,3.5,0.055555556,0.23570226,0.111111111,0.323380833,0.5,0.514495755,0.0,0.0,0.111111111,0.323380833,0.0,0.0,0.055555556,0.23570226
03_14_02.bmp,3.555555555555556,0.055555556,0.23570226,0.055555556,0.23570226,0.055555556,0.23570226,0.111111111,0.323380833,0.222222222,0.427792632,0.111111111,0.323380833,0.055555556,0.23570226
01492.jpg,3.7222222222222223,0.111111111,0.323380833,0.666666667,0.48507125,0.055555556,0.23570226,0.0,0.0,0.0,0.0,0.0,0.0,0.055555556,0.23570226
0650.jpg,3.388888888888889,0.111111111,0.323380833,0.444444444,0.511309993,0.0,0.0,0.055555556,0.23570226,0.166666667,0.383482494,0.0,0.0,0.111111111,0.323380833
20_11_05.bmp,1.7777777777777777,0.611111111,0.501631326,0.5,0.514495755,0.055555556,0.23570226,0.0,0.0,0.055555556,0.23570226,0.111111111,0.323380833,0.0,0.0
0539.jpg,2.7222222222222223,0.111111111,0.323380833,0.388888889,0.501631326,0.0,0.0,0.111111111,0.323380833,0.777777778,0.427792632,0.055555556,0.23570226,0.0,0.0
02_23_02.bmp,2.888888888888889,0.166666667,0.383482494,0.166666667,0.383482494,0.0,0.0,0.666666667,0.48507125,0.277777778,0.460888599,0.055555556,0.23570226,0.0,0.0
23_05_05.bmp,1.8888888888888888,0.333333333,0.48507125,0.722222222,0.460888599,0.055555556,0.23570226,0.055555556,0.23570226,0.277777778,0.460888599,0.055555556,0.23570226,0.0,0.0
01157.jpg,4.111111111111111,0.166666667,0.383482494,0.166666667,0.383482494,0.055555556,0.23570226,0.0,0.0,0.222222222,0.427792632,0.055555556,0.23570226,0.0,0.0
03_14_05.bmp,1.7777777777777777,0.055555556,0.23570226,0.111111111,0.323380833,0.055555556,0.23570226,0.888888889,0.323380833,0.222222222,0.427792632,0.055555556,0.23570226,0.0,0.0
29_14_03.bmp,2.1666666666666665,0.111111111,0.323380833,0.333333333,0.48507125,0.055555556,0.23570226,0.722222222,0.460888599,0.111111111,0.323380833,0.111111111,0.323380833,0.055555556,0.23570226
13_21_02.bmp,2.833333333333333,0.111111111,0.323380833,0.277777778,0.460888599,0.5,0.514495755,0.0,0.0,0.111111111,0.323380833,0.055555556,0.23570226,0.055555556,0.23570226
0862.jpg,3.388888888888889,0.111111111,0.323380833,0.444444444,0.511309993,0.055555556,0.23570226,0.055555556,0.23570226,0.166666667,0.383482494,0.0,0.0,0.055555556,0.23570226
20_06_04.bmp,1.8333333333333333,0.333333333,0.48507125,0.333333333,0.48507125,0.166666667,0.383482494,0.055555556,0.23570226,0.055555556,0.23570226,0.277777778,0.460888599,0.0,0.0
12_20_03.bmp,2.2777777777777777,0.388888889,0.501631326,0.222222222,0.427792632,0.277777778,0.460888599,0.222222222,0.427792632,0.055555556,0.23570226,0.055555556,0.23570226,0.055555556,0.23570226
0188.jpg,3.7777777777777777,0.055555556,0.23570226,0.166666667,0.383482494,0.666666667,0.48507125,0.055555556,0.23570226,0.055555556,0.23570226,0.0,0.0,0.055555556,0.23570226
28_10_02.bmp,2.555555555555556,0.666666667,0.48507125,0.277777778,0.460888599,0.111111111,0.323380833,0.055555556,0.23570226,0.222222222,0.427792632,0.111111111,0.323380833,0.0,0.0
28_08_02.bmp,3.055555555555556,0.111111111,0.323380833,0.611111111,0.501631326,0.055555556,0.23570226,0.0,0.0,0.222222222,0.427792632,0.111111111,0.323380833,0.0,0.0
24_06_03.bmp,2.5,0.222222222,0.427792632,0.388888889,0.501631326,0.388888889,0.501631326,0.055555556,0.23570226,0.0,0.0,0.0,0.0,0.0,0.0
17_19_04.bmp,2.388888888888889,0.111111111,0.323380833,0.277777778,0.460888599,0.722222222,0.460888599,0.0,0.0,0.222222222,0.427792632,0.111111111,0.323380833,0.0,0.0
05_09_05.bmp,2.055555555555556,0.833333333,0.383482494,0.333333333,0.48507125,0.111111111,0.323380833,0.0,0.0,0.111111111,0.323380833,0.055555556,0.23570226,0.0,0.0
20_18_03.bmp,2.4444444444444446,0.222222222,0.427792632,0.722222222,0.460888599,0.055555556,0.23570226,0.0,0.0,0.111111111,0.323380833,0.055555556,0.23570226,0.0,0.0
28_08_05.bmp,2.111111111111111,0.444444444,0.511309993,0.611111111,0.501631326,0.055555556,0.23570226,0.055555556,0.23570226,0.222222222,0.427792632,0.055555556,0.23570226,0.0,0.0
26_09_05.bmp,2.555555555555556,0.666666667,0.48507125,0.222222222,0.427792632,0.055555556,0.23570226,0.055555556,0.23570226,0.055555556,0.23570226,0.0,0.0,0.0,0.0
24_09_04.bmp,2.388888888888889,0.722222222,0.460888599,0.333333333,0.48507125,0.055555556,0.23570226,0.0,0.0,0.111111111,0.323380833,0.0,0.0,0.055555556,0.23570226
08_14_01.bmp,4.0,0.222222222,0.427792632,0.0,0.0,0.055555556,0.23570226,0.333333333,0.48507125,0.055555556,0.23570226,0.0,0.0,0.055555556,0.23570226
35_15_05.bmp,2.611111111111111,0.111111111,0.323380833,0.666666667,0.48507125,0.0,0.0,0.222222222,0.427792632,0.055555556,0.23570226,0.0,0.0,0.055555556,0.23570226
17_13_02.bmp,3.388888888888889,0.0,0.0,0.444444444,0.511309993,0.388888889,0.501631326,0.0,0.0,0.166666667,0.383482494,0.055555556,0.23570226,0.055555556,0.23570226
20_12_05.bmp,2.1666666666666665,0.666666667,0.48507125,0.444444444,0.511309993,0.055555556,0.23570226,0.055555556,0.23570226,0.055555556,0.23570226,0.111111111,0.323380833,0.0,0.0
01292.jpg,3.4444444444444446,0.333333333,0.48507125,0.555555556,0.511309993,0.111111111,0.323380833,0.0,0.0,0.388888889,0.501631326,0.0,0.0,0.0,0.0
10_22_01.bmp,2.833333333333333,0.055555556,0.23570226,0.722222222,0.460888599,0.0,0.0,0.055555556,0.23570226,0.388888889,0.501631326,0.277777778,0.460888599,0.055555556,0.23570226
02_24_01.bmp,2.888888888888889,0.111111111,0.323380833,0.555555556,0.511309993,0.0,0.0,0.111111111,0.323380833,0.333333333,0.48507125,0.055555556,0.23570226,0.111111111,0.323380833
24_03_05.bmp,1.7777777777777777,0.111111111,0.323380833,0.833333333,0.383482494,0.0,0.0,0.055555556,0.23570226,0.055555556,0.23570226,0.0,0.0,0.0,0.0
24_03_02.bmp,3.111111111111111,0.055555556,0.23570226,0.666666667,0.48507125,0.111111111,0.323380833,0.0,0.0,0.0,0.0,0.055555556,0.23570226,0.0,0.0
32_08_04.bmp,2.1666666666666665,0.166666667,0.383482494,0.666666667,0.48507125,0.055555556,0.23570226,0.111111111,0.323380833,0.444444444,0.511309993,0.111111111,0.323380833,0.055555556,0.23570226
36_04_03.bmp,2.833333333333333,0.222222222,0.427792632,0.444444444,0.511309993,0.277777778,0.460888599,0.055555556,0.23570226,0.0,0.0,0.055555556,0.23570226,0.055555556,0.23570226
35_06_01.bmp,2.5,0.277777778,0.460888599,0.555555556,0.511309993,0.277777778,0.460888599,0.055555556,0.23570226,0.0,0.0,0.055555556,0.23570226,0.055555556,0.23570226
05_02_01.bmp,2.9444444444444446,0.111111111,0.323380833,0.611111111,0.501631326,0.111111111,0.323380833,0.0,0.0,0.0,0.0,0.055555556,0.23570226,0.055555556,0.23570226
22_15_02.bmp,2.555555555555556,0.055555556,0.23570226,0.333333333,0.48507125,0.722222222,0.460888599,0.055555556,0.23570226,0.111111111,0.323380833,0.055555556,0.23570226,0.0,0.0
14_13_02.bmp,3.2222222222222223,0.055555556,0.23570226,0.222222222,0.427792632,0.5,0.514495755,0.055555556,0.23570226,0.0,0.0,0.055555556,0.23570226,0.055555556,0.23570226
08_25_05.bmp,2.2777777777777777,0.222222222,0.427792632,0.0,0.0,0.0,0.0,0.0,0.0,0.111111111,0.323380833,0.0,0.0,0.888888889,0.323380833
30_19_02.bmp,2.888888888888889,0.277777778,0.460888599,0.333333333,0.48507125,0.222222222,0.427792632,0.0,0.0,0.277777778,0.460888599,0.0,0.0,0.0,0.0
25_21_03.bmp,2.388888888888889,0.111111111,0.323380833,0.5,0.514495755,0.611111111,0.501631326,0.055555556,0.23570226,0.111111111,0.323380833,0.055555556,0.23570226,0.111111111,0.323380833
22_06_05.bmp,1.6666666666666667,0.388888889,0.501631326,0.444444444,0.511309993,0.166666667,0.383482494,0.055555556,0.23570226,0.111111111,0.323380833,0.166666667,0.383482494,0.055555556,0.23570226
0823.jpg,3.1666666666666665,0.055555556,0.23570226,0.555555556,0.511309993,0.0,0.0,0.0,0.0,0.166666667,0.383482494,0.111111111,0.323380833,0.0,0.0
31_18_02.bmp,2.888888888888889,0.111111111,0.323380833,0.666666667,0.48507125,0.0,0.0,0.0,0.0,0.166666667,0.383482494,0.111111111,0.323380833,0.055555556,0.23570226
06_07_02.bmp,2.9444444444444446,0.5,0.514495755,0.444444444,0.511309993,0.055555556,0.23570226,0.055555556,0.23570226,0.0,0.0,0.055555556,0.23570226,0.111111111,0.323380833
23_13_04.bmp,2.833333333333333,0.0,0.0,0.222222222,0.427792632,0.833333333,0.383482494,0.055555556,0.23570226,0.166666667,0.383482494,0.111111111,0.323380833,0.0,0.0
28_16_05.bmp,1.8888888888888888,0.166666667,0.383482494,0.888888889,0.323380833,0.0,0.0,0.055555556,0.23570226,0.166666667,0.383482494,0.0,0.0,0.055555556,0.23570226
0855.jpg,3.7222222222222223,0.055555556,0.23570226,0.444444444,0.511309993,0.055555556,0.23570226,0.0,0.0,0.277777778,0.460888599,0.0,0.0,0.0,0.0
01417.jpg,3.611111111111111,0.111111111,0.323380833,0.611111111,0.501631326,0.055555556,0.23570226,0.055555556,0.23570226,0.0,0.0,0.0,0.0,0.055555556,0.23570226
10_10_04.bmp,2.2222222222222223,0.833333333,0.383482494,0.333333333,0.48507125,0.055555556,0.23570226,0.0,0.0,0.277777778,0.460888599,0.111111111,0.323380833,0.0,0.0
13_04_04.bmp,3.055555555555556,0.333333333,0.48507125,0.166666667,0.383482494,0.111111111,0.323380833,0.0,0.0,0.111111111,0.323380833,0.222222222,0.427792632,0.055555556,0.23570226
18_16_03.bmp,2.7222222222222223,0.166666667,0.383482494,0.722222222,0.460888599,0.0,0.0,0.111111111,0.323380833,0.0,0.0,0.0,0.0,0.111111111,0.323380833
0067.jpg,1.8888888888888888,0.0,0.0,0.611111111,0.501631326,1.0,0.0,0.055555556,0.23570226,0.055555556,0.23570226,0.055555556,0.23570226,0.166666667,0.383482494
20_08_02.bmp,3.2777777777777777,0.166666667,0.383482494,0.5,0.514495755,0.111111111,0.323380833,0.0,0.0,0.111111111,0.323380833,0.111111111,0.323380833,0.0,0.0
37_01_05.bmp,1.7222222222222223,0.055555556,0.23570226,0.944444444,0.23570226,0.111111111,0.323380833,0.0,0.0,0.055555556,0.23570226,0.0,0.0,0.0,0.0
36_07_02.bmp,2.833333333333333,0.111111111,0.323380833,0.722222222,0.460888599,0.055555556,0.23570226,0.0,0.0,0.055555556,0.23570226,0.111111111,0.323380833,0.055555556,0.23570226
31_06_02.bmp,2.7222222222222223,0.222222222,0.427792632,0.555555556,0.511309993,0.222222222,0.427792632,0.111111111,0.323380833,0.166666667,0.383482494,0.111111111,0.323380833,0.055555556,0.23570226
14_24_01.bmp,2.9444444444444446,0.166666667,0.383482494,0.666666667,0.48507125,0.111111111,0.323380833,0.055555556,0.23570226,0.0,0.0,0.055555556,0.23570226,0.111111111,0.323380833
22_24_02.bmp,2.555555555555556,0.166666667,0.383482494,0.833333333,0.383482494,0.0,0.0,0.0,0.0,0.055555556,0.23570226,0.166666667,0.383482494,0.0,0.0
34_20_03.bmp,2.611111111111111,0.444444444,0.511309993,0.5,0.514495755,0.166666667,0.383482494,0.055555556,0.23570226,0.0,0.0,0.055555556,0.23570226,0.0,0.0
0580.jpg,2.9444444444444446,0.055555556,0.23570226,0.222222222,0.427792632,0.055555556,0.23570226,0.111111111,0.323380833,0.611111111,0.501631326,0.055555556,0.23570226,0.055555556,0.23570226
06_10_05.bmp,2.2222222222222223,0.777777778,0.427792632,0.166666667,0.383482494,0.055555556,0.23570226,0.0,0.0,0.111111111,0.323380833,0.055555556,0.23570226,0.055555556,0.23570226
03_06_01.bmp,3.388888888888889,0.222222222,0.427792632,0.277777778,0.460888599,0.166666667,0.383482494,0.0,0.0,0.166666667,0.383482494,0.166666667,0.383482494,0.111111111,0.323380833
12_02_03.bmp,2.333333333333333,0.0,0.0,0.888888889,0.323380833,0.111111111,0.323380833,0.0,0.0,0.0,0.0,0.0,0.0,0.055555556,0.23570226
07_03_02.bmp,2.9444444444444446,0.055555556,0.23570226,0.777777778,0.427792632,0.111111111,0.323380833,0.055555556,0.23570226,0.055555556,0.23570226,0.0,0.0,0.055555556,0.23570226
26_10_04.bmp,2.888888888888889,0.611111111,0.501631326,0.111111111,0.323380833,0.055555556,0.23570226,0.055555556,0.23570226,0.055555556,0.23570226,0.055555556,0.23570226,0.0,0.0
0801.jpg,3.333333333333333,0.055555556,0.23570226,0.5,0.514495755,0.055555556,0.23570226,0.0,0.0,0.166666667,0.383482494,0.111111111,0.323380833,0.0,0.0
02_16_03.bmp,2.611111111111111,0.333333333,0.48507125,0.666666667,0.48507125,0.055555556,0.23570226,0.0,0.0,0.333333333,0.48507125,0.055555556,0.23570226,0.055555556,0.23570226
36_05_04.bmp,2.0,0.222222222,0.427792632,0.888888889,0.323380833,0.166666667,0.383482494,0.0,0.0,0.0,0.0,0.0,0.0,0.111111111,0.323380833
0241.jpg,1.8888888888888888,0.166666667,0.383482494,0.388888889,0.501631326,0.0,0.0,0.888888889,0.323380833,0.111111111,0.323380833,0.0,0.0,0.0,0.0
25_15_02.bmp,2.2777777777777777,0.055555556,0.23570226,0.222222222,0.427792632,0.722222222,0.460888599,0.0,0.0,0.111111111,0.323380833,0.055555556,0.23570226,0.111111111,0.323380833
18_14_03.bmp,2.7222222222222223,0.222222222,0.427792632,0.333333333,0.48507125,0.055555556,0.23570226,0.388888889,0.501631326,0.055555556,0.23570226,0.0,0.0,0.111111111,0.323380833
0112.jpg,2.5,0.055555556,0.23570226,0.5,0.514495755,0.944444444,0.23570226,0.055555556,0.23570226,0.055555556,0.23570226,0.055555556,0.23570226,0.055555556,0.23570226
01_25_05.bmp,2.0,0.055555556,0.23570226,0.333333333,0.48507125,0.055555556,0.23570226,0.055555556,0.23570226,0.055555556,0.23570226,0.0,0.0,0.888888889,0.323380833
14_03_04.bmp,1.9444444444444444,0.055555556,0.23570226,0.833333333,0.383482494,0.111111111,0.323380833,0.0,0.0,0.0,0.0,0.055555556,0.23570226,0.055555556,0.23570226
17_25_02.bmp,2.888888888888889,0.055555556,0.23570226,0.0,0.0,0.0,0.0,0.0,0.0,0.222222222,0.427792632,0.055555556,0.23570226,0.777777778,0.427792632
16_22_05.bmp,1.6111111111111112,0.277777778,0.460888599,0.722222222,0.460888599,0.0,0.0,0.055555556,0.23570226,0.333333333,0.48507125,0.277777778,0.460888599,0.0,0.0
04_25_05.bmp,2.2222222222222223,0.166666667,0.383482494,0.388888889,0.501631326,0.055555556,0.23570226,0.0,0.0,0.222222222,0.427792632,0.0,0.0,0.944444444,0.23570226
14_16_05.bmp,1.5555555555555556,0.222222222,0.427792632,0.888888889,0.323380833,0.0,0.0,0.0,0.0,0.055555556,0.23570226,0.055555556,0.23570226,0.055555556,0.23570226
24_02_02.bmp,3.0,0.111111111,0.323380833,0.777777778,0.427792632,0.111111111,0.323380833,0.0,0.0,0.0,0.0,0.0,0.0,0.055555556,0.23570226
01_15_01.bmp,1.9444444444444444,0.111111111,0.323380833,0.666666667,0.48507125,0.722222222,0.460888599,0.0,0.0,0.055555556,0.23570226,0.0,0.0,0.055555556,0.23570226
0318.jpg,3.2222222222222223,0.055555556,0.23570226,0.722222222,0.460888599,0.0,0.0,0.111111111,0.323380833,0.111111111,0.323380833,0.055555556,0.23570226,0.0,0.0
11_10_01.bmp,3.0,0.333333333,0.48507125,0.388888889,0.501631326,0.055555556,0.23570226,0.111111111,0.323380833,0.277777778,0.460888599,0.055555556,0.23570226,0.0,0.0
22_02_01.bmp,3.1666666666666665,0.111111111,0.323380833,0.611111111,0.501631326,0.055555556,0.23570226,0.055555556,0.23570226,0.111111111,0.323380833,0.111111111,0.323380833,0.0,0.0
19_08_01.bmp,3.5,0.222222222,0.427792632,0.444444444,0.511309993,0.111111111,0.323380833,0.0,0.0,0.111111111,0.323380833,0.055555556,0.23570226,0.055555556,0.23570226
34_16_03.bmp,2.6666666666666665,0.166666667,0.383482494,0.5,0.514495755,0.055555556,0.23570226,0.388888889,0.501631326,0.055555556,0.23570226,0.0,0.0,0.0,0.0
29_01_04.bmp,2.388888888888889,0.055555556,0.23570226,0.833333333,0.383482494,0.055555556,0.23570226,0.111111111,0.323380833,0.055555556,0.23570226,0.0,0.0,0.0,0.0
01237.jpg,4.166666666666667,0.166666667,0.383482494,0.222222222,0.427792632,0.0,0.0,0.055555556,0.23570226,0.444444444,0.511309993,0.0,0.0,0.0,0.0
05_11_05.bmp,1.7777777777777777,0.777777778,0.427792632,0.388888889,0.501631326,0.055555556,0.23570226,0.0,0.0,0.111111111,0.323380833,0.111111111,0.323380833,0.055555556,0.23570226
01283.jpg,2.9444444444444446,0.444444444,0.511309993,0.722222222,0.460888599,0.055555556,0.23570226,0.0,0.0,0.333333333,0.48507125,0.0,0.0,0.055555556,0.23570226
0669.jpg,3.111111111111111,0.0,0.0,0.388888889,0.501631326,0.055555556,0.23570226,0.111111111,0.323380833,0.555555556,0.511309993,0.166666667,0.383482494,0.055555556,0.23570226
24_08_03.bmp,2.555555555555556,0.166666667,0.383482494,0.777777778,0.427792632,0.055555556,0.23570226,0.0,0.0,0.055555556,0.23570226,0.0,0.0,0.055555556,0.23570226
19_04_05.bmp,2.388888888888889,0.388888889,0.501631326,0.166666667,0.383482494,0.222222222,0.427792632,0.055555556,0.23570226,0.111111111,0.323380833,0.166666667,0.383482494,0.055555556,0.23570226
1019.jpg,3.555555555555556,0.055555556,0.23570226,0.277777778,0.460888599,0.055555556,0.23570226,0.166666667,0.383482494,0.166666667,0.383482494,0.111111111,0.323380833,0.055555556,0.23570226
01404.jpg,4.055555555555555,0.0,0.0,0.555555556,0.511309993,0.111111111,0.323380833,0.0,0.0,0.0,0.0,0.0,0.0,0.055555556,0.23570226
32_13_05.bmp,1.6666666666666667,0.0,0.0,0.222222222,0.427792632,0.888888889,0.323380833,0.0,0.0,0.333333333,0.48507125,0.055555556,0.23570226,0.055555556,0.23570226
1036.jpg,3.6666666666666665,0.111111111,0.323380833,0.166666667,0.383482494,0.0,0.0,0.5,0.514495755,0.111111111,0.323380833,0.0,0.0,0.0,0.0
0162.jpg,2.611111111111111,0.111111111,0.323380833,0.444444444,0.511309993,0.833333333,0.383482494,0.0,0.0,0.277777778,0.460888599,0.055555556,0.23570226,0.055555556,0.23570226
01391.jpg,3.7222222222222223,0.055555556,0.23570226,0.611111111,0.501631326,0.111111111,0.323380833,0.055555556,0.23570226,0.0,0.0,0.055555556,0.23570226,0.055555556,0.23570226
01431.jpg,3.555555555555556,0.0,0.0,0.5,0.514495755,0.166666667,0.383482494,0.0,0.0,0.0,0.0,0.0,0.0,0.055555556,0.23570226
0334.jpg,2.5,0.055555556,0.23570226,0.777777778,0.427792632,0.0,0.0,0.0,0.0,0.111111111,0.323380833,0.0,0.0,0.111111111,0.323380833
33_24_01.bmp,3.388888888888889,0.111111111,0.323380833,0.444444444,0.511309993,0.0,0.0,0.055555556,0.23570226,0.5,0.514495755,0.0,0.0,0.0,0.0
0132.jpg,2.7777777777777777,0.055555556,0.23570226,0.166666667,0.383482494,0.944444444,0.23570226,0.055555556,0.23570226,0.0,0.0,0.055555556,0.23570226,0.055555556,0.23570226
0626.jpg,3.2222222222222223,0.055555556,0.23570226,0.5,0.514495755,0.055555556,0.23570226,0.222222222,0.427792632,0.0,0.0,0.0,0.0,0.055555556,0.23570226
0079.jpg,2.2222222222222223,0.055555556,0.23570226,0.555555556,0.511309993,0.777777778,0.427792632,0.0,0.0,0.055555556,0.23570226,0.055555556,0.23570226,0.166666667,0.383482494
23_04_05.bmp,2.2777777777777777,0.277777778,0.460888599,0.388888889,0.501631326,0.111111111,0.323380833,0.111111111,0.323380833,0.222222222,0.427792632,0.166666667,0.383482494,0.0,0.0
22_25_05.bmp,2.0,0.055555556,0.23570226,0.166666667,0.383482494,0.0,0.0,0.0,0.0,0.0,0.0,0.0,0.0,0.833333333,0.383482494
21_09_05.bmp,2.055555555555556,0.888888889,0.323380833,0.166666667,0.383482494,0.111111111,0.323380833,0.0,0.0,0.055555556,0.23570226,0.0,0.0,0.0,0.0
19_16_04.bmp,2.2222222222222223,0.277777778,0.460888599,0.722222222,0.460888599,0.055555556,0.23570226,0.0,0.0,0.055555556,0.23570226,0.055555556,0.23570226,0.0,0.0
0283.jpg,1.7777777777777777,0.222222222,0.427792632,0.277777778,0.460888599,0.0,0.0,0.888888889,0.323380833,0.111111111,0.323380833,0.055555556,0.23570226,0.055555556,0.23570226
34_20_01.bmp,2.9444444444444446,0.277777778,0.460888599,0.5,0.514495755,0.277777778,0.460888599,0.111111111,0.323380833,0.055555556,0.23570226,0.055555556,0.23570226,0.0,0.0
34_02_04.bmp,1.6666666666666667,0.055555556,0.23570226,0.888888889,0.323380833,0.111111111,0.323380833,0.0,0.0,0.166666667,0.383482494,0.0,0.0,0.0,0.0
03_08_03.bmp,3.333333333333333,0.333333333,0.48507125,0.5,0.514495755,0.055555556,0.23570226,0.0,0.0,0.111111111,0.323380833,0.0,0.0,0.055555556,0.23570226
16_11_02.bmp,3.1666666666666665,0.666666667,0.48507125,0.166666667,0.383482494,0.0,0.0,0.055555556,0.23570226,0.333333333,0.48507125,0.277777778,0.460888599,0.0,0.0
30_18_01.bmp,2.888888888888889,0.055555556,0.23570226,0.555555556,0.511309993,0.055555556,0.23570226,0.111111111,0.323380833,0.277777778,0.460888599,0.111111111,0.323380833,0.0,0.0
32_16_02.bmp,2.888888888888889,0.166666667,0.383482494,0.555555556,0.511309993,0.055555556,0.23570226,0.111111111,0.323380833,0.388888889,0.501631326,0.055555556,0.23570226,0.0,0.0
34_19_02.bmp,3.055555555555556,0.055555556,0.23570226,0.611111111,0.501631326,0.222222222,0.427792632,0.0,0.0,0.0,0.0,0.0,0.0,0.055555556,0.23570226
08_21_04.bmp,2.4444444444444446,0.055555556,0.23570226,0.277777778,0.460888599,0.166666667,0.383482494,0.5,0.514495755,0.055555556,0.23570226,0.055555556,0.23570226,0.0,0.0
11_21_04.bmp,1.6666666666666667,0.111111111,0.323380833,0.222222222,0.427792632,0.222222222,0.427792632,0.555555556,0.511309993,0.166666667,0.383482494,0.055555556,0.23570226,0.0,0.0
14_24_04.bmp,1.7222222222222223,0.055555556,0.23570226,1.0,0.0,0.055555556,0.23570226,0.055555556,0.23570226,0.055555556,0.23570226,0.111111111,0.323380833,0.0,0.0
0513.jpg,2.6666666666666665,0.111111111,0.323380833,0.444444444,0.511309993,0.055555556,0.23570226,0.555555556,0.511309993,0.611111111,0.501631326,0.0,0.0,0.055555556,0.23570226
02_13_05.bmp,2.388888888888889,0.0,0.0,0.166666667,0.383482494,0.944444444,0.23570226,0.055555556,0.23570226,0.388888889,0.501631326,0.0,0.0,0.0,0.0
32_18_04.bmp,2.555555555555556,0.055555556,0.23570226,0.722222222,0.460888599,0.055555556,0.23570226,0.055555556,0.23570226,0.388888889,0.501631326,0.055555556,0.23570226,0.0,0.0
32_22_03.bmp,2.333333333333333,0.111111111,0.323380833,0.777777778,0.427792632,0.055555556,0.23570226,0.055555556,0.23570226,0.388888889,0.501631326,0.055555556,0.23570226,0.0,0.0
27_09_03.bmp,2.611111111111111,0.611111111,0.501631326,0.277777778,0.460888599,0.055555556,0.23570226,0.0,0.0,0.388888889,0.501631326,0.111111111,0.323380833,0.055555556,0.23570226
37_15_04.bmp,2.888888888888889,0.222222222,0.427792632,0.388888889,0.501631326,0.0,0.0,0.388888889,0.501631326,0.055555556,0.23570226,0.055555556,0.23570226,0.0,0.0
18_23_01.bmp,3.0,0.111111111,0.323380833,0.222222222,0.427792632,0.055555556,0.23570226,0.722222222,0.460888599,0.0,0.0,0.0,0.0,0.111111111,0.323380833
03_21_04.bmp,2.7222222222222223,0.277777778,0.460888599,0.333333333,0.48507125,0.111111111,0.323380833,0.5,0.514495755,0.055555556,0.23570226,0.055555556,0.23570226,0.055555556,0.23570226
24_14_04.bmp,2.055555555555556,0.111111111,0.323380833,0.166666667,0.383482494,0.055555556,0.23570226,0.833333333,0.383482494,0.055555556,0.23570226,0.055555556,0.23570226,0.0,0.0
1024.jpg,2.7777777777777777,0.055555556,0.23570226,0.555555556,0.511309993,0.055555556,0.23570226,0.555555556,0.511309993,0.111111111,0.323380833,0.055555556,0.23570226,0.0,0.0
37_07_03.bmp,2.2777777777777777,0.166666667,0.383482494,0.777777778,0.427792632,0.055555556,0.23570226,0.111111111,0.323380833,0.055555556,0.23570226,0.055555556,0.23570226,0.0,0.0
0942.jpg,2.888888888888889,0.0,0.0,0.444444444,0.511309993,0.055555556,0.23570226,0.666666667,0.48507125,0.111111111,0.323380833,0.0,0.0,0.055555556,0.23570226
0516.jpg,3.0,0.055555556,0.23570226,0.333333333,0.48507125,0.055555556,0.23570226,0.444444444,0.511309993,0.666666667,0.48507125,0.0,0.0,0.0,0.0
07_22_03.bmp,1.9444444444444444,0.277777778,0.460888599,0.666666667,0.48507125,0.166666667,0.383482494,0.055555556,0.23570226,0.0,0.0,0.0,0.0,0.0,0.0
0689.jpg,2.888888888888889,0.166666667,0.383482494,0.277777778,0.460888599,0.111111111,0.323380833,0.0,0.0,0.166666667,0.383482494,0.5,0.514495755,0.111111111,0.323380833
16_17_04.bmp,2.333333333333333,0.055555556,0.23570226,0.5,0.514495755,0.055555556,0.23570226,0.0,0.0,0.388888889,0.501631326,0.388888889,0.501631326,0.111111111,0.323380833
29_25_02.bmp,2.6666666666666665,0.055555556,0.23570226,0.055555556,0.23570226,0.0,0.0,0.0,0.0,0.111111111,0.323380833,0.111111111,0.323380833,0.944444444,0.23570226
19_07_02.bmp,2.555555555555556,0.222222222,0.427792632,0.777777778,0.427792632,0.111111111,0.323380833,0.0,0.0,0.111111111,0.323380833,0.166666667,0.383482494,0.0,0.0
12_24_04.bmp,1.7222222222222223,0.166666667,0.383482494,0.833333333,0.383482494,0.111111111,0.323380833,0.0,0.0,0.055555556,0.23570226,0.0,0.0,0.055555556,0.23570226
0687.jpg,2.9444444444444446,0.055555556,0.23570226,0.444444444,0.511309993,0.0,0.0,0.166666667,0.383482494,0.222222222,0.427792632,0.055555556,0.23570226,0.055555556,0.23570226
01403.jpg,3.5,0.0,0.0,0.5,0.514495755,0.111111111,0.323380833,0.055555556,0.23570226,0.055555556,0.23570226,0.0,0.0,0.055555556,0.23570226
20_25_02.bmp,2.555555555555556,0.111111111,0.323380833,0.111111111,0.323380833,0.055555556,0.23570226,0.0,0.0,0.055555556,0.23570226,0.055555556,0.23570226,0.888888889,0.323380833
24_17_04.bmp,2.4444444444444446,0.111111111,0.323380833,0.5,0.514495755,0.055555556,0.23570226,0.0,0.0,0.055555556,0.23570226,0.111111111,0.323380833,0.222222222,0.427792632
28_16_02.bmp,3.111111111111111,0.111111111,0.323380833,0.555555556,0.511309993,0.0,0.0,0.055555556,0.23570226,0.277777778,0.460888599,0.0,0.0,0.0,0.0
10_17_05.bmp,2.4444444444444446,0.0,0.0,0.555555556,0.511309993,0.055555556,0.23570226,0.055555556,0.23570226,0.444444444,0.511309993,0.222222222,0.427792632,0.222222222,0.427792632
0115.jpg,2.611111111111111,0.0,0.0,0.277777778,0.460888599,0.944444444,0.23570226,0.0,0.0,0.055555556,0.23570226,0.0,0.0,0.166666667,0.383482494
36_14_03.bmp,3.111111111111111,0.222222222,0.427792632,0.333333333,0.48507125,0.166666667,0.383482494,0.166666667,0.383482494,0.0,0.0,0.055555556,0.23570226,0.111111111,0.323380833
01479.jpg,3.888888888888889,0.166666667,0.383482494,0.333333333,0.48507125,0.166666667,0.383482494,0.0,0.0,0.0,0.0,0.055555556,0.23570226,0.111111111,0.323380833
0636.jpg,3.4444444444444446,0.111111111,0.323380833,0.388888889,0.501631326,0.055555556,0.23570226,0.055555556,0.23570226,0.055555556,0.23570226,0.111111111,0.323380833,0.055555556,0.23570226
24_25_05.bmp,2.0,0.111111111,0.323380833,0.111111111,0.323380833,0.0,0.0,0.0,0.0,0.111111111,0.323380833,0.0,0.0,0.833333333,0.383482494
0540.jpg,3.388888888888889,0.055555556,0.23570226,0.333333333,0.48507125,0.111111111,0.323380833,0.111111111,0.323380833,0.666666667,0.48507125,0.0,0.0,0.0,0.0
13_16_04.bmp,2.111111111111111,0.166666667,0.383482494,0.777777778,0.427792632,0.0,0.0,0.055555556,0.23570226,0.166666667,0.383482494,0.055555556,0.23570226,0.055555556,0.23570226
20_12_03.bmp,2.7222222222222223,0.666666667,0.48507125,0.388888889,0.501631326,0.111111111,0.323380833,0.0,0.0,0.111111111,0.323380833,0.111111111,0.323380833,0.0,0.0
20_21_05.bmp,1.7777777777777777,0.166666667,0.383482494,0.222222222,0.427792632,0.055555556,0.23570226,0.611111111,0.501631326,0.166666667,0.383482494,0.055555556,0.23570226,0.0,0.0
10_23_01.bmp,3.1666666666666665,0.055555556,0.23570226,0.333333333,0.48507125,0.055555556,0.23570226,0.666666667,0.48507125,0.277777778,0.460888599,0.166666667,0.383482494,0.055555556,0.23570226
0934.jpg,2.611111111111111,0.111111111,0.323380833,0.5,0.514495755,0.055555556,0.23570226,0.611111111,0.501631326,0.222222222,0.427792632,0.0,0.0,0.055555556,0.23570226
28_08_04.bmp,2.4444444444444446,0.277777778,0.460888599,0.611111111,0.501631326,0.0,0.0,0.111111111,0.323380833,0.166666667,0.383482494,0.055555556,0.23570226,0.0,0.0
01444.jpg,3.2222222222222223,0.111111111,0.323380833,0.555555556,0.511309993,0.166666667,0.383482494,0.055555556,0.23570226,0.0,0.0,0.0,0.0,0.0,0.0
16_22_04.bmp,1.9444444444444444,0.222222222,0.427792632,0.777777778,0.427792632,0.0,0.0,0.0,0.0,0.388888889,0.501631326,0.277777778,0.460888599,0.055555556,0.23570226
31_11_03.bmp,2.6666666666666665,0.611111111,0.501631326,0.166666667,0.383482494,0.111111111,0.323380833,0.055555556,0.23570226,0.166666667,0.383482494,0.0,0.0,0.055555556,0.23570226
08_11_05.bmp,2.4444444444444446,0.888888889,0.323380833,0.111111111,0.323380833,0.055555556,0.23570226,0.0,0.0,0.055555556,0.23570226,0.055555556,0.23570226,0.0,0.0
01416.jpg,3.388888888888889,0.055555556,0.23570226,0.666666667,0.48507125,0.055555556,0.23570226,0.0,0.0,0.055555556,0.23570226,0.0,0.0,0.055555556,0.23570226
01388.jpg,3.055555555555556,0.055555556,0.23570226,0.666666667,0.48507125,0.111111111,0.323380833,0.0,0.0,0.0,0.0,0.055555556,0.23570226,0.055555556,0.23570226
0317.jpg,2.5,0.111111111,0.323380833,0.833333333,0.383482494,0.0,0.0,0.166666667,0.383482494,0.111111111,0.323380833,0.055555556,0.23570226,0.055555556,0.23570226
33_24_05.bmp,1.6666666666666667,0.055555556,0.23570226,0.833333333,0.383482494,0.055555556,0.23570226,0.0,0.0,0.333333333,0.48507125,0.0,0.0,0.055555556,0.23570226
0849.jpg,3.388888888888889,0.166666667,0.383482494,0.444444444,0.511309993,0.0,0.0,0.0,0.0,0.333333333,0.48507125,0.055555556,0.23570226,0.0,0.0
0081.jpg,2.2222222222222223,0.055555556,0.23570226,0.722222222,0.460888599,0.777777778,0.427792632,0.055555556,0.23570226,0.166666667,0.383482494,0.0,0.0,0.0,0.0
33_20_01.bmp,2.833333333333333,0.333333333,0.48507125,0.444444444,0.511309993,0.111111111,0.323380833,0.111111111,0.323380833,0.388888889,0.501631326,0.055555556,0.23570226,0.0,0.0
05_15_05.bmp,3.4444444444444446,0.166666667,0.383482494,0.444444444,0.511309993,0.055555556,0.23570226,0.166666667,0.383482494,0.0,0.0,0.055555556,0.23570226,0.055555556,0.23570226
0752.jpg,3.333333333333333,0.055555556,0.23570226,0.5,0.514495755,0.0,0.0,0.0,0.0,0.0,0.0,0.055555556,0.23570226,0.111111111,0.323380833
25_24_05.bmp,1.3333333333333333,0.166666667,0.383482494,0.888888889,0.323380833,0.055555556,0.23570226,0.0,0.0,0.111111111,0.323380833,0.0,0.0,0.0,0.0
30_06_02.bmp,2.888888888888889,0.277777778,0.460888599,0.166666667,0.383482494,0.277777778,0.460888599,0.055555556,0.23570226,0.277777778,0.460888599,0.166666667,0.383482494,0.0,0.0
25_10_03.bmp,2.5,0.722222222,0.460888599,0.388888889,0.501631326,0.111111111,0.323380833,0.055555556,0.23570226,0.166666667,0.383482494,0.0,0.0,0.055555556,0.23570226
0556.jpg,2.7222222222222223,0.166666667,0.383482494,0.388888889,0.501631326,0.0,0.0,0.111111111,0.323380833,0.722222222,0.460888599,0.0,0.0,0.0,0.0
12_13_01.bmp,3.4444444444444446,0.111111111,0.323380833,0.166666667,0.383482494,0.166666667,0.383482494,0.055555556,0.23570226,0.111111111,0.323380833,0.055555556,0.23570226,0.055555556,0.23570226
01342.jpg,3.2222222222222223,0.055555556,0.23570226,0.666666667,0.48507125,0.222222222,0.427792632,0.0,0.0,0.055555556,0.23570226,0.0,0.0,0.111111111,0.323380833
33_07_02.bmp,2.888888888888889,0.0,0.0,0.722222222,0.460888599,0.055555556,0.23570226,0.0,0.0,0.5,0.514495755,0.055555556,0.23570226,0.0,0.0
37_06_02.bmp,2.833333333333333,0.333333333,0.48507125,0.5,0.514495755,0.111111111,0.323380833,0.111111111,0.323380833,0.055555556,0.23570226,0.222222222,0.427792632,0.055555556,0.23570226
0874.jpg,3.611111111111111,0.055555556,0.23570226,0.444444444,0.511309993,0.055555556,0.23570226,0.0,0.0,0.111111111,0.323380833,0.055555556,0.23570226,0.0,0.0
22_21_02.bmp,2.7222222222222223,0.111111111,0.323380833,0.166666667,0.383482494,0.722222222,0.460888599,0.0,0.0,0.055555556,0.23570226,0.0,0.0,0.0,0.0
24_08_05.bmp,1.7222222222222223,0.388888889,0.501631326,0.722222222,0.460888599,0.0,0.0,0.0,0.0,0.0,0.0,0.055555556,0.23570226,0.0,0.0
28_25_05.bmp,1.9444444444444444,0.055555556,0.23570226,0.166666667,0.383482494,0.111111111,0.323380833,0.0,0.0,0.166666667,0.383482494,0.111111111,0.323380833,0.777777778,0.427792632
17_05_02.bmp,3.1666666666666665,0.222222222,0.427792632,0.666666667,0.48507125,0.055555556,0.23570226,0.055555556,0.23570226,0.222222222,0.427792632,0.111111111,0.323380833,0.0,0.0
0013.jpg,3.111111111111111,0.0,0.0,0.277777778,0.460888599,0.777777778,0.427792632,0.0,0.0,0.166666667,0.383482494,0.055555556,0.23570226,0.0,0.0
0379.jpg,2.4444444444444446,0.166666667,0.383482494,0.833333333,0.383482494,0.0,0.0,0.055555556,0.23570226,0.055555556,0.23570226,0.055555556,0.23570226,0.055555556,0.23570226
08_25_01.bmp,3.055555555555556,0.166666667,0.383482494,0.111111111,0.323380833,0.0,0.0,0.055555556,0.23570226,0.055555556,0.23570226,0.0,0.0,0.777777778,0.427792632
13_02_04.bmp,1.3333333333333333,0.055555556,0.23570226,0.944444444,0.23570226,0.055555556,0.23570226,0.055555556,0.23570226,0.055555556,0.23570226,0.0,0.0,0.0,0.0
34_16_02.bmp,2.7222222222222223,0.166666667,0.383482494,0.444444444,0.511309993,0.0,0.0,0.444444444,0.511309993,0.055555556,0.23570226,0.0,0.0,0.055555556,0.23570226
0599.jpg,3.2777777777777777,0.055555556,0.23570226,0.388888889,0.501631326,0.0,0.0,0.166666667,0.383482494,0.5,0.514495755,0.111111111,0.323380833,0.055555556,0.23570226
37_01_01.bmp,3.888888888888889,0.0,0.0,0.5,0.514495755,0.0,0.0,0.111111111,0.323380833,0.055555556,0.23570226,0.111111111,0.323380833,0.0,0.0
29_06_03.bmp,1.8333333333333333,0.333333333,0.48507125,0.277777778,0.460888599,0.277777778,0.460888599,0.111111111,0.323380833,0.055555556,0.23570226,0.166666667,0.383482494,0.055555556,0.23570226
24_15_05.bmp,2.2222222222222223,0.055555556,0.23570226,0.277777778,0.460888599,0.111111111,0.323380833,0.777777778,0.427792632,0.0,0.0,0.0,0.0,0.0,0.0
0534.jpg,3.2222222222222223,0.055555556,0.23570226,0.388888889,0.501631326,0.0,0.0,0.111111111,0.323380833,0.888888889,0.323380833,0.0,0.0,0.0,0.0
19_23_02.bmp,3.055555555555556,0.111111111,0.323380833,0.055555556,0.23570226,0.0,0.0,0.666666667,0.48507125,0.055555556,0.23570226,0.055555556,0.23570226,0.166666667,0.383482494
1034.jpg,3.055555555555556,0.055555556,0.23570226,0.388888889,0.501631326,0.055555556,0.23570226,0.444444444,0.511309993,0.111111111,0.323380833,0.055555556,0.23570226,0.055555556,0.23570226
27_01_01.bmp,3.111111111111111,0.0,0.0,0.388888889,0.501631326,0.055555556,0.23570226,0.055555556,0.23570226,0.611111111,0.501631326,0.0,0.0,0.0,0.0
35_18_04.bmp,2.0,0.166666667,0.383482494,0.888888889,0.323380833,0.111111111,0.323380833,0.0,0.0,0.0,0.0,0.0,0.0,0.055555556,0.23570226
34_09_03.bmp,2.611111111111111,0.777777778,0.427792632,0.333333333,0.48507125,0.111111111,0.323380833,0.0,0.0,0.0,0.0,0.0,0.0,0.055555556,0.23570226
07_02_04.bmp,1.6666666666666667,0.0,0.0,1.0,0.0,0.111111111,0.323380833,0.055555556,0.23570226,0.0,0.0,0.0,0.0,0.0,0.0
21_12_02.bmp,3.2777777777777777,0.611111111,0.501631326,0.222222222,0.427792632,0.0,0.0,0.0,0.0,0.055555556,0.23570226,0.0,0.0,0.0,0.0
37_18_03.bmp,3.2222222222222223,0.222222222,0.427792632,0.722222222,0.460888599,0.0,0.0,0.0,0.0,0.055555556,0.23570226,0.055555556,0.23570226,0.0,0.0
0420.jpg,3.111111111111111,0.055555556,0.23570226,0.666666667,0.48507125,0.0,0.0,0.166666667,0.383482494,0.055555556,0.23570226,0.055555556,0.23570226,0.055555556,0.23570226
32_04_01.bmp,2.7777777777777777,0.055555556,0.23570226,0.444444444,0.511309993,0.277777778,0.460888599,0.0,0.0,0.388888889,0.501631326,0.055555556,0.23570226,0.0,0.0
01359.jpg,3.2222222222222223,0.111111111,0.323380833,0.666666667,0.48507125,0.166666667,0.383482494,0.055555556,0.23570226,0.0,0.0,0.055555556,0.23570226,0.055555556,0.23570226
28_16_04.bmp,2.5,0.111111111,0.323380833,0.777777778,0.427792632,0.055555556,0.23570226,0.111111111,0.323380833,0.222222222,0.427792632,0.0,0.0,0.0,0.0
31_21_03.bmp,2.7777777777777777,0.055555556,0.23570226,0.222222222,0.427792632,0.666666667,0.48507125,0.0,0.0,0.166666667,0.383482494,0.0,0.0,0.111111111,0.323380833
02_22_05.bmp,1.7777777777777777,0.444444444,0.511309993,0.611111111,0.501631326,0.055555556,0.23570226,0.055555556,0.23570226,0.333333333,0.48507125,0.055555556,0.23570226,0.055555556,0.23570226
0278.jpg,2.2222222222222223,0.111111111,0.323380833,0.222222222,0.427792632,0.055555556,0.23570226,0.888888889,0.323380833,0.055555556,0.23570226,0.055555556,0.23570226,0.0,0.0
08_15_04.bmp,3.333333333333333,0.111111111,0.323380833,0.333333333,0.48507125,0.0,0.0,0.5,0.514495755,0.111111111,0.323380833,0.0,0.0,0.0,0.0
31_09_05.bmp,2.2777777777777777,0.777777778,0.427792632,0.222222222,0.427792632,0.111111111,0.323380833,0.0,0.0,0.166666667,0.383482494,0.0,0.0,0.055555556,0.23570226
21_08_05.bmp,1.7777777777777777,0.444444444,0.511309993,0.611111111,0.501631326,0.0,0.0,0.166666667,0.383482494,0.055555556,0.23570226,0.055555556,0.23570226,0.0,0.0
24_21_03.bmp,2.7222222222222223,0.111111111,0.323380833,0.388888889,0.501631326,0.333333333,0.48507125,0.111111111,0.323380833,0.055555556,0.23570226,0.0,0.0,0.0,0.0
11_08_02.bmp,2.7222222222222223,0.166666667,0.383482494,0.555555556,0.511309993,0.055555556,0.23570226,0.055555556,0.23570226,0.388888889,0.501631326,0.055555556,0.23570226,0.055555556,0.23570226
01468.jpg,3.6666666666666665,0.055555556,0.23570226,0.555555556,0.511309993,0.111111111,0.323380833,0.0,0.0,0.055555556,0.23570226,0.0,0.0,0.111111111,0.323380833
01451.jpg,3.9444444444444446,0.055555556,0.23570226,0.555555556,0.511309993,0.055555556,0.23570226,0.0,0.0,0.0,0.0,0.055555556,0.23570226,0.055555556,0.23570226
03_21_02.bmp,3.388888888888889,0.111111111,0.323380833,0.111111111,0.323380833,0.555555556,0.511309993,0.0,0.0,0.055555556,0.23570226,0.0,0.0,0.055555556,0.23570226
17_21_01.bmp,1.9444444444444444,0.055555556,0.23570226,0.277777778,0.460888599,0.833333333,0.383482494,0.055555556,0.23570226,0.166666667,0.383482494,0.0,0.0,0.055555556,0.23570226
04_04_05.bmp,2.5,0.166666667,0.383482494,0.611111111,0.501631326,0.166666667,0.383482494,0.0,0.0,0.111111111,0.323380833,0.333333333,0.48507125,0.0,0.0
07_18_04.bmp,2.111111111111111,0.166666667,0.383482494,0.722222222,0.460888599,0.166666667,0.383482494,0.055555556,0.23570226,0.055555556,0.23570226,0.111111111,0.323380833,0.111111111,0.323380833
12_24_02.bmp,2.833333333333333,0.055555556,0.23570226,0.777777778,0.427792632,0.055555556,0.23570226,0.055555556,0.23570226,0.055555556,0.23570226,0.055555556,0.23570226,0.166666667,0.383482494
0992.jpg,3.0,0.0,0.0,0.388888889,0.501631326,0.0,0.0,0.666666667,0.48507125,0.333333333,0.48507125,0.0,0.0,0.111111111,0.323380833
01229.jpg,2.888888888888889,0.388888889,0.501631326,0.777777778,0.427792632,0.0,0.0,0.111111111,0.323380833,0.055555556,0.23570226,0.0,0.0,0.055555556,0.23570226
1015.jpg,3.7777777777777777,0.111111111,0.323380833,0.333333333,0.48507125,0.055555556,0.23570226,0.277777778,0.460888599,0.055555556,0.23570226,0.055555556,0.23570226,0.0,0.0
22_20_04.bmp,1.7222222222222223,0.333333333,0.48507125,0.333333333,0.48507125,0.277777778,0.460888599,0.333333333,0.48507125,0.111111111,0.323380833,0.111111111,0.323380833,0.0,0.0
0058.jpg,3.7777777777777777,0.166666667,0.383482494,0.222222222,0.427792632,0.666666667,0.48507125,0.055555556,0.23570226,0.166666667,0.383482494,0.0,0.0,0.0,0.0
11_02_02.bmp,2.6666666666666665,0.055555556,0.23570226,0.722222222,0.460888599,0.055555556,0.23570226,0.055555556,0.23570226,0.333333333,0.48507125,0.055555556,0.23570226,0.0,0.0
0426.jpg,2.5,0.055555556,0.23570226,0.888888889,0.323380833,0.0,0.0,0.055555556,0.23570226,0.055555556,0.23570226,0.0,0.0,0.0,0.0
17_02_02.bmp,2.833333333333333,0.055555556,0.23570226,0.722222222,0.460888599,0.055555556,0.23570226,0.055555556,0.23570226,0.166666667,0.383482494,0.055555556,0.23570226,0.0,0.0
15_02_02.bmp,2.888888888888889,0.055555556,0.23570226,0.777777778,0.427792632,0.055555556,0.23570226,0.0,0.0,0.277777778,0.460888599,0.0,0.0,0.0,0.0
05_25_02.bmp,2.611111111111111,0.111111111,0.323380833,0.222222222,0.427792632,0.055555556,0.23570226,0.055555556,0.23570226,0.0,0.0,0.111111111,0.323380833,0.944444444,0.23570226
10_06_01.bmp,2.7777777777777777,0.388888889,0.501631326,0.388888889,0.501631326,0.111111111,0.323380833,0.055555556,0.23570226,0.277777778,0.460888599,0.333333333,0.48507125,0.111111111,0.323380833
06_07_01.bmp,3.7777777777777777,0.222222222,0.427792632,0.111111111,0.323380833,0.055555556,0.23570226,0.111111111,0.323380833,0.0,0.0,0.111111111,0.323380833,0.055555556,0.23570226
03_05_05.bmp,2.055555555555556,0.333333333,0.48507125,0.722222222,0.460888599,0.111111111,0.323380833,0.0,0.0,0.166666667,0.383482494,0.111111111,0.323380833,0.055555556,0.23570226
04_19_03.bmp,2.555555555555556,0.388888889,0.501631326,0.722222222,0.460888599,0.166666667,0.383482494,0.0,0.0,0.166666667,0.383482494,0.0,0.0,0.0,0.0
05_01_05.bmp,1.4444444444444444,0.111111111,0.323380833,1.0,0.0,0.055555556,0.23570226,0.0,0.0,0.055555556,0.23570226,0.111111111,0.323380833,0.0,0.0
23_03_01.bmp,3.5,0.111111111,0.323380833,0.333333333,0.48507125,0.055555556,0.23570226,0.055555556,0.23570226,0.277777778,0.460888599,0.055555556,0.23570226,0.0,0.0
24_05_03.bmp,2.555555555555556,0.111111111,0.323380833,0.777777778,0.427792632,0.055555556,0.23570226,0.055555556,0.23570226,0.055555556,0.23570226,0.0,0.0,0.0,0.0
36_17_03.bmp,2.611111111111111,0.111111111,0.323380833,0.611111111,0.501631326,0.166666667,0.383482494,0.0,0.0,0.166666667,0.383482494,0.166666667,0.383482494,0.222222222,0.427792632
14_23_04.bmp,2.388888888888889,0.055555556,0.23570226,0.222222222,0.427792632,0.0,0.0,0.833333333,0.383482494,0.055555556,0.23570226,0.0,0.0,0.166666667,0.383482494
17_21_03.bmp,2.7777777777777777,0.111111111,0.323380833,0.222222222,0.427792632,0.722222222,0.460888599,0.055555556,0.23570226,0.166666667,0.383482494,0.055555556,0.23570226,0.0,0.0
0404.jpg,2.7777777777777777,0.055555556,0.23570226,0.833333333,0.383482494,0.055555556,0.23570226,0.055555556,0.23570226,0.0,0.0,0.0,0.0,0.0,0.0
31_03_03.bmp,2.555555555555556,0.166666667,0.383482494,0.833333333,0.383482494,0.055555556,0.23570226,0.0,0.0,0.222222222,0.427792632,0.0,0.0,0.055555556,0.23570226
09_12_05.bmp,2.1666666666666665,0.777777778,0.427792632,0.333333333,0.48507125,0.111111111,0.323380833,0.055555556,0.23570226,0.166666667,0.383482494,0.111111111,0.323380833,0.0,0.0
24_14_01.bmp,3.388888888888889,0.0,0.0,0.444444444,0.511309993,0.055555556,0.23570226,0.055555556,0.23570226,0.0,0.0,0.055555556,0.23570226,0.0,0.0
26_02_04.bmp,2.055555555555556,0.0,0.0,0.944444444,0.23570226,0.055555556,0.23570226,0.055555556,0.23570226,0.055555556,0.23570226,0.055555556,0.23570226,0.0,0.0
0652.jpg,3.388888888888889,0.055555556,0.23570226,0.5,0.514495755,0.055555556,0.23570226,0.055555556,0.23570226,0.111111111,0.323380833,0.055555556,0.23570226,0.111111111,0.323380833
0166.jpg,3.055555555555556,0.055555556,0.23570226,0.333333333,0.48507125,0.777777778,0.427792632,0.0,0.0,0.166666667,0.383482494,0.0,0.0,0.0,0.0
12_09_03.bmp,2.6666666666666665,0.777777778,0.427792632,0.166666667,0.383482494,0.055555556,0.23570226,0.0,0.0,0.055555556,0.23570226,0.055555556,0.23570226,0.055555556,0.23570226
26_05_03.bmp,2.833333333333333,0.333333333,0.48507125,0.666666667,0.48507125,0.111111111,0.323380833,0.0,0.0,0.055555556,0.23570226,0.055555556,0.23570226,0.055555556,0.23570226
01173.jpg,2.333333333333333,0.111111111,0.323380833,0.944444444,0.23570226,0.0,0.0,0.0,0.0,0.388888889,0.501631326,0.0,0.0,0.0,0.0
03_18_03.bmp,3.0,0.222222222,0.427792632,0.5,0.514495755,0.0,0.0,0.111111111,0.323380833,0.111111111,0.323380833,0.055555556,0.23570226,0.0,0.0
22_23_03.bmp,2.555555555555556,0.0,0.0,0.166666667,0.383482494,0.0,0.0,0.777777778,0.427792632,0.055555556,0.23570226,0.0,0.0,0.055555556,0.23570226
11_06_05.bmp,2.055555555555556,0.277777778,0.460888599,0.333333333,0.48507125,0.222222222,0.427792632,0.166666667,0.383482494,0.222222222,0.427792632,0.166666667,0.383482494,0.055555556,0.23570226
0031.jpg,2.5,0.0,0.0,0.388888889,0.501631326,0.777777778,0.427792632,0.055555556,0.23570226,0.277777778,0.460888599,0.166666667,0.383482494,0.0,0.0
23_22_01.bmp,3.1666666666666665,0.111111111,0.323380833,0.5,0.514495755,0.111111111,0.323380833,0.111111111,0.323380833,0.333333333,0.48507125,0.0,0.0,0.0,0.0
0717.jpg,2.888888888888889,0.111111111,0.323380833,0.444444444,0.511309993,0.0,0.0,0.111111111,0.323380833,0.333333333,0.48507125,0.166666667,0.383482494,0.055555556,0.23570226
15_16_05.bmp,1.7222222222222223,0.222222222,0.427792632,0.833333333,0.383482494,0.0,0.0,0.111111111,0.323380833,0.222222222,0.427792632,0.0,0.0,0.0,0.0
28_21_05.bmp,1.5555555555555556,0.444444444,0.511309993,0.5,0.514495755,0.055555556,0.23570226,0.611111111,0.501631326,0.166666667,0.383482494,0.055555556,0.23570226,0.0,0.0
25_01_02.bmp,3.111111111111111,0.055555556,0.23570226,0.611111111,0.501631326,0.166666667,0.383482494,0.0,0.0,0.166666667,0.383482494,0.055555556,0.23570226,0.055555556,0.23570226
01465.jpg,3.611111111111111,0.0,0.0,0.611111111,0.501631326,0.055555556,0.23570226,0.055555556,0.23570226,0.0,0.0,0.055555556,0.23570226,0.333333333,0.48507125
01_04_03.bmp,3.1666666666666665,0.111111111,0.323380833,0.611111111,0.501631326,0.111111111,0.323380833,0.0,0.0,0.055555556,0.23570226,0.111111111,0.323380833,0.055555556,0.23570226
27_01_02.bmp,3.055555555555556,0.0,0.0,0.388888889,0.501631326,0.0,0.0,0.055555556,0.23570226,0.611111111,0.501631326,0.0,0.0,0.111111111,0.323380833
0810.jpg,3.333333333333333,0.0,0.0,0.5,0.514495755,0.055555556,0.23570226,0.0,0.0,0.333333333,0.48507125,0.0,0.0,0.055555556,0.23570226
07_05_02.bmp,2.7222222222222223,0.222222222,0.427792632,0.666666667,0.48507125,0.055555556,0.23570226,0.0,0.0,0.111111111,0.323380833,0.055555556,0.23570226,0.055555556,0.23570226
0646.jpg,3.555555555555556,0.166666667,0.383482494,0.5,0.514495755,0.0,0.0,0.111111111,0.323380833,0.0,0.0,0.055555556,0.23570226,0.0,0.0
13_15_05.bmp,3.4444444444444446,0.111111111,0.323380833,0.055555556,0.23570226,0.0,0.0,0.333333333,0.48507125,0.111111111,0.323380833,0.055555556,0.23570226,0.055555556,0.23570226
0766.jpg,3.2777777777777777,0.055555556,0.23570226,0.444444444,0.511309993,0.0,0.0,0.055555556,0.23570226,0.277777778,0.460888599,0.0,0.0,0.055555556,0.23570226
0658.jpg,3.4444444444444446,0.055555556,0.23570226,0.5,0.514495755,0.0,0.0,0.166666667,0.383482494,0.0,0.0,0.111111111,0.323380833,0.055555556,0.23570226
16_07_01.bmp,3.0,0.055555556,0.23570226,0.333333333,0.48507125,0.111111111,0.323380833,0.0,0.0,0.277777778,0.460888599,0.444444444,0.511309993,0.055555556,0.23570226
12_16_02.bmp,3.2777777777777777,0.166666667,0.383482494,0.444444444,0.511309993,0.055555556,0.23570226,0.0,0.0,0.0,0.0,0.055555556,0.23570226,0.055555556,0.23570226
30_12_04.bmp,2.7222222222222223,0.666666667,0.48507125,0.222222222,0.427792632,0.0,0.0,0.0,0.0,0.277777778,0.460888599,0.055555556,0.23570226,0.0,0.0
0781.jpg,3.555555555555556,0.0,0.0,0.444444444,0.511309993,0.0,0.0,0.0,0.0,0.111111111,0.323380833,0.0,0.0,0.055555556,0.23570226
22_19_04.bmp,2.111111111111111,0.111111111,0.323380833,0.611111111,0.501631326,0.444444444,0.511309993,0.055555556,0.23570226,0.111111111,0.323380833,0.055555556,0.23570226,0.0,0.0
14_24_03.bmp,1.9444444444444444,0.0,0.0,0.888888889,0.323380833,0.055555556,0.23570226,0.0,0.0,0.111111111,0.323380833,0.055555556,0.23570226,0.0,0.0
11_06_03.bmp,2.2222222222222223,0.222222222,0.427792632,0.333333333,0.48507125,0.111111111,0.323380833,0.111111111,0.323380833,0.166666667,0.383482494,0.111111111,0.323380833,0.0,0.0
09_23_03.bmp,2.7777777777777777,0.055555556,0.23570226,0.166666667,0.383482494,0.055555556,0.23570226,0.777777778,0.427792632,0.111111111,0.323380833,0.0,0.0,0.0,0.0
08_08_05.bmp,2.1666666666666665,0.444444444,0.511309993,0.611111111,0.501631326,0.055555556,0.23570226,0.166666667,0.383482494,0.0,0.0,0.055555556,0.23570226,0.111111111,0.323380833
01_11_01.bmp,2.7777777777777777,0.5,0.514495755,0.444444444,0.511309993,0.277777778,0.460888599,0.0,0.0,0.055555556,0.23570226,0.055555556,0.23570226,0.055555556,0.23570226
18_14_05.bmp,1.8333333333333333,0.166666667,0.383482494,0.166666667,0.383482494,0.111111111,0.323380833,0.777777778,0.427792632,0.0,0.0,0.0,0.0,0.0,0.0
0313.jpg,2.4444444444444446,0.111111111,0.323380833,0.944444444,0.23570226,0.0,0.0,0.222222222,0.427792632,0.222222222,0.427792632,0.055555556,0.23570226,0.111111111,0.323380833
14_04_03.bmp,2.4444444444444446,0.333333333,0.48507125,0.388888889,0.501631326,0.222222222,0.427792632,0.055555556,0.23570226,0.055555556,0.23570226,0.166666667,0.383482494,0.055555556,0.23570226
15_11_02.bmp,3.111111111111111,0.611111111,0.501631326,0.166666667,0.383482494,0.111111111,0.323380833,0.0,0.0,0.222222222,0.427792632,0.0,0.0,0.055555556,0.23570226
0139.jpg,2.7222222222222223,0.055555556,0.23570226,0.5,0.514495755,0.944444444,0.23570226,0.055555556,0.23570226,0.055555556,0.23570226,0.0,0.0,0.055555556,0.23570226
35_24_05.bmp,1.3888888888888888,0.055555556,0.23570226,0.944444444,0.23570226,0.111111111,0.323380833,0.0,0.0,0.0,0.0,0.0,0.0,0.055555556,0.23570226
22_14_03.bmp,2.7777777777777777,0.111111111,0.323380833,0.333333333,0.48507125,0.055555556,0.23570226,0.611111111,0.501631326,0.111111111,0.323380833,0.111111111,0.323380833,0.0,0.0
27_10_04.bmp,2.611111111111111,0.666666667,0.48507125,0.333333333,0.48507125,0.0,0.0,0.0,0.0,0.5,0.514495755,0.055555556,0.23570226,0.055555556,0.23570226
0676.jpg,3.111111111111111,0.055555556,0.23570226,0.388888889,0.501631326,0.055555556,0.23570226,0.166666667,0.383482494,0.277777778,0.460888599,0.055555556,0.23570226,0.0,0.0
0758.jpg,3.7222222222222223,0.055555556,0.23570226,0.388888889,0.501631326,0.055555556,0.23570226,0.0,0.0,0.055555556,0.23570226,0.055555556,0.23570226,0.055555556,0.23570226
13_09_01.bmp,3.1666666666666665,0.666666667,0.48507125,0.222222222,0.427792632,0.055555556,0.23570226,0.055555556,0.23570226,0.166666667,0.383482494,0.0,0.0,0.055555556,0.23570226
37_07_02.bmp,2.833333333333333,0.222222222,0.427792632,0.833333333,0.383482494,0.0,0.0,0.055555556,0.23570226,0.055555556,0.23570226,0.111111111,0.323380833,0.055555556,0.23570226
33_22_03.bmp,2.7222222222222223,0.111111111,0.323380833,0.722222222,0.460888599,0.0,0.0,0.0,0.0,0.444444444,0.511309993,0.0,0.0,0.0,0.0
23_02_04.bmp,1.5,0.0,0.0,0.944444444,0.23570226,0.0,0.0,0.0,0.0,0.222222222,0.427792632,0.0,0.0,0.0,0.0
0762.jpg,3.555555555555556,0.0,0.0,0.444444444,0.511309993,0.0,0.0,0.0,0.0,0.0,0.0,0.166666667,0.383482494,0.055555556,0.23570226
15_24_03.bmp,2.2777777777777777,0.055555556,0.23570226,0.833333333,0.383482494,0.0,0.0,0.0,0.0,0.222222222,0.427792632,0.0,0.0,0.0,0.0
01_13_05.bmp,2.1666666666666665,0.055555556,0.23570226,0.722222222,0.460888599,0.388888889,0.501631326,0.0,0.0,0.0,0.0,0.055555556,0.23570226,0.111111111,0.323380833
09_21_01.bmp,2.7222222222222223,0.111111111,0.323380833,0.222222222,0.427792632,0.722222222,0.460888599,0.0,0.0,0.111111111,0.323380833,0.0,0.0,0.0,0.0
02_20_02.bmp,2.555555555555556,0.5,0.514495755,0.333333333,0.48507125,0.333333333,0.48507125,0.0,0.0,0.388888889,0.501631326,0.055555556,0.23570226,0.0,0.0
1127.jpg,3.1666666666666665,0.0,0.0,0.166666667,0.383482494,0.0,0.0,0.0,0.0,0.777777778,0.427792632,0.0,0.0,0.055555556,0.23570226
35_15_02.bmp,1.9444444444444444,0.111111111,0.323380833,0.222222222,0.427792632,0.833333333,0.383482494,0.0,0.0,0.0,0.0,0.055555556,0.23570226,0.055555556,0.23570226
33_17_04.bmp,2.6666666666666665,0.055555556,0.23570226,0.611111111,0.501631326,0.0,0.0,0.0,0.0,0.444444444,0.511309993,0.111111111,0.323380833,0.222222222,0.427792632
05_06_02.bmp,2.555555555555556,0.333333333,0.48507125,0.5,0.514495755,0.111111111,0.323380833,0.0,0.0,0.055555556,0.23570226,0.222222222,0.427792632,0.111111111,0.323380833
33_02_04.bmp,1.9444444444444444,0.055555556,0.23570226,0.888888889,0.323380833,0.0,0.0,0.0,0.0,0.444444444,0.511309993,0.0,0.0,0.0,0.0
32_19_05.bmp,1.6111111111111112,0.277777778,0.460888599,0.222222222,0.427792632,0.555555556,0.511309993,0.444444444,0.511309993,0.388888889,0.501631326,0.055555556,0.23570226,0.055555556,0.23570226
05_14_01.bmp,3.4444444444444446,0.166666667,0.383482494,0.277777778,0.460888599,0.111111111,0.323380833,0.055555556,0.23570226,0.0,0.0,0.055555556,0.23570226,0.055555556,0.23570226
10_18_04.bmp,1.8888888888888888,0.111111111,0.323380833,0.777777778,0.427792632,0.055555556,0.23570226,0.0,0.0,0.444444444,0.511309993,0.222222222,0.427792632,0.166666667,0.383482494
01156.jpg,4.222222222222222,0.222222222,0.427792632,0.166666667,0.383482494,0.0,0.0,0.055555556,0.23570226,0.277777778,0.460888599,0.0,0.0,0.0,0.0
22_21_04.bmp,1.5555555555555556,0.055555556,0.23570226,0.388888889,0.501631326,0.166666667,0.383482494,0.611111111,0.501631326,0.055555556,0.23570226,0.111111111,0.323380833,0.055555556,0.23570226
14_24_02.bmp,2.611111111111111,0.111111111,0.323380833,0.833333333,0.383482494,0.111111111,0.323380833,0.055555556,0.23570226,0.0,0.0,0.055555556,0.23570226,0.055555556,0.23570226
0041.jpg,3.5,0.0,0.0,0.333333333,0.48507125,0.666666667,0.48507125,0.0,0.0,0.0,0.0,0.055555556,0.23570226,0.0,0.0
04_03_04.bmp,1.7777777777777777,0.055555556,0.23570226,0.833333333,0.383482494,0.055555556,0.23570226,0.0,0.0,0.166666667,0.383482494,0.0,0.0,0.055555556,0.23570226
14_22_01.bmp,3.0,0.111111111,0.323380833,0.555555556,0.511309993,0.388888889,0.501631326,0.0,0.0,0.0,0.0,0.055555556,0.23570226,0.055555556,0.23570226
1046.jpg,2.9444444444444446,0.055555556,0.23570226,0.5,0.514495755,0.055555556,0.23570226,0.5,0.514495755,0.222222222,0.427792632,0.0,0.0,0.0,0.0
23_08_04.bmp,1.9444444444444444,0.277777778,0.460888599,0.777777778,0.427792632,0.0,0.0,0.055555556,0.23570226,0.166666667,0.383482494,0.055555556,0.23570226,0.055555556,0.23570226
20_18_05.bmp,1.7222222222222223,0.166666667,0.383482494,0.777777778,0.427792632,0.055555556,0.23570226,0.0,0.0,0.055555556,0.23570226,0.055555556,0.23570226,0.111111111,0.323380833
25_05_02.bmp,2.5,0.5,0.514495755,0.5,0.514495755,0.166666667,0.383482494,0.0,0.0,0.111111111,0.323380833,0.055555556,0.23570226,0.055555556,0.23570226
04_16_01.bmp,2.888888888888889,0.111111111,0.323380833,0.666666667,0.48507125,0.0,0.0,0.0,0.0,0.222222222,0.427792632,0.0,0.0,0.055555556,0.23570226
0116.jpg,1.8888888888888888,0.111111111,0.323380833,0.333333333,0.48507125,0.944444444,0.23570226,0.0,0.0,0.055555556,0.23570226,0.111111111,0.323380833,0.055555556,0.23570226
05_06_03.bmp,2.333333333333333,0.388888889,0.501631326,0.444444444,0.511309993,0.222222222,0.427792632,0.055555556,0.23570226,0.055555556,0.23570226,0.277777778,0.460888599,0.055555556,0.23570226
01_04_02.bmp,3.2222222222222223,0.111111111,0.323380833,0.666666667,0.48507125,0.111111111,0.323380833,0.0,0.0,0.0,0.0,0.0,0.0,0.055555556,0.23570226
0142.jpg,2.611111111111111,0.055555556,0.23570226,0.333333333,0.48507125,0.888888889,0.323380833,0.0,0.0,0.111111111,0.323380833,0.111111111,0.323380833,0.111111111,0.323380833
11_19_03.bmp,2.5,0.166666667,0.383482494,0.333333333,0.48507125,0.444444444,0.511309993,0.0,0.0,0.222222222,0.427792632,0.055555556,0.23570226,0.055555556,0.23570226
04_06_01.bmp,3.1666666666666665,0.166666667,0.383482494,0.555555556,0.511309993,0.166666667,0.383482494,0.0,0.0,0.222222222,0.427792632,0.166666667,0.383482494,0.111111111,0.323380833
0507.jpg,2.7222222222222223,0.111111111,0.323380833,0.388888889,0.501631326,0.0,0.0,0.555555556,0.511309993,0.666666667,0.48507125,0.0,0.0,0.055555556,0.23570226
0076.jpg,2.7222222222222223,0.111111111,0.323380833,0.722222222,0.460888599,0.333333333,0.48507125,0.222222222,0.427792632,0.0,0.0,0.0,0.0,0.055555556,0.23570226
32_13_01.bmp,2.7777777777777777,0.0,0.0,0.555555556,0.511309993,0.222222222,0.427792632,0.055555556,0.23570226,0.388888889,0.501631326,0.111111111,0.323380833,0.0,0.0
10_21_05.bmp,1.6111111111111112,0.111111111,0.323380833,0.444444444,0.511309993,0.055555556,0.23570226,0.555555556,0.511309993,0.277777778,0.460888599,0.166666667,0.383482494,0.055555556,0.23570226
0550.jpg,3.1666666666666665,0.111111111,0.323380833,0.333333333,0.48507125,0.055555556,0.23570226,0.111111111,0.323380833,0.722222222,0.460888599,0.0,0.0,0.055555556,0.23570226
1142.jpg,2.1666666666666665,0.0,0.0,0.277777778,0.460888599,0.0,0.0,0.166666667,0.383482494,0.055555556,0.23570226,0.888888889,0.323380833,0.166666667,0.383482494
01169.jpg,3.6666666666666665,0.222222222,0.427792632,0.277777778,0.460888599,0.055555556,0.23570226,0.0,0.0,0.611111111,0.501631326,0.0,0.0,0.055555556,0.23570226
0329.jpg,2.2777777777777777,0.055555556,0.23570226,0.944444444,0.23570226,0.055555556,0.23570226,0.111111111,0.323380833,0.111111111,0.323380833,0.0,0.0,0.111111111,0.323380833
18_07_01.bmp,3.0,0.222222222,0.427792632,0.666666667,0.48507125,0.055555556,0.23570226,0.055555556,0.23570226,0.0,0.0,0.0,0.0,0.055555556,0.23570226
22_05_03.bmp,2.111111111111111,0.277777778,0.460888599,0.722222222,0.460888599,0.111111111,0.323380833,0.0,0.0,0.111111111,0.323380833,0.111111111,0.323380833,0.0,0.0
32_11_05.bmp,2.1666666666666665,0.611111111,0.501631326,0.388888889,0.501631326,0.055555556,0.23570226,0.055555556,0.23570226,0.388888889,0.501631326,0.111111111,0.323380833,0.0,0.0
28_06_05.bmp,2.111111111111111,0.388888889,0.501631326,0.388888889,0.501631326,0.166666667,0.383482494,0.111111111,0.323380833,0.222222222,0.427792632,0.166666667,0.383482494,0.0,0.0
21_19_04.bmp,2.2777777777777777,0.222222222,0.427792632,0.277777778,0.460888599,0.666666667,0.48507125,0.0,0.0,0.055555556,0.23570226,0.0,0.0,0.0,0.0
19_17_01.bmp,3.555555555555556,0.055555556,0.23570226,0.333333333,0.48507125,0.055555556,0.23570226,0.0,0.0,0.166666667,0.383482494,0.222222222,0.427792632,0.111111111,0.323380833
28_20_05.bmp,1.8333333333333333,0.722222222,0.460888599,0.555555556,0.511309993,0.166666667,0.383482494,0.055555556,0.23570226,0.166666667,0.383482494,0.055555556,0.23570226,0.0,0.0
05_15_01.bmp,2.055555555555556,0.055555556,0.23570226,0.277777778,0.460888599,0.944444444,0.23570226,0.0,0.0,0.0,0.0,0.055555556,0.23570226,0.111111111,0.323380833
20_02_01.bmp,3.2777777777777777,0.055555556,0.23570226,0.555555556,0.511309993,0.111111111,0.323380833,0.0,0.0,0.222222222,0.427792632,0.055555556,0.23570226,0.0,0.0
11_03_02.bmp,2.888888888888889,0.055555556,0.23570226,0.722222222,0.460888599,0.055555556,0.23570226,0.055555556,0.23570226,0.222222222,0.427792632,0.055555556,0.23570226,0.055555556,0.23570226
02_21_02.bmp,2.4444444444444446,0.055555556,0.23570226,0.166666667,0.383482494,0.777777778,0.427792632,0.0,0.0,0.277777778,0.460888599,0.166666667,0.383482494,0.0,0.0
01_24_01.bmp,2.611111111111111,0.0,0.0,0.777777778,0.427792632,0.111111111,0.323380833,0.111111111,0.323380833,0.055555556,0.23570226,0.0,0.0,0.055555556,0.23570226
15_13_02.bmp,3.111111111111111,0.0,0.0,0.222222222,0.427792632,0.5,0.514495755,0.0,0.0,0.222222222,0.427792632,0.0,0.0,0.111111111,0.323380833
03_20_05.bmp,1.7777777777777777,0.666666667,0.48507125,0.166666667,0.383482494,0.277777778,0.460888599,0.166666667,0.383482494,0.166666667,0.383482494,0.055555556,0.23570226,0.055555556,0.23570226
01364.jpg,4.111111111111111,0.055555556,0.23570226,0.388888889,0.501631326,0.055555556,0.23570226,0.055555556,0.23570226,0.055555556,0.23570226,0.0,0.0,0.055555556,0.23570226
37_01_02.bmp,3.555555555555556,0.055555556,0.23570226,0.555555556,0.511309993,0.0,0.0,0.055555556,0.23570226,0.055555556,0.23570226,0.055555556,0.23570226,0.0,0.0
37_09_04.bmp,2.611111111111111,0.888888889,0.323380833,0.333333333,0.48507125,0.055555556,0.23570226,0.0,0.0,0.055555556,0.23570226,0.055555556,0.23570226,0.0,0.0
26_14_02.bmp,4.111111111111111,0.111111111,0.323380833,0.055555556,0.23570226,0.055555556,0.23570226,0.111111111,0.323380833,0.055555556,0.23570226,0.055555556,0.23570226,0.055555556,0.23570226
26_03_02.bmp,3.7222222222222223,0.055555556,0.23570226,0.5,0.514495755,0.055555556,0.23570226,0.0,0.0,0.055555556,0.23570226,0.055555556,0.23570226,0.055555556,0.23570226
01208.jpg,4.055555555555555,0.388888889,0.501631326,0.333333333,0.48507125,0.055555556,0.23570226,0.222222222,0.427792632,0.055555556,0.23570226,0.0,0.0,0.0,0.0
0306.jpg,2.388888888888889,0.055555556,0.23570226,0.944444444,0.23570226,0.055555556,0.23570226,0.222222222,0.427792632,0.222222222,0.427792632,0.055555556,0.23570226,0.0,0.0
07_23_04.bmp,2.2222222222222223,0.055555556,0.23570226,0.388888889,0.501631326,0.055555556,0.23570226,0.777777778,0.427792632,0.055555556,0.23570226,0.111111111,0.323380833,0.055555556,0.23570226
26_12_05.bmp,2.2777777777777777,0.888888889,0.323380833,0.277777778,0.460888599,0.055555556,0.23570226,0.0,0.0,0.055555556,0.23570226,0.0,0.0,0.0,0.0
17_17_04.bmp,2.333333333333333,0.111111111,0.323380833,0.444444444,0.511309993,0.055555556,0.23570226,0.055555556,0.23570226,0.333333333,0.48507125,0.222222222,0.427792632,0.166666667,0.383482494
15_08_04.bmp,2.2222222222222223,0.388888889,0.501631326,0.611111111,0.501631326,0.0,0.0,0.111111111,0.323380833,0.277777778,0.460888599,0.0,0.0,0.055555556,0.23570226
14_07_03.bmp,1.9444444444444444,0.222222222,0.427792632,0.833333333,0.383482494,0.055555556,0.23570226,0.0,0.0,0.0,0.0,0.111111111,0.323380833,0.111111111,0.323380833
15_16_01.bmp,3.055555555555556,0.055555556,0.23570226,0.277777778,0.460888599,0.166666667,0.383482494,0.055555556,0.23570226,0.222222222,0.427792632,0.055555556,0.23570226,0.055555556,0.23570226
01_10_05.bmp,2.0,0.944444444,0.23570226,0.333333333,0.48507125,0.055555556,0.23570226,0.0,0.0,0.055555556,0.23570226,0.055555556,0.23570226,0.111111111,0.323380833
28_04_04.bmp,2.388888888888889,0.222222222,0.427792632,0.444444444,0.511309993,0.333333333,0.48507125,0.055555556,0.23570226,0.166666667,0.383482494,0.111111111,0.323380833,0.0,0.0
15_07_05.bmp,1.4444444444444444,0.055555556,0.23570226,0.888888889,0.323380833,0.0,0.0,0.0,0.0,0.055555556,0.23570226,0.055555556,0.23570226,0.0,0.0
24_04_04.bmp,2.333333333333333,0.388888889,0.501631326,0.388888889,0.501631326,0.222222222,0.427792632,0.0,0.0,0.0,0.0,0.055555556,0.23570226,0.0,0.0
30_11_01.bmp,3.4444444444444446,0.444444444,0.511309993,0.166666667,0.383482494,0.0,0.0,0.055555556,0.23570226,0.277777778,0.460888599,0.0,0.0,0.0,0.0
34_08_05.bmp,1.8333333333333333,0.166666667,0.383482494,0.833333333,0.383482494,0.166666667,0.383482494,0.055555556,0.23570226,0.0,0.0,0.0,0.0,0.055555556,0.23570226
22_23_04.bmp,2.388888888888889,0.055555556,0.23570226,0.222222222,0.427792632,0.055555556,0.23570226,0.722222222,0.460888599,0.0,0.0,0.0,0.0,0.111111111,0.323380833
30_07_02.bmp,3.0,0.277777778,0.460888599,0.5,0.514495755,0.0,0.0,0.055555556,0.23570226,0.333333333,0.48507125,0.111111111,0.323380833,0.0,0.0
0364.jpg,1.7777777777777777,0.166666667,0.383482494,0.944444444,0.23570226,0.0,0.0,0.055555556,0.23570226,0.111111111,0.323380833,0.0,0.0,0.0,0.0
0410.jpg,2.4444444444444446,0.111111111,0.323380833,0.777777778,0.427792632,0.055555556,0.23570226,0.055555556,0.23570226,0.0,0.0,0.055555556,0.23570226,0.777777778,0.427792632
29_04_02.bmp,2.6666666666666665,0.388888889,0.501631326,0.222222222,0.427792632,0.277777778,0.460888599,0.055555556,0.23570226,0.111111111,0.323380833,0.222222222,0.427792632,0.055555556,0.23570226
10_21_03.bmp,2.555555555555556,0.055555556,0.23570226,0.277777778,0.460888599,0.611111111,0.501631326,0.055555556,0.23570226,0.277777778,0.460888599,0.5,0.514495755,0.0,0.0
33_18_05.bmp,2.111111111111111,0.0,0.0,0.777777778,0.427792632,0.0,0.0,0.055555556,0.23570226,0.444444444,0.511309993,0.055555556,0.23570226,0.0,0.0
32_24_04.bmp,1.7777777777777777,0.111111111,0.323380833,0.944444444,0.23570226,0.0,0.0,0.055555556,0.23570226,0.333333333,0.48507125,0.055555556,0.23570226,0.0,0.0
26_14_04.bmp,3.5,0.055555556,0.23570226,0.333333333,0.48507125,0.111111111,0.323380833,0.166666667,0.383482494,0.055555556,0.23570226,0.055555556,0.23570226,0.055555556,0.23570226
20_05_03.bmp,2.5,0.277777778,0.460888599,0.611111111,0.501631326,0.111111111,0.323380833,0.0,0.0,0.111111111,0.323380833,0.166666667,0.383482494,0.0,0.0
01_22_05.bmp,1.6666666666666667,0.444444444,0.511309993,0.888888889,0.323380833,0.111111111,0.323380833,0.055555556,0.23570226,0.055555556,0.23570226,0.0,0.0,0.0,0.0
17_15_01.bmp,1.7777777777777777,0.0,0.0,0.277777778,0.460888599,0.833333333,0.383482494,0.0,0.0,0.166666667,0.383482494,0.0,0.0,0.055555556,0.23570226
13_24_02.bmp,2.9444444444444446,0.0,0.0,0.777777778,0.427792632,0.166666667,0.383482494,0.0,0.0,0.111111111,0.323380833,0.055555556,0.23570226,0.111111111,0.323380833
0299.jpg,2.5,0.166666667,0.383482494,0.222222222,0.427792632,0.055555556,0.23570226,0.833333333,0.383482494,0.0,0.0,0.0,0.0,0.055555556,0.23570226
02_01_05.bmp,1.3888888888888888,0.166666667,0.383482494,0.944444444,0.23570226,0.0,0.0,0.0,0.0,0.611111111,0.501631326,0.055555556,0.23570226,0.0,0.0
0368.jpg,2.611111111111111,0.055555556,0.23570226,0.833333333,0.383482494,0.055555556,0.23570226,0.111111111,0.323380833,0.055555556,0.23570226,0.055555556,0.23570226,0.0,0.0
15_06_02.bmp,2.611111111111111,0.333333333,0.48507125,0.222222222,0.427792632,0.222222222,0.427792632,0.055555556,0.23570226,0.277777778,0.460888599,0.111111111,0.323380833,0.055555556,0.23570226
24_15_03.bmp,3.1666666666666665,0.111111111,0.323380833,0.444444444,0.511309993,0.111111111,0.323380833,0.111111111,0.323380833,0.0,0.0,0.055555556,0.23570226,0.0,0.0
25_15_04.bmp,3.111111111111111,0.166666667,0.383482494,0.277777778,0.460888599,0.0,0.0,0.166666667,0.383482494,0.111111111,0.323380833,0.055555556,0.23570226,0.111111111,0.323380833
0402.jpg,2.888888888888889,0.055555556,0.23570226,0.833333333,0.383482494,0.0,0.0,0.166666667,0.383482494,0.055555556,0.23570226,0.055555556,0.23570226,0.0,0.0
23_11_04.bmp,2.1666666666666665,0.833333333,0.383482494,0.277777778,0.460888599,0.0,0.0,0.0,0.0,0.333333333,0.48507125,0.055555556,0.23570226,0.0,0.0
01362.jpg,4.333333333333333,0.111111111,0.323380833,0.388888889,0.501631326,0.055555556,0.23570226,0.0,0.0,0.0,0.0,0.0,0.0,0.055555556,0.23570226
35_17_02.bmp,2.4444444444444446,0.166666667,0.383482494,0.611111111,0.501631326,0.055555556,0.23570226,0.055555556,0.23570226,0.111111111,0.323380833,0.111111111,0.323380833,0.222222222,0.427792632
11_18_05.bmp,1.7222222222222223,0.111111111,0.323380833,0.722222222,0.460888599,0.055555556,0.23570226,0.111111111,0.323380833,0.222222222,0.427792632,0.055555556,0.23570226,0.055555556,0.23570226
19_17_04.bmp,2.611111111111111,0.055555556,0.23570226,0.388888889,0.501631326,0.055555556,0.23570226,0.0,0.0,0.277777778,0.460888599,0.277777778,0.460888599,0.166666667,0.383482494
16_10_01.bmp,3.333333333333333,0.277777778,0.460888599,0.166666667,0.383482494,0.0,0.0,0.0,0.0,0.388888889,0.501631326,0.333333333,0.48507125,0.0,0.0
21_04_03.bmp,2.833333333333333,0.277777778,0.460888599,0.388888889,0.501631326,0.222222222,0.427792632,0.0,0.0,0.055555556,0.23570226,0.0,0.0,0.055555556,0.23570226
32_13_04.bmp,2.0,0.0,0.0,0.333333333,0.48507125,0.833333333,0.383482494,0.0,0.0,0.388888889,0.501631326,0.055555556,0.23570226,0.111111111,0.323380833
1077.jpg,3.4444444444444446,0.166666667,0.383482494,0.444444444,0.511309993,0.0,0.0,0.388888889,0.501631326,0.055555556,0.23570226,0.055555556,0.23570226,0.055555556,0.23570226
16_05_03.bmp,2.7222222222222223,0.222222222,0.427792632,0.555555556,0.511309993,0.111111111,0.323380833,0.0,0.0,0.388888889,0.501631326,0.444444444,0.511309993,0.0,0.0
17_12_05.bmp,2.111111111111111,0.833333333,0.383482494,0.222222222,0.427792632,0.111111111,0.323380833,0.0,0.0,0.277777778,0.460888599,0.055555556,0.23570226,0.0,0.0
16_03_02.bmp,2.833333333333333,0.055555556,0.23570226,0.5,0.514495755,0.0,0.0,0.0,0.0,0.277777778,0.460888599,0.388888889,0.501631326,0.0,0.0
0996.jpg,2.7777777777777777,0.055555556,0.23570226,0.333333333,0.48507125,0.0,0.0,0.611111111,0.501631326,0.388888889,0.501631326,0.055555556,0.23570226,0.0,0.0
19_23_04.bmp,2.4444444444444446,0.055555556,0.23570226,0.166666667,0.383482494,0.055555556,0.23570226,0.666666667,0.48507125,0.055555556,0.23570226,0.055555556,0.23570226,0.111111111,0.323380833
0391.jpg,2.333333333333333,0.166666667,0.383482494,0.888888889,0.323380833,0.0,0.0,0.111111111,0.323380833,0.055555556,0.23570226,0.055555556,0.23570226,0.055555556,0.23570226
1099.jpg,2.6666666666666665,0.055555556,0.23570226,0.5,0.514495755,0.055555556,0.23570226,0.0,0.0,0.777777778,0.427792632,0.111111111,0.323380833,0.055555556,0.23570226
0957.jpg,2.888888888888889,0.111111111,0.323380833,0.333333333,0.48507125,0.055555556,0.23570226,0.666666667,0.48507125,0.111111111,0.323380833,0.0,0.0,0.0,0.0
24_11_01.bmp,3.2777777777777777,0.333333333,0.48507125,0.388888889,0.501631326,0.111111111,0.323380833,0.0,0.0,0.0,0.0,0.055555556,0.23570226,0.0,0.0
02_10_01.bmp,3.2222222222222223,0.333333333,0.48507125,0.277777778,0.460888599,0.055555556,0.23570226,0.0,0.0,0.5,0.514495755,0.055555556,0.23570226,0.0,0.0
21_10_05.bmp,2.0,0.888888889,0.323380833,0.333333333,0.48507125,0.055555556,0.23570226,0.055555556,0.23570226,0.111111111,0.323380833,0.0,0.0,0.0,0.0
17_01_02.bmp,3.055555555555556,0.055555556,0.23570226,0.444444444,0.511309993,0.111111111,0.323380833,0.0,0.0,0.166666667,0.383482494,0.055555556,0.23570226,0.166666667,0.383482494
03_18_05.bmp,1.9444444444444444,0.277777778,0.460888599,0.722222222,0.460888599,0.0,0.0,0.055555556,0.23570226,0.166666667,0.383482494,0.055555556,0.23570226,0.111111111,0.323380833
31_06_05.bmp,1.7777777777777777,0.333333333,0.48507125,0.5,0.514495755,0.277777778,0.460888599,0.055555556,0.23570226,0.166666667,0.383482494,0.111111111,0.323380833,0.055555556,0.23570226
33_20_05.bmp,1.7777777777777777,0.444444444,0.511309993,0.5,0.514495755,0.222222222,0.427792632,0.222222222,0.427792632,0.333333333,0.48507125,0.0,0.0,0.055555556,0.23570226
09_01_05.bmp,1.2222222222222223,0.111111111,0.323380833,0.833333333,0.383482494,0.111111111,0.323380833,0.055555556,0.23570226,0.166666667,0.383482494,0.0,0.0,0.0,0.0
02_25_04.bmp,2.388888888888889,0.111111111,0.323380833,0.055555556,0.23570226,0.0,0.0,0.055555556,0.23570226,0.222222222,0.427792632,0.111111111,0.323380833,0.888888889,0.323380833
0870.jpg,3.5,0.055555556,0.23570226,0.444444444,0.511309993,0.055555556,0.23570226,0.0,0.0,0.277777778,0.460888599,0.0,0.0,0.0,0.0
20_23_05.bmp,2.0,0.111111111,0.323380833,0.166666667,0.383482494,0.0,0.0,0.722222222,0.460888599,0.111111111,0.323380833,0.0,0.0,0.111111111,0.323380833
1146.jpg,2.555555555555556,0.0,0.0,0.166666667,0.383482494,0.0,0.0,0.166666667,0.383482494,0.888888889,0.323380833,0.333333333,0.48507125,0.0,0.0
0029.jpg,2.5,0.0,0.0,0.444444444,0.511309993,0.944444444,0.23570226,0.0,0.0,0.111111111,0.323380833,0.055555556,0.23570226,0.0,0.0
02_19_03.bmp,2.555555555555556,0.333333333,0.48507125,0.277777778,0.460888599,0.333333333,0.48507125,0.0,0.0,0.388888889,0.501631326,0.0,0.0,0.111111111,0.323380833
35_25_01.bmp,2.611111111111111,0.111111111,0.323380833,0.333333333,0.48507125,0.0,0.0,0.055555556,0.23570226,0.055555556,0.23570226,0.0,0.0,0.944444444,0.23570226
0521.jpg,2.9444444444444446,0.111111111,0.323380833,0.5,0.514495755,0.0,0.0,0.388888889,0.501631326,0.444444444,0.511309993,0.0,0.0,0.0,0.0
22_16_01.bmp,3.2777777777777777,0.055555556,0.23570226,0.5,0.514495755,0.277777778,0.460888599,0.055555556,0.23570226,0.055555556,0.23570226,0.111111111,0.323380833,0.0,0.0
19_07_05.bmp,1.3333333333333333,0.166666667,0.383482494,0.833333333,0.383482494,0.0,0.0,0.0,0.0,0.055555556,0.23570226,0.055555556,0.23570226,0.055555556,0.23570226
36_15_04.bmp,3.0,0.055555556,0.23570226,0.5,0.514495755,0.222222222,0.427792632,0.055555556,0.23570226,0.0,0.0,0.055555556,0.23570226,0.055555556,0.23570226
29_11_03.bmp,2.7777777777777777,0.722222222,0.460888599,0.166666667,0.383482494,0.0,0.0,0.0,0.0,0.166666667,0.383482494,0.111111111,0.323380833,0.0,0.0
10_13_05.bmp,2.1666666666666665,0.055555556,0.23570226,0.222222222,0.427792632,0.944444444,0.23570226,0.055555556,0.23570226,0.388888889,0.501631326,0.111111111,0.323380833,0.055555556,0.23570226
19_24_03.bmp,2.111111111111111,0.0,0.0,0.888888889,0.323380833,0.0,0.0,0.0,0.0,0.111111111,0.323380833,0.055555556,0.23570226,0.0,0.0
01386.jpg,3.611111111111111,0.055555556,0.23570226,0.666666667,0.48507125,0.055555556,0.23570226,0.0,0.0,0.055555556,0.23570226,0.0,0.0,0.055555556,0.23570226
05_11_03.bmp,2.333333333333333,0.833333333,0.383482494,0.333333333,0.48507125,0.055555556,0.23570226,0.0,0.0,0.111111111,0.323380833,0.166666667,0.383482494,0.0,0.0
0017.jpg,3.4444444444444446,0.0,0.0,0.222222222,0.427792632,0.722222222,0.460888599,0.0,0.0,0.0,0.0,0.055555556,0.23570226,0.055555556,0.23570226
34_11_01.bmp,3.1666666666666665,0.555555556,0.511309993,0.333333333,0.48507125,0.277777778,0.460888599,0.055555556,0.23570226,0.0,0.0,0.0,0.0,0.055555556,0.23570226
25_20_04.bmp,1.9444444444444444,0.611111111,0.501631326,0.5,0.514495755,0.222222222,0.427792632,0.222222222,0.427792632,0.166666667,0.383482494,0.055555556,0.23570226,0.055555556,0.23570226
0498.jpg,2.388888888888889,0.111111111,0.323380833,0.444444444,0.511309993,0.0,0.0,0.5,0.514495755,0.666666667,0.48507125,0.055555556,0.23570226,0.0,0.0
22_03_04.bmp,1.7777777777777777,0.111111111,0.323380833,0.833333333,0.383482494,0.0,0.0,0.055555556,0.23570226,0.111111111,0.323380833,0.055555556,0.23570226,0.0,0.0
29_07_04.bmp,1.8888888888888888,0.277777778,0.460888599,0.722222222,0.460888599,0.055555556,0.23570226,0.0,0.0,0.055555556,0.23570226,0.111111111,0.323380833,0.0,0.0
12_14_04.bmp,2.2222222222222223,0.111111111,0.323380833,0.166666667,0.383482494,0.111111111,0.323380833,0.666666667,0.48507125,0.055555556,0.23570226,0.055555556,0.23570226,0.055555556,0.23570226
21_23_04.bmp,2.2222222222222223,0.055555556,0.23570226,0.222222222,0.427792632,0.0,0.0,0.777777778,0.427792632,0.0,0.0,0.055555556,0.23570226,0.055555556,0.23570226
30_25_03.bmp,2.5,0.0,0.0,0.111111111,0.323380833,0.0,0.0,0.111111111,0.323380833,0.222222222,0.427792632,0.0,0.0,0.888888889,0.323380833
15_08_01.bmp,3.388888888888889,0.222222222,0.427792632,0.333333333,0.48507125,0.055555556,0.23570226,0.055555556,0.23570226,0.222222222,0.427792632,0.055555556,0.23570226,0.055555556,0.23570226
13_16_02.bmp,3.333333333333333,0.166666667,0.383482494,0.388888889,0.501631326,0.0,0.0,0.055555556,0.23570226,0.166666667,0.383482494,0.055555556,0.23570226,0.055555556,0.23570226
01323.jpg,3.388888888888889,0.333333333,0.48507125,0.444444444,0.511309993,0.0,0.0,0.055555556,0.23570226,0.222222222,0.427792632,0.055555556,0.23570226,0.0,0.0
36_20_03.bmp,2.555555555555556,0.444444444,0.511309993,0.444444444,0.511309993,0.111111111,0.323380833,0.111111111,0.323380833,0.0,0.0,0.055555556,0.23570226,0.0,0.0
01162.jpg,3.888888888888889,0.222222222,0.427792632,0.5,0.514495755,0.0,0.0,0.055555556,0.23570226,0.166666667,0.383482494,0.055555556,0.23570226,0.0,0.0
04_06_03.bmp,2.4444444444444446,0.388888889,0.501631326,0.666666667,0.48507125,0.166666667,0.383482494,0.0,0.0,0.111111111,0.323380833,0.222222222,0.427792632,0.111111111,0.323380833
09_09_01.bmp,3.111111111111111,0.555555556,0.511309993,0.444444444,0.511309993,0.055555556,0.23570226,0.0,0.0,0.166666667,0.383482494,0.111111111,0.323380833,0.055555556,0.23570226
01345.jpg,3.7777777777777777,0.111111111,0.323380833,0.444444444,0.511309993,0.055555556,0.23570226,0.0,0.0,0.055555556,0.23570226,0.055555556,0.23570226,0.055555556,0.23570226
27_20_04.bmp,1.9444444444444444,0.555555556,0.511309993,0.388888889,0.501631326,0.222222222,0.427792632,0.222222222,0.427792632,0.444444444,0.511309993,0.0,0.0,0.0,0.0
09_19_04.bmp,2.5,0.333333333,0.48507125,0.388888889,0.501631326,0.444444444,0.511309993,0.055555556,0.23570226,0.222222222,0.427792632,0.055555556,0.23570226,0.055555556,0.23570226
07_06_03.bmp,2.4444444444444446,0.444444444,0.511309993,0.444444444,0.511309993,0.166666667,0.383482494,0.0,0.0,0.111111111,0.323380833,0.166666667,0.383482494,0.055555556,0.23570226
12_22_01.bmp,3.2222222222222223,0.166666667,0.383482494,0.444444444,0.511309993,0.222222222,0.427792632,0.111111111,0.323380833,0.0,0.0,0.0,0.0,0.055555556,0.23570226
0141.jpg,3.2222222222222223,0.055555556,0.23570226,0.222222222,0.427792632,0.833333333,0.383482494,0.055555556,0.23570226,0.055555556,0.23570226,0.055555556,0.23570226,0.055555556,0.23570226
0090.jpg,2.7222222222222223,0.055555556,0.23570226,0.333333333,0.48507125,0.944444444,0.23570226,0.0,0.0,0.0,0.0,0.055555556,0.23570226,0.055555556,0.23570226
01_14_02.bmp,3.2222222222222223,0.055555556,0.23570226,0.666666667,0.48507125,0.111111111,0.323380833,0.0,0.0,0.055555556,0.23570226,0.0,0.0,0.111111111,0.323380833
36_13_02.bmp,3.055555555555556,0.055555556,0.23570226,0.5,0.514495755,0.333333333,0.48507125,0.0,0.0,0.0,0.0,0.055555556,0.23570226,0.055555556,0.23570226
26_20_03.bmp,3.2777777777777777,0.166666667,0.383482494,0.444444444,0.511309993,0.166666667,0.383482494,0.0,0.0,0.111111111,0.323380833,0.055555556,0.23570226,0.055555556,0.23570226
34_07_04.bmp,1.3888888888888888,0.166666667,0.383482494,0.888888889,0.323380833,0.055555556,0.23570226,0.055555556,0.23570226,0.0,0.0,0.0,0.0,0.055555556,0.23570226
0939.jpg,2.888888888888889,0.055555556,0.23570226,0.333333333,0.48507125,0.055555556,0.23570226,0.666666667,0.48507125,0.166666667,0.383482494,0.055555556,0.23570226,0.055555556,0.23570226
12_08_05.bmp,1.8888888888888888,0.444444444,0.511309993,0.666666667,0.48507125,0.111111111,0.323380833,0.055555556,0.23570226,0.0,0.0,0.0,0.0,0.055555556,0.23570226
13_03_03.bmp,2.833333333333333,0.055555556,0.23570226,0.611111111,0.501631326,0.111111111,0.323380833,0.055555556,0.23570226,0.166666667,0.383482494,0.0,0.0,0.055555556,0.23570226
35_19_05.bmp,2.333333333333333,0.166666667,0.383482494,0.555555556,0.511309993,0.444444444,0.511309993,0.111111111,0.323380833,0.0,0.0,0.0,0.0,0.055555556,0.23570226
1018.jpg,3.6666666666666665,0.111111111,0.323380833,0.388888889,0.501631326,0.0,0.0,0.166666667,0.383482494,0.055555556,0.23570226,0.166666667,0.383482494,0.055555556,0.23570226
28_09_04.bmp,2.555555555555556,0.777777778,0.427792632,0.277777778,0.460888599,0.055555556,0.23570226,0.0,0.0,0.277777778,0.460888599,0.0,0.0,0.055555556,0.23570226
01426.jpg,3.7777777777777777,0.0,0.0,0.444444444,0.511309993,0.166666667,0.383482494,0.055555556,0.23570226,0.0,0.0,0.0,0.0,0.0,0.0
34_08_02.bmp,3.055555555555556,0.055555556,0.23570226,0.666666667,0.48507125,0.111111111,0.323380833,0.0,0.0,0.0,0.0,0.0,0.0,0.055555556,0.23570226
30_12_01.bmp,3.5,0.277777778,0.460888599,0.333333333,0.48507125,0.055555556,0.23570226,0.0,0.0,0.277777778,0.460888599,0.0,0.0,0.055555556,0.23570226
35_20_04.bmp,1.7222222222222223,0.388888889,0.501631326,0.666666667,0.48507125,0.166666667,0.383482494,0.166666667,0.383482494,0.0,0.0,0.0,0.0,0.055555556,0.23570226
01_06_02.bmp,2.888888888888889,0.055555556,0.23570226,0.777777778,0.427792632,0.111111111,0.323380833,0.055555556,0.23570226,0.0,0.0,0.166666667,0.383482494,0.055555556,0.23570226
0388.jpg,2.6666666666666665,0.111111111,0.323380833,0.722222222,0.460888599,0.055555556,0.23570226,0.055555556,0.23570226,0.055555556,0.23570226,0.055555556,0.23570226,0.055555556,0.23570226
11_11_01.bmp,3.1666666666666665,0.555555556,0.511309993,0.277777778,0.460888599,0.0,0.0,0.055555556,0.23570226,0.277777778,0.460888599,0.111111111,0.323380833,0.0,0.0
04_10_01.bmp,3.111111111111111,0.611111111,0.501631326,0.444444444,0.511309993,0.055555556,0.23570226,0.0,0.0,0.166666667,0.383482494,0.0,0.0,0.055555556,0.23570226
07_19_02.bmp,2.888888888888889,0.388888889,0.501631326,0.277777778,0.460888599,0.444444444,0.511309993,0.0,0.0,0.111111111,0.323380833,0.055555556,0.23570226,0.055555556,0.23570226
17_06_02.bmp,2.333333333333333,0.333333333,0.48507125,0.388888889,0.501631326,0.222222222,0.427792632,0.055555556,0.23570226,0.166666667,0.383482494,0.277777778,0.460888599,0.0,0.0
19_25_03.bmp,2.388888888888889,0.0,0.0,0.111111111,0.323380833,0.055555556,0.23570226,0.0,0.0,0.111111111,0.323380833,0.055555556,0.23570226,0.888888889,0.323380833
09_03_04.bmp,2.055555555555556,0.222222222,0.427792632,0.833333333,0.383482494,0.166666667,0.383482494,0.0,0.0,0.166666667,0.383482494,0.0,0.0,0.0,0.0
27_16_02.bmp,2.888888888888889,0.055555556,0.23570226,0.5,0.514495755,0.166666667,0.383482494,0.055555556,0.23570226,0.388888889,0.501631326,0.055555556,0.23570226,0.111111111,0.323380833
31_03_01.bmp,3.611111111111111,0.055555556,0.23570226,0.166666667,0.383482494,0.055555556,0.23570226,0.055555556,0.23570226,0.222222222,0.427792632,0.055555556,0.23570226,0.055555556,0.23570226
0040.jpg,3.6666666666666665,0.055555556,0.23570226,0.166666667,0.383482494,0.722222222,0.460888599,0.055555556,0.23570226,0.055555556,0.23570226,0.0,0.0,0.0,0.0
0467.jpg,2.888888888888889,0.0,0.0,0.388888889,0.501631326,0.0,0.0,0.166666667,0.383482494,0.666666667,0.48507125,0.055555556,0.23570226,0.055555556,0.23570226
11_05_04.bmp,2.0,0.444444444,0.511309993,0.666666667,0.48507125,0.0,0.0,0.111111111,0.323380833,0.333333333,0.48507125,0.055555556,0.23570226,0.0,0.0
1079.jpg,3.388888888888889,0.055555556,0.23570226,0.277777778,0.460888599,0.055555556,0.23570226,0.5,0.514495755,0.055555556,0.23570226,0.055555556,0.23570226,0.055555556,0.23570226
35_18_02.bmp,2.111111111111111,0.111111111,0.323380833,0.722222222,0.460888599,0.055555556,0.23570226,0.055555556,0.23570226,0.055555556,0.23570226,0.0,0.0,0.055555556,0.23570226
0936.jpg,3.333333333333333,0.055555556,0.23570226,0.222222222,0.427792632,0.0,0.0,0.555555556,0.511309993,0.222222222,0.427792632,0.0,0.0,0.111111111,0.323380833
17_20_01.bmp,2.611111111111111,0.277777778,0.460888599,0.333333333,0.48507125,0.222222222,0.427792632,0.166666667,0.383482494,0.166666667,0.383482494,0.0,0.0,0.111111111,0.323380833
13_08_03.bmp,2.833333333333333,0.277777778,0.460888599,0.666666667,0.48507125,0.055555556,0.23570226,0.0,0.0,0.055555556,0.23570226,0.111111111,0.323380833,0.055555556,0.23570226
22_08_05.bmp,1.6111111111111112,0.333333333,0.48507125,0.833333333,0.383482494,0.0,0.0,0.0,0.0,0.111111111,0.323380833,0.111111111,0.323380833,0.0,0.0
35_03_05.bmp,1.3888888888888888,0.055555556,0.23570226,0.888888889,0.323380833,0.055555556,0.23570226,0.0,0.0,0.055555556,0.23570226,0.0,0.0,0.0,0.0
32_18_03.bmp,2.5,0.055555556,0.23570226,0.833333333,0.383482494,0.111111111,0.323380833,0.0,0.0,0.388888889,0.501631326,0.055555556,0.23570226,0.0,0.0
0895.jpg,3.7777777777777777,0.111111111,0.323380833,0.555555556,0.511309993,0.0,0.0,0.0,0.0,0.111111111,0.323380833,0.0,0.0,0.0,0.0
12_07_03.bmp,2.2777777777777777,0.166666667,0.383482494,0.888888889,0.323380833,0.055555556,0.23570226,0.0,0.0,0.0,0.0,0.055555556,0.23570226,0.055555556,0.23570226
16_14_03.bmp,2.888888888888889,0.055555556,0.23570226,0.111111111,0.323380833,0.166666667,0.383482494,0.5,0.514495755,0.277777778,0.460888599,0.388888889,0.501631326,0.0,0.0
37_17_03.bmp,2.611111111111111,0.111111111,0.323380833,0.5,0.514495755,0.055555556,0.23570226,0.055555556,0.23570226,0.166666667,0.383482494,0.222222222,0.427792632,0.166666667,0.383482494
19_22_02.bmp,2.555555555555556,0.222222222,0.427792632,0.611111111,0.501631326,0.055555556,0.23570226,0.0,0.0,0.055555556,0.23570226,0.055555556,0.23570226,0.0,0.0
17_11_05.bmp,2.111111111111111,0.777777778,0.427792632,0.222222222,0.427792632,0.055555556,0.23570226,0.055555556,0.23570226,0.222222222,0.427792632,0.166666667,0.383482494,0.0,0.0
0850.jpg,3.5,0.055555556,0.23570226,0.444444444,0.511309993,0.055555556,0.23570226,0.0,0.0,0.277777778,0.460888599,0.0,0.0,0.055555556,0.23570226
08_08_01.bmp,4.055555555555555,0.222222222,0.427792632,0.166666667,0.383482494,0.0,0.0,0.055555556,0.23570226,0.055555556,0.23570226,0.0,0.0,0.0,0.0
34_13_04.bmp,2.388888888888889,0.055555556,0.23570226,0.388888889,0.501631326,0.888888889,0.323380833,0.0,0.0,0.0,0.0,0.0,0.0,0.055555556,0.23570226
33_17_03.bmp,2.833333333333333,0.055555556,0.23570226,0.722222222,0.460888599,0.0,0.0,0.0,0.0,0.444444444,0.511309993,0.111111111,0.323380833,0.166666667,0.383482494
30_03_04.bmp,2.4444444444444446,0.0,0.0,0.833333333,0.383482494,0.0,0.0,0.055555556,0.23570226,0.277777778,0.460888599,0.0,0.0,0.0,0.0
27_20_03.bmp,2.2222222222222223,0.444444444,0.511309993,0.333333333,0.48507125,0.166666667,0.383482494,0.166666667,0.383482494,0.388888889,0.501631326,0.0,0.0,0.055555556,0.23570226
0383.jpg,2.055555555555556,0.111111111,0.323380833,1.0,0.0,0.055555556,0.23570226,0.111111111,0.323380833,0.0,0.0,0.0,0.0,0.111111111,0.323380833
17_09_05.bmp,2.2777777777777777,0.833333333,0.383482494,0.166666667,0.383482494,0.111111111,0.323380833,0.0,0.0,0.277777778,0.460888599,0.055555556,0.23570226,0.0,0.0
18_20_02.bmp,2.5,0.444444444,0.511309993,0.333333333,0.48507125,0.222222222,0.427792632,0.333333333,0.48507125,0.0,0.0,0.0,0.0,0.055555556,0.23570226
14_09_01.bmp,2.7777777777777777,0.722222222,0.460888599,0.222222222,0.427792632,0.055555556,0.23570226,0.0,0.0,0.055555556,0.23570226,0.111111111,0.323380833,0.055555556,0.23570226
01418.jpg,3.4444444444444446,0.0,0.0,0.5,0.514495755,0.055555556,0.23570226,0.0,0.0,0.055555556,0.23570226,0.055555556,0.23570226,0.111111111,0.323380833
35_02_02.bmp,2.388888888888889,0.055555556,0.23570226,0.833333333,0.383482494,0.0,0.0,0.0,0.0,0.055555556,0.23570226,0.0,0.0,0.111111111,0.323380833
23_15_04.bmp,3.111111111111111,0.111111111,0.323380833,0.277777778,0.460888599,0.111111111,0.323380833,0.166666667,0.383482494,0.277777778,0.460888599,0.055555556,0.23570226,0.0,0.0
01482.jpg,3.6666666666666665,0.166666667,0.383482494,0.5,0.514495755,0.111111111,0.323380833,0.0,0.0,0.0,0.0,0.055555556,0.23570226,0.055555556,0.23570226
0213.jpg,2.5,0.166666667,0.383482494,0.388888889,0.501631326,0.055555556,0.23570226,0.777777778,0.427792632,0.055555556,0.23570226,0.055555556,0.23570226,0.0,0.0
29_19_03.bmp,2.7777777777777777,0.388888889,0.501631326,0.611111111,0.501631326,0.222222222,0.427792632,0.0,0.0,0.111111111,0.323380833,0.111111111,0.323380833,0.055555556,0.23570226
0547.jpg,2.833333333333333,0.0,0.0,0.5,0.514495755,0.0,0.0,0.111111111,0.323380833,0.833333333,0.383482494,0.0,0.0,0.0,0.0
01210.jpg,3.611111111111111,0.222222222,0.427792632,0.222222222,0.427792632,0.0,0.0,0.0,0.0,0.444444444,0.511309993,0.055555556,0.23570226,0.222222222,0.427792632
0073.jpg,3.2222222222222223,0.0,0.0,0.333333333,0.48507125,0.555555556,0.511309993,0.055555556,0.23570226,0.055555556,0.23570226,0.0,0.0,0.0,0.0
36_05_03.bmp,2.111111111111111,0.277777778,0.460888599,0.777777778,0.427792632,0.166666667,0.383482494,0.0,0.0,0.0,0.0,0.055555556,0.23570226,0.055555556,0.23570226
13_10_03.bmp,2.7777777777777777,0.722222222,0.460888599,0.111111111,0.323380833,0.111111111,0.323380833,0.0,0.0,0.222222222,0.427792632,0.0,0.0,0.111111111,0.323380833
10_02_03.bmp,1.9444444444444444,0.055555556,0.23570226,0.888888889,0.323380833,0.0,0.0,0.0,0.0,0.388888889,0.501631326,0.166666667,0.383482494,0.0,0.0
15_17_01.bmp,2.9444444444444446,0.111111111,0.323380833,0.5,0.514495755,0.0,0.0,0.0,0.0,0.388888889,0.501631326,0.0,0.0,0.222222222,0.427792632
28_07_02.bmp,2.888888888888889,0.166666667,0.383482494,0.666666667,0.48507125,0.111111111,0.323380833,0.0,0.0,0.111111111,0.323380833,0.111111111,0.323380833,0.055555556,0.23570226
29_08_01.bmp,3.388888888888889,0.166666667,0.383482494,0.5,0.514495755,0.055555556,0.23570226,0.0,0.0,0.055555556,0.23570226,0.111111111,0.323380833,0.0,0.0
0316.jpg,2.4444444444444446,0.055555556,0.23570226,0.888888889,0.323380833,0.0,0.0,0.166666667,0.383482494,0.166666667,0.383482494,0.0,0.0,0.0,0.0
01315.jpg,3.333333333333333,0.388888889,0.501631326,0.444444444,0.511309993,0.0,0.0,0.222222222,0.427792632,0.277777778,0.460888599,0.055555556,0.23570226,0.055555556,0.23570226
16_21_02.bmp,2.555555555555556,0.055555556,0.23570226,0.111111111,0.323380833,0.666666667,0.48507125,0.0,0.0,0.277777778,0.460888599,0.333333333,0.48507125,0.0,0.0
19_08_04.bmp,2.1666666666666665,0.277777778,0.460888599,0.722222222,0.460888599,0.055555556,0.23570226,0.055555556,0.23570226,0.055555556,0.23570226,0.166666667,0.383482494,0.055555556,0.23570226
13_05_05.bmp,1.9444444444444444,0.277777778,0.460888599,0.611111111,0.501631326,0.111111111,0.323380833,0.0,0.0,0.222222222,0.427792632,0.055555556,0.23570226,0.055555556,0.23570226
19_25_05.bmp,1.9444444444444444,0.055555556,0.23570226,0.111111111,0.323380833,0.111111111,0.323380833,0.055555556,0.23570226,0.055555556,0.23570226,0.055555556,0.23570226,0.777777778,0.427792632
01_22_04.bmp,1.7222222222222223,0.5,0.514495755,0.833333333,0.383482494,0.111111111,0.323380833,0.055555556,0.23570226,0.0,0.0,0.0,0.0,0.0,0.0
30_19_03.bmp,2.7222222222222223,0.277777778,0.460888599,0.444444444,0.511309993,0.444444444,0.511309993,0.055555556,0.23570226,0.277777778,0.460888599,0.055555556,0.23570226,0.0,0.0
18_09_03.bmp,2.7777777777777777,0.833333333,0.383482494,0.277777778,0.460888599,0.111111111,0.323380833,0.0,0.0,0.0,0.0,0.0,0.0,0.055555556,0.23570226
35_09_01.bmp,2.6666666666666665,0.666666667,0.48507125,0.5,0.514495755,0.055555556,0.23570226,0.055555556,0.23570226,0.055555556,0.23570226,0.0,0.0,0.055555556,0.23570226
24_18_04.bmp,2.2777777777777777,0.0,0.0,0.666666667,0.48507125,0.055555556,0.23570226,0.0,0.0,0.055555556,0.23570226,0.0,0.0,0.111111111,0.323380833
14_15_04.bmp,3.555555555555556,0.055555556,0.23570226,0.388888889,0.501631326,0.0,0.0,0.055555556,0.23570226,0.055555556,0.23570226,0.055555556,0.23570226,0.055555556,0.23570226
06_25_01.bmp,2.833333333333333,0.055555556,0.23570226,0.055555556,0.23570226,0.055555556,0.23570226,0.055555556,0.23570226,0.0,0.0,0.055555556,0.23570226,0.944444444,0.23570226
34_17_04.bmp,2.333333333333333,0.111111111,0.323380833,0.555555556,0.511309993,0.166666667,0.383482494,0.0,0.0,0.111111111,0.323380833,0.166666667,0.383482494,0.222222222,0.427792632
0637.jpg,2.9444444444444446,0.055555556,0.23570226,0.444444444,0.511309993,0.111111111,0.323380833,0.055555556,0.23570226,0.111111111,0.323380833,0.0,0.0,0.055555556,0.23570226
22_02_05.bmp,1.2777777777777777,0.0,0.0,0.888888889,0.323380833,0.0,0.0,0.0,0.0,0.111111111,0.323380833,0.111111111,0.323380833,0.055555556,0.23570226
20_16_02.bmp,3.111111111111111,0.166666667,0.383482494,0.444444444,0.511309993,0.166666667,0.383482494,0.055555556,0.23570226,0.111111111,0.323380833,0.111111111,0.323380833,0.0,0.0
0011.jpg,3.8333333333333335,0.055555556,0.23570226,0.111111111,0.323380833,0.722222222,0.460888599,0.0,0.0,0.0,0.0,0.0,0.0,0.0,0.0
16_02_04.bmp,1.7222222222222223,0.0,0.0,0.888888889,0.323380833,0.0,0.0,0.0,0.0,0.277777778,0.460888599,0.444444444,0.511309993,0.0,0.0
12_15_02.bmp,2.888888888888889,0.055555556,0.23570226,0.111111111,0.323380833,0.722222222,0.460888599,0.0,0.0,0.0,0.0,0.0,0.0,0.055555556,0.23570226
0050.jpg,3.2777777777777777,0.055555556,0.23570226,0.277777778,0.460888599,0.833333333,0.383482494,0.0,0.0,0.277777778,0.460888599,0.0,0.0,0.0,0.0
28_03_01.bmp,3.4444444444444446,0.055555556,0.23570226,0.5,0.514495755,0.166666667,0.383482494,0.0,0.0,0.166666667,0.383482494,0.111111111,0.323380833,0.0,0.0
01_11_04.bmp,1.8333333333333333,0.888888889,0.323380833,0.5,0.514495755,0.166666667,0.383482494,0.0,0.0,0.055555556,0.23570226,0.055555556,0.23570226,0.055555556,0.23570226
10_19_03.bmp,2.7777777777777777,0.333333333,0.48507125,0.333333333,0.48507125,0.388888889,0.501631326,0.0,0.0,0.333333333,0.48507125,0.222222222,0.427792632,0.0,0.0
0455.jpg,3.055555555555556,0.0,0.0,0.222222222,0.427792632,0.0,0.0,0.111111111,0.323380833,0.944444444,0.23570226,0.0,0.0,0.055555556,0.23570226
03_19_04.bmp,2.611111111111111,0.222222222,0.427792632,0.333333333,0.48507125,0.5,0.514495755,0.055555556,0.23570226,0.111111111,0.323380833,0.111111111,0.323380833,0.055555556,0.23570226
01_22_03.bmp,1.7777777777777777,0.444444444,0.511309993,0.833333333,0.383482494,0.222222222,0.427792632,0.0,0.0,0.0,0.0,0.055555556,0.23570226,0.055555556,0.23570226
13_14_03.bmp,3.388888888888889,0.055555556,0.23570226,0.166666667,0.383482494,0.055555556,0.23570226,0.333333333,0.48507125,0.166666667,0.383482494,0.0,0.0,0.111111111,0.323380833
26_16_01.bmp,3.5,0.111111111,0.323380833,0.0,0.0,0.0,0.0,0.277777778,0.460888599,0.111111111,0.323380833,0.0,0.0,0.055555556,0.23570226
07_25_04.bmp,2.055555555555556,0.055555556,0.23570226,0.222222222,0.427792632,0.055555556,0.23570226,0.055555556,0.23570226,0.0,0.0,0.0,0.0,0.888888889,0.323380833
18_10_01.bmp,3.1666666666666665,0.388888889,0.501631326,0.444444444,0.511309993,0.055555556,0.23570226,0.055555556,0.23570226,0.0,0.0,0.0,0.0,0.055555556,0.23570226
10_20_01.bmp,2.555555555555556,0.388888889,0.501631326,0.333333333,0.48507125,0.388888889,0.501631326,0.055555556,0.23570226,0.222222222,0.427792632,0.111111111,0.323380833,0.055555556,0.23570226
08_08_04.bmp,2.7777777777777777,0.5,0.514495755,0.555555556,0.511309993,0.0,0.0,0.166666667,0.383482494,0.0,0.0,0.111111111,0.323380833,0.166666667,0.383482494
0744.jpg,3.4444444444444446,0.055555556,0.23570226,0.5,0.514495755,0.0,0.0,0.0,0.0,0.0,0.0,0.111111111,0.323380833,0.111111111,0.323380833
01204.jpg,3.888888888888889,0.166666667,0.383482494,0.055555556,0.23570226,0.055555556,0.23570226,0.0,0.0,0.555555556,0.511309993,0.111111111,0.323380833,0.055555556,0.23570226
0563.jpg,3.1666666666666665,0.166666667,0.383482494,0.444444444,0.511309993,0.0,0.0,0.055555556,0.23570226,0.722222222,0.460888599,0.0,0.0,0.055555556,0.23570226
04_05_04.bmp,1.7222222222222223,0.444444444,0.511309993,0.666666667,0.48507125,0.166666667,0.383482494,0.0,0.0,0.333333333,0.48507125,0.0,0.0,0.055555556,0.23570226
19_19_05.bmp,1.8888888888888888,0.055555556,0.23570226,0.111111111,0.323380833,0.944444444,0.23570226,0.055555556,0.23570226,0.055555556,0.23570226,0.055555556,0.23570226,0.0,0.0
02_09_05.bmp,2.055555555555556,0.888888889,0.323380833,0.388888889,0.501631326,0.0,0.0,0.0,0.0,0.388888889,0.501631326,0.111111111,0.323380833,0.055555556,0.23570226
14_14_02.bmp,3.5,0.166666667,0.383482494,0.333333333,0.48507125,0.055555556,0.23570226,0.166666667,0.383482494,0.0,0.0,0.111111111,0.323380833,0.055555556,0.23570226
0421.jpg,3.1666666666666665,0.0,0.0,0.611111111,0.501631326,0.111111111,0.323380833,0.222222222,0.427792632,0.0,0.0,0.0,0.0,0.055555556,0.23570226
25_15_03.bmp,3.055555555555556,0.111111111,0.323380833,0.5,0.514495755,0.277777778,0.460888599,0.0,0.0,0.111111111,0.323380833,0.0,0.0,0.055555556,0.23570226
28_10_05.bmp,2.111111111111111,0.777777778,0.427792632,0.277777778,0.460888599,0.055555556,0.23570226,0.0,0.0,0.222222222,0.427792632,0.111111111,0.323380833,0.055555556,0.23570226
01158.jpg,3.2777777777777777,0.055555556,0.23570226,0.222222222,0.427792632,0.055555556,0.23570226,0.111111111,0.323380833,0.555555556,0.511309993,0.722222222,0.460888599,0.0,0.0
26_17_05.bmp,2.333333333333333,0.111111111,0.323380833,0.388888889,0.501631326,0.111111111,0.323380833,0.0,0.0,0.222222222,0.427792632,0.166666667,0.383482494,0.166666667,0.383482494
0210.jpg,1.7222222222222223,0.277777778,0.460888599,0.444444444,0.511309993,0.055555556,0.23570226,0.833333333,0.383482494,0.055555556,0.23570226,0.055555556,0.23570226,0.055555556,0.23570226
32_01_04.bmp,1.7777777777777777,0.0,0.0,0.888888889,0.323380833,0.166666667,0.383482494,0.0,0.0,0.444444444,0.511309993,0.055555556,0.23570226,0.111111111,0.323380833
05_06_01.bmp,3.0,0.333333333,0.48507125,0.5,0.514495755,0.166666667,0.383482494,0.0,0.0,0.0,0.0,0.111111111,0.323380833,0.055555556,0.23570226
24_01_04.bmp,2.0,0.0,0.0,0.944444444,0.23570226,0.055555556,0.23570226,0.055555556,0.23570226,0.0,0.0,0.055555556,0.23570226,0.0,0.0
10_14_05.bmp,1.3888888888888888,0.0,0.0,0.222222222,0.427792632,0.111111111,0.323380833,0.944444444,0.23570226,0.166666667,0.383482494,0.111111111,0.323380833,0.0,0.0
01371.jpg,3.388888888888889,0.055555556,0.23570226,0.666666667,0.48507125,0.055555556,0.23570226,0.055555556,0.23570226,0.0,0.0,0.0,0.0,0.055555556,0.23570226
25_09_03.bmp,2.388888888888889,0.722222222,0.460888599,0.388888889,0.501631326,0.111111111,0.323380833,0.0,0.0,0.166666667,0.383482494,0.0,0.0,0.0,0.0
03_08_04.bmp,2.5,0.555555556,0.511309993,0.5,0.514495755,0.111111111,0.323380833,0.055555556,0.23570226,0.166666667,0.383482494,0.0,0.0,0.111111111,0.323380833
29_19_05.bmp,1.8888888888888888,0.055555556,0.23570226,0.222222222,0.427792632,0.833333333,0.383482494,0.055555556,0.23570226,0.055555556,0.23570226,0.111111111,0.323380833,0.055555556,0.23570226
06_19_01.bmp,3.6666666666666665,0.277777778,0.460888599,0.222222222,0.427792632,0.166666667,0.383482494,0.0,0.0,0.055555556,0.23570226,0.055555556,0.23570226,0.055555556,0.23570226
07_08_01.bmp,3.111111111111111,0.277777778,0.460888599,0.555555556,0.511309993,0.055555556,0.23570226,0.0,0.0,0.166666667,0.383482494,0.055555556,0.23570226,0.055555556,0.23570226
07_05_04.bmp,1.8333333333333333,0.333333333,0.48507125,0.666666667,0.48507125,0.111111111,0.323380833,0.0,0.0,0.055555556,0.23570226,0.055555556,0.23570226,0.055555556,0.23570226
30_24_01.bmp,3.333333333333333,0.055555556,0.23570226,0.5,0.514495755,0.0,0.0,0.111111111,0.323380833,0.166666667,0.383482494,0.055555556,0.23570226,0.055555556,0.23570226
0995.jpg,3.111111111111111,0.055555556,0.23570226,0.333333333,0.48507125,0.0,0.0,0.666666667,0.48507125,0.333333333,0.48507125,0.0,0.0,0.0,0.0
25_22_02.bmp,2.388888888888889,0.222222222,0.427792632,0.833333333,0.383482494,0.055555556,0.23570226,0.0,0.0,0.166666667,0.383482494,0.0,0.0,0.0,0.0
03_24_02.bmp,2.7222222222222223,0.055555556,0.23570226,0.5,0.514495755,0.055555556,0.23570226,0.055555556,0.23570226,0.111111111,0.323380833,0.0,0.0,0.055555556,0.23570226
24_03_03.bmp,2.6666666666666665,0.055555556,0.23570226,0.777777778,0.427792632,0.055555556,0.23570226,0.0,0.0,0.0,0.0,0.0,0.0,0.0,0.0
18_19_02.bmp,2.833333333333333,0.222222222,0.427792632,0.5,0.514495755,0.388888889,0.501631326,0.0,0.0,0.0,0.0,0.0,0.0,0.055555556,0.23570226
06_18_04.bmp,2.2777777777777777,0.222222222,0.427792632,0.833333333,0.383482494,0.111111111,0.323380833,0.0,0.0,0.0,0.0,0.166666667,0.383482494,0.055555556,0.23570226
0926.jpg,1.5,0.055555556,0.23570226,0.888888889,0.323380833,0.055555556,0.23570226,0.111111111,0.323380833,0.333333333,0.48507125,0.0,0.0,0.055555556,0.23570226
03_12_02.bmp,3.055555555555556,0.611111111,0.501631326,0.166666667,0.383482494,0.055555556,0.23570226,0.0,0.0,0.166666667,0.383482494,0.111111111,0.323380833,0.111111111,0.323380833
0001.jpg,3.0588235294117645,0.058823529,0.242535625,0.411764706,0.507299656,0.882352941,0.332105582,0.0,0.0,0.176470588,0.392952624,0.0,0.0,0.0,0.0
0361.jpg,2.2777777777777777,0.111111111,0.323380833,0.888888889,0.323380833,0.0,0.0,0.111111111,0.323380833,0.111111111,0.323380833,0.0,0.0,0.0,0.0
23_17_02.bmp,3.0,0.055555556,0.23570226,0.555555556,0.511309993,0.055555556,0.23570226,0.0,0.0,0.277777778,0.460888599,0.055555556,0.23570226,0.055555556,0.23570226
12_24_03.bmp,2.4444444444444446,0.277777778,0.460888599,0.777777778,0.427792632,0.055555556,0.23570226,0.0,0.0,0.111111111,0.323380833,0.111111111,0.323380833,0.055555556,0.23570226
28_10_03.bmp,2.7222222222222223,0.666666667,0.48507125,0.277777778,0.460888599,0.055555556,0.23570226,0.0,0.0,0.222222222,0.427792632,0.055555556,0.23570226,0.0,0.0
04_07_01.bmp,2.555555555555556,0.333333333,0.48507125,0.666666667,0.48507125,0.111111111,0.323380833,0.055555556,0.23570226,0.166666667,0.383482494,0.0,0.0,0.0,0.0
16_21_04.bmp,1.9444444444444444,0.111111111,0.323380833,0.277777778,0.460888599,0.055555556,0.23570226,0.611111111,0.501631326,0.277777778,0.460888599,0.277777778,0.460888599,0.0,0.0
03_10_02.bmp,3.1666666666666665,0.5,0.514495755,0.222222222,0.427792632,0.166666667,0.383482494,0.0,0.0,0.166666667,0.383482494,0.0,0.0,0.055555556,0.23570226
0533.jpg,2.833333333333333,0.055555556,0.23570226,0.444444444,0.511309993,0.055555556,0.23570226,0.222222222,0.427792632,0.777777778,0.427792632,0.055555556,0.23570226,0.055555556,0.23570226
12_03_04.bmp,2.055555555555556,0.055555556,0.23570226,0.888888889,0.323380833,0.055555556,0.23570226,0.0,0.0,0.111111111,0.323380833,0.0,0.0,0.0,0.0
0343.jpg,3.1666666666666665,0.111111111,0.323380833,0.555555556,0.511309993,0.0,0.0,0.055555556,0.23570226,0.0,0.0,0.055555556,0.23570226,0.0,0.0
16_06_01.bmp,2.7222222222222223,0.333333333,0.48507125,0.111111111,0.323380833,0.166666667,0.383482494,0.055555556,0.23570226,0.277777778,0.460888599,0.5,0.514495755,0.111111111,0.323380833
17_22_03.bmp,2.333333333333333,0.222222222,0.427792632,0.833333333,0.383482494,0.055555556,0.23570226,0.0,0.0,0.222222222,0.427792632,0.0,0.0,0.055555556,0.23570226
03_02_04.bmp,1.8888888888888888,0.055555556,0.23570226,0.888888889,0.323380833,0.0,0.0,0.0,0.0,0.166666667,0.383482494,0.0,0.0,0.055555556,0.23570226
1033.jpg,3.0,0.055555556,0.23570226,0.277777778,0.460888599,0.0,0.0,0.5,0.514495755,0.111111111,0.323380833,0.111111111,0.323380833,0.111111111,0.323380833
23_08_05.bmp,1.6666666666666667,0.222222222,0.427792632,0.777777778,0.427792632,0.0,0.0,0.055555556,0.23570226,0.166666667,0.383482494,0.111111111,0.323380833,0.0,0.0
20_17_01.bmp,3.2222222222222223,0.166666667,0.383482494,0.388888889,0.501631326,0.111111111,0.323380833,0.0,0.0,0.166666667,0.383482494,0.055555556,0.23570226,0.111111111,0.323380833
18_17_02.bmp,2.7222222222222223,0.055555556,0.23570226,0.5,0.514495755,0.055555556,0.23570226,0.055555556,0.23570226,0.111111111,0.323380833,0.111111111,0.323380833,0.222222222,0.427792632
0522.jpg,2.833333333333333,0.055555556,0.23570226,0.555555556,0.511309993,0.055555556,0.23570226,0.444444444,0.511309993,0.5,0.514495755,0.0,0.0,0.0,0.0
17_13_03.bmp,2.833333333333333,0.111111111,0.323380833,0.222222222,0.427792632,0.722222222,0.460888599,0.0,0.0,0.222222222,0.427792632,0.055555556,0.23570226,0.0,0.0
33_06_01.bmp,2.6666666666666665,0.277777778,0.460888599,0.388888889,0.501631326,0.166666667,0.383482494,0.0,0.0,0.555555556,0.511309993,0.0,0.0,0.055555556,0.23570226
26_18_05.bmp,1.8888888888888888,0.055555556,0.23570226,0.777777778,0.427792632,0.166666667,0.383482494,0.0,0.0,0.111111111,0.323380833,0.055555556,0.23570226,0.0,0.0
05_08_04.bmp,2.1666666666666665,0.333333333,0.48507125,0.611111111,0.501631326,0.0,0.0,0.055555556,0.23570226,0.0,0.0,0.166666667,0.383482494,0.0,0.0
16_23_04.bmp,2.333333333333333,0.0,0.0,0.222222222,0.427792632,0.055555556,0.23570226,0.722222222,0.460888599,0.222222222,0.427792632,0.277777778,0.460888599,0.055555556,0.23570226
31_11_02.bmp,3.2777777777777777,0.611111111,0.501631326,0.222222222,0.427792632,0.0,0.0,0.0,0.0,0.166666667,0.383482494,0.055555556,0.23570226,0.055555556,0.23570226
23_08_01.bmp,3.2777777777777777,0.055555556,0.23570226,0.444444444,0.511309993,0.111111111,0.323380833,0.0,0.0,0.277777778,0.460888599,0.111111111,0.323380833,0.0,0.0
0654.jpg,3.611111111111111,0.055555556,0.23570226,0.5,0.514495755,0.055555556,0.23570226,0.111111111,0.323380833,0.055555556,0.23570226,0.0,0.0,0.055555556,0.23570226
22_23_05.bmp,1.7222222222222223,0.0,0.0,0.333333333,0.48507125,0.055555556,0.23570226,0.722222222,0.460888599,0.0,0.0,0.0,0.0,0.111111111,0.323380833
0888.jpg,3.6666666666666665,0.166666667,0.383482494,0.444444444,0.511309993,0.055555556,0.23570226,0.055555556,0.23570226,0.111111111,0.323380833,0.055555556,0.23570226,0.055555556,0.23570226
22_20_02.bmp,2.1666666666666665,0.277777778,0.460888599,0.388888889,0.501631326,0.222222222,0.427792632,0.388888889,0.501631326,0.111111111,0.323380833,0.055555556,0.23570226,0.0,0.0
27_15_01.bmp,2.9444444444444446,0.166666667,0.383482494,0.222222222,0.427792632,0.611111111,0.501631326,0.0,0.0,0.388888889,0.501631326,0.0,0.0,0.055555556,0.23570226
0999.jpg,3.333333333333333,0.055555556,0.23570226,0.222222222,0.427792632,0.055555556,0.23570226,0.722222222,0.460888599,0.333333333,0.48507125,0.0,0.0,0.0,0.0
10_09_04.bmp,2.333333333333333,0.777777778,0.427792632,0.333333333,0.48507125,0.055555556,0.23570226,0.0,0.0,0.222222222,0.427792632,0.111111111,0.323380833,0.055555556,0.23570226
15_04_02.bmp,3.0,0.333333333,0.48507125,0.166666667,0.383482494,0.111111111,0.323380833,0.055555556,0.23570226,0.222222222,0.427792632,0.111111111,0.323380833,0.055555556,0.23570226
09_03_05.bmp,1.6111111111111112,0.055555556,0.23570226,0.888888889,0.323380833,0.166666667,0.383482494,0.0,0.0,0.166666667,0.383482494,0.0,0.0,0.0,0.0
28_02_05.bmp,1.4444444444444444,0.0,0.0,0.888888889,0.323380833,0.111111111,0.323380833,0.0,0.0,0.222222222,0.427792632,0.0,0.0,0.0,0.0
24_18_05.bmp,1.4444444444444444,0.0,0.0,0.777777778,0.427792632,0.055555556,0.23570226,0.055555556,0.23570226,0.0,0.0,0.0,0.0,0.0,0.0
21_09_01.bmp,3.2777777777777777,0.611111111,0.501631326,0.388888889,0.501631326,0.0,0.0,0.055555556,0.23570226,0.0,0.0,0.0,0.0,0.0,0.0
07_01_03.bmp,2.555555555555556,0.055555556,0.23570226,0.777777778,0.427792632,0.277777778,0.460888599,0.055555556,0.23570226,0.111111111,0.323380833,0.0,0.0,0.055555556,0.23570226
16_24_05.bmp,1.5555555555555556,0.111111111,0.323380833,0.777777778,0.427792632,0.0,0.0,0.055555556,0.23570226,0.277777778,0.460888599,0.277777778,0.460888599,0.111111111,0.323380833
0033.jpg,2.6666666666666665,0.0,0.0,0.277777778,0.460888599,0.888888889,0.323380833,0.0,0.0,0.0,0.0,0.111111111,0.323380833,0.0,0.0
26_19_01.bmp,3.8333333333333335,0.055555556,0.23570226,0.166666667,0.383482494,0.222222222,0.427792632,0.055555556,0.23570226,0.055555556,0.23570226,0.055555556,0.23570226,0.111111111,0.323380833
20_19_05.bmp,1.4444444444444444,0.055555556,0.23570226,0.166666667,0.383482494,0.833333333,0.383482494,0.0,0.0,0.055555556,0.23570226,0.111111111,0.323380833,0.0,0.0
09_14_01.bmp,3.2777777777777777,0.222222222,0.427792632,0.388888889,0.501631326,0.055555556,0.23570226,0.111111111,0.323380833,0.111111111,0.323380833,0.111111111,0.323380833,0.055555556,0.23570226
32_06_05.bmp,1.3888888888888888,0.333333333,0.48507125,0.388888889,0.501631326,0.166666667,0.383482494,0.055555556,0.23570226,0.333333333,0.48507125,0.166666667,0.383482494,0.0,0.0
21_25_04.bmp,2.0,0.055555556,0.23570226,0.111111111,0.323380833,0.0,0.0,0.055555556,0.23570226,0.0,0.0,0.0,0.0,0.833333333,0.383482494
06_22_05.bmp,1.3333333333333333,0.166666667,0.383482494,0.777777778,0.427792632,0.111111111,0.323380833,0.055555556,0.23570226,0.055555556,0.23570226,0.055555556,0.23570226,0.0,0.0
19_14_03.bmp,3.2222222222222223,0.0,0.0,0.111111111,0.323380833,0.055555556,0.23570226,0.555555556,0.511309993,0.166666667,0.383482494,0.111111111,0.323380833,0.055555556,0.23570226
10_13_03.bmp,3.055555555555556,0.166666667,0.383482494,0.277777778,0.460888599,0.444444444,0.511309993,0.055555556,0.23570226,0.388888889,0.501631326,0.166666667,0.383482494,0.0,0.0
18_16_01.bmp,3.111111111111111,0.055555556,0.23570226,0.388888889,0.501631326,0.277777778,0.460888599,0.111111111,0.323380833,0.0,0.0,0.0,0.0,0.055555556,0.23570226
07_01_04.bmp,1.8888888888888888,0.0,0.0,0.944444444,0.23570226,0.222222222,0.427792632,0.0,0.0,0.111111111,0.323380833,0.055555556,0.23570226,0.0,0.0
09_12_04.bmp,2.555555555555556,0.666666667,0.48507125,0.277777778,0.460888599,0.111111111,0.323380833,0.055555556,0.23570226,0.166666667,0.383482494,0.055555556,0.23570226,0.0,0.0
21_20_02.bmp,2.4444444444444446,0.444444444,0.511309993,0.5,0.514495755,0.166666667,0.383482494,0.277777778,0.460888599,0.055555556,0.23570226,0.0,0.0,0.0,0.0
25_22_01.bmp,2.7222222222222223,0.111111111,0.323380833,0.611111111,0.501631326,0.277777778,0.460888599,0.0,0.0,0.111111111,0.323380833,0.055555556,0.23570226,0.055555556,0.23570226
35_25_04.bmp,2.1666666666666665,0.055555556,0.23570226,0.333333333,0.48507125,0.055555556,0.23570226,0.055555556,0.23570226,0.0,0.0,0.055555556,0.23570226,0.944444444,0.23570226
08_17_05.bmp,2.4444444444444446,0.222222222,0.427792632,0.444444444,0.511309993,0.0,0.0,0.055555556,0.23570226,0.166666667,0.383482494,0.166666667,0.383482494,0.277777778,0.460888599
01180.jpg,3.555555555555556,0.222222222,0.427792632,0.388888889,0.501631326,0.0,0.0,0.055555556,0.23570226,0.388888889,0.501631326,0.0,0.0,0.111111111,0.323380833
05_12_05.bmp,1.7777777777777777,0.833333333,0.383482494,0.333333333,0.48507125,0.166666667,0.383482494,0.0,0.0,0.055555556,0.23570226,0.055555556,0.23570226,0.111111111,0.323380833
35_20_02.bmp,2.2222222222222223,0.166666667,0.383482494,0.611111111,0.501631326,0.277777778,0.460888599,0.166666667,0.383482494,0.0,0.0,0.0,0.0,0.0,0.0
0007.jpg,3.4444444444444446,0.0,0.0,0.277777778,0.460888599,0.611111111,0.501631326,0.0,0.0,0.277777778,0.460888599,0.0,0.0,0.055555556,0.23570226
26_07_02.bmp,3.1666666666666665,0.055555556,0.23570226,0.666666667,0.48507125,0.111111111,0.323380833,0.0,0.0,0.055555556,0.23570226,0.0,0.0,0.055555556,0.23570226
36_03_03.bmp,2.4444444444444446,0.111111111,0.323380833,0.833333333,0.383482494,0.055555556,0.23570226,0.0,0.0,0.0,0.0,0.0,0.0,0.111111111,0.323380833
34_03_01.bmp,3.4444444444444446,0.111111111,0.323380833,0.388888889,0.501631326,0.222222222,0.427792632,0.0,0.0,0.055555556,0.23570226,0.0,0.0,0.111111111,0.323380833
36_11_03.bmp,2.388888888888889,0.944444444,0.23570226,0.388888889,0.501631326,0.111111111,0.323380833,0.0,0.0,0.055555556,0.23570226,0.055555556,0.23570226,0.055555556,0.23570226
27_10_01.bmp,3.0,0.277777778,0.460888599,0.5,0.514495755,0.055555556,0.23570226,0.055555556,0.23570226,0.444444444,0.511309993,0.055555556,0.23570226,0.055555556,0.23570226
05_07_05.bmp,1.3888888888888888,0.222222222,0.427792632,0.888888889,0.323380833,0.055555556,0.23570226,0.0,0.0,0.0,0.0,0.055555556,0.23570226,0.055555556,0.23570226
14_05_01.bmp,3.6666666666666665,0.055555556,0.23570226,0.388888889,0.501631326,0.111111111,0.323380833,0.055555556,0.23570226,0.0,0.0,0.111111111,0.323380833,0.111111111,0.323380833
06_21_03.bmp,3.0,0.111111111,0.323380833,0.222222222,0.427792632,0.666666667,0.48507125,0.0,0.0,0.055555556,0.23570226,0.055555556,0.23570226,0.055555556,0.23570226
12_14_02.bmp,3.5,0.166666667,0.383482494,0.111111111,0.323380833,0.111111111,0.323380833,0.222222222,0.427792632,0.055555556,0.23570226,0.055555556,0.23570226,0.055555556,0.23570226
33_15_05.bmp,1.8888888888888888,0.111111111,0.323380833,0.333333333,0.48507125,0.055555556,0.23570226,0.833333333,0.383482494,0.333333333,0.48507125,0.0,0.0,0.0,0.0
28_11_03.bmp,2.6666666666666665,0.666666667,0.48507125,0.333333333,0.48507125,0.111111111,0.323380833,0.0,0.0,0.222222222,0.427792632,0.111111111,0.323380833,0.0,0.0
0138.jpg,2.611111111111111,0.111111111,0.323380833,0.388888889,0.501631326,0.888888889,0.323380833,0.0,0.0,0.0,0.0,0.055555556,0.23570226,0.055555556,0.23570226
34_23_03.bmp,2.555555555555556,0.055555556,0.23570226,0.166666667,0.383482494,0.0,0.0,0.777777778,0.427792632,0.0,0.0,0.055555556,0.23570226,0.111111111,0.323380833
11_24_02.bmp,2.7222222222222223,0.055555556,0.23570226,0.722222222,0.460888599,0.055555556,0.23570226,0.111111111,0.323380833,0.222222222,0.427792632,0.055555556,0.23570226,0.0,0.0
21_24_05.bmp,1.2222222222222223,0.055555556,0.23570226,0.888888889,0.323380833,0.0,0.0,0.055555556,0.23570226,0.111111111,0.323380833,0.0,0.0,0.055555556,0.23570226
13_14_04.bmp,2.833333333333333,0.055555556,0.23570226,0.111111111,0.323380833,0.166666667,0.383482494,0.555555556,0.511309993,0.111111111,0.323380833,0.055555556,0.23570226,0.055555556,0.23570226
02_14_03.bmp,2.888888888888889,0.111111111,0.323380833,0.277777778,0.460888599,0.055555556,0.23570226,0.444444444,0.511309993,0.444444444,0.511309993,0.111111111,0.323380833,0.0,0.0
0095.jpg,1.6666666666666667,0.0,0.0,0.611111111,0.501631326,1.0,0.0,0.055555556,0.23570226,0.055555556,0.23570226,0.0,0.0,0.055555556,0.23570226
15_20_01.bmp,2.7777777777777777,0.388888889,0.501631326,0.222222222,0.427792632,0.166666667,0.383482494,0.333333333,0.48507125,0.277777778,0.460888599,0.0,0.0,0.0,0.0
34_23_01.bmp,3.0,0.055555556,0.23570226,0.166666667,0.383482494,0.111111111,0.323380833,0.722222222,0.460888599,0.0,0.0,0.0,0.0,0.166666667,0.383482494
37_20_04.bmp,2.055555555555556,0.5,0.514495755,0.555555556,0.511309993,0.166666667,0.383482494,0.277777778,0.460888599,0.055555556,0.23570226,0.111111111,0.323380833,0.0,0.0
04_04_03.bmp,3.0,0.166666667,0.383482494,0.5,0.514495755,0.055555556,0.23570226,0.0,0.0,0.166666667,0.383482494,0.333333333,0.48507125,0.0,0.0
11_17_05.bmp,2.2222222222222223,0.111111111,0.323380833,0.5,0.514495755,0.0,0.0,0.055555556,0.23570226,0.277777778,0.460888599,0.166666667,0.383482494,0.277777778,0.460888599
0827.jpg,3.5,0.055555556,0.23570226,0.444444444,0.511309993,0.0,0.0,0.111111111,0.323380833,0.0,0.0,0.055555556,0.23570226,0.055555556,0.23570226
09_19_02.bmp,3.2777777777777777,0.333333333,0.48507125,0.444444444,0.511309993,0.111111111,0.323380833,0.055555556,0.23570226,0.111111111,0.323380833,0.055555556,0.23570226,0.0,0.0
0883.jpg,3.7222222222222223,0.166666667,0.383482494,0.333333333,0.48507125,0.055555556,0.23570226,0.111111111,0.323380833,0.111111111,0.323380833,0.055555556,0.23570226,0.0,0.0
09_15_03.bmp,3.333333333333333,0.333333333,0.48507125,0.444444444,0.511309993,0.166666667,0.383482494,0.0,0.0,0.166666667,0.383482494,0.111111111,0.323380833,0.0,0.0
27_12_05.bmp,2.2222222222222223,0.722222222,0.460888599,0.388888889,0.501631326,0.055555556,0.23570226,0.0,0.0,0.444444444,0.511309993,0.111111111,0.323380833,0.055555556,0.23570226
11_03_05.bmp,1.5555555555555556,0.0,0.0,0.944444444,0.23570226,0.0,0.0,0.055555556,0.23570226,0.222222222,0.427792632,0.111111111,0.323380833,0.0,0.0
04_04_01.bmp,3.2222222222222223,0.055555556,0.23570226,0.555555556,0.511309993,0.055555556,0.23570226,0.055555556,0.23570226,0.111111111,0.323380833,0.0,0.0,0.0,0.0
07_15_03.bmp,3.055555555555556,0.166666667,0.383482494,0.388888889,0.501631326,0.166666667,0.383482494,0.055555556,0.23570226,0.111111111,0.323380833,0.055555556,0.23570226,0.055555556,0.23570226
18_11_01.bmp,3.0,0.444444444,0.511309993,0.388888889,0.501631326,0.111111111,0.323380833,0.0,0.0,0.055555556,0.23570226,0.111111111,0.323380833,0.055555556,0.23570226
32_04_02.bmp,2.611111111111111,0.277777778,0.460888599,0.555555556,0.511309993,0.166666667,0.383482494,0.0,0.0,0.444444444,0.511309993,0.055555556,0.23570226,0.055555556,0.23570226
13_02_05.bmp,1.2777777777777777,0.0,0.0,0.888888889,0.323380833,0.055555556,0.23570226,0.0,0.0,0.055555556,0.23570226,0.0,0.0,0.055555556,0.23570226
0912.jpg,3.7777777777777777,0.111111111,0.323380833,0.388888889,0.501631326,0.055555556,0.23570226,0.055555556,0.23570226,0.166666667,0.383482494,0.0,0.0,0.0,0.0
11_01_02.bmp,3.0,0.0,0.0,0.5,0.514495755,0.0,0.0,0.055555556,0.23570226,0.388888889,0.501631326,0.277777778,0.460888599,0.055555556,0.23570226
17_04_01.bmp,3.388888888888889,0.222222222,0.427792632,0.444444444,0.511309993,0.0,0.0,0.055555556,0.23570226,0.166666667,0.383482494,0.055555556,0.23570226,0.055555556,0.23570226
0045.jpg,3.333333333333333,0.0,0.0,0.277777778,0.460888599,0.777777778,0.427792632,0.055555556,0.23570226,0.055555556,0.23570226,0.0,0.0,0.0,0.0
28_24_05.bmp,1.4444444444444444,0.111111111,0.323380833,0.833333333,0.383482494,0.111111111,0.323380833,0.0,0.0,0.166666667,0.383482494,0.0,0.0,0.055555556,0.23570226
18_21_03.bmp,2.4444444444444446,0.055555556,0.23570226,0.333333333,0.48507125,0.666666667,0.48507125,0.055555556,0.23570226,0.0,0.0,0.0,0.0,0.055555556,0.23570226
18_18_03.bmp,2.333333333333333,0.055555556,0.23570226,0.777777778,0.427792632,0.055555556,0.23570226,0.055555556,0.23570226,0.055555556,0.23570226,0.0,0.0,0.111111111,0.323380833
0511.jpg,2.388888888888889,0.0,0.0,0.5,0.514495755,0.0,0.0,0.555555556,0.511309993,0.666666667,0.48507125,0.055555556,0.23570226,0.055555556,0.23570226
22_16_05.bmp,1.5,0.222222222,0.427792632,0.888888889,0.323380833,0.0,0.0,0.0,0.0,0.055555556,0.23570226,0.111111111,0.323380833,0.0,0.0
25_18_01.bmp,2.7222222222222223,0.055555556,0.23570226,0.666666667,0.48507125,0.055555556,0.23570226,0.055555556,0.23570226,0.111111111,0.323380833,0.111111111,0.323380833,0.055555556,0.23570226
01235.jpg,3.4444444444444446,0.388888889,0.501631326,0.444444444,0.511309993,0.0,0.0,0.111111111,0.323380833,0.222222222,0.427792632,0.055555556,0.23570226,0.0,0.0
14_12_01.bmp,3.2222222222222223,0.444444444,0.511309993,0.388888889,0.501631326,0.111111111,0.323380833,0.055555556,0.23570226,0.0,0.0,0.055555556,0.23570226,0.055555556,0.23570226
04_19_02.bmp,2.555555555555556,0.277777778,0.460888599,0.777777778,0.427792632,0.166666667,0.383482494,0.055555556,0.23570226,0.166666667,0.383482494,0.055555556,0.23570226,0.055555556,0.23570226
28_21_04.bmp,2.055555555555556,0.222222222,0.427792632,0.555555556,0.511309993,0.055555556,0.23570226,0.5,0.514495755,0.166666667,0.383482494,0.0,0.0,0.0,0.0
09_23_01.bmp,3.2222222222222223,0.111111111,0.323380833,0.055555556,0.23570226,0.0,0.0,0.777777778,0.427792632,0.111111111,0.323380833,0.0,0.0,0.0,0.0
35_23_02.bmp,2.6666666666666665,0.055555556,0.23570226,0.222222222,0.427792632,0.0,0.0,0.722222222,0.460888599,0.055555556,0.23570226,0.0,0.0,0.166666667,0.383482494
14_06_04.bmp,1.6111111111111112,0.277777778,0.460888599,0.444444444,0.511309993,0.222222222,0.427792632,0.166666667,0.383482494,0.0,0.0,0.055555556,0.23570226,0.055555556,0.23570226
0411.jpg,2.611111111111111,0.055555556,0.23570226,0.833333333,0.383482494,0.0,0.0,0.111111111,0.323380833,0.055555556,0.23570226,0.0,0.0,0.111111111,0.323380833
14_25_05.bmp,2.0,0.055555556,0.23570226,0.222222222,0.427792632,0.055555556,0.23570226,0.0,0.0,0.0,0.0,0.055555556,0.23570226,0.833333333,0.383482494
1042.jpg,3.055555555555556,0.055555556,0.23570226,0.555555556,0.511309993,0.0,0.0,0.444444444,0.511309993,0.166666667,0.383482494,0.0,0.0,0.0,0.0
01_08_03.bmp,2.611111111111111,0.222222222,0.427792632,0.833333333,0.383482494,0.111111111,0.323380833,0.055555556,0.23570226,0.055555556,0.23570226,0.166666667,0.383482494,0.055555556,0.23570226
11_16_02.bmp,2.833333333333333,0.222222222,0.427792632,0.388888889,0.501631326,0.333333333,0.48507125,0.055555556,0.23570226,0.222222222,0.427792632,0.055555556,0.23570226,0.055555556,0.23570226
10_16_04.bmp,2.2777777777777777,0.111111111,0.323380833,0.722222222,0.460888599,0.055555556,0.23570226,0.0,0.0,0.333333333,0.48507125,0.111111111,0.323380833,0.0,0.0
07_10_03.bmp,2.555555555555556,0.833333333,0.383482494,0.333333333,0.48507125,0.055555556,0.23570226,0.0,0.0,0.166666667,0.383482494,0.0,0.0,0.0,0.0
01_17_03.bmp,2.2777777777777777,0.111111111,0.323380833,0.611111111,0.501631326,0.166666667,0.383482494,0.0,0.0,0.277777778,0.460888599,0.055555556,0.23570226,0.277777778,0.460888599
09_06_01.bmp,2.888888888888889,0.277777778,0.460888599,0.5,0.514495755,0.111111111,0.323380833,0.055555556,0.23570226,0.111111111,0.323380833,0.166666667,0.383482494,0.055555556,0.23570226
29_20_05.bmp,1.5,0.666666667,0.48507125,0.277777778,0.460888599,0.222222222,0.427792632,0.333333333,0.48507125,0.111111111,0.323380833,0.111111111,0.323380833,0.055555556,0.23570226
04_02_05.bmp,1.2222222222222223,0.055555556,0.23570226,0.944444444,0.23570226,0.055555556,0.23570226,0.0,0.0,0.166666667,0.383482494,0.0,0.0,0.055555556,0.23570226
01353.jpg,2.333333333333333,0.055555556,0.23570226,0.833333333,0.383482494,0.166666667,0.383482494,0.055555556,0.23570226,0.0,0.0,0.055555556,0.23570226,0.055555556,0.23570226
05_25_05.bmp,1.8888888888888888,0.166666667,0.383482494,0.166666667,0.383482494,0.111111111,0.323380833,0.0,0.0,0.0,0.0,0.0,0.0,0.944444444,0.23570226
24_19_05.bmp,1.5555555555555556,0.222222222,0.427792632,0.444444444,0.511309993,0.611111111,0.501631326,0.055555556,0.23570226,0.0,0.0,0.055555556,0.23570226,0.0,0.0
0100.jpg,2.611111111111111,0.0,0.0,0.5,0.514495755,1.0,0.0,0.0,0.0,0.0,0.0,0.0,0.0,0.055555556,0.23570226
23_24_03.bmp,2.388888888888889,0.055555556,0.23570226,0.833333333,0.383482494,0.0,0.0,0.055555556,0.23570226,0.222222222,0.427792632,0.0,0.0,0.0,0.0
35_08_05.bmp,1.6111111111111112,0.111111111,0.323380833,0.944444444,0.23570226,0.055555556,0.23570226,0.055555556,0.23570226,0.0,0.0,0.055555556,0.23570226,0.111111111,0.323380833
17_04_04.bmp,2.1666666666666665,0.277777778,0.460888599,0.444444444,0.511309993,0.166666667,0.383482494,0.055555556,0.23570226,0.166666667,0.383482494,0.277777778,0.460888599,0.055555556,0.23570226
04_07_05.bmp,1.3333333333333333,0.333333333,0.48507125,0.833333333,0.383482494,0.111111111,0.323380833,0.0,0.0,0.111111111,0.323380833,0.055555556,0.23570226,0.111111111,0.323380833
1056.jpg,3.388888888888889,0.0,0.0,0.388888889,0.501631326,0.0,0.0,0.555555556,0.511309993,0.111111111,0.323380833,0.111111111,0.323380833,0.055555556,0.23570226
02_10_04.bmp,2.388888888888889,0.833333333,0.383482494,0.388888889,0.501631326,0.0,0.0,0.055555556,0.23570226,0.388888889,0.501631326,0.055555556,0.23570226,0.0,0.0
16_12_01.bmp,3.4444444444444446,0.222222222,0.427792632,0.166666667,0.383482494,0.0,0.0,0.0,0.0,0.333333333,0.48507125,0.333333333,0.48507125,0.0,0.0
09_20_05.bmp,1.7222222222222223,0.722222222,0.460888599,0.444444444,0.511309993,0.166666667,0.383482494,0.111111111,0.323380833,0.222222222,0.427792632,0.0,0.0,0.0,0.0
04_15_05.bmp,3.111111111111111,0.111111111,0.323380833,0.611111111,0.501631326,0.111111111,0.323380833,0.166666667,0.383482494,0.166666667,0.383482494,0.111111111,0.323380833,0.0,0.0
01_22_02.bmp,2.111111111111111,0.333333333,0.48507125,0.888888889,0.323380833,0.222222222,0.427792632,0.0,0.0,0.0,0.0,0.0,0.0,0.0,0.0
27_23_02.bmp,2.7222222222222223,0.055555556,0.23570226,0.166666667,0.383482494,0.055555556,0.23570226,0.722222222,0.460888599,0.222222222,0.427792632,0.0,0.0,0.0,0.0
19_12_03.bmp,2.7222222222222223,0.833333333,0.383482494,0.222222222,0.427792632,0.055555556,0.23570226,0.0,0.0,0.111111111,0.323380833,0.111111111,0.323380833,0.055555556,0.23570226
15_23_03.bmp,2.555555555555556,0.055555556,0.23570226,0.222222222,0.427792632,0.0,0.0,0.722222222,0.460888599,0.166666667,0.383482494,0.0,0.0,0.111111111,0.323380833
1132.jpg,2.7222222222222223,0.055555556,0.23570226,0.388888889,0.501631326,0.0,0.0,0.055555556,0.23570226,0.5,0.514495755,0.388888889,0.501631326,0.055555556,0.23570226
0873.jpg,3.611111111111111,0.111111111,0.323380833,0.444444444,0.511309993,0.0,0.0,0.0,0.0,0.222222222,0.427792632,0.0,0.0,0.0,0.0
24_13_01.bmp,3.4444444444444446,0.111111111,0.323380833,0.333333333,0.48507125,0.222222222,0.427792632,0.0,0.0,0.0,0.0,0.0,0.0,0.0,0.0
13_20_03.bmp,2.4444444444444446,0.5,0.514495755,0.111111111,0.323380833,0.166666667,0.383482494,0.222222222,0.427792632,0.111111111,0.323380833,0.0,0.0,0.055555556,0.23570226
35_02_04.bmp,1.5,0.0,0.0,1.0,0.0,0.055555556,0.23570226,0.055555556,0.23570226,0.0,0.0,0.0,0.0,0.0,0.0
35_17_05.bmp,1.8333333333333333,0.222222222,0.427792632,0.555555556,0.511309993,0.111111111,0.323380833,0.0,0.0,0.111111111,0.323380833,0.166666667,0.383482494,0.222222222,0.427792632
0701.jpg,3.4444444444444446,0.055555556,0.23570226,0.333333333,0.48507125,0.0,0.0,0.055555556,0.23570226,0.277777778,0.460888599,0.111111111,0.323380833,0.055555556,0.23570226
01178.jpg,4.111111111111111,0.166666667,0.383482494,0.111111111,0.323380833,0.0,0.0,0.0,0.0,0.555555556,0.511309993,0.0,0.0,0.055555556,0.23570226
22_08_03.bmp,2.4444444444444446,0.222222222,0.427792632,0.722222222,0.460888599,0.0,0.0,0.055555556,0.23570226,0.111111111,0.323380833,0.166666667,0.383482494,0.0,0.0
03_22_04.bmp,2.5,0.388888889,0.501631326,0.722222222,0.460888599,0.055555556,0.23570226,0.0,0.0,0.111111111,0.323380833,0.0,0.0,0.0,0.0
27_02_04.bmp,1.7222222222222223,0.055555556,0.23570226,0.888888889,0.323380833,0.055555556,0.23570226,0.0,0.0,0.388888889,0.501631326,0.0,0.0,0.0,0.0
34_04_03.bmp,2.2777777777777777,0.222222222,0.427792632,0.444444444,0.511309993,0.277777778,0.460888599,0.055555556,0.23570226,0.0,0.0,0.166666667,0.383482494,0.111111111,0.323380833
32_02_02.bmp,2.5,0.0,0.0,0.722222222,0.460888599,0.166666667,0.383482494,0.0,0.0,0.5,0.514495755,0.055555556,0.23570226,0.0,0.0
25_12_02.bmp,2.7222222222222223,0.777777778,0.427792632,0.277777778,0.460888599,0.111111111,0.323380833,0.0,0.0,0.111111111,0.323380833,0.0,0.0,0.111111111,0.323380833
24_24_03.bmp,2.2777777777777777,0.166666667,0.383482494,0.833333333,0.383482494,0.0,0.0,0.0,0.0,0.0,0.0,0.0,0.0,0.0,0.0
1074.jpg,3.2222222222222223,0.055555556,0.23570226,0.444444444,0.511309993,0.0,0.0,0.5,0.514495755,0.111111111,0.323380833,0.222222222,0.427792632,0.055555556,0.23570226
01291.jpg,2.7222222222222223,0.388888889,0.501631326,0.722222222,0.460888599,0.0,0.0,0.222222222,0.427792632,0.0,0.0,0.0,0.0,0.055555556,0.23570226
01474.jpg,3.7777777777777777,0.0,0.0,0.444444444,0.511309993,0.166666667,0.383482494,0.0,0.0,0.0,0.0,0.0,0.0,0.111111111,0.323380833
14_08_01.bmp,3.7222222222222223,0.055555556,0.23570226,0.555555556,0.511309993,0.166666667,0.383482494,0.0,0.0,0.0,0.0,0.111111111,0.323380833,0.055555556,0.23570226
23_15_01.bmp,2.388888888888889,0.055555556,0.23570226,0.111111111,0.323380833,0.888888889,0.323380833,0.055555556,0.23570226,0.055555556,0.23570226,0.0,0.0,0.0,0.0
04_22_03.bmp,1.8333333333333333,0.222222222,0.427792632,0.833333333,0.383482494,0.222222222,0.427792632,0.0,0.0,0.166666667,0.383482494,0.0,0.0,0.055555556,0.23570226
19_02_02.bmp,2.7222222222222223,0.055555556,0.23570226,0.833333333,0.383482494,0.055555556,0.23570226,0.0,0.0,0.055555556,0.23570226,0.055555556,0.23570226,0.055555556,0.23570226
01223.jpg,3.333333333333333,0.166666667,0.383482494,0.277777778,0.460888599,0.055555556,0.23570226,0.055555556,0.23570226,0.222222222,0.427792632,0.611111111,0.501631326,0.055555556,0.23570226
29_24_04.bmp,2.2222222222222223,0.0,0.0,0.777777778,0.427792632,0.0,0.0,0.055555556,0.23570226,0.111111111,0.323380833,0.111111111,0.323380833,0.055555556,0.23570226
26_11_01.bmp,3.7222222222222223,0.388888889,0.501631326,0.111111111,0.323380833,0.111111111,0.323380833,0.0,0.0,0.111111111,0.323380833,0.055555556,0.23570226,0.055555556,0.23570226
16_16_01.bmp,3.111111111111111,0.111111111,0.323380833,0.166666667,0.383482494,0.277777778,0.460888599,0.055555556,0.23570226,0.222222222,0.427792632,0.388888889,0.501631326,0.0,0.0
01384.jpg,3.8333333333333335,0.055555556,0.23570226,0.666666667,0.48507125,0.055555556,0.23570226,0.055555556,0.23570226,0.055555556,0.23570226,0.0,0.0,0.055555556,0.23570226
01_16_04.bmp,1.8333333333333333,0.388888889,0.501631326,0.833333333,0.383482494,0.0,0.0,0.111111111,0.323380833,0.055555556,0.23570226,0.0,0.0,0.111111111,0.323380833
12_01_02.bmp,3.7222222222222223,0.111111111,0.323380833,0.222222222,0.427792632,0.222222222,0.427792632,0.0,0.0,0.111111111,0.323380833,0.055555556,0.23570226,0.055555556,0.23570226
13_03_01.bmp,4.166666666666667,0.055555556,0.23570226,0.333333333,0.48507125,0.111111111,0.323380833,0.0,0.0,0.166666667,0.383482494,0.0,0.0,0.055555556,0.23570226
06_25_03.bmp,2.2222222222222223,0.055555556,0.23570226,0.0,0.0,0.111111111,0.323380833,0.0,0.0,0.055555556,0.23570226,0.0,0.0,0.944444444,0.23570226
01_03_05.bmp,1.7222222222222223,0.0,0.0,0.833333333,0.383482494,0.111111111,0.323380833,0.0,0.0,0.055555556,0.23570226,0.0,0.0,0.055555556,0.23570226
01314.jpg,3.333333333333333,0.444444444,0.511309993,0.5,0.514495755,0.0,0.0,0.0,0.0,0.388888889,0.501631326,0.055555556,0.23570226,0.0,0.0
15_19_05.bmp,2.0,0.055555556,0.23570226,0.222222222,0.427792632,0.888888889,0.323380833,0.0,0.0,0.111111111,0.323380833,0.055555556,0.23570226,0.0,0.0
19_18_01.bmp,3.0,0.055555556,0.23570226,0.555555556,0.511309993,0.111111111,0.323380833,0.0,0.0,0.222222222,0.427792632,0.111111111,0.323380833,0.055555556,0.23570226
01276.jpg,4.166666666666667,0.111111111,0.323380833,0.222222222,0.427792632,0.055555556,0.23570226,0.0,0.0,0.333333333,0.48507125,0.055555556,0.23570226,0.055555556,0.23570226
16_19_02.bmp,3.2222222222222223,0.111111111,0.323380833,0.277777778,0.460888599,0.055555556,0.23570226,0.0,0.0,0.333333333,0.48507125,0.333333333,0.48507125,0.111111111,0.323380833
0249.jpg,1.7777777777777777,0.277777778,0.460888599,0.388888889,0.501631326,0.0,0.0,0.944444444,0.23570226,0.111111111,0.323380833,0.0,0.0,0.0,0.0
0290.jpg,2.7222222222222223,0.166666667,0.383482494,0.222222222,0.427792632,0.0,0.0,0.777777778,0.427792632,0.055555556,0.23570226,0.055555556,0.23570226,0.055555556,0.23570226
14_19_02.bmp,3.111111111111111,0.166666667,0.383482494,0.333333333,0.48507125,0.277777778,0.460888599,0.0,0.0,0.055555556,0.23570226,0.055555556,0.23570226,0.111111111,0.323380833
19_09_02.bmp,2.888888888888889,0.722222222,0.460888599,0.222222222,0.427792632,0.111111111,0.323380833,0.055555556,0.23570226,0.111111111,0.323380833,0.055555556,0.23570226,0.055555556,0.23570226
15_18_02.bmp,3.111111111111111,0.111111111,0.323380833,0.611111111,0.501631326,0.055555556,0.23570226,0.0,0.0,0.222222222,0.427792632,0.0,0.0,0.0,0.0
0816.jpg,3.6666666666666665,0.055555556,0.23570226,0.5,0.514495755,0.0,0.0,0.0,0.0,0.222222222,0.427792632,0.0,0.0,0.055555556,0.23570226
24_07_02.bmp,3.0,0.166666667,0.383482494,0.722222222,0.460888599,0.055555556,0.23570226,0.0,0.0,0.0,0.0,0.055555556,0.23570226,0.055555556,0.23570226
23_10_04.bmp,2.388888888888889,0.777777778,0.427792632,0.222222222,0.427792632,0.055555556,0.23570226,0.0,0.0,0.222222222,0.427792632,0.111111111,0.323380833,0.0,0.0
0413.jpg,2.5,0.111111111,0.323380833,0.888888889,0.323380833,0.0,0.0,0.055555556,0.23570226,0.0,0.0,0.0,0.0,0.111111111,0.323380833
10_07_01.bmp,2.888888888888889,0.111111111,0.323380833,0.666666667,0.48507125,0.0,0.0,0.111111111,0.323380833,0.333333333,0.48507125,0.166666667,0.383482494,0.0,0.0
30_15_02.bmp,3.111111111111111,0.055555556,0.23570226,0.277777778,0.460888599,0.444444444,0.511309993,0.0,0.0,0.222222222,0.427792632,0.0,0.0,0.0,0.0
30_08_02.bmp,3.4444444444444446,0.222222222,0.427792632,0.5,0.514495755,0.0,0.0,0.055555556,0.23570226,0.333333333,0.48507125,0.0,0.0,0.055555556,0.23570226
25_16_05.bmp,1.3333333333333333,0.166666667,0.383482494,0.888888889,0.323380833,0.055555556,0.23570226,0.055555556,0.23570226,0.111111111,0.323380833,0.0,0.0,0.0,0.0
28_15_05.bmp,2.833333333333333,0.055555556,0.23570226,0.333333333,0.48507125,0.111111111,0.323380833,0.388888889,0.501631326,0.222222222,0.427792632,0.055555556,0.23570226,0.055555556,0.23570226
24_08_01.bmp,3.555555555555556,0.111111111,0.323380833,0.5,0.514495755,0.055555556,0.23570226,0.055555556,0.23570226,0.055555556,0.23570226,0.0,0.0,0.0,0.0
17_14_04.bmp,2.333333333333333,0.111111111,0.323380833,0.166666667,0.383482494,0.055555556,0.23570226,0.722222222,0.460888599,0.166666667,0.383482494,0.166666667,0.383482494,0.0,0.0
07_20_04.bmp,1.7777777777777777,0.777777778,0.427792632,0.5,0.514495755,0.166666667,0.383482494,0.055555556,0.23570226,0.055555556,0.23570226,0.055555556,0.23570226,0.055555556,0.23570226
07_22_01.bmp,2.7222222222222223,0.222222222,0.427792632,0.388888889,0.501631326,0.5,0.514495755,0.0,0.0,0.0,0.0,0.055555556,0.23570226,0.055555556,0.23570226
35_14_02.bmp,2.888888888888889,0.222222222,0.427792632,0.611111111,0.501631326,0.055555556,0.23570226,0.111111111,0.323380833,0.0,0.0,0.0,0.0,0.111111111,0.323380833
18_20_01.bmp,2.555555555555556,0.277777778,0.460888599,0.388888889,0.501631326,0.222222222,0.427792632,0.333333333,0.48507125,0.0,0.0,0.055555556,0.23570226,0.055555556,0.23570226
04_01_02.bmp,2.7777777777777777,0.277777778,0.460888599,0.555555556,0.511309993,0.222222222,0.427792632,0.0,0.0,0.222222222,0.427792632,0.0,0.0,0.055555556,0.23570226
35_13_02.bmp,2.7222222222222223,0.111111111,0.323380833,0.444444444,0.511309993,0.388888889,0.501631326,0.0,0.0,0.055555556,0.23570226,0.0,0.0,0.111111111,0.323380833
0170.jpg,1.9444444444444444,0.055555556,0.23570226,0.333333333,0.48507125,0.944444444,0.23570226,0.055555556,0.23570226,0.166666667,0.383482494,0.0,0.0,0.0,0.0
04_21_03.bmp,2.5,0.222222222,0.427792632,0.611111111,0.501631326,0.333333333,0.48507125,0.0,0.0,0.111111111,0.323380833,0.0,0.0,0.0,0.0
02_19_02.bmp,2.611111111111111,0.111111111,0.323380833,0.333333333,0.48507125,0.222222222,0.427792632,0.055555556,0.23570226,0.444444444,0.511309993,0.055555556,0.23570226,0.055555556,0.23570226
11_07_01.bmp,2.7777777777777777,0.055555556,0.23570226,0.611111111,0.501631326,0.0,0.0,0.111111111,0.323380833,0.388888889,0.501631326,0.055555556,0.23570226,0.0,0.0
11_12_05.bmp,2.055555555555556,0.833333333,0.383482494,0.333333333,0.48507125,0.055555556,0.23570226,0.111111111,0.323380833,0.277777778,0.460888599,0.055555556,0.23570226,0.0,0.0
29_09_04.bmp,2.4444444444444446,0.777777778,0.427792632,0.166666667,0.383482494,0.0,0.0,0.0,0.0,0.111111111,0.323380833,0.166666667,0.383482494,0.055555556,0.23570226
0998.jpg,3.0,0.111111111,0.323380833,0.444444444,0.511309993,0.0,0.0,0.611111111,0.501631326,0.277777778,0.460888599,0.055555556,0.23570226,0.055555556,0.23570226
13_01_03.bmp,3.055555555555556,0.111111111,0.323380833,0.888888889,0.323380833,0.055555556,0.23570226,0.0,0.0,0.111111111,0.323380833,0.055555556,0.23570226,0.055555556,0.23570226
0006.jpg,2.7222222222222223,0.055555556,0.23570226,0.388888889,0.501631326,0.888888889,0.323380833,0.111111111,0.323380833,0.111111111,0.323380833,0.277777778,0.460888599,0.055555556,0.23570226
03_13_05.bmp,2.9444444444444446,0.111111111,0.323380833,0.166666667,0.383482494,0.722222222,0.460888599,0.0,0.0,0.055555556,0.23570226,0.0,0.0,0.055555556,0.23570226
0102.jpg,2.0,0.0,0.0,0.611111111,0.501631326,0.944444444,0.23570226,0.0,0.0,0.111111111,0.323380833,0.055555556,0.23570226,0.055555556,0.23570226
30_25_01.bmp,2.9444444444444446,0.0,0.0,0.166666667,0.383482494,0.0,0.0,0.055555556,0.23570226,0.222222222,0.427792632,0.0,0.0,0.888888889,0.323380833
0103.jpg,2.2222222222222223,0.0,0.0,0.5,0.514495755,0.888888889,0.323380833,0.0,0.0,0.277777778,0.460888599,0.055555556,0.23570226,0.055555556,0.23570226
23_09_03.bmp,2.555555555555556,0.777777778,0.427792632,0.222222222,0.427792632,0.055555556,0.23570226,0.055555556,0.23570226,0.166666667,0.383482494,0.111111111,0.323380833,0.055555556,0.23570226
23_11_03.bmp,2.5,0.777777778,0.427792632,0.166666667,0.383482494,0.055555556,0.23570226,0.0,0.0,0.388888889,0.501631326,0.055555556,0.23570226,0.0,0.0
25_11_05.bmp,1.9444444444444444,0.777777778,0.427792632,0.166666667,0.383482494,0.055555556,0.23570226,0.0,0.0,0.222222222,0.427792632,0.055555556,0.23570226,0.0,0.0
0271.jpg,2.2777777777777777,0.222222222,0.427792632,0.277777778,0.460888599,0.0,0.0,0.833333333,0.383482494,0.0,0.0,0.0,0.0,0.055555556,0.23570226
31_10_05.bmp,2.388888888888889,0.777777778,0.427792632,0.333333333,0.48507125,0.0,0.0,0.0,0.0,0.111111111,0.323380833,0.0,0.0,0.111111111,0.323380833
23_05_04.bmp,2.055555555555556,0.333333333,0.48507125,0.722222222,0.460888599,0.055555556,0.23570226,0.0,0.0,0.277777778,0.460888599,0.0,0.0,0.055555556,0.23570226
13_01_04.bmp,2.2777777777777777,0.0,0.0,0.888888889,0.323380833,0.055555556,0.23570226,0.055555556,0.23570226,0.166666667,0.383482494,0.055555556,0.23570226,0.111111111,0.323380833
04_10_02.bmp,2.7222222222222223,0.555555556,0.511309993,0.388888889,0.501631326,0.111111111,0.323380833,0.0,0.0,0.277777778,0.460888599,0.0,0.0,0.055555556,0.23570226
28_19_02.bmp,2.888888888888889,0.166666667,0.383482494,0.666666667,0.48507125,0.111111111,0.323380833,0.055555556,0.23570226,0.166666667,0.383482494,0.0,0.0,0.0,0.0
0830.jpg,3.5,0.166666667,0.383482494,0.388888889,0.501631326,0.0,0.0,0.055555556,0.23570226,0.166666667,0.383482494,0.055555556,0.23570226,0.111111111,0.323380833
34_25_02.bmp,2.6666666666666665,0.055555556,0.23570226,0.111111111,0.323380833,0.166666667,0.383482494,0.0,0.0,0.0,0.0,0.0,0.0,0.944444444,0.23570226
25_24_01.bmp,2.555555555555556,0.111111111,0.323380833,0.833333333,0.383482494,0.166666667,0.383482494,0.0,0.0,0.166666667,0.383482494,0.0,0.0,0.111111111,0.323380833
05_13_02.bmp,3.1666666666666665,0.166666667,0.383482494,0.333333333,0.48507125,0.222222222,0.427792632,0.0,0.0,0.0,0.0,0.055555556,0.23570226,0.055555556,0.23570226
11_12_02.bmp,2.9444444444444446,0.611111111,0.501631326,0.277777778,0.460888599,0.055555556,0.23570226,0.055555556,0.23570226,0.333333333,0.48507125,0.055555556,0.23570226,0.0,0.0
28_23_04.bmp,2.333333333333333,0.0,0.0,0.277777778,0.460888599,0.0,0.0,0.722222222,0.460888599,0.166666667,0.383482494,0.0,0.0,0.055555556,0.23570226
28_22_02.bmp,2.888888888888889,0.111111111,0.323380833,0.555555556,0.511309993,0.333333333,0.48507125,0.111111111,0.323380833,0.111111111,0.323380833,0.055555556,0.23570226,0.0,0.0
02_15_01.bmp,2.055555555555556,0.055555556,0.23570226,0.166666667,0.383482494,1.0,0.0,0.0,0.0,0.388888889,0.501631326,0.0,0.0,0.0,0.0
08_11_02.bmp,3.4444444444444446,0.666666667,0.48507125,0.055555556,0.23570226,0.0,0.0,0.055555556,0.23570226,0.111111111,0.323380833,0.055555556,0.23570226,0.055555556,0.23570226
25_03_02.bmp,2.833333333333333,0.055555556,0.23570226,0.777777778,0.427792632,0.055555556,0.23570226,0.0,0.0,0.166666667,0.383482494,0.0,0.0,0.055555556,0.23570226
24_23_02.bmp,2.888888888888889,0.055555556,0.23570226,0.166666667,0.383482494,0.055555556,0.23570226,0.777777778,0.427792632,0.0,0.0,0.0,0.0,0.055555556,0.23570226
01272.jpg,3.4444444444444446,0.277777778,0.460888599,0.444444444,0.511309993,0.055555556,0.23570226,0.055555556,0.23570226,0.333333333,0.48507125,0.0,0.0,0.0,0.0
37_24_03.bmp,2.4444444444444446,0.0,0.0,0.944444444,0.23570226,0.0,0.0,0.055555556,0.23570226,0.055555556,0.23570226,0.111111111,0.323380833,0.0,0.0
33_04_04.bmp,2.2222222222222223,0.277777778,0.460888599,0.333333333,0.48507125,0.222222222,0.427792632,0.111111111,0.323380833,0.333333333,0.48507125,0.166666667,0.383482494,0.055555556,0.23570226
03_07_04.bmp,2.0,0.388888889,0.501631326,0.777777778,0.427792632,0.055555556,0.23570226,0.0,0.0,0.277777778,0.460888599,0.0,0.0,0.111111111,0.323380833
33_18_02.bmp,3.0,0.111111111,0.323380833,0.666666667,0.48507125,0.055555556,0.23570226,0.0,0.0,0.5,0.514495755,0.055555556,0.23570226,0.0,0.0
0486.jpg,3.111111111111111,0.055555556,0.23570226,0.5,0.514495755,0.0,0.0,0.111111111,0.323380833,0.666666667,0.48507125,0.0,0.0,0.0,0.0
30_07_03.bmp,2.6666666666666665,0.333333333,0.48507125,0.666666667,0.48507125,0.0,0.0,0.0,0.0,0.277777778,0.460888599,0.055555556,0.23570226,0.055555556,0.23570226
09_09_04.bmp,2.4444444444444446,0.722222222,0.460888599,0.333333333,0.48507125,0.055555556,0.23570226,0.055555556,0.23570226,0.166666667,0.383482494,0.111111111,0.323380833,0.0,0.0
33_19_01.bmp,3.333333333333333,0.055555556,0.23570226,0.5,0.514495755,0.0,0.0,0.0,0.0,0.444444444,0.511309993,0.0,0.0,0.0,0.0
07_12_05.bmp,1.8333333333333333,0.888888889,0.323380833,0.333333333,0.48507125,0.055555556,0.23570226,0.0,0.0,0.111111111,0.323380833,0.055555556,0.23570226,0.055555556,0.23570226
20_15_04.bmp,3.1666666666666665,0.055555556,0.23570226,0.277777778,0.460888599,0.111111111,0.323380833,0.222222222,0.427792632,0.166666667,0.383482494,0.111111111,0.323380833,0.0,0.0
01433.jpg,3.7777777777777777,0.111111111,0.323380833,0.444444444,0.511309993,0.055555556,0.23570226,0.055555556,0.23570226,0.0,0.0,0.0,0.0,0.0,0.0
12_01_01.bmp,3.888888888888889,0.055555556,0.23570226,0.166666667,0.383482494,0.277777778,0.460888599,0.0,0.0,0.055555556,0.23570226,0.0,0.0,0.0,0.0
16_17_01.bmp,3.4444444444444446,0.055555556,0.23570226,0.333333333,0.48507125,0.055555556,0.23570226,0.111111111,0.323380833,0.333333333,0.48507125,0.333333333,0.48507125,0.055555556,0.23570226
05_05_05.bmp,1.3888888888888888,0.444444444,0.511309993,0.611111111,0.501631326,0.111111111,0.323380833,0.0,0.0,0.0,0.0,0.111111111,0.323380833,0.055555556,0.23570226
07_14_02.bmp,3.333333333333333,0.222222222,0.427792632,0.222222222,0.427792632,0.055555556,0.23570226,0.111111111,0.323380833,0.111111111,0.323380833,0.055555556,0.23570226,0.055555556,0.23570226
03_16_02.bmp,3.611111111111111,0.055555556,0.23570226,0.111111111,0.323380833,0.055555556,0.23570226,0.111111111,0.323380833,0.166666667,0.383482494,0.0,0.0,0.111111111,0.323380833
15_09_01.bmp,3.111111111111111,0.722222222,0.460888599,0.166666667,0.383482494,0.055555556,0.23570226,0.0,0.0,0.222222222,0.427792632,0.0,0.0,0.111111111,0.323380833
0697.jpg,3.333333333333333,0.111111111,0.323380833,0.5,0.514495755,0.0,0.0,0.0,0.0,0.333333333,0.48507125,0.111111111,0.323380833,0.055555556,0.23570226
20_10_05.bmp,2.111111111111111,0.722222222,0.460888599,0.222222222,0.427792632,0.111111111,0.323380833,0.055555556,0.23570226,0.111111111,0.323380833,0.055555556,0.23570226,0.0,0.0
11_18_04.bmp,2.333333333333333,0.055555556,0.23570226,0.666666667,0.48507125,0.111111111,0.323380833,0.055555556,0.23570226,0.222222222,0.427792632,0.055555556,0.23570226,0.0,0.0
36_12_04.bmp,2.388888888888889,0.888888889,0.323380833,0.333333333,0.48507125,0.166666667,0.383482494,0.0,0.0,0.055555556,0.23570226,0.0,0.0,0.111111111,0.323380833
21_14_01.bmp,3.388888888888889,0.111111111,0.323380833,0.277777778,0.460888599,0.111111111,0.323380833,0.222222222,0.427792632,0.0,0.0,0.0,0.0,0.0,0.0
12_04_01.bmp,3.7777777777777777,0.111111111,0.323380833,0.277777778,0.460888599,0.055555556,0.23570226,0.0,0.0,0.055555556,0.23570226,0.111111111,0.323380833,0.0,0.0
29_25_05.bmp,2.111111111111111,0.055555556,0.23570226,0.222222222,0.427792632,0.055555556,0.23570226,0.0,0.0,0.055555556,0.23570226,0.111111111,0.323380833,0.833333333,0.383482494
36_01_03.bmp,2.5,0.111111111,0.323380833,0.833333333,0.383482494,0.111111111,0.323380833,0.0,0.0,0.055555556,0.23570226,0.0,0.0,0.055555556,0.23570226
17_07_03.bmp,2.611111111111111,0.222222222,0.427792632,0.611111111,0.501631326,0.111111111,0.323380833,0.055555556,0.23570226,0.166666667,0.383482494,0.111111111,0.323380833,0.0,0.0
05_19_04.bmp,3.055555555555556,0.111111111,0.323380833,0.277777778,0.460888599,0.5,0.514495755,0.0,0.0,0.055555556,0.23570226,0.055555556,0.23570226,0.055555556,0.23570226
35_01_05.bmp,1.4444444444444444,0.111111111,0.323380833,0.944444444,0.23570226,0.111111111,0.323380833,0.0,0.0,0.055555556,0.23570226,0.055555556,0.23570226,0.0,0.0
10_10_03.bmp,2.6666666666666665,0.722222222,0.460888599,0.388888889,0.501631326,0.0,0.0,0.055555556,0.23570226,0.277777778,0.460888599,0.111111111,0.323380833,0.055555556,0.23570226
29_04_01.bmp,3.2777777777777777,0.166666667,0.383482494,0.5,0.514495755,0.0,0.0,0.111111111,0.323380833,0.111111111,0.323380833,0.111111111,0.323380833,0.055555556,0.23570226
09_20_02.bmp,2.555555555555556,0.555555556,0.511309993,0.333333333,0.48507125,0.222222222,0.427792632,0.0,0.0,0.222222222,0.427792632,0.111111111,0.323380833,0.0,0.0
07_07_03.bmp,2.2777777777777777,0.277777778,0.460888599,0.666666667,0.48507125,0.111111111,0.323380833,0.0,0.0,0.055555556,0.23570226,0.055555556,0.23570226,0.111111111,0.323380833
04_02_02.bmp,2.388888888888889,0.111111111,0.323380833,0.833333333,0.383482494,0.055555556,0.23570226,0.055555556,0.23570226,0.222222222,0.427792632,0.0,0.0,0.055555556,0.23570226
32_17_04.bmp,2.055555555555556,0.0,0.0,0.666666667,0.48507125,0.055555556,0.23570226,0.0,0.0,0.555555556,0.511309993,0.166666667,0.383482494,0.166666667,0.383482494
0751.jpg,3.1666666666666665,0.055555556,0.23570226,0.5,0.514495755,0.0,0.0,0.0,0.0,0.0,0.0,0.055555556,0.23570226,0.055555556,0.23570226
03_07_05.bmp,1.5,0.277777778,0.460888599,0.888888889,0.323380833,0.055555556,0.23570226,0.0,0.0,0.166666667,0.383482494,0.055555556,0.23570226,0.166666667,0.383482494
28_18_01.bmp,2.7777777777777777,0.111111111,0.323380833,0.611111111,0.501631326,0.166666667,0.383482494,0.0,0.0,0.333333333,0.48507125,0.055555556,0.23570226,0.111111111,0.323380833
13_05_02.bmp,3.1666666666666665,0.222222222,0.427792632,0.444444444,0.511309993,0.111111111,0.323380833,0.055555556,0.23570226,0.222222222,0.427792632,0.0,0.0,0.055555556,0.23570226
0907.jpg,3.7777777777777777,0.166666667,0.383482494,0.333333333,0.48507125,0.0,0.0,0.166666667,0.383482494,0.166666667,0.383482494,0.055555556,0.23570226,0.0,0.0
01225.jpg,3.6666666666666665,0.333333333,0.48507125,0.277777778,0.460888599,0.0,0.0,0.0,0.0,0.333333333,0.48507125,0.166666667,0.383482494,0.111111111,0.323380833
27_03_05.bmp,1.8888888888888888,0.0,0.0,0.833333333,0.383482494,0.0,0.0,0.0,0.0,0.444444444,0.511309993,0.055555556,0.23570226,0.0,0.0
37_24_05.bmp,1.2777777777777777,0.0,0.0,0.888888889,0.323380833,0.055555556,0.23570226,0.0,0.0,0.055555556,0.23570226,0.0,0.0,0.055555556,0.23570226
29_14_05.bmp,1.4444444444444444,0.111111111,0.323380833,0.111111111,0.323380833,0.0,0.0,0.888888889,0.323380833,0.0,0.0,0.166666667,0.383482494,0.0,0.0
01427.jpg,3.7777777777777777,0.055555556,0.23570226,0.555555556,0.511309993,0.111111111,0.323380833,0.0,0.0,0.0,0.0,0.0,0.0,0.0,0.0
27_14_04.bmp,1.6666666666666667,0.055555556,0.23570226,0.222222222,0.427792632,0.111111111,0.323380833,0.833333333,0.383482494,0.277777778,0.460888599,0.111111111,0.323380833,0.0,0.0
05_14_02.bmp,3.1666666666666665,0.111111111,0.323380833,0.277777778,0.460888599,0.055555556,0.23570226,0.222222222,0.427792632,0.0,0.0,0.111111111,0.323380833,0.111111111,0.323380833
0485.jpg,2.888888888888889,0.055555556,0.23570226,0.444444444,0.511309993,0.0,0.0,0.222222222,0.427792632,0.722222222,0.460888599,0.055555556,0.23570226,0.111111111,0.323380833
0180.jpg,2.833333333333333,0.055555556,0.23570226,0.388888889,0.501631326,0.777777778,0.427792632,0.0,0.0,0.0,0.0,0.0,0.0,0.0,0.0
12_11_05.bmp,2.1666666666666665,0.833333333,0.383482494,0.277777778,0.460888599,0.055555556,0.23570226,0.0,0.0,0.111111111,0.323380833,0.055555556,0.23570226,0.0,0.0
18_22_04.bmp,1.5,0.222222222,0.427792632,0.777777778,0.427792632,0.055555556,0.23570226,0.055555556,0.23570226,0.0,0.0,0.055555556,0.23570226,0.055555556,0.23570226
33_10_04.bmp,2.555555555555556,0.666666667,0.48507125,0.333333333,0.48507125,0.0,0.0,0.0,0.0,0.388888889,0.501631326,0.055555556,0.23570226,0.0,0.0
01340.jpg,2.7777777777777777,0.222222222,0.427792632,0.722222222,0.460888599,0.0,0.0,0.5,0.514495755,0.166666667,0.383482494,0.0,0.0,0.0,0.0
20_14_03.bmp,3.055555555555556,0.055555556,0.23570226,0.277777778,0.460888599,0.0,0.0,0.277777778,0.460888599,0.166666667,0.383482494,0.111111111,0.323380833,0.0,0.0
0304.jpg,2.333333333333333,0.055555556,0.23570226,0.944444444,0.23570226,0.0,0.0,0.222222222,0.427792632,0.166666667,0.383482494,0.055555556,0.23570226,0.0,0.0
07_13_01.bmp,3.333333333333333,0.222222222,0.427792632,0.444444444,0.511309993,0.166666667,0.383482494,0.055555556,0.23570226,0.111111111,0.323380833,0.0,0.0,0.055555556,0.23570226
34_02_02.bmp,2.6666666666666665,0.0,0.0,0.777777778,0.427792632,0.166666667,0.383482494,0.0,0.0,0.055555556,0.23570226,0.055555556,0.23570226,0.055555556,0.23570226
08_06_05.bmp,2.388888888888889,0.388888889,0.501631326,0.166666667,0.383482494,0.166666667,0.383482494,0.055555556,0.23570226,0.166666667,0.383482494,0.166666667,0.383482494,0.055555556,0.23570226
25_04_02.bmp,3.1666666666666665,0.166666667,0.383482494,0.444444444,0.511309993,0.166666667,0.383482494,0.0,0.0,0.111111111,0.323380833,0.111111111,0.323380833,0.055555556,0.23570226
14_02_03.bmp,2.0,0.0,0.0,0.888888889,0.323380833,0.111111111,0.323380833,0.0,0.0,0.055555556,0.23570226,0.055555556,0.23570226,0.0,0.0
23_23_01.bmp,3.1666666666666665,0.055555556,0.23570226,0.222222222,0.427792632,0.055555556,0.23570226,0.722222222,0.460888599,0.166666667,0.383482494,0.0,0.0,0.111111111,0.323380833
25_19_04.bmp,2.2222222222222223,0.166666667,0.383482494,0.444444444,0.511309993,0.555555556,0.511309993,0.0,0.0,0.166666667,0.383482494,0.0,0.0,0.055555556,0.23570226
08_16_04.bmp,2.6666666666666665,0.333333333,0.48507125,0.611111111,0.501631326,0.055555556,0.23570226,0.111111111,0.323380833,0.0,0.0,0.0,0.0,0.0,0.0
0293.jpg,2.0,0.111111111,0.323380833,0.333333333,0.48507125,0.0,0.0,0.888888889,0.323380833,0.111111111,0.323380833,0.0,0.0,0.0,0.0
29_11_04.bmp,2.555555555555556,0.833333333,0.383482494,0.166666667,0.383482494,0.055555556,0.23570226,0.0,0.0,0.111111111,0.323380833,0.166666667,0.383482494,0.0,0.0
01341.jpg,2.6666666666666665,0.111111111,0.323380833,0.777777778,0.427792632,0.444444444,0.511309993,0.0,0.0,0.0,0.0,0.111111111,0.323380833,0.0,0.0
04_23_01.bmp,2.9444444444444446,0.166666667,0.383482494,0.5,0.514495755,0.0,0.0,0.777777778,0.427792632,0.111111111,0.323380833,0.0,0.0,0.0,0.0
28_08_03.bmp,2.555555555555556,0.222222222,0.427792632,0.722222222,0.460888599,0.111111111,0.323380833,0.0,0.0,0.166666667,0.383482494,0.055555556,0.23570226,0.055555556,0.23570226
10_07_03.bmp,2.111111111111111,0.277777778,0.460888599,0.833333333,0.383482494,0.0,0.0,0.0,0.0,0.333333333,0.48507125,0.111111111,0.323380833,0.055555556,0.23570226
20_09_03.bmp,2.611111111111111,0.777777778,0.427792632,0.333333333,0.48507125,0.111111111,0.323380833,0.0,0.0,0.055555556,0.23570226,0.055555556,0.23570226,0.0,0.0
01181.jpg,3.111111111111111,0.277777778,0.460888599,0.555555556,0.511309993,0.055555556,0.23570226,0.0,0.0,0.611111111,0.501631326,0.166666667,0.383482494,0.0,0.0
13_14_01.bmp,3.8333333333333335,0.111111111,0.323380833,0.222222222,0.427792632,0.111111111,0.323380833,0.111111111,0.323380833,0.111111111,0.323380833,0.055555556,0.23570226,0.055555556,0.23570226
05_24_03.bmp,1.8333333333333333,0.222222222,0.427792632,0.777777778,0.427792632,0.222222222,0.427792632,0.0,0.0,0.0,0.0,0.055555556,0.23570226,0.0,0.0
18_12_03.bmp,2.5,0.722222222,0.460888599,0.388888889,0.501631326,0.166666667,0.383482494,0.0,0.0,0.0,0.0,0.055555556,0.23570226,0.055555556,0.23570226
28_22_03.bmp,2.5,0.055555556,0.23570226,0.777777778,0.427792632,0.111111111,0.323380833,0.0,0.0,0.166666667,0.383482494,0.111111111,0.323380833,0.0,0.0
01331.jpg,3.1666666666666665,0.111111111,0.323380833,0.722222222,0.460888599,0.111111111,0.323380833,0.055555556,0.23570226,0.0,0.0,0.0,0.0,0.055555556,0.23570226
26_24_01.bmp,3.8333333333333335,0.111111111,0.323380833,0.388888889,0.501631326,0.166666667,0.383482494,0.0,0.0,0.055555556,0.23570226,0.0,0.0,0.111111111,0.323380833
23_15_02.bmp,3.0,0.111111111,0.323380833,0.166666667,0.383482494,0.777777778,0.427792632,0.0,0.0,0.166666667,0.383482494,0.0,0.0,0.0,0.0
1064.jpg,3.4444444444444446,0.166666667,0.383482494,0.388888889,0.501631326,0.0,0.0,0.222222222,0.427792632,0.222222222,0.427792632,0.0,0.0,0.111111111,0.323380833
01155.jpg,3.555555555555556,0.277777778,0.460888599,0.333333333,0.48507125,0.0,0.0,0.111111111,0.323380833,0.333333333,0.48507125,0.0,0.0,0.0,0.0
01_04_01.bmp,3.1666666666666665,0.055555556,0.23570226,0.666666667,0.48507125,0.111111111,0.323380833,0.055555556,0.23570226,0.0,0.0,0.0,0.0,0.055555556,0.23570226
24_20_03.bmp,2.2777777777777777,0.444444444,0.511309993,0.388888889,0.501631326,0.111111111,0.323380833,0.055555556,0.23570226,0.055555556,0.23570226,0.0,0.0,0.055555556,0.23570226
06_21_02.bmp,2.9444444444444446,0.055555556,0.23570226,0.277777778,0.460888599,0.666666667,0.48507125,0.055555556,0.23570226,0.0,0.0,0.055555556,0.23570226,0.055555556,0.23570226
06_25_04.bmp,1.7777777777777777,0.111111111,0.323380833,0.0,0.0,0.055555556,0.23570226,0.0,0.0,0.0,0.0,0.055555556,0.23570226,1.0,0.0
30_22_01.bmp,3.111111111111111,0.111111111,0.323380833,0.444444444,0.511309993,0.111111111,0.323380833,0.111111111,0.323380833,0.277777778,0.460888599,0.0,0.0,0.0,0.0
0414.jpg,2.9444444444444446,0.055555556,0.23570226,0.777777778,0.427792632,0.0,0.0,0.111111111,0.323380833,0.0,0.0,0.0,0.0,0.055555556,0.23570226
09_16_03.bmp,2.9444444444444446,0.111111111,0.323380833,0.555555556,0.511309993,0.055555556,0.23570226,0.0,0.0,0.166666667,0.383482494,0.0,0.0,0.0,0.0
04_17_02.bmp,2.611111111111111,0.111111111,0.323380833,0.666666667,0.48507125,0.166666667,0.383482494,0.0,0.0,0.333333333,0.48507125,0.055555556,0.23570226,0.277777778,0.460888599
18_02_04.bmp,1.3333333333333333,0.111111111,0.323380833,0.944444444,0.23570226,0.055555556,0.23570226,0.0,0.0,0.055555556,0.23570226,0.0,0.0,0.0,0.0
07_22_04.bmp,1.7777777777777777,0.388888889,0.501631326,0.611111111,0.501631326,0.166666667,0.383482494,0.0,0.0,0.0,0.0,0.055555556,0.23570226,0.0,0.0
24_22_02.bmp,2.6666666666666665,0.111111111,0.323380833,0.722222222,0.460888599,0.111111111,0.323380833,0.0,0.0,0.0,0.0,0.0,0.0,0.055555556,0.23570226
12_03_01.bmp,3.8333333333333335,0.055555556,0.23570226,0.277777778,0.460888599,0.055555556,0.23570226,0.0,0.0,0.055555556,0.23570226,0.111111111,0.323380833,0.055555556,0.23570226
0865.jpg,3.611111111111111,0.0,0.0,0.5,0.514495755,0.0,0.0,0.055555556,0.23570226,0.166666667,0.383482494,0.055555556,0.23570226,0.0,0.0
07_16_05.bmp,1.7222222222222223,0.333333333,0.48507125,0.722222222,0.460888599,0.0,0.0,0.0,0.0,0.111111111,0.323380833,0.0,0.0,0.0,0.0
19_21_02.bmp,2.388888888888889,0.111111111,0.323380833,0.277777778,0.460888599,0.777777778,0.427792632,0.0,0.0,0.055555556,0.23570226,0.055555556,0.23570226,0.055555556,0.23570226
34_12_05.bmp,1.9444444444444444,0.777777778,0.427792632,0.388888889,0.501631326,0.111111111,0.323380833,0.055555556,0.23570226,0.055555556,0.23570226,0.055555556,0.23570226,0.055555556,0.23570226
0393.jpg,3.2222222222222223,0.055555556,0.23570226,0.777777778,0.427792632,0.055555556,0.23570226,0.166666667,0.383482494,0.0,0.0,0.0,0.0,0.0,0.0
26_09_04.bmp,2.888888888888889,0.611111111,0.501631326,0.222222222,0.427792632,0.055555556,0.23570226,0.0,0.0,0.111111111,0.323380833,0.0,0.0,0.055555556,0.23570226
35_09_02.bmp,2.611111111111111,0.555555556,0.511309993,0.611111111,0.501631326,0.055555556,0.23570226,0.0,0.0,0.055555556,0.23570226,0.0,0.0,0.055555556,0.23570226
21_21_03.bmp,2.888888888888889,0.111111111,0.323380833,0.277777778,0.460888599,0.555555556,0.511309993,0.0,0.0,0.055555556,0.23570226,0.0,0.0,0.0,0.0
16_16_03.bmp,2.833333333333333,0.222222222,0.427792632,0.444444444,0.511309993,0.055555556,0.23570226,0.111111111,0.323380833,0.277777778,0.460888599,0.333333333,0.48507125,0.055555556,0.23570226
30_09_01.bmp,3.055555555555556,0.611111111,0.501631326,0.277777778,0.460888599,0.0,0.0,0.0,0.0,0.277777778,0.460888599,0.0,0.0,0.0,0.0
01217.jpg,4.0,0.333333333,0.48507125,0.166666667,0.383482494,0.0,0.0,0.0,0.0,0.055555556,0.23570226,0.055555556,0.23570226,0.111111111,0.323380833
09_25_02.bmp,2.611111111111111,0.055555556,0.23570226,0.055555556,0.23570226,0.111111111,0.323380833,0.055555556,0.23570226,0.055555556,0.23570226,0.0,0.0,0.833333333,0.383482494
17_01_03.bmp,2.6666666666666665,0.055555556,0.23570226,0.833333333,0.383482494,0.055555556,0.23570226,0.0,0.0,0.277777778,0.460888599,0.111111111,0.323380833,0.0,0.0
19_13_02.bmp,3.1666666666666665,0.111111111,0.323380833,0.222222222,0.427792632,0.444444444,0.511309993,0.0,0.0,0.166666667,0.383482494,0.055555556,0.23570226,0.055555556,0.23570226
1023.jpg,3.555555555555556,0.111111111,0.323380833,0.333333333,0.48507125,0.0,0.0,0.333333333,0.48507125,0.277777778,0.460888599,0.0,0.0,0.055555556,0.23570226
29_08_05.bmp,1.8888888888888888,0.277777778,0.460888599,0.611111111,0.501631326,0.0,0.0,0.111111111,0.323380833,0.055555556,0.23570226,0.166666667,0.383482494,0.055555556,0.23570226
02_10_02.bmp,2.7222222222222223,0.777777778,0.427792632,0.444444444,0.511309993,0.0,0.0,0.0,0.0,0.555555556,0.511309993,0.055555556,0.23570226,0.055555556,0.23570226
24_03_04.bmp,2.388888888888889,0.055555556,0.23570226,0.777777778,0.427792632,0.0,0.0,0.0,0.0,0.055555556,0.23570226,0.055555556,0.23570226,0.055555556,0.23570226
11_20_01.bmp,2.388888888888889,0.166666667,0.383482494,0.388888889,0.501631326,0.277777778,0.460888599,0.333333333,0.48507125,0.277777778,0.460888599,0.055555556,0.23570226,0.0,0.0
34_12_02.bmp,3.111111111111111,0.444444444,0.511309993,0.444444444,0.511309993,0.166666667,0.383482494,0.055555556,0.23570226,0.0,0.0,0.0,0.0,0.111111111,0.323380833
01312.jpg,2.0,0.5,0.514495755,0.777777778,0.427792632,0.055555556,0.23570226,0.055555556,0.23570226,0.055555556,0.23570226,0.0,0.0,0.0,0.0
04_07_03.bmp,1.8333333333333333,0.388888889,0.501631326,0.722222222,0.460888599,0.055555556,0.23570226,0.055555556,0.23570226,0.222222222,0.427792632,0.055555556,0.23570226,0.055555556,0.23570226
0572.jpg,2.7222222222222223,0.055555556,0.23570226,0.222222222,0.427792632,0.0,0.0,0.055555556,0.23570226,0.722222222,0.460888599,0.166666667,0.383482494,0.055555556,0.23570226
34_02_01.bmp,3.2222222222222223,0.0,0.0,0.555555556,0.511309993,0.111111111,0.323380833,0.055555556,0.23570226,0.055555556,0.23570226,0.055555556,0.23570226,0.055555556,0.23570226
05_25_04.bmp,2.111111111111111,0.111111111,0.323380833,0.166666667,0.383482494,0.055555556,0.23570226,0.0,0.0,0.0,0.0,0.111111111,0.323380833,1.0,0.0
06_03_02.bmp,3.1666666666666665,0.166666667,0.383482494,0.555555556,0.511309993,0.111111111,0.323380833,0.0,0.0,0.0,0.0,0.055555556,0.23570226,0.055555556,0.23570226
28_16_01.bmp,3.2222222222222223,0.055555556,0.23570226,0.388888889,0.501631326,0.222222222,0.427792632,0.055555556,0.23570226,0.222222222,0.427792632,0.055555556,0.23570226,0.0,0.0
0948.jpg,2.888888888888889,0.0,0.0,0.333333333,0.48507125,0.0,0.0,0.722222222,0.460888599,0.166666667,0.383482494,0.0,0.0,0.055555556,0.23570226
25_02_05.bmp,1.3333333333333333,0.055555556,0.23570226,0.944444444,0.23570226,0.055555556,0.23570226,0.0,0.0,0.166666667,0.383482494,0.0,0.0,0.0,0.0
0843.jpg,3.611111111111111,0.166666667,0.383482494,0.388888889,0.501631326,0.055555556,0.23570226,0.111111111,0.323380833,0.111111111,0.323380833,0.055555556,0.23570226,0.0,0.0
11_01_05.bmp,1.2777777777777777,0.0,0.0,0.888888889,0.323380833,0.0,0.0,0.0,0.0,0.166666667,0.383482494,0.055555556,0.23570226,0.055555556,0.23570226
16_18_05.bmp,1.7777777777777777,0.055555556,0.23570226,0.666666667,0.48507125,0.0,0.0,0.0,0.0,0.333333333,0.48507125,0.333333333,0.48507125,0.111111111,0.323380833
0250.jpg,1.8333333333333333,0.166666667,0.383482494,0.444444444,0.511309993,0.0,0.0,0.944444444,0.23570226,0.055555556,0.23570226,0.111111111,0.323380833,0.0,0.0
01350.jpg,3.333333333333333,0.055555556,0.23570226,0.722222222,0.460888599,0.055555556,0.23570226,0.0,0.0,0.0,0.0,0.055555556,0.23570226,0.0,0.0
0587.jpg,3.555555555555556,0.055555556,0.23570226,0.277777778,0.460888599,0.055555556,0.23570226,0.111111111,0.323380833,0.388888889,0.501631326,0.0,0.0,0.0,0.0
01424.jpg,4.111111111111111,0.111111111,0.323380833,0.388888889,0.501631326,0.166666667,0.383482494,0.0,0.0,0.0,0.0,0.0,0.0,0.055555556,0.23570226
30_04_03.bmp,2.6666666666666665,0.333333333,0.48507125,0.166666667,0.383482494,0.277777778,0.460888599,0.111111111,0.323380833,0.222222222,0.427792632,0.222222222,0.427792632,0.0,0.0
19_13_03.bmp,3.055555555555556,0.055555556,0.23570226,0.166666667,0.383482494,0.555555556,0.511309993,0.055555556,0.23570226,0.111111111,0.323380833,0.111111111,0.323380833,0.055555556,0.23570226
16_20_03.bmp,2.1666666666666665,0.333333333,0.48507125,0.333333333,0.48507125,0.222222222,0.427792632,0.166666667,0.383482494,0.277777778,0.460888599,0.277777778,0.460888599,0.0,0.0
30_23_03.bmp,2.611111111111111,0.055555556,0.23570226,0.166666667,0.383482494,0.055555556,0.23570226,0.666666667,0.48507125,0.166666667,0.383482494,0.0,0.0,0.166666667,0.383482494
32_02_03.bmp,2.0,0.055555556,0.23570226,0.944444444,0.23570226,0.166666667,0.383482494,0.0,0.0,0.444444444,0.511309993,0.055555556,0.23570226,0.0,0.0
28_17_03.bmp,2.6666666666666665,0.055555556,0.23570226,0.555555556,0.511309993,0.055555556,0.23570226,0.055555556,0.23570226,0.333333333,0.48507125,0.277777778,0.460888599,0.166666667,0.383482494
24_14_02.bmp,3.5,0.055555556,0.23570226,0.277777778,0.460888599,0.0,0.0,0.222222222,0.427792632,0.0,0.0,0.0,0.0,0.0,0.0
26_06_03.bmp,3.555555555555556,0.055555556,0.23570226,0.166666667,0.383482494,0.166666667,0.383482494,0.0,0.0,0.111111111,0.323380833,0.055555556,0.23570226,0.055555556,0.23570226
15_04_01.bmp,3.611111111111111,0.055555556,0.23570226,0.388888889,0.501631326,0.0,0.0,0.055555556,0.23570226,0.333333333,0.48507125,0.0,0.0,0.111111111,0.323380833
32_22_01.bmp,2.611111111111111,0.111111111,0.323380833,0.555555556,0.511309993,0.111111111,0.323380833,0.055555556,0.23570226,0.444444444,0.511309993,0.055555556,0.23570226,0.055555556,0.23570226
29_15_01.bmp,2.5,0.055555556,0.23570226,0.222222222,0.427792632,0.833333333,0.383482494,0.0,0.0,0.055555556,0.23570226,0.0,0.0,0.055555556,0.23570226
20_16_01.bmp,3.055555555555556,0.055555556,0.23570226,0.277777778,0.460888599,0.333333333,0.48507125,0.055555556,0.23570226,0.166666667,0.383482494,0.111111111,0.323380833,0.0,0.0
0788.jpg,3.4444444444444446,0.166666667,0.383482494,0.444444444,0.511309993,0.055555556,0.23570226,0.0,0.0,0.222222222,0.427792632,0.0,0.0,0.111111111,0.323380833
33_07_03.bmp,2.611111111111111,0.055555556,0.23570226,0.666666667,0.48507125,0.0,0.0,0.0,0.0,0.388888889,0.501631326,0.111111111,0.323380833,0.055555556,0.23570226
1051.jpg,3.2777777777777777,0.0,0.0,0.555555556,0.511309993,0.055555556,0.23570226,0.5,0.514495755,0.111111111,0.323380833,0.0,0.0,0.111111111,0.323380833
04_12_01.bmp,3.055555555555556,0.444444444,0.511309993,0.444444444,0.511309993,0.055555556,0.23570226,0.0,0.0,0.166666667,0.383482494,0.0,0.0,0.055555556,0.23570226
31_13_02.bmp,3.555555555555556,0.055555556,0.23570226,0.388888889,0.501631326,0.166666667,0.383482494,0.055555556,0.23570226,0.166666667,0.383482494,0.0,0.0,0.055555556,0.23570226
11_25_03.bmp,2.2222222222222223,0.111111111,0.323380833,0.055555556,0.23570226,0.0,0.0,0.111111111,0.323380833,0.166666667,0.383482494,0.055555556,0.23570226,0.888888889,0.323380833
0774.jpg,3.4444444444444446,0.055555556,0.23570226,0.555555556,0.511309993,0.0,0.0,0.0,0.0,0.111111111,0.323380833,0.111111111,0.323380833,0.055555556,0.23570226
13_13_05.bmp,2.555555555555556,0.055555556,0.23570226,0.166666667,0.383482494,0.888888889,0.323380833,0.0,0.0,0.055555556,0.23570226,0.0,0.0,0.055555556,0.23570226
31_15_01.bmp,2.888888888888889,0.111111111,0.323380833,0.166666667,0.383482494,0.777777778,0.427792632,0.0,0.0,0.111111111,0.323380833,0.055555556,0.23570226,0.0,0.0
0543.jpg,2.7222222222222223,0.111111111,0.323380833,0.444444444,0.511309993,0.055555556,0.23570226,0.166666667,0.383482494,0.777777778,0.427792632,0.0,0.0,0.0,0.0
0749.jpg,3.7222222222222223,0.0,0.0,0.333333333,0.48507125,0.0,0.0,0.055555556,0.23570226,0.055555556,0.23570226,0.055555556,0.23570226,0.055555556,0.23570226
18_15_02.bmp,2.611111111111111,0.111111111,0.323380833,0.277777778,0.460888599,0.722222222,0.460888599,0.0,0.0,0.0,0.0,0.0,0.0,0.055555556,0.23570226
09_08_01.bmp,3.333333333333333,0.277777778,0.460888599,0.444444444,0.511309993,0.055555556,0.23570226,0.055555556,0.23570226,0.166666667,0.383482494,0.0,0.0,0.0,0.0
01267.jpg,3.555555555555556,0.333333333,0.48507125,0.611111111,0.501631326,0.055555556,0.23570226,0.0,0.0,0.222222222,0.427792632,0.055555556,0.23570226,0.055555556,0.23570226
10_19_02.bmp,3.111111111111111,0.111111111,0.323380833,0.388888889,0.501631326,0.277777778,0.460888599,0.055555556,0.23570226,0.388888889,0.501631326,0.166666667,0.383482494,0.0,0.0
0273.jpg,1.8333333333333333,0.333333333,0.48507125,0.388888889,0.501631326,0.0,0.0,0.888888889,0.323380833,0.222222222,0.427792632,0.0,0.0,0.0,0.0
37_04_05.bmp,2.1666666666666665,0.333333333,0.48507125,0.444444444,0.511309993,0.277777778,0.460888599,0.055555556,0.23570226,0.055555556,0.23570226,0.222222222,0.427792632,0.055555556,0.23570226
0346.jpg,3.0,0.111111111,0.323380833,0.777777778,0.427792632,0.0,0.0,0.111111111,0.323380833,0.0,0.0,0.055555556,0.23570226,0.055555556,0.23570226
01377.jpg,3.333333333333333,0.055555556,0.23570226,0.666666667,0.48507125,0.111111111,0.323380833,0.0,0.0,0.055555556,0.23570226,0.0,0.0,0.055555556,0.23570226
19_21_01.bmp,2.5,0.055555556,0.23570226,0.166666667,0.383482494,0.888888889,0.323380833,0.0,0.0,0.111111111,0.323380833,0.055555556,0.23570226,0.055555556,0.23570226
11_10_04.bmp,2.333333333333333,0.833333333,0.383482494,0.222222222,0.427792632,0.0,0.0,0.111111111,0.323380833,0.222222222,0.427792632,0.055555556,0.23570226,0.0,0.0
0078.jpg,3.333333333333333,0.0,0.0,0.388888889,0.501631326,0.444444444,0.511309993,0.0,0.0,0.388888889,0.501631326,0.0,0.0,0.055555556,0.23570226
0235.jpg,1.9444444444444444,0.111111111,0.323380833,0.333333333,0.48507125,0.0,0.0,0.833333333,0.383482494,0.055555556,0.23570226,0.0,0.0,0.055555556,0.23570226
22_20_03.bmp,2.055555555555556,0.388888889,0.501631326,0.333333333,0.48507125,0.222222222,0.427792632,0.333333333,0.48507125,0.111111111,0.323380833,0.111111111,0.323380833,0.0,0.0
35_21_01.bmp,1.6666666666666667,0.111111111,0.323380833,0.166666667,0.383482494,0.888888889,0.323380833,0.0,0.0,0.055555556,0.23570226,0.0,0.0,0.055555556,0.23570226
02_14_04.bmp,2.0,0.111111111,0.323380833,0.388888889,0.501631326,0.0,0.0,0.888888889,0.323380833,0.388888889,0.501631326,0.111111111,0.323380833,0.0,0.0
03_16_05.bmp,1.7777777777777777,0.333333333,0.48507125,0.888888889,0.323380833,0.055555556,0.23570226,0.055555556,0.23570226,0.111111111,0.323380833,0.0,0.0,0.0,0.0
08_04_03.bmp,3.5,0.388888889,0.501631326,0.166666667,0.383482494,0.222222222,0.427792632,0.0,0.0,0.166666667,0.383482494,0.0,0.0,0.0,0.0
0341.jpg,3.0,0.0,0.0,0.611111111,0.501631326,0.0,0.0,0.055555556,0.23570226,0.111111111,0.323380833,0.0,0.0,0.055555556,0.23570226
0016.jpg,3.111111111111111,0.055555556,0.23570226,0.111111111,0.323380833,0.555555556,0.511309993,0.055555556,0.23570226,0.333333333,0.48507125,0.055555556,0.23570226,0.0,0.0
18_22_03.bmp,1.7777777777777777,0.222222222,0.427792632,0.777777778,0.427792632,0.111111111,0.323380833,0.055555556,0.23570226,0.0,0.0,0.0,0.0,0.0,0.0
37_04_01.bmp,3.611111111111111,0.166666667,0.383482494,0.444444444,0.511309993,0.055555556,0.23570226,0.111111111,0.323380833,0.055555556,0.23570226,0.055555556,0.23570226,0.0,0.0
13_06_01.bmp,3.7222222222222223,0.166666667,0.383482494,0.166666667,0.383482494,0.055555556,0.23570226,0.0,0.0,0.222222222,0.427792632,0.166666667,0.383482494,0.055555556,0.23570226
30_06_03.bmp,2.5,0.277777778,0.460888599,0.222222222,0.427792632,0.222222222,0.427792632,0.055555556,0.23570226,0.333333333,0.48507125,0.166666667,0.383482494,0.055555556,0.23570226
23_11_05.bmp,2.055555555555556,0.777777778,0.427792632,0.277777778,0.460888599,0.0,0.0,0.055555556,0.23570226,0.333333333,0.48507125,0.111111111,0.323380833,0.0,0.0
07_13_05.bmp,1.8333333333333333,0.055555556,0.23570226,0.277777778,0.460888599,0.944444444,0.23570226,0.0,0.0,0.111111111,0.323380833,0.0,0.0,0.055555556,0.23570226
13_17_01.bmp,3.5,0.055555556,0.23570226,0.333333333,0.48507125,0.055555556,0.23570226,0.055555556,0.23570226,0.166666667,0.383482494,0.0,0.0,0.277777778,0.460888599
0682.jpg,3.4444444444444446,0.055555556,0.23570226,0.277777778,0.460888599,0.0,0.0,0.222222222,0.427792632,0.222222222,0.427792632,0.111111111,0.323380833,0.055555556,0.23570226
18_18_02.bmp,2.555555555555556,0.111111111,0.323380833,0.777777778,0.427792632,0.111111111,0.323380833,0.055555556,0.23570226,0.0,0.0,0.0,0.0,0.111111111,0.323380833
26_21_04.bmp,3.2222222222222223,0.166666667,0.383482494,0.388888889,0.501631326,0.055555556,0.23570226,0.055555556,0.23570226,0.055555556,0.23570226,0.055555556,0.23570226,0.055555556,0.23570226
37_02_03.bmp,2.555555555555556,0.0,0.0,0.888888889,0.323380833,0.111111111,0.323380833,0.0,0.0,0.055555556,0.23570226,0.055555556,0.23570226,0.055555556,0.23570226
04_03_05.bmp,1.5555555555555556,0.0,0.0,0.833333333,0.383482494,0.111111111,0.323380833,0.055555556,0.23570226,0.166666667,0.383482494,0.0,0.0,0.0,0.0
28_19_05.bmp,2.5,0.111111111,0.323380833,0.277777778,0.460888599,0.555555556,0.511309993,0.055555556,0.23570226,0.111111111,0.323380833,0.0,0.0,0.0,0.0
22_25_03.bmp,2.333333333333333,0.055555556,0.23570226,0.111111111,0.323380833,0.055555556,0.23570226,0.055555556,0.23570226,0.0,0.0,0.0,0.0,0.833333333,0.383482494
0969.jpg,2.555555555555556,0.166666667,0.383482494,0.555555556,0.511309993,0.055555556,0.23570226,0.666666667,0.48507125,0.055555556,0.23570226,0.0,0.0,0.055555556,0.23570226
28_03_04.bmp,2.4444444444444446,0.055555556,0.23570226,0.777777778,0.427792632,0.111111111,0.323380833,0.0,0.0,0.222222222,0.427792632,0.0,0.0,0.055555556,0.23570226
28_23_03.bmp,2.4444444444444446,0.111111111,0.323380833,0.222222222,0.427792632,0.0,0.0,0.722222222,0.460888599,0.111111111,0.323380833,0.0,0.0,0.111111111,0.323380833
29_22_01.bmp,3.2222222222222223,0.111111111,0.323380833,0.555555556,0.511309993,0.0,0.0,0.111111111,0.323380833,0.055555556,0.23570226,0.111111111,0.323380833,0.0,0.0
36_16_05.bmp,1.6111111111111112,0.222222222,0.427792632,0.888888889,0.323380833,0.055555556,0.23570226,0.055555556,0.23570226,0.0,0.0,0.0,0.0,0.0,0.0
06_06_05.bmp,1.8888888888888888,0.555555556,0.511309993,0.222222222,0.427792632,0.222222222,0.427792632,0.055555556,0.23570226,0.055555556,0.23570226,0.222222222,0.427792632,0.111111111,0.323380833
07_11_05.bmp,1.7222222222222223,0.888888889,0.323380833,0.277777778,0.460888599,0.111111111,0.323380833,0.0,0.0,0.111111111,0.323380833,0.111111111,0.323380833,0.0,0.0
02_17_03.bmp,2.4444444444444446,0.111111111,0.323380833,0.277777778,0.460888599,0.0,0.0,0.0,0.0,0.555555556,0.511309993,0.055555556,0.23570226,0.388888889,0.501631326
1069.jpg,3.388888888888889,0.055555556,0.23570226,0.388888889,0.501631326,0.0,0.0,0.333333333,0.48507125,0.222222222,0.427792632,0.055555556,0.23570226,0.055555556,0.23570226
01_18_02.bmp,2.333333333333333,0.111111111,0.323380833,0.722222222,0.460888599,0.166666667,0.383482494,0.0,0.0,0.055555556,0.23570226,0.0,0.0,0.111111111,0.323380833
26_12_03.bmp,3.2222222222222223,0.555555556,0.511309993,0.166666667,0.383482494,0.055555556,0.23570226,0.0,0.0,0.055555556,0.23570226,0.055555556,0.23570226,0.0,0.0
20_23_03.bmp,2.4444444444444446,0.055555556,0.23570226,0.277777778,0.460888599,0.055555556,0.23570226,0.722222222,0.460888599,0.111111111,0.323380833,0.0,0.0,0.055555556,0.23570226
0161.jpg,2.4444444444444446,0.055555556,0.23570226,0.222222222,0.427792632,0.888888889,0.323380833,0.055555556,0.23570226,0.111111111,0.323380833,0.055555556,0.23570226,0.055555556,0.23570226
05_08_03.bmp,2.388888888888889,0.388888889,0.501631326,0.722222222,0.460888599,0.111111111,0.323380833,0.0,0.0,0.0,0.0,0.166666667,0.383482494,0.111111111,0.323380833
01290.jpg,2.888888888888889,0.333333333,0.48507125,0.722222222,0.460888599,0.055555556,0.23570226,0.0,0.0,0.055555556,0.23570226,0.166666667,0.383482494,0.0,0.0
30_03_03.bmp,3.2222222222222223,0.055555556,0.23570226,0.555555556,0.511309993,0.111111111,0.323380833,0.0,0.0,0.333333333,0.48507125,0.0,0.0,0.055555556,0.23570226
27_06_02.bmp,2.7777777777777777,0.333333333,0.48507125,0.444444444,0.511309993,0.222222222,0.427792632,0.055555556,0.23570226,0.444444444,0.511309993,0.111111111,0.323380833,0.0,0.0
31_17_02.bmp,2.4444444444444446,0.055555556,0.23570226,0.5,0.514495755,0.055555556,0.23570226,0.0,0.0,0.333333333,0.48507125,0.166666667,0.383482494,0.222222222,0.427792632
04_15_03.bmp,2.7777777777777777,0.111111111,0.323380833,0.611111111,0.501631326,0.333333333,0.48507125,0.055555556,0.23570226,0.111111111,0.323380833,0.0,0.0,0.0,0.0
23_10_03.bmp,2.7222222222222223,0.722222222,0.460888599,0.277777778,0.460888599,0.055555556,0.23570226,0.0,0.0,0.222222222,0.427792632,0.055555556,0.23570226,0.0,0.0
09_02_04.bmp,1.3888888888888888,0.111111111,0.323380833,0.944444444,0.23570226,0.111111111,0.323380833,0.055555556,0.23570226,0.222222222,0.427792632,0.0,0.0,0.055555556,0.23570226
36_17_05.bmp,1.9444444444444444,0.055555556,0.23570226,0.555555556,0.511309993,0.166666667,0.383482494,0.055555556,0.23570226,0.166666667,0.383482494,0.166666667,0.383482494,0.222222222,0.427792632
0465.jpg,3.1666666666666665,0.055555556,0.23570226,0.111111111,0.323380833,0.055555556,0.23570226,0.166666667,0.383482494,0.777777778,0.427792632,0.055555556,0.23570226,0.0,0.0
0312.jpg,2.388888888888889,0.166666667,0.383482494,0.777777778,0.427792632,0.0,0.0,0.166666667,0.383482494,0.222222222,0.427792632,0.0,0.0,0.055555556,0.23570226
02_02_01.bmp,3.111111111111111,0.0,0.0,0.333333333,0.48507125,0.055555556,0.23570226,0.0,0.0,0.555555556,0.511309993,0.055555556,0.23570226,0.055555556,0.23570226
24_13_02.bmp,3.333333333333333,0.055555556,0.23570226,0.333333333,0.48507125,0.333333333,0.48507125,0.0,0.0,0.055555556,0.23570226,0.0,0.0,0.055555556,0.23570226
08_07_01.bmp,3.7777777777777777,0.277777778,0.460888599,0.333333333,0.48507125,0.0,0.0,0.111111111,0.323380833,0.111111111,0.323380833,0.0,0.0,0.0,0.0
07_07_05.bmp,1.4444444444444444,0.222222222,0.427792632,0.777777778,0.427792632,0.055555556,0.23570226,0.0,0.0,0.111111111,0.323380833,0.0,0.0,0.111111111,0.323380833
16_22_02.bmp,2.7222222222222223,0.166666667,0.383482494,0.666666667,0.48507125,0.055555556,0.23570226,0.0,0.0,0.277777778,0.460888599,0.277777778,0.460888599,0.0,0.0
18_17_01.bmp,3.055555555555556,0.111111111,0.323380833,0.5,0.514495755,0.111111111,0.323380833,0.0,0.0,0.055555556,0.23570226,0.055555556,0.23570226,0.222222222,0.427792632
0596.jpg,3.5,0.055555556,0.23570226,0.222222222,0.427792632,0.055555556,0.23570226,0.166666667,0.383482494,0.388888889,0.501631326,0.055555556,0.23570226,0.055555556,0.23570226
11_22_03.bmp,2.1666666666666665,0.166666667,0.383482494,0.888888889,0.323380833,0.0,0.0,0.111111111,0.323380833,0.222222222,0.427792632,0.0,0.0,0.0,0.0
18_24_04.bmp,1.4444444444444444,0.166666667,0.383482494,0.833333333,0.383482494,0.111111111,0.323380833,0.0,0.0,0.055555556,0.23570226,0.0,0.0,0.0,0.0
0657.jpg,3.2222222222222223,0.055555556,0.23570226,0.611111111,0.501631326,0.055555556,0.23570226,0.055555556,0.23570226,0.111111111,0.323380833,0.0,0.0,0.055555556,0.23570226
05_09_03.bmp,2.333333333333333,0.777777778,0.427792632,0.388888889,0.501631326,0.111111111,0.323380833,0.0,0.0,0.055555556,0.23570226,0.055555556,0.23570226,0.055555556,0.23570226
01297.jpg,3.5,0.277777778,0.460888599,0.277777778,0.460888599,0.055555556,0.23570226,0.0,0.0,0.277777778,0.460888599,0.166666667,0.383482494,0.0,0.0
0853.jpg,3.6666666666666665,0.111111111,0.323380833,0.5,0.514495755,0.055555556,0.23570226,0.0,0.0,0.277777778,0.460888599,0.0,0.0,0.055555556,0.23570226
0480.jpg,3.2222222222222223,0.055555556,0.23570226,0.277777778,0.460888599,0.055555556,0.23570226,0.055555556,0.23570226,0.722222222,0.460888599,0.0,0.0,0.0,0.0
33_02_03.bmp,2.4444444444444446,0.111111111,0.323380833,0.833333333,0.383482494,0.0,0.0,0.0,0.0,0.388888889,0.501631326,0.0,0.0,0.055555556,0.23570226
34_23_02.bmp,2.7777777777777777,0.111111111,0.323380833,0.111111111,0.323380833,0.055555556,0.23570226,0.777777778,0.427792632,0.055555556,0.23570226,0.0,0.0,0.111111111,0.323380833
08_10_02.bmp,3.611111111111111,0.444444444,0.511309993,0.111111111,0.323380833,0.055555556,0.23570226,0.055555556,0.23570226,0.055555556,0.23570226,0.0,0.0,0.0,0.0
16_15_02.bmp,2.888888888888889,0.111111111,0.323380833,0.111111111,0.323380833,0.722222222,0.460888599,0.0,0.0,0.388888889,0.501631326,0.388888889,0.501631326,0.0,0.0
1020.jpg,3.6666666666666665,0.055555556,0.23570226,0.388888889,0.501631326,0.0,0.0,0.222222222,0.427792632,0.055555556,0.23570226,0.0,0.0,0.111111111,0.323380833
0463.jpg,3.2777777777777777,0.111111111,0.323380833,0.222222222,0.427792632,0.0,0.0,0.111111111,0.323380833,0.777777778,0.427792632,0.0,0.0,0.055555556,0.23570226
08_18_01.bmp,3.333333333333333,0.222222222,0.427792632,0.444444444,0.511309993,0.055555556,0.23570226,0.0,0.0,0.055555556,0.23570226,0.055555556,0.23570226,0.111111111,0.323380833
07_24_03.bmp,2.111111111111111,0.111111111,0.323380833,0.833333333,0.383482494,0.111111111,0.323380833,0.0,0.0,0.111111111,0.323380833,0.055555556,0.23570226,0.0,0.0
12_11_04.bmp,2.5,0.722222222,0.460888599,0.166666667,0.383482494,0.055555556,0.23570226,0.055555556,0.23570226,0.055555556,0.23570226,0.055555556,0.23570226,0.055555556,0.23570226
29_10_01.bmp,3.2222222222222223,0.333333333,0.48507125,0.277777778,0.460888599,0.055555556,0.23570226,0.055555556,0.23570226,0.111111111,0.323380833,0.111111111,0.323380833,0.055555556,0.23570226
37_04_02.bmp,3.333333333333333,0.333333333,0.48507125,0.5,0.514495755,0.222222222,0.427792632,0.111111111,0.323380833,0.055555556,0.23570226,0.166666667,0.383482494,0.0,0.0
32_11_04.bmp,2.333333333333333,0.611111111,0.501631326,0.444444444,0.511309993,0.055555556,0.23570226,0.055555556,0.23570226,0.333333333,0.48507125,0.055555556,0.23570226,0.0,0.0
0171.jpg,2.555555555555556,0.055555556,0.23570226,0.222222222,0.427792632,0.722222222,0.460888599,0.055555556,0.23570226,0.111111111,0.323380833,0.0,0.0,0.111111111,0.323380833
01330.jpg,2.7222222222222223,0.166666667,0.383482494,0.666666667,0.48507125,0.111111111,0.323380833,0.0,0.0,0.0,0.0,0.0,0.0,0.111111111,0.323380833
21_04_01.bmp,3.611111111111111,0.055555556,0.23570226,0.555555556,0.511309993,0.0,0.0,0.0,0.0,0.0,0.0,0.055555556,0.23570226,0.0,0.0
08_09_02.bmp,3.2777777777777777,0.666666667,0.48507125,0.0,0.0,0.055555556,0.23570226,0.055555556,0.23570226,0.055555556,0.23570226,0.0,0.0,0.0,0.0
37_06_01.bmp,3.333333333333333,0.277777778,0.460888599,0.5,0.514495755,0.111111111,0.323380833,0.055555556,0.23570226,0.055555556,0.23570226,0.111111111,0.323380833,0.0,0.0
27_24_03.bmp,2.4444444444444446,0.0,0.0,0.722222222,0.460888599,0.055555556,0.23570226,0.0,0.0,0.388888889,0.501631326,0.055555556,0.23570226,0.0,0.0
01351.jpg,3.055555555555556,0.0,0.0,0.777777778,0.427792632,0.166666667,0.383482494,0.0,0.0,0.0,0.0,0.0,0.0,0.0,0.0
25_24_04.bmp,1.2222222222222223,0.055555556,0.23570226,0.888888889,0.323380833,0.111111111,0.323380833,0.0,0.0,0.166666667,0.383482494,0.0,0.0,0.055555556,0.23570226
16_09_05.bmp,2.055555555555556,0.888888889,0.323380833,0.166666667,0.383482494,0.0,0.0,0.0,0.0,0.277777778,0.460888599,0.277777778,0.460888599,0.055555556,0.23570226
10_24_05.bmp,1.3333333333333333,0.0,0.0,0.888888889,0.323380833,0.0,0.0,0.055555556,0.23570226,0.166666667,0.383482494,0.111111111,0.323380833,0.055555556,0.23570226
0357.jpg,2.9444444444444446,0.166666667,0.383482494,0.833333333,0.383482494,0.0,0.0,0.055555556,0.23570226,0.0,0.0,0.0,0.0,0.0,0.0
08_23_01.bmp,3.333333333333333,0.111111111,0.323380833,0.055555556,0.23570226,0.0,0.0,0.722222222,0.460888599,0.055555556,0.23570226,0.0,0.0,0.0,0.0
09_14_03.bmp,2.6666666666666665,0.277777778,0.460888599,0.388888889,0.501631326,0.222222222,0.427792632,0.222222222,0.427792632,0.111111111,0.323380833,0.055555556,0.23570226,0.0,0.0
04_19_01.bmp,2.7777777777777777,0.166666667,0.383482494,0.666666667,0.48507125,0.055555556,0.23570226,0.055555556,0.23570226,0.166666667,0.383482494,0.0,0.0,0.055555556,0.23570226
34_22_02.bmp,2.2777777777777777,0.166666667,0.383482494,0.888888889,0.323380833,0.111111111,0.323380833,0.055555556,0.23570226,0.055555556,0.23570226,0.0,0.0,0.0,0.0
37_13_04.bmp,3.2777777777777777,0.055555556,0.23570226,0.388888889,0.501631326,0.722222222,0.460888599,0.055555556,0.23570226,0.055555556,0.23570226,0.055555556,0.23570226,0.0,0.0
33_08_05.bmp,2.055555555555556,0.222222222,0.427792632,0.666666667,0.48507125,0.055555556,0.23570226,0.055555556,0.23570226,0.388888889,0.501631326,0.055555556,0.23570226,0.0,0.0
25_07_05.bmp,1.3888888888888888,0.055555556,0.23570226,0.888888889,0.323380833,0.055555556,0.23570226,0.055555556,0.23570226,0.166666667,0.383482494,0.0,0.0,0.0,0.0
08_18_04.bmp,2.833333333333333,0.444444444,0.511309993,0.555555556,0.511309993,0.055555556,0.23570226,0.0,0.0,0.055555556,0.23570226,0.055555556,0.23570226,0.055555556,0.23570226
26_05_02.bmp,3.8333333333333335,0.222222222,0.427792632,0.277777778,0.460888599,0.166666667,0.383482494,0.0,0.0,0.111111111,0.323380833,0.0,0.0,0.111111111,0.323380833
33_05_01.bmp,3.4444444444444446,0.055555556,0.23570226,0.388888889,0.501631326,0.0,0.0,0.0,0.0,0.5,0.514495755,0.0,0.0,0.0,0.0
27_04_05.bmp,2.0,0.277777778,0.460888599,0.444444444,0.511309993,0.166666667,0.383482494,0.055555556,0.23570226,0.333333333,0.48507125,0.166666667,0.383482494,0.055555556,0.23570226
18_22_01.bmp,2.7222222222222223,0.222222222,0.427792632,0.555555556,0.511309993,0.166666667,0.383482494,0.111111111,0.323380833,0.0,0.0,0.111111111,0.323380833,0.055555556,0.23570226
33_06_04.bmp,1.9444444444444444,0.277777778,0.460888599,0.444444444,0.511309993,0.166666667,0.383482494,0.055555556,0.23570226,0.388888889,0.501631326,0.055555556,0.23570226,0.055555556,0.23570226
18_20_04.bmp,1.7777777777777777,0.611111111,0.501631326,0.277777778,0.460888599,0.222222222,0.427792632,0.333333333,0.48507125,0.0,0.0,0.0,0.0,0.055555556,0.23570226
23_06_01.bmp,3.055555555555556,0.277777778,0.460888599,0.444444444,0.511309993,0.222222222,0.427792632,0.0,0.0,0.277777778,0.460888599,0.111111111,0.323380833,0.0,0.0
16_10_05.bmp,2.2222222222222223,0.833333333,0.383482494,0.222222222,0.427792632,0.0,0.0,0.0,0.0,0.333333333,0.48507125,0.388888889,0.501631326,0.0,0.0
23_22_05.bmp,1.8333333333333333,0.222222222,0.427792632,0.833333333,0.383482494,0.055555556,0.23570226,0.055555556,0.23570226,0.222222222,0.427792632,0.0,0.0,0.055555556,0.23570226
25_12_01.bmp,3.055555555555556,0.5,0.514495755,0.388888889,0.501631326,0.055555556,0.23570226,0.0,0.0,0.111111111,0.323380833,0.111111111,0.323380833,0.055555556,0.23570226
09_07_01.bmp,3.055555555555556,0.166666667,0.383482494,0.611111111,0.501631326,0.055555556,0.23570226,0.055555556,0.23570226,0.166666667,0.383482494,0.055555556,0.23570226,0.0,0.0
37_15_05.bmp,2.4444444444444446,0.166666667,0.383482494,0.444444444,0.511309993,0.0,0.0,0.722222222,0.460888599,0.166666667,0.383482494,0.055555556,0.23570226,0.055555556,0.23570226
0872.jpg,3.6666666666666665,0.055555556,0.23570226,0.5,0.514495755,0.0,0.0,0.0,0.0,0.166666667,0.383482494,0.0,0.0,0.055555556,0.23570226
08_04_04.bmp,3.2777777777777777,0.277777778,0.460888599,0.222222222,0.427792632,0.166666667,0.383482494,0.111111111,0.323380833,0.166666667,0.383482494,0.166666667,0.383482494,0.0,0.0
24_16_04.bmp,2.055555555555556,0.166666667,0.383482494,0.777777778,0.427792632,0.055555556,0.23570226,0.0,0.0,0.055555556,0.23570226,0.055555556,0.23570226,0.055555556,0.23570226
07_25_02.bmp,2.611111111111111,0.055555556,0.23570226,0.277777778,0.460888599,0.111111111,0.323380833,0.0,0.0,0.055555556,0.23570226,0.0,0.0,0.944444444,0.23570226
37_18_04.bmp,3.0,0.111111111,0.323380833,0.666666667,0.48507125,0.0,0.0,0.055555556,0.23570226,0.111111111,0.323380833,0.055555556,0.23570226,0.0,0.0
30_10_03.bmp,2.7777777777777777,0.666666667,0.48507125,0.166666667,0.383482494,0.055555556,0.23570226,0.0,0.0,0.333333333,0.48507125,0.0,0.0,0.0,0.0
0172.jpg,2.833333333333333,0.111111111,0.323380833,0.277777778,0.460888599,0.777777778,0.427792632,0.0,0.0,0.222222222,0.427792632,0.0,0.0,0.0,0.0
0953.jpg,3.555555555555556,0.166666667,0.383482494,0.166666667,0.383482494,0.0,0.0,0.611111111,0.501631326,0.166666667,0.383482494,0.0,0.0,0.111111111,0.323380833
06_20_05.bmp,1.7777777777777777,0.777777778,0.427792632,0.222222222,0.427792632,0.111111111,0.323380833,0.055555556,0.23570226,0.111111111,0.323380833,0.111111111,0.323380833,0.055555556,0.23570226
06_13_05.bmp,2.9444444444444446,0.111111111,0.323380833,0.055555556,0.23570226,0.722222222,0.460888599,0.0,0.0,0.0,0.0,0.055555556,0.23570226,0.111111111,0.323380833
0794.jpg,3.555555555555556,0.0,0.0,0.611111111,0.501631326,0.0,0.0,0.055555556,0.23570226,0.222222222,0.427792632,0.0,0.0,0.055555556,0.23570226
25_10_04.bmp,2.2222222222222223,0.777777778,0.427792632,0.333333333,0.48507125,0.166666667,0.383482494,0.055555556,0.23570226,0.166666667,0.383482494,0.0,0.0,0.0,0.0
19_12_01.bmp,3.2777777777777777,0.277777778,0.460888599,0.333333333,0.48507125,0.111111111,0.323380833,0.0,0.0,0.166666667,0.383482494,0.111111111,0.323380833,0.055555556,0.23570226
0889.jpg,3.888888888888889,0.222222222,0.427792632,0.444444444,0.511309993,0.0,0.0,0.0,0.0,0.166666667,0.383482494,0.055555556,0.23570226,0.0,0.0
05_10_02.bmp,2.555555555555556,0.722222222,0.460888599,0.444444444,0.511309993,0.055555556,0.23570226,0.0,0.0,0.055555556,0.23570226,0.111111111,0.323380833,0.055555556,0.23570226
01360.jpg,4.277777777777778,0.055555556,0.23570226,0.388888889,0.501631326,0.222222222,0.427792632,0.055555556,0.23570226,0.0,0.0,0.0,0.0,0.0,0.0
35_10_04.bmp,2.0,0.777777778,0.427792632,0.5,0.514495755,0.055555556,0.23570226,0.055555556,0.23570226,0.111111111,0.323380833,0.055555556,0.23570226,0.055555556,0.23570226
0771.jpg,3.5,0.111111111,0.323380833,0.444444444,0.511309993,0.055555556,0.23570226,0.0,0.0,0.166666667,0.383482494,0.055555556,0.23570226,0.055555556,0.23570226
0911.jpg,3.9444444444444446,0.166666667,0.383482494,0.444444444,0.511309993,0.0,0.0,0.055555556,0.23570226,0.166666667,0.383482494,0.0,0.0,0.0,0.0
26_01_04.bmp,2.7777777777777777,0.0,0.0,0.888888889,0.323380833,0.055555556,0.23570226,0.0,0.0,0.055555556,0.23570226,0.0,0.0,0.0,0.0
01_07_03.bmp,2.7777777777777777,0.222222222,0.427792632,0.722222222,0.460888599,0.111111111,0.323380833,0.0,0.0,0.0,0.0,0.0,0.0,0.111111111,0.323380833
36_08_05.bmp,2.0,0.222222222,0.427792632,0.833333333,0.383482494,0.166666667,0.383482494,0.0,0.0,0.0,0.0,0.055555556,0.23570226,0.111111111,0.323380833
26_06_02.bmp,3.611111111111111,0.055555556,0.23570226,0.166666667,0.383482494,0.277777778,0.460888599,0.055555556,0.23570226,0.055555556,0.23570226,0.0,0.0,0.055555556,0.23570226
17_23_01.bmp,3.055555555555556,0.055555556,0.23570226,0.111111111,0.323380833,0.055555556,0.23570226,0.777777778,0.427792632,0.166666667,0.383482494,0.0,0.0,0.111111111,0.323380833
0514.jpg,2.2222222222222223,0.111111111,0.323380833,0.555555556,0.511309993,0.0,0.0,0.555555556,0.511309993,0.722222222,0.460888599,0.0,0.0,0.0,0.0
23_19_02.bmp,2.7777777777777777,0.166666667,0.383482494,0.277777778,0.460888599,0.5,0.514495755,0.055555556,0.23570226,0.277777778,0.460888599,0.0,0.0,0.0,0.0
0218.jpg,2.1666666666666665,0.055555556,0.23570226,0.277777778,0.460888599,0.0,0.0,0.833333333,0.383482494,0.055555556,0.23570226,0.0,0.0,0.055555556,0.23570226
0405.jpg,2.888888888888889,0.055555556,0.23570226,0.833333333,0.383482494,0.0,0.0,0.055555556,0.23570226,0.111111111,0.323380833,0.0,0.0,0.055555556,0.23570226
33_09_05.bmp,2.388888888888889,0.888888889,0.323380833,0.388888889,0.501631326,0.0,0.0,0.0,0.0,0.333333333,0.48507125,0.0,0.0,0.0,0.0
23_12_04.bmp,2.4444444444444446,0.722222222,0.460888599,0.277777778,0.460888599,0.111111111,0.323380833,0.0,0.0,0.222222222,0.427792632,0.055555556,0.23570226,0.0,0.0
06_12_03.bmp,2.833333333333333,0.722222222,0.460888599,0.166666667,0.383482494,0.055555556,0.23570226,0.0,0.0,0.055555556,0.23570226,0.111111111,0.323380833,0.055555556,0.23570226
0120.jpg,2.9444444444444446,0.111111111,0.323380833,0.277777778,0.460888599,0.944444444,0.23570226,0.0,0.0,0.111111111,0.323380833,0.055555556,0.23570226,0.0,0.0
34_08_04.bmp,2.388888888888889,0.111111111,0.323380833,0.777777778,0.427792632,0.111111111,0.323380833,0.0,0.0,0.055555556,0.23570226,0.0,0.0,0.111111111,0.323380833
22_06_02.bmp,2.7222222222222223,0.388888889,0.501631326,0.444444444,0.511309993,0.222222222,0.427792632,0.0,0.0,0.166666667,0.383482494,0.222222222,0.427792632,0.0,0.0
03_15_05.bmp,3.388888888888889,0.111111111,0.323380833,0.111111111,0.323380833,0.055555556,0.23570226,0.333333333,0.48507125,0.111111111,0.323380833,0.055555556,0.23570226,0.0,0.0
23_12_02.bmp,3.111111111111111,0.5,0.514495755,0.277777778,0.460888599,0.055555556,0.23570226,0.0,0.0,0.277777778,0.460888599,0.055555556,0.23570226,0.055555556,0.23570226
19_15_05.bmp,2.833333333333333,0.055555556,0.23570226,0.222222222,0.427792632,0.0,0.0,0.333333333,0.48507125,0.111111111,0.323380833,0.111111111,0.323380833,0.111111111,0.323380833
1087.jpg,2.611111111111111,0.0,0.0,0.055555556,0.23570226,0.0,0.0,0.0,0.0,0.388888889,0.501631326,0.833333333,0.383482494,0.111111111,0.323380833
17_13_05.bmp,1.9444444444444444,0.055555556,0.23570226,0.111111111,0.323380833,0.888888889,0.323380833,0.055555556,0.23570226,0.166666667,0.383482494,0.0,0.0,0.0,0.0
07_16_01.bmp,3.7777777777777777,0.166666667,0.383482494,0.333333333,0.48507125,0.0,0.0,0.111111111,0.323380833,0.055555556,0.23570226,0.055555556,0.23570226,0.055555556,0.23570226
27_10_05.bmp,2.1666666666666665,0.666666667,0.48507125,0.333333333,0.48507125,0.0,0.0,0.055555556,0.23570226,0.444444444,0.511309993,0.111111111,0.323380833,0.055555556,0.23570226
13_23_02.bmp,3.0,0.0,0.0,0.111111111,0.323380833,0.055555556,0.23570226,0.777777778,0.427792632,0.055555556,0.23570226,0.0,0.0,0.166666667,0.383482494
08_23_03.bmp,3.0,0.166666667,0.383482494,0.055555556,0.23570226,0.0,0.0,0.722222222,0.460888599,0.0,0.0,0.0,0.0,0.0,0.0
08_17_01.bmp,3.7222222222222223,0.277777778,0.460888599,0.111111111,0.323380833,0.111111111,0.323380833,0.055555556,0.23570226,0.166666667,0.383482494,0.055555556,0.23570226,0.055555556,0.23570226
35_17_01.bmp,2.7777777777777777,0.166666667,0.383482494,0.5,0.514495755,0.055555556,0.23570226,0.0,0.0,0.166666667,0.383482494,0.111111111,0.323380833,0.277777778,0.460888599
34_15_04.bmp,3.1666666666666665,0.166666667,0.383482494,0.444444444,0.511309993,0.277777778,0.460888599,0.0,0.0,0.0,0.0,0.0,0.0,0.055555556,0.23570226
12_09_04.bmp,2.4444444444444446,0.722222222,0.460888599,0.166666667,0.383482494,0.055555556,0.23570226,0.055555556,0.23570226,0.111111111,0.323380833,0.0,0.0,0.055555556,0.23570226
0319.jpg,1.7777777777777777,0.055555556,0.23570226,0.944444444,0.23570226,0.055555556,0.23570226,0.111111111,0.323380833,0.222222222,0.427792632,0.0,0.0,0.055555556,0.23570226
16_06_04.bmp,2.0,0.333333333,0.48507125,0.166666667,0.383482494,0.166666667,0.383482494,0.111111111,0.323380833,0.277777778,0.460888599,0.444444444,0.511309993,0.055555556,0.23570226
0326.jpg,2.5,0.166666667,0.383482494,0.833333333,0.383482494,0.055555556,0.23570226,0.111111111,0.323380833,0.055555556,0.23570226,0.0,0.0,0.055555556,0.23570226
03_17_05.bmp,2.2222222222222223,0.111111111,0.323380833,0.333333333,0.48507125,0.0,0.0,0.055555556,0.23570226,0.222222222,0.427792632,0.111111111,0.323380833,0.333333333,0.48507125
17_15_04.bmp,2.833333333333333,0.111111111,0.323380833,0.222222222,0.427792632,0.055555556,0.23570226,0.111111111,0.323380833,0.222222222,0.427792632,0.055555556,0.23570226,0.055555556,0.23570226
21_14_03.bmp,3.0,0.055555556,0.23570226,0.277777778,0.460888599,0.166666667,0.383482494,0.555555556,0.511309993,0.0,0.0,0.0,0.0,0.0,0.0
01434.jpg,3.888888888888889,0.0,0.0,0.5,0.514495755,0.055555556,0.23570226,0.0,0.0,0.0,0.0,0.055555556,0.23570226,0.0,0.0
34_06_03.bmp,2.2222222222222223,0.333333333,0.48507125,0.388888889,0.501631326,0.277777778,0.460888599,0.111111111,0.323380833,0.0,0.0,0.166666667,0.383482494,0.111111111,0.323380833
18_23_03.bmp,2.6666666666666665,0.111111111,0.323380833,0.166666667,0.383482494,0.0,0.0,0.777777778,0.427792632,0.0,0.0,0.055555556,0.23570226,0.166666667,0.383482494
34_03_04.bmp,2.0,0.0,0.0,0.888888889,0.323380833,0.166666667,0.383482494,0.055555556,0.23570226,0.055555556,0.23570226,0.0,0.0,0.055555556,0.23570226
0551.jpg,2.7222222222222223,0.111111111,0.323380833,0.5,0.514495755,0.0,0.0,0.055555556,0.23570226,0.777777778,0.427792632,0.0,0.0,0.055555556,0.23570226
19_19_01.bmp,3.2222222222222223,0.166666667,0.383482494,0.277777778,0.460888599,0.222222222,0.427792632,0.0,0.0,0.111111111,0.323380833,0.111111111,0.323380833,0.055555556,0.23570226
27_03_04.bmp,2.611111111111111,0.055555556,0.23570226,0.777777778,0.427792632,0.0,0.0,0.111111111,0.323380833,0.388888889,0.501631326,0.0,0.0,0.0,0.0
04_05_02.bmp,2.611111111111111,0.277777778,0.460888599,0.722222222,0.460888599,0.166666667,0.383482494,0.0,0.0,0.166666667,0.383482494,0.055555556,0.23570226,0.055555556,0.23570226
19_07_04.bmp,1.5555555555555556,0.222222222,0.427792632,0.777777778,0.427792632,0.055555556,0.23570226,0.055555556,0.23570226,0.055555556,0.23570226,0.111111111,0.323380833,0.0,0.0
14_13_03.bmp,3.055555555555556,0.111111111,0.323380833,0.222222222,0.427792632,0.722222222,0.460888599,0.0,0.0,0.0,0.0,0.111111111,0.323380833,0.111111111,0.323380833
03_01_05.bmp,1.7222222222222223,0.055555556,0.23570226,0.944444444,0.23570226,0.0,0.0,0.055555556,0.23570226,0.166666667,0.383482494,0.0,0.0,0.0,0.0
08_20_03.bmp,2.4444444444444446,0.5,0.514495755,0.222222222,0.427792632,0.277777778,0.460888599,0.277777778,0.460888599,0.055555556,0.23570226,0.055555556,0.23570226,0.055555556,0.23570226
36_15_03.bmp,3.055555555555556,0.055555556,0.23570226,0.611111111,0.501631326,0.333333333,0.48507125,0.0,0.0,0.055555556,0.23570226,0.0,0.0,0.055555556,0.23570226
17_22_04.bmp,2.2222222222222223,0.277777778,0.460888599,0.777777778,0.427792632,0.0,0.0,0.055555556,0.23570226,0.166666667,0.383482494,0.055555556,0.23570226,0.0,0.0
30_20_05.bmp,1.7777777777777777,0.611111111,0.501631326,0.444444444,0.511309993,0.111111111,0.323380833,0.222222222,0.427792632,0.277777778,0.460888599,0.055555556,0.23570226,0.0,0.0
09_25_03.bmp,2.7222222222222223,0.111111111,0.323380833,0.055555556,0.23570226,0.055555556,0.23570226,0.055555556,0.23570226,0.055555556,0.23570226,0.055555556,0.23570226,0.833333333,0.383482494
08_18_05.bmp,2.1666666666666665,0.388888889,0.501631326,0.611111111,0.501631326,0.0,0.0,0.0,0.0,0.055555556,0.23570226,0.055555556,0.23570226,0.055555556,0.23570226
10_02_05.bmp,1.4444444444444444,0.0,0.0,0.833333333,0.383482494,0.055555556,0.23570226,0.0,0.0,0.277777778,0.460888599,0.222222222,0.427792632,0.0,0.0
20_17_02.bmp,2.833333333333333,0.111111111,0.323380833,0.444444444,0.511309993,0.111111111,0.323380833,0.0,0.0,0.166666667,0.383482494,0.166666667,0.383482494,0.166666667,0.383482494
04_18_03.bmp,2.111111111111111,0.222222222,0.427792632,0.833333333,0.383482494,0.055555556,0.23570226,0.0,0.0,0.111111111,0.323380833,0.055555556,0.23570226,0.055555556,0.23570226
05_16_02.bmp,3.111111111111111,0.111111111,0.323380833,0.388888889,0.501631326,0.111111111,0.323380833,0.0,0.0,0.055555556,0.23570226,0.111111111,0.323380833,0.055555556,0.23570226
26_23_03.bmp,2.7777777777777777,0.055555556,0.23570226,0.0,0.0,0.166666667,0.383482494,0.666666667,0.48507125,0.055555556,0.23570226,0.0,0.0,0.166666667,0.383482494
0469.jpg,3.055555555555556,0.0,0.0,0.5,0.514495755,0.055555556,0.23570226,0.166666667,0.383482494,0.555555556,0.511309993,0.0,0.0,0.111111111,0.323380833
32_16_03.bmp,2.7777777777777777,0.055555556,0.23570226,0.611111111,0.501631326,0.111111111,0.323380833,0.055555556,0.23570226,0.444444444,0.511309993,0.055555556,0.23570226,0.0,0.0
0965.jpg,2.833333333333333,0.0,0.0,0.555555556,0.511309993,0.055555556,0.23570226,0.611111111,0.501631326,0.055555556,0.23570226,0.0,0.0,0.055555556,0.23570226
25_25_02.bmp,2.4444444444444446,0.055555556,0.23570226,0.111111111,0.323380833,0.111111111,0.323380833,0.0,0.0,0.111111111,0.323380833,0.0,0.0,0.944444444,0.23570226
01396.jpg,2.7777777777777777,0.111111111,0.323380833,0.833333333,0.383482494,0.111111111,0.323380833,0.0,0.0,0.0,0.0,0.0,0.0,0.055555556,0.23570226
20_15_03.bmp,3.111111111111111,0.111111111,0.323380833,0.388888889,0.501631326,0.222222222,0.427792632,0.0,0.0,0.166666667,0.383482494,0.055555556,0.23570226,0.055555556,0.23570226
0433.jpg,2.888888888888889,0.111111111,0.323380833,0.777777778,0.427792632,0.0,0.0,0.111111111,0.323380833,0.0,0.0,0.0,0.0,0.055555556,0.23570226
06_13_02.bmp,3.888888888888889,0.111111111,0.323380833,0.222222222,0.427792632,0.277777778,0.460888599,0.0,0.0,0.0,0.0,0.0,0.0,0.111111111,0.323380833
30_24_05.bmp,1.4444444444444444,0.0,0.0,0.888888889,0.323380833,0.055555556,0.23570226,0.0,0.0,0.166666667,0.383482494,0.0,0.0,0.111111111,0.323380833
18_11_02.bmp,2.833333333333333,0.555555556,0.511309993,0.277777778,0.460888599,0.222222222,0.427792632,0.0,0.0,0.0,0.0,0.055555556,0.23570226,0.055555556,0.23570226
37_05_03.bmp,2.7777777777777777,0.333333333,0.48507125,0.777777778,0.427792632,0.055555556,0.23570226,0.055555556,0.23570226,0.055555556,0.23570226,0.055555556,0.23570226,0.0,0.0
35_11_05.bmp,1.7777777777777777,0.944444444,0.23570226,0.388888889,0.501631326,0.111111111,0.323380833,0.0,0.0,0.055555556,0.23570226,0.055555556,0.23570226,0.055555556,0.23570226
28_01_01.bmp,3.333333333333333,0.111111111,0.323380833,0.555555556,0.511309993,0.166666667,0.383482494,0.0,0.0,0.166666667,0.383482494,0.0,0.0,0.055555556,0.23570226
29_06_01.bmp,2.2777777777777777,0.388888889,0.501631326,0.333333333,0.48507125,0.222222222,0.427792632,0.055555556,0.23570226,0.111111111,0.323380833,0.222222222,0.427792632,0.055555556,0.23570226
24_15_02.bmp,2.9444444444444446,0.055555556,0.23570226,0.166666667,0.383482494,0.611111111,0.501631326,0.0,0.0,0.055555556,0.23570226,0.0,0.0,0.0,0.0
01_07_02.bmp,2.888888888888889,0.166666667,0.383482494,0.666666667,0.48507125,0.111111111,0.323380833,0.055555556,0.23570226,0.0,0.0,0.0,0.0,0.055555556,0.23570226
0227.jpg,1.4444444444444444,0.222222222,0.427792632,0.444444444,0.511309993,0.0,0.0,0.888888889,0.323380833,0.055555556,0.23570226,0.0,0.0,0.0,0.0
17_21_02.bmp,1.9444444444444444,0.055555556,0.23570226,0.222222222,0.427792632,0.777777778,0.427792632,0.055555556,0.23570226,0.166666667,0.383482494,0.0,0.0,0.0,0.0
21_12_01.bmp,3.333333333333333,0.222222222,0.427792632,0.333333333,0.48507125,0.0,0.0,0.055555556,0.23570226,0.055555556,0.23570226,0.0,0.0,0.055555556,0.23570226
0247.jpg,1.8888888888888888,0.222222222,0.427792632,0.333333333,0.48507125,0.055555556,0.23570226,0.833333333,0.383482494,0.055555556,0.23570226,0.0,0.0,0.0,0.0
17_10_03.bmp,2.7222222222222223,0.777777778,0.427792632,0.222222222,0.427792632,0.111111111,0.323380833,0.0,0.0,0.222222222,0.427792632,0.111111111,0.323380833,0.055555556,0.23570226
09_13_01.bmp,3.4444444444444446,0.166666667,0.383482494,0.388888889,0.501631326,0.166666667,0.383482494,0.0,0.0,0.111111111,0.323380833,0.111111111,0.323380833,0.0,0.0
10_13_02.bmp,3.055555555555556,0.055555556,0.23570226,0.388888889,0.501631326,0.166666667,0.383482494,0.0,0.0,0.388888889,0.501631326,0.222222222,0.427792632,0.111111111,0.323380833
04_09_01.bmp,2.7777777777777777,0.333333333,0.48507125,0.555555556,0.511309993,0.055555556,0.23570226,0.0,0.0,0.222222222,0.427792632,0.0,0.0,0.111111111,0.323380833
0093.jpg,2.2777777777777777,0.055555556,0.23570226,0.611111111,0.501631326,0.944444444,0.23570226,0.0,0.0,0.055555556,0.23570226,0.0,0.0,0.0,0.0
34_09_01.bmp,3.2222222222222223,0.444444444,0.511309993,0.444444444,0.511309993,0.111111111,0.323380833,0.0,0.0,0.0,0.0,0.055555556,0.23570226,0.055555556,0.23570226
0814.jpg,3.388888888888889,0.055555556,0.23570226,0.444444444,0.511309993,0.0,0.0,0.0,0.0,0.111111111,0.323380833,0.111111111,0.323380833,0.055555556,0.23570226
13_04_02.bmp,3.7222222222222223,0.055555556,0.23570226,0.277777778,0.460888599,0.055555556,0.23570226,0.0,0.0,0.222222222,0.427792632,0.055555556,0.23570226,0.111111111,0.323380833
27_04_04.bmp,2.2777777777777777,0.333333333,0.48507125,0.444444444,0.511309993,0.111111111,0.323380833,0.111111111,0.323380833,0.333333333,0.48507125,0.111111111,0.323380833,0.0,0.0
04_23_03.bmp,2.555555555555556,0.166666667,0.383482494,0.388888889,0.501631326,0.0,0.0,0.833333333,0.383482494,0.111111111,0.323380833,0.055555556,0.23570226,0.055555556,0.23570226
0856.jpg,3.555555555555556,0.111111111,0.323380833,0.444444444,0.511309993,0.0,0.0,0.0,0.0,0.222222222,0.427792632,0.055555556,0.23570226,0.0,0.0
33_21_04.bmp,2.0,0.111111111,0.323380833,0.555555556,0.511309993,0.222222222,0.427792632,0.444444444,0.511309993,0.333333333,0.48507125,0.0,0.0,0.0,0.0
16_22_01.bmp,3.111111111111111,0.166666667,0.383482494,0.388888889,0.501631326,0.055555556,0.23570226,0.055555556,0.23570226,0.388888889,0.501631326,0.333333333,0.48507125,0.0,0.0
18_01_02.bmp,2.888888888888889,0.166666667,0.383482494,0.666666667,0.48507125,0.055555556,0.23570226,0.055555556,0.23570226,0.0,0.0,0.0,0.0,0.055555556,0.23570226
10_03_03.bmp,2.5,0.055555556,0.23570226,0.833333333,0.383482494,0.055555556,0.23570226,0.0,0.0,0.333333333,0.48507125,0.222222222,0.427792632,0.0,0.0
37_07_01.bmp,3.388888888888889,0.111111111,0.323380833,0.611111111,0.501631326,0.0,0.0,0.055555556,0.23570226,0.111111111,0.323380833,0.111111111,0.323380833,0.0,0.0
01397.jpg,3.1666666666666665,0.0,0.0,0.833333333,0.383482494,0.111111111,0.323380833,0.055555556,0.23570226,0.0,0.0,0.055555556,0.23570226,0.0,0.0
09_14_05.bmp,1.3888888888888888,0.277777778,0.460888599,0.277777778,0.460888599,0.055555556,0.23570226,0.611111111,0.501631326,0.166666667,0.383482494,0.111111111,0.323380833,0.0,0.0
08_24_05.bmp,1.5555555555555556,0.0,0.0,0.944444444,0.23570226,0.0,0.0,0.0,0.0,0.055555556,0.23570226,0.0,0.0,0.0,0.0
34_14_03.bmp,3.1666666666666665,0.166666667,0.383482494,0.444444444,0.511309993,0.333333333,0.48507125,0.055555556,0.23570226,0.055555556,0.23570226,0.0,0.0,0.055555556,0.23570226
29_16_04.bmp,2.4444444444444446,0.222222222,0.427792632,0.888888889,0.323380833,0.0,0.0,0.0,0.0,0.055555556,0.23570226,0.055555556,0.23570226,0.0,0.0
17_25_05.bmp,1.8333333333333333,0.055555556,0.23570226,0.0,0.0,0.055555556,0.23570226,0.055555556,0.23570226,0.166666667,0.383482494,0.055555556,0.23570226,0.833333333,0.383482494
15_22_01.bmp,3.111111111111111,0.166666667,0.383482494,0.5,0.514495755,0.166666667,0.383482494,0.0,0.0,0.277777778,0.460888599,0.0,0.0,0.055555556,0.23570226
01285.jpg,4.166666666666667,0.166666667,0.383482494,0.111111111,0.323380833,0.055555556,0.23570226,0.0,0.0,0.111111111,0.323380833,0.055555556,0.23570226,0.0,0.0
0500.jpg,2.6666666666666665,0.055555556,0.23570226,0.388888889,0.501631326,0.0,0.0,0.5,0.514495755,0.833333333,0.383482494,0.055555556,0.23570226,0.0,0.0
24_03_01.bmp,3.611111111111111,0.111111111,0.323380833,0.444444444,0.511309993,0.111111111,0.323380833,0.0,0.0,0.055555556,0.23570226,0.0,0.0,0.0,0.0
32_24_02.bmp,2.6666666666666665,0.055555556,0.23570226,0.722222222,0.460888599,0.111111111,0.323380833,0.111111111,0.323380833,0.333333333,0.48507125,0.055555556,0.23570226,0.055555556,0.23570226
30_05_01.bmp,3.4444444444444446,0.166666667,0.383482494,0.277777778,0.460888599,0.0,0.0,0.0,0.0,0.333333333,0.48507125,0.055555556,0.23570226,0.0,0.0
01242.jpg,3.333333333333333,0.222222222,0.427792632,0.277777778,0.460888599,0.388888889,0.501631326,0.0,0.0,0.555555556,0.511309993,0.0,0.0,0.0,0.0
28_03_03.bmp,3.1666666666666665,0.055555556,0.23570226,0.722222222,0.460888599,0.055555556,0.23570226,0.055555556,0.23570226,0.166666667,0.383482494,0.0,0.0,0.0,0.0
0791.jpg,3.333333333333333,0.055555556,0.23570226,0.333333333,0.48507125,0.0,0.0,0.055555556,0.23570226,0.222222222,0.427792632,0.277777778,0.460888599,0.055555556,0.23570226
0798.jpg,3.1666666666666665,0.055555556,0.23570226,0.611111111,0.501631326,0.0,0.0,0.055555556,0.23570226,0.111111111,0.323380833,0.055555556,0.23570226,0.055555556,0.23570226
34_04_01.bmp,3.4444444444444446,0.055555556,0.23570226,0.444444444,0.511309993,0.166666667,0.383482494,0.055555556,0.23570226,0.0,0.0,0.055555556,0.23570226,0.055555556,0.23570226
11_09_04.bmp,2.2222222222222223,0.888888889,0.323380833,0.277777778,0.460888599,0.0,0.0,0.055555556,0.23570226,0.333333333,0.48507125,0.055555556,0.23570226,0.0,0.0
05_01_01.bmp,3.5,0.166666667,0.383482494,0.388888889,0.501631326,0.333333333,0.48507125,0.0,0.0,0.0,0.0,0.055555556,0.23570226,0.055555556,0.23570226
09_19_01.bmp,3.5,0.166666667,0.383482494,0.444444444,0.511309993,0.111111111,0.323380833,0.055555556,0.23570226,0.111111111,0.323380833,0.055555556,0.23570226,0.055555556,0.23570226
0574.jpg,3.1666666666666665,0.111111111,0.323380833,0.277777778,0.460888599,0.0,0.0,0.055555556,0.23570226,0.555555556,0.511309993,0.055555556,0.23570226,0.111111111,0.323380833
04_16_05.bmp,1.7777777777777777,0.277777778,0.460888599,0.944444444,0.23570226,0.0,0.0,0.0,0.0,0.166666667,0.383482494,0.0,0.0,0.0,0.0
0584.jpg,3.0,0.055555556,0.23570226,0.222222222,0.427792632,0.0,0.0,0.388888889,0.501631326,0.388888889,0.501631326,0.111111111,0.323380833,0.055555556,0.23570226
0618.jpg,2.4444444444444446,0.111111111,0.323380833,0.722222222,0.460888599,0.055555556,0.23570226,0.166666667,0.383482494,0.0,0.0,0.166666667,0.383482494,0.055555556,0.23570226
16_11_05.bmp,2.388888888888889,0.888888889,0.323380833,0.166666667,0.383482494,0.055555556,0.23570226,0.055555556,0.23570226,0.333333333,0.48507125,0.333333333,0.48507125,0.0,0.0
20_13_04.bmp,2.2777777777777777,0.055555556,0.23570226,0.111111111,0.323380833,0.888888889,0.323380833,0.0,0.0,0.055555556,0.23570226,0.055555556,0.23570226,0.055555556,0.23570226
31_05_02.bmp,3.0,0.277777778,0.460888599,0.777777778,0.427792632,0.055555556,0.23570226,0.0,0.0,0.277777778,0.460888599,0.0,0.0,0.055555556,0.23570226
14_15_05.bmp,3.388888888888889,0.111111111,0.323380833,0.277777778,0.460888599,0.0,0.0,0.222222222,0.427792632,0.055555556,0.23570226,0.055555556,0.23570226,0.055555556,0.23570226
09_17_01.bmp,3.2777777777777777,0.166666667,0.383482494,0.5,0.514495755,0.055555556,0.23570226,0.055555556,0.23570226,0.166666667,0.383482494,0.055555556,0.23570226,0.222222222,0.427792632
02_10_03.bmp,2.611111111111111,0.777777778,0.427792632,0.388888889,0.501631326,0.0,0.0,0.0,0.0,0.555555556,0.511309993,0.111111111,0.323380833,0.0,0.0
0707.jpg,3.2222222222222223,0.111111111,0.323380833,0.388888889,0.501631326,0.0,0.0,0.055555556,0.23570226,0.444444444,0.511309993,0.111111111,0.323380833,0.0,0.0
26_10_03.bmp,3.388888888888889,0.5,0.514495755,0.111111111,0.323380833,0.111111111,0.323380833,0.0,0.0,0.055555556,0.23570226,0.0,0.0,0.0,0.0
0322.jpg,2.4444444444444446,0.055555556,0.23570226,0.888888889,0.323380833,0.0,0.0,0.166666667,0.383482494,0.055555556,0.23570226,0.0,0.0,0.111111111,0.323380833
01_12_05.bmp,1.8333333333333333,0.777777778,0.427792632,0.666666667,0.48507125,0.111111111,0.323380833,0.055555556,0.23570226,0.055555556,0.23570226,0.0,0.0,0.111111111,0.323380833
0419.jpg,2.2222222222222223,0.111111111,0.323380833,0.888888889,0.323380833,0.055555556,0.23570226,0.166666667,0.383482494,0.055555556,0.23570226,0.0,0.0,0.0,0.0
06_25_05.bmp,1.8888888888888888,0.055555556,0.23570226,0.055555556,0.23570226,0.111111111,0.323380833,0.0,0.0,0.0,0.0,0.0,0.0,0.944444444,0.23570226
20_13_05.bmp,1.8333333333333333,0.055555556,0.23570226,0.166666667,0.383482494,0.944444444,0.23570226,0.0,0.0,0.055555556,0.23570226,0.0,0.0,0.0,0.0
30_15_05.bmp,2.555555555555556,0.055555556,0.23570226,0.333333333,0.48507125,0.0,0.0,0.5,0.514495755,0.277777778,0.460888599,0.055555556,0.23570226,0.055555556,0.23570226
13_16_03.bmp,2.833333333333333,0.166666667,0.383482494,0.5,0.514495755,0.055555556,0.23570226,0.055555556,0.23570226,0.111111111,0.323380833,0.0,0.0,0.0,0.0
0982.jpg,3.2777777777777777,0.055555556,0.23570226,0.277777778,0.460888599,0.055555556,0.23570226,0.666666667,0.48507125,0.111111111,0.323380833,0.0,0.0,0.055555556,0.23570226
33_11_01.bmp,3.2222222222222223,0.388888889,0.501631326,0.277777778,0.460888599,0.0,0.0,0.055555556,0.23570226,0.444444444,0.511309993,0.055555556,0.23570226,0.0,0.0
01154.jpg,2.7777777777777777,0.111111111,0.323380833,0.888888889,0.323380833,0.111111111,0.323380833,0.0,0.0,0.277777778,0.460888599,0.0,0.0,0.111111111,0.323380833
04_18_01.bmp,2.2777777777777777,0.222222222,0.427792632,0.777777778,0.427792632,0.166666667,0.383482494,0.0,0.0,0.222222222,0.427792632,0.055555556,0.23570226,0.111111111,0.323380833
33_09_03.bmp,2.7222222222222223,0.666666667,0.48507125,0.277777778,0.460888599,0.0,0.0,0.0,0.0,0.388888889,0.501631326,0.0,0.0,0.055555556,0.23570226
0065.jpg,3.333333333333333,0.055555556,0.23570226,0.388888889,0.501631326,0.555555556,0.511309993,0.0,0.0,0.166666667,0.383482494,0.055555556,0.23570226,0.0,0.0
12_19_01.bmp,3.4444444444444446,0.111111111,0.323380833,0.333333333,0.48507125,0.166666667,0.383482494,0.0,0.0,0.055555556,0.23570226,0.0,0.0,0.0,0.0
21_25_02.bmp,2.833333333333333,0.111111111,0.323380833,0.111111111,0.323380833,0.0,0.0,0.0,0.0,0.055555556,0.23570226,0.0,0.0,0.888888889,0.323380833
21_22_02.bmp,2.555555555555556,0.222222222,0.427792632,0.777777778,0.427792632,0.055555556,0.23570226,0.0,0.0,0.0,0.0,0.0,0.0,0.055555556,0.23570226
10_19_05.bmp,2.2777777777777777,0.055555556,0.23570226,0.277777778,0.460888599,0.833333333,0.383482494,0.0,0.0,0.166666667,0.383482494,0.111111111,0.323380833,0.0,0.0
33_18_04.bmp,2.5,0.111111111,0.323380833,0.666666667,0.48507125,0.0,0.0,0.0,0.0,0.5,0.514495755,0.055555556,0.23570226,0.0,0.0
0127.jpg,2.4444444444444446,0.111111111,0.323380833,0.277777778,0.460888599,0.888888889,0.323380833,0.111111111,0.323380833,0.055555556,0.23570226,0.055555556,0.23570226,0.055555556,0.23570226
32_12_01.bmp,2.7222222222222223,0.166666667,0.383482494,0.444444444,0.511309993,0.055555556,0.23570226,0.111111111,0.323380833,0.333333333,0.48507125,0.055555556,0.23570226,0.0,0.0
12_19_04.bmp,2.7777777777777777,0.111111111,0.323380833,0.222222222,0.427792632,0.722222222,0.460888599,0.111111111,0.323380833,0.0,0.0,0.0,0.0,0.0,0.0
10_04_03.bmp,2.6666666666666665,0.277777778,0.460888599,0.388888889,0.501631326,0.166666667,0.383482494,0.166666667,0.383482494,0.277777778,0.460888599,0.333333333,0.48507125,0.0,0.0
14_01_03.bmp,2.555555555555556,0.055555556,0.23570226,0.833333333,0.383482494,0.111111111,0.323380833,0.055555556,0.23570226,0.0,0.0,0.111111111,0.323380833,0.111111111,0.323380833
35_25_02.bmp,2.333333333333333,0.055555556,0.23570226,0.277777778,0.460888599,0.111111111,0.323380833,0.0,0.0,0.0,0.0,0.055555556,0.23570226,0.944444444,0.23570226
12_25_02.bmp,2.611111111111111,0.166666667,0.383482494,0.111111111,0.323380833,0.055555556,0.23570226,0.055555556,0.23570226,0.0,0.0,0.055555556,0.23570226,0.833333333,0.383482494
36_14_05.bmp,1.9444444444444444,0.333333333,0.48507125,0.444444444,0.511309993,0.111111111,0.323380833,0.388888889,0.501631326,0.055555556,0.23570226,0.055555556,0.23570226,0.055555556,0.23570226
0085.jpg,2.333333333333333,0.0,0.0,0.555555556,0.511309993,1.0,0.0,0.0,0.0,0.111111111,0.323380833,0.0,0.0,0.111111111,0.323380833
24_21_01.bmp,2.2777777777777777,0.222222222,0.427792632,0.333333333,0.48507125,0.611111111,0.501631326,0.055555556,0.23570226,0.111111111,0.323380833,0.055555556,0.23570226,0.0,0.0
03_02_03.bmp,2.611111111111111,0.111111111,0.323380833,0.888888889,0.323380833,0.0,0.0,0.0,0.0,0.111111111,0.323380833,0.0,0.0,0.0,0.0
33_06_03.bmp,2.0,0.277777778,0.460888599,0.388888889,0.501631326,0.222222222,0.427792632,0.0,0.0,0.388888889,0.501631326,0.055555556,0.23570226,0.111111111,0.323380833
10_15_01.bmp,2.4444444444444446,0.055555556,0.23570226,0.222222222,0.427792632,0.888888889,0.323380833,0.055555556,0.23570226,0.166666667,0.383482494,0.166666667,0.383482494,0.0,0.0
34_18_01.bmp,2.5,0.055555556,0.23570226,0.666666667,0.48507125,0.166666667,0.383482494,0.0,0.0,0.111111111,0.323380833,0.111111111,0.323380833,0.055555556,0.23570226
20_14_02.bmp,3.333333333333333,0.111111111,0.323380833,0.277777778,0.460888599,0.0,0.0,0.222222222,0.427792632,0.222222222,0.427792632,0.055555556,0.23570226,0.0,0.0
0392.jpg,2.611111111111111,0.111111111,0.323380833,0.777777778,0.427792632,0.0,0.0,0.166666667,0.383482494,0.111111111,0.323380833,0.055555556,0.23570226,0.0,0.0
11_03_04.bmp,2.1666666666666665,0.0,0.0,0.777777778,0.427792632,0.0,0.0,0.111111111,0.323380833,0.222222222,0.427792632,0.111111111,0.323380833,0.0,0.0
1097.jpg,2.833333333333333,0.111111111,0.323380833,0.111111111,0.323380833,0.0,0.0,0.055555556,0.23570226,0.222222222,0.427792632,0.055555556,0.23570226,0.833333333,0.383482494
05_09_04.bmp,2.055555555555556,0.888888889,0.323380833,0.333333333,0.48507125,0.055555556,0.23570226,0.055555556,0.23570226,0.055555556,0.23570226,0.055555556,0.23570226,0.111111111,0.323380833
0592.jpg,3.4444444444444446,0.055555556,0.23570226,0.222222222,0.427792632,0.055555556,0.23570226,0.111111111,0.323380833,0.444444444,0.511309993,0.055555556,0.23570226,0.055555556,0.23570226
09_21_03.bmp,2.888888888888889,0.111111111,0.323380833,0.222222222,0.427792632,0.5,0.514495755,0.055555556,0.23570226,0.111111111,0.323380833,0.0,0.0,0.055555556,0.23570226
32_07_01.bmp,2.7777777777777777,0.0,0.0,0.611111111,0.501631326,0.166666667,0.383482494,0.166666667,0.383482494,0.388888889,0.501631326,0.055555556,0.23570226,0.0,0.0
03_08_05.bmp,2.111111111111111,0.555555556,0.511309993,0.611111111,0.501631326,0.055555556,0.23570226,0.0,0.0,0.166666667,0.383482494,0.055555556,0.23570226,0.166666667,0.383482494
17_22_05.bmp,1.6111111111111112,0.222222222,0.427792632,0.833333333,0.383482494,0.0,0.0,0.111111111,0.323380833,0.222222222,0.427792632,0.055555556,0.23570226,0.0,0.0
22_04_04.bmp,2.2777777777777777,0.444444444,0.511309993,0.444444444,0.511309993,0.166666667,0.383482494,0.0,0.0,0.111111111,0.323380833,0.222222222,0.427792632,0.0,0.0
0664.jpg,3.388888888888889,0.111111111,0.323380833,0.611111111,0.501631326,0.0,0.0,0.111111111,0.323380833,0.055555556,0.23570226,0.0,0.0,0.055555556,0.23570226
09_02_05.bmp,1.3888888888888888,0.111111111,0.323380833,0.833333333,0.383482494,0.055555556,0.23570226,0.0,0.0,0.111111111,0.323380833,0.0,0.0,0.0,0.0
05_23_03.bmp,2.6666666666666665,0.111111111,0.323380833,0.277777778,0.460888599,0.0,0.0,0.777777778,0.427792632,0.0,0.0,0.055555556,0.23570226,0.111111111,0.323380833
35_24_02.bmp,2.2777777777777777,0.055555556,0.23570226,0.833333333,0.383482494,0.166666667,0.383482494,0.055555556,0.23570226,0.055555556,0.23570226,0.0,0.0,0.0,0.0
0890.jpg,3.7222222222222223,0.166666667,0.383482494,0.444444444,0.511309993,0.0,0.0,0.055555556,0.23570226,0.111111111,0.323380833,0.111111111,0.323380833,0.0,0.0
06_02_03.bmp,2.0,0.055555556,0.23570226,0.944444444,0.23570226,0.055555556,0.23570226,0.0,0.0,0.055555556,0.23570226,0.055555556,0.23570226,0.0,0.0
17_10_02.bmp,2.611111111111111,0.722222222,0.460888599,0.222222222,0.427792632,0.055555556,0.23570226,0.055555556,0.23570226,0.222222222,0.427792632,0.111111111,0.323380833,0.0,0.0
26_25_04.bmp,2.333333333333333,0.055555556,0.23570226,0.111111111,0.323380833,0.111111111,0.323380833,0.0,0.0,0.055555556,0.23570226,0.0,0.0,0.944444444,0.23570226
36_05_05.bmp,1.4444444444444444,0.277777778,0.460888599,0.833333333,0.383482494,0.111111111,0.323380833,0.0,0.0,0.055555556,0.23570226,0.0,0.0,0.055555556,0.23570226
13_18_01.bmp,2.9444444444444446,0.111111111,0.323380833,0.666666667,0.48507125,0.055555556,0.23570226,0.0,0.0,0.222222222,0.427792632,0.0,0.0,0.111111111,0.323380833
23_25_03.bmp,2.1666666666666665,0.055555556,0.23570226,0.055555556,0.23570226,0.0,0.0,0.055555556,0.23570226,0.111111111,0.323380833,0.0,0.0,0.888888889,0.323380833
12_06_02.bmp,2.9444444444444446,0.277777778,0.460888599,0.333333333,0.48507125,0.277777778,0.460888599,0.0,0.0,0.0,0.0,0.166666667,0.383482494,0.055555556,0.23570226
15_12_03.bmp,2.833333333333333,0.611111111,0.501631326,0.166666667,0.383482494,0.166666667,0.383482494,0.0,0.0,0.222222222,0.427792632,0.055555556,0.23570226,0.0,0.0
35_14_03.bmp,2.6666666666666665,0.111111111,0.323380833,0.555555556,0.511309993,0.055555556,0.23570226,0.388888889,0.501631326,0.055555556,0.23570226,0.0,0.0,0.055555556,0.23570226
0607.jpg,3.2777777777777777,0.055555556,0.23570226,0.444444444,0.511309993,0.0,0.0,0.055555556,0.23570226,0.222222222,0.427792632,0.055555556,0.23570226,0.111111111,0.323380833
01456.jpg,3.4444444444444446,0.055555556,0.23570226,0.666666667,0.48507125,0.111111111,0.323380833,0.0,0.0,0.055555556,0.23570226,0.111111111,0.323380833,0.444444444,0.511309993
0897.jpg,3.555555555555556,0.166666667,0.383482494,0.444444444,0.511309993,0.0,0.0,0.0,0.0,0.166666667,0.383482494,0.055555556,0.23570226,0.0,0.0
01316.jpg,3.055555555555556,0.388888889,0.501631326,0.5,0.514495755,0.055555556,0.23570226,0.111111111,0.323380833,0.611111111,0.501631326,0.055555556,0.23570226,0.055555556,0.23570226
31_05_04.bmp,2.2222222222222223,0.277777778,0.460888599,0.722222222,0.460888599,0.111111111,0.323380833,0.0,0.0,0.166666667,0.383482494,0.0,0.0,0.055555556,0.23570226
0813.jpg,3.555555555555556,0.055555556,0.23570226,0.444444444,0.511309993,0.0,0.0,0.0,0.0,0.333333333,0.48507125,0.055555556,0.23570226,0.0,0.0
08_13_04.bmp,3.4444444444444446,0.111111111,0.323380833,0.0,0.0,0.777777778,0.427792632,0.055555556,0.23570226,0.0,0.0,0.0,0.0,0.0,0.0
01356.jpg,3.1666666666666665,0.0,0.0,0.722222222,0.460888599,0.222222222,0.427792632,0.0,0.0,0.0,0.0,0.0,0.0,0.0,0.0
11_02_01.bmp,2.888888888888889,0.111111111,0.323380833,0.555555556,0.511309993,0.0,0.0,0.111111111,0.323380833,0.277777778,0.460888599,0.055555556,0.23570226,0.055555556,0.23570226
0344.jpg,2.4444444444444446,0.166666667,0.383482494,0.833333333,0.383482494,0.055555556,0.23570226,0.055555556,0.23570226,0.055555556,0.23570226,0.0,0.0,0.0,0.0
19_11_05.bmp,2.2777777777777777,0.833333333,0.383482494,0.222222222,0.427792632,0.055555556,0.23570226,0.055555556,0.23570226,0.166666667,0.383482494,0.111111111,0.323380833,0.0,0.0
01_23_03.bmp,2.611111111111111,0.0,0.0,0.555555556,0.511309993,0.055555556,0.23570226,0.833333333,0.383482494,0.055555556,0.23570226,0.055555556,0.23570226,0.111111111,0.323380833
13_24_05.bmp,1.3333333333333333,0.055555556,0.23570226,0.944444444,0.23570226,0.055555556,0.23570226,0.0,0.0,0.111111111,0.323380833,0.055555556,0.23570226,0.0,0.0
11_04_05.bmp,1.9444444444444444,0.222222222,0.427792632,0.333333333,0.48507125,0.166666667,0.383482494,0.166666667,0.383482494,0.222222222,0.427792632,0.166666667,0.383482494,0.0,0.0
33_10_01.bmp,3.5,0.111111111,0.323380833,0.388888889,0.501631326,0.055555556,0.23570226,0.055555556,0.23570226,0.5,0.514495755,0.0,0.0,0.0,0.0
0039.jpg,2.7222222222222223,0.111111111,0.323380833,0.5,0.514495755,0.777777778,0.427792632,0.0,0.0,0.111111111,0.323380833,0.0,0.0,0.0,0.0
04_21_04.bmp,2.333333333333333,0.333333333,0.48507125,0.777777778,0.427792632,0.111111111,0.323380833,0.277777778,0.460888599,0.166666667,0.383482494,0.0,0.0,0.111111111,0.323380833
09_05_03.bmp,2.388888888888889,0.222222222,0.427792632,0.777777778,0.427792632,0.111111111,0.323380833,0.055555556,0.23570226,0.111111111,0.323380833,0.055555556,0.23570226,0.0,0.0
14_23_02.bmp,2.9444444444444446,0.111111111,0.323380833,0.222222222,0.427792632,0.055555556,0.23570226,0.666666667,0.48507125,0.0,0.0,0.0,0.0,0.111111111,0.323380833
05_10_05.bmp,1.6666666666666667,0.833333333,0.383482494,0.388888889,0.501631326,0.055555556,0.23570226,0.055555556,0.23570226,0.055555556,0.23570226,0.111111111,0.323380833,0.0,0.0
37_16_03.bmp,3.0,0.166666667,0.383482494,0.666666667,0.48507125,0.0,0.0,0.055555556,0.23570226,0.055555556,0.23570226,0.055555556,0.23570226,0.0,0.0
08_19_01.bmp,3.555555555555556,0.222222222,0.427792632,0.222222222,0.427792632,0.111111111,0.323380833,0.055555556,0.23570226,0.111111111,0.323380833,0.0,0.0,0.0,0.0
0043.jpg,3.055555555555556,0.0,0.0,0.333333333,0.48507125,0.833333333,0.383482494,0.0,0.0,0.166666667,0.383482494,0.055555556,0.23570226,0.055555556,0.23570226
0785.jpg,3.2777777777777777,0.055555556,0.23570226,0.666666667,0.48507125,0.055555556,0.23570226,0.055555556,0.23570226,0.055555556,0.23570226,0.0,0.0,0.111111111,0.323380833
26_07_01.bmp,3.888888888888889,0.055555556,0.23570226,0.388888889,0.501631326,0.111111111,0.323380833,0.0,0.0,0.055555556,0.23570226,0.0,0.0,0.0,0.0
0020.jpg,2.055555555555556,0.055555556,0.23570226,0.5,0.514495755,0.833333333,0.383482494,0.0,0.0,0.333333333,0.48507125,0.111111111,0.323380833,0.055555556,0.23570226
21_06_05.bmp,1.4444444444444444,0.388888889,0.501631326,0.444444444,0.511309993,0.166666667,0.383482494,0.055555556,0.23570226,0.055555556,0.23570226,0.166666667,0.383482494,0.0,0.0
10_15_05.bmp,2.2777777777777777,0.0,0.0,0.388888889,0.501631326,0.055555556,0.23570226,0.722222222,0.460888599,0.388888889,0.501631326,0.277777778,0.460888599,0.0,0.0
0919.jpg,3.888888888888889,0.166666667,0.383482494,0.222222222,0.427792632,0.0,0.0,0.0,0.0,0.166666667,0.383482494,0.055555556,0.23570226,0.0,0.0
36_22_05.bmp,1.5555555555555556,0.166666667,0.383482494,0.888888889,0.323380833,0.166666667,0.383482494,0.0,0.0,0.0,0.0,0.0,0.0,0.0,0.0
33_06_05.bmp,1.7222222222222223,0.333333333,0.48507125,0.388888889,0.501631326,0.166666667,0.383482494,0.111111111,0.323380833,0.444444444,0.511309993,0.166666667,0.383482494,0.055555556,0.23570226
0716.jpg,3.4444444444444446,0.055555556,0.23570226,0.333333333,0.48507125,0.0,0.0,0.055555556,0.23570226,0.222222222,0.427792632,0.166666667,0.383482494,0.166666667,0.383482494
0947.jpg,2.611111111111111,0.055555556,0.23570226,0.555555556,0.511309993,0.055555556,0.23570226,0.611111111,0.501631326,0.111111111,0.323380833,0.055555556,0.23570226,0.055555556,0.23570226
01_24_02.bmp,2.2777777777777777,0.0,0.0,0.833333333,0.383482494,0.111111111,0.323380833,0.055555556,0.23570226,0.0,0.0,0.0,0.0,0.055555556,0.23570226
15_12_04.bmp,2.5,0.666666667,0.48507125,0.222222222,0.427792632,0.111111111,0.323380833,0.0,0.0,0.277777778,0.460888599,0.0,0.0,0.0,0.0
17_16_02.bmp,3.055555555555556,0.0,0.0,0.444444444,0.511309993,0.166666667,0.383482494,0.111111111,0.323380833,0.166666667,0.383482494,0.055555556,0.23570226,0.0,0.0
30_10_04.bmp,2.5,0.666666667,0.48507125,0.166666667,0.383482494,0.0,0.0,0.055555556,0.23570226,0.277777778,0.460888599,0.055555556,0.23570226,0.0,0.0
35_07_05.bmp,1.3888888888888888,0.0,0.0,0.944444444,0.23570226,0.055555556,0.23570226,0.055555556,0.23570226,0.0,0.0,0.055555556,0.23570226,0.0,0.0
11_25_01.bmp,2.9444444444444446,0.055555556,0.23570226,0.055555556,0.23570226,0.0,0.0,0.055555556,0.23570226,0.166666667,0.383482494,0.111111111,0.323380833,0.888888889,0.323380833
0844.jpg,3.6666666666666665,0.166666667,0.383482494,0.166666667,0.383482494,0.0,0.0,0.111111111,0.323380833,0.166666667,0.383482494,0.055555556,0.23570226,0.0,0.0
05_04_01.bmp,3.388888888888889,0.111111111,0.323380833,0.5,0.514495755,0.055555556,0.23570226,0.055555556,0.23570226,0.0,0.0,0.055555556,0.23570226,0.055555556,0.23570226
0094.jpg,2.555555555555556,0.0,0.0,0.555555556,0.511309993,0.944444444,0.23570226,0.0,0.0,0.0,0.0,0.0,0.0,0.111111111,0.323380833
0747.jpg,3.333333333333333,0.055555556,0.23570226,0.5,0.514495755,0.0,0.0,0.055555556,0.23570226,0.055555556,0.23570226,0.055555556,0.23570226,0.055555556,0.23570226
06_10_03.bmp,2.888888888888889,0.722222222,0.460888599,0.166666667,0.383482494,0.111111111,0.323380833,0.0,0.0,0.055555556,0.23570226,0.055555556,0.23570226,0.055555556,0.23570226
35_12_04.bmp,2.111111111111111,0.666666667,0.48507125,0.555555556,0.511309993,0.055555556,0.23570226,0.055555556,0.23570226,0.055555556,0.23570226,0.0,0.0,0.055555556,0.23570226
05_14_03.bmp,2.888888888888889,0.166666667,0.383482494,0.5,0.514495755,0.111111111,0.323380833,0.333333333,0.48507125,0.055555556,0.23570226,0.0,0.0,0.055555556,0.23570226
1098.jpg,2.833333333333333,0.055555556,0.23570226,0.166666667,0.383482494,0.0,0.0,0.0,0.0,0.055555556,0.23570226,0.833333333,0.383482494,0.222222222,0.427792632
37_10_05.bmp,2.2777777777777777,0.888888889,0.323380833,0.388888889,0.501631326,0.0,0.0,0.0,0.0,0.055555556,0.23570226,0.111111111,0.323380833,0.0,0.0
12_12_04.bmp,2.388888888888889,0.666666667,0.48507125,0.166666667,0.383482494,0.166666667,0.383482494,0.055555556,0.23570226,0.111111111,0.323380833,0.055555556,0.23570226,0.0,0.0
02_03_03.bmp,2.5,0.055555556,0.23570226,0.777777778,0.427792632,0.0,0.0,0.0,0.0,0.611111111,0.501631326,0.0,0.0,0.0,0.0
01_05_04.bmp,1.7222222222222223,0.444444444,0.511309993,0.833333333,0.383482494,0.111111111,0.323380833,0.111111111,0.323380833,0.0,0.0,0.055555556,0.23570226,0.111111111,0.323380833
28_12_03.bmp,2.388888888888889,0.611111111,0.501631326,0.444444444,0.511309993,0.166666667,0.383482494,0.0,0.0,0.277777778,0.460888599,0.055555556,0.23570226,0.0,0.0
06_06_03.bmp,2.5,0.611111111,0.501631326,0.111111111,0.323380833,0.166666667,0.383482494,0.111111111,0.323380833,0.0,0.0,0.222222222,0.427792632,0.111111111,0.323380833
0719.jpg,3.5,0.055555556,0.23570226,0.277777778,0.460888599,0.0,0.0,0.0,0.0,0.333333333,0.48507125,0.111111111,0.323380833,0.055555556,0.23570226
27_21_03.bmp,2.6666666666666665,0.055555556,0.23570226,0.166666667,0.383482494,0.388888889,0.501631326,0.222222222,0.427792632,0.444444444,0.511309993,0.055555556,0.23570226,0.0,0.0
21_15_01.bmp,2.555555555555556,0.055555556,0.23570226,0.277777778,0.460888599,0.777777778,0.427792632,0.0,0.0,0.0,0.0,0.0,0.0,0.111111111,0.323380833
04_13_02.bmp,2.833333333333333,0.111111111,0.323380833,0.611111111,0.501631326,0.111111111,0.323380833,0.055555556,0.23570226,0.166666667,0.383482494,0.055555556,0.23570226,0.055555556,0.23570226
01275.jpg,3.111111111111111,0.333333333,0.48507125,0.666666667,0.48507125,0.0,0.0,0.055555556,0.23570226,0.166666667,0.383482494,0.0,0.0,0.0,0.0
26_20_05.bmp,3.111111111111111,0.277777778,0.460888599,0.388888889,0.501631326,0.166666667,0.383482494,0.0,0.0,0.055555556,0.23570226,0.166666667,0.383482494,0.0,0.0
14_12_04.bmp,2.1666666666666665,0.777777778,0.427792632,0.222222222,0.427792632,0.111111111,0.323380833,0.0,0.0,0.055555556,0.23570226,0.055555556,0.23570226,0.055555556,0.23570226
0070.jpg,2.6666666666666665,0.111111111,0.323380833,0.444444444,0.511309993,0.944444444,0.23570226,0.055555556,0.23570226,0.0,0.0,0.0,0.0,0.055555556,0.23570226
10_05_02.bmp,2.833333333333333,0.111111111,0.323380833,0.611111111,0.501631326,0.0,0.0,0.111111111,0.323380833,0.277777778,0.460888599,0.222222222,0.427792632,0.055555556,0.23570226
23_01_04.bmp,1.9444444444444444,0.055555556,0.23570226,0.888888889,0.323380833,0.055555556,0.23570226,0.055555556,0.23570226,0.166666667,0.383482494,0.0,0.0,0.0,0.0
10_03_01.bmp,3.4444444444444446,0.055555556,0.23570226,0.444444444,0.511309993,0.0,0.0,0.0,0.0,0.444444444,0.511309993,0.222222222,0.427792632,0.111111111,0.323380833
1085.jpg,2.7222222222222223,0.055555556,0.23570226,0.222222222,0.427792632,0.0,0.0,0.055555556,0.23570226,0.666666667,0.48507125,0.611111111,0.501631326,0.222222222,0.427792632
37_24_01.bmp,3.333333333333333,0.055555556,0.23570226,0.555555556,0.511309993,0.0,0.0,0.0,0.0,0.111111111,0.323380833,0.055555556,0.23570226,0.0,0.0
14_10_04.bmp,2.1666666666666665,0.833333333,0.383482494,0.277777778,0.460888599,0.111111111,0.323380833,0.0,0.0,0.0,0.0,0.111111111,0.323380833,0.0,0.0
21_02_04.bmp,1.5,0.0,0.0,0.944444444,0.23570226,0.0,0.0,0.0,0.0,0.055555556,0.23570226,0.0,0.0,0.0,0.0
37_23_04.bmp,2.5,0.111111111,0.323380833,0.222222222,0.427792632,0.0,0.0,0.722222222,0.460888599,0.111111111,0.323380833,0.111111111,0.323380833,0.111111111,0.323380833
28_15_02.bmp,2.7777777777777777,0.055555556,0.23570226,0.277777778,0.460888599,0.611111111,0.501631326,0.0,0.0,0.222222222,0.427792632,0.0,0.0,0.0,0.0
13_12_01.bmp,3.2777777777777777,0.222222222,0.427792632,0.222222222,0.427792632,0.111111111,0.323380833,0.0,0.0,0.111111111,0.323380833,0.055555556,0.23570226,0.111111111,0.323380833
25_14_02.bmp,3.2777777777777777,0.166666667,0.383482494,0.277777778,0.460888599,0.0,0.0,0.222222222,0.427792632,0.111111111,0.323380833,0.0,0.0,0.111111111,0.323380833
1135.jpg,2.833333333333333,0.055555556,0.23570226,0.444444444,0.511309993,0.055555556,0.23570226,0.0,0.0,0.333333333,0.48507125,0.444444444,0.511309993,0.0,0.0
15_20_03.bmp,2.388888888888889,0.444444444,0.511309993,0.277777778,0.460888599,0.166666667,0.383482494,0.388888889,0.501631326,0.222222222,0.427792632,0.055555556,0.23570226,0.0,0.0
15_12_05.bmp,2.111111111111111,0.777777778,0.427792632,0.166666667,0.383482494,0.111111111,0.323380833,0.0,0.0,0.222222222,0.427792632,0.055555556,0.23570226,0.055555556,0.23570226
33_10_03.bmp,2.7222222222222223,0.666666667,0.48507125,0.388888889,0.501631326,0.0,0.0,0.055555556,0.23570226,0.444444444,0.511309993,0.0,0.0,0.0,0.0
14_01_04.bmp,1.6666666666666667,0.055555556,0.23570226,0.888888889,0.323380833,0.055555556,0.23570226,0.055555556,0.23570226,0.0,0.0,0.111111111,0.323380833,0.0,0.0
06_04_04.bmp,3.0,0.333333333,0.48507125,0.111111111,0.323380833,0.166666667,0.383482494,0.111111111,0.323380833,0.055555556,0.23570226,0.222222222,0.427792632,0.055555556,0.23570226
01463.jpg,4.0,0.055555556,0.23570226,0.444444444,0.511309993,0.111111111,0.323380833,0.055555556,0.23570226,0.0,0.0,0.0,0.0,0.055555556,0.23570226
19_14_02.bmp,3.1666666666666665,0.111111111,0.323380833,0.111111111,0.323380833,0.055555556,0.23570226,0.333333333,0.48507125,0.111111111,0.323380833,0.111111111,0.323380833,0.055555556,0.23570226
0750.jpg,3.388888888888889,0.055555556,0.23570226,0.333333333,0.48507125,0.0,0.0,0.0,0.0,0.166666667,0.383482494,0.055555556,0.23570226,0.111111111,0.323380833
33_23_02.bmp,2.611111111111111,0.055555556,0.23570226,0.111111111,0.323380833,0.055555556,0.23570226,0.722222222,0.460888599,0.388888889,0.501631326,0.0,0.0,0.055555556,0.23570226
20_04_04.bmp,2.2222222222222223,0.333333333,0.48507125,0.277777778,0.460888599,0.166666667,0.383482494,0.0,0.0,0.111111111,0.323380833,0.333333333,0.48507125,0.0,0.0
15_13_05.bmp,2.055555555555556,0.111111111,0.323380833,0.111111111,0.323380833,0.888888889,0.323380833,0.0,0.0,0.166666667,0.383482494,0.055555556,0.23570226,0.0,0.0
28_17_02.bmp,2.888888888888889,0.055555556,0.23570226,0.5,0.514495755,0.055555556,0.23570226,0.055555556,0.23570226,0.277777778,0.460888599,0.111111111,0.323380833,0.166666667,0.383482494
06_12_05.bmp,2.111111111111111,0.888888889,0.323380833,0.166666667,0.383482494,0.111111111,0.323380833,0.0,0.0,0.055555556,0.23570226,0.055555556,0.23570226,0.111111111,0.323380833
12_21_01.bmp,3.0,0.055555556,0.23570226,0.111111111,0.323380833,0.777777778,0.427792632,0.0,0.0,0.0,0.0,0.0,0.0,0.0,0.0
30_06_01.bmp,3.2222222222222223,0.277777778,0.460888599,0.333333333,0.48507125,0.166666667,0.383482494,0.055555556,0.23570226,0.388888889,0.501631326,0.111111111,0.323380833,0.0,0.0
27_11_03.bmp,2.611111111111111,0.777777778,0.427792632,0.222222222,0.427792632,0.111111111,0.323380833,0.0,0.0,0.444444444,0.511309993,0.055555556,0.23570226,0.055555556,0.23570226
01395.jpg,3.2777777777777777,0.111111111,0.323380833,0.666666667,0.48507125,0.111111111,0.323380833,0.0,0.0,0.111111111,0.323380833,0.055555556,0.23570226,0.055555556,0.23570226
23_18_02.bmp,2.6666666666666665,0.055555556,0.23570226,0.722222222,0.460888599,0.0,0.0,0.055555556,0.23570226,0.277777778,0.460888599,0.055555556,0.23570226,0.0,0.0
15_10_05.bmp,2.1666666666666665,0.777777778,0.427792632,0.166666667,0.383482494,0.055555556,0.23570226,0.055555556,0.23570226,0.277777778,0.460888599,0.055555556,0.23570226,0.0,0.0
09_16_04.bmp,2.111111111111111,0.166666667,0.383482494,0.888888889,0.323380833,0.0,0.0,0.0,0.0,0.111111111,0.323380833,0.111111111,0.323380833,0.0,0.0
0382.jpg,2.333333333333333,0.111111111,0.323380833,0.888888889,0.323380833,0.0,0.0,0.166666667,0.383482494,0.111111111,0.323380833,0.0,0.0,0.0,0.0
34_04_05.bmp,1.8333333333333333,0.222222222,0.427792632,0.444444444,0.511309993,0.277777778,0.460888599,0.055555556,0.23570226,0.0,0.0,0.222222222,0.427792632,0.055555556,0.23570226
21_04_02.bmp,3.2222222222222223,0.111111111,0.323380833,0.388888889,0.501631326,0.055555556,0.23570226,0.055555556,0.23570226,0.055555556,0.23570226,0.0,0.0,0.0,0.0
0351.jpg,2.555555555555556,0.111111111,0.323380833,0.722222222,0.460888599,0.055555556,0.23570226,0.055555556,0.23570226,0.111111111,0.323380833,0.0,0.0,0.0,0.0
36_24_04.bmp,1.5555555555555556,0.0,0.0,0.944444444,0.23570226,0.222222222,0.427792632,0.0,0.0,0.055555556,0.23570226,0.0,0.0,0.0,0.0
21_17_02.bmp,2.888888888888889,0.222222222,0.427792632,0.5,0.514495755,0.0,0.0,0.0,0.0,0.055555556,0.23570226,0.111111111,0.323380833,0.111111111,0.323380833
0726.jpg,3.2222222222222223,0.055555556,0.23570226,0.277777778,0.460888599,0.055555556,0.23570226,0.0,0.0,0.277777778,0.460888599,0.222222222,0.427792632,0.055555556,0.23570226
37_21_01.bmp,3.1666666666666665,0.055555556,0.23570226,0.166666667,0.383482494,0.666666667,0.48507125,0.0,0.0,0.055555556,0.23570226,0.055555556,0.23570226,0.0,0.0
36_25_01.bmp,2.6666666666666665,0.111111111,0.323380833,0.055555556,0.23570226,0.111111111,0.323380833,0.0,0.0,0.055555556,0.23570226,0.0,0.0,0.944444444,0.23570226
33_25_05.bmp,2.055555555555556,0.055555556,0.23570226,0.111111111,0.323380833,0.0,0.0,0.0,0.0,0.333333333,0.48507125,0.0,0.0,0.888888889,0.323380833
0817.jpg,3.5,0.111111111,0.323380833,0.444444444,0.511309993,0.0,0.0,0.055555556,0.23570226,0.111111111,0.323380833,0.055555556,0.23570226,0.055555556,0.23570226
16_10_04.bmp,2.7222222222222223,0.777777778,0.427792632,0.166666667,0.383482494,0.0,0.0,0.055555556,0.23570226,0.277777778,0.460888599,0.444444444,0.511309993,0.0,0.0
15_10_03.bmp,2.7777777777777777,0.722222222,0.460888599,0.166666667,0.383482494,0.055555556,0.23570226,0.0,0.0,0.277777778,0.460888599,0.0,0.0,0.0,0.0
0914.jpg,3.6666666666666665,0.166666667,0.383482494,0.388888889,0.501631326,0.0,0.0,0.0,0.0,0.222222222,0.427792632,0.055555556,0.23570226,0.0,0.0
21_02_05.bmp,1.2777777777777777,0.055555556,0.23570226,0.944444444,0.23570226,0.055555556,0.23570226,0.0,0.0,0.0,0.0,0.0,0.0,0.0,0.0
21_23_01.bmp,3.0,0.055555556,0.23570226,0.111111111,0.323380833,0.055555556,0.23570226,0.722222222,0.460888599,0.0,0.0,0.0,0.0,0.111111111,0.323380833
0207.jpg,1.7222222222222223,0.055555556,0.23570226,0.222222222,0.427792632,0.0,0.0,0.944444444,0.23570226,0.222222222,0.427792632,0.0,0.0,0.0,0.0
15_04_05.bmp,2.333333333333333,0.277777778,0.460888599,0.111111111,0.323380833,0.277777778,0.460888599,0.055555556,0.23570226,0.222222222,0.427792632,0.166666667,0.383482494,0.0,0.0
37_25_03.bmp,2.4444444444444446,0.0,0.0,0.166666667,0.383482494,0.0,0.0,0.055555556,0.23570226,0.055555556,0.23570226,0.111111111,0.323380833,0.944444444,0.23570226
11_17_02.bmp,2.7222222222222223,0.111111111,0.323380833,0.444444444,0.511309993,0.0,0.0,0.055555556,0.23570226,0.277777778,0.460888599,0.166666667,0.383482494,0.333333333,0.48507125
01299.jpg,2.7777777777777777,0.388888889,0.501631326,0.722222222,0.460888599,0.0,0.0,0.0,0.0,0.666666667,0.48507125,0.055555556,0.23570226,0.0,0.0
21_10_04.bmp,2.388888888888889,0.777777778,0.427792632,0.277777778,0.460888599,0.0,0.0,0.111111111,0.323380833,0.055555556,0.23570226,0.055555556,0.23570226,0.0,0.0
15_01_01.bmp,3.555555555555556,0.055555556,0.23570226,0.333333333,0.48507125,0.0,0.0,0.055555556,0.23570226,0.388888889,0.501631326,0.0,0.0,0.111111111,0.323380833
01480.jpg,3.6666666666666665,0.055555556,0.23570226,0.666666667,0.48507125,0.111111111,0.323380833,0.055555556,0.23570226,0.0,0.0,0.0,0.0,0.055555556,0.23570226
01_06_01.bmp,3.055555555555556,0.0,0.0,0.722222222,0.460888599,0.166666667,0.383482494,0.0,0.0,0.055555556,0.23570226,0.055555556,0.23570226,0.055555556,0.23570226
0123.jpg,1.6111111111111112,0.055555556,0.23570226,0.388888889,0.501631326,0.944444444,0.23570226,0.055555556,0.23570226,0.222222222,0.427792632,0.055555556,0.23570226,0.055555556,0.23570226
19_06_03.bmp,2.555555555555556,0.388888889,0.501631326,0.222222222,0.427792632,0.277777778,0.460888599,0.055555556,0.23570226,0.111111111,0.323380833,0.277777778,0.460888599,0.055555556,0.23570226
37_08_01.bmp,3.6666666666666665,0.111111111,0.323380833,0.555555556,0.511309993,0.0,0.0,0.111111111,0.323380833,0.055555556,0.23570226,0.055555556,0.23570226,0.0,0.0
14_09_03.bmp,2.4444444444444446,0.833333333,0.383482494,0.222222222,0.427792632,0.055555556,0.23570226,0.0,0.0,0.055555556,0.23570226,0.111111111,0.323380833,0.055555556,0.23570226
33_04_02.bmp,2.9444444444444446,0.222222222,0.427792632,0.444444444,0.511309993,0.277777778,0.460888599,0.055555556,0.23570226,0.388888889,0.501631326,0.055555556,0.23570226,0.0,0.0
36_09_03.bmp,2.7777777777777777,0.722222222,0.460888599,0.444444444,0.511309993,0.055555556,0.23570226,0.0,0.0,0.0,0.0,0.055555556,0.23570226,0.055555556,0.23570226
05_21_04.bmp,2.611111111111111,0.277777778,0.460888599,0.5,0.514495755,0.055555556,0.23570226,0.388888889,0.501631326,0.0,0.0,0.0,0.0,0.055555556,0.23570226
31_19_04.bmp,2.388888888888889,0.166666667,0.383482494,0.5,0.514495755,0.666666667,0.48507125,0.0,0.0,0.111111111,0.323380833,0.0,0.0,0.055555556,0.23570226
20_01_02.bmp,3.0,0.055555556,0.23570226,0.5,0.514495755,0.055555556,0.23570226,0.0,0.0,0.166666667,0.383482494,0.111111111,0.323380833,0.0,0.0
11_18_02.bmp,2.555555555555556,0.111111111,0.323380833,0.722222222,0.460888599,0.0,0.0,0.111111111,0.323380833,0.222222222,0.427792632,0.055555556,0.23570226,0.0,0.0
06_05_01.bmp,3.6666666666666665,0.222222222,0.427792632,0.333333333,0.48507125,0.055555556,0.23570226,0.0,0.0,0.0,0.0,0.055555556,0.23570226,0.055555556,0.23570226
0812.jpg,3.555555555555556,0.055555556,0.23570226,0.5,0.514495755,0.0,0.0,0.055555556,0.23570226,0.277777778,0.460888599,0.0,0.0,0.055555556,0.23570226
33_01_04.bmp,2.888888888888889,0.055555556,0.23570226,0.666666667,0.48507125,0.0,0.0,0.0,0.0,0.5,0.514495755,0.0,0.0,0.0,0.0
13_17_03.bmp,2.6666666666666665,0.111111111,0.323380833,0.444444444,0.511309993,0.055555556,0.23570226,0.055555556,0.23570226,0.222222222,0.427792632,0.166666667,0.383482494,0.166666667,0.383482494
18_25_03.bmp,2.333333333333333,0.055555556,0.23570226,0.166666667,0.383482494,0.111111111,0.323380833,0.0,0.0,0.0,0.0,0.055555556,0.23570226,1.0,0.0
11_23_01.bmp,2.7777777777777777,0.055555556,0.23570226,0.277777778,0.460888599,0.055555556,0.23570226,0.777777778,0.427792632,0.166666667,0.383482494,0.055555556,0.23570226,0.0,0.0
15_17_04.bmp,2.2777777777777777,0.111111111,0.323380833,0.444444444,0.511309993,0.055555556,0.23570226,0.0,0.0,0.333333333,0.48507125,0.055555556,0.23570226,0.277777778,0.460888599
26_19_05.bmp,3.611111111111111,0.111111111,0.323380833,0.277777778,0.460888599,0.222222222,0.427792632,0.0,0.0,0.055555556,0.23570226,0.055555556,0.23570226,0.0,0.0
29_12_04.bmp,2.611111111111111,0.666666667,0.48507125,0.333333333,0.48507125,0.0,0.0,0.0,0.0,0.166666667,0.383482494,0.111111111,0.323380833,0.0,0.0
36_23_01.bmp,2.9444444444444446,0.055555556,0.23570226,0.111111111,0.323380833,0.055555556,0.23570226,0.666666667,0.48507125,0.0,0.0,0.055555556,0.23570226,0.277777778,0.460888599
20_01_03.bmp,2.555555555555556,0.0,0.0,0.666666667,0.48507125,0.055555556,0.23570226,0.055555556,0.23570226,0.166666667,0.383482494,0.111111111,0.323380833,0.0,0.0
01150.jpg,4.166666666666667,0.0,0.0,0.0,0.0,0.055555556,0.23570226,0.0,0.0,0.666666667,0.48507125,0.055555556,0.23570226,0.0,0.0
09_14_04.bmp,2.055555555555556,0.222222222,0.427792632,0.277777778,0.460888599,0.166666667,0.383482494,0.555555556,0.511309993,0.166666667,0.383482494,0.055555556,0.23570226,0.055555556,0.23570226
21_09_03.bmp,2.6666666666666665,0.722222222,0.460888599,0.222222222,0.427792632,0.0,0.0,0.0,0.0,0.111111111,0.323380833,0.0,0.0,0.055555556,0.23570226
19_09_01.bmp,3.333333333333333,0.555555556,0.511309993,0.277777778,0.460888599,0.055555556,0.23570226,0.0,0.0,0.055555556,0.23570226,0.111111111,0.323380833,0.055555556,0.23570226
0544.jpg,2.6666666666666665,0.166666667,0.383482494,0.388888889,0.501631326,0.0,0.0,0.111111111,0.323380833,0.777777778,0.427792632,0.0,0.0,0.055555556,0.23570226
29_15_05.bmp,2.1666666666666665,0.055555556,0.23570226,0.444444444,0.511309993,0.0,0.0,0.722222222,0.460888599,0.111111111,0.323380833,0.111111111,0.323380833,0.055555556,0.23570226
04_13_04.bmp,2.333333333333333,0.111111111,0.323380833,0.722222222,0.460888599,0.5,0.514495755,0.055555556,0.23570226,0.166666667,0.383482494,0.0,0.0,0.0,0.0
11_06_01.bmp,2.6666666666666665,0.277777778,0.460888599,0.333333333,0.48507125,0.166666667,0.383482494,0.166666667,0.383482494,0.166666667,0.383482494,0.166666667,0.383482494,0.0,0.0
10_03_05.bmp,1.6666666666666667,0.055555556,0.23570226,0.888888889,0.323380833,0.0,0.0,0.055555556,0.23570226,0.388888889,0.501631326,0.222222222,0.427792632,0.0,0.0
1026.jpg,3.055555555555556,0.055555556,0.23570226,0.388888889,0.501631326,0.0,0.0,0.555555556,0.511309993,0.111111111,0.323380833,0.055555556,0.23570226,0.0,0.0
17_18_02.bmp,2.7222222222222223,0.222222222,0.427792632,0.777777778,0.427792632,0.0,0.0,0.0,0.0,0.222222222,0.427792632,0.166666667,0.383482494,0.0,0.0
1123.jpg,2.888888888888889,0.055555556,0.23570226,0.277777778,0.460888599,0.0,0.0,0.0,0.0,0.166666667,0.383482494,0.055555556,0.23570226,0.833333333,0.383482494
22_22_02.bmp,2.555555555555556,0.111111111,0.323380833,0.833333333,0.383482494,0.0,0.0,0.0,0.0,0.111111111,0.323380833,0.111111111,0.323380833,0.055555556,0.23570226
33_15_03.bmp,2.9444444444444446,0.0,0.0,0.388888889,0.501631326,0.0,0.0,0.222222222,0.427792632,0.444444444,0.511309993,0.0,0.0,0.0,0.0
0252.jpg,1.4444444444444444,0.111111111,0.323380833,0.444444444,0.511309993,0.0,0.0,1.0,0.0,0.055555556,0.23570226,0.0,0.0,0.0,0.0
0267.jpg,2.055555555555556,0.111111111,0.323380833,0.388888889,0.501631326,0.0,0.0,0.888888889,0.323380833,0.0,0.0,0.0,0.0,0.0,0.0
24_06_05.bmp,1.8888888888888888,0.222222222,0.427792632,0.333333333,0.48507125,0.388888889,0.501631326,0.055555556,0.23570226,0.0,0.0,0.055555556,0.23570226,0.0,0.0
05_10_01.bmp,2.9444444444444446,0.444444444,0.511309993,0.388888889,0.501631326,0.055555556,0.23570226,0.0,0.0,0.0,0.0,0.055555556,0.23570226,0.111111111,0.323380833
05_24_05.bmp,1.2777777777777777,0.055555556,0.23570226,0.944444444,0.23570226,0.055555556,0.23570226,0.0,0.0,0.111111111,0.323380833,0.055555556,0.23570226,0.055555556,0.23570226
07_13_02.bmp,3.1666666666666665,0.222222222,0.427792632,0.333333333,0.48507125,0.444444444,0.511309993,0.0,0.0,0.055555556,0.23570226,0.055555556,0.23570226,0.055555556,0.23570226
31_25_01.bmp,2.888888888888889,0.055555556,0.23570226,0.055555556,0.23570226,0.055555556,0.23570226,0.055555556,0.23570226,0.166666667,0.383482494,0.0,0.0,0.888888889,0.323380833
26_03_01.bmp,4.166666666666667,0.055555556,0.23570226,0.166666667,0.383482494,0.111111111,0.323380833,0.055555556,0.23570226,0.055555556,0.23570226,0.0,0.0,0.111111111,0.323380833
31_02_01.bmp,3.333333333333333,0.0,0.0,0.444444444,0.511309993,0.0,0.0,0.111111111,0.323380833,0.277777778,0.460888599,0.0,0.0,0.055555556,0.23570226
0167.jpg,2.7222222222222223,0.055555556,0.23570226,0.277777778,0.460888599,0.944444444,0.23570226,0.0,0.0,0.055555556,0.23570226,0.055555556,0.23570226,0.055555556,0.23570226
07_19_04.bmp,2.111111111111111,0.555555556,0.511309993,0.277777778,0.460888599,0.388888889,0.501631326,0.0,0.0,0.055555556,0.23570226,0.055555556,0.23570226,0.0,0.0
24_23_04.bmp,2.111111111111111,0.0,0.0,0.222222222,0.427792632,0.0,0.0,0.777777778,0.427792632,0.0,0.0,0.055555556,0.23570226,0.111111111,0.323380833
03_17_01.bmp,3.555555555555556,0.055555556,0.23570226,0.333333333,0.48507125,0.166666667,0.383482494,0.111111111,0.323380833,0.166666667,0.383482494,0.0,0.0,0.166666667,0.383482494
20_12_04.bmp,2.388888888888889,0.722222222,0.460888599,0.388888889,0.501631326,0.055555556,0.23570226,0.0,0.0,0.055555556,0.23570226,0.111111111,0.323380833,0.055555556,0.23570226
34_10_02.bmp,3.111111111111111,0.444444444,0.511309993,0.333333333,0.48507125,0.222222222,0.427792632,0.055555556,0.23570226,0.0,0.0,0.0,0.0,0.055555556,0.23570226
04_14_01.bmp,3.055555555555556,0.111111111,0.323380833,0.5,0.514495755,0.222222222,0.427792632,0.0,0.0,0.166666667,0.383482494,0.0,0.0,0.055555556,0.23570226
0408.jpg,2.5,0.055555556,0.23570226,0.833333333,0.383482494,0.055555556,0.23570226,0.055555556,0.23570226,0.055555556,0.23570226,0.0,0.0,0.055555556,0.23570226
34_10_01.bmp,3.2777777777777777,0.277777778,0.460888599,0.277777778,0.460888599,0.222222222,0.427792632,0.0,0.0,0.055555556,0.23570226,0.055555556,0.23570226,0.055555556,0.23570226
35_12_05.bmp,1.7222222222222223,0.888888889,0.323380833,0.5,0.514495755,0.055555556,0.23570226,0.0,0.0,0.111111111,0.323380833,0.055555556,0.23570226,0.0,0.0
1009.jpg,3.555555555555556,0.055555556,0.23570226,0.166666667,0.383482494,0.0,0.0,0.611111111,0.501631326,0.222222222,0.427792632,0.055555556,0.23570226,0.111111111,0.323380833
01_01_04.bmp,2.055555555555556,0.166666667,0.383482494,1.0,0.0,0.111111111,0.323380833,0.0,0.0,0.0,0.0,0.0,0.0,0.055555556,0.23570226
01_08_02.bmp,2.833333333333333,0.111111111,0.323380833,0.722222222,0.460888599,0.111111111,0.323380833,0.055555556,0.23570226,0.0,0.0,0.0,0.0,0.055555556,0.23570226
32_10_02.bmp,2.7222222222222223,0.611111111,0.501631326,0.444444444,0.511309993,0.055555556,0.23570226,0.055555556,0.23570226,0.333333333,0.48507125,0.055555556,0.23570226,0.055555556,0.23570226
18_11_05.bmp,2.1666666666666665,0.833333333,0.383482494,0.222222222,0.427792632,0.222222222,0.427792632,0.0,0.0,0.055555556,0.23570226,0.0,0.0,0.0,0.0
03_01_03.bmp,3.555555555555556,0.055555556,0.23570226,0.555555556,0.511309993,0.111111111,0.323380833,0.0,0.0,0.111111111,0.323380833,0.111111111,0.323380833,0.111111111,0.323380833
13_19_01.bmp,3.6666666666666665,0.222222222,0.427792632,0.222222222,0.427792632,0.277777778,0.460888599,0.0,0.0,0.111111111,0.323380833,0.0,0.0,0.111111111,0.323380833
0181.jpg,3.2222222222222223,0.055555556,0.23570226,0.277777778,0.460888599,0.777777778,0.427792632,0.055555556,0.23570226,0.0,0.0,0.0,0.0,0.0,0.0
24_04_01.bmp,3.555555555555556,0.055555556,0.23570226,0.5,0.514495755,0.111111111,0.323380833,0.0,0.0,0.0,0.0,0.0,0.0,0.055555556,0.23570226
32_11_02.bmp,2.7222222222222223,0.611111111,0.501631326,0.333333333,0.48507125,0.055555556,0.23570226,0.055555556,0.23570226,0.333333333,0.48507125,0.111111111,0.323380833,0.111111111,0.323380833
33_23_04.bmp,2.2222222222222223,0.055555556,0.23570226,0.111111111,0.323380833,0.0,0.0,0.888888889,0.323380833,0.388888889,0.501631326,0.0,0.0,0.055555556,0.23570226
35_19_04.bmp,2.555555555555556,0.055555556,0.23570226,0.388888889,0.501631326,0.555555556,0.511309993,0.0,0.0,0.055555556,0.23570226,0.055555556,0.23570226,0.055555556,0.23570226
22_04_05.bmp,2.111111111111111,0.388888889,0.501631326,0.5,0.514495755,0.166666667,0.383482494,0.055555556,0.23570226,0.111111111,0.323380833,0.222222222,0.427792632,0.0,0.0
26_07_04.bmp,1.7777777777777777,0.055555556,0.23570226,0.777777778,0.427792632,0.055555556,0.23570226,0.055555556,0.23570226,0.055555556,0.23570226,0.111111111,0.323380833,0.0,0.0
36_22_04.bmp,1.8888888888888888,0.111111111,0.323380833,0.888888889,0.323380833,0.166666667,0.383482494,0.0,0.0,0.055555556,0.23570226,0.0,0.0,0.0,0.0
28_02_02.bmp,3.055555555555556,0.0,0.0,0.666666667,0.48507125,0.166666667,0.383482494,0.0,0.0,0.166666667,0.383482494,0.111111111,0.323380833,0.0,0.0
1111.jpg,2.2777777777777777,0.0,0.0,0.777777778,0.427792632,0.0,0.0,0.0,0.0,0.444444444,0.511309993,0.055555556,0.23570226,0.055555556,0.23570226
28_10_01.bmp,3.111111111111111,0.444444444,0.511309993,0.333333333,0.48507125,0.111111111,0.323380833,0.0,0.0,0.277777778,0.460888599,0.055555556,0.23570226,0.0,0.0
1131.jpg,2.6666666666666665,0.055555556,0.23570226,0.277777778,0.460888599,0.0,0.0,0.166666667,0.383482494,0.611111111,0.501631326,0.444444444,0.511309993,0.055555556,0.23570226
11_25_05.bmp,1.9444444444444444,0.055555556,0.23570226,0.111111111,0.323380833,0.0,0.0,0.111111111,0.323380833,0.222222222,0.427792632,0.055555556,0.23570226,0.888888889,0.323380833
0738.jpg,3.2222222222222223,0.111111111,0.323380833,0.444444444,0.511309993,0.0,0.0,0.0,0.0,0.388888889,0.501631326,0.166666667,0.383482494,0.055555556,0.23570226
1148.jpg,2.888888888888889,0.0,0.0,0.111111111,0.323380833,0.0,0.0,0.055555556,0.23570226,0.444444444,0.511309993,0.5,0.514495755,0.055555556,0.23570226
0109.jpg,1.5,0.0,0.0,0.555555556,0.511309993,0.944444444,0.23570226,0.0,0.0,0.166666667,0.383482494,0.055555556,0.23570226,0.055555556,0.23570226
30_17_05.bmp,2.2777777777777777,0.111111111,0.323380833,0.444444444,0.511309993,0.055555556,0.23570226,0.0,0.0,0.333333333,0.48507125,0.111111111,0.323380833,0.166666667,0.383482494
34_10_05.bmp,2.055555555555556,0.833333333,0.383482494,0.277777778,0.460888599,0.111111111,0.323380833,0.111111111,0.323380833,0.055555556,0.23570226,0.055555556,0.23570226,0.055555556,0.23570226
19_23_03.bmp,2.6666666666666665,0.055555556,0.23570226,0.055555556,0.23570226,0.0,0.0,0.722222222,0.460888599,0.111111111,0.323380833,0.111111111,0.323380833,0.111111111,0.323380833
36_13_04.bmp,2.2777777777777777,0.055555556,0.23570226,0.444444444,0.511309993,0.777777778,0.427792632,0.0,0.0,0.0,0.0,0.0,0.0,0.111111111,0.323380833
04_25_04.bmp,2.2222222222222223,0.166666667,0.383482494,0.388888889,0.501631326,0.111111111,0.323380833,0.0,0.0,0.111111111,0.323380833,0.0,0.0,0.888888889,0.323380833
37_10_03.bmp,2.888888888888889,0.777777778,0.427792632,0.333333333,0.48507125,0.0,0.0,0.0,0.0,0.055555556,0.23570226,0.055555556,0.23570226,0.0,0.0
01368.jpg,3.2777777777777777,0.055555556,0.23570226,0.666666667,0.48507125,0.111111111,0.323380833,0.0,0.0,0.0,0.0,0.0,0.0,0.055555556,0.23570226
24_04_02.bmp,3.0,0.333333333,0.48507125,0.277777778,0.460888599,0.277777778,0.460888599,0.111111111,0.323380833,0.055555556,0.23570226,0.0,0.0,0.0,0.0
13_17_02.bmp,2.888888888888889,0.055555556,0.23570226,0.444444444,0.511309993,0.111111111,0.323380833,0.055555556,0.23570226,0.222222222,0.427792632,0.166666667,0.383482494,0.222222222,0.427792632
14_19_03.bmp,2.5,0.277777778,0.460888599,0.388888889,0.501631326,0.388888889,0.501631326,0.055555556,0.23570226,0.0,0.0,0.111111111,0.323380833,0.055555556,0.23570226
15_05_04.bmp,2.333333333333333,0.388888889,0.501631326,0.666666667,0.48507125,0.055555556,0.23570226,0.0,0.0,0.222222222,0.427792632,0.055555556,0.23570226,0.055555556,0.23570226
11_11_02.bmp,3.111111111111111,0.611111111,0.501631326,0.277777778,0.460888599,0.055555556,0.23570226,0.055555556,0.23570226,0.222222222,0.427792632,0.055555556,0.23570226,0.0,0.0
30_05_02.bmp,3.2777777777777777,0.277777778,0.460888599,0.5,0.514495755,0.111111111,0.323380833,0.0,0.0,0.333333333,0.48507125,0.0,0.0,0.0,0.0
19_08_02.bmp,3.0,0.166666667,0.383482494,0.444444444,0.511309993,0.055555556,0.23570226,0.055555556,0.23570226,0.111111111,0.323380833,0.111111111,0.323380833,0.055555556,0.23570226
23_15_05.bmp,2.888888888888889,0.055555556,0.23570226,0.333333333,0.48507125,0.055555556,0.23570226,0.388888889,0.501631326,0.277777778,0.460888599,0.111111111,0.323380833,0.055555556,0.23570226
0200.jpg,2.0,0.055555556,0.23570226,0.166666667,0.383482494,0.0,0.0,0.944444444,0.23570226,0.0,0.0,0.0,0.0,0.055555556,0.23570226
22_21_05.bmp,1.3888888888888888,0.111111111,0.323380833,0.222222222,0.427792632,0.055555556,0.23570226,0.777777778,0.427792632,0.055555556,0.23570226,0.055555556,0.23570226,0.0,0.0
11_16_01.bmp,2.833333333333333,0.111111111,0.323380833,0.333333333,0.48507125,0.444444444,0.511309993,0.166666667,0.383482494,0.277777778,0.460888599,0.055555556,0.23570226,0.055555556,0.23570226
17_16_05.bmp,1.7777777777777777,0.166666667,0.383482494,0.777777778,0.427792632,0.0,0.0,0.055555556,0.23570226,0.166666667,0.383482494,0.055555556,0.23570226,0.0,0.0
31_07_01.bmp,3.1666666666666665,0.111111111,0.323380833,0.666666667,0.48507125,0.0,0.0,0.111111111,0.323380833,0.166666667,0.383482494,0.055555556,0.23570226,0.111111111,0.323380833
1005.jpg,3.388888888888889,0.055555556,0.23570226,0.222222222,0.427792632,0.0,0.0,0.666666667,0.48507125,0.222222222,0.427792632,0.0,0.0,0.055555556,0.23570226
19_20_05.bmp,1.7222222222222223,0.555555556,0.511309993,0.166666667,0.383482494,0.277777778,0.460888599,0.222222222,0.427792632,0.111111111,0.323380833,0.111111111,0.323380833,0.055555556,0.23570226
0940.jpg,3.0,0.055555556,0.23570226,0.333333333,0.48507125,0.0,0.0,0.666666667,0.48507125,0.166666667,0.383482494,0.0,0.0,0.055555556,0.23570226
31_21_05.bmp,1.5555555555555556,0.055555556,0.23570226,0.222222222,0.427792632,0.111111111,0.323380833,0.722222222,0.460888599,0.111111111,0.323380833,0.0,0.0,0.0,0.0
21_19_01.bmp,3.6666666666666665,0.111111111,0.323380833,0.555555556,0.511309993,0.277777778,0.460888599,0.0,0.0,0.0,0.0,0.111111111,0.323380833,0.055555556,0.23570226
10_23_03.bmp,2.7777777777777777,0.111111111,0.323380833,0.222222222,0.427792632,0.0,0.0,0.777777778,0.427792632,0.333333333,0.48507125,0.166666667,0.383482494,0.055555556,0.23570226
0002.jpg,3.0,0.0,0.0,0.166666667,0.383482494,0.777777778,0.427792632,0.055555556,0.23570226,0.555555556,0.511309993,0.0,0.0,0.0,0.0
21_18_03.bmp,2.055555555555556,0.111111111,0.323380833,0.777777778,0.427792632,0.0,0.0,0.055555556,0.23570226,0.055555556,0.23570226,0.111111111,0.323380833,0.0,0.0
0066.jpg,3.888888888888889,0.055555556,0.23570226,0.222222222,0.427792632,0.611111111,0.501631326,0.0,0.0,0.055555556,0.23570226,0.055555556,0.23570226,0.0,0.0
12_22_05.bmp,1.6111111111111112,0.222222222,0.427792632,0.722222222,0.460888599,0.111111111,0.323380833,0.111111111,0.323380833,0.055555556,0.23570226,0.0,0.0,0.0,0.0
17_01_01.bmp,3.333333333333333,0.055555556,0.23570226,0.5,0.514495755,0.055555556,0.23570226,0.055555556,0.23570226,0.166666667,0.383482494,0.111111111,0.323380833,0.055555556,0.23570226
25_08_05.bmp,1.6666666666666667,0.333333333,0.48507125,0.777777778,0.427792632,0.055555556,0.23570226,0.055555556,0.23570226,0.111111111,0.323380833,0.111111111,0.323380833,0.0,0.0
20_22_03.bmp,2.4444444444444446,0.166666667,0.383482494,0.611111111,0.501631326,0.111111111,0.323380833,0.055555556,0.23570226,0.111111111,0.323380833,0.111111111,0.323380833,0.0,0.0
05_21_03.bmp,2.6666666666666665,0.111111111,0.323380833,0.388888889,0.501631326,0.611111111,0.501631326,0.055555556,0.23570226,0.0,0.0,0.111111111,0.323380833,0.055555556,0.23570226
09_17_05.bmp,2.0,0.166666667,0.383482494,0.388888889,0.501631326,0.055555556,0.23570226,0.0,0.0,0.222222222,0.427792632,0.166666667,0.383482494,0.222222222,0.427792632
01486.jpg,3.333333333333333,0.055555556,0.23570226,0.611111111,0.501631326,0.222222222,0.427792632,0.0,0.0,0.055555556,0.23570226,0.0,0.0,0.055555556,0.23570226
1106.jpg,2.6666666666666665,0.055555556,0.23570226,0.5,0.514495755,0.555555556,0.511309993,0.055555556,0.23570226,0.055555556,0.23570226,0.0,0.0,0.055555556,0.23570226
26_25_03.bmp,2.833333333333333,0.055555556,0.23570226,0.111111111,0.323380833,0.055555556,0.23570226,0.0,0.0,0.055555556,0.23570226,0.055555556,0.23570226,0.722222222,0.460888599
0202.jpg,1.6666666666666667,0.111111111,0.323380833,0.166666667,0.383482494,0.055555556,0.23570226,0.888888889,0.323380833,0.055555556,0.23570226,0.0,0.0,0.0,0.0
01231.jpg,4.111111111111111,0.166666667,0.383482494,0.222222222,0.427792632,0.0,0.0,0.0,0.0,0.222222222,0.427792632,0.0,0.0,0.111111111,0.323380833
24_18_03.bmp,2.6666666666666665,0.055555556,0.23570226,0.777777778,0.427792632,0.055555556,0.23570226,0.0,0.0,0.0,0.0,0.055555556,0.23570226,0.055555556,0.23570226
01442.jpg,3.4444444444444446,0.166666667,0.383482494,0.555555556,0.511309993,0.222222222,0.427792632,0.0,0.0,0.0,0.0,0.0,0.0,0.0,0.0
36_01_01.bmp,3.2777777777777777,0.055555556,0.23570226,0.5,0.514495755,0.166666667,0.383482494,0.0,0.0,0.0,0.0,0.0,0.0,0.111111111,0.323380833
23_14_05.bmp,1.2222222222222223,0.111111111,0.323380833,0.222222222,0.427792632,0.055555556,0.23570226,0.833333333,0.383482494,0.222222222,0.427792632,0.055555556,0.23570226,0.055555556,0.23570226
35_13_05.bmp,1.5,0.055555556,0.23570226,0.111111111,0.323380833,1.0,0.0,0.055555556,0.23570226,0.055555556,0.23570226,0.0,0.0,0.0,0.0
30_22_05.bmp,1.9444444444444444,0.166666667,0.383482494,0.833333333,0.383482494,0.0,0.0,0.111111111,0.323380833,0.333333333,0.48507125,0.055555556,0.23570226,0.0,0.0
0113.jpg,2.2222222222222223,0.055555556,0.23570226,0.555555556,0.511309993,1.0,0.0,0.0,0.0,0.055555556,0.23570226,0.055555556,0.23570226,0.055555556,0.23570226
22_15_03.bmp,3.2777777777777777,0.055555556,0.23570226,0.555555556,0.511309993,0.111111111,0.323380833,0.055555556,0.23570226,0.111111111,0.323380833,0.111111111,0.323380833,0.0,0.0
0315.jpg,2.555555555555556,0.055555556,0.23570226,0.833333333,0.383482494,0.111111111,0.323380833,0.111111111,0.323380833,0.055555556,0.23570226,0.055555556,0.23570226,0.0,0.0
20_17_04.bmp,2.2777777777777777,0.166666667,0.383482494,0.388888889,0.501631326,0.166666667,0.383482494,0.0,0.0,0.222222222,0.427792632,0.166666667,0.383482494,0.166666667,0.383482494
14_17_04.bmp,2.555555555555556,0.166666667,0.383482494,0.444444444,0.511309993,0.111111111,0.323380833,0.0,0.0,0.111111111,0.323380833,0.111111111,0.323380833,0.166666667,0.383482494
21_05_04.bmp,1.8888888888888888,0.277777778,0.460888599,0.722222222,0.460888599,0.055555556,0.23570226,0.0,0.0,0.055555556,0.23570226,0.055555556,0.23570226,0.055555556,0.23570226
01153.jpg,4.055555555555555,0.222222222,0.427792632,0.222222222,0.427792632,0.0,0.0,0.055555556,0.23570226,0.333333333,0.48507125,0.0,0.0,0.055555556,0.23570226
33_25_01.bmp,3.388888888888889,0.055555556,0.23570226,0.166666667,0.383482494,0.0,0.0,0.055555556,0.23570226,0.333333333,0.48507125,0.055555556,0.23570226,0.555555556,0.511309993
04_20_01.bmp,2.555555555555556,0.333333333,0.48507125,0.666666667,0.48507125,0.111111111,0.323380833,0.166666667,0.383482494,0.277777778,0.460888599,0.0,0.0,0.0,0.0
36_21_04.bmp,2.388888888888889,0.388888889,0.501631326,0.555555556,0.511309993,0.111111111,0.323380833,0.222222222,0.427792632,0.0,0.0,0.111111111,0.323380833,0.055555556,0.23570226
0330.jpg,2.6666666666666665,0.111111111,0.323380833,0.833333333,0.383482494,0.0,0.0,0.111111111,0.323380833,0.111111111,0.323380833,0.055555556,0.23570226,0.0,0.0
23_14_03.bmp,2.611111111111111,0.055555556,0.23570226,0.277777778,0.460888599,0.055555556,0.23570226,0.666666667,0.48507125,0.222222222,0.427792632,0.111111111,0.323380833,0.0,0.0
04_18_02.bmp,2.5,0.166666667,0.383482494,0.777777778,0.427792632,0.055555556,0.23570226,0.055555556,0.23570226,0.166666667,0.383482494,0.055555556,0.23570226,0.055555556,0.23570226
01_16_05.bmp,1.4444444444444444,0.555555556,0.511309993,0.833333333,0.383482494,0.0,0.0,0.111111111,0.323380833,0.055555556,0.23570226,0.055555556,0.23570226,0.055555556,0.23570226
18_03_04.bmp,2.111111111111111,0.055555556,0.23570226,0.888888889,0.323380833,0.055555556,0.23570226,0.055555556,0.23570226,0.0,0.0,0.055555556,0.23570226,0.0,0.0
17_23_02.bmp,2.833333333333333,0.0,0.0,0.166666667,0.383482494,0.111111111,0.323380833,0.777777778,0.427792632,0.166666667,0.383482494,0.055555556,0.23570226,0.0,0.0
37_22_02.bmp,3.111111111111111,0.111111111,0.323380833,0.833333333,0.383482494,0.055555556,0.23570226,0.166666667,0.383482494,0.055555556,0.23570226,0.055555556,0.23570226,0.0,0.0
16_21_01.bmp,2.333333333333333,0.055555556,0.23570226,0.111111111,0.323380833,0.666666667,0.48507125,0.055555556,0.23570226,0.277777778,0.460888599,0.277777778,0.460888599,0.0,0.0
36_18_03.bmp,2.388888888888889,0.111111111,0.323380833,0.777777778,0.427792632,0.111111111,0.323380833,0.055555556,0.23570226,0.0,0.0,0.0,0.0,0.055555556,0.23570226
0673.jpg,3.2777777777777777,0.055555556,0.23570226,0.333333333,0.48507125,0.055555556,0.23570226,0.055555556,0.23570226,0.333333333,0.48507125,0.166666667,0.383482494,0.055555556,0.23570226
03_18_04.bmp,2.9444444444444446,0.277777778,0.460888599,0.5,0.514495755,0.0,0.0,0.055555556,0.23570226,0.166666667,0.383482494,0.055555556,0.23570226,0.055555556,0.23570226
0656.jpg,3.333333333333333,0.111111111,0.323380833,0.333333333,0.48507125,0.0,0.0,0.055555556,0.23570226,0.111111111,0.323380833,0.111111111,0.323380833,0.722222222,0.460888599
22_17_03.bmp,2.7222222222222223,0.111111111,0.323380833,0.5,0.514495755,0.0,0.0,0.055555556,0.23570226,0.166666667,0.383482494,0.277777778,0.460888599,0.111111111,0.323380833
03_13_01.bmp,3.6666666666666665,0.166666667,0.383482494,0.055555556,0.23570226,0.166666667,0.383482494,0.055555556,0.23570226,0.111111111,0.323380833,0.055555556,0.23570226,0.055555556,0.23570226
37_10_02.bmp,3.333333333333333,0.666666667,0.48507125,0.333333333,0.48507125,0.0,0.0,0.055555556,0.23570226,0.111111111,0.323380833,0.055555556,0.23570226,0.0,0.0
04_14_05.bmp,1.9444444444444444,0.166666667,0.383482494,0.611111111,0.501631326,0.111111111,0.323380833,0.555555556,0.511309993,0.277777778,0.460888599,0.055555556,0.23570226,0.0,0.0
03_23_02.bmp,3.1666666666666665,0.055555556,0.23570226,0.111111111,0.323380833,0.055555556,0.23570226,0.777777778,0.427792632,0.055555556,0.23570226,0.0,0.0,0.055555556,0.23570226
01328.jpg,3.1666666666666665,0.222222222,0.427792632,0.722222222,0.460888599,0.166666667,0.383482494,0.0,0.0,0.055555556,0.23570226,0.0,0.0,0.0,0.0
11_12_01.bmp,3.111111111111111,0.222222222,0.427792632,0.388888889,0.501631326,0.0,0.0,0.055555556,0.23570226,0.277777778,0.460888599,0.111111111,0.323380833,0.0,0.0
30_01_02.bmp,3.4444444444444446,0.111111111,0.323380833,0.166666667,0.383482494,0.055555556,0.23570226,0.111111111,0.323380833,0.333333333,0.48507125,0.0,0.0,0.0,0.0
0867.jpg,3.611111111111111,0.166666667,0.383482494,0.444444444,0.511309993,0.0,0.0,0.055555556,0.23570226,0.166666667,0.383482494,0.0,0.0,0.055555556,0.23570226
04_08_04.bmp,2.1666666666666665,0.611111111,0.501631326,0.722222222,0.460888599,0.166666667,0.383482494,0.0,0.0,0.277777778,0.460888599,0.111111111,0.323380833,0.055555556,0.23570226
28_02_01.bmp,3.2222222222222223,0.0,0.0,0.666666667,0.48507125,0.111111111,0.323380833,0.055555556,0.23570226,0.166666667,0.383482494,0.055555556,0.23570226,0.0,0.0
13_05_03.bmp,2.388888888888889,0.277777778,0.460888599,0.722222222,0.460888599,0.111111111,0.323380833,0.0,0.0,0.166666667,0.383482494,0.055555556,0.23570226,0.111111111,0.323380833
22_19_05.bmp,2.111111111111111,0.055555556,0.23570226,0.222222222,0.427792632,0.833333333,0.383482494,0.0,0.0,0.055555556,0.23570226,0.0,0.0,0.0,0.0
32_16_04.bmp,2.0,0.222222222,0.427792632,0.833333333,0.383482494,0.055555556,0.23570226,0.055555556,0.23570226,0.333333333,0.48507125,0.055555556,0.23570226,0.0,0.0
33_12_01.bmp,3.2222222222222223,0.055555556,0.23570226,0.555555556,0.511309993,0.055555556,0.23570226,0.0,0.0,0.444444444,0.511309993,0.0,0.0,0.0,0.0
34_05_02.bmp,3.333333333333333,0.222222222,0.427792632,0.5,0.514495755,0.166666667,0.383482494,0.111111111,0.323380833,0.0,0.0,0.055555556,0.23570226,0.055555556,0.23570226
37_25_01.bmp,3.055555555555556,0.055555556,0.23570226,0.166666667,0.383482494,0.0,0.0,0.055555556,0.23570226,0.055555556,0.23570226,0.055555556,0.23570226,0.888888889,0.323380833
23_21_04.bmp,1.9444444444444444,0.055555556,0.23570226,0.277777778,0.460888599,0.111111111,0.323380833,0.722222222,0.460888599,0.111111111,0.323380833,0.0,0.0,0.055555556,0.23570226
35_23_04.bmp,2.1666666666666665,0.0,0.0,0.333333333,0.48507125,0.055555556,0.23570226,0.722222222,0.460888599,0.0,0.0,0.0,0.0,0.166666667,0.383482494
0378.jpg,2.2222222222222223,0.111111111,0.323380833,0.888888889,0.323380833,0.0,0.0,0.111111111,0.323380833,0.0,0.0,0.0,0.0,0.0,0.0
25_19_03.bmp,2.6666666666666665,0.166666667,0.383482494,0.444444444,0.511309993,0.611111111,0.501631326,0.0,0.0,0.111111111,0.323380833,0.0,0.0,0.055555556,0.23570226
18_02_01.bmp,3.1666666666666665,0.277777778,0.460888599,0.666666667,0.48507125,0.055555556,0.23570226,0.0,0.0,0.055555556,0.23570226,0.0,0.0,0.055555556,0.23570226
14_03_03.bmp,2.5,0.0,0.0,0.888888889,0.323380833,0.055555556,0.23570226,0.0,0.0,0.0,0.0,0.111111111,0.323380833,0.0,0.0
03_20_01.bmp,2.611111111111111,0.388888889,0.501631326,0.166666667,0.383482494,0.277777778,0.460888599,0.111111111,0.323380833,0.055555556,0.23570226,0.0,0.0,0.0,0.0
0261.jpg,1.6111111111111112,0.222222222,0.427792632,0.222222222,0.427792632,0.111111111,0.323380833,0.833333333,0.383482494,0.055555556,0.23570226,0.0,0.0,0.0,0.0
04_11_01.bmp,2.833333333333333,0.333333333,0.48507125,0.388888889,0.501631326,0.055555556,0.23570226,0.0,0.0,0.222222222,0.427792632,0.055555556,0.23570226,0.055555556,0.23570226
16_13_01.bmp,3.333333333333333,0.0,0.0,0.111111111,0.323380833,0.166666667,0.383482494,0.0,0.0,0.388888889,0.501631326,0.333333333,0.48507125,0.0,0.0
13_09_02.bmp,3.0,0.833333333,0.383482494,0.222222222,0.427792632,0.055555556,0.23570226,0.0,0.0,0.222222222,0.427792632,0.0,0.0,0.111111111,0.323380833
19_17_03.bmp,2.611111111111111,0.055555556,0.23570226,0.444444444,0.511309993,0.055555556,0.23570226,0.0,0.0,0.277777778,0.460888599,0.277777778,0.460888599,0.222222222,0.427792632
27_13_04.bmp,2.833333333333333,0.055555556,0.23570226,0.222222222,0.427792632,0.555555556,0.511309993,0.055555556,0.23570226,0.444444444,0.511309993,0.0,0.0,0.055555556,0.23570226
04_12_04.bmp,2.333333333333333,0.777777778,0.427792632,0.444444444,0.511309993,0.111111111,0.323380833,0.055555556,0.23570226,0.277777778,0.460888599,0.055555556,0.23570226,0.0,0.0
36_22_01.bmp,2.7777777777777777,0.166666667,0.383482494,0.5,0.514495755,0.333333333,0.48507125,0.0,0.0,0.0,0.0,0.0,0.0,0.111111111,0.323380833
03_25_04.bmp,2.7777777777777777,0.055555556,0.23570226,0.055555556,0.23570226,0.0,0.0,0.055555556,0.23570226,0.055555556,0.23570226,0.055555556,0.23570226,0.944444444,0.23570226
08_22_03.bmp,2.7777777777777777,0.333333333,0.48507125,0.555555556,0.511309993,0.0,0.0,0.0,0.0,0.055555556,0.23570226,0.0,0.0,0.055555556,0.23570226
0869.jpg,3.611111111111111,0.055555556,0.23570226,0.5,0.514495755,0.055555556,0.23570226,0.0,0.0,0.222222222,0.427792632,0.0,0.0,0.0,0.0
35_18_01.bmp,2.555555555555556,0.111111111,0.323380833,0.666666667,0.48507125,0.111111111,0.323380833,0.0,0.0,0.055555556,0.23570226,0.0,0.0,0.111111111,0.323380833
34_25_04.bmp,2.2777777777777777,0.111111111,0.323380833,0.111111111,0.323380833,0.111111111,0.323380833,0.055555556,0.23570226,0.0,0.0,0.0,0.0,0.944444444,0.23570226
0732.jpg,3.2777777777777777,0.055555556,0.23570226,0.277777778,0.460888599,0.055555556,0.23570226,0.0,0.0,0.388888889,0.501631326,0.111111111,0.323380833,0.055555556,0.23570226
25_02_03.bmp,1.7222222222222223,0.055555556,0.23570226,1.0,0.0,0.111111111,0.323380833,0.0,0.0,0.111111111,0.323380833,0.0,0.0,0.0,0.0
03_19_01.bmp,3.7777777777777777,0.055555556,0.23570226,0.222222222,0.427792632,0.0,0.0,0.0,0.0,0.166666667,0.383482494,0.055555556,0.23570226,0.111111111,0.323380833
14_24_05.bmp,1.2777777777777777,0.055555556,0.23570226,0.888888889,0.323380833,0.111111111,0.323380833,0.0,0.0,0.055555556,0.23570226,0.055555556,0.23570226,0.0,0.0
14_22_04.bmp,2.0,0.222222222,0.427792632,0.833333333,0.383482494,0.055555556,0.23570226,0.0,0.0,0.055555556,0.23570226,0.055555556,0.23570226,0.055555556,0.23570226
10_21_04.bmp,1.9444444444444444,0.055555556,0.23570226,0.555555556,0.511309993,0.277777778,0.460888599,0.388888889,0.501631326,0.277777778,0.460888599,0.222222222,0.427792632,0.055555556,0.23570226
33_13_01.bmp,3.388888888888889,0.111111111,0.323380833,0.166666667,0.383482494,0.166666667,0.383482494,0.0,0.0,0.5,0.514495755,0.0,0.0,0.055555556,0.23570226
26_01_01.bmp,4.555555555555555,0.0,0.0,0.166666667,0.383482494,0.055555556,0.23570226,0.055555556,0.23570226,0.055555556,0.23570226,0.0,0.0,0.055555556,0.23570226
25_04_05.bmp,2.2777777777777777,0.277777778,0.460888599,0.5,0.514495755,0.222222222,0.427792632,0.0,0.0,0.111111111,0.323380833,0.111111111,0.323380833,0.055555556,0.23570226
28_14_02.bmp,3.1666666666666665,0.111111111,0.323380833,0.388888889,0.501631326,0.055555556,0.23570226,0.166666667,0.383482494,0.277777778,0.460888599,0.111111111,0.323380833,0.0,0.0
04_16_04.bmp,1.9444444444444444,0.277777778,0.460888599,0.833333333,0.383482494,0.055555556,0.23570226,0.0,0.0,0.222222222,0.427792632,0.055555556,0.23570226,0.0,0.0
01461.jpg,3.1666666666666665,0.055555556,0.23570226,0.777777778,0.427792632,0.111111111,0.323380833,0.0,0.0,0.0,0.0,0.0,0.0,0.055555556,0.23570226
14_03_01.bmp,3.6666666666666665,0.111111111,0.323380833,0.333333333,0.48507125,0.111111111,0.323380833,0.055555556,0.23570226,0.0,0.0,0.055555556,0.23570226,0.055555556,0.23570226
37_03_03.bmp,2.9444444444444446,0.111111111,0.323380833,0.666666667,0.48507125,0.0,0.0,0.055555556,0.23570226,0.055555556,0.23570226,0.111111111,0.323380833,0.0,0.0
19_10_03.bmp,2.7222222222222223,0.722222222,0.460888599,0.333333333,0.48507125,0.055555556,0.23570226,0.0,0.0,0.111111111,0.323380833,0.111111111,0.323380833,0.055555556,0.23570226
36_07_05.bmp,1.5,0.055555556,0.23570226,0.833333333,0.383482494,0.055555556,0.23570226,0.055555556,0.23570226,0.0,0.0,0.055555556,0.23570226,0.055555556,0.23570226
01182.jpg,3.388888888888889,0.166666667,0.383482494,0.5,0.514495755,0.0,0.0,0.166666667,0.383482494,0.666666667,0.48507125,0.0,0.0,0.055555556,0.23570226
20_21_03.bmp,2.2777777777777777,0.055555556,0.23570226,0.277777778,0.460888599,0.666666667,0.48507125,0.055555556,0.23570226,0.111111111,0.323380833,0.055555556,0.23570226,0.0,0.0
23_20_05.bmp,1.7777777777777777,0.555555556,0.511309993,0.388888889,0.501631326,0.166666667,0.383482494,0.277777778,0.460888599,0.166666667,0.383482494,0.0,0.0,0.0,0.0
0077.jpg,3.555555555555556,0.055555556,0.23570226,0.222222222,0.427792632,0.444444444,0.511309993,0.0,0.0,0.222222222,0.427792632,0.055555556,0.23570226,0.055555556,0.23570226
31_07_03.bmp,2.0,0.055555556,0.23570226,0.833333333,0.383482494,0.0,0.0,0.0,0.0,0.111111111,0.323380833,0.055555556,0.23570226,0.111111111,0.323380833
07_01_01.bmp,3.333333333333333,0.055555556,0.23570226,0.5,0.514495755,0.388888889,0.501631326,0.055555556,0.23570226,0.166666667,0.383482494,0.0,0.0,0.055555556,0.23570226
26_18_03.bmp,2.888888888888889,0.111111111,0.323380833,0.722222222,0.460888599,0.111111111,0.323380833,0.0,0.0,0.111111111,0.323380833,0.055555556,0.23570226,0.055555556,0.23570226
03_19_03.bmp,3.388888888888889,0.222222222,0.427792632,0.222222222,0.427792632,0.166666667,0.383482494,0.055555556,0.23570226,0.111111111,0.323380833,0.0,0.0,0.111111111,0.323380833
01443.jpg,3.611111111111111,0.111111111,0.323380833,0.444444444,0.511309993,0.111111111,0.323380833,0.055555556,0.23570226,0.0,0.0,0.0,0.0,0.055555556,0.23570226
0117.jpg,2.2222222222222223,0.055555556,0.23570226,0.333333333,0.48507125,0.944444444,0.23570226,0.055555556,0.23570226,0.055555556,0.23570226,0.0,0.0,0.0,0.0
03_01_01.bmp,3.9444444444444446,0.111111111,0.323380833,0.166666667,0.383482494,0.055555556,0.23570226,0.0,0.0,0.111111111,0.323380833,0.0,0.0,0.111111111,0.323380833
35_09_04.bmp,1.8333333333333333,0.777777778,0.427792632,0.388888889,0.501631326,0.111111111,0.323380833,0.0,0.0,0.055555556,0.23570226,0.0,0.0,0.055555556,0.23570226
36_16_03.bmp,2.555555555555556,0.166666667,0.383482494,0.833333333,0.383482494,0.0,0.0,0.055555556,0.23570226,0.0,0.0,0.0,0.0,0.111111111,0.323380833
0434.jpg,2.6666666666666665,0.166666667,0.383482494,0.722222222,0.460888599,0.0,0.0,0.055555556,0.23570226,0.055555556,0.23570226,0.111111111,0.323380833,0.055555556,0.23570226
15_04_04.bmp,2.5,0.333333333,0.48507125,0.111111111,0.323380833,0.166666667,0.383482494,0.055555556,0.23570226,0.222222222,0.427792632,0.222222222,0.427792632,0.111111111,0.323380833
27_02_05.bmp,1.3333333333333333,0.0,0.0,0.944444444,0.23570226,0.055555556,0.23570226,0.0,0.0,0.333333333,0.48507125,0.0,0.0,0.0,0.0
08_12_02.bmp,3.7777777777777777,0.444444444,0.511309993,0.055555556,0.23570226,0.0,0.0,0.055555556,0.23570226,0.055555556,0.23570226,0.055555556,0.23570226,0.0,0.0
0630.jpg,3.2222222222222223,0.111111111,0.323380833,0.5,0.514495755,0.0,0.0,0.166666667,0.383482494,0.055555556,0.23570226,0.111111111,0.323380833,0.055555556,0.23570226
05_13_03.bmp,3.055555555555556,0.166666667,0.383482494,0.277777778,0.460888599,0.555555556,0.511309993,0.0,0.0,0.0,0.0,0.055555556,0.23570226,0.111111111,0.323380833
0842.jpg,3.4444444444444446,0.222222222,0.427792632,0.388888889,0.501631326,0.0,0.0,0.055555556,0.23570226,0.111111111,0.323380833,0.166666667,0.383482494,0.055555556,0.23570226
0332.jpg,1.6666666666666667,0.055555556,0.23570226,0.944444444,0.23570226,0.0,0.0,0.166666667,0.383482494,0.0,0.0,0.055555556,0.23570226,0.0,0.0
11_24_04.bmp,1.7777777777777777,0.055555556,0.23570226,0.833333333,0.383482494,0.0,0.0,0.0,0.0,0.277777778,0.460888599,0.0,0.0,0.111111111,0.323380833
01_08_04.bmp,2.2777777777777777,0.333333333,0.48507125,0.777777778,0.427792632,0.111111111,0.323380833,0.0,0.0,0.0,0.0,0.0,0.0,0.055555556,0.23570226
20_24_04.bmp,1.5555555555555556,0.055555556,0.23570226,0.944444444,0.23570226,0.166666667,0.383482494,0.0,0.0,0.055555556,0.23570226,0.0,0.0,0.0,0.0
0301.jpg,1.8888888888888888,0.222222222,0.427792632,0.555555556,0.511309993,0.0,0.0,0.666666667,0.48507125,0.166666667,0.383482494,0.0,0.0,0.055555556,0.23570226
18_08_03.bmp,2.4444444444444446,0.388888889,0.501631326,0.555555556,0.511309993,0.055555556,0.23570226,0.055555556,0.23570226,0.0,0.0,0.055555556,0.23570226,0.055555556,0.23570226
03_22_02.bmp,3.111111111111111,0.277777778,0.460888599,0.5,0.514495755,0.111111111,0.323380833,0.055555556,0.23570226,0.111111111,0.323380833,0.0,0.0,0.0,0.0
19_11_01.bmp,3.388888888888889,0.5,0.514495755,0.222222222,0.427792632,0.055555556,0.23570226,0.0,0.0,0.166666667,0.383482494,0.111111111,0.323380833,0.055555556,0.23570226
13_24_01.bmp,3.388888888888889,0.111111111,0.323380833,0.611111111,0.501631326,0.222222222,0.427792632,0.0,0.0,0.111111111,0.323380833,0.0,0.0,0.055555556,0.23570226
12_17_02.bmp,2.888888888888889,0.111111111,0.323380833,0.388888889,0.501631326,0.055555556,0.23570226,0.0,0.0,0.111111111,0.323380833,0.111111111,0.323380833,0.222222222,0.427792632
10_18_02.bmp,2.333333333333333,0.055555556,0.23570226,0.722222222,0.460888599,0.055555556,0.23570226,0.055555556,0.23570226,0.444444444,0.511309993,0.277777778,0.460888599,0.111111111,0.323380833
04_06_05.bmp,1.8888888888888888,0.444444444,0.511309993,0.722222222,0.460888599,0.222222222,0.427792632,0.0,0.0,0.055555556,0.23570226,0.222222222,0.427792632,0.0,0.0
29_17_01.bmp,2.888888888888889,0.055555556,0.23570226,0.5,0.514495755,0.055555556,0.23570226,0.0,0.0,0.166666667,0.383482494,0.222222222,0.427792632,0.222222222,0.427792632
0566.jpg,3.1666666666666665,0.111111111,0.323380833,0.277777778,0.460888599,0.055555556,0.23570226,0.111111111,0.323380833,0.722222222,0.460888599,0.0,0.0,0.0,0.0
0448.jpg,2.7777777777777777,0.111111111,0.323380833,0.833333333,0.383482494,0.0,0.0,0.111111111,0.323380833,0.055555556,0.23570226,0.0,0.0,0.055555556,0.23570226
29_08_03.bmp,2.611111111111111,0.444444444,0.511309993,0.555555556,0.511309993,0.055555556,0.23570226,0.0,0.0,0.111111111,0.323380833,0.111111111,0.323380833,0.055555556,0.23570226
37_22_03.bmp,2.4444444444444446,0.222222222,0.427792632,0.833333333,0.383482494,0.0,0.0,0.055555556,0.23570226,0.055555556,0.23570226,0.111111111,0.323380833,0.0,0.0
0445.jpg,2.888888888888889,0.055555556,0.23570226,0.777777778,0.427792632,0.055555556,0.23570226,0.055555556,0.23570226,0.055555556,0.23570226,0.166666667,0.383482494,0.055555556,0.23570226
36_19_02.bmp,3.333333333333333,0.055555556,0.23570226,0.611111111,0.501631326,0.166666667,0.383482494,0.055555556,0.23570226,0.0,0.0,0.0,0.0,0.055555556,0.23570226
28_13_03.bmp,2.9444444444444446,0.111111111,0.323380833,0.333333333,0.48507125,0.555555556,0.511309993,0.055555556,0.23570226,0.166666667,0.383482494,0.111111111,0.323380833,0.0,0.0
0438.jpg,3.0,0.055555556,0.23570226,0.777777778,0.427792632,0.055555556,0.23570226,0.055555556,0.23570226,0.111111111,0.323380833,0.0,0.0,0.111111111,0.323380833
16_20_05.bmp,1.7777777777777777,0.555555556,0.511309993,0.166666667,0.383482494,0.333333333,0.48507125,0.222222222,0.427792632,0.277777778,0.460888599,0.277777778,0.460888599,0.055555556,0.23570226
0864.jpg,3.611111111111111,0.055555556,0.23570226,0.555555556,0.511309993,0.0,0.0,0.0,0.0,0.166666667,0.383482494,0.0,0.0,0.0,0.0
04_24_05.bmp,1.3888888888888888,0.055555556,0.23570226,1.0,0.0,0.166666667,0.383482494,0.0,0.0,0.111111111,0.323380833,0.0,0.0,0.0,0.0
16_01_04.bmp,2.1666666666666665,0.055555556,0.23570226,0.777777778,0.427792632,0.055555556,0.23570226,0.0,0.0,0.333333333,0.48507125,0.555555556,0.511309993,0.0,0.0
09_12_02.bmp,2.888888888888889,0.555555556,0.511309993,0.5,0.514495755,0.111111111,0.323380833,0.0,0.0,0.166666667,0.383482494,0.055555556,0.23570226,0.0,0.0
24_20_04.bmp,2.055555555555556,0.555555556,0.511309993,0.388888889,0.501631326,0.111111111,0.323380833,0.222222222,0.427792632,0.111111111,0.323380833,0.0,0.0,0.0,0.0
01288.jpg,2.833333333333333,0.277777778,0.460888599,0.777777778,0.427792632,0.055555556,0.23570226,0.0,0.0,0.611111111,0.501631326,0.0,0.0,0.0,0.0
05_16_01.bmp,3.2777777777777777,0.111111111,0.323380833,0.444444444,0.511309993,0.277777778,0.460888599,0.055555556,0.23570226,0.0,0.0,0.055555556,0.23570226,0.055555556,0.23570226
23_19_05.bmp,2.5,0.055555556,0.23570226,0.222222222,0.427792632,0.666666667,0.48507125,0.0,0.0,0.055555556,0.23570226,0.0,0.0,0.055555556,0.23570226
23_16_01.bmp,3.2222222222222223,0.111111111,0.323380833,0.333333333,0.48507125,0.277777778,0.460888599,0.055555556,0.23570226,0.222222222,0.427792632,0.0,0.0,0.0,0.0
01240.jpg,2.611111111111111,0.333333333,0.48507125,0.888888889,0.323380833,0.055555556,0.23570226,0.333333333,0.48507125,0.111111111,0.323380833,0.111111111,0.323380833,0.0,0.0
0908.jpg,3.7777777777777777,0.222222222,0.427792632,0.388888889,0.501631326,0.055555556,0.23570226,0.0,0.0,0.222222222,0.427792632,0.0,0.0,0.0,0.0
30_02_04.bmp,1.6666666666666667,0.055555556,0.23570226,0.888888889,0.323380833,0.111111111,0.323380833,0.0,0.0,0.333333333,0.48507125,0.0,0.0,0.0,0.0
03_09_04.bmp,2.7222222222222223,0.722222222,0.460888599,0.166666667,0.383482494,0.111111111,0.323380833,0.055555556,0.23570226,0.166666667,0.383482494,0.0,0.0,0.055555556,0.23570226
0004.jpg,2.888888888888889,0.055555556,0.23570226,0.277777778,0.460888599,0.833333333,0.383482494,0.055555556,0.23570226,0.222222222,0.427792632,0.055555556,0.23570226,0.0,0.0
31_25_02.bmp,2.6666666666666665,0.055555556,0.23570226,0.055555556,0.23570226,0.0,0.0,0.055555556,0.23570226,0.166666667,0.383482494,0.055555556,0.23570226,0.944444444,0.23570226
17_19_05.bmp,1.6111111111111112,0.055555556,0.23570226,0.166666667,0.383482494,0.833333333,0.383482494,0.055555556,0.23570226,0.111111111,0.323380833,0.055555556,0.23570226,0.0,0.0
01349.jpg,2.833333333333333,0.166666667,0.383482494,0.777777778,0.427792632,0.055555556,0.23570226,0.055555556,0.23570226,0.0,0.0,0.0,0.0,0.055555556,0.23570226
29_18_03.bmp,3.055555555555556,0.111111111,0.323380833,0.666666667,0.48507125,0.0,0.0,0.0,0.0,0.111111111,0.323380833,0.111111111,0.323380833,0.0,0.0
0541.jpg,2.888888888888889,0.055555556,0.23570226,0.388888889,0.501631326,0.0,0.0,0.111111111,0.323380833,0.833333333,0.383482494,0.0,0.0,0.0,0.0
01338.jpg,3.055555555555556,0.166666667,0.383482494,0.722222222,0.460888599,0.111111111,0.323380833,0.0,0.0,0.0,0.0,0.0,0.0,0.0,0.0
1125.jpg,2.7222222222222223,0.111111111,0.323380833,0.111111111,0.323380833,0.0,0.0,0.0,0.0,0.444444444,0.511309993,0.666666667,0.48507125,0.0,0.0
0900.jpg,3.7777777777777777,0.111111111,0.323380833,0.5,0.514495755,0.0,0.0,0.0,0.0,0.111111111,0.323380833,0.0,0.0,0.055555556,0.23570226
20_02_02.bmp,2.611111111111111,0.0,0.0,0.777777778,0.427792632,0.055555556,0.23570226,0.0,0.0,0.166666667,0.383482494,0.055555556,0.23570226,0.055555556,0.23570226
0380.jpg,2.055555555555556,0.055555556,0.23570226,0.833333333,0.383482494,0.111111111,0.323380833,0.055555556,0.23570226,0.055555556,0.23570226,0.055555556,0.23570226,0.0,0.0
19_12_05.bmp,2.055555555555556,0.722222222,0.460888599,0.222222222,0.427792632,0.055555556,0.23570226,0.0,0.0,0.166666667,0.383482494,0.111111111,0.323380833,0.111111111,0.323380833
21_19_05.bmp,1.9444444444444444,0.111111111,0.323380833,0.166666667,0.383482494,0.722222222,0.460888599,0.055555556,0.23570226,0.0,0.0,0.055555556,0.23570226,0.0,0.0
21_11_05.bmp,2.2222222222222223,0.777777778,0.427792632,0.222222222,0.427792632,0.055555556,0.23570226,0.0,0.0,0.055555556,0.23570226,0.055555556,0.23570226,0.0,0.0
01498.jpg,3.611111111111111,0.111111111,0.323380833,0.555555556,0.511309993,0.166666667,0.383482494,0.055555556,0.23570226,0.0,0.0,0.0,0.0,0.0,0.0
0628.jpg,3.111111111111111,0.111111111,0.323380833,0.5,0.514495755,0.0,0.0,0.166666667,0.383482494,0.111111111,0.323380833,0.055555556,0.23570226,0.055555556,0.23570226
28_11_02.bmp,3.0,0.555555556,0.511309993,0.166666667,0.383482494,0.166666667,0.383482494,0.055555556,0.23570226,0.277777778,0.460888599,0.0,0.0,0.0,0.0
26_11_02.bmp,3.333333333333333,0.666666667,0.48507125,0.055555556,0.23570226,0.166666667,0.383482494,0.0,0.0,0.055555556,0.23570226,0.055555556,0.23570226,0.0,0.0
35_01_01.bmp,3.0,0.166666667,0.383482494,0.666666667,0.48507125,0.055555556,0.23570226,0.0,0.0,0.055555556,0.23570226,0.055555556,0.23570226,0.111111111,0.323380833
26_15_02.bmp,4.0,0.055555556,0.23570226,0.111111111,0.323380833,0.333333333,0.48507125,0.055555556,0.23570226,0.0,0.0,0.0,0.0,0.0,0.0
22_06_01.bmp,3.111111111111111,0.222222222,0.427792632,0.444444444,0.511309993,0.166666667,0.383482494,0.0,0.0,0.111111111,0.323380833,0.277777778,0.460888599,0.0,0.0
0598.jpg,3.6666666666666665,0.111111111,0.323380833,0.277777778,0.460888599,0.0,0.0,0.111111111,0.323380833,0.277777778,0.460888599,0.055555556,0.23570226,0.055555556,0.23570226
15_18_04.bmp,2.611111111111111,0.222222222,0.427792632,0.611111111,0.501631326,0.0,0.0,0.0,0.0,0.222222222,0.427792632,0.055555556,0.23570226,0.0,0.0
10_16_03.bmp,2.833333333333333,0.055555556,0.23570226,0.611111111,0.501631326,0.055555556,0.23570226,0.166666667,0.383482494,0.333333333,0.48507125,0.166666667,0.383482494,0.0,0.0
15_23_02.bmp,3.111111111111111,0.055555556,0.23570226,0.166666667,0.383482494,0.055555556,0.23570226,0.722222222,0.460888599,0.166666667,0.383482494,0.055555556,0.23570226,0.055555556,0.23570226
02_22_01.bmp,2.7222222222222223,0.166666667,0.383482494,0.5,0.514495755,0.055555556,0.23570226,0.055555556,0.23570226,0.333333333,0.48507125,0.055555556,0.23570226,0.055555556,0.23570226
14_11_01.bmp,3.333333333333333,0.5,0.514495755,0.333333333,0.48507125,0.055555556,0.23570226,0.055555556,0.23570226,0.055555556,0.23570226,0.055555556,0.23570226,0.055555556,0.23570226
0490.jpg,3.388888888888889,0.111111111,0.323380833,0.333333333,0.48507125,0.0,0.0,0.055555556,0.23570226,0.611111111,0.501631326,0.0,0.0,0.0,0.0
0631.jpg,3.555555555555556,0.111111111,0.323380833,0.388888889,0.501631326,0.0,0.0,0.166666667,0.383482494,0.055555556,0.23570226,0.0,0.0,0.055555556,0.23570226
0325.jpg,3.0,0.111111111,0.323380833,0.777777778,0.427792632,0.055555556,0.23570226,0.111111111,0.323380833,0.111111111,0.323380833,0.0,0.0,0.0,0.0
37_15_03.bmp,3.388888888888889,0.055555556,0.23570226,0.388888889,0.501631326,0.111111111,0.323380833,0.222222222,0.427792632,0.111111111,0.323380833,0.055555556,0.23570226,0.0,0.0
36_05_01.bmp,3.2222222222222223,0.277777778,0.460888599,0.5,0.514495755,0.111111111,0.323380833,0.055555556,0.23570226,0.0,0.0,0.055555556,0.23570226,0.055555556,0.23570226
01475.jpg,3.4444444444444446,0.055555556,0.23570226,0.666666667,0.48507125,0.111111111,0.323380833,0.055555556,0.23570226,0.055555556,0.23570226,0.0,0.0,0.055555556,0.23570226
33_17_02.bmp,3.111111111111111,0.111111111,0.323380833,0.555555556,0.511309993,0.0,0.0,0.055555556,0.23570226,0.444444444,0.511309993,0.166666667,0.383482494,0.166666667,0.383482494
27_24_05.bmp,1.5,0.055555556,0.23570226,0.888888889,0.323380833,0.0,0.0,0.0,0.0,0.277777778,0.460888599,0.055555556,0.23570226,0.0,0.0
34_23_05.bmp,1.9444444444444444,0.111111111,0.323380833,0.111111111,0.323380833,0.166666667,0.383482494,0.722222222,0.460888599,0.0,0.0,0.0,0.0,0.277777778,0.460888599
0821.jpg,3.2222222222222223,0.055555556,0.23570226,0.5,0.514495755,0.0,0.0,0.055555556,0.23570226,0.111111111,0.323380833,0.055555556,0.23570226,0.0,0.0
29_16_01.bmp,3.1666666666666665,0.222222222,0.427792632,0.5,0.514495755,0.0,0.0,0.055555556,0.23570226,0.055555556,0.23570226,0.166666667,0.383482494,0.055555556,0.23570226
33_10_05.bmp,2.333333333333333,0.722222222,0.460888599,0.333333333,0.48507125,0.055555556,0.23570226,0.0,0.0,0.444444444,0.511309993,0.0,0.0,0.0,0.0
20_21_04.bmp,2.333333333333333,0.111111111,0.323380833,0.222222222,0.427792632,0.055555556,0.23570226,0.5,0.514495755,0.111111111,0.323380833,0.055555556,0.23570226,0.055555556,0.23570226
35_05_03.bmp,1.8888888888888888,0.388888889,0.501631326,0.833333333,0.383482494,0.055555556,0.23570226,0.055555556,0.23570226,0.0,0.0,0.0,0.0,0.055555556,0.23570226
01_18_05.bmp,1.5,0.166666667,0.383482494,0.833333333,0.383482494,0.222222222,0.427792632,0.0,0.0,0.0,0.0,0.0,0.0,0.111111111,0.323380833
20_17_05.bmp,2.055555555555556,0.111111111,0.323380833,0.5,0.514495755,0.055555556,0.23570226,0.0,0.0,0.222222222,0.427792632,0.222222222,0.427792632,0.111111111,0.323380833
36_04_01.bmp,3.5,0.111111111,0.323380833,0.444444444,0.511309993,0.166666667,0.383482494,0.055555556,0.23570226,0.0,0.0,0.0,0.0,0.055555556,0.23570226
11_09_05.bmp,1.9444444444444444,0.944444444,0.23570226,0.222222222,0.427792632,0.0,0.0,0.055555556,0.23570226,0.222222222,0.427792632,0.111111111,0.323380833,0.0,0.0
25_09_01.bmp,2.9444444444444446,0.666666667,0.48507125,0.444444444,0.511309993,0.166666667,0.383482494,0.0,0.0,0.111111111,0.323380833,0.0,0.0,0.055555556,0.23570226
0052.jpg,3.2777777777777777,0.0,0.0,0.333333333,0.48507125,0.833333333,0.383482494,0.0,0.0,0.277777778,0.460888599,0.0,0.0,0.0,0.0
16_24_04.bmp,1.8333333333333333,0.0,0.0,0.888888889,0.323380833,0.055555556,0.23570226,0.0,0.0,0.277777778,0.460888599,0.333333333,0.48507125,0.055555556,0.23570226
01354.jpg,2.9444444444444446,0.055555556,0.23570226,0.722222222,0.460888599,0.111111111,0.323380833,0.0,0.0,0.0,0.0,0.0,0.0,0.055555556,0.23570226
0417.jpg,2.9444444444444446,0.055555556,0.23570226,0.777777778,0.427792632,0.0,0.0,0.111111111,0.323380833,0.0,0.0,0.055555556,0.23570226,0.111111111,0.323380833
34_20_04.bmp,2.388888888888889,0.333333333,0.48507125,0.611111111,0.501631326,0.166666667,0.383482494,0.111111111,0.323380833,0.0,0.0,0.111111111,0.323380833,0.0,0.0
22_03_03.bmp,2.388888888888889,0.111111111,0.323380833,0.833333333,0.383482494,0.0,0.0,0.0,0.0,0.166666667,0.383482494,0.111111111,0.323380833,0.0,0.0
0705.jpg,3.7222222222222223,0.055555556,0.23570226,0.277777778,0.460888599,0.0,0.0,0.222222222,0.427792632,0.166666667,0.383482494,0.055555556,0.23570226,0.055555556,0.23570226
01_09_03.bmp,2.555555555555556,0.666666667,0.48507125,0.444444444,0.511309993,0.166666667,0.383482494,0.055555556,0.23570226,0.0,0.0,0.0,0.0,0.055555556,0.23570226
01_23_04.bmp,2.2222222222222223,0.055555556,0.23570226,0.666666667,0.48507125,0.111111111,0.323380833,0.722222222,0.460888599,0.0,0.0,0.222222222,0.427792632,0.166666667,0.383482494
0487.jpg,2.6666666666666665,0.166666667,0.383482494,0.555555556,0.511309993,0.055555556,0.23570226,0.055555556,0.23570226,0.777777778,0.427792632,0.0,0.0,0.0,0.0
0558.jpg,2.7222222222222223,0.055555556,0.23570226,0.444444444,0.511309993,0.0,0.0,0.055555556,0.23570226,0.722222222,0.460888599,0.055555556,0.23570226,0.0,0.0
27_25_03.bmp,2.333333333333333,0.055555556,0.23570226,0.222222222,0.427792632,0.0,0.0,0.055555556,0.23570226,0.333333333,0.48507125,0.0,0.0,0.888888889,0.323380833
1145.jpg,2.4444444444444446,0.055555556,0.23570226,0.333333333,0.48507125,0.0,0.0,0.0,0.0,0.166666667,0.383482494,0.833333333,0.383482494,0.222222222,0.427792632
0240.jpg,1.2777777777777777,0.111111111,0.323380833,0.166666667,0.383482494,0.055555556,0.23570226,0.944444444,0.23570226,0.0,0.0,0.0,0.0,0.0,0.0
09_21_04.bmp,1.8333333333333333,0.333333333,0.48507125,0.555555556,0.511309993,0.111111111,0.323380833,0.222222222,0.427792632,0.166666667,0.383482494,0.166666667,0.383482494,0.0,0.0
01489.jpg,3.5,0.111111111,0.323380833,0.611111111,0.501631326,0.166666667,0.383482494,0.0,0.0,0.0,0.0,0.0,0.0,0.0,0.0
07_09_04.bmp,2.2222222222222223,0.833333333,0.383482494,0.277777778,0.460888599,0.055555556,0.23570226,0.0,0.0,0.111111111,0.323380833,0.0,0.0,0.0,0.0
16_12_05.bmp,2.2777777777777777,0.888888889,0.323380833,0.166666667,0.383482494,0.111111111,0.323380833,0.0,0.0,0.277777778,0.460888599,0.333333333,0.48507125,0.0,0.0
0255.jpg,1.5555555555555556,0.166666667,0.383482494,0.444444444,0.511309993,0.0,0.0,0.888888889,0.323380833,0.0,0.0,0.0,0.0,0.0,0.0
09_01_04.bmp,1.9444444444444444,0.111111111,0.323380833,0.833333333,0.383482494,0.222222222,0.427792632,0.0,0.0,0.166666667,0.383482494,0.0,0.0,0.0,0.0
25_03_01.bmp,3.388888888888889,0.111111111,0.323380833,0.555555556,0.511309993,0.111111111,0.323380833,0.055555556,0.23570226,0.111111111,0.323380833,0.055555556,0.23570226,0.055555556,0.23570226
05_03_01.bmp,3.5,0.111111111,0.323380833,0.444444444,0.511309993,0.111111111,0.323380833,0.055555556,0.23570226,0.055555556,0.23570226,0.055555556,0.23570226,0.055555556,0.23570226
0991.jpg,3.1666666666666665,0.055555556,0.23570226,0.388888889,0.501631326,0.055555556,0.23570226,0.611111111,0.501631326,0.333333333,0.48507125,0.0,0.0,0.055555556,0.23570226
02_16_04.bmp,1.9444444444444444,0.444444444,0.511309993,0.833333333,0.383482494,0.0,0.0,0.0,0.0,0.388888889,0.501631326,0.055555556,0.23570226,0.055555556,0.23570226
01254.jpg,3.8333333333333335,0.111111111,0.323380833,0.111111111,0.323380833,0.055555556,0.23570226,0.0,0.0,0.388888889,0.501631326,0.0,0.0,0.5,0.514495755
19_25_02.bmp,2.5,0.055555556,0.23570226,0.055555556,0.23570226,0.055555556,0.23570226,0.055555556,0.23570226,0.111111111,0.323380833,0.055555556,0.23570226,0.888888889,0.323380833
35_08_03.bmp,2.2222222222222223,0.055555556,0.23570226,0.777777778,0.427792632,0.055555556,0.23570226,0.0,0.0,0.0,0.0,0.055555556,0.23570226,0.111111111,0.323380833
29_18_01.bmp,3.2222222222222223,0.166666667,0.383482494,0.555555556,0.511309993,0.055555556,0.23570226,0.0,0.0,0.055555556,0.23570226,0.166666667,0.383482494,0.0,0.0
07_08_05.bmp,1.6111111111111112,0.555555556,0.511309993,0.666666667,0.48507125,0.0,0.0,0.0,0.0,0.111111111,0.323380833,0.111111111,0.323380833,0.055555556,0.23570226
35_12_01.bmp,3.1666666666666665,0.5,0.514495755,0.444444444,0.511309993,0.111111111,0.323380833,0.055555556,0.23570226,0.0,0.0,0.0,0.0,0.111111111,0.323380833
0723.jpg,3.7222222222222223,0.111111111,0.323380833,0.222222222,0.427792632,0.0,0.0,0.0,0.0,0.166666667,0.383482494,0.055555556,0.23570226,0.111111111,0.323380833
07_24_02.bmp,2.555555555555556,0.055555556,0.23570226,0.722222222,0.460888599,0.166666667,0.383482494,0.0,0.0,0.0,0.0,0.0,0.0,0.055555556,0.23570226
0818.jpg,3.5,0.055555556,0.23570226,0.388888889,0.501631326,0.0,0.0,0.0,0.0,0.166666667,0.383482494,0.111111111,0.323380833,0.055555556,0.23570226
25_15_05.bmp,2.9444444444444446,0.055555556,0.23570226,0.333333333,0.48507125,0.111111111,0.323380833,0.277777778,0.460888599,0.111111111,0.323380833,0.055555556,0.23570226,0.055555556,0.23570226
17_01_05.bmp,1.5,0.055555556,0.23570226,0.888888889,0.323380833,0.055555556,0.23570226,0.055555556,0.23570226,0.166666667,0.383482494,0.0,0.0,0.0,0.0
36_15_01.bmp,1.7777777777777777,0.055555556,0.23570226,0.277777778,0.460888599,0.888888889,0.323380833,0.0,0.0,0.0,0.0,0.055555556,0.23570226,0.0,0.0
31_06_03.bmp,2.4444444444444446,0.277777778,0.460888599,0.388888889,0.501631326,0.222222222,0.427792632,0.055555556,0.23570226,0.166666667,0.383482494,0.166666667,0.383482494,0.055555556,0.23570226
25_23_02.bmp,2.611111111111111,0.055555556,0.23570226,0.111111111,0.323380833,0.111111111,0.323380833,0.722222222,0.460888599,0.055555556,0.23570226,0.0,0.0,0.111111111,0.323380833
1039.jpg,3.111111111111111,0.0,0.0,0.555555556,0.511309993,0.055555556,0.23570226,0.5,0.514495755,0.166666667,0.383482494,0.0,0.0,0.0,0.0
04_22_02.bmp,2.1666666666666665,0.222222222,0.427792632,0.833333333,0.383482494,0.222222222,0.427792632,0.0,0.0,0.166666667,0.383482494,0.055555556,0.23570226,0.0,0.0
32_14_02.bmp,2.5,0.0,0.0,0.277777778,0.460888599,0.055555556,0.23570226,0.722222222,0.460888599,0.277777778,0.460888599,0.111111111,0.323380833,0.055555556,0.23570226
36_02_05.bmp,1.3333333333333333,0.0,0.0,0.833333333,0.383482494,0.166666667,0.383482494,0.0,0.0,0.0,0.0,0.055555556,0.23570226,0.0,0.0
02_14_05.bmp,1.2222222222222223,0.055555556,0.23570226,0.277777778,0.460888599,0.055555556,0.23570226,0.944444444,0.23570226,0.444444444,0.511309993,0.055555556,0.23570226,0.0,0.0
27_23_01.bmp,2.888888888888889,0.055555556,0.23570226,0.166666667,0.383482494,0.055555556,0.23570226,0.722222222,0.460888599,0.222222222,0.427792632,0.055555556,0.23570226,0.055555556,0.23570226
23_06_02.bmp,2.611111111111111,0.333333333,0.48507125,0.444444444,0.511309993,0.222222222,0.427792632,0.0,0.0,0.277777778,0.460888599,0.166666667,0.383482494,0.055555556,0.23570226
23_23_05.bmp,1.8333333333333333,0.055555556,0.23570226,0.277777778,0.460888599,0.055555556,0.23570226,0.777777778,0.427792632,0.111111111,0.323380833,0.0,0.0,0.111111111,0.323380833
14_20_04.bmp,2.2222222222222223,0.5,0.514495755,0.388888889,0.501631326,0.222222222,0.427792632,0.222222222,0.427792632,0.055555556,0.23570226,0.0,0.0,0.0,0.0
26_17_01.bmp,3.2777777777777777,0.055555556,0.23570226,0.222222222,0.427792632,0.222222222,0.427792632,0.055555556,0.23570226,0.055555556,0.23570226,0.0,0.0,0.166666667,0.383482494
15_01_05.bmp,1.5555555555555556,0.055555556,0.23570226,0.888888889,0.323380833,0.0,0.0,0.055555556,0.23570226,0.222222222,0.427792632,0.0,0.0,0.0,0.0
1037.jpg,3.4444444444444446,0.0,0.0,0.388888889,0.501631326,0.055555556,0.23570226,0.388888889,0.501631326,0.166666667,0.383482494,0.055555556,0.23570226,0.0,0.0
36_16_01.bmp,3.055555555555556,0.111111111,0.323380833,0.555555556,0.511309993,0.222222222,0.427792632,0.111111111,0.323380833,0.0,0.0,0.055555556,0.23570226,0.111111111,0.323380833
15_03_02.bmp,3.055555555555556,0.0,0.0,0.777777778,0.427792632,0.0,0.0,0.0,0.0,0.333333333,0.48507125,0.055555556,0.23570226,0.055555556,0.23570226
0728.jpg,3.4444444444444446,0.055555556,0.23570226,0.277777778,0.460888599,0.0,0.0,0.111111111,0.323380833,0.166666667,0.383482494,0.111111111,0.323380833,0.055555556,0.23570226
25_18_03.bmp,2.055555555555556,0.055555556,0.23570226,0.722222222,0.460888599,0.111111111,0.323380833,0.0,0.0,0.111111111,0.323380833,0.166666667,0.383482494,0.055555556,0.23570226
1031.jpg,3.0,0.055555556,0.23570226,0.555555556,0.511309993,0.0,0.0,0.555555556,0.511309993,0.055555556,0.23570226,0.055555556,0.23570226,0.0,0.0
0882.jpg,3.8333333333333335,0.222222222,0.427792632,0.388888889,0.501631326,0.055555556,0.23570226,0.0,0.0,0.111111111,0.323380833,0.0,0.0,0.0,0.0
1124.jpg,2.888888888888889,0.0,0.0,0.388888889,0.501631326,0.055555556,0.23570226,0.0,0.0,0.666666667,0.48507125,0.277777778,0.460888599,0.055555556,0.23570226
26_06_01.bmp,4.0,0.111111111,0.323380833,0.055555556,0.23570226,0.111111111,0.323380833,0.055555556,0.23570226,0.055555556,0.23570226,0.0,0.0,0.055555556,0.23570226
32_20_05.bmp,1.3888888888888888,0.5,0.514495755,0.555555556,0.511309993,0.166666667,0.383482494,0.166666667,0.383482494,0.333333333,0.48507125,0.055555556,0.23570226,0.111111111,0.323380833
15_14_04.bmp,2.388888888888889,0.111111111,0.323380833,0.166666667,0.383482494,0.055555556,0.23570226,0.888888889,0.323380833,0.277777778,0.460888599,0.055555556,0.23570226,0.0,0.0
28_01_03.bmp,2.7777777777777777,0.055555556,0.23570226,0.722222222,0.460888599,0.166666667,0.383482494,0.0,0.0,0.166666667,0.383482494,0.0,0.0,0.0,0.0
01452.jpg,3.5,0.0,0.0,0.777777778,0.427792632,0.055555556,0.23570226,0.055555556,0.23570226,0.055555556,0.23570226,0.0,0.0,0.0,0.0
12_18_02.bmp,2.555555555555556,0.166666667,0.383482494,0.777777778,0.427792632,0.055555556,0.23570226,0.0,0.0,0.111111111,0.323380833,0.055555556,0.23570226,0.0,0.0
37_02_04.bmp,1.8333333333333333,0.0,0.0,0.944444444,0.23570226,0.055555556,0.23570226,0.0,0.0,0.111111111,0.323380833,0.0,0.0,0.0,0.0
0342.jpg,3.0,0.111111111,0.323380833,0.611111111,0.501631326,0.0,0.0,0.111111111,0.323380833,0.055555556,0.23570226,0.0,0.0,0.0,0.0
19_24_02.bmp,2.4444444444444446,0.0,0.0,0.722222222,0.460888599,0.055555556,0.23570226,0.0,0.0,0.111111111,0.323380833,0.111111111,0.323380833,0.055555556,0.23570226
31_20_02.bmp,2.4444444444444446,0.5,0.514495755,0.5,0.514495755,0.222222222,0.427792632,0.166666667,0.383482494,0.166666667,0.383482494,0.0,0.0,0.055555556,0.23570226
25_13_01.bmp,3.388888888888889,0.111111111,0.323380833,0.555555556,0.511309993,0.111111111,0.323380833,0.0,0.0,0.111111111,0.323380833,0.0,0.0,0.055555556,0.23570226
29_25_01.bmp,2.833333333333333,0.055555556,0.23570226,0.111111111,0.323380833,0.0,0.0,0.055555556,0.23570226,0.055555556,0.23570226,0.166666667,0.383482494,0.888888889,0.323380833
19_06_04.bmp,2.2222222222222223,0.277777778,0.460888599,0.333333333,0.48507125,0.166666667,0.383482494,0.111111111,0.323380833,0.111111111,0.323380833,0.277777778,0.460888599,0.055555556,0.23570226
14_09_05.bmp,1.7777777777777777,0.888888889,0.323380833,0.277777778,0.460888599,0.055555556,0.23570226,0.055555556,0.23570226,0.055555556,0.23570226,0.055555556,0.23570226,0.0,0.0
07_06_01.bmp,3.0,0.277777778,0.460888599,0.555555556,0.511309993,0.055555556,0.23570226,0.0,0.0,0.055555556,0.23570226,0.111111111,0.323380833,0.055555556,0.23570226
30_13_05.bmp,2.611111111111111,0.055555556,0.23570226,0.111111111,0.323380833,0.833333333,0.383482494,0.055555556,0.23570226,0.222222222,0.427792632,0.0,0.0,0.055555556,0.23570226
36_06_05.bmp,2.111111111111111,0.444444444,0.511309993,0.444444444,0.511309993,0.277777778,0.460888599,0.0,0.0,0.0,0.0,0.166666667,0.383482494,0.055555556,0.23570226
0524.jpg,2.9444444444444446,0.166666667,0.383482494,0.444444444,0.511309993,0.0,0.0,0.333333333,0.48507125,0.444444444,0.511309993,0.055555556,0.23570226,0.055555556,0.23570226
34_01_02.bmp,3.333333333333333,0.166666667,0.383482494,0.666666667,0.48507125,0.277777778,0.460888599,0.055555556,0.23570226,0.055555556,0.23570226,0.0,0.0,0.055555556,0.23570226
07_25_05.bmp,1.7777777777777777,0.055555556,0.23570226,0.166666667,0.383482494,0.111111111,0.323380833,0.055555556,0.23570226,0.055555556,0.23570226,0.0,0.0,0.888888889,0.323380833
17_17_03.bmp,2.4444444444444446,0.055555556,0.23570226,0.444444444,0.511309993,0.055555556,0.23570226,0.0,0.0,0.388888889,0.501631326,0.166666667,0.383482494,0.166666667,0.383482494
31_02_02.bmp,2.833333333333333,0.055555556,0.23570226,0.777777778,0.427792632,0.0,0.0,0.0,0.0,0.222222222,0.427792632,0.0,0.0,0.055555556,0.23570226
10_08_03.bmp,2.611111111111111,0.444444444,0.511309993,0.666666667,0.48507125,0.0,0.0,0.0,0.0,0.333333333,0.48507125,0.166666667,0.383482494,0.0,0.0
14_23_01.bmp,3.1666666666666665,0.111111111,0.323380833,0.166666667,0.383482494,0.0,0.0,0.777777778,0.427792632,0.0,0.0,0.0,0.0,0.055555556,0.23570226
32_21_02.bmp,2.0,0.277777778,0.460888599,0.444444444,0.511309993,0.444444444,0.511309993,0.277777778,0.460888599,0.333333333,0.48507125,0.0,0.0,0.055555556,0.23570226
0042.jpg,3.2222222222222223,0.0,0.0,0.277777778,0.460888599,0.944444444,0.23570226,0.0,0.0,0.111111111,0.323380833,0.0,0.0,0.055555556,0.23570226
0396.jpg,2.9444444444444446,0.055555556,0.23570226,0.722222222,0.460888599,0.0,0.0,0.333333333,0.48507125,0.111111111,0.323380833,0.0,0.0,0.055555556,0.23570226
12_14_05.bmp,1.6666666666666667,0.166666667,0.383482494,0.111111111,0.323380833,0.111111111,0.323380833,0.777777778,0.427792632,0.111111111,0.323380833,0.111111111,0.323380833,0.055555556,0.23570226
10_12_03.bmp,2.6666666666666665,0.611111111,0.501631326,0.444444444,0.511309993,0.111111111,0.323380833,0.055555556,0.23570226,0.333333333,0.48507125,0.166666667,0.383482494,0.0,0.0
01241.jpg,3.333333333333333,0.333333333,0.48507125,0.444444444,0.511309993,0.0,0.0,0.111111111,0.323380833,0.333333333,0.48507125,0.0,0.0,0.0,0.0
16_23_03.bmp,2.7222222222222223,0.111111111,0.323380833,0.111111111,0.323380833,0.0,0.0,0.722222222,0.460888599,0.277777778,0.460888599,0.277777778,0.460888599,0.111111111,0.323380833
20_10_03.bmp,2.555555555555556,0.611111111,0.501631326,0.222222222,0.427792632,0.055555556,0.23570226,0.0,0.0,0.111111111,0.323380833,0.055555556,0.23570226,0.055555556,0.23570226
1045.jpg,2.7222222222222223,0.0,0.0,0.555555556,0.511309993,0.0,0.0,0.555555556,0.511309993,0.055555556,0.23570226,0.0,0.0,0.055555556,0.23570226
01246.jpg,3.611111111111111,0.388888889,0.501631326,0.444444444,0.511309993,0.0,0.0,0.0,0.0,0.0,0.0,0.055555556,0.23570226,0.0,0.0
31_02_05.bmp,1.2222222222222223,0.055555556,0.23570226,0.833333333,0.383482494,0.0,0.0,0.0,0.0,0.166666667,0.383482494,0.0,0.0,0.0,0.0
0456.jpg,2.833333333333333,0.055555556,0.23570226,0.222222222,0.427792632,0.055555556,0.23570226,0.055555556,0.23570226,0.833333333,0.383482494,0.055555556,0.23570226,0.055555556,0.23570226
22_17_05.bmp,2.2222222222222223,0.055555556,0.23570226,0.611111111,0.501631326,0.0,0.0,0.055555556,0.23570226,0.166666667,0.383482494,0.222222222,0.427792632,0.055555556,0.23570226
06_19_04.bmp,3.5,0.055555556,0.23570226,0.111111111,0.323380833,0.611111111,0.501631326,0.0,0.0,0.0,0.0,0.0,0.0,0.055555556,0.23570226
0288.jpg,1.8333333333333333,0.166666667,0.383482494,0.388888889,0.501631326,0.0,0.0,0.777777778,0.427792632,0.055555556,0.23570226,0.0,0.0,0.055555556,0.23570226
18_21_05.bmp,1.5,0.277777778,0.460888599,0.222222222,0.427792632,0.055555556,0.23570226,0.611111111,0.501631326,0.055555556,0.23570226,0.055555556,0.23570226,0.055555556,0.23570226
29_12_05.bmp,2.4444444444444446,0.666666667,0.48507125,0.388888889,0.501631326,0.111111111,0.323380833,0.0,0.0,0.111111111,0.323380833,0.111111111,0.323380833,0.0,0.0
04_11_03.bmp,2.4444444444444446,0.722222222,0.460888599,0.388888889,0.501631326,0.111111111,0.323380833,0.0,0.0,0.222222222,0.427792632,0.111111111,0.323380833,0.055555556,0.23570226
02_02_02.bmp,2.6666666666666665,0.0,0.0,0.888888889,0.323380833,0.0,0.0,0.0,0.0,0.611111111,0.501631326,0.055555556,0.23570226,0.055555556,0.23570226
34_20_05.bmp,1.8888888888888888,0.444444444,0.511309993,0.666666667,0.48507125,0.166666667,0.383482494,0.055555556,0.23570226,0.0,0.0,0.055555556,0.23570226,0.0,0.0
1017.jpg,3.6666666666666665,0.055555556,0.23570226,0.333333333,0.48507125,0.0,0.0,0.222222222,0.427792632,0.111111111,0.323380833,0.055555556,0.23570226,0.055555556,0.23570226
0573.jpg,3.2222222222222223,0.055555556,0.23570226,0.277777778,0.460888599,0.055555556,0.23570226,0.055555556,0.23570226,0.611111111,0.501631326,0.055555556,0.23570226,0.055555556,0.23570226
24_15_04.bmp,2.9444444444444446,0.055555556,0.23570226,0.277777778,0.460888599,0.055555556,0.23570226,0.388888889,0.501631326,0.0,0.0,0.0,0.0,0.055555556,0.23570226
04_11_05.bmp,2.055555555555556,0.833333333,0.383482494,0.333333333,0.48507125,0.055555556,0.23570226,0.055555556,0.23570226,0.222222222,0.427792632,0.055555556,0.23570226,0.0,0.0
13_08_05.bmp,2.0,0.444444444,0.511309993,0.666666667,0.48507125,0.055555556,0.23570226,0.0,0.0,0.166666667,0.383482494,0.055555556,0.23570226,0.166666667,0.383482494
02_05_05.bmp,1.7777777777777777,0.5,0.514495755,0.611111111,0.501631326,0.055555556,0.23570226,0.0,0.0,0.611111111,0.501631326,0.0,0.0,0.055555556,0.23570226
11_05_01.bmp,3.055555555555556,0.166666667,0.383482494,0.388888889,0.501631326,0.055555556,0.23570226,0.111111111,0.323380833,0.333333333,0.48507125,0.055555556,0.23570226,0.055555556,0.23570226
06_25_02.bmp,2.6666666666666665,0.055555556,0.23570226,0.0,0.0,0.055555556,0.23570226,0.0,0.0,0.0,0.0,0.055555556,0.23570226,0.944444444,0.23570226
27_25_02.bmp,2.5,0.055555556,0.23570226,0.222222222,0.427792632,0.0,0.0,0.0,0.0,0.333333333,0.48507125,0.055555556,0.23570226,0.944444444,0.23570226
01244.jpg,3.4444444444444446,0.055555556,0.23570226,0.5,0.514495755,0.055555556,0.23570226,0.111111111,0.323380833,0.444444444,0.511309993,0.055555556,0.23570226,0.111111111,0.323380833
21_01_05.bmp,1.7222222222222223,0.0,0.0,1.0,0.0,0.111111111,0.323380833,0.0,0.0,0.0,0.0,0.0,0.0,0.0,0.0
0949.jpg,2.6666666666666665,0.055555556,0.23570226,0.444444444,0.511309993,0.0,0.0,0.666666667,0.48507125,0.166666667,0.383482494,0.055555556,0.23570226,0.0,0.0
27_04_02.bmp,2.9444444444444446,0.333333333,0.48507125,0.444444444,0.511309993,0.111111111,0.323380833,0.055555556,0.23570226,0.388888889,0.501631326,0.166666667,0.383482494,0.0,0.0
23_13_05.bmp,2.1666666666666665,0.111111111,0.323380833,0.277777778,0.460888599,0.833333333,0.383482494,0.0,0.0,0.166666667,0.383482494,0.055555556,0.23570226,0.0,0.0
29_09_01.bmp,3.055555555555556,0.555555556,0.511309993,0.333333333,0.48507125,0.055555556,0.23570226,0.0,0.0,0.111111111,0.323380833,0.111111111,0.323380833,0.111111111,0.323380833
08_13_01.bmp,4.222222222222222,0.111111111,0.323380833,0.055555556,0.23570226,0.111111111,0.323380833,0.0,0.0,0.111111111,0.323380833,0.0,0.0,0.055555556,0.23570226
25_21_05.bmp,1.3888888888888888,0.055555556,0.23570226,0.5,0.514495755,0.111111111,0.323380833,0.666666667,0.48507125,0.166666667,0.383482494,0.055555556,0.23570226,0.0,0.0
35_17_04.bmp,2.055555555555556,0.277777778,0.460888599,0.555555556,0.511309993,0.055555556,0.23570226,0.0,0.0,0.166666667,0.383482494,0.166666667,0.383482494,0.222222222,0.427792632
0055.jpg,2.1666666666666665,0.055555556,0.23570226,0.555555556,0.511309993,0.944444444,0.23570226,0.0,0.0,0.166666667,0.383482494,0.055555556,0.23570226,0.0,0.0
30_02_03.bmp,2.5,0.055555556,0.23570226,0.833333333,0.383482494,0.055555556,0.23570226,0.055555556,0.23570226,0.277777778,0.460888599,0.0,0.0,0.055555556,0.23570226
04_14_02.bmp,2.9444444444444446,0.166666667,0.383482494,0.666666667,0.48507125,0.111111111,0.323380833,0.055555556,0.23570226,0.166666667,0.383482494,0.0,0.0,0.0,0.0
01308.jpg,2.9444444444444446,0.444444444,0.511309993,0.722222222,0.460888599,0.111111111,0.323380833,0.0,0.0,0.111111111,0.323380833,0.055555556,0.23570226,0.0,0.0
18_02_03.bmp,1.7777777777777777,0.055555556,0.23570226,0.944444444,0.23570226,0.055555556,0.23570226,0.055555556,0.23570226,0.055555556,0.23570226,0.0,0.0,0.055555556,0.23570226
01_09_04.bmp,2.333333333333333,0.888888889,0.323380833,0.444444444,0.511309993,0.111111111,0.323380833,0.055555556,0.23570226,0.055555556,0.23570226,0.055555556,0.23570226,0.055555556,0.23570226
01401.jpg,3.611111111111111,0.055555556,0.23570226,0.555555556,0.511309993,0.166666667,0.383482494,0.0,0.0,0.0,0.0,0.0,0.0,0.0,0.0
17_08_01.bmp,3.388888888888889,0.222222222,0.427792632,0.5,0.514495755,0.0,0.0,0.055555556,0.23570226,0.166666667,0.383482494,0.166666667,0.383482494,0.055555556,0.23570226
12_16_05.bmp,1.5,0.222222222,0.427792632,0.944444444,0.23570226,0.055555556,0.23570226,0.0,0.0,0.0,0.0,0.0,0.0,0.055555556,0.23570226
29_07_01.bmp,3.388888888888889,0.222222222,0.427792632,0.444444444,0.511309993,0.0,0.0,0.055555556,0.23570226,0.055555556,0.23570226,0.111111111,0.323380833,0.055555556,0.23570226
29_22_03.bmp,2.5,0.166666667,0.383482494,0.777777778,0.427792632,0.055555556,0.23570226,0.111111111,0.323380833,0.055555556,0.23570226,0.111111111,0.323380833,0.0,0.0
25_23_03.bmp,2.388888888888889,0.0,0.0,0.222222222,0.427792632,0.0,0.0,0.722222222,0.460888599,0.055555556,0.23570226,0.0,0.0,0.111111111,0.323380833
15_09_04.bmp,2.4444444444444446,0.722222222,0.460888599,0.222222222,0.427792632,0.055555556,0.23570226,0.055555556,0.23570226,0.277777778,0.460888599,0.0,0.0,0.0,0.0
30_04_02.bmp,3.1666666666666665,0.388888889,0.501631326,0.222222222,0.427792632,0.222222222,0.427792632,0.055555556,0.23570226,0.222222222,0.427792632,0.166666667,0.383482494,0.0,0.0
31_21_02.bmp,2.7777777777777777,0.055555556,0.23570226,0.222222222,0.427792632,0.722222222,0.460888599,0.0,0.0,0.166666667,0.383482494,0.055555556,0.23570226,0.0,0.0
02_07_05.bmp,1.3333333333333333,0.277777778,0.460888599,0.888888889,0.323380833,0.0,0.0,0.055555556,0.23570226,0.5,0.514495755,0.055555556,0.23570226,0.111111111,0.323380833
27_05_02.bmp,3.0,0.277777778,0.460888599,0.5,0.514495755,0.055555556,0.23570226,0.0,0.0,0.5,0.514495755,0.0,0.0,0.111111111,0.323380833
29_06_02.bmp,2.055555555555556,0.388888889,0.501631326,0.333333333,0.48507125,0.222222222,0.427792632,0.0,0.0,0.055555556,0.23570226,0.166666667,0.383482494,0.111111111,0.323380833
34_05_03.bmp,2.888888888888889,0.222222222,0.427792632,0.611111111,0.501631326,0.111111111,0.323380833,0.055555556,0.23570226,0.0,0.0,0.0,0.0,0.055555556,0.23570226
20_09_05.bmp,1.9444444444444444,0.833333333,0.383482494,0.277777778,0.460888599,0.055555556,0.23570226,0.055555556,0.23570226,0.055555556,0.23570226,0.055555556,0.23570226,0.0,0.0
07_19_03.bmp,2.555555555555556,0.5,0.514495755,0.222222222,0.427792632,0.444444444,0.511309993,0.0,0.0,0.055555556,0.23570226,0.055555556,0.23570226,0.055555556,0.23570226
29_10_05.bmp,2.1666666666666665,0.722222222,0.460888599,0.166666667,0.383482494,0.055555556,0.23570226,0.0,0.0,0.166666667,0.383482494,0.111111111,0.323380833,0.0,0.0
10_23_04.bmp,2.2777777777777777,0.055555556,0.23570226,0.222222222,0.427792632,0.0,0.0,0.833333333,0.383482494,0.388888889,0.501631326,0.111111111,0.323380833,0.055555556,0.23570226
23_11_01.bmp,3.2222222222222223,0.333333333,0.48507125,0.333333333,0.48507125,0.055555556,0.23570226,0.0,0.0,0.333333333,0.48507125,0.055555556,0.23570226,0.0,0.0
21_13_02.bmp,3.2777777777777777,0.055555556,0.23570226,0.277777778,0.460888599,0.333333333,0.48507125,0.0,0.0,0.055555556,0.23570226,0.055555556,0.23570226,0.055555556,0.23570226
20_07_01.bmp,3.055555555555556,0.166666667,0.383482494,0.611111111,0.501631326,0.111111111,0.323380833,0.0,0.0,0.111111111,0.323380833,0.111111111,0.323380833,0.0,0.0
01164.jpg,4.055555555555555,0.166666667,0.383482494,0.111111111,0.323380833,0.111111111,0.323380833,0.055555556,0.23570226,0.111111111,0.323380833,0.277777778,0.460888599,0.055555556,0.23570226
07_15_05.bmp,3.5,0.277777778,0.460888599,0.222222222,0.427792632,0.111111111,0.323380833,0.277777778,0.460888599,0.111111111,0.323380833,0.055555556,0.23570226,0.055555556,0.23570226
01471.jpg,3.611111111111111,0.0,0.0,0.444444444,0.511309993,0.166666667,0.383482494,0.0,0.0,0.0,0.0,0.055555556,0.23570226,0.055555556,0.23570226
22_18_04.bmp,2.0,0.055555556,0.23570226,0.944444444,0.23570226,0.055555556,0.23570226,0.0,0.0,0.055555556,0.23570226,0.166666667,0.383482494,0.0,0.0
20_23_04.bmp,2.1666666666666665,0.0,0.0,0.222222222,0.427792632,0.055555556,0.23570226,0.722222222,0.460888599,0.111111111,0.323380833,0.0,0.0,0.111111111,0.323380833
16_09_01.bmp,3.111111111111111,0.666666667,0.48507125,0.166666667,0.383482494,0.055555556,0.23570226,0.0,0.0,0.333333333,0.48507125,0.277777778,0.460888599,0.0,0.0
25_05_05.bmp,1.6666666666666667,0.444444444,0.511309993,0.666666667,0.48507125,0.166666667,0.383482494,0.0,0.0,0.111111111,0.323380833,0.0,0.0,0.055555556,0.23570226
0972.jpg,3.5,0.111111111,0.323380833,0.166666667,0.383482494,0.0,0.0,0.611111111,0.501631326,0.166666667,0.383482494,0.0,0.0,0.055555556,0.23570226
31_25_05.bmp,1.8333333333333333,0.055555556,0.23570226,0.111111111,0.323380833,0.0,0.0,0.055555556,0.23570226,0.222222222,0.427792632,0.0,0.0,0.944444444,0.23570226
15_25_03.bmp,2.5,0.111111111,0.323380833,0.055555556,0.23570226,0.0,0.0,0.0,0.0,0.166666667,0.383482494,0.0,0.0,0.833333333,0.383482494
0253.jpg,1.2222222222222223,0.166666667,0.383482494,0.444444444,0.511309993,0.0,0.0,0.888888889,0.323380833,0.0,0.0,0.0,0.0,0.055555556,0.23570226
0185.jpg,3.1666666666666665,0.055555556,0.23570226,0.277777778,0.460888599,0.666666667,0.48507125,0.0,0.0,0.0,0.0,0.055555556,0.23570226,0.111111111,0.323380833
11_02_05.bmp,1.3888888888888888,0.0,0.0,0.944444444,0.23570226,0.0,0.0,0.055555556,0.23570226,0.222222222,0.427792632,0.0,0.0,0.0,0.0
14_16_01.bmp,3.2222222222222223,0.055555556,0.23570226,0.388888889,0.501631326,0.333333333,0.48507125,0.055555556,0.23570226,0.0,0.0,0.111111111,0.323380833,0.055555556,0.23570226
22_18_01.bmp,3.055555555555556,0.111111111,0.323380833,0.666666667,0.48507125,0.0,0.0,0.0,0.0,0.166666667,0.383482494,0.277777778,0.460888599,0.0,0.0
0008.jpg,3.5,0.055555556,0.23570226,0.277777778,0.460888599,0.722222222,0.460888599,0.0,0.0,0.166666667,0.383482494,0.0,0.0,0.0,0.0
32_13_03.bmp,2.4444444444444446,0.0,0.0,0.5,0.514495755,0.555555556,0.511309993,0.055555556,0.23570226,0.333333333,0.48507125,0.055555556,0.23570226,0.055555556,0.23570226
0228.jpg,1.7777777777777777,0.166666667,0.383482494,0.333333333,0.48507125,0.0,0.0,0.888888889,0.323380833,0.055555556,0.23570226,0.055555556,0.23570226,0.0,0.0
07_24_01.bmp,2.9444444444444446,0.166666667,0.383482494,0.611111111,0.501631326,0.166666667,0.383482494,0.0,0.0,0.0,0.0,0.0,0.0,0.055555556,0.23570226
35_01_04.bmp,1.7222222222222223,0.055555556,0.23570226,0.944444444,0.23570226,0.055555556,0.23570226,0.0,0.0,0.0,0.0,0.0,0.0,0.055555556,0.23570226
35_03_01.bmp,3.055555555555556,0.222222222,0.427792632,0.555555556,0.511309993,0.0,0.0,0.055555556,0.23570226,0.0,0.0,0.055555556,0.23570226,0.055555556,0.23570226
02_11_02.bmp,2.888888888888889,0.888888889,0.323380833,0.333333333,0.48507125,0.055555556,0.23570226,0.055555556,0.23570226,0.444444444,0.511309993,0.055555556,0.23570226,0.055555556,0.23570226
1004.jpg,3.2777777777777777,0.055555556,0.23570226,0.222222222,0.427792632,0.055555556,0.23570226,0.611111111,0.501631326,0.055555556,0.23570226,0.055555556,0.23570226,0.0,0.0
0338.jpg,3.111111111111111,0.166666667,0.383482494,0.555555556,0.511309993,0.0,0.0,0.0,0.0,0.055555556,0.23570226,0.055555556,0.23570226,0.0,0.0
01405.jpg,3.555555555555556,0.111111111,0.323380833,0.444444444,0.511309993,0.166666667,0.383482494,0.0,0.0,0.055555556,0.23570226,0.0,0.0,0.0,0.0
02_09_04.bmp,2.4444444444444446,0.888888889,0.323380833,0.388888889,0.501631326,0.055555556,0.23570226,0.0,0.0,0.444444444,0.511309993,0.055555556,0.23570226,0.0,0.0
16_08_01.bmp,3.611111111111111,0.111111111,0.323380833,0.166666667,0.383482494,0.0,0.0,0.0,0.0,0.277777778,0.460888599,0.5,0.514495755,0.0,0.0
18_01_01.bmp,3.333333333333333,0.166666667,0.383482494,0.5,0.514495755,0.055555556,0.23570226,0.0,0.0,0.055555556,0.23570226,0.0,0.0,0.111111111,0.323380833
21_18_02.bmp,2.333333333333333,0.111111111,0.323380833,0.833333333,0.383482494,0.0,0.0,0.0,0.0,0.111111111,0.323380833,0.111111111,0.323380833,0.0,0.0
0858.jpg,3.555555555555556,0.166666667,0.383482494,0.444444444,0.511309993,0.111111111,0.323380833,0.0,0.0,0.166666667,0.383482494,0.0,0.0,0.055555556,0.23570226
05_18_05.bmp,1.5555555555555556,0.222222222,0.427792632,0.777777778,0.427792632,0.166666667,0.383482494,0.055555556,0.23570226,0.0,0.0,0.055555556,0.23570226,0.111111111,0.323380833
31_13_03.bmp,3.333333333333333,0.111111111,0.323380833,0.388888889,0.501631326,0.388888889,0.501631326,0.0,0.0,0.166666667,0.383482494,0.0,0.0,0.055555556,0.23570226
19_05_05.bmp,1.7222222222222223,0.444444444,0.511309993,0.666666667,0.48507125,0.111111111,0.323380833,0.055555556,0.23570226,0.111111111,0.323380833,0.055555556,0.23570226,0.055555556,0.23570226
12_09_05.bmp,2.4444444444444446,0.833333333,0.383482494,0.277777778,0.460888599,0.055555556,0.23570226,0.0,0.0,0.111111111,0.323380833,0.0,0.0,0.055555556,0.23570226
37_16_02.bmp,3.2777777777777777,0.055555556,0.23570226,0.555555556,0.511309993,0.0,0.0,0.055555556,0.23570226,0.055555556,0.23570226,0.055555556,0.23570226,0.0,0.0
27_22_02.bmp,2.5,0.222222222,0.427792632,0.777777778,0.427792632,0.0,0.0,0.055555556,0.23570226,0.388888889,0.501631326,0.166666667,0.383482494,0.0,0.0
1071.jpg,3.333333333333333,0.111111111,0.323380833,0.444444444,0.511309993,0.0,0.0,0.388888889,0.501631326,0.111111111,0.323380833,0.055555556,0.23570226,0.111111111,0.323380833
08_01_04.bmp,2.888888888888889,0.055555556,0.23570226,0.888888889,0.323380833,0.0,0.0,0.0,0.0,0.166666667,0.383482494,0.0,0.0,0.0,0.0
15_05_02.bmp,3.2777777777777777,0.222222222,0.427792632,0.388888889,0.501631326,0.055555556,0.23570226,0.0,0.0,0.277777778,0.460888599,0.055555556,0.23570226,0.055555556,0.23570226
1061.jpg,3.611111111111111,0.055555556,0.23570226,0.5,0.514495755,0.055555556,0.23570226,0.222222222,0.427792632,0.111111111,0.323380833,0.111111111,0.323380833,0.055555556,0.23570226
26_14_03.bmp,3.8333333333333335,0.055555556,0.23570226,0.222222222,0.427792632,0.055555556,0.23570226,0.055555556,0.23570226,0.111111111,0.323380833,0.111111111,0.323380833,0.055555556,0.23570226
05_19_05.bmp,2.333333333333333,0.055555556,0.23570226,0.444444444,0.511309993,0.555555556,0.511309993,0.0,0.0,0.055555556,0.23570226,0.166666667,0.383482494,0.0,0.0
0296.jpg,1.9444444444444444,0.166666667,0.383482494,0.722222222,0.460888599,0.055555556,0.23570226,0.777777778,0.427792632,0.111111111,0.323380833,0.0,0.0,0.0,0.0
34_15_01.bmp,1.9444444444444444,0.111111111,0.323380833,0.333333333,0.48507125,0.833333333,0.383482494,0.055555556,0.23570226,0.0,0.0,0.0,0.0,0.055555556,0.23570226
32_07_03.bmp,2.4444444444444446,0.0,0.0,0.777777778,0.427792632,0.055555556,0.23570226,0.166666667,0.383482494,0.333333333,0.48507125,0.055555556,0.23570226,0.0,0.0
35_09_03.bmp,1.9444444444444444,0.722222222,0.460888599,0.5,0.514495755,0.055555556,0.23570226,0.0,0.0,0.111111111,0.323380833,0.0,0.0,0.055555556,0.23570226
02_07_03.bmp,2.388888888888889,0.166666667,0.383482494,0.722222222,0.460888599,0.0,0.0,0.0,0.0,0.444444444,0.511309993,0.111111111,0.323380833,0.111111111,0.323380833
0615.jpg,2.888888888888889,0.055555556,0.23570226,0.611111111,0.501631326,0.055555556,0.23570226,0.111111111,0.323380833,0.111111111,0.323380833,0.055555556,0.23570226,0.055555556,0.23570226
23_09_04.bmp,2.2222222222222223,0.722222222,0.460888599,0.277777778,0.460888599,0.055555556,0.23570226,0.055555556,0.23570226,0.166666667,0.383482494,0.0,0.0,0.0,0.0
01305.jpg,3.055555555555556,0.222222222,0.427792632,0.555555556,0.511309993,0.0,0.0,0.611111111,0.501631326,0.166666667,0.383482494,0.055555556,0.23570226,0.055555556,0.23570226
32_05_01.bmp,2.7777777777777777,0.166666667,0.383482494,0.555555556,0.511309993,0.166666667,0.383482494,0.166666667,0.383482494,0.388888889,0.501631326,0.055555556,0.23570226,0.055555556,0.23570226
08_03_03.bmp,3.611111111111111,0.055555556,0.23570226,0.611111111,0.501631326,0.055555556,0.23570226,0.0,0.0,0.111111111,0.323380833,0.0,0.0,0.055555556,0.23570226
17_08_05.bmp,1.7222222222222223,0.388888889,0.501631326,0.666666667,0.48507125,0.055555556,0.23570226,0.0,0.0,0.111111111,0.323380833,0.111111111,0.323380833,0.055555556,0.23570226
15_18_03.bmp,2.7222222222222223,0.111111111,0.323380833,0.666666667,0.48507125,0.0,0.0,0.055555556,0.23570226,0.222222222,0.427792632,0.0,0.0,0.0,0.0
17_14_05.bmp,1.8333333333333333,0.055555556,0.23570226,0.166666667,0.383482494,0.055555556,0.23570226,0.833333333,0.383482494,0.277777778,0.460888599,0.111111111,0.323380833,0.0,0.0
35_02_01.bmp,2.7222222222222223,0.166666667,0.383482494,0.666666667,0.48507125,0.055555556,0.23570226,0.0,0.0,0.0,0.0,0.0,0.0,0.055555556,0.23570226
1108.jpg,3.611111111111111,0.0,0.0,0.444444444,0.511309993,0.111111111,0.323380833,0.0,0.0,0.055555556,0.23570226,0.0,0.0,0.055555556,0.23570226
30_09_04.bmp,2.555555555555556,0.777777778,0.427792632,0.222222222,0.427792632,0.055555556,0.23570226,0.0,0.0,0.222222222,0.427792632,0.0,0.0,0.0,0.0
0651.jpg,3.8333333333333335,0.055555556,0.23570226,0.277777778,0.460888599,0.0,0.0,0.111111111,0.323380833,0.055555556,0.23570226,0.0,0.0,0.055555556,0.23570226
18_05_04.bmp,1.8888888888888888,0.333333333,0.48507125,0.722222222,0.460888599,0.111111111,0.323380833,0.055555556,0.23570226,0.055555556,0.23570226,0.055555556,0.23570226,0.055555556,0.23570226
16_08_04.bmp,2.111111111111111,0.444444444,0.511309993,0.666666667,0.48507125,0.0,0.0,0.0,0.0,0.277777778,0.460888599,0.333333333,0.48507125,0.0,0.0
13_14_05.bmp,2.2222222222222223,0.055555556,0.23570226,0.166666667,0.383482494,0.055555556,0.23570226,0.777777778,0.427792632,0.222222222,0.427792632,0.055555556,0.23570226,0.111111111,0.323380833
28_03_02.bmp,3.111111111111111,0.111111111,0.323380833,0.666666667,0.48507125,0.055555556,0.23570226,0.0,0.0,0.166666667,0.383482494,0.0,0.0,0.0,0.0
21_08_01.bmp,3.2222222222222223,0.111111111,0.323380833,0.555555556,0.511309993,0.0,0.0,0.0,0.0,0.0,0.0,0.111111111,0.323380833,0.055555556,0.23570226
06_07_04.bmp,1.6666666666666667,0.388888889,0.501631326,0.722222222,0.460888599,0.111111111,0.323380833,0.0,0.0,0.055555556,0.23570226,0.111111111,0.323380833,0.166666667,0.383482494
1043.jpg,3.6666666666666665,0.055555556,0.23570226,0.222222222,0.427792632,0.055555556,0.23570226,0.611111111,0.501631326,0.166666667,0.383482494,0.0,0.0,0.0,0.0
18_05_02.bmp,2.833333333333333,0.333333333,0.48507125,0.555555556,0.511309993,0.111111111,0.323380833,0.0,0.0,0.0,0.0,0.0,0.0,0.055555556,0.23570226
0457.jpg,2.833333333333333,0.055555556,0.23570226,0.277777778,0.460888599,0.055555556,0.23570226,0.0,0.0,0.666666667,0.48507125,0.0,0.0,0.611111111,0.501631326
0769.jpg,3.611111111111111,0.166666667,0.383482494,0.333333333,0.48507125,0.055555556,0.23570226,0.0,0.0,0.222222222,0.427792632,0.055555556,0.23570226,0.111111111,0.323380833
34_09_02.bmp,2.7222222222222223,0.666666667,0.48507125,0.388888889,0.501631326,0.166666667,0.383482494,0.0,0.0,0.0,0.0,0.0,0.0,0.055555556,0.23570226
06_01_05.bmp,1.3888888888888888,0.0,0.0,1.0,0.0,0.111111111,0.323380833,0.0,0.0,0.055555556,0.23570226,0.055555556,0.23570226,0.0,0.0
11_17_03.bmp,2.2222222222222223,0.111111111,0.323380833,0.444444444,0.511309993,0.055555556,0.23570226,0.055555556,0.23570226,0.277777778,0.460888599,0.111111111,0.323380833,0.222222222,0.427792632
25_07_03.bmp,2.388888888888889,0.111111111,0.323380833,0.777777778,0.427792632,0.111111111,0.323380833,0.055555556,0.23570226,0.111111111,0.323380833,0.0,0.0,0.055555556,0.23570226
12_13_04.bmp,2.6666666666666665,0.055555556,0.23570226,0.111111111,0.323380833,0.833333333,0.383482494,0.055555556,0.23570226,0.0,0.0,0.0,0.0,0.111111111,0.323380833
06_05_05.bmp,1.7777777777777777,0.333333333,0.48507125,0.722222222,0.460888599,0.055555556,0.23570226,0.0,0.0,0.055555556,0.23570226,0.166666667,0.383482494,0.055555556,0.23570226
0204.jpg,1.6666666666666667,0.055555556,0.23570226,0.166666667,0.383482494,0.055555556,0.23570226,0.944444444,0.23570226,0.0,0.0,0.0,0.0,0.444444444,0.511309993
0298.jpg,2.2222222222222223,0.277777778,0.460888599,0.388888889,0.501631326,0.0,0.0,0.888888889,0.323380833,0.055555556,0.23570226,0.0,0.0,0.055555556,0.23570226
18_09_02.bmp,2.888888888888889,0.777777778,0.427792632,0.277777778,0.460888599,0.055555556,0.23570226,0.0,0.0,0.055555556,0.23570226,0.0,0.0,0.055555556,0.23570226
19_03_05.bmp,1.8333333333333333,0.055555556,0.23570226,0.777777778,0.427792632,0.055555556,0.23570226,0.0,0.0,0.055555556,0.23570226,0.055555556,0.23570226,0.0,0.0
01_02_05.bmp,1.3333333333333333,0.111111111,0.323380833,0.944444444,0.23570226,0.166666667,0.383482494,0.0,0.0,0.055555556,0.23570226,0.0,0.0,0.0,0.0
0333.jpg,2.7222222222222223,0.111111111,0.323380833,0.722222222,0.460888599,0.055555556,0.23570226,0.0,0.0,0.055555556,0.23570226,0.0,0.0,0.055555556,0.23570226
10_12_04.bmp,2.4444444444444446,0.722222222,0.460888599,0.277777778,0.460888599,0.055555556,0.23570226,0.0,0.0,0.333333333,0.48507125,0.166666667,0.383482494,0.0,0.0
35_16_01.bmp,2.9444444444444446,0.111111111,0.323380833,0.555555556,0.511309993,0.277777778,0.460888599,0.0,0.0,0.0,0.0,0.0,0.0,0.055555556,0.23570226
01_03_02.bmp,2.833333333333333,0.055555556,0.23570226,0.722222222,0.460888599,0.166666667,0.383482494,0.0,0.0,0.0,0.0,0.0,0.0,0.111111111,0.323380833
14_25_01.bmp,2.888888888888889,0.055555556,0.23570226,0.166666667,0.383482494,0.111111111,0.323380833,0.0,0.0,0.0,0.0,0.111111111,0.323380833,1.0,0.0
01287.jpg,2.2222222222222223,0.388888889,0.501631326,0.833333333,0.383482494,0.111111111,0.323380833,0.0,0.0,0.111111111,0.323380833,0.055555556,0.23570226,0.0,0.0
30_21_03.bmp,3.055555555555556,0.111111111,0.323380833,0.444444444,0.511309993,0.277777778,0.460888599,0.055555556,0.23570226,0.277777778,0.460888599,0.0,0.0,0.055555556,0.23570226
22_11_01.bmp,3.388888888888889,0.277777778,0.460888599,0.333333333,0.48507125,0.055555556,0.23570226,0.0,0.0,0.111111111,0.323380833,0.222222222,0.427792632,0.0,0.0
05_18_02.bmp,2.111111111111111,0.166666667,0.383482494,0.666666667,0.48507125,0.055555556,0.23570226,0.0,0.0,0.111111111,0.323380833,0.166666667,0.383482494,0.111111111,0.323380833
31_10_04.bmp,2.4444444444444446,0.777777778,0.427792632,0.222222222,0.427792632,0.0,0.0,0.0,0.0,0.111111111,0.323380833,0.0,0.0,0.055555556,0.23570226
20_10_04.bmp,2.0,0.777777778,0.427792632,0.222222222,0.427792632,0.055555556,0.23570226,0.0,0.0,0.166666667,0.383482494,0.111111111,0.323380833,0.0,0.0
01195.jpg,3.4444444444444446,0.333333333,0.48507125,0.444444444,0.511309993,0.055555556,0.23570226,0.111111111,0.323380833,0.055555556,0.23570226,0.055555556,0.23570226,0.0,0.0
31_08_02.bmp,3.2222222222222223,0.222222222,0.427792632,0.5,0.514495755,0.0,0.0,0.055555556,0.23570226,0.111111111,0.323380833,0.055555556,0.23570226,0.055555556,0.23570226
13_12_03.bmp,2.888888888888889,0.722222222,0.460888599,0.222222222,0.427792632,0.111111111,0.323380833,0.0,0.0,0.166666667,0.383482494,0.0,0.0,0.111111111,0.323380833
0423.jpg,2.5,0.055555556,0.23570226,0.777777778,0.427792632,0.111111111,0.323380833,0.055555556,0.23570226,0.111111111,0.323380833,0.0,0.0,0.0,0.0
28_06_03.bmp,2.555555555555556,0.277777778,0.460888599,0.5,0.514495755,0.277777778,0.460888599,0.055555556,0.23570226,0.166666667,0.383482494,0.166666667,0.383482494,0.0,0.0
1117.jpg,2.2222222222222223,0.0,0.0,0.277777778,0.460888599,0.0,0.0,0.833333333,0.383482494,0.0,0.0,0.055555556,0.23570226,0.055555556,0.23570226
33_10_02.bmp,3.0,0.555555556,0.511309993,0.444444444,0.511309993,0.0,0.0,0.0,0.0,0.5,0.514495755,0.0,0.0,0.055555556,0.23570226
12_10_03.bmp,2.833333333333333,0.722222222,0.460888599,0.166666667,0.383482494,0.111111111,0.323380833,0.0,0.0,0.111111111,0.323380833,0.055555556,0.23570226,0.055555556,0.23570226
08_11_04.bmp,2.6666666666666665,0.888888889,0.323380833,0.055555556,0.23570226,0.0,0.0,0.055555556,0.23570226,0.055555556,0.23570226,0.111111111,0.323380833,0.0,0.0
24_19_01.bmp,3.0,0.277777778,0.460888599,0.666666667,0.48507125,0.111111111,0.323380833,0.0,0.0,0.0,0.0,0.0,0.0,0.0,0.0
35_14_05.bmp,1.8888888888888888,0.111111111,0.323380833,0.388888889,0.501631326,0.055555556,0.23570226,0.722222222,0.460888599,0.0,0.0,0.055555556,0.23570226,0.055555556,0.23570226
10_02_02.bmp,2.555555555555556,0.055555556,0.23570226,0.722222222,0.460888599,0.0,0.0,0.0,0.0,0.388888889,0.501631326,0.222222222,0.427792632,0.0,0.0
14_19_05.bmp,1.6666666666666667,0.111111111,0.323380833,0.166666667,0.383482494,0.888888889,0.323380833,0.0,0.0,0.0,0.0,0.111111111,0.323380833,0.0,0.0
31_04_01.bmp,3.5,0.111111111,0.323380833,0.333333333,0.48507125,0.0,0.0,0.055555556,0.23570226,0.277777778,0.460888599,0.055555556,0.23570226,0.055555556,0.23570226
21_25_05.bmp,1.8888888888888888,0.055555556,0.23570226,0.166666667,0.383482494,0.0,0.0,0.055555556,0.23570226,0.0,0.0,0.055555556,0.23570226,0.888888889,0.323380833
0595.jpg,3.0,0.055555556,0.23570226,0.333333333,0.48507125,0.055555556,0.23570226,0.111111111,0.323380833,0.5,0.514495755,0.111111111,0.323380833,0.055555556,0.23570226
28_13_01.bmp,3.111111111111111,0.055555556,0.23570226,0.388888889,0.501631326,0.333333333,0.48507125,0.0,0.0,0.111111111,0.323380833,0.055555556,0.23570226,0.0,0.0
29_11_05.bmp,2.5,0.833333333,0.383482494,0.277777778,0.460888599,0.055555556,0.23570226,0.0,0.0,0.111111111,0.323380833,0.111111111,0.323380833,0.0,0.0
16_05_02.bmp,3.0,0.277777778,0.460888599,0.388888889,0.501631326,0.055555556,0.23570226,0.0,0.0,0.388888889,0.501631326,0.444444444,0.511309993,0.0,0.0
15_01_03.bmp,2.6666666666666665,0.0,0.0,0.833333333,0.383482494,0.055555556,0.23570226,0.0,0.0,0.277777778,0.460888599,0.055555556,0.23570226,0.055555556,0.23570226
01311.jpg,3.333333333333333,0.388888889,0.501631326,0.333333333,0.48507125,0.0,0.0,0.111111111,0.323380833,0.333333333,0.48507125,0.388888889,0.501631326,0.0,0.0
18_03_02.bmp,2.888888888888889,0.111111111,0.323380833,0.666666667,0.48507125,0.111111111,0.323380833,0.0,0.0,0.0,0.0,0.055555556,0.23570226,0.111111111,0.323380833
0829.jpg,3.555555555555556,0.055555556,0.23570226,0.444444444,0.511309993,0.0,0.0,0.0,0.0,0.222222222,0.427792632,0.055555556,0.23570226,0.055555556,0.23570226
32_01_03.bmp,2.555555555555556,0.0,0.0,0.611111111,0.501631326,0.222222222,0.427792632,0.0,0.0,0.555555556,0.511309993,0.111111111,0.323380833,0.0,0.0
33_23_03.bmp,2.5,0.111111111,0.323380833,0.111111111,0.323380833,0.0,0.0,0.833333333,0.383482494,0.388888889,0.501631326,0.0,0.0,0.055555556,0.23570226
16_16_02.bmp,3.111111111111111,0.055555556,0.23570226,0.166666667,0.383482494,0.111111111,0.323380833,0.166666667,0.383482494,0.277777778,0.460888599,0.277777778,0.460888599,0.0,0.0
04_16_02.bmp,2.7777777777777777,0.166666667,0.383482494,0.722222222,0.460888599,0.055555556,0.23570226,0.0,0.0,0.166666667,0.383482494,0.0,0.0,0.055555556,0.23570226
06_23_04.bmp,2.5,0.055555556,0.23570226,0.166666667,0.383482494,0.0,0.0,0.722222222,0.460888599,0.0,0.0,0.055555556,0.23570226,0.055555556,0.23570226
19_02_05.bmp,1.3333333333333333,0.0,0.0,0.888888889,0.323380833,0.0,0.0,0.0,0.0,0.0,0.0,0.055555556,0.23570226,0.0,0.0
24_25_02.bmp,2.7777777777777777,0.055555556,0.23570226,0.166666667,0.383482494,0.0,0.0,0.055555556,0.23570226,0.0,0.0,0.0,0.0,0.833333333,0.383482494
21_24_02.bmp,2.555555555555556,0.222222222,0.427792632,0.833333333,0.383482494,0.0,0.0,0.0,0.0,0.0,0.0,0.055555556,0.23570226,0.055555556,0.23570226
19_13_05.bmp,2.0,0.0,0.0,0.111111111,0.323380833,0.944444444,0.23570226,0.055555556,0.23570226,0.055555556,0.23570226,0.111111111,0.323380833,0.0,0.0
0917.jpg,3.7222222222222223,0.111111111,0.323380833,0.277777778,0.460888599,0.055555556,0.23570226,0.0,0.0,0.277777778,0.460888599,0.0,0.0,0.0,0.0
02_19_05.bmp,2.333333333333333,0.055555556,0.23570226,0.333333333,0.48507125,0.777777778,0.427792632,0.111111111,0.323380833,0.277777778,0.460888599,0.0,0.0,0.0,0.0
0734.jpg,3.1666666666666665,0.111111111,0.323380833,0.277777778,0.460888599,0.0,0.0,0.111111111,0.323380833,0.222222222,0.427792632,0.222222222,0.427792632,0.055555556,0.23570226
04_04_04.bmp,2.6666666666666665,0.166666667,0.383482494,0.444444444,0.511309993,0.055555556,0.23570226,0.0,0.0,0.111111111,0.323380833,0.444444444,0.511309993,0.111111111,0.323380833
15_24_01.bmp,3.2777777777777777,0.111111111,0.323380833,0.611111111,0.501631326,0.111111111,0.323380833,0.111111111,0.323380833,0.222222222,0.427792632,0.0,0.0,0.055555556,0.23570226
22_09_03.bmp,2.4444444444444446,0.833333333,0.383482494,0.277777778,0.460888599,0.0,0.0,0.0,0.0,0.166666667,0.383482494,0.166666667,0.383482494,0.0,0.0
0154.jpg,2.111111111111111,0.055555556,0.23570226,0.388888889,0.501631326,0.888888889,0.323380833,0.0,0.0,0.166666667,0.383482494,0.0,0.0,0.055555556,0.23570226
0748.jpg,3.388888888888889,0.111111111,0.323380833,0.388888889,0.501631326,0.0,0.0,0.0,0.0,0.055555556,0.23570226,0.166666667,0.383482494,0.055555556,0.23570226
24_09_05.bmp,2.111111111111111,0.833333333,0.383482494,0.222222222,0.427792632,0.055555556,0.23570226,0.055555556,0.23570226,0.055555556,0.23570226,0.0,0.0,0.0,0.0
01_16_02.bmp,2.888888888888889,0.111111111,0.323380833,0.722222222,0.460888599,0.0,0.0,0.166666667,0.383482494,0.0,0.0,0.0,0.0,0.055555556,0.23570226
12_16_01.bmp,3.2777777777777777,0.055555556,0.23570226,0.333333333,0.48507125,0.277777778,0.460888599,0.111111111,0.323380833,0.111111111,0.323380833,0.055555556,0.23570226,0.055555556,0.23570226
21_03_01.bmp,3.6666666666666665,0.055555556,0.23570226,0.5,0.514495755,0.0,0.0,0.0,0.0,0.0,0.0,0.055555556,0.23570226,0.0,0.0
01232.jpg,3.4444444444444446,0.277777778,0.460888599,0.333333333,0.48507125,0.0,0.0,0.166666667,0.383482494,0.333333333,0.48507125,0.5,0.514495755,0.0,0.0
0182.jpg,3.111111111111111,0.111111111,0.323380833,0.277777778,0.460888599,0.722222222,0.460888599,0.0,0.0,0.055555556,0.23570226,0.055555556,0.23570226,0.055555556,0.23570226
30_06_04.bmp,2.2222222222222223,0.333333333,0.48507125,0.222222222,0.427792632,0.222222222,0.427792632,0.111111111,0.323380833,0.333333333,0.48507125,0.166666667,0.383482494,0.0,0.0
22_09_01.bmp,3.2222222222222223,0.5,0.514495755,0.388888889,0.501631326,0.055555556,0.23570226,0.0,0.0,0.166666667,0.383482494,0.111111111,0.323380833,0.0,0.0
25_12_03.bmp,2.388888888888889,0.777777778,0.427792632,0.333333333,0.48507125,0.055555556,0.23570226,0.0,0.0,0.166666667,0.383482494,0.0,0.0,0.055555556,0.23570226
08_05_05.bmp,2.111111111111111,0.444444444,0.511309993,0.611111111,0.501631326,0.055555556,0.23570226,0.0,0.0,0.166666667,0.383482494,0.055555556,0.23570226,0.0,0.0
30_17_04.bmp,2.388888888888889,0.111111111,0.323380833,0.555555556,0.511309993,0.0,0.0,0.0,0.0,0.388888889,0.501631326,0.166666667,0.383482494,0.222222222,0.427792632
02_19_04.bmp,2.2777777777777777,0.388888889,0.501631326,0.333333333,0.48507125,0.611111111,0.501631326,0.0,0.0,0.444444444,0.511309993,0.055555556,0.23570226,0.0,0.0
09_04_03.bmp,3.0,0.388888889,0.501631326,0.388888889,0.501631326,0.222222222,0.427792632,0.0,0.0,0.166666667,0.383482494,0.222222222,0.427792632,0.0,0.0
35_03_04.bmp,1.7222222222222223,0.111111111,0.323380833,0.944444444,0.23570226,0.0,0.0,0.0,0.0,0.0,0.0,0.0,0.0,0.0,0.0
11_17_01.bmp,2.833333333333333,0.055555556,0.23570226,0.555555556,0.511309993,0.055555556,0.23570226,0.055555556,0.23570226,0.333333333,0.48507125,0.111111111,0.323380833,0.166666667,0.383482494
15_03_03.bmp,2.555555555555556,0.055555556,0.23570226,0.666666667,0.48507125,0.055555556,0.23570226,0.055555556,0.23570226,0.277777778,0.460888599,0.0,0.0,0.055555556,0.23570226
13_22_05.bmp,1.7222222222222223,0.222222222,0.427792632,0.722222222,0.460888599,0.055555556,0.23570226,0.055555556,0.23570226,0.055555556,0.23570226,0.0,0.0,0.055555556,0.23570226
08_21_01.bmp,2.2777777777777777,0.222222222,0.427792632,0.388888889,0.501631326,0.722222222,0.460888599,0.111111111,0.323380833,0.0,0.0,0.111111111,0.323380833,0.0,0.0
15_06_04.bmp,1.9444444444444444,0.388888889,0.501631326,0.222222222,0.427792632,0.166666667,0.383482494,0.055555556,0.23570226,0.222222222,0.427792632,0.111111111,0.323380833,0.055555556,0.23570226
26_16_05.bmp,1.6666666666666667,0.111111111,0.323380833,0.777777778,0.427792632,0.0,0.0,0.277777778,0.460888599,0.111111111,0.323380833,0.0,0.0,0.055555556,0.23570226
0675.jpg,3.388888888888889,0.111111111,0.323380833,0.277777778,0.460888599,0.055555556,0.23570226,0.111111111,0.323380833,0.333333333,0.48507125,0.166666667,0.383482494,0.0,0.0
18_05_05.bmp,1.8888888888888888,0.388888889,0.501631326,0.722222222,0.460888599,0.111111111,0.323380833,0.0,0.0,0.055555556,0.23570226,0.0,0.0,0.055555556,0.23570226
05_14_04.bmp,2.6666666666666665,0.222222222,0.427792632,0.388888889,0.501631326,0.166666667,0.383482494,0.611111111,0.501631326,0.0,0.0,0.055555556,0.23570226,0.055555556,0.23570226
01380.jpg,3.333333333333333,0.0,0.0,0.722222222,0.460888599,0.111111111,0.323380833,0.055555556,0.23570226,0.0,0.0,0.0,0.0,0.055555556,0.23570226
0399.jpg,2.388888888888889,0.055555556,0.23570226,0.777777778,0.427792632,0.055555556,0.23570226,0.222222222,0.427792632,0.055555556,0.23570226,0.0,0.0,0.111111111,0.323380833
09_01_03.bmp,2.7777777777777777,0.222222222,0.427792632,0.722222222,0.460888599,0.277777778,0.460888599,0.0,0.0,0.111111111,0.323380833,0.0,0.0,0.055555556,0.23570226
0820.jpg,3.2777777777777777,0.166666667,0.383482494,0.444444444,0.511309993,0.055555556,0.23570226,0.0,0.0,0.166666667,0.383482494,0.055555556,0.23570226,0.0,0.0
1107.jpg,2.388888888888889,0.055555556,0.23570226,0.277777778,0.460888599,0.0,0.0,0.055555556,0.23570226,0.611111111,0.501631326,0.277777778,0.460888599,0.111111111,0.323380833
20_24_03.bmp,2.0,0.0,0.0,0.888888889,0.323380833,0.111111111,0.323380833,0.0,0.0,0.055555556,0.23570226,0.111111111,0.323380833,0.055555556,0.23570226
27_05_04.bmp,1.9444444444444444,0.277777778,0.460888599,0.722222222,0.460888599,0.055555556,0.23570226,0.055555556,0.23570226,0.388888889,0.501631326,0.055555556,0.23570226,0.055555556,0.23570226
28_04_03.bmp,2.7222222222222223,0.222222222,0.427792632,0.555555556,0.511309993,0.277777778,0.460888599,0.0,0.0,0.166666667,0.383482494,0.055555556,0.23570226,0.0,0.0
18_25_01.bmp,3.055555555555556,0.055555556,0.23570226,0.166666667,0.383482494,0.055555556,0.23570226,0.055555556,0.23570226,0.0,0.0,0.055555556,0.23570226,0.944444444,0.23570226
28_25_01.bmp,2.888888888888889,0.055555556,0.23570226,0.111111111,0.323380833,0.055555556,0.23570226,0.0,0.0,0.222222222,0.427792632,0.055555556,0.23570226,0.944444444,0.23570226
02_08_03.bmp,2.5,0.444444444,0.511309993,0.555555556,0.511309993,0.111111111,0.323380833,0.0,0.0,0.444444444,0.511309993,0.166666667,0.383482494,0.055555556,0.23570226
25_11_03.bmp,2.6666666666666665,0.722222222,0.460888599,0.166666667,0.383482494,0.166666667,0.383482494,0.0,0.0,0.166666667,0.383482494,0.111111111,0.323380833,0.055555556,0.23570226
22_02_03.bmp,1.8888888888888888,0.0,0.0,0.944444444,0.23570226,0.0,0.0,0.0,0.0,0.166666667,0.383482494,0.055555556,0.23570226,0.0,0.0
09_13_05.bmp,2.5,0.055555556,0.23570226,0.444444444,0.511309993,0.833333333,0.383482494,0.0,0.0,0.166666667,0.383482494,0.0,0.0,0.0,0.0
0834.jpg,3.4444444444444446,0.0,0.0,0.555555556,0.511309993,0.0,0.0,0.111111111,0.323380833,0.111111111,0.323380833,0.0,0.0,0.055555556,0.23570226
19_09_04.bmp,2.4444444444444446,0.666666667,0.48507125,0.333333333,0.48507125,0.055555556,0.23570226,0.055555556,0.23570226,0.111111111,0.323380833,0.055555556,0.23570226,0.0,0.0
0047.jpg,3.333333333333333,0.055555556,0.23570226,0.222222222,0.427792632,0.833333333,0.383482494,0.0,0.0,0.055555556,0.23570226,0.055555556,0.23570226,0.0,0.0
0063.jpg,2.333333333333333,0.055555556,0.23570226,0.777777778,0.427792632,0.666666667,0.48507125,0.0,0.0,0.222222222,0.427792632,0.0,0.0,0.055555556,0.23570226
0532.jpg,3.2777777777777777,0.111111111,0.323380833,0.5,0.514495755,0.0,0.0,0.111111111,0.323380833,0.777777778,0.427792632,0.0,0.0,0.055555556,0.23570226
30_17_03.bmp,2.388888888888889,0.166666667,0.383482494,0.444444444,0.511309993,0.0,0.0,0.055555556,0.23570226,0.444444444,0.511309993,0.111111111,0.323380833,0.166666667,0.383482494
28_13_02.bmp,3.055555555555556,0.166666667,0.383482494,0.388888889,0.501631326,0.277777778,0.460888599,0.0,0.0,0.166666667,0.383482494,0.055555556,0.23570226,0.0,0.0
0064.jpg,3.1666666666666665,0.0,0.0,0.388888889,0.501631326,0.888888889,0.323380833,0.055555556,0.23570226,0.055555556,0.23570226,0.0,0.0,0.055555556,0.23570226
0444.jpg,2.833333333333333,0.055555556,0.23570226,0.722222222,0.460888599,0.0,0.0,0.055555556,0.23570226,0.222222222,0.427792632,0.111111111,0.323380833,0.111111111,0.323380833
17_03_04.bmp,2.4444444444444446,0.111111111,0.323380833,0.722222222,0.460888599,0.055555556,0.23570226,0.0,0.0,0.166666667,0.383482494,0.0,0.0,0.0,0.0
1047.jpg,3.111111111111111,0.0,0.0,0.611111111,0.501631326,0.0,0.0,0.444444444,0.511309993,0.222222222,0.427792632,0.0,0.0,0.111111111,0.323380833
21_07_04.bmp,1.6666666666666667,0.222222222,0.427792632,0.833333333,0.383482494,0.055555556,0.23570226,0.0,0.0,0.0,0.0,0.055555556,0.23570226,0.055555556,0.23570226
14_18_05.bmp,1.5555555555555556,0.055555556,0.23570226,0.888888889,0.323380833,0.111111111,0.323380833,0.055555556,0.23570226,0.0,0.0,0.055555556,0.23570226,0.055555556,0.23570226
1090.jpg,2.9444444444444446,0.055555556,0.23570226,0.444444444,0.511309993,0.055555556,0.23570226,0.555555556,0.511309993,0.055555556,0.23570226,0.055555556,0.23570226,0.055555556,0.23570226
17_09_03.bmp,2.5,0.777777778,0.427792632,0.222222222,0.427792632,0.111111111,0.323380833,0.0,0.0,0.222222222,0.427792632,0.055555556,0.23570226,0.055555556,0.23570226
14_02_02.bmp,2.6666666666666665,0.055555556,0.23570226,0.833333333,0.383482494,0.055555556,0.23570226,0.0,0.0,0.055555556,0.23570226,0.111111111,0.323380833,0.055555556,0.23570226
17_04_02.bmp,2.833333333333333,0.277777778,0.460888599,0.277777778,0.460888599,0.166666667,0.383482494,0.111111111,0.323380833,0.166666667,0.383482494,0.166666667,0.383482494,0.055555556,0.23570226
32_07_04.bmp,2.0,0.0,0.0,0.833333333,0.383482494,0.055555556,0.23570226,0.111111111,0.323380833,0.388888889,0.501631326,0.055555556,0.23570226,0.0,0.0
17_03_01.bmp,3.5,0.111111111,0.323380833,0.444444444,0.511309993,0.0,0.0,0.055555556,0.23570226,0.166666667,0.383482494,0.111111111,0.323380833,0.055555556,0.23570226
34_21_04.bmp,2.2222222222222223,0.166666667,0.383482494,0.722222222,0.460888599,0.277777778,0.460888599,0.166666667,0.383482494,0.0,0.0,0.055555556,0.23570226,0.111111111,0.323380833
26_11_05.bmp,2.4444444444444446,0.777777778,0.427792632,0.166666667,0.383482494,0.111111111,0.323380833,0.055555556,0.23570226,0.055555556,0.23570226,0.0,0.0,0.0,0.0
01_11_05.bmp,1.6666666666666667,0.944444444,0.23570226,0.444444444,0.511309993,0.166666667,0.383482494,0.055555556,0.23570226,0.111111111,0.323380833,0.055555556,0.23570226,0.0,0.0
21_17_05.bmp,2.0,0.111111111,0.323380833,0.444444444,0.511309993,0.055555556,0.23570226,0.0,0.0,0.111111111,0.323380833,0.166666667,0.383482494,0.222222222,0.427792632
04_14_03.bmp,2.6666666666666665,0.111111111,0.323380833,0.611111111,0.501631326,0.055555556,0.23570226,0.333333333,0.48507125,0.277777778,0.460888599,0.0,0.0,0.0,0.0
25_17_03.bmp,2.6666666666666665,0.111111111,0.323380833,0.5,0.514495755,0.055555556,0.23570226,0.0,0.0,0.222222222,0.427792632,0.222222222,0.427792632,0.166666667,0.383482494
0714.jpg,3.4444444444444446,0.111111111,0.323380833,0.277777778,0.460888599,0.0,0.0,0.166666667,0.383482494,0.277777778,0.460888599,0.111111111,0.323380833,0.055555556,0.23570226
0729.jpg,3.7777777777777777,0.055555556,0.23570226,0.166666667,0.383482494,0.0,0.0,0.055555556,0.23570226,0.166666667,0.383482494,0.055555556,0.23570226,0.055555556,0.23570226
12_11_02.bmp,3.1666666666666665,0.722222222,0.460888599,0.166666667,0.383482494,0.055555556,0.23570226,0.0,0.0,0.111111111,0.323380833,0.055555556,0.23570226,0.0,0.0
18_09_05.bmp,2.2222222222222223,0.777777778,0.427792632,0.333333333,0.48507125,0.111111111,0.323380833,0.0,0.0,0.0,0.0,0.0,0.0,0.055555556,0.23570226
34_09_05.bmp,2.2222222222222223,0.777777778,0.427792632,0.388888889,0.501631326,0.111111111,0.323380833,0.0,0.0,0.055555556,0.23570226,0.0,0.0,0.111111111,0.323380833
33_19_05.bmp,2.0,0.111111111,0.323380833,0.277777778,0.460888599,0.722222222,0.460888599,0.166666667,0.383482494,0.333333333,0.48507125,0.0,0.0,0.0,0.0
28_04_05.bmp,2.2777777777777777,0.277777778,0.460888599,0.444444444,0.511309993,0.277777778,0.460888599,0.0,0.0,0.166666667,0.383482494,0.111111111,0.323380833,0.055555556,0.23570226
01304.jpg,3.1666666666666665,0.444444444,0.511309993,0.388888889,0.501631326,0.055555556,0.23570226,0.166666667,0.383482494,0.277777778,0.460888599,0.0,0.0,0.0,0.0
0968.jpg,2.7222222222222223,0.055555556,0.23570226,0.555555556,0.511309993,0.0,0.0,0.611111111,0.501631326,0.055555556,0.23570226,0.055555556,0.23570226,0.055555556,0.23570226
08_25_04.bmp,2.333333333333333,0.111111111,0.323380833,0.055555556,0.23570226,0.055555556,0.23570226,0.0,0.0,0.055555556,0.23570226,0.0,0.0,0.888888889,0.323380833
03_05_03.bmp,2.7777777777777777,0.222222222,0.427792632,0.611111111,0.501631326,0.055555556,0.23570226,0.055555556,0.23570226,0.166666667,0.383482494,0.0,0.0,0.055555556,0.23570226
0232.jpg,2.4444444444444446,0.111111111,0.323380833,0.222222222,0.427792632,0.0,0.0,1.0,0.0,0.055555556,0.23570226,0.0,0.0,0.0,0.0
0619.jpg,3.0,0.111111111,0.323380833,0.5,0.514495755,0.0,0.0,0.166666667,0.383482494,0.0,0.0,0.0,0.0,0.055555556,0.23570226
30_24_02.bmp,3.1666666666666665,0.0,0.0,0.5,0.514495755,0.0,0.0,0.055555556,0.23570226,0.277777778,0.460888599,0.055555556,0.23570226,0.055555556,0.23570226
27_13_01.bmp,3.0,0.166666667,0.383482494,0.444444444,0.511309993,0.0,0.0,0.0,0.0,0.444444444,0.511309993,0.0,0.0,0.0,0.0
28_09_02.bmp,2.7777777777777777,0.777777778,0.427792632,0.277777778,0.460888599,0.055555556,0.23570226,0.0,0.0,0.222222222,0.427792632,0.0,0.0,0.0,0.0
37_03_01.bmp,3.611111111111111,0.111111111,0.323380833,0.444444444,0.511309993,0.055555556,0.23570226,0.111111111,0.323380833,0.055555556,0.23570226,0.055555556,0.23570226,0.0,0.0
15_18_01.bmp,3.333333333333333,0.222222222,0.427792632,0.611111111,0.501631326,0.0,0.0,0.0,0.0,0.222222222,0.427792632,0.0,0.0,0.0,0.0
05_07_02.bmp,2.6666666666666665,0.388888889,0.501631326,0.611111111,0.501631326,0.055555556,0.23570226,0.0,0.0,0.055555556,0.23570226,0.055555556,0.23570226,0.055555556,0.23570226
0773.jpg,3.555555555555556,0.055555556,0.23570226,0.5,0.514495755,0.0,0.0,0.055555556,0.23570226,0.111111111,0.323380833,0.111111111,0.323380833,0.055555556,0.23570226
31_15_05.bmp,2.833333333333333,0.111111111,0.323380833,0.333333333,0.48507125,0.111111111,0.323380833,0.611111111,0.501631326,0.166666667,0.383482494,0.0,0.0,0.111111111,0.323380833
0258.jpg,2.888888888888889,0.222222222,0.427792632,0.222222222,0.427792632,0.0,0.0,0.833333333,0.383482494,0.166666667,0.383482494,0.055555556,0.23570226,0.0,0.0
21_03_02.bmp,3.0,0.055555556,0.23570226,0.833333333,0.383482494,0.055555556,0.23570226,0.055555556,0.23570226,0.0,0.0,0.0,0.0,0.111111111,0.323380833
0198.jpg,1.7222222222222223,0.111111111,0.323380833,0.166666667,0.383482494,0.0,0.0,0.888888889,0.323380833,0.055555556,0.23570226,0.055555556,0.23570226,0.0,0.0
36_10_02.bmp,3.055555555555556,0.444444444,0.511309993,0.555555556,0.511309993,0.055555556,0.23570226,0.055555556,0.23570226,0.0,0.0,0.055555556,0.23570226,0.055555556,0.23570226
0147.jpg,2.2222222222222223,0.055555556,0.23570226,0.611111111,0.501631326,0.944444444,0.23570226,0.0,0.0,0.0,0.0,0.0,0.0,0.0,0.0
26_10_02.bmp,3.7222222222222223,0.444444444,0.511309993,0.111111111,0.323380833,0.111111111,0.323380833,0.0,0.0,0.111111111,0.323380833,0.0,0.0,0.0,0.0
26_25_05.bmp,2.1666666666666665,0.111111111,0.323380833,0.0,0.0,0.055555556,0.23570226,0.055555556,0.23570226,0.055555556,0.23570226,0.0,0.0,0.888888889,0.323380833
27_04_01.bmp,3.333333333333333,0.166666667,0.383482494,0.222222222,0.427792632,0.055555556,0.23570226,0.0,0.0,0.611111111,0.501631326,0.055555556,0.23570226,0.055555556,0.23570226
05_15_03.bmp,3.1666666666666665,0.111111111,0.323380833,0.333333333,0.48507125,0.277777778,0.460888599,0.0,0.0,0.055555556,0.23570226,0.055555556,0.23570226,0.055555556,0.23570226
0458.jpg,2.888888888888889,0.055555556,0.23570226,0.277777778,0.460888599,0.0,0.0,0.111111111,0.323380833,0.777777778,0.427792632,0.0,0.0,0.055555556,0.23570226
30_05_05.bmp,1.7777777777777777,0.388888889,0.501631326,0.777777778,0.427792632,0.055555556,0.23570226,0.055555556,0.23570226,0.388888889,0.501631326,0.0,0.0,0.055555556,0.23570226
14_25_02.bmp,2.611111111111111,0.111111111,0.323380833,0.166666667,0.383482494,0.055555556,0.23570226,0.055555556,0.23570226,0.0,0.0,0.055555556,0.23570226,0.944444444,0.23570226
26_08_01.bmp,3.7222222222222223,0.111111111,0.323380833,0.111111111,0.323380833,0.111111111,0.323380833,0.0,0.0,0.055555556,0.23570226,0.0,0.0,0.111111111,0.323380833
0645.jpg,4.0,0.0,0.0,0.222222222,0.427792632,0.0,0.0,0.111111111,0.323380833,0.111111111,0.323380833,0.055555556,0.23570226,0.0,0.0
20_16_04.bmp,2.2777777777777777,0.111111111,0.323380833,0.722222222,0.460888599,0.0,0.0,0.055555556,0.23570226,0.111111111,0.323380833,0.055555556,0.23570226,0.0,0.0
21_22_05.bmp,1.6111111111111112,0.166666667,0.383482494,0.833333333,0.383482494,0.0,0.0,0.0,0.0,0.0,0.0,0.0,0.0,0.0,0.0
02_18_01.bmp,2.388888888888889,0.055555556,0.23570226,0.666666667,0.48507125,0.055555556,0.23570226,0.0,0.0,0.5,0.514495755,0.111111111,0.323380833,0.166666667,0.383482494
09_08_05.bmp,1.9444444444444444,0.5,0.514495755,0.666666667,0.48507125,0.0,0.0,0.055555556,0.23570226,0.166666667,0.383482494,0.055555556,0.23570226,0.055555556,0.23570226
16_20_02.bmp,2.4444444444444446,0.388888889,0.501631326,0.222222222,0.427792632,0.277777778,0.460888599,0.111111111,0.323380833,0.333333333,0.48507125,0.222222222,0.427792632,0.0,0.0
24_10_04.bmp,2.388888888888889,0.666666667,0.48507125,0.333333333,0.48507125,0.055555556,0.23570226,0.0,0.0,0.055555556,0.23570226,0.055555556,0.23570226,0.0,0.0
07_20_02.bmp,2.2222222222222223,0.611111111,0.501631326,0.333333333,0.48507125,0.166666667,0.383482494,0.055555556,0.23570226,0.166666667,0.383482494,0.055555556,0.23570226,0.111111111,0.323380833
05_02_02.bmp,2.4444444444444446,0.166666667,0.383482494,0.833333333,0.383482494,0.111111111,0.323380833,0.0,0.0,0.0,0.0,0.055555556,0.23570226,0.055555556,0.23570226
11_19_02.bmp,2.6666666666666665,0.111111111,0.323380833,0.333333333,0.48507125,0.388888889,0.501631326,0.0,0.0,0.222222222,0.427792632,0.111111111,0.323380833,0.055555556,0.23570226
23_18_05.bmp,1.7777777777777777,0.111111111,0.323380833,0.888888889,0.323380833,0.0,0.0,0.0,0.0,0.277777778,0.460888599,0.0,0.0,0.0,0.0
08_02_02.bmp,3.555555555555556,0.111111111,0.323380833,0.666666667,0.48507125,0.055555556,0.23570226,0.0,0.0,0.111111111,0.323380833,0.0,0.0,0.0,0.0
06_15_05.bmp,3.611111111111111,0.222222222,0.427792632,0.222222222,0.427792632,0.055555556,0.23570226,0.166666667,0.383482494,0.0,0.0,0.0,0.0,0.055555556,0.23570226
28_19_01.bmp,3.1666666666666665,0.166666667,0.383482494,0.611111111,0.501631326,0.055555556,0.23570226,0.055555556,0.23570226,0.166666667,0.383482494,0.055555556,0.23570226,0.055555556,0.23570226
15_19_01.bmp,3.4444444444444446,0.111111111,0.323380833,0.388888889,0.501631326,0.111111111,0.323380833,0.055555556,0.23570226,0.222222222,0.427792632,0.0,0.0,0.055555556,0.23570226
18_12_02.bmp,2.833333333333333,0.5,0.514495755,0.388888889,0.501631326,0.166666667,0.383482494,0.055555556,0.23570226,0.0,0.0,0.0,0.0,0.111111111,0.323380833
26_15_01.bmp,3.8333333333333335,0.055555556,0.23570226,0.055555556,0.23570226,0.5,0.514495755,0.0,0.0,0.055555556,0.23570226,0.055555556,0.23570226,0.0,0.0
29_21_05.bmp,1.7777777777777777,0.111111111,0.323380833,0.222222222,0.427792632,0.055555556,0.23570226,0.611111111,0.501631326,0.111111111,0.323380833,0.111111111,0.323380833,0.055555556,0.23570226
03_24_04.bmp,2.055555555555556,0.055555556,0.23570226,1.0,0.0,0.0,0.0,0.055555556,0.23570226,0.111111111,0.323380833,0.0,0.0,0.0,0.0
36_02_03.bmp,1.7777777777777777,0.0,0.0,0.944444444,0.23570226,0.111111111,0.323380833,0.0,0.0,0.055555556,0.23570226,0.0,0.0,0.111111111,0.323380833
01263.jpg,3.1666666666666665,0.333333333,0.48507125,0.555555556,0.511309993,0.222222222,0.427792632,0.055555556,0.23570226,0.388888889,0.501631326,0.0,0.0,0.0,0.0
01376.jpg,3.388888888888889,0.0,0.0,0.722222222,0.460888599,0.055555556,0.23570226,0.0,0.0,0.0,0.0,0.0,0.0,0.055555556,0.23570226
23_16_05.bmp,1.7777777777777777,0.111111111,0.323380833,0.833333333,0.383482494,0.0,0.0,0.055555556,0.23570226,0.222222222,0.427792632,0.0,0.0,0.0,0.0
03_10_04.bmp,2.5,0.666666667,0.48507125,0.222222222,0.427792632,0.166666667,0.383482494,0.0,0.0,0.166666667,0.383482494,0.0,0.0,0.055555556,0.23570226
25_17_02.bmp,2.555555555555556,0.055555556,0.23570226,0.444444444,0.511309993,0.055555556,0.23570226,0.0,0.0,0.222222222,0.427792632,0.277777778,0.460888599,0.222222222,0.427792632
14_17_02.bmp,2.7777777777777777,0.111111111,0.323380833,0.333333333,0.48507125,0.111111111,0.323380833,0.0,0.0,0.111111111,0.323380833,0.277777778,0.460888599,0.222222222,0.427792632
04_23_02.bmp,2.5,0.111111111,0.323380833,0.611111111,0.501631326,0.0,0.0,0.833333333,0.383482494,0.111111111,0.323380833,0.0,0.0,0.055555556,0.23570226
20_04_02.bmp,3.0,0.222222222,0.427792632,0.277777778,0.460888599,0.222222222,0.427792632,0.0,0.0,0.111111111,0.323380833,0.333333333,0.48507125,0.0,0.0
02_03_05.bmp,1.5,0.055555556,0.23570226,0.833333333,0.383482494,0.0,0.0,0.0,0.0,0.555555556,0.511309993,0.055555556,0.23570226,0.055555556,0.23570226
35_18_05.bmp,1.6666666666666667,0.166666667,0.383482494,0.833333333,0.383482494,0.0,0.0,0.055555556,0.23570226,0.0,0.0,0.0,0.0,0.111111111,0.323380833
17_02_03.bmp,2.2777777777777777,0.0,0.0,0.833333333,0.383482494,0.055555556,0.23570226,0.0,0.0,0.166666667,0.383482494,0.166666667,0.383482494,0.0,0.0
26_16_03.bmp,3.1666666666666665,0.055555556,0.23570226,0.277777778,0.460888599,0.055555556,0.23570226,0.444444444,0.511309993,0.055555556,0.23570226,0.0,0.0,0.0,0.0
0466.jpg,3.333333333333333,0.055555556,0.23570226,0.333333333,0.48507125,0.0,0.0,0.111111111,0.323380833,0.666666667,0.48507125,0.0,0.0,0.055555556,0.23570226
01_21_05.bmp,1.7777777777777777,0.277777778,0.460888599,0.833333333,0.383482494,0.055555556,0.23570226,0.055555556,0.23570226,0.111111111,0.323380833,0.111111111,0.323380833,0.0,0.0
33_15_01.bmp,2.888888888888889,0.055555556,0.23570226,0.388888889,0.501631326,0.777777778,0.427792632,0.0,0.0,0.333333333,0.48507125,0.0,0.0,0.055555556,0.23570226
22_03_05.bmp,1.5555555555555556,0.0,0.0,0.833333333,0.383482494,0.0,0.0,0.0,0.0,0.111111111,0.323380833,0.111111111,0.323380833,0.0,0.0
0353.jpg,2.4444444444444446,0.055555556,0.23570226,0.888888889,0.323380833,0.055555556,0.23570226,0.111111111,0.323380833,0.0,0.0,0.0,0.0,0.0,0.0
30_11_04.bmp,2.611111111111111,0.833333333,0.383482494,0.166666667,0.383482494,0.0,0.0,0.0,0.0,0.333333333,0.48507125,0.055555556,0.23570226,0.0,0.0
23_07_03.bmp,2.4444444444444446,0.277777778,0.460888599,0.666666667,0.48507125,0.055555556,0.23570226,0.0,0.0,0.166666667,0.383482494,0.055555556,0.23570226,0.0,0.0
11_08_04.bmp,1.9444444444444444,0.388888889,0.501631326,0.777777778,0.427792632,0.0,0.0,0.055555556,0.23570226,0.166666667,0.383482494,0.055555556,0.23570226,0.055555556,0.23570226
01_07_04.bmp,1.8888888888888888,0.444444444,0.511309993,0.888888889,0.323380833,0.166666667,0.383482494,0.0,0.0,0.0,0.0,0.166666667,0.383482494,0.055555556,0.23570226
07_21_05.bmp,1.7222222222222223,0.166666667,0.383482494,0.444444444,0.511309993,0.055555556,0.23570226,0.555555556,0.511309993,0.055555556,0.23570226,0.111111111,0.323380833,0.055555556,0.23570226
15_06_01.bmp,2.7777777777777777,0.222222222,0.427792632,0.166666667,0.383482494,0.166666667,0.383482494,0.111111111,0.323380833,0.222222222,0.427792632,0.0,0.0,0.055555556,0.23570226
25_20_01.bmp,2.555555555555556,0.333333333,0.48507125,0.444444444,0.511309993,0.333333333,0.48507125,0.111111111,0.323380833,0.111111111,0.323380833,0.111111111,0.323380833,0.055555556,0.23570226
32_21_05.bmp,1.4444444444444444,0.166666667,0.383482494,0.388888889,0.501631326,0.222222222,0.427792632,0.555555556,0.511309993,0.333333333,0.48507125,0.0,0.0,0.0,0.0
0424.jpg,2.2222222222222223,0.0,0.0,0.777777778,0.427792632,0.0,0.0,0.055555556,0.23570226,0.111111111,0.323380833,0.0,0.0,0.111111111,0.323380833
26_17_03.bmp,2.7777777777777777,0.111111111,0.323380833,0.333333333,0.48507125,0.166666667,0.383482494,0.0,0.0,0.166666667,0.383482494,0.277777778,0.460888599,0.166666667,0.383482494
10_04_01.bmp,3.2777777777777777,0.111111111,0.323380833,0.388888889,0.501631326,0.0,0.0,0.0,0.0,0.5,0.514495755,0.166666667,0.383482494,0.0,0.0
27_16_03.bmp,2.7777777777777777,0.166666667,0.383482494,0.666666667,0.48507125,0.0,0.0,0.055555556,0.23570226,0.388888889,0.501631326,0.055555556,0.23570226,0.055555556,0.23570226
03_02_05.bmp,1.6111111111111112,0.055555556,0.23570226,0.944444444,0.23570226,0.055555556,0.23570226,0.0,0.0,0.111111111,0.323380833,0.0,0.0,0.0,0.0
23_17_05.bmp,2.5,0.055555556,0.23570226,0.555555556,0.511309993,0.0,0.0,0.0,0.0,0.388888889,0.501631326,0.166666667,0.383482494,0.166666667,0.383482494
08_15_05.bmp,2.388888888888889,0.111111111,0.323380833,0.222222222,0.427792632,0.055555556,0.23570226,0.888888889,0.323380833,0.0,0.0,0.055555556,0.23570226,0.0,0.0
0903.jpg,3.611111111111111,0.166666667,0.383482494,0.444444444,0.511309993,0.055555556,0.23570226,0.0,0.0,0.277777778,0.460888599,0.0,0.0,0.0,0.0
0928.jpg,2.833333333333333,0.055555556,0.23570226,0.555555556,0.511309993,0.0,0.0,0.666666667,0.48507125,0.222222222,0.427792632,0.0,0.0,0.055555556,0.23570226
02_06_02.bmp,2.6666666666666665,0.277777778,0.460888599,0.333333333,0.48507125,0.111111111,0.323380833,0.0,0.0,0.611111111,0.501631326,0.111111111,0.323380833,0.111111111,0.323380833
24_05_01.bmp,3.388888888888889,0.055555556,0.23570226,0.444444444,0.511309993,0.055555556,0.23570226,0.055555556,0.23570226,0.0,0.0,0.0,0.0,0.055555556,0.23570226
25_23_05.bmp,1.6666666666666667,0.0,0.0,0.222222222,0.427792632,0.0,0.0,0.777777778,0.427792632,0.055555556,0.23570226,0.055555556,0.23570226,0.111111111,0.323380833
35_07_04.bmp,1.5,0.055555556,0.23570226,0.888888889,0.323380833,0.055555556,0.23570226,0.0,0.0,0.055555556,0.23570226,0.055555556,0.23570226,0.111111111,0.323380833
21_22_03.bmp,2.1666666666666665,0.166666667,0.383482494,0.888888889,0.323380833,0.0,0.0,0.055555556,0.23570226,0.0,0.0,0.055555556,0.23570226,0.0,0.0
09_08_02.bmp,3.2222222222222223,0.388888889,0.501631326,0.555555556,0.511309993,0.111111111,0.323380833,0.0,0.0,0.111111111,0.323380833,0.055555556,0.23570226,0.055555556,0.23570226
26_06_04.bmp,2.9444444444444446,0.277777778,0.460888599,0.111111111,0.323380833,0.333333333,0.48507125,0.111111111,0.323380833,0.055555556,0.23570226,0.166666667,0.383482494,0.055555556,0.23570226
19_05_01.bmp,3.611111111111111,0.166666667,0.383482494,0.222222222,0.427792632,0.222222222,0.427792632,0.055555556,0.23570226,0.166666667,0.383482494,0.055555556,0.23570226,0.055555556,0.23570226
01_13_01.bmp,3.1666666666666665,0.111111111,0.323380833,0.777777778,0.427792632,0.111111111,0.323380833,0.0,0.0,0.055555556,0.23570226,0.0,0.0,0.055555556,0.23570226
26_19_02.bmp,4.0,0.0,0.0,0.222222222,0.427792632,0.055555556,0.23570226,0.055555556,0.23570226,0.055555556,0.23570226,0.0,0.0,0.055555556,0.23570226
01343.jpg,3.333333333333333,0.055555556,0.23570226,0.666666667,0.48507125,0.0,0.0,0.166666667,0.383482494,0.0,0.0,0.0,0.0,0.055555556,0.23570226
18_19_05.bmp,1.8888888888888888,0.111111111,0.323380833,0.333333333,0.48507125,0.833333333,0.383482494,0.0,0.0,0.055555556,0.23570226,0.0,0.0,0.055555556,0.23570226
05_07_03.bmp,2.111111111111111,0.277777778,0.460888599,0.777777778,0.427792632,0.111111111,0.323380833,0.0,0.0,0.0,0.0,0.055555556,0.23570226,0.166666667,0.383482494
0464.jpg,2.555555555555556,0.111111111,0.323380833,0.333333333,0.48507125,0.0,0.0,0.222222222,0.427792632,0.833333333,0.383482494,0.0,0.0,0.0,0.0
22_19_01.bmp,3.333333333333333,0.111111111,0.323380833,0.444444444,0.511309993,0.055555556,0.23570226,0.0,0.0,0.111111111,0.323380833,0.111111111,0.323380833,0.0,0.0
09_20_04.bmp,1.8333333333333333,0.722222222,0.460888599,0.611111111,0.501631326,0.166666667,0.383482494,0.055555556,0.23570226,0.166666667,0.383482494,0.055555556,0.23570226,0.055555556,0.23570226
17_02_01.bmp,3.2777777777777777,0.0,0.0,0.555555556,0.511309993,0.055555556,0.23570226,0.0,0.0,0.222222222,0.427792632,0.055555556,0.23570226,0.111111111,0.323380833
36_25_04.bmp,2.0,0.055555556,0.23570226,0.222222222,0.427792632,0.166666667,0.383482494,0.0,0.0,0.0,0.0,0.0,0.0,0.944444444,0.23570226
01149.jpg,3.8333333333333335,0.111111111,0.323380833,0.222222222,0.427792632,0.0,0.0,0.111111111,0.323380833,0.166666667,0.383482494,0.0,0.0,0.555555556,0.511309993
01409.jpg,3.6666666666666665,0.055555556,0.23570226,0.555555556,0.511309993,0.055555556,0.23570226,0.0,0.0,0.0,0.0,0.0,0.0,0.0,0.0
0189.jpg,3.7222222222222223,0.111111111,0.323380833,0.166666667,0.383482494,0.777777778,0.427792632,0.0,0.0,0.0,0.0,0.055555556,0.23570226,0.0,0.0
15_23_04.bmp,2.611111111111111,0.055555556,0.23570226,0.166666667,0.383482494,0.0,0.0,0.666666667,0.48507125,0.166666667,0.383482494,0.0,0.0,0.111111111,0.323380833
10_15_04.bmp,2.6666666666666665,0.111111111,0.323380833,0.388888889,0.501631326,0.111111111,0.323380833,0.444444444,0.511309993,0.333333333,0.48507125,0.222222222,0.427792632,0.055555556,0.23570226
26_03_03.bmp,2.888888888888889,0.055555556,0.23570226,0.722222222,0.460888599,0.111111111,0.323380833,0.0,0.0,0.055555556,0.23570226,0.0,0.0,0.0,0.0
31_25_03.bmp,2.333333333333333,0.055555556,0.23570226,0.111111111,0.323380833,0.0,0.0,0.111111111,0.323380833,0.166666667,0.383482494,0.0,0.0,0.833333333,0.383482494
19_11_04.bmp,2.555555555555556,0.777777778,0.427792632,0.277777778,0.460888599,0.055555556,0.23570226,0.0,0.0,0.166666667,0.383482494,0.111111111,0.323380833,0.055555556,0.23570226
25_21_02.bmp,2.2222222222222223,0.166666667,0.383482494,0.333333333,0.48507125,0.777777778,0.427792632,0.0,0.0,0.111111111,0.323380833,0.0,0.0,0.0,0.0
21_15_05.bmp,2.7777777777777777,0.166666667,0.383482494,0.444444444,0.511309993,0.055555556,0.23570226,0.444444444,0.511309993,0.0,0.0,0.0,0.0,0.0,0.0
14_23_03.bmp,2.833333333333333,0.111111111,0.323380833,0.166666667,0.383482494,0.055555556,0.23570226,0.777777778,0.427792632,0.055555556,0.23570226,0.0,0.0,0.222222222,0.427792632
14_18_02.bmp,2.833333333333333,0.111111111,0.323380833,0.666666667,0.48507125,0.055555556,0.23570226,0.0,0.0,0.055555556,0.23570226,0.055555556,0.23570226,0.055555556,0.23570226
31_24_01.bmp,3.111111111111111,0.0,0.0,0.555555556,0.511309993,0.055555556,0.23570226,0.055555556,0.23570226,0.166666667,0.383482494,0.0,0.0,0.055555556,0.23570226
1011.jpg,3.333333333333333,0.055555556,0.23570226,0.333333333,0.48507125,0.055555556,0.23570226,0.5,0.514495755,0.111111111,0.323380833,0.0,0.0,0.055555556,0.23570226
04_12_02.bmp,2.833333333333333,0.555555556,0.511309993,0.5,0.514495755,0.111111111,0.323380833,0.0,0.0,0.222222222,0.427792632,0.0,0.0,0.0,0.0
0320.jpg,2.333333333333333,0.111111111,0.323380833,0.888888889,0.323380833,0.0,0.0,0.111111111,0.323380833,0.111111111,0.323380833,0.055555556,0.23570226,0.0,0.0
02_12_01.bmp,3.333333333333333,0.333333333,0.48507125,0.5,0.514495755,0.0,0.0,0.055555556,0.23570226,0.5,0.514495755,0.055555556,0.23570226,0.0,0.0
03_10_01.bmp,3.611111111111111,0.222222222,0.427792632,0.166666667,0.383482494,0.055555556,0.23570226,0.055555556,0.23570226,0.222222222,0.427792632,0.0,0.0,0.055555556,0.23570226
23_11_02.bmp,3.111111111111111,0.555555556,0.511309993,0.222222222,0.427792632,0.0,0.0,0.055555556,0.23570226,0.333333333,0.48507125,0.055555556,0.23570226,0.0,0.0
35_17_03.bmp,2.2222222222222223,0.277777778,0.460888599,0.555555556,0.511309993,0.055555556,0.23570226,0.0,0.0,0.111111111,0.323380833,0.111111111,0.323380833,0.222222222,0.427792632
37_12_05.bmp,2.2777777777777777,0.777777778,0.427792632,0.444444444,0.511309993,0.0,0.0,0.055555556,0.23570226,0.055555556,0.23570226,0.055555556,0.23570226,0.055555556,0.23570226
05_22_05.bmp,1.2777777777777777,0.222222222,0.427792632,0.722222222,0.460888599,0.222222222,0.427792632,0.0,0.0,0.055555556,0.23570226,0.055555556,0.23570226,0.0,0.0
0281.jpg,1.8888888888888888,0.166666667,0.383482494,0.388888889,0.501631326,0.0,0.0,0.888888889,0.323380833,0.055555556,0.23570226,0.0,0.0,0.055555556,0.23570226
32_15_02.bmp,2.2222222222222223,0.055555556,0.23570226,0.277777778,0.460888599,0.777777778,0.427792632,0.111111111,0.323380833,0.388888889,0.501631326,0.055555556,0.23570226,0.0,0.0
01_07_01.bmp,3.111111111111111,0.166666667,0.383482494,0.666666667,0.48507125,0.166666667,0.383482494,0.055555556,0.23570226,0.0,0.0,0.0,0.0,0.055555556,0.23570226
09_22_03.bmp,2.111111111111111,0.277777778,0.460888599,0.777777778,0.427792632,0.166666667,0.383482494,0.0,0.0,0.166666667,0.383482494,0.055555556,0.23570226,0.055555556,0.23570226
24_01_01.bmp,3.555555555555556,0.055555556,0.23570226,0.444444444,0.511309993,0.166666667,0.383482494,0.0,0.0,0.0,0.0,0.0,0.0,0.055555556,0.23570226
19_19_03.bmp,2.833333333333333,0.111111111,0.323380833,0.333333333,0.48507125,0.388888889,0.501631326,0.055555556,0.23570226,0.111111111,0.323380833,0.166666667,0.383482494,0.055555556,0.23570226
01_16_03.bmp,2.2222222222222223,0.277777778,0.460888599,0.666666667,0.48507125,0.055555556,0.23570226,0.166666667,0.383482494,0.0,0.0,0.0,0.0,0.055555556,0.23570226
01393.jpg,4.277777777777778,0.111111111,0.323380833,0.444444444,0.511309993,0.055555556,0.23570226,0.0,0.0,0.0,0.0,0.0,0.0,0.055555556,0.23570226
27_17_03.bmp,2.611111111111111,0.055555556,0.23570226,0.555555556,0.511309993,0.0,0.0,0.0,0.0,0.555555556,0.511309993,0.166666667,0.383482494,0.222222222,0.427792632
0854.jpg,3.6666666666666665,0.111111111,0.323380833,0.444444444,0.511309993,0.055555556,0.23570226,0.0,0.0,0.111111111,0.323380833,0.0,0.0,0.0,0.0
12_14_01.bmp,3.388888888888889,0.111111111,0.323380833,0.222222222,0.427792632,0.222222222,0.427792632,0.111111111,0.323380833,0.055555556,0.23570226,0.055555556,0.23570226,0.055555556,0.23570226
08_13_05.bmp,3.111111111111111,0.055555556,0.23570226,0.055555556,0.23570226,0.833333333,0.383482494,0.0,0.0,0.0,0.0,0.055555556,0.23570226,0.0,0.0
25_11_01.bmp,3.2222222222222223,0.555555556,0.511309993,0.222222222,0.427792632,0.055555556,0.23570226,0.0,0.0,0.111111111,0.323380833,0.055555556,0.23570226,0.055555556,0.23570226
12_22_04.bmp,1.8333333333333333,0.222222222,0.427792632,0.777777778,0.427792632,0.111111111,0.323380833,0.0,0.0,0.055555556,0.23570226,0.055555556,0.23570226,0.0,0.0
37_16_04.bmp,2.2777777777777777,0.166666667,0.383482494,0.888888889,0.323380833,0.055555556,0.23570226,0.0,0.0,0.055555556,0.23570226,0.111111111,0.323380833,0.0,0.0
0653.jpg,3.055555555555556,0.0,0.0,0.388888889,0.501631326,0.0,0.0,0.055555556,0.23570226,0.055555556,0.23570226,0.111111111,0.323380833,0.777777778,0.427792632
34_07_03.bmp,1.8888888888888888,0.222222222,0.427792632,0.777777778,0.427792632,0.166666667,0.383482494,0.0,0.0,0.055555556,0.23570226,0.0,0.0,0.111111111,0.323380833
33_02_05.bmp,1.3333333333333333,0.055555556,0.23570226,0.888888889,0.323380833,0.0,0.0,0.0,0.0,0.333333333,0.48507125,0.055555556,0.23570226,0.055555556,0.23570226
08_14_03.bmp,3.055555555555556,0.111111111,0.323380833,0.055555556,0.23570226,0.111111111,0.323380833,0.777777778,0.427792632,0.111111111,0.323380833,0.0,0.0,0.0,0.0
02_24_03.bmp,2.0,0.111111111,0.323380833,0.833333333,0.383482494,0.055555556,0.23570226,0.0,0.0,0.277777778,0.460888599,0.055555556,0.23570226,0.0,0.0
19_24_01.bmp,2.888888888888889,0.166666667,0.383482494,0.611111111,0.501631326,0.055555556,0.23570226,0.0,0.0,0.166666667,0.383482494,0.055555556,0.23570226,0.111111111,0.323380833
08_05_04.bmp,2.555555555555556,0.444444444,0.511309993,0.555555556,0.511309993,0.111111111,0.323380833,0.0,0.0,0.166666667,0.383482494,0.055555556,0.23570226,0.055555556,0.23570226
09_22_01.bmp,2.9444444444444446,0.166666667,0.383482494,0.555555556,0.511309993,0.166666667,0.383482494,0.055555556,0.23570226,0.111111111,0.323380833,0.055555556,0.23570226,0.0,0.0
01_02_03.bmp,1.7777777777777777,0.055555556,0.23570226,0.944444444,0.23570226,0.166666667,0.383482494,0.055555556,0.23570226,0.0,0.0,0.055555556,0.23570226,0.055555556,0.23570226
12_06_05.bmp,1.7222222222222223,0.444444444,0.511309993,0.222222222,0.427792632,0.166666667,0.383482494,0.055555556,0.23570226,0.055555556,0.23570226,0.222222222,0.427792632,0.055555556,0.23570226
05_10_04.bmp,2.055555555555556,0.722222222,0.460888599,0.388888889,0.501631326,0.111111111,0.323380833,0.055555556,0.23570226,0.055555556,0.23570226,0.055555556,0.23570226,0.111111111,0.323380833
0054.jpg,2.2777777777777777,0.111111111,0.323380833,0.611111111,0.501631326,0.944444444,0.23570226,0.0,0.0,0.0,0.0,0.0,0.0,0.055555556,0.23570226
01199.jpg,3.333333333333333,0.111111111,0.323380833,0.722222222,0.460888599,0.444444444,0.511309993,0.0,0.0,0.111111111,0.323380833,0.055555556,0.23570226,0.0,0.0
30_19_04.bmp,2.2222222222222223,0.277777778,0.460888599,0.333333333,0.48507125,0.555555556,0.511309993,0.0,0.0,0.277777778,0.460888599,0.055555556,0.23570226,0.0,0.0
01469.jpg,3.6666666666666665,0.055555556,0.23570226,0.555555556,0.511309993,0.111111111,0.323380833,0.055555556,0.23570226,0.0,0.0,0.0,0.0,0.055555556,0.23570226
01441.jpg,3.9444444444444446,0.111111111,0.323380833,0.277777778,0.460888599,0.166666667,0.383482494,0.0,0.0,0.055555556,0.23570226,0.0,0.0,0.111111111,0.323380833
01251.jpg,3.2777777777777777,0.333333333,0.48507125,0.555555556,0.511309993,0.0,0.0,0.055555556,0.23570226,0.055555556,0.23570226,0.166666667,0.383482494,0.055555556,0.23570226
01_10_02.bmp,2.9444444444444446,0.611111111,0.501631326,0.444444444,0.511309993,0.166666667,0.383482494,0.0,0.0,0.0,0.0,0.055555556,0.23570226,0.055555556,0.23570226
0770.jpg,3.7777777777777777,0.111111111,0.323380833,0.277777778,0.460888599,0.0,0.0,0.0,0.0,0.111111111,0.323380833,0.055555556,0.23570226,0.0,0.0
06_24_05.bmp,1.5555555555555556,0.111111111,0.323380833,0.944444444,0.23570226,0.111111111,0.323380833,0.0,0.0,0.055555556,0.23570226,0.055555556,0.23570226,0.0,0.0
0955.jpg,3.055555555555556,0.0,0.0,0.333333333,0.48507125,0.0,0.0,0.666666667,0.48507125,0.222222222,0.427792632,0.0,0.0,0.111111111,0.323380833
10_06_04.bmp,2.0,0.388888889,0.501631326,0.277777778,0.460888599,0.222222222,0.427792632,0.166666667,0.383482494,0.277777778,0.460888599,0.222222222,0.427792632,0.0,0.0
17_05_04.bmp,2.055555555555556,0.444444444,0.511309993,0.777777778,0.427792632,0.055555556,0.23570226,0.055555556,0.23570226,0.166666667,0.383482494,0.111111111,0.323380833,0.055555556,0.23570226
0482.jpg,3.5,0.111111111,0.323380833,0.333333333,0.48507125,0.0,0.0,0.055555556,0.23570226,0.722222222,0.460888599,0.055555556,0.23570226,0.0,0.0
28_07_05.bmp,1.5555555555555556,0.111111111,0.323380833,0.833333333,0.383482494,0.055555556,0.23570226,0.055555556,0.23570226,0.277777778,0.460888599,0.111111111,0.323380833,0.0,0.0
04_20_03.bmp,2.4444444444444446,0.555555556,0.511309993,0.5,0.514495755,0.222222222,0.427792632,0.0,0.0,0.222222222,0.427792632,0.0,0.0,0.0,0.0
06_22_03.bmp,2.111111111111111,0.166666667,0.383482494,0.777777778,0.427792632,0.166666667,0.383482494,0.0,0.0,0.0,0.0,0.055555556,0.23570226,0.055555556,0.23570226
29_14_01.bmp,2.9444444444444446,0.111111111,0.323380833,0.388888889,0.501631326,0.0,0.0,0.388888889,0.501631326,0.166666667,0.383482494,0.111111111,0.323380833,0.111111111,0.323380833
19_20_01.bmp,2.611111111111111,0.333333333,0.48507125,0.222222222,0.427792632,0.277777778,0.460888599,0.166666667,0.383482494,0.111111111,0.323380833,0.111111111,0.323380833,0.111111111,0.323380833
11_07_03.bmp,2.388888888888889,0.277777778,0.460888599,0.888888889,0.323380833,0.0,0.0,0.055555556,0.23570226,0.222222222,0.427792632,0.055555556,0.23570226,0.055555556,0.23570226
03_03_04.bmp,2.611111111111111,0.055555556,0.23570226,0.777777778,0.427792632,0.055555556,0.23570226,0.0,0.0,0.111111111,0.323380833,0.0,0.0,0.0,0.0
31_11_05.bmp,2.388888888888889,0.666666667,0.48507125,0.222222222,0.427792632,0.055555556,0.23570226,0.0,0.0,0.166666667,0.383482494,0.0,0.0,0.055555556,0.23570226
03_17_04.bmp,2.611111111111111,0.111111111,0.323380833,0.444444444,0.511309993,0.0,0.0,0.055555556,0.23570226,0.277777778,0.460888599,0.111111111,0.323380833,0.166666667,0.383482494
04_23_04.bmp,2.555555555555556,0.055555556,0.23570226,0.5,0.514495755,0.0,0.0,0.833333333,0.383482494,0.166666667,0.383482494,0.0,0.0,0.111111111,0.323380833
29_17_05.bmp,2.1666666666666665,0.166666667,0.383482494,0.5,0.514495755,0.0,0.0,0.0,0.0,0.277777778,0.460888599,0.277777778,0.460888599,0.222222222,0.427792632
25_21_01.bmp,1.8333333333333333,0.055555556,0.23570226,0.277777778,0.460888599,0.833333333,0.383482494,0.055555556,0.23570226,0.166666667,0.383482494,0.0,0.0,0.0,0.0
09_11_02.bmp,3.0,0.666666667,0.48507125,0.388888889,0.501631326,0.055555556,0.23570226,0.0,0.0,0.222222222,0.427792632,0.055555556,0.23570226,0.0,0.0
13_22_03.bmp,2.333333333333333,0.277777778,0.460888599,0.833333333,0.383482494,0.055555556,0.23570226,0.055555556,0.23570226,0.055555556,0.23570226,0.055555556,0.23570226,0.0,0.0
0287.jpg,3.055555555555556,0.111111111,0.323380833,0.222222222,0.427792632,0.0,0.0,0.833333333,0.383482494,0.0,0.0,0.055555556,0.23570226,0.0,0.0
18_24_02.bmp,2.333333333333333,0.277777778,0.460888599,0.777777778,0.427792632,0.055555556,0.23570226,0.0,0.0,0.055555556,0.23570226,0.0,0.0,0.055555556,0.23570226
03_07_02.bmp,3.055555555555556,0.388888889,0.501631326,0.611111111,0.501631326,0.111111111,0.323380833,0.0,0.0,0.166666667,0.383482494,0.0,0.0,0.055555556,0.23570226
11_09_03.bmp,2.4444444444444446,0.833333333,0.383482494,0.277777778,0.460888599,0.0,0.0,0.111111111,0.323380833,0.277777778,0.460888599,0.055555556,0.23570226,0.055555556,0.23570226
05_20_02.bmp,2.5,0.666666667,0.48507125,0.277777778,0.460888599,0.166666667,0.383482494,0.166666667,0.383482494,0.111111111,0.323380833,0.0,0.0,0.055555556,0.23570226
37_14_05.bmp,1.2777777777777777,0.166666667,0.383482494,0.444444444,0.511309993,0.111111111,0.323380833,0.833333333,0.383482494,0.0,0.0,0.055555556,0.23570226,0.0,0.0
21_14_04.bmp,2.2222222222222223,0.166666667,0.383482494,0.333333333,0.48507125,0.166666667,0.383482494,0.722222222,0.460888599,0.0,0.0,0.0,0.0,0.0,0.0
13_25_01.bmp,3.388888888888889,0.0,0.0,0.055555556,0.23570226,0.055555556,0.23570226,0.0,0.0,0.166666667,0.383482494,0.055555556,0.23570226,0.888888889,0.323380833
28_23_02.bmp,2.888888888888889,0.055555556,0.23570226,0.222222222,0.427792632,0.055555556,0.23570226,0.666666667,0.48507125,0.111111111,0.323380833,0.0,0.0,0.055555556,0.23570226
22_25_01.bmp,2.7222222222222223,0.111111111,0.323380833,0.055555556,0.23570226,0.055555556,0.23570226,0.0,0.0,0.0,0.0,0.0,0.0,0.944444444,0.23570226
0775.jpg,3.4444444444444446,0.111111111,0.323380833,0.388888889,0.501631326,0.0,0.0,0.0,0.0,0.111111111,0.323380833,0.166666667,0.383482494,0.111111111,0.323380833
08_20_02.bmp,2.1666666666666665,0.611111111,0.501631326,0.277777778,0.460888599,0.333333333,0.48507125,0.166666667,0.383482494,0.055555556,0.23570226,0.055555556,0.23570226,0.0,0.0
05_04_04.bmp,2.555555555555556,0.388888889,0.501631326,0.333333333,0.48507125,0.111111111,0.323380833,0.055555556,0.23570226,0.0,0.0,0.277777778,0.460888599,0.055555556,0.23570226
08_05_01.bmp,4.055555555555555,0.111111111,0.323380833,0.111111111,0.323380833,0.055555556,0.23570226,0.111111111,0.323380833,0.166666667,0.383482494,0.0,0.0,0.055555556,0.23570226
31_15_02.bmp,3.0,0.055555556,0.23570226,0.166666667,0.383482494,0.611111111,0.501631326,0.0,0.0,0.222222222,0.427792632,0.0,0.0,0.0,0.0
02_11_05.bmp,2.111111111111111,0.888888889,0.323380833,0.333333333,0.48507125,0.055555556,0.23570226,0.0,0.0,0.5,0.514495755,0.055555556,0.23570226,0.0,0.0
13_22_01.bmp,3.055555555555556,0.166666667,0.383482494,0.555555556,0.511309993,0.166666667,0.383482494,0.0,0.0,0.111111111,0.323380833,0.0,0.0,0.111111111,0.323380833
01_07_05.bmp,1.6666666666666667,0.388888889,0.501631326,0.777777778,0.427792632,0.166666667,0.383482494,0.0,0.0,0.055555556,0.23570226,0.166666667,0.383482494,0.111111111,0.323380833
37_25_02.bmp,2.833333333333333,0.0,0.0,0.222222222,0.427792632,0.0,0.0,0.111111111,0.323380833,0.055555556,0.23570226,0.055555556,0.23570226,0.888888889,0.323380833
13_06_04.bmp,2.611111111111111,0.333333333,0.48507125,0.222222222,0.427792632,0.333333333,0.48507125,0.055555556,0.23570226,0.166666667,0.383482494,0.222222222,0.427792632,0.055555556,0.23570226
01_18_01.bmp,2.555555555555556,0.111111111,0.323380833,0.666666667,0.48507125,0.222222222,0.427792632,0.0,0.0,0.055555556,0.23570226,0.0,0.0,0.111111111,0.323380833
05_21_02.bmp,2.333333333333333,0.055555556,0.23570226,0.222222222,0.427792632,0.888888889,0.323380833,0.055555556,0.23570226,0.0,0.0,0.055555556,0.23570226,0.055555556,0.23570226
05_08_01.bmp,3.0,0.222222222,0.427792632,0.555555556,0.511309993,0.055555556,0.23570226,0.0,0.0,0.055555556,0.23570226,0.055555556,0.23570226,0.055555556,0.23570226
23_07_01.bmp,3.333333333333333,0.055555556,0.23570226,0.5,0.514495755,0.111111111,0.323380833,0.055555556,0.23570226,0.111111111,0.323380833,0.055555556,0.23570226,0.0,0.0
0562.jpg,2.9444444444444446,0.055555556,0.23570226,0.388888889,0.501631326,0.055555556,0.23570226,0.111111111,0.323380833,0.666666667,0.48507125,0.0,0.0,0.055555556,0.23570226
34_14_05.bmp,2.2777777777777777,0.111111111,0.323380833,0.444444444,0.511309993,0.277777778,0.460888599,0.166666667,0.383482494,0.055555556,0.23570226,0.055555556,0.23570226,0.111111111,0.323380833
0359.jpg,2.1666666666666665,0.055555556,0.23570226,0.944444444,0.23570226,0.0,0.0,0.055555556,0.23570226,0.055555556,0.23570226,0.0,0.0,0.055555556,0.23570226
13_07_03.bmp,2.388888888888889,0.166666667,0.383482494,0.777777778,0.427792632,0.055555556,0.23570226,0.0,0.0,0.166666667,0.383482494,0.111111111,0.323380833,0.0,0.0
17_06_05.bmp,1.6666666666666667,0.222222222,0.427792632,0.388888889,0.501631326,0.166666667,0.383482494,0.055555556,0.23570226,0.166666667,0.383482494,0.222222222,0.427792632,0.055555556,0.23570226
36_24_02.bmp,2.5,0.111111111,0.323380833,0.833333333,0.383482494,0.222222222,0.427792632,0.0,0.0,0.0,0.0,0.0,0.0,0.111111111,0.323380833
23_18_04.bmp,2.2777777777777777,0.055555556,0.23570226,0.722222222,0.460888599,0.055555556,0.23570226,0.0,0.0,0.166666667,0.383482494,0.111111111,0.323380833,0.0,0.0
06_18_02.bmp,2.4444444444444446,0.222222222,0.427792632,0.666666667,0.48507125,0.111111111,0.323380833,0.0,0.0,0.0,0.0,0.222222222,0.427792632,0.277777778,0.460888599
0149.jpg,1.7777777777777777,0.111111111,0.323380833,0.444444444,0.511309993,0.944444444,0.23570226,0.0,0.0,0.111111111,0.323380833,0.0,0.0,0.0,0.0
0300.jpg,2.111111111111111,0.222222222,0.427792632,0.222222222,0.427792632,0.0,0.0,0.833333333,0.383482494,0.111111111,0.323380833,0.055555556,0.23570226,0.055555556,0.23570226
37_17_04.bmp,2.2222222222222223,0.111111111,0.323380833,0.555555556,0.511309993,0.0,0.0,0.055555556,0.23570226,0.166666667,0.383482494,0.222222222,0.427792632,0.166666667,0.383482494
16_04_02.bmp,2.6666666666666665,0.333333333,0.48507125,0.166666667,0.383482494,0.277777778,0.460888599,0.055555556,0.23570226,0.388888889,0.501631326,0.388888889,0.501631326,0.0,0.0
14_19_01.bmp,3.5,0.222222222,0.427792632,0.333333333,0.48507125,0.277777778,0.460888599,0.0,0.0,0.0,0.0,0.055555556,0.23570226,0.055555556,0.23570226
36_11_01.bmp,3.2777777777777777,0.388888889,0.501631326,0.444444444,0.511309993,0.222222222,0.427792632,0.0,0.0,0.055555556,0.23570226,0.0,0.0,0.055555556,0.23570226
29_20_01.bmp,2.833333333333333,0.277777778,0.460888599,0.333333333,0.48507125,0.111111111,0.323380833,0.222222222,0.427792632,0.166666667,0.383482494,0.111111111,0.323380833,0.055555556,0.23570226
25_12_05.bmp,1.9444444444444444,0.777777778,0.427792632,0.333333333,0.48507125,0.055555556,0.23570226,0.055555556,0.23570226,0.222222222,0.427792632,0.0,0.0,0.0,0.0
04_01_01.bmp,2.833333333333333,0.333333333,0.48507125,0.666666667,0.48507125,0.222222222,0.427792632,0.0,0.0,0.166666667,0.383482494,0.0,0.0,0.055555556,0.23570226
30_01_03.bmp,3.4444444444444446,0.055555556,0.23570226,0.333333333,0.48507125,0.111111111,0.323380833,0.055555556,0.23570226,0.333333333,0.48507125,0.0,0.0,0.0,0.0
06_09_05.bmp,2.1666666666666665,0.833333333,0.383482494,0.166666667,0.383482494,0.111111111,0.323380833,0.055555556,0.23570226,0.055555556,0.23570226,0.055555556,0.23570226,0.111111111,0.323380833
16_13_04.bmp,2.833333333333333,0.0,0.0,0.111111111,0.323380833,0.833333333,0.383482494,0.055555556,0.23570226,0.333333333,0.48507125,0.333333333,0.48507125,0.0,0.0
02_17_01.bmp,2.7777777777777777,0.111111111,0.323380833,0.333333333,0.48507125,0.055555556,0.23570226,0.0,0.0,0.444444444,0.511309993,0.111111111,0.323380833,0.166666667,0.383482494
15_05_05.bmp,1.8888888888888888,0.388888889,0.501631326,0.666666667,0.48507125,0.055555556,0.23570226,0.0,0.0,0.222222222,0.427792632,0.0,0.0,0.111111111,0.323380833
0643.jpg,3.2777777777777777,0.055555556,0.23570226,0.5,0.514495755,0.0,0.0,0.055555556,0.23570226,0.0,0.0,0.055555556,0.23570226,0.055555556,0.23570226
28_04_01.bmp,3.2222222222222223,0.111111111,0.323380833,0.555555556,0.511309993,0.111111111,0.323380833,0.0,0.0,0.222222222,0.427792632,0.0,0.0,0.0,0.0
17_23_05.bmp,2.2777777777777777,0.0,0.0,0.222222222,0.427792632,0.0,0.0,0.888888889,0.323380833,0.166666667,0.383482494,0.0,0.0,0.055555556,0.23570226
17_09_04.bmp,2.2777777777777777,0.888888889,0.323380833,0.166666667,0.383482494,0.055555556,0.23570226,0.0,0.0,0.277777778,0.460888599,0.055555556,0.23570226,0.0,0.0
0692.jpg,3.055555555555556,0.111111111,0.323380833,0.5,0.514495755,0.055555556,0.23570226,0.0,0.0,0.222222222,0.427792632,0.166666667,0.383482494,0.055555556,0.23570226
04_03_03.bmp,2.055555555555556,0.0,0.0,0.888888889,0.323380833,0.055555556,0.23570226,0.0,0.0,0.166666667,0.383482494,0.055555556,0.23570226,0.055555556,0.23570226
36_24_03.bmp,1.8888888888888888,0.111111111,0.323380833,0.833333333,0.383482494,0.111111111,0.323380833,0.055555556,0.23570226,0.0,0.0,0.0,0.0,0.0,0.0
01192.jpg,3.2222222222222223,0.333333333,0.48507125,0.222222222,0.427792632,0.0,0.0,0.0,0.0,0.222222222,0.427792632,0.055555556,0.23570226,0.833333333,0.383482494
30_23_04.bmp,2.333333333333333,0.0,0.0,0.277777778,0.460888599,0.0,0.0,0.722222222,0.460888599,0.166666667,0.383482494,0.0,0.0,0.055555556,0.23570226
06_12_01.bmp,3.7222222222222223,0.333333333,0.48507125,0.111111111,0.323380833,0.111111111,0.323380833,0.0,0.0,0.0,0.0,0.055555556,0.23570226,0.055555556,0.23570226
05_15_04.bmp,3.2777777777777777,0.111111111,0.323380833,0.333333333,0.48507125,0.111111111,0.323380833,0.0,0.0,0.055555556,0.23570226,0.055555556,0.23570226,0.111111111,0.323380833
11_20_02.bmp,2.2222222222222223,0.333333333,0.48507125,0.333333333,0.48507125,0.166666667,0.383482494,0.333333333,0.48507125,0.277777778,0.460888599,0.055555556,0.23570226,0.0,0.0
20_07_02.bmp,2.555555555555556,0.166666667,0.383482494,0.722222222,0.460888599,0.055555556,0.23570226,0.055555556,0.23570226,0.111111111,0.323380833,0.166666667,0.383482494,0.0,0.0
02_04_03.bmp,3.055555555555556,0.222222222,0.427792632,0.222222222,0.427792632,0.222222222,0.427792632,0.0,0.0,0.555555556,0.511309993,0.166666667,0.383482494,0.055555556,0.23570226
10_08_01.bmp,3.055555555555556,0.166666667,0.383482494,0.611111111,0.501631326,0.055555556,0.23570226,0.0,0.0,0.333333333,0.48507125,0.222222222,0.427792632,0.055555556,0.23570226
06_14_03.bmp,3.555555555555556,0.277777778,0.460888599,0.111111111,0.323380833,0.055555556,0.23570226,0.222222222,0.427792632,0.055555556,0.23570226,0.055555556,0.23570226,0.055555556,0.23570226
11_23_04.bmp,2.2777777777777777,0.055555556,0.23570226,0.277777778,0.460888599,0.0,0.0,0.833333333,0.383482494,0.222222222,0.427792632,0.111111111,0.323380833,0.0,0.0
29_12_03.bmp,2.833333333333333,0.5,0.514495755,0.333333333,0.48507125,0.0,0.0,0.0,0.0,0.111111111,0.323380833,0.111111111,0.323380833,0.055555556,0.23570226
10_24_02.bmp,2.6666666666666665,0.0,0.0,0.777777778,0.427792632,0.0,0.0,0.055555556,0.23570226,0.333333333,0.48507125,0.222222222,0.427792632,0.0,0.0
33_22_01.bmp,3.055555555555556,0.055555556,0.23570226,0.444444444,0.511309993,0.055555556,0.23570226,0.111111111,0.323380833,0.388888889,0.501631326,0.0,0.0,0.0,0.0
37_03_02.bmp,3.5,0.055555556,0.23570226,0.611111111,0.501631326,0.055555556,0.23570226,0.055555556,0.23570226,0.111111111,0.323380833,0.055555556,0.23570226,0.0,0.0
07_04_04.bmp,2.7222222222222223,0.277777778,0.460888599,0.444444444,0.511309993,0.222222222,0.427792632,0.055555556,0.23570226,0.111111111,0.323380833,0.222222222,0.427792632,0.055555556,0.23570226
07_05_03.bmp,2.2222222222222223,0.277777778,0.460888599,0.722222222,0.460888599,0.055555556,0.23570226,0.0,0.0,0.111111111,0.323380833,0.111111111,0.323380833,0.111111111,0.323380833
28_21_02.bmp,2.833333333333333,0.111111111,0.323380833,0.111111111,0.323380833,0.611111111,0.501631326,0.0,0.0,0.166666667,0.383482494,0.055555556,0.23570226,0.0,0.0
34_25_05.bmp,1.8888888888888888,0.055555556,0.23570226,0.111111111,0.323380833,0.111111111,0.323380833,0.0,0.0,0.0,0.0,0.055555556,0.23570226,0.944444444,0.23570226
36_24_01.bmp,2.888888888888889,0.055555556,0.23570226,0.777777778,0.427792632,0.277777778,0.460888599,0.0,0.0,0.0,0.0,0.055555556,0.23570226,0.055555556,0.23570226
05_08_02.bmp,2.833333333333333,0.333333333,0.48507125,0.611111111,0.501631326,0.111111111,0.323380833,0.0,0.0,0.0,0.0,0.055555556,0.23570226,0.055555556,0.23570226
26_08_02.bmp,3.6666666666666665,0.0,0.0,0.222222222,0.427792632,0.111111111,0.323380833,0.0,0.0,0.111111111,0.323380833,0.055555556,0.23570226,0.0,0.0
15_07_04.bmp,1.8333333333333333,0.222222222,0.427792632,0.777777778,0.427792632,0.0,0.0,0.055555556,0.23570226,0.222222222,0.427792632,0.055555556,0.23570226,0.0,0.0
01_10_04.bmp,2.2777777777777777,0.888888889,0.323380833,0.444444444,0.511309993,0.111111111,0.323380833,0.055555556,0.23570226,0.055555556,0.23570226,0.0,0.0,0.055555556,0.23570226
37_15_01.bmp,3.111111111111111,0.055555556,0.23570226,0.277777778,0.460888599,0.666666667,0.48507125,0.055555556,0.23570226,0.111111111,0.323380833,0.0,0.0,0.0,0.0
17_05_01.bmp,3.611111111111111,0.055555556,0.23570226,0.444444444,0.511309993,0.111111111,0.323380833,0.0,0.0,0.222222222,0.427792632,0.055555556,0.23570226,0.0,0.0
31_15_04.bmp,3.1666666666666665,0.055555556,0.23570226,0.277777778,0.460888599,0.0,0.0,0.166666667,0.383482494,0.222222222,0.427792632,0.055555556,0.23570226,0.055555556,0.23570226
30_18_02.bmp,3.055555555555556,0.055555556,0.23570226,0.666666667,0.48507125,0.0,0.0,0.0,0.0,0.333333333,0.48507125,0.111111111,0.323380833,0.0,0.0
32_21_04.bmp,1.5555555555555556,0.166666667,0.383482494,0.555555556,0.511309993,0.166666667,0.383482494,0.5,0.514495755,0.388888889,0.501631326,0.0,0.0,0.0,0.0
29_02_05.bmp,1.3888888888888888,0.055555556,0.23570226,0.944444444,0.23570226,0.0,0.0,0.055555556,0.23570226,0.111111111,0.323380833,0.0,0.0,0.0,0.0
0476.jpg,3.2777777777777777,0.055555556,0.23570226,0.5,0.514495755,0.0,0.0,0.166666667,0.383482494,0.777777778,0.427792632,0.0,0.0,0.055555556,0.23570226
0446.jpg,2.7777777777777777,0.055555556,0.23570226,0.888888889,0.323380833,0.0,0.0,0.111111111,0.323380833,0.0,0.0,0.0,0.0,0.055555556,0.23570226
02_20_01.bmp,2.4444444444444446,0.333333333,0.48507125,0.388888889,0.501631326,0.388888889,0.501631326,0.0,0.0,0.333333333,0.48507125,0.166666667,0.383482494,0.0,0.0
04_08_01.bmp,3.0,0.277777778,0.460888599,0.666666667,0.48507125,0.111111111,0.323380833,0.0,0.0,0.166666667,0.383482494,0.0,0.0,0.0,0.0
26_22_04.bmp,2.2777777777777777,0.222222222,0.427792632,0.833333333,0.383482494,0.166666667,0.383482494,0.0,0.0,0.055555556,0.23570226,0.0,0.0,0.0,0.0
17_06_03.bmp,2.2222222222222223,0.222222222,0.427792632,0.444444444,0.511309993,0.166666667,0.383482494,0.055555556,0.23570226,0.222222222,0.427792632,0.222222222,0.427792632,0.0,0.0
0709.jpg,3.5,0.055555556,0.23570226,0.333333333,0.48507125,0.0,0.0,0.0,0.0,0.333333333,0.48507125,0.111111111,0.323380833,0.055555556,0.23570226
1102.jpg,2.388888888888889,0.0,0.0,0.555555556,0.511309993,0.055555556,0.23570226,0.555555556,0.511309993,0.0,0.0,0.0,0.0,0.0,0.0
0579.jpg,3.388888888888889,0.055555556,0.23570226,0.222222222,0.427792632,0.0,0.0,0.111111111,0.323380833,0.555555556,0.511309993,0.055555556,0.23570226,0.111111111,0.323380833
19_10_01.bmp,3.2222222222222223,0.444444444,0.511309993,0.333333333,0.48507125,0.055555556,0.23570226,0.0,0.0,0.166666667,0.383482494,0.055555556,0.23570226,0.055555556,0.23570226
11_16_04.bmp,1.8888888888888888,0.388888889,0.501631326,0.722222222,0.460888599,0.166666667,0.383482494,0.0,0.0,0.222222222,0.427792632,0.0,0.0,0.0,0.0
10_02_04.bmp,1.6111111111111112,0.055555556,0.23570226,0.833333333,0.383482494,0.0,0.0,0.055555556,0.23570226,0.388888889,0.501631326,0.166666667,0.383482494,0.0,0.0
06_24_01.bmp,2.888888888888889,0.166666667,0.383482494,0.5,0.514495755,0.166666667,0.383482494,0.111111111,0.323380833,0.0,0.0,0.111111111,0.323380833,0.055555556,0.23570226
01_17_04.bmp,2.111111111111111,0.166666667,0.383482494,0.611111111,0.501631326,0.111111111,0.323380833,0.0,0.0,0.333333333,0.48507125,0.055555556,0.23570226,0.277777778,0.460888599
1139.jpg,2.7222222222222223,0.111111111,0.323380833,0.166666667,0.383482494,0.0,0.0,0.055555556,0.23570226,0.611111111,0.501631326,0.388888889,0.501631326,0.055555556,0.23570226
12_04_05.bmp,2.4444444444444446,0.333333333,0.48507125,0.222222222,0.427792632,0.166666667,0.383482494,0.055555556,0.23570226,0.055555556,0.23570226,0.166666667,0.383482494,0.055555556,0.23570226
24_07_05.bmp,1.3888888888888888,0.055555556,0.23570226,0.944444444,0.23570226,0.0,0.0,0.0,0.0,0.0,0.0,0.055555556,0.23570226,0.0,0.0
0297.jpg,1.9444444444444444,0.277777778,0.460888599,0.555555556,0.511309993,0.0,0.0,0.777777778,0.427792632,0.055555556,0.23570226,0.055555556,0.23570226,0.0,0.0
03_13_02.bmp,3.888888888888889,0.166666667,0.383482494,0.111111111,0.323380833,0.222222222,0.427792632,0.0,0.0,0.111111111,0.323380833,0.055555556,0.23570226,0.055555556,0.23570226
0594.jpg,3.4444444444444446,0.055555556,0.23570226,0.222222222,0.427792632,0.0,0.0,0.222222222,0.427792632,0.444444444,0.511309993,0.111111111,0.323380833,0.055555556,0.23570226
22_13_04.bmp,2.6666666666666665,0.055555556,0.23570226,0.277777778,0.460888599,0.888888889,0.323380833,0.0,0.0,0.111111111,0.323380833,0.055555556,0.23570226,0.055555556,0.23570226
0192.jpg,2.7777777777777777,0.111111111,0.323380833,0.388888889,0.501631326,0.888888889,0.323380833,0.0,0.0,0.055555556,0.23570226,0.0,0.0,0.055555556,0.23570226
0647.jpg,3.888888888888889,0.055555556,0.23570226,0.166666667,0.383482494,0.055555556,0.23570226,0.111111111,0.323380833,0.111111111,0.323380833,0.0,0.0,0.055555556,0.23570226
37_23_02.bmp,2.7777777777777777,0.055555556,0.23570226,0.222222222,0.427792632,0.0,0.0,0.722222222,0.460888599,0.111111111,0.323380833,0.055555556,0.23570226,0.111111111,0.323380833
01428.jpg,3.7777777777777777,0.0,0.0,0.444444444,0.511309993,0.111111111,0.323380833,0.055555556,0.23570226,0.0,0.0,0.0,0.0,0.0,0.0
17_15_02.bmp,2.5,0.111111111,0.323380833,0.166666667,0.383482494,0.888888889,0.323380833,0.0,0.0,0.166666667,0.383482494,0.0,0.0,0.0,0.0
0635.jpg,3.4444444444444446,0.055555556,0.23570226,0.5,0.514495755,0.055555556,0.23570226,0.111111111,0.323380833,0.111111111,0.323380833,0.055555556,0.23570226,0.055555556,0.23570226
03_25_02.bmp,3.0,0.055555556,0.23570226,0.111111111,0.323380833,0.0,0.0,0.0,0.0,0.111111111,0.323380833,0.0,0.0,0.944444444,0.23570226
0861.jpg,3.555555555555556,0.166666667,0.383482494,0.444444444,0.511309993,0.0,0.0,0.0,0.0,0.166666667,0.383482494,0.0,0.0,0.0,0.0
30_10_02.bmp,2.9444444444444446,0.611111111,0.501631326,0.333333333,0.48507125,0.0,0.0,0.0,0.0,0.277777778,0.460888599,0.0,0.0,0.0,0.0
32_01_01.bmp,2.888888888888889,0.111111111,0.323380833,0.444444444,0.511309993,0.222222222,0.427792632,0.111111111,0.323380833,0.5,0.514495755,0.111111111,0.323380833,0.0,0.0
21_12_04.bmp,2.4444444444444446,0.777777778,0.427792632,0.333333333,0.48507125,0.055555556,0.23570226,0.0,0.0,0.111111111,0.323380833,0.0,0.0,0.055555556,0.23570226
27_08_02.bmp,3.0,0.111111111,0.323380833,0.444444444,0.511309993,0.0,0.0,0.055555556,0.23570226,0.444444444,0.511309993,0.055555556,0.23570226,0.055555556,0.23570226
01_09_05.bmp,2.055555555555556,0.888888889,0.323380833,0.444444444,0.511309993,0.055555556,0.23570226,0.0,0.0,0.055555556,0.23570226,0.0,0.0,0.111111111,0.323380833
08_22_02.bmp,3.1666666666666665,0.333333333,0.48507125,0.333333333,0.48507125,0.0,0.0,0.166666667,0.383482494,0.111111111,0.323380833,0.0,0.0,0.0,0.0
27_12_02.bmp,2.6666666666666665,0.388888889,0.501631326,0.444444444,0.511309993,0.0,0.0,0.111111111,0.323380833,0.444444444,0.511309993,0.055555556,0.23570226,0.055555556,0.23570226
01497.jpg,3.8333333333333335,0.111111111,0.323380833,0.555555556,0.511309993,0.111111111,0.323380833,0.0,0.0,0.0,0.0,0.0,0.0,0.055555556,0.23570226
19_23_01.bmp,3.111111111111111,0.055555556,0.23570226,0.055555556,0.23570226,0.055555556,0.23570226,0.555555556,0.511309993,0.055555556,0.23570226,0.055555556,0.23570226,0.166666667,0.383482494
19_21_04.bmp,2.1666666666666665,0.111111111,0.323380833,0.333333333,0.48507125,0.166666667,0.383482494,0.611111111,0.501631326,0.111111111,0.323380833,0.111111111,0.323380833,0.0,0.0
01472.jpg,3.6666666666666665,0.0,0.0,0.444444444,0.511309993,0.111111111,0.323380833,0.0,0.0,0.0,0.0,0.0,0.0,0.111111111,0.323380833
0824.jpg,3.333333333333333,0.055555556,0.23570226,0.5,0.514495755,0.055555556,0.23570226,0.0,0.0,0.0,0.0,0.0,0.0,0.055555556,0.23570226
15_21_05.bmp,1.5,0.166666667,0.383482494,0.222222222,0.427792632,0.055555556,0.23570226,0.666666667,0.48507125,0.222222222,0.427792632,0.111111111,0.323380833,0.0,0.0
37_22_05.bmp,1.7222222222222223,0.277777778,0.460888599,0.888888889,0.323380833,0.0,0.0,0.111111111,0.323380833,0.055555556,0.23570226,0.055555556,0.23570226,0.0,0.0
16_21_05.bmp,1.7777777777777777,0.222222222,0.427792632,0.333333333,0.48507125,0.111111111,0.323380833,0.555555556,0.511309993,0.333333333,0.48507125,0.277777778,0.460888599,0.0,0.0
10_21_01.bmp,2.4444444444444446,0.166666667,0.383482494,0.166666667,0.383482494,0.722222222,0.460888599,0.111111111,0.323380833,0.166666667,0.383482494,0.444444444,0.511309993,0.0,0.0
16_24_01.bmp,3.1666666666666665,0.055555556,0.23570226,0.666666667,0.48507125,0.111111111,0.323380833,0.055555556,0.23570226,0.333333333,0.48507125,0.166666667,0.383482494,0.0,0.0
04_01_04.bmp,1.7222222222222223,0.166666667,0.383482494,0.888888889,0.323380833,0.222222222,0.427792632,0.0,0.0,0.111111111,0.323380833,0.0,0.0,0.111111111,0.323380833
0789.jpg,3.6666666666666665,0.111111111,0.323380833,0.444444444,0.511309993,0.0,0.0,0.055555556,0.23570226,0.055555556,0.23570226,0.111111111,0.323380833,0.055555556,0.23570226
20_08_03.bmp,2.5,0.333333333,0.48507125,0.555555556,0.511309993,0.055555556,0.23570226,0.055555556,0.23570226,0.111111111,0.323380833,0.111111111,0.323380833,0.0,0.0
28_09_05.bmp,2.2222222222222223,0.777777778,0.427792632,0.222222222,0.427792632,0.111111111,0.323380833,0.0,0.0,0.222222222,0.427792632,0.0,0.0,0.0,0.0
29_05_03.bmp,2.555555555555556,0.333333333,0.48507125,0.666666667,0.48507125,0.0,0.0,0.0,0.0,0.111111111,0.323380833,0.111111111,0.323380833,0.055555556,0.23570226
22_21_01.bmp,2.6666666666666665,0.055555556,0.23570226,0.333333333,0.48507125,0.722222222,0.460888599,0.0,0.0,0.111111111,0.323380833,0.0,0.0,0.0,0.0
21_05_01.bmp,3.388888888888889,0.222222222,0.427792632,0.555555556,0.511309993,0.055555556,0.23570226,0.0,0.0,0.0,0.0,0.0,0.0,0.055555556,0.23570226
10_08_04.bmp,2.055555555555556,0.388888889,0.501631326,0.611111111,0.501631326,0.0,0.0,0.055555556,0.23570226,0.333333333,0.48507125,0.111111111,0.323380833,0.0,0.0
06_20_02.bmp,2.7777777777777777,0.555555556,0.511309993,0.333333333,0.48507125,0.055555556,0.23570226,0.0,0.0,0.111111111,0.323380833,0.0,0.0,0.055555556,0.23570226
01361.jpg,3.4444444444444446,0.055555556,0.23570226,0.777777778,0.427792632,0.111111111,0.323380833,0.0,0.0,0.0,0.0,0.111111111,0.323380833,0.111111111,0.323380833
30_14_01.bmp,3.111111111111111,0.055555556,0.23570226,0.222222222,0.427792632,0.055555556,0.23570226,0.277777778,0.460888599,0.277777778,0.460888599,0.055555556,0.23570226,0.0,0.0
23_22_02.bmp,3.055555555555556,0.166666667,0.383482494,0.555555556,0.511309993,0.0,0.0,0.111111111,0.323380833,0.166666667,0.383482494,0.055555556,0.23570226,0.0,0.0
08_02_04.bmp,2.1666666666666665,0.0,0.0,0.944444444,0.23570226,0.0,0.0,0.055555556,0.23570226,0.111111111,0.323380833,0.055555556,0.23570226,0.0,0.0
02_06_04.bmp,1.6111111111111112,0.5,0.514495755,0.388888889,0.501631326,0.222222222,0.427792632,0.055555556,0.23570226,0.666666667,0.48507125,0.111111111,0.323380833,0.0,0.0
15_09_03.bmp,2.6666666666666665,0.777777778,0.427792632,0.222222222,0.427792632,0.055555556,0.23570226,0.0,0.0,0.222222222,0.427792632,0.0,0.0,0.055555556,0.23570226
01220.jpg,2.555555555555556,0.333333333,0.48507125,0.833333333,0.383482494,0.0,0.0,0.055555556,0.23570226,0.444444444,0.511309993,0.0,0.0,0.0,0.0
0397.jpg,2.1666666666666665,0.111111111,0.323380833,0.833333333,0.383482494,0.0,0.0,0.111111111,0.323380833,0.0,0.0,0.055555556,0.23570226,0.0,0.0
10_23_05.bmp,1.8888888888888888,0.055555556,0.23570226,0.277777778,0.460888599,0.055555556,0.23570226,0.777777778,0.427792632,0.333333333,0.48507125,0.111111111,0.323380833,0.111111111,0.323380833
0609.jpg,3.1666666666666665,0.111111111,0.323380833,0.555555556,0.511309993,0.055555556,0.23570226,0.055555556,0.23570226,0.277777778,0.460888599,0.055555556,0.23570226,0.055555556,0.23570226
0552.jpg,2.7777777777777777,0.055555556,0.23570226,0.388888889,0.501631326,0.0,0.0,0.055555556,0.23570226,0.777777778,0.427792632,0.055555556,0.23570226,0.055555556,0.23570226
34_14_01.bmp,3.2777777777777777,0.111111111,0.323380833,0.444444444,0.511309993,0.277777778,0.460888599,0.055555556,0.23570226,0.0,0.0,0.0,0.0,0.055555556,0.23570226
14_20_01.bmp,2.833333333333333,0.166666667,0.383482494,0.388888889,0.501631326,0.388888889,0.501631326,0.166666667,0.383482494,0.0,0.0,0.0,0.0,0.111111111,0.323380833
09_05_02.bmp,2.9444444444444446,0.166666667,0.383482494,0.777777778,0.427792632,0.055555556,0.23570226,0.055555556,0.23570226,0.111111111,0.323380833,0.055555556,0.23570226,0.0,0.0
21_05_02.bmp,2.833333333333333,0.222222222,0.427792632,0.722222222,0.460888599,0.0,0.0,0.055555556,0.23570226,0.055555556,0.23570226,0.055555556,0.23570226,0.055555556,0.23570226
10_12_05.bmp,2.0,0.777777778,0.427792632,0.333333333,0.48507125,0.055555556,0.23570226,0.111111111,0.323380833,0.277777778,0.460888599,0.166666667,0.383482494,0.0,0.0
0024.jpg,3.6666666666666665,0.0,0.0,0.222222222,0.427792632,0.611111111,0.501631326,0.055555556,0.23570226,0.111111111,0.323380833,0.0,0.0,0.0,0.0
12_10_05.bmp,2.2222222222222223,0.777777778,0.427792632,0.166666667,0.383482494,0.055555556,0.23570226,0.0,0.0,0.111111111,0.323380833,0.0,0.0,0.0,0.0
05_06_04.bmp,1.6666666666666667,0.555555556,0.511309993,0.333333333,0.48507125,0.222222222,0.427792632,0.055555556,0.23570226,0.055555556,0.23570226,0.277777778,0.460888599,0.055555556,0.23570226
23_01_03.bmp,2.9444444444444446,0.055555556,0.23570226,0.666666667,0.48507125,0.055555556,0.23570226,0.0,0.0,0.277777778,0.460888599,0.055555556,0.23570226,0.0,0.0
31_08_01.bmp,3.555555555555556,0.166666667,0.383482494,0.388888889,0.501631326,0.055555556,0.23570226,0.055555556,0.23570226,0.222222222,0.427792632,0.0,0.0,0.111111111,0.323380833
13_03_04.bmp,2.333333333333333,0.055555556,0.23570226,0.888888889,0.323380833,0.055555556,0.23570226,0.0,0.0,0.166666667,0.383482494,0.055555556,0.23570226,0.055555556,0.23570226
31_23_03.bmp,2.5,0.055555556,0.23570226,0.166666667,0.383482494,0.0,0.0,0.722222222,0.460888599,0.222222222,0.427792632,0.0,0.0,0.222222222,0.427792632
03_06_02.bmp,3.0,0.388888889,0.501631326,0.166666667,0.383482494,0.166666667,0.383482494,0.055555556,0.23570226,0.166666667,0.383482494,0.222222222,0.427792632,0.055555556,0.23570226
18_13_04.bmp,2.888888888888889,0.055555556,0.23570226,0.222222222,0.427792632,0.833333333,0.383482494,0.055555556,0.23570226,0.0,0.0,0.0,0.0,0.055555556,0.23570226
34_07_01.bmp,2.9444444444444446,0.277777778,0.460888599,0.5,0.514495755,0.111111111,0.323380833,0.055555556,0.23570226,0.055555556,0.23570226,0.055555556,0.23570226,0.055555556,0.23570226
07_23_01.bmp,2.833333333333333,0.055555556,0.23570226,0.166666667,0.383482494,0.0,0.0,0.777777778,0.427792632,0.055555556,0.23570226,0.055555556,0.23570226,0.111111111,0.323380833
18_02_02.bmp,2.4444444444444446,0.111111111,0.323380833,0.888888889,0.323380833,0.111111111,0.323380833,0.0,0.0,0.0,0.0,0.0,0.0,0.111111111,0.323380833
01372.jpg,4.055555555555555,0.111111111,0.323380833,0.444444444,0.511309993,0.166666667,0.383482494,0.0,0.0,0.0,0.0,0.0,0.0,0.055555556,0.23570226
08_20_05.bmp,1.8888888888888888,0.611111111,0.501631326,0.166666667,0.383482494,0.277777778,0.460888599,0.388888889,0.501631326,0.055555556,0.23570226,0.055555556,0.23570226,0.0,0.0
0973.jpg,2.9444444444444446,0.111111111,0.323380833,0.5,0.514495755,0.0,0.0,0.611111111,0.501631326,0.222222222,0.427792632,0.0,0.0,0.055555556,0.23570226
0663.jpg,3.6666666666666665,0.111111111,0.323380833,0.444444444,0.511309993,0.055555556,0.23570226,0.055555556,0.23570226,0.0,0.0,0.055555556,0.23570226,0.0,0.0
36_02_04.bmp,1.6666666666666667,0.055555556,0.23570226,0.888888889,0.323380833,0.111111111,0.323380833,0.055555556,0.23570226,0.0,0.0,0.0,0.0,0.0,0.0
36_09_02.bmp,2.888888888888889,0.611111111,0.501631326,0.388888889,0.501631326,0.055555556,0.23570226,0.055555556,0.23570226,0.055555556,0.23570226,0.0,0.0,0.055555556,0.23570226
36_18_05.bmp,1.7222222222222223,0.055555556,0.23570226,0.888888889,0.323380833,0.166666667,0.383482494,0.0,0.0,0.0,0.0,0.055555556,0.23570226,0.055555556,0.23570226
25_21_04.bmp,2.2777777777777777,0.055555556,0.23570226,0.444444444,0.511309993,0.055555556,0.23570226,0.666666667,0.48507125,0.166666667,0.383482494,0.111111111,0.323380833,0.0,0.0
23_13_01.bmp,3.555555555555556,0.055555556,0.23570226,0.333333333,0.48507125,0.166666667,0.383482494,0.055555556,0.23570226,0.277777778,0.460888599,0.055555556,0.23570226,0.055555556,0.23570226
0403.jpg,2.555555555555556,0.111111111,0.323380833,0.833333333,0.383482494,0.0,0.0,0.055555556,0.23570226,0.055555556,0.23570226,0.055555556,0.23570226,0.055555556,0.23570226
04_21_01.bmp,2.555555555555556,0.222222222,0.427792632,0.5,0.514495755,0.444444444,0.511309993,0.055555556,0.23570226,0.111111111,0.323380833,0.0,0.0,0.0,0.0
23_01_05.bmp,1.3888888888888888,0.0,0.0,0.888888889,0.323380833,0.0,0.0,0.055555556,0.23570226,0.222222222,0.427792632,0.0,0.0,0.0,0.0
25_10_01.bmp,3.0,0.277777778,0.460888599,0.388888889,0.501631326,0.055555556,0.23570226,0.0,0.0,0.111111111,0.323380833,0.0,0.0,0.111111111,0.323380833
0131.jpg,3.2222222222222223,0.055555556,0.23570226,0.166666667,0.383482494,0.777777778,0.427792632,0.0,0.0,0.111111111,0.323380833,0.0,0.0,0.111111111,0.323380833
12_16_03.bmp,3.0,0.166666667,0.383482494,0.722222222,0.460888599,0.0,0.0,0.055555556,0.23570226,0.055555556,0.23570226,0.111111111,0.323380833,0.0,0.0
0753.jpg,3.7777777777777777,0.055555556,0.23570226,0.444444444,0.511309993,0.055555556,0.23570226,0.0,0.0,0.0,0.0,0.055555556,0.23570226,0.055555556,0.23570226
21_12_03.bmp,2.6666666666666665,0.722222222,0.460888599,0.333333333,0.48507125,0.0,0.0,0.0,0.0,0.055555556,0.23570226,0.055555556,0.23570226,0.0,0.0
08_06_02.bmp,3.6666666666666665,0.277777778,0.460888599,0.111111111,0.323380833,0.166666667,0.383482494,0.055555556,0.23570226,0.166666667,0.383482494,0.111111111,0.323380833,0.0,0.0
1081.jpg,3.611111111111111,0.055555556,0.23570226,0.333333333,0.48507125,0.055555556,0.23570226,0.444444444,0.511309993,0.111111111,0.323380833,0.055555556,0.23570226,0.055555556,0.23570226
22_01_02.bmp,3.1666666666666665,0.055555556,0.23570226,0.555555556,0.511309993,0.055555556,0.23570226,0.0,0.0,0.166666667,0.383482494,0.166666667,0.383482494,0.055555556,0.23570226
12_05_05.bmp,1.7777777777777777,0.277777778,0.460888599,0.611111111,0.501631326,0.055555556,0.23570226,0.0,0.0,0.111111111,0.323380833,0.055555556,0.23570226,0.055555556,0.23570226
11_25_02.bmp,2.5,0.055555556,0.23570226,0.055555556,0.23570226,0.055555556,0.23570226,0.055555556,0.23570226,0.222222222,0.427792632,0.055555556,0.23570226,0.888888889,0.323380833
31_13_01.bmp,3.2777777777777777,0.055555556,0.23570226,0.388888889,0.501631326,0.0,0.0,0.0,0.0,0.277777778,0.460888599,0.0,0.0,0.111111111,0.323380833
36_11_04.bmp,2.2222222222222223,0.833333333,0.383482494,0.333333333,0.48507125,0.166666667,0.383482494,0.0,0.0,0.111111111,0.323380833,0.055555556,0.23570226,0.0,0.0
0321.jpg,2.888888888888889,0.055555556,0.23570226,0.777777778,0.427792632,0.0,0.0,0.277777778,0.460888599,0.222222222,0.427792632,0.0,0.0,0.0,0.0
22_09_04.bmp,2.2777777777777777,0.777777778,0.427792632,0.222222222,0.427792632,0.0,0.0,0.055555556,0.23570226,0.222222222,0.427792632,0.111111111,0.323380833,0.0,0.0
31_22_05.bmp,1.5555555555555556,0.166666667,0.383482494,0.833333333,0.383482494,0.055555556,0.23570226,0.111111111,0.323380833,0.166666667,0.383482494,0.0,0.0,0.0,0.0
1049.jpg,3.055555555555556,0.055555556,0.23570226,0.5,0.514495755,0.0,0.0,0.555555556,0.511309993,0.166666667,0.383482494,0.0,0.0,0.0,0.0
17_12_04.bmp,2.2777777777777777,0.666666667,0.48507125,0.333333333,0.48507125,0.111111111,0.323380833,0.0,0.0,0.222222222,0.427792632,0.055555556,0.23570226,0.0,0.0
28_24_04.bmp,2.2222222222222223,0.111111111,0.323380833,0.833333333,0.383482494,0.111111111,0.323380833,0.0,0.0,0.222222222,0.427792632,0.0,0.0,0.0,0.0
28_09_01.bmp,2.888888888888889,0.555555556,0.511309993,0.333333333,0.48507125,0.111111111,0.323380833,0.0,0.0,0.222222222,0.427792632,0.055555556,0.23570226,0.0,0.0
0347.jpg,3.0,0.166666667,0.383482494,0.777777778,0.427792632,0.0,0.0,0.055555556,0.23570226,0.0,0.0,0.0,0.0,0.055555556,0.23570226
0671.jpg,3.6666666666666665,0.111111111,0.323380833,0.277777778,0.460888599,0.0,0.0,0.111111111,0.323380833,0.166666667,0.383482494,0.055555556,0.23570226,0.055555556,0.23570226
0279.jpg,1.7777777777777777,0.166666667,0.383482494,0.388888889,0.501631326,0.0,0.0,0.888888889,0.323380833,0.111111111,0.323380833,0.0,0.0,0.0,0.0
0236.jpg,1.8333333333333333,0.388888889,0.501631326,0.444444444,0.511309993,0.0,0.0,0.888888889,0.323380833,0.111111111,0.323380833,0.0,0.0,0.0,0.0
34_13_05.bmp,2.0,0.111111111,0.323380833,0.277777778,0.460888599,0.777777778,0.427792632,0.0,0.0,0.0,0.0,0.055555556,0.23570226,0.111111111,0.323380833
26_03_04.bmp,2.6666666666666665,0.111111111,0.323380833,0.833333333,0.383482494,0.111111111,0.323380833,0.0,0.0,0.111111111,0.323380833,0.0,0.0,0.0,0.0
26_02_02.bmp,3.611111111111111,0.055555556,0.23570226,0.5,0.514495755,0.055555556,0.23570226,0.0,0.0,0.111111111,0.323380833,0.055555556,0.23570226,0.0,0.0
32_15_01.bmp,2.055555555555556,0.111111111,0.323380833,0.166666667,0.383482494,0.888888889,0.323380833,0.0,0.0,0.333333333,0.48507125,0.0,0.0,0.0,0.0
1091.jpg,2.833333333333333,0.055555556,0.23570226,0.611111111,0.501631326,0.0,0.0,0.444444444,0.511309993,0.0,0.0,0.0,0.0,0.111111111,0.323380833
35_04_02.bmp,2.7222222222222223,0.444444444,0.511309993,0.5,0.514495755,0.222222222,0.427792632,0.0,0.0,0.0,0.0,0.055555556,0.23570226,0.055555556,0.23570226
30_12_02.bmp,3.055555555555556,0.5,0.514495755,0.277777778,0.460888599,0.0,0.0,0.0,0.0,0.333333333,0.48507125,0.055555556,0.23570226,0.0,0.0
04_24_04.bmp,1.6111111111111112,0.111111111,0.323380833,0.833333333,0.383482494,0.166666667,0.383482494,0.0,0.0,0.222222222,0.427792632,0.0,0.0,0.0,0.0
22_09_05.bmp,1.8888888888888888,0.888888889,0.323380833,0.333333333,0.48507125,0.055555556,0.23570226,0.0,0.0,0.166666667,0.383482494,0.111111111,0.323380833,0.055555556,0.23570226
14_05_03.bmp,2.611111111111111,0.111111111,0.323380833,0.777777778,0.427792632,0.111111111,0.323380833,0.0,0.0,0.0,0.0,0.055555556,0.23570226,0.055555556,0.23570226
22_17_04.bmp,2.333333333333333,0.111111111,0.323380833,0.611111111,0.501631326,0.0,0.0,0.0,0.0,0.166666667,0.383482494,0.277777778,0.460888599,0.111111111,0.323380833
0219.jpg,2.1666666666666665,0.055555556,0.23570226,0.277777778,0.460888599,0.0,0.0,0.888888889,0.323380833,0.111111111,0.323380833,0.0,0.0,0.0,0.0
01454.jpg,3.333333333333333,0.0,0.0,0.777777778,0.427792632,0.166666667,0.383482494,0.0,0.0,0.0,0.0,0.0,0.0,0.0,0.0
35_07_03.bmp,2.055555555555556,0.111111111,0.323380833,0.833333333,0.383482494,0.111111111,0.323380833,0.0,0.0,0.0,0.0,0.055555556,0.23570226,0.055555556,0.23570226
16_15_05.bmp,2.611111111111111,0.0,0.0,0.166666667,0.383482494,0.0,0.0,0.555555556,0.511309993,0.388888889,0.501631326,0.333333333,0.48507125,0.055555556,0.23570226
20_24_05.bmp,1.1666666666666667,0.0,0.0,0.944444444,0.23570226,0.055555556,0.23570226,0.0,0.0,0.111111111,0.323380833,0.111111111,0.323380833,0.0,0.0
17_17_01.bmp,2.7222222222222223,0.166666667,0.383482494,0.5,0.514495755,0.0,0.0,0.0,0.0,0.277777778,0.460888599,0.111111111,0.323380833,0.166666667,0.383482494
05_19_01.bmp,3.2777777777777777,0.277777778,0.460888599,0.5,0.514495755,0.111111111,0.323380833,0.055555556,0.23570226,0.0,0.0,0.055555556,0.23570226,0.055555556,0.23570226
16_12_02.bmp,3.2222222222222223,0.722222222,0.460888599,0.111111111,0.323380833,0.0,0.0,0.055555556,0.23570226,0.277777778,0.460888599,0.333333333,0.48507125,0.0,0.0
0670.jpg,3.4444444444444446,0.055555556,0.23570226,0.277777778,0.460888599,0.0,0.0,0.111111111,0.323380833,0.277777778,0.460888599,0.055555556,0.23570226,0.055555556,0.23570226
12_21_03.bmp,2.9444444444444446,0.111111111,0.323380833,0.055555556,0.23570226,0.666666667,0.48507125,0.0,0.0,0.055555556,0.23570226,0.0,0.0,0.055555556,0.23570226
15_15_05.bmp,2.888888888888889,0.055555556,0.23570226,0.277777778,0.460888599,0.055555556,0.23570226,0.388888889,0.501631326,0.277777778,0.460888599,0.0,0.0,0.055555556,0.23570226
01301.jpg,3.4444444444444446,0.333333333,0.48507125,0.444444444,0.511309993,0.055555556,0.23570226,0.055555556,0.23570226,0.277777778,0.460888599,0.0,0.0,0.055555556,0.23570226
27_10_02.bmp,2.9444444444444446,0.611111111,0.501631326,0.388888889,0.501631326,0.055555556,0.23570226,0.0,0.0,0.444444444,0.511309993,0.055555556,0.23570226,0.111111111,0.323380833
02_15_05.bmp,2.7222222222222223,0.111111111,0.323380833,0.444444444,0.511309993,0.111111111,0.323380833,0.388888889,0.501631326,0.388888889,0.501631326,0.055555556,0.23570226,0.0,0.0
0891.jpg,3.8333333333333335,0.166666667,0.383482494,0.388888889,0.501631326,0.0,0.0,0.0,0.0,0.111111111,0.323380833,0.111111111,0.323380833,0.0,0.0
01198.jpg,3.611111111111111,0.277777778,0.460888599,0.166666667,0.383482494,0.055555556,0.23570226,0.0,0.0,0.611111111,0.501631326,0.0,0.0,0.0,0.0
32_25_04.bmp,2.0,0.055555556,0.23570226,0.222222222,0.427792632,0.055555556,0.23570226,0.055555556,0.23570226,0.277777778,0.460888599,0.055555556,0.23570226,0.833333333,0.383482494
0780.jpg,3.611111111111111,0.0,0.0,0.388888889,0.501631326,0.055555556,0.23570226,0.055555556,0.23570226,0.111111111,0.323380833,0.0,0.0,0.055555556,0.23570226
20_17_03.bmp,2.5,0.111111111,0.323380833,0.388888889,0.501631326,0.111111111,0.323380833,0.0,0.0,0.277777778,0.460888599,0.222222222,0.427792632,0.111111111,0.323380833
27_06_03.bmp,2.5,0.222222222,0.427792632,0.444444444,0.511309993,0.222222222,0.427792632,0.0,0.0,0.388888889,0.501631326,0.222222222,0.427792632,0.055555556,0.23570226
0508.jpg,2.9444444444444446,0.055555556,0.23570226,0.388888889,0.501631326,0.055555556,0.23570226,0.555555556,0.511309993,0.666666667,0.48507125,0.0,0.0,0.055555556,0.23570226
18_11_03.bmp,2.7777777777777777,0.666666667,0.48507125,0.277777778,0.460888599,0.166666667,0.383482494,0.0,0.0,0.055555556,0.23570226,0.0,0.0,0.055555556,0.23570226
30_03_01.bmp,3.7222222222222223,0.166666667,0.383482494,0.166666667,0.383482494,0.0,0.0,0.055555556,0.23570226,0.388888889,0.501631326,0.0,0.0,0.0,0.0
34_12_04.bmp,2.333333333333333,0.611111111,0.501631326,0.388888889,0.501631326,0.222222222,0.427792632,0.0,0.0,0.055555556,0.23570226,0.0,0.0,0.055555556,0.23570226
0976.jpg,3.611111111111111,0.166666667,0.383482494,0.166666667,0.383482494,0.0,0.0,0.666666667,0.48507125,0.166666667,0.383482494,0.055555556,0.23570226,0.055555556,0.23570226
01332.jpg,3.555555555555556,0.111111111,0.323380833,0.611111111,0.501631326,0.055555556,0.23570226,0.055555556,0.23570226,0.0,0.0,0.0,0.0,0.055555556,0.23570226
01477.jpg,3.6666666666666665,0.0,0.0,0.611111111,0.501631326,0.055555556,0.23570226,0.0,0.0,0.055555556,0.23570226,0.0,0.0,0.055555556,0.23570226
14_19_04.bmp,2.1666666666666665,0.333333333,0.48507125,0.444444444,0.511309993,0.444444444,0.511309993,0.0,0.0,0.0,0.0,0.055555556,0.23570226,0.055555556,0.23570226
14_08_04.bmp,1.8333333333333333,0.333333333,0.48507125,0.666666667,0.48507125,0.055555556,0.23570226,0.0,0.0,0.055555556,0.23570226,0.111111111,0.323380833,0.055555556,0.23570226
11_14_05.bmp,1.3333333333333333,0.055555556,0.23570226,0.111111111,0.323380833,0.111111111,0.323380833,0.777777778,0.427792632,0.222222222,0.427792632,0.055555556,0.23570226,0.055555556,0.23570226
19_22_04.bmp,1.7222222222222223,0.166666667,0.383482494,0.888888889,0.323380833,0.055555556,0.23570226,0.055555556,0.23570226,0.055555556,0.23570226,0.111111111,0.323380833,0.0,0.0
15_16_03.bmp,2.9444444444444446,0.222222222,0.427792632,0.611111111,0.501631326,0.0,0.0,0.055555556,0.23570226,0.222222222,0.427792632,0.0,0.0,0.111111111,0.323380833
07_02_02.bmp,2.611111111111111,0.055555556,0.23570226,0.888888889,0.323380833,0.166666667,0.383482494,0.0,0.0,0.111111111,0.323380833,0.0,0.0,0.055555556,0.23570226
25_06_04.bmp,2.0,0.277777778,0.460888599,0.5,0.514495755,0.277777778,0.460888599,0.0,0.0,0.166666667,0.383482494,0.055555556,0.23570226,0.055555556,0.23570226
01_10_01.bmp,3.055555555555556,0.166666667,0.383482494,0.555555556,0.511309993,0.111111111,0.323380833,0.0,0.0,0.055555556,0.23570226,0.0,0.0,0.055555556,0.23570226
01_24_03.bmp,1.9444444444444444,0.111111111,0.323380833,0.888888889,0.323380833,0.166666667,0.383482494,0.0,0.0,0.0,0.0,0.0,0.0,0.111111111,0.323380833
1121.jpg,2.5,0.111111111,0.323380833,0.222222222,0.427792632,0.0,0.0,0.0,0.0,0.055555556,0.23570226,0.055555556,0.23570226,0.888888889,0.323380833
0987.jpg,2.833333333333333,0.111111111,0.323380833,0.388888889,0.501631326,0.055555556,0.23570226,0.666666667,0.48507125,0.277777778,0.460888599,0.055555556,0.23570226,0.055555556,0.23570226
33_14_05.bmp,1.2777777777777777,0.0,0.0,0.333333333,0.48507125,0.111111111,0.323380833,0.888888889,0.323380833,0.333333333,0.48507125,0.0,0.0,0.0,0.0
23_05_03.bmp,2.2222222222222223,0.333333333,0.48507125,0.666666667,0.48507125,0.055555556,0.23570226,0.0,0.0,0.277777778,0.460888599,0.166666667,0.383482494,0.0,0.0
18_12_01.bmp,3.333333333333333,0.333333333,0.48507125,0.555555556,0.511309993,0.166666667,0.383482494,0.0,0.0,0.0,0.0,0.0,0.0,0.055555556,0.23570226
18_01_05.bmp,1.4444444444444444,0.0,0.0,0.888888889,0.323380833,0.055555556,0.23570226,0.0,0.0,0.055555556,0.23570226,0.0,0.0,0.055555556,0.23570226
01420.jpg,3.5,0.0,0.0,0.611111111,0.501631326,0.166666667,0.383482494,0.0,0.0,0.0,0.0,0.0,0.0,0.055555556,0.23570226
36_06_04.bmp,2.5,0.333333333,0.48507125,0.5,0.514495755,0.277777778,0.460888599,0.055555556,0.23570226,0.0,0.0,0.166666667,0.383482494,0.055555556,0.23570226
22_10_02.bmp,2.7222222222222223,0.777777778,0.427792632,0.333333333,0.48507125,0.0,0.0,0.055555556,0.23570226,0.166666667,0.383482494,0.111111111,0.323380833,0.0,0.0
06_05_02.bmp,3.1666666666666665,0.222222222,0.427792632,0.722222222,0.460888599,0.055555556,0.23570226,0.055555556,0.23570226,0.0,0.0,0.111111111,0.323380833,0.055555556,0.23570226
0933.jpg,2.7222222222222223,0.055555556,0.23570226,0.388888889,0.501631326,0.0,0.0,0.722222222,0.460888599,0.333333333,0.48507125,0.055555556,0.23570226,0.055555556,0.23570226
0390.jpg,2.5,0.111111111,0.323380833,0.944444444,0.23570226,0.0,0.0,0.111111111,0.323380833,0.0,0.0,0.055555556,0.23570226,0.0,0.0
35_05_02.bmp,2.4444444444444446,0.333333333,0.48507125,0.666666667,0.48507125,0.111111111,0.323380833,0.0,0.0,0.055555556,0.23570226,0.055555556,0.23570226,0.055555556,0.23570226
0836.jpg,3.4444444444444446,0.166666667,0.383482494,0.5,0.514495755,0.055555556,0.23570226,0.0,0.0,0.277777778,0.460888599,0.055555556,0.23570226,0.0,0.0
21_24_03.bmp,1.8333333333333333,0.111111111,0.323380833,0.944444444,0.23570226,0.055555556,0.23570226,0.0,0.0,0.0,0.0,0.0,0.0,0.0,0.0
26_21_05.bmp,2.4444444444444446,0.166666667,0.383482494,0.722222222,0.460888599,0.111111111,0.323380833,0.111111111,0.323380833,0.055555556,0.23570226,0.055555556,0.23570226,0.055555556,0.23570226
0718.jpg,3.4444444444444446,0.055555556,0.23570226,0.166666667,0.383482494,0.055555556,0.23570226,0.055555556,0.23570226,0.333333333,0.48507125,0.222222222,0.427792632,0.055555556,0.23570226
24_12_05.bmp,2.2777777777777777,0.666666667,0.48507125,0.388888889,0.501631326,0.111111111,0.323380833,0.0,0.0,0.111111111,0.323380833,0.055555556,0.23570226,0.0,0.0
23_24_04.bmp,2.0,0.055555556,0.23570226,0.888888889,0.323380833,0.0,0.0,0.0,0.0,0.166666667,0.383482494,0.055555556,0.23570226,0.0,0.0
35_09_05.bmp,1.8888888888888888,0.888888889,0.323380833,0.333333333,0.48507125,0.111111111,0.323380833,0.0,0.0,0.055555556,0.23570226,0.055555556,0.23570226,0.055555556,0.23570226
13_04_03.bmp,3.388888888888889,0.222222222,0.427792632,0.333333333,0.48507125,0.111111111,0.323380833,0.055555556,0.23570226,0.166666667,0.383482494,0.055555556,0.23570226,0.055555556,0.23570226
01245.jpg,2.611111111111111,0.333333333,0.48507125,0.666666667,0.48507125,0.055555556,0.23570226,0.444444444,0.511309993,0.222222222,0.427792632,0.0,0.0,0.055555556,0.23570226
12_02_04.bmp,1.7222222222222223,0.111111111,0.323380833,0.944444444,0.23570226,0.055555556,0.23570226,0.0,0.0,0.0,0.0,0.055555556,0.23570226,0.0,0.0
36_21_02.bmp,2.2777777777777777,0.111111111,0.323380833,0.388888889,0.501631326,0.722222222,0.460888599,0.0,0.0,0.0,0.0,0.055555556,0.23570226,0.0,0.0
34_07_05.bmp,1.3333333333333333,0.111111111,0.323380833,0.888888889,0.323380833,0.055555556,0.23570226,0.0,0.0,0.0,0.0,0.0,0.0,0.055555556,0.23570226
27_03_03.bmp,2.7222222222222223,0.055555556,0.23570226,0.611111111,0.501631326,0.055555556,0.23570226,0.055555556,0.23570226,0.5,0.514495755,0.0,0.0,0.055555556,0.23570226
02_04_05.bmp,2.2777777777777777,0.222222222,0.427792632,0.277777778,0.460888599,0.222222222,0.427792632,0.0,0.0,0.5,0.514495755,0.166666667,0.383482494,0.055555556,0.23570226
04_02_01.bmp,2.888888888888889,0.111111111,0.323380833,0.666666667,0.48507125,0.166666667,0.383482494,0.0,0.0,0.166666667,0.383482494,0.0,0.0,0.055555556,0.23570226
0986.jpg,2.888888888888889,0.055555556,0.23570226,0.444444444,0.511309993,0.0,0.0,0.611111111,0.501631326,0.333333333,0.48507125,0.055555556,0.23570226,0.055555556,0.23570226
19_23_05.bmp,2.055555555555556,0.055555556,0.23570226,0.055555556,0.23570226,0.0,0.0,0.777777778,0.427792632,0.055555556,0.23570226,0.055555556,0.23570226,0.166666667,0.383482494
09_04_05.bmp,2.4444444444444446,0.222222222,0.427792632,0.388888889,0.501631326,0.111111111,0.323380833,0.055555556,0.23570226,0.166666667,0.383482494,0.166666667,0.383482494,0.055555556,0.23570226
15_11_03.bmp,2.833333333333333,0.722222222,0.460888599,0.111111111,0.323380833,0.055555556,0.23570226,0.0,0.0,0.277777778,0.460888599,0.0,0.0,0.055555556,0.23570226
29_05_01.bmp,3.2222222222222223,0.333333333,0.48507125,0.388888889,0.501631326,0.0,0.0,0.0,0.0,0.111111111,0.323380833,0.111111111,0.323380833,0.0,0.0
15_03_04.bmp,2.2777777777777777,0.111111111,0.323380833,0.777777778,0.427792632,0.0,0.0,0.0,0.0,0.277777778,0.460888599,0.0,0.0,0.055555556,0.23570226
0307.jpg,1.8333333333333333,0.055555556,0.23570226,0.944444444,0.23570226,0.055555556,0.23570226,0.166666667,0.383482494,0.222222222,0.427792632,0.0,0.0,0.0,0.0
06_15_03.bmp,3.611111111111111,0.055555556,0.23570226,0.166666667,0.383482494,0.277777778,0.460888599,0.0,0.0,0.055555556,0.23570226,0.055555556,0.23570226,0.055555556,0.23570226
24_11_03.bmp,2.555555555555556,0.666666667,0.48507125,0.333333333,0.48507125,0.111111111,0.323380833,0.0,0.0,0.055555556,0.23570226,0.055555556,0.23570226,0.0,0.0
20_22_02.bmp,2.888888888888889,0.111111111,0.323380833,0.611111111,0.501631326,0.166666667,0.383482494,0.0,0.0,0.111111111,0.323380833,0.055555556,0.23570226,0.0,0.0
27_08_05.bmp,1.8888888888888888,0.222222222,0.427792632,0.777777778,0.427792632,0.055555556,0.23570226,0.055555556,0.23570226,0.388888889,0.501631326,0.055555556,0.23570226,0.055555556,0.23570226
02_15_02.bmp,2.333333333333333,0.111111111,0.323380833,0.111111111,0.323380833,0.722222222,0.460888599,0.055555556,0.23570226,0.444444444,0.511309993,0.055555556,0.23570226,0.055555556,0.23570226
07_12_02.bmp,2.7777777777777777,0.722222222,0.460888599,0.388888889,0.501631326,0.055555556,0.23570226,0.055555556,0.23570226,0.111111111,0.323380833,0.0,0.0,0.055555556,0.23570226
13_01_02.bmp,3.888888888888889,0.055555556,0.23570226,0.277777778,0.460888599,0.111111111,0.323380833,0.055555556,0.23570226,0.222222222,0.427792632,0.0,0.0,0.055555556,0.23570226
25_18_05.bmp,1.5555555555555556,0.055555556,0.23570226,0.833333333,0.383482494,0.055555556,0.23570226,0.055555556,0.23570226,0.166666667,0.383482494,0.111111111,0.323380833,0.055555556,0.23570226
20_07_04.bmp,1.4444444444444444,0.111111111,0.323380833,0.777777778,0.427792632,0.055555556,0.23570226,0.0,0.0,0.055555556,0.23570226,0.055555556,0.23570226,0.055555556,0.23570226
35_11_02.bmp,2.888888888888889,0.777777778,0.427792632,0.277777778,0.460888599,0.055555556,0.23570226,0.0,0.0,0.055555556,0.23570226,0.055555556,0.23570226,0.055555556,0.23570226
23_24_01.bmp,3.1666666666666665,0.111111111,0.323380833,0.555555556,0.511309993,0.0,0.0,0.055555556,0.23570226,0.222222222,0.427792632,0.055555556,0.23570226,0.055555556,0.23570226
09_19_05.bmp,2.7222222222222223,0.055555556,0.23570226,0.277777778,0.460888599,0.666666667,0.48507125,0.055555556,0.23570226,0.111111111,0.323380833,0.0,0.0,0.0,0.0
10_09_01.bmp,3.055555555555556,0.5,0.514495755,0.444444444,0.511309993,0.0,0.0,0.0,0.0,0.277777778,0.460888599,0.166666667,0.383482494,0.0,0.0
07_08_04.bmp,2.055555555555556,0.555555556,0.511309993,0.666666667,0.48507125,0.0,0.0,0.055555556,0.23570226,0.111111111,0.323380833,0.055555556,0.23570226,0.0,0.0
24_16_03.bmp,2.7777777777777777,0.111111111,0.323380833,0.722222222,0.460888599,0.111111111,0.323380833,0.055555556,0.23570226,0.055555556,0.23570226,0.0,0.0,0.0,0.0
09_11_05.bmp,1.9444444444444444,0.777777778,0.427792632,0.333333333,0.48507125,0.055555556,0.23570226,0.0,0.0,0.166666667,0.383482494,0.055555556,0.23570226,0.0,0.0
05_01_02.bmp,3.2222222222222223,0.111111111,0.323380833,0.555555556,0.511309993,0.166666667,0.383482494,0.055555556,0.23570226,0.0,0.0,0.055555556,0.23570226,0.055555556,0.23570226
0944.jpg,2.6666666666666665,0.111111111,0.323380833,0.555555556,0.511309993,0.0,0.0,0.666666667,0.48507125,0.111111111,0.323380833,0.0,0.0,0.055555556,0.23570226
31_04_04.bmp,2.611111111111111,0.444444444,0.511309993,0.333333333,0.48507125,0.166666667,0.383482494,0.055555556,0.23570226,0.222222222,0.427792632,0.166666667,0.383482494,0.055555556,0.23570226
07_10_05.bmp,2.0,0.833333333,0.383482494,0.333333333,0.48507125,0.111111111,0.323380833,0.0,0.0,0.111111111,0.323380833,0.0,0.0,0.0,0.0
33_11_03.bmp,2.833333333333333,0.666666667,0.48507125,0.222222222,0.427792632,0.0,0.0,0.055555556,0.23570226,0.444444444,0.511309993,0.055555556,0.23570226,0.0,0.0
0460.jpg,2.6666666666666665,0.055555556,0.23570226,0.388888889,0.501631326,0.055555556,0.23570226,0.0,0.0,0.833333333,0.383482494,0.0,0.0,0.0,0.0
07_13_03.bmp,2.888888888888889,0.166666667,0.383482494,0.333333333,0.48507125,0.722222222,0.460888599,0.0,0.0,0.166666667,0.383482494,0.0,0.0,0.055555556,0.23570226
1113.jpg,2.0,0.055555556,0.23570226,0.777777778,0.427792632,0.444444444,0.511309993,0.055555556,0.23570226,0.277777778,0.460888599,0.0,0.0,0.0,0.0
12_05_02.bmp,3.2222222222222223,0.333333333,0.48507125,0.555555556,0.511309993,0.111111111,0.323380833,0.0,0.0,0.055555556,0.23570226,0.055555556,0.23570226,0.055555556,0.23570226
35_08_02.bmp,2.7777777777777777,0.0,0.0,0.722222222,0.460888599,0.055555556,0.23570226,0.0,0.0,0.0,0.0,0.055555556,0.23570226,0.055555556,0.23570226
18_14_02.bmp,3.055555555555556,0.166666667,0.383482494,0.444444444,0.511309993,0.055555556,0.23570226,0.166666667,0.383482494,0.0,0.0,0.0,0.0,0.055555556,0.23570226
20_09_01.bmp,3.0,0.611111111,0.501631326,0.222222222,0.427792632,0.055555556,0.23570226,0.0,0.0,0.055555556,0.23570226,0.0,0.0,0.0,0.0
12_21_04.bmp,2.111111111111111,0.111111111,0.323380833,0.277777778,0.460888599,0.111111111,0.323380833,0.5,0.514495755,0.111111111,0.323380833,0.111111111,0.323380833,0.055555556,0.23570226
13_25_03.bmp,2.555555555555556,0.111111111,0.323380833,0.055555556,0.23570226,0.111111111,0.323380833,0.111111111,0.323380833,0.055555556,0.23570226,0.0,0.0,1.0,0.0
37_10_04.bmp,2.6666666666666665,0.833333333,0.383482494,0.333333333,0.48507125,0.0,0.0,0.055555556,0.23570226,0.055555556,0.23570226,0.055555556,0.23570226,0.0,0.0
27_14_02.bmp,2.888888888888889,0.055555556,0.23570226,0.277777778,0.460888599,0.055555556,0.23570226,0.666666667,0.48507125,0.333333333,0.48507125,0.111111111,0.323380833,0.0,0.0
33_14_02.bmp,2.9444444444444446,0.0,0.0,0.5,0.514495755,0.0,0.0,0.5,0.514495755,0.444444444,0.511309993,0.0,0.0,0.0,0.0
01481.jpg,3.5,0.055555556,0.23570226,0.611111111,0.501631326,0.111111111,0.323380833,0.055555556,0.23570226,0.0,0.0,0.055555556,0.23570226,0.055555556,0.23570226
37_08_04.bmp,2.4444444444444446,0.333333333,0.48507125,0.5,0.514495755,0.111111111,0.323380833,0.055555556,0.23570226,0.055555556,0.23570226,0.111111111,0.323380833,0.0,0.0
24_02_05.bmp,1.2222222222222223,0.0,0.0,0.888888889,0.323380833,0.0,0.0,0.055555556,0.23570226,0.0,0.0,0.0,0.0,0.0,0.0
15_01_04.bmp,2.055555555555556,0.055555556,0.23570226,0.944444444,0.23570226,0.0,0.0,0.0,0.0,0.222222222,0.427792632,0.0,0.0,0.0,0.0
0956.jpg,2.7222222222222223,0.0,0.0,0.444444444,0.511309993,0.0,0.0,0.666666667,0.48507125,0.111111111,0.323380833,0.055555556,0.23570226,0.0,0.0
03_05_02.bmp,3.1666666666666665,0.111111111,0.323380833,0.666666667,0.48507125,0.055555556,0.23570226,0.0,0.0,0.111111111,0.323380833,0.0,0.0,0.055555556,0.23570226
27_19_02.bmp,2.833333333333333,0.0,0.0,0.388888889,0.501631326,0.444444444,0.511309993,0.0,0.0,0.444444444,0.511309993,0.055555556,0.23570226,0.055555556,0.23570226
0386.jpg,3.111111111111111,0.055555556,0.23570226,0.722222222,0.460888599,0.0,0.0,0.055555556,0.23570226,0.055555556,0.23570226,0.0,0.0,0.0,0.0
25_25_04.bmp,2.055555555555556,0.055555556,0.23570226,0.111111111,0.323380833,0.111111111,0.323380833,0.0,0.0,0.166666667,0.383482494,0.0,0.0,0.833333333,0.383482494
12_19_05.bmp,2.611111111111111,0.055555556,0.23570226,0.111111111,0.323380833,0.666666667,0.48507125,0.055555556,0.23570226,0.0,0.0,0.0,0.0,0.0,0.0
0260.jpg,1.6111111111111112,0.166666667,0.383482494,0.333333333,0.48507125,0.111111111,0.323380833,0.888888889,0.323380833,0.055555556,0.23570226,0.0,0.0,0.0,0.0
02_11_04.bmp,2.5,0.833333333,0.383482494,0.333333333,0.48507125,0.055555556,0.23570226,0.0,0.0,0.555555556,0.511309993,0.055555556,0.23570226,0.0,0.0
33_16_01.bmp,3.2222222222222223,0.055555556,0.23570226,0.5,0.514495755,0.111111111,0.323380833,0.111111111,0.323380833,0.388888889,0.501631326,0.0,0.0,0.0,0.0
0477.jpg,3.1666666666666665,0.111111111,0.323380833,0.5,0.514495755,0.0,0.0,0.166666667,0.383482494,0.666666667,0.48507125,0.0,0.0,0.055555556,0.23570226
13_24_04.bmp,1.8888888888888888,0.0,0.0,0.944444444,0.23570226,0.055555556,0.23570226,0.055555556,0.23570226,0.055555556,0.23570226,0.055555556,0.23570226,0.0,0.0
0899.jpg,3.5,0.166666667,0.383482494,0.444444444,0.511309993,0.055555556,0.23570226,0.0,0.0,0.055555556,0.23570226,0.0,0.0,0.0,0.0
0272.jpg,1.9444444444444444,0.166666667,0.383482494,0.277777778,0.460888599,0.055555556,0.23570226,0.888888889,0.323380833,0.166666667,0.383482494,0.0,0.0,0.0,0.0
33_07_04.bmp,1.8888888888888888,0.166666667,0.383482494,0.888888889,0.323380833,0.0,0.0,0.055555556,0.23570226,0.333333333,0.48507125,0.055555556,0.23570226,0.0,0.0
01373.jpg,3.2222222222222223,0.055555556,0.23570226,0.777777778,0.427792632,0.166666667,0.383482494,0.0,0.0,0.055555556,0.23570226,0.0,0.0,0.055555556,0.23570226
09_09_03.bmp,2.7222222222222223,0.722222222,0.460888599,0.388888889,0.501631326,0.055555556,0.23570226,0.0,0.0,0.222222222,0.427792632,0.055555556,0.23570226,0.0,0.0
29_01_05.bmp,1.5555555555555556,0.055555556,0.23570226,0.944444444,0.23570226,0.0,0.0,0.055555556,0.23570226,0.055555556,0.23570226,0.0,0.0,0.0,0.0
26_11_04.bmp,2.4444444444444446,0.777777778,0.427792632,0.111111111,0.323380833,0.166666667,0.383482494,0.0,0.0,0.055555556,0.23570226,0.0,0.0,0.0,0.0
32_17_02.bmp,2.5,0.111111111,0.323380833,0.611111111,0.501631326,0.111111111,0.323380833,0.0,0.0,0.5,0.514495755,0.111111111,0.323380833,0.166666667,0.383482494
0529.jpg,2.7777777777777777,0.166666667,0.383482494,0.444444444,0.511309993,0.0,0.0,0.222222222,0.427792632,0.777777778,0.427792632,0.055555556,0.23570226,0.055555556,0.23570226
14_07_04.bmp,1.5,0.222222222,0.427792632,0.833333333,0.383482494,0.055555556,0.23570226,0.055555556,0.23570226,0.055555556,0.23570226,0.111111111,0.323380833,0.0,0.0
0489.jpg,3.055555555555556,0.111111111,0.323380833,0.388888889,0.501631326,0.0,0.0,0.055555556,0.23570226,0.722222222,0.460888599,0.055555556,0.23570226,0.055555556,0.23570226
01485.jpg,2.333333333333333,0.222222222,0.427792632,0.777777778,0.427792632,0.111111111,0.323380833,0.111111111,0.323380833,0.0,0.0,0.111111111,0.323380833,0.222222222,0.427792632
21_21_04.bmp,2.1666666666666665,0.111111111,0.323380833,0.5,0.514495755,0.111111111,0.323380833,0.444444444,0.511309993,0.055555556,0.23570226,0.0,0.0,0.0,0.0
26_22_02.bmp,2.888888888888889,0.166666667,0.383482494,0.666666667,0.48507125,0.166666667,0.383482494,0.0,0.0,0.055555556,0.23570226,0.0,0.0,0.0,0.0
32_07_05.bmp,1.3333333333333333,0.055555556,0.23570226,0.833333333,0.383482494,0.0,0.0,0.055555556,0.23570226,0.333333333,0.48507125,0.055555556,0.23570226,0.0,0.0
35_02_05.bmp,1.3888888888888888,0.0,0.0,0.944444444,0.23570226,0.111111111,0.323380833,0.055555556,0.23570226,0.0,0.0,0.0,0.0,0.0,0.0
02_22_02.bmp,2.611111111111111,0.388888889,0.501631326,0.444444444,0.511309993,0.0,0.0,0.055555556,0.23570226,0.333333333,0.48507125,0.055555556,0.23570226,0.0,0.0
0048.jpg,3.2222222222222223,0.055555556,0.23570226,0.277777778,0.460888599,0.833333333,0.383482494,0.0,0.0,0.222222222,0.427792632,0.0,0.0,0.055555556,0.23570226
0021.jpg,3.4444444444444446,0.0,0.0,0.277777778,0.460888599,0.722222222,0.460888599,0.0,0.0,0.222222222,0.427792632,0.0,0.0,0.0,0.0
0868.jpg,3.555555555555556,0.111111111,0.323380833,0.444444444,0.511309993,0.0,0.0,0.0,0.0,0.166666667,0.383482494,0.055555556,0.23570226,0.0,0.0
01_21_03.bmp,2.6666666666666665,0.111111111,0.323380833,0.722222222,0.460888599,0.222222222,0.427792632,0.0,0.0,0.0,0.0,0.0,0.0,0.111111111,0.323380833
18_13_01.bmp,3.388888888888889,0.055555556,0.23570226,0.5,0.514495755,0.111111111,0.323380833,0.055555556,0.23570226,0.055555556,0.23570226,0.055555556,0.23570226,0.055555556,0.23570226
33_09_02.bmp,2.9444444444444446,0.555555556,0.511309993,0.277777778,0.460888599,0.0,0.0,0.0,0.0,0.388888889,0.501631326,0.055555556,0.23570226,0.0,0.0
17_03_02.bmp,3.5,0.111111111,0.323380833,0.666666667,0.48507125,0.0,0.0,0.0,0.0,0.166666667,0.383482494,0.0,0.0,0.055555556,0.23570226
13_07_01.bmp,3.333333333333333,0.277777778,0.460888599,0.333333333,0.48507125,0.055555556,0.23570226,0.055555556,0.23570226,0.111111111,0.323380833,0.0,0.0,0.0,0.0
0616.jpg,3.555555555555556,0.111111111,0.323380833,0.333333333,0.48507125,0.0,0.0,0.222222222,0.427792632,0.055555556,0.23570226,0.055555556,0.23570226,0.055555556,0.23570226
03_13_04.bmp,3.5,0.055555556,0.23570226,0.222222222,0.427792632,0.666666667,0.48507125,0.0,0.0,0.055555556,0.23570226,0.0,0.0,0.111111111,0.323380833
24_19_03.bmp,2.6666666666666665,0.277777778,0.460888599,0.722222222,0.460888599,0.0,0.0,0.0,0.0,0.0,0.0,0.0,0.0,0.055555556,0.23570226
08_25_03.bmp,2.333333333333333,0.111111111,0.323380833,0.0,0.0,0.055555556,0.23570226,0.0,0.0,0.055555556,0.23570226,0.0,0.0,0.833333333,0.383482494
08_02_03.bmp,2.7777777777777777,0.055555556,0.23570226,0.833333333,0.383482494,0.055555556,0.23570226,0.0,0.0,0.166666667,0.383482494,0.0,0.0,0.0,0.0
0886.jpg,3.7222222222222223,0.166666667,0.383482494,0.388888889,0.501631326,0.0,0.0,0.0,0.0,0.111111111,0.323380833,0.111111111,0.323380833,0.055555556,0.23570226
02_05_03.bmp,2.4444444444444446,0.333333333,0.48507125,0.555555556,0.511309993,0.111111111,0.323380833,0.0,0.0,0.666666667,0.48507125,0.0,0.0,0.0,0.0
03_11_01.bmp,3.5,0.444444444,0.511309993,0.111111111,0.323380833,0.055555556,0.23570226,0.0,0.0,0.055555556,0.23570226,0.0,0.0,0.055555556,0.23570226
19_03_01.bmp,3.555555555555556,0.166666667,0.383482494,0.388888889,0.501631326,0.055555556,0.23570226,0.0,0.0,0.111111111,0.323380833,0.111111111,0.323380833,0.111111111,0.323380833
21_14_05.bmp,1.7777777777777777,0.111111111,0.323380833,0.222222222,0.427792632,0.055555556,0.23570226,0.944444444,0.23570226,0.0,0.0,0.111111111,0.323380833,0.0,0.0
13_17_05.bmp,2.2222222222222223,0.055555556,0.23570226,0.444444444,0.511309993,0.055555556,0.23570226,0.0,0.0,0.222222222,0.427792632,0.111111111,0.323380833,0.277777778,0.460888599
34_13_02.bmp,3.111111111111111,0.166666667,0.383482494,0.388888889,0.501631326,0.277777778,0.460888599,0.055555556,0.23570226,0.0,0.0,0.0,0.0,0.055555556,0.23570226
05_14_05.bmp,1.8888888888888888,0.277777778,0.460888599,0.333333333,0.48507125,0.166666667,0.383482494,0.722222222,0.460888599,0.055555556,0.23570226,0.111111111,0.323380833,0.055555556,0.23570226
37_19_02.bmp,3.2777777777777777,0.055555556,0.23570226,0.5,0.514495755,0.055555556,0.23570226,0.0,0.0,0.055555556,0.23570226,0.111111111,0.323380833,0.055555556,0.23570226
14_05_02.bmp,3.111111111111111,0.0,0.0,0.777777778,0.427792632,0.055555556,0.23570226,0.0,0.0,0.055555556,0.23570226,0.055555556,0.23570226,0.055555556,0.23570226
26_13_01.bmp,4.055555555555555,0.055555556,0.23570226,0.055555556,0.23570226,0.277777778,0.460888599,0.0,0.0,0.111111111,0.323380833,0.0,0.0,0.055555556,0.23570226
17_09_02.bmp,2.6666666666666665,0.722222222,0.460888599,0.166666667,0.383482494,0.055555556,0.23570226,0.055555556,0.23570226,0.277777778,0.460888599,0.055555556,0.23570226,0.0,0.0
01496.jpg,3.7222222222222223,0.055555556,0.23570226,0.5,0.514495755,0.111111111,0.323380833,0.0,0.0,0.055555556,0.23570226,0.0,0.0,0.111111111,0.323380833
02_07_01.bmp,3.2777777777777777,0.111111111,0.323380833,0.555555556,0.511309993,0.0,0.0,0.0,0.0,0.444444444,0.511309993,0.055555556,0.23570226,0.0,0.0
27_17_05.bmp,2.2222222222222223,0.166666667,0.383482494,0.555555556,0.511309993,0.0,0.0,0.0,0.0,0.444444444,0.511309993,0.222222222,0.427792632,0.166666667,0.383482494
12_07_02.bmp,2.5,0.055555556,0.23570226,0.833333333,0.383482494,0.055555556,0.23570226,0.055555556,0.23570226,0.055555556,0.23570226,0.055555556,0.23570226,0.0,0.0
1059.jpg,3.611111111111111,0.055555556,0.23570226,0.333333333,0.48507125,0.0,0.0,0.388888889,0.501631326,0.111111111,0.323380833,0.055555556,0.23570226,0.055555556,0.23570226
23_18_03.bmp,2.555555555555556,0.111111111,0.323380833,0.666666667,0.48507125,0.0,0.0,0.0,0.0,0.277777778,0.460888599,0.166666667,0.383482494,0.0,0.0
27_15_02.bmp,3.1666666666666665,0.055555556,0.23570226,0.277777778,0.460888599,0.444444444,0.511309993,0.111111111,0.323380833,0.388888889,0.501631326,0.055555556,0.23570226,0.0,0.0
02_23_01.bmp,2.9444444444444446,0.111111111,0.323380833,0.111111111,0.323380833,0.0,0.0,0.777777778,0.427792632,0.333333333,0.48507125,0.111111111,0.323380833,0.0,0.0
25_03_04.bmp,2.0,0.055555556,0.23570226,0.888888889,0.323380833,0.111111111,0.323380833,0.0,0.0,0.111111111,0.323380833,0.0,0.0,0.055555556,0.23570226
02_13_04.bmp,2.6666666666666665,0.055555556,0.23570226,0.277777778,0.460888599,0.833333333,0.383482494,0.0,0.0,0.444444444,0.511309993,0.055555556,0.23570226,0.055555556,0.23570226
34_22_01.bmp,2.611111111111111,0.222222222,0.427792632,0.722222222,0.460888599,0.333333333,0.48507125,0.055555556,0.23570226,0.0,0.0,0.0,0.0,0.055555556,0.23570226
15_13_01.bmp,3.555555555555556,0.111111111,0.323380833,0.222222222,0.427792632,0.222222222,0.427792632,0.055555556,0.23570226,0.222222222,0.427792632,0.0,0.0,0.055555556,0.23570226
10_11_02.bmp,2.9444444444444446,0.722222222,0.460888599,0.333333333,0.48507125,0.0,0.0,0.0,0.0,0.388888889,0.501631326,0.111111111,0.323380833,0.0,0.0
25_07_02.bmp,2.5,0.111111111,0.323380833,0.833333333,0.383482494,0.055555556,0.23570226,0.055555556,0.23570226,0.111111111,0.323380833,0.0,0.0,0.111111111,0.323380833
01357.jpg,3.2222222222222223,0.0,0.0,0.666666667,0.48507125,0.222222222,0.427792632,0.0,0.0,0.055555556,0.23570226,0.0,0.0,0.055555556,0.23570226
01277.jpg,4.111111111111111,0.166666667,0.383482494,0.333333333,0.48507125,0.111111111,0.323380833,0.055555556,0.23570226,0.277777778,0.460888599,0.0,0.0,0.0,0.0
14_18_01.bmp,2.833333333333333,0.055555556,0.23570226,0.611111111,0.501631326,0.055555556,0.23570226,0.0,0.0,0.055555556,0.23570226,0.166666667,0.383482494,0.055555556,0.23570226
07_10_02.bmp,2.611111111111111,0.777777778,0.427792632,0.388888889,0.501631326,0.055555556,0.23570226,0.055555556,0.23570226,0.111111111,0.323380833,0.0,0.0,0.055555556,0.23570226
26_20_01.bmp,3.7777777777777777,0.055555556,0.23570226,0.277777778,0.460888599,0.166666667,0.383482494,0.0,0.0,0.111111111,0.323380833,0.055555556,0.23570226,0.055555556,0.23570226
23_19_04.bmp,1.9444444444444444,0.166666667,0.383482494,0.222222222,0.427792632,0.611111111,0.501631326,0.055555556,0.23570226,0.333333333,0.48507125,0.0,0.0,0.0,0.0
19_04_03.bmp,2.9444444444444446,0.277777778,0.460888599,0.222222222,0.427792632,0.222222222,0.427792632,0.055555556,0.23570226,0.166666667,0.383482494,0.222222222,0.427792632,0.055555556,0.23570226
01_04_05.bmp,3.0,0.111111111,0.323380833,0.611111111,0.501631326,0.111111111,0.323380833,0.0,0.0,0.0,0.0,0.166666667,0.383482494,0.166666667,0.383482494
01322.jpg,2.7777777777777777,0.5,0.514495755,0.666666667,0.48507125,0.111111111,0.323380833,0.0,0.0,0.222222222,0.427792632,0.166666667,0.383482494,0.0,0.0
0184.jpg,3.055555555555556,0.055555556,0.23570226,0.388888889,0.501631326,0.555555556,0.511309993,0.0,0.0,0.055555556,0.23570226,0.0,0.0,0.722222222,0.460888599
21_13_04.bmp,2.555555555555556,0.055555556,0.23570226,0.222222222,0.427792632,0.777777778,0.427792632,0.055555556,0.23570226,0.0,0.0,0.0,0.0,0.055555556,0.23570226
17_21_05.bmp,1.8333333333333333,0.166666667,0.383482494,0.222222222,0.427792632,0.055555556,0.23570226,0.666666667,0.48507125,0.222222222,0.427792632,0.055555556,0.23570226,0.055555556,0.23570226
0384.jpg,1.9444444444444444,0.111111111,0.323380833,0.888888889,0.323380833,0.0,0.0,0.111111111,0.323380833,0.055555556,0.23570226,0.0,0.0,0.055555556,0.23570226
24_07_01.bmp,3.2777777777777777,0.055555556,0.23570226,0.611111111,0.501631326,0.111111111,0.323380833,0.0,0.0,0.055555556,0.23570226,0.0,0.0,0.0,0.0
15_06_03.bmp,2.1666666666666665,0.333333333,0.48507125,0.222222222,0.427792632,0.166666667,0.383482494,0.055555556,0.23570226,0.166666667,0.383482494,0.222222222,0.427792632,0.055555556,0.23570226
01_15_05.bmp,2.888888888888889,0.111111111,0.323380833,0.611111111,0.501631326,0.222222222,0.427792632,0.111111111,0.323380833,0.0,0.0,0.0,0.0,0.055555556,0.23570226
0430.jpg,1.6666666666666667,0.055555556,0.23570226,0.944444444,0.23570226,0.0,0.0,0.055555556,0.23570226,0.111111111,0.323380833,0.0,0.0,0.0,0.0
01335.jpg,3.4444444444444446,0.111111111,0.323380833,0.722222222,0.460888599,0.0,0.0,0.0,0.0,0.0,0.0,0.055555556,0.23570226,0.111111111,0.323380833
36_19_04.bmp,2.888888888888889,0.055555556,0.23570226,0.555555556,0.511309993,0.277777778,0.460888599,0.0,0.0,0.0,0.0,0.0,0.0,0.055555556,0.23570226
19_17_02.bmp,2.888888888888889,0.055555556,0.23570226,0.388888889,0.501631326,0.055555556,0.23570226,0.055555556,0.23570226,0.166666667,0.383482494,0.277777778,0.460888599,0.166666667,0.383482494
12_12_01.bmp,3.388888888888889,0.388888889,0.501631326,0.277777778,0.460888599,0.111111111,0.323380833,0.055555556,0.23570226,0.055555556,0.23570226,0.0,0.0,0.055555556,0.23570226
0003.jpg,2.5,0.055555556,0.23570226,0.277777778,0.460888599,0.777777778,0.427792632,0.0,0.0,0.722222222,0.460888599,0.555555556,0.511309993,0.0,0.0
19_06_05.bmp,1.8333333333333333,0.333333333,0.48507125,0.222222222,0.427792632,0.222222222,0.427792632,0.166666667,0.383482494,0.111111111,0.323380833,0.222222222,0.427792632,0.055555556,0.23570226
12_12_03.bmp,2.6666666666666665,0.666666667,0.48507125,0.277777778,0.460888599,0.055555556,0.23570226,0.055555556,0.23570226,0.111111111,0.323380833,0.055555556,0.23570226,0.055555556,0.23570226
0731.jpg,3.8333333333333335,0.111111111,0.323380833,0.166666667,0.383482494,0.0,0.0,0.0,0.0,0.277777778,0.460888599,0.111111111,0.323380833,0.055555556,0.23570226
0183.jpg,2.9444444444444446,0.055555556,0.23570226,0.388888889,0.501631326,0.666666667,0.48507125,0.055555556,0.23570226,0.055555556,0.23570226,0.055555556,0.23570226,0.055555556,0.23570226
13_06_03.bmp,2.833333333333333,0.388888889,0.501631326,0.166666667,0.383482494,0.333333333,0.48507125,0.0,0.0,0.166666667,0.383482494,0.166666667,0.383482494,0.111111111,0.323380833
23_14_04.bmp,2.055555555555556,0.055555556,0.23570226,0.277777778,0.460888599,0.055555556,0.23570226,0.777777778,0.427792632,0.166666667,0.383482494,0.111111111,0.323380833,0.0,0.0
0621.jpg,3.2777777777777777,0.166666667,0.383482494,0.5,0.514495755,0.0,0.0,0.166666667,0.383482494,0.0,0.0,0.0,0.0,0.055555556,0.23570226
0711.jpg,3.7222222222222223,0.055555556,0.23570226,0.222222222,0.427792632,0.0,0.0,0.0,0.0,0.222222222,0.427792632,0.166666667,0.383482494,0.055555556,0.23570226
25_24_03.bmp,1.7777777777777777,0.111111111,0.323380833,0.833333333,0.383482494,0.111111111,0.323380833,0.0,0.0,0.111111111,0.323380833,0.055555556,0.23570226,0.0,0.0
16_06_05.bmp,1.8888888888888888,0.222222222,0.427792632,0.333333333,0.48507125,0.166666667,0.383482494,0.111111111,0.323380833,0.333333333,0.48507125,0.444444444,0.511309993,0.055555556,0.23570226
01214.jpg,3.888888888888889,0.166666667,0.383482494,0.166666667,0.383482494,0.0,0.0,0.222222222,0.427792632,0.111111111,0.323380833,0.0,0.0,0.0,0.0
12_25_05.bmp,2.111111111111111,0.111111111,0.323380833,0.111111111,0.323380833,0.055555556,0.23570226,0.0,0.0,0.0,0.0,0.055555556,0.23570226,0.944444444,0.23570226
07_11_01.bmp,3.055555555555556,0.388888889,0.501631326,0.388888889,0.501631326,0.055555556,0.23570226,0.0,0.0,0.055555556,0.23570226,0.0,0.0,0.111111111,0.323380833
26_05_04.bmp,2.333333333333333,0.222222222,0.427792632,0.611111111,0.501631326,0.111111111,0.323380833,0.055555556,0.23570226,0.111111111,0.323380833,0.0,0.0,0.055555556,0.23570226
27_03_02.bmp,2.9444444444444446,0.111111111,0.323380833,0.388888889,0.501631326,0.0,0.0,0.055555556,0.23570226,0.5,0.514495755,0.055555556,0.23570226,0.0,0.0
18_07_03.bmp,2.0,0.111111111,0.323380833,0.888888889,0.323380833,0.055555556,0.23570226,0.0,0.0,0.0,0.0,0.111111111,0.323380833,0.0,0.0
13_18_03.bmp,2.5,0.0,0.0,0.722222222,0.460888599,0.055555556,0.23570226,0.0,0.0,0.277777778,0.460888599,0.055555556,0.23570226,0.111111111,0.323380833
13_08_04.bmp,2.5,0.388888889,0.501631326,0.722222222,0.460888599,0.055555556,0.23570226,0.055555556,0.23570226,0.111111111,0.323380833,0.0,0.0,0.055555556,0.23570226
0530.jpg,3.111111111111111,0.111111111,0.323380833,0.5,0.514495755,0.0,0.0,0.111111111,0.323380833,0.833333333,0.383482494,0.055555556,0.23570226,0.0,0.0
22_11_02.bmp,3.1666666666666665,0.777777778,0.427792632,0.333333333,0.48507125,0.0,0.0,0.055555556,0.23570226,0.111111111,0.323380833,0.111111111,0.323380833,0.0,0.0
24_20_02.bmp,2.833333333333333,0.444444444,0.511309993,0.277777778,0.460888599,0.111111111,0.323380833,0.166666667,0.383482494,0.055555556,0.23570226,0.0,0.0,0.0,0.0
05_17_05.bmp,2.333333333333333,0.111111111,0.323380833,0.555555556,0.511309993,0.111111111,0.323380833,0.0,0.0,0.166666667,0.383482494,0.222222222,0.427792632,0.277777778,0.460888599
26_24_04.bmp,2.0,0.0,0.0,0.833333333,0.383482494,0.166666667,0.383482494,0.055555556,0.23570226,0.0,0.0,0.0,0.0,0.055555556,0.23570226
27_09_04.bmp,2.1666666666666665,0.666666667,0.48507125,0.333333333,0.48507125,0.0,0.0,0.0,0.0,0.388888889,0.501631326,0.055555556,0.23570226,0.111111111,0.323380833
01197.jpg,3.555555555555556,0.277777778,0.460888599,0.277777778,0.460888599,0.0,0.0,0.0,0.0,0.444444444,0.511309993,0.055555556,0.23570226,0.0,0.0
07_15_04.bmp,3.333333333333333,0.222222222,0.427792632,0.277777778,0.460888599,0.111111111,0.323380833,0.0,0.0,0.111111111,0.323380833,0.055555556,0.23570226,0.111111111,0.323380833
08_20_01.bmp,2.5,0.5,0.514495755,0.277777778,0.460888599,0.333333333,0.48507125,0.111111111,0.323380833,0.055555556,0.23570226,0.111111111,0.323380833,0.0,0.0
11_06_04.bmp,2.111111111111111,0.277777778,0.460888599,0.333333333,0.48507125,0.222222222,0.427792632,0.222222222,0.427792632,0.166666667,0.383482494,0.111111111,0.323380833,0.0,0.0
14_04_05.bmp,2.111111111111111,0.333333333,0.48507125,0.388888889,0.501631326,0.222222222,0.427792632,0.055555556,0.23570226,0.0,0.0,0.222222222,0.427792632,0.055555556,0.23570226
03_12_05.bmp,2.4444444444444446,0.777777778,0.427792632,0.222222222,0.427792632,0.111111111,0.323380833,0.0,0.0,0.222222222,0.427792632,0.055555556,0.23570226,0.0,0.0
01358.jpg,3.055555555555556,0.055555556,0.23570226,0.833333333,0.383482494,0.111111111,0.323380833,0.055555556,0.23570226,0.0,0.0,0.055555556,0.23570226,0.055555556,0.23570226
30_23_01.bmp,3.111111111111111,0.0,0.0,0.166666667,0.383482494,0.055555556,0.23570226,0.666666667,0.48507125,0.166666667,0.383482494,0.0,0.0,0.055555556,0.23570226
01_16_01.bmp,2.9444444444444446,0.166666667,0.383482494,0.611111111,0.501631326,0.055555556,0.23570226,0.111111111,0.323380833,0.0,0.0,0.055555556,0.23570226,0.111111111,0.323380833
14_17_03.bmp,2.6666666666666665,0.111111111,0.323380833,0.388888889,0.501631326,0.055555556,0.23570226,0.055555556,0.23570226,0.166666667,0.383482494,0.222222222,0.427792632,0.166666667,0.383482494
0179.jpg,2.6666666666666665,0.166666667,0.383482494,0.5,0.514495755,0.833333333,0.383482494,0.0,0.0,0.055555556,0.23570226,0.0,0.0,0.055555556,0.23570226
0640.jpg,3.333333333333333,0.055555556,0.23570226,0.444444444,0.511309993,0.055555556,0.23570226,0.111111111,0.323380833,0.111111111,0.323380833,0.055555556,0.23570226,0.055555556,0.23570226
29_02_03.bmp,2.1666666666666665,0.055555556,0.23570226,0.888888889,0.323380833,0.055555556,0.23570226,0.0,0.0,0.111111111,0.323380833,0.055555556,0.23570226,0.055555556,0.23570226
26_02_01.bmp,4.111111111111111,0.055555556,0.23570226,0.222222222,0.427792632,0.111111111,0.323380833,0.055555556,0.23570226,0.055555556,0.23570226,0.0,0.0,0.111111111,0.323380833
32_18_05.bmp,1.6111111111111112,0.111111111,0.323380833,0.777777778,0.427792632,0.055555556,0.23570226,0.0,0.0,0.444444444,0.511309993,0.055555556,0.23570226,0.055555556,0.23570226
0439.jpg,2.888888888888889,0.0,0.0,0.888888889,0.323380833,0.0,0.0,0.055555556,0.23570226,0.111111111,0.323380833,0.055555556,0.23570226,0.055555556,0.23570226
14_04_04.bmp,2.2222222222222223,0.388888889,0.501631326,0.333333333,0.48507125,0.222222222,0.427792632,0.0,0.0,0.0,0.0,0.277777778,0.460888599,0.055555556,0.23570226
02_16_02.bmp,3.111111111111111,0.055555556,0.23570226,0.444444444,0.511309993,0.055555556,0.23570226,0.055555556,0.23570226,0.5,0.514495755,0.055555556,0.23570226,0.055555556,0.23570226
0128.jpg,2.611111111111111,0.055555556,0.23570226,0.333333333,0.48507125,0.944444444,0.23570226,0.0,0.0,0.166666667,0.383482494,0.055555556,0.23570226,0.0,0.0
18_15_05.bmp,3.111111111111111,0.055555556,0.23570226,0.333333333,0.48507125,0.055555556,0.23570226,0.388888889,0.501631326,0.055555556,0.23570226,0.0,0.0,0.055555556,0.23570226
14_21_01.bmp,2.111111111111111,0.055555556,0.23570226,0.222222222,0.427792632,0.888888889,0.323380833,0.055555556,0.23570226,0.0,0.0,0.111111111,0.323380833,0.0,0.0
01160.jpg,2.333333333333333,0.222222222,0.427792632,0.944444444,0.23570226,0.0,0.0,0.111111111,0.323380833,0.111111111,0.323380833,0.0,0.0,0.0,0.0
30_08_05.bmp,1.9444444444444444,0.388888889,0.501631326,0.611111111,0.501631326,0.055555556,0.23570226,0.055555556,0.23570226,0.277777778,0.460888599,0.111111111,0.323380833,0.0,0.0
14_16_02.bmp,2.7777777777777777,0.055555556,0.23570226,0.5,0.514495755,0.333333333,0.48507125,0.055555556,0.23570226,0.0,0.0,0.055555556,0.23570226,0.055555556,0.23570226
21_10_03.bmp,2.7777777777777777,0.722222222,0.460888599,0.277777778,0.460888599,0.111111111,0.323380833,0.055555556,0.23570226,0.055555556,0.23570226,0.0,0.0,0.0,0.0
19_11_03.bmp,3.111111111111111,0.722222222,0.460888599,0.277777778,0.460888599,0.111111111,0.323380833,0.0,0.0,0.166666667,0.383482494,0.111111111,0.323380833,0.0,0.0
02_07_04.bmp,1.8333333333333333,0.277777778,0.460888599,0.888888889,0.323380833,0.0,0.0,0.0,0.0,0.388888889,0.501631326,0.055555556,0.23570226,0.055555556,0.23570226
10_15_03.bmp,3.111111111111111,0.0,0.0,0.5,0.514495755,0.0,0.0,0.0,0.0,0.388888889,0.501631326,0.222222222,0.427792632,0.055555556,0.23570226
18_03_05.bmp,1.6111111111111112,0.111111111,0.323380833,0.833333333,0.383482494,0.055555556,0.23570226,0.0,0.0,0.0,0.0,0.055555556,0.23570226,0.0,0.0
01300.jpg,3.5,0.388888889,0.501631326,0.388888889,0.501631326,0.0,0.0,0.0,0.0,0.055555556,0.23570226,0.0,0.0,0.111111111,0.323380833
34_25_03.bmp,2.4444444444444446,0.055555556,0.23570226,0.166666667,0.383482494,0.111111111,0.323380833,0.0,0.0,0.055555556,0.23570226,0.0,0.0,1.0,0.0
12_12_05.bmp,2.2777777777777777,0.777777778,0.427792632,0.166666667,0.383482494,0.111111111,0.323380833,0.0,0.0,0.111111111,0.323380833,0.055555556,0.23570226,0.0,0.0
16_15_01.bmp,2.6666666666666665,0.055555556,0.23570226,0.166666667,0.383482494,0.888888889,0.323380833,0.0,0.0,0.277777778,0.460888599,0.222222222,0.427792632,0.0,0.0
0262.jpg,1.3888888888888888,0.111111111,0.323380833,0.444444444,0.511309993,0.055555556,0.23570226,0.888888889,0.323380833,0.0,0.0,0.055555556,0.23570226,0.0,0.0
12_21_02.bmp,2.9444444444444446,0.055555556,0.23570226,0.055555556,0.23570226,0.722222222,0.460888599,0.055555556,0.23570226,0.055555556,0.23570226,0.0,0.0,0.0,0.0
0510.jpg,2.388888888888889,0.0,0.0,0.444444444,0.511309993,0.0,0.0,0.611111111,0.501631326,0.722222222,0.460888599,0.0,0.0,0.0,0.0
09_16_01.bmp,3.388888888888889,0.111111111,0.323380833,0.5,0.514495755,0.222222222,0.427792632,0.0,0.0,0.111111111,0.323380833,0.055555556,0.23570226,0.0,0.0
0038.jpg,2.833333333333333,0.055555556,0.23570226,0.444444444,0.511309993,0.888888889,0.323380833,0.0,0.0,0.0,0.0,0.055555556,0.23570226,0.055555556,0.23570226
16_20_01.bmp,2.5,0.166666667,0.383482494,0.333333333,0.48507125,0.222222222,0.427792632,0.277777778,0.460888599,0.388888889,0.501631326,0.277777778,0.460888599,0.0,0.0
28_15_01.bmp,2.388888888888889,0.055555556,0.23570226,0.222222222,0.427792632,0.888888889,0.323380833,0.055555556,0.23570226,0.166666667,0.383482494,0.055555556,0.23570226,0.0,0.0
35_04_05.bmp,1.7777777777777777,0.277777778,0.460888599,0.555555556,0.511309993,0.277777778,0.460888599,0.0,0.0,0.0,0.0,0.166666667,0.383482494,0.055555556,0.23570226
18_04_05.bmp,2.388888888888889,0.277777778,0.460888599,0.333333333,0.48507125,0.111111111,0.323380833,0.055555556,0.23570226,0.0,0.0,0.166666667,0.383482494,0.166666667,0.383482494
07_20_03.bmp,2.111111111111111,0.555555556,0.511309993,0.555555556,0.511309993,0.166666667,0.383482494,0.111111111,0.323380833,0.111111111,0.323380833,0.055555556,0.23570226,0.0,0.0
33_12_02.bmp,2.9444444444444446,0.333333333,0.48507125,0.388888889,0.501631326,0.0,0.0,0.0,0.0,0.555555556,0.511309993,0.0,0.0,0.0,0.0
15_14_01.bmp,3.333333333333333,0.0,0.0,0.277777778,0.460888599,0.055555556,0.23570226,0.222222222,0.427792632,0.222222222,0.427792632,0.0,0.0,0.055555556,0.23570226
20_25_04.bmp,2.0,0.055555556,0.23570226,0.166666667,0.383482494,0.055555556,0.23570226,0.0,0.0,0.111111111,0.323380833,0.0,0.0,0.944444444,0.23570226
03_24_01.bmp,3.5,0.111111111,0.323380833,0.444444444,0.511309993,0.055555556,0.23570226,0.0,0.0,0.055555556,0.23570226,0.111111111,0.323380833,0.111111111,0.323380833
24_16_02.bmp,3.2777777777777777,0.055555556,0.23570226,0.666666667,0.48507125,0.055555556,0.23570226,0.0,0.0,0.0,0.0,0.0,0.0,0.0,0.0
34_17_05.bmp,2.2777777777777777,0.055555556,0.23570226,0.555555556,0.511309993,0.222222222,0.427792632,0.055555556,0.23570226,0.111111111,0.323380833,0.166666667,0.383482494,0.222222222,0.427792632
31_18_03.bmp,2.833333333333333,0.111111111,0.323380833,0.777777778,0.427792632,0.0,0.0,0.0,0.0,0.166666667,0.383482494,0.0,0.0,0.0,0.0
27_19_03.bmp,2.611111111111111,0.166666667,0.383482494,0.444444444,0.511309993,0.444444444,0.511309993,0.055555556,0.23570226,0.388888889,0.501631326,0.111111111,0.323380833,0.055555556,0.23570226
25_09_04.bmp,2.2777777777777777,0.777777778,0.427792632,0.333333333,0.48507125,0.111111111,0.323380833,0.0,0.0,0.166666667,0.383482494,0.055555556,0.23570226,0.055555556,0.23570226
20_24_02.bmp,2.611111111111111,0.111111111,0.323380833,0.833333333,0.383482494,0.111111111,0.323380833,0.0,0.0,0.055555556,0.23570226,0.055555556,0.23570226,0.0,0.0
27_24_01.bmp,3.0,0.0,0.0,0.5,0.514495755,0.0,0.0,0.111111111,0.323380833,0.388888889,0.501631326,0.055555556,0.23570226,0.055555556,0.23570226
06_23_02.bmp,3.2222222222222223,0.055555556,0.23570226,0.0,0.0,0.055555556,0.23570226,0.777777778,0.427792632,0.0,0.0,0.0,0.0,0.055555556,0.23570226
25_23_04.bmp,2.055555555555556,0.055555556,0.23570226,0.222222222,0.427792632,0.111111111,0.323380833,0.666666667,0.48507125,0.111111111,0.323380833,0.0,0.0,0.166666667,0.383482494
36_25_05.bmp,1.7777777777777777,0.111111111,0.323380833,0.166666667,0.383482494,0.111111111,0.323380833,0.055555556,0.23570226,0.055555556,0.23570226,0.0,0.0,0.944444444,0.23570226
01265.jpg,3.055555555555556,0.333333333,0.48507125,0.611111111,0.501631326,0.111111111,0.323380833,0.0,0.0,0.555555556,0.511309993,0.0,0.0,0.111111111,0.323380833
36_18_02.bmp,2.5,0.111111111,0.323380833,0.777777778,0.427792632,0.111111111,0.323380833,0.0,0.0,0.0,0.0,0.055555556,0.23570226,0.111111111,0.323380833
31_02_04.bmp,1.4444444444444444,0.0,0.0,0.944444444,0.23570226,0.055555556,0.23570226,0.055555556,0.23570226,0.111111111,0.323380833,0.0,0.0,0.0,0.0
33_13_04.bmp,2.7777777777777777,0.055555556,0.23570226,0.222222222,0.427792632,0.666666667,0.48507125,0.0,0.0,0.388888889,0.501631326,0.055555556,0.23570226,0.055555556,0.23570226
02_13_02.bmp,3.388888888888889,0.0,0.0,0.333333333,0.48507125,0.166666667,0.383482494,0.055555556,0.23570226,0.444444444,0.511309993,0.0,0.0,0.055555556,0.23570226
27_22_03.bmp,2.111111111111111,0.222222222,0.427792632,0.833333333,0.383482494,0.0,0.0,0.0,0.0,0.388888889,0.501631326,0.111111111,0.323380833,0.0,0.0
25_05_03.bmp,2.2222222222222223,0.444444444,0.511309993,0.555555556,0.511309993,0.111111111,0.323380833,0.055555556,0.23570226,0.111111111,0.323380833,0.0,0.0,0.055555556,0.23570226
01218.jpg,3.1666666666666665,0.111111111,0.323380833,0.777777778,0.427792632,0.0,0.0,0.277777778,0.460888599,0.333333333,0.48507125,0.0,0.0,0.0,0.0
34_19_04.bmp,3.0,0.055555556,0.23570226,0.5,0.514495755,0.222222222,0.427792632,0.055555556,0.23570226,0.055555556,0.23570226,0.0,0.0,0.055555556,0.23570226
19_10_04.bmp,2.388888888888889,0.722222222,0.460888599,0.333333333,0.48507125,0.111111111,0.323380833,0.0,0.0,0.111111111,0.323380833,0.055555556,0.23570226,0.0,0.0
01_06_05.bmp,2.111111111111111,0.166666667,0.383482494,0.722222222,0.460888599,0.222222222,0.427792632,0.0,0.0,0.0,0.0,0.444444444,0.511309993,0.111111111,0.323380833
20_10_02.bmp,2.7222222222222223,0.722222222,0.460888599,0.222222222,0.427792632,0.055555556,0.23570226,0.0,0.0,0.111111111,0.323380833,0.055555556,0.23570226,0.0,0.0
03_03_05.bmp,2.1666666666666665,0.111111111,0.323380833,0.833333333,0.383482494,0.055555556,0.23570226,0.0,0.0,0.111111111,0.323380833,0.0,0.0,0.055555556,0.23570226
22_05_04.bmp,1.7777777777777777,0.277777778,0.460888599,0.777777778,0.427792632,0.055555556,0.23570226,0.0,0.0,0.166666667,0.383482494,0.111111111,0.323380833,0.055555556,0.23570226
16_13_02.bmp,3.333333333333333,0.0,0.0,0.166666667,0.383482494,0.333333333,0.48507125,0.055555556,0.23570226,0.277777778,0.460888599,0.277777778,0.460888599,0.0,0.0
01435.jpg,3.888888888888889,0.055555556,0.23570226,0.5,0.514495755,0.222222222,0.427792632,0.0,0.0,0.055555556,0.23570226,0.0,0.0,0.0,0.0
32_21_03.bmp,2.333333333333333,0.166666667,0.383482494,0.444444444,0.511309993,0.388888889,0.501631326,0.222222222,0.427792632,0.388888889,0.501631326,0.055555556,0.23570226,0.0,0.0
26_02_03.bmp,2.611111111111111,0.055555556,0.23570226,0.888888889,0.323380833,0.055555556,0.23570226,0.0,0.0,0.055555556,0.23570226,0.0,0.0,0.0,0.0
21_17_04.bmp,2.4444444444444446,0.055555556,0.23570226,0.5,0.514495755,0.0,0.0,0.0,0.0,0.111111111,0.323380833,0.222222222,0.427792632,0.166666667,0.383482494
0354.jpg,2.611111111111111,0.111111111,0.323380833,0.833333333,0.383482494,0.0,0.0,0.055555556,0.23570226,0.0,0.0,0.055555556,0.23570226,0.055555556,0.23570226
01344.jpg,4.0,0.111111111,0.323380833,0.388888889,0.501631326,0.111111111,0.323380833,0.0,0.0,0.0,0.0,0.0,0.0,0.111111111,0.323380833
30_20_01.bmp,2.9444444444444446,0.222222222,0.427792632,0.388888889,0.501631326,0.055555556,0.23570226,0.166666667,0.383482494,0.277777778,0.460888599,0.0,0.0,0.0,0.0
16_13_05.bmp,2.4444444444444446,0.0,0.0,0.166666667,0.383482494,0.777777778,0.427792632,0.0,0.0,0.277777778,0.460888599,0.333333333,0.48507125,0.055555556,0.23570226
24_12_01.bmp,3.5,0.111111111,0.323380833,0.388888889,0.501631326,0.166666667,0.383482494,0.0,0.0,0.0,0.0,0.055555556,0.23570226,0.055555556,0.23570226
04_14_04.bmp,2.5,0.166666667,0.383482494,0.611111111,0.501631326,0.166666667,0.383482494,0.388888889,0.501631326,0.222222222,0.427792632,0.055555556,0.23570226,0.055555556,0.23570226
24_11_02.bmp,3.1666666666666665,0.666666667,0.48507125,0.222222222,0.427792632,0.055555556,0.23570226,0.055555556,0.23570226,0.055555556,0.23570226,0.111111111,0.323380833,0.0,0.0
03_25_05.bmp,2.388888888888889,0.055555556,0.23570226,0.055555556,0.23570226,0.055555556,0.23570226,0.0,0.0,0.055555556,0.23570226,0.111111111,0.323380833,0.888888889,0.323380833
36_20_02.bmp,2.833333333333333,0.388888889,0.501631326,0.555555556,0.511309993,0.055555556,0.23570226,0.055555556,0.23570226,0.0,0.0,0.055555556,0.23570226,0.0,0.0
0970.jpg,2.833333333333333,0.055555556,0.23570226,0.388888889,0.501631326,0.0,0.0,0.666666667,0.48507125,0.166666667,0.383482494,0.0,0.0,0.055555556,0.23570226
09_22_02.bmp,2.611111111111111,0.166666667,0.383482494,0.611111111,0.501631326,0.166666667,0.383482494,0.055555556,0.23570226,0.166666667,0.383482494,0.111111111,0.323380833,0.0,0.0
35_04_01.bmp,3.0,0.166666667,0.383482494,0.666666667,0.48507125,0.0,0.0,0.0,0.0,0.055555556,0.23570226,0.0,0.0,0.111111111,0.323380833
13_07_05.bmp,1.3333333333333333,0.055555556,0.23570226,0.888888889,0.323380833,0.055555556,0.23570226,0.055555556,0.23570226,0.055555556,0.23570226,0.111111111,0.323380833,0.0,0.0
10_03_02.bmp,3.055555555555556,0.055555556,0.23570226,0.611111111,0.501631326,0.0,0.0,0.055555556,0.23570226,0.388888889,0.501631326,0.277777778,0.460888599,0.0,0.0
33_23_01.bmp,2.833333333333333,0.055555556,0.23570226,0.166666667,0.383482494,0.0,0.0,0.722222222,0.460888599,0.388888889,0.501631326,0.0,0.0,0.111111111,0.323380833
16_14_04.bmp,2.055555555555556,0.111111111,0.323380833,0.111111111,0.323380833,0.111111111,0.323380833,0.833333333,0.383482494,0.333333333,0.48507125,0.333333333,0.48507125,0.0,0.0
0291.jpg,1.9444444444444444,0.111111111,0.323380833,0.388888889,0.501631326,0.055555556,0.23570226,0.833333333,0.383482494,0.055555556,0.23570226,0.0,0.0,0.111111111,0.323380833
09_24_04.bmp,1.5,0.166666667,0.383482494,0.833333333,0.383482494,0.111111111,0.323380833,0.0,0.0,0.111111111,0.323380833,0.0,0.0,0.055555556,0.23570226
0612.jpg,3.333333333333333,0.055555556,0.23570226,0.444444444,0.511309993,0.055555556,0.23570226,0.055555556,0.23570226,0.277777778,0.460888599,0.055555556,0.23570226,0.055555556,0.23570226
0560.jpg,2.4444444444444446,0.0,0.0,0.555555556,0.511309993,0.0,0.0,0.555555556,0.511309993,0.666666667,0.48507125,0.0,0.0,0.0,0.0
0440.jpg,2.833333333333333,0.0,0.0,0.722222222,0.460888599,0.055555556,0.23570226,0.166666667,0.383482494,0.111111111,0.323380833,0.222222222,0.427792632,0.055555556,0.23570226
36_11_05.bmp,1.8888888888888888,0.888888889,0.323380833,0.388888889,0.501631326,0.222222222,0.427792632,0.0,0.0,0.055555556,0.23570226,0.055555556,0.23570226,0.055555556,0.23570226
0060.jpg,3.111111111111111,0.055555556,0.23570226,0.722222222,0.460888599,0.5,0.514495755,0.0,0.0,0.055555556,0.23570226,0.0,0.0,0.0,0.0
13_11_04.bmp,2.5,0.888888889,0.323380833,0.222222222,0.427792632,0.111111111,0.323380833,0.0,0.0,0.222222222,0.427792632,0.0,0.0,0.0,0.0
0277.jpg,2.2222222222222223,0.166666667,0.383482494,0.333333333,0.48507125,0.055555556,0.23570226,0.888888889,0.323380833,0.055555556,0.23570226,0.0,0.0,0.0,0.0
27_07_03.bmp,2.2777777777777777,0.055555556,0.23570226,0.777777778,0.427792632,0.0,0.0,0.055555556,0.23570226,0.333333333,0.48507125,0.055555556,0.23570226,0.055555556,0.23570226
10_14_01.bmp,3.2222222222222223,0.111111111,0.323380833,0.5,0.514495755,0.111111111,0.323380833,0.222222222,0.427792632,0.388888889,0.501631326,0.222222222,0.427792632,0.0,0.0
34_19_03.bmp,3.0,0.111111111,0.323380833,0.611111111,0.501631326,0.166666667,0.383482494,0.0,0.0,0.055555556,0.23570226,0.0,0.0,0.055555556,0.23570226
10_25_02.bmp,2.6666666666666665,0.0,0.0,0.222222222,0.427792632,0.0,0.0,0.0,0.0,0.277777778,0.460888599,0.111111111,0.323380833,0.888888889,0.323380833
08_07_05.bmp,1.4444444444444444,0.277777778,0.460888599,0.777777778,0.427792632,0.055555556,0.23570226,0.111111111,0.323380833,0.0,0.0,0.055555556,0.23570226,0.0,0.0
19_01_02.bmp,3.2222222222222223,0.055555556,0.23570226,0.555555556,0.511309993,0.055555556,0.23570226,0.055555556,0.23570226,0.055555556,0.23570226,0.222222222,0.427792632,0.111111111,0.323380833
21_11_01.bmp,3.5,0.444444444,0.511309993,0.388888889,0.501631326,0.0,0.0,0.0,0.0,0.055555556,0.23570226,0.0,0.0,0.0,0.0
12_13_02.bmp,3.2777777777777777,0.055555556,0.23570226,0.166666667,0.383482494,0.388888889,0.501631326,0.0,0.0,0.055555556,0.23570226,0.111111111,0.323380833,0.055555556,0.23570226
25_20_02.bmp,2.111111111111111,0.333333333,0.48507125,0.5,0.514495755,0.222222222,0.427792632,0.222222222,0.427792632,0.166666667,0.383482494,0.0,0.0,0.0,0.0
06_11_01.bmp,3.4444444444444446,0.555555556,0.511309993,0.055555556,0.23570226,0.055555556,0.23570226,0.055555556,0.23570226,0.0,0.0,0.111111111,0.323380833,0.055555556,0.23570226
23_16_02.bmp,3.055555555555556,0.055555556,0.23570226,0.444444444,0.511309993,0.111111111,0.323380833,0.0,0.0,0.333333333,0.48507125,0.0,0.0,0.0,0.0
16_22_03.bmp,2.388888888888889,0.277777778,0.460888599,0.722222222,0.460888599,0.055555556,0.23570226,0.055555556,0.23570226,0.333333333,0.48507125,0.277777778,0.460888599,0.0,0.0
20_09_04.bmp,2.611111111111111,0.777777778,0.427792632,0.222222222,0.427792632,0.055555556,0.23570226,0.055555556,0.23570226,0.055555556,0.23570226,0.111111111,0.323380833,0.0,0.0
09_01_01.bmp,3.611111111111111,0.222222222,0.427792632,0.333333333,0.48507125,0.222222222,0.427792632,0.111111111,0.323380833,0.111111111,0.323380833,0.111111111,0.323380833,0.0,0.0
33_01_02.bmp,3.388888888888889,0.055555556,0.23570226,0.388888889,0.501631326,0.055555556,0.23570226,0.055555556,0.23570226,0.5,0.514495755,0.0,0.0,0.0,0.0
11_10_02.bmp,3.0,0.666666667,0.48507125,0.333333333,0.48507125,0.0,0.0,0.055555556,0.23570226,0.222222222,0.427792632,0.055555556,0.23570226,0.111111111,0.323380833
28_24_01.bmp,3.055555555555556,0.333333333,0.48507125,0.555555556,0.511309993,0.222222222,0.427792632,0.0,0.0,0.111111111,0.323380833,0.0,0.0,0.0,0.0
17_24_02.bmp,2.888888888888889,0.0,0.0,0.777777778,0.427792632,0.055555556,0.23570226,0.055555556,0.23570226,0.166666667,0.383482494,0.111111111,0.323380833,0.0,0.0
1027.jpg,2.888888888888889,0.111111111,0.323380833,0.388888889,0.501631326,0.055555556,0.23570226,0.555555556,0.511309993,0.111111111,0.323380833,0.0,0.0,0.055555556,0.23570226
24_01_02.bmp,3.388888888888889,0.055555556,0.23570226,0.444444444,0.511309993,0.166666667,0.383482494,0.0,0.0,0.0,0.0,0.0,0.0,0.0,0.0
34_18_02.bmp,2.111111111111111,0.111111111,0.323380833,0.888888889,0.323380833,0.166666667,0.383482494,0.0,0.0,0.055555556,0.23570226,0.055555556,0.23570226,0.055555556,0.23570226
07_14_03.bmp,3.1666666666666665,0.333333333,0.48507125,0.388888889,0.501631326,0.111111111,0.323380833,0.222222222,0.427792632,0.111111111,0.323380833,0.111111111,0.323380833,0.055555556,0.23570226
04_24_01.bmp,2.5,0.166666667,0.383482494,0.833333333,0.383482494,0.111111111,0.323380833,0.0,0.0,0.222222222,0.427792632,0.0,0.0,0.111111111,0.323380833
22_14_04.bmp,1.7777777777777777,0.0,0.0,0.277777778,0.460888599,0.0,0.0,0.777777778,0.427792632,0.166666667,0.383482494,0.111111111,0.323380833,0.0,0.0
23_07_05.bmp,1.3333333333333333,0.222222222,0.427792632,0.888888889,0.323380833,0.0,0.0,0.055555556,0.23570226,0.166666667,0.383482494,0.055555556,0.23570226,0.0,0.0
10_11_04.bmp,2.4444444444444446,0.833333333,0.383482494,0.333333333,0.48507125,0.055555556,0.23570226,0.055555556,0.23570226,0.388888889,0.501631326,0.111111111,0.323380833,0.055555556,0.23570226
29_03_05.bmp,2.0,0.055555556,0.23570226,0.888888889,0.323380833,0.0,0.0,0.055555556,0.23570226,0.111111111,0.323380833,0.055555556,0.23570226,0.0,0.0
25_19_02.bmp,2.833333333333333,0.277777778,0.460888599,0.388888889,0.501631326,0.5,0.514495755,0.0,0.0,0.166666667,0.383482494,0.055555556,0.23570226,0.055555556,0.23570226
30_13_04.bmp,2.888888888888889,0.111111111,0.323380833,0.111111111,0.323380833,0.611111111,0.501631326,0.0,0.0,0.277777778,0.460888599,0.0,0.0,0.0,0.0
17_10_05.bmp,2.1666666666666665,0.722222222,0.460888599,0.222222222,0.427792632,0.055555556,0.23570226,0.0,0.0,0.277777778,0.460888599,0.055555556,0.23570226,0.0,0.0
36_21_03.bmp,2.388888888888889,0.055555556,0.23570226,0.5,0.514495755,0.666666667,0.48507125,0.0,0.0,0.055555556,0.23570226,0.0,0.0,0.055555556,0.23570226
16_18_01.bmp,3.055555555555556,0.0,0.0,0.444444444,0.511309993,0.055555556,0.23570226,0.0,0.0,0.388888889,0.501631326,0.388888889,0.501631326,0.111111111,0.323380833
20_04_01.bmp,3.1666666666666665,0.111111111,0.323380833,0.444444444,0.511309993,0.055555556,0.23570226,0.055555556,0.23570226,0.166666667,0.383482494,0.111111111,0.323380833,0.055555556,0.23570226
0072.jpg,3.333333333333333,0.055555556,0.23570226,0.222222222,0.427792632,0.722222222,0.460888599,0.0,0.0,0.111111111,0.323380833,0.0,0.0,0.0,0.0
01337.jpg,3.2777777777777777,0.111111111,0.323380833,0.722222222,0.460888599,0.055555556,0.23570226,0.055555556,0.23570226,0.0,0.0,0.0,0.0,0.166666667,0.383482494
26_24_02.bmp,3.2777777777777777,0.0,0.0,0.555555556,0.511309993,0.111111111,0.323380833,0.055555556,0.23570226,0.055555556,0.23570226,0.0,0.0,0.0,0.0
25_24_02.bmp,2.1666666666666665,0.055555556,0.23570226,0.888888889,0.323380833,0.111111111,0.323380833,0.055555556,0.23570226,0.111111111,0.323380833,0.0,0.0,0.055555556,0.23570226
21_15_02.bmp,2.7777777777777777,0.111111111,0.323380833,0.277777778,0.460888599,0.666666667,0.48507125,0.0,0.0,0.055555556,0.23570226,0.055555556,0.23570226,0.055555556,0.23570226
0961.jpg,3.2777777777777777,0.0,0.0,0.444444444,0.511309993,0.0,0.0,0.722222222,0.460888599,0.055555556,0.23570226,0.0,0.0,0.0,0.0
0473.jpg,3.2222222222222223,0.055555556,0.23570226,0.444444444,0.511309993,0.055555556,0.23570226,0.222222222,0.427792632,0.666666667,0.48507125,0.0,0.0,0.0,0.0
19_07_03.bmp,2.111111111111111,0.222222222,0.427792632,0.833333333,0.383482494,0.055555556,0.23570226,0.0,0.0,0.166666667,0.383482494,0.111111111,0.323380833,0.0,0.0
35_06_03.bmp,1.8888888888888888,0.333333333,0.48507125,0.555555556,0.511309993,0.277777778,0.460888599,0.0,0.0,0.0,0.0,0.222222222,0.427792632,0.111111111,0.323380833
14_25_03.bmp,2.2777777777777777,0.055555556,0.23570226,0.222222222,0.427792632,0.055555556,0.23570226,0.0,0.0,0.055555556,0.23570226,0.0,0.0,0.944444444,0.23570226
23_20_02.bmp,2.388888888888889,0.333333333,0.48507125,0.277777778,0.460888599,0.333333333,0.48507125,0.222222222,0.427792632,0.222222222,0.427792632,0.0,0.0,0.0,0.0
12_17_04.bmp,2.5,0.111111111,0.323380833,0.555555556,0.511309993,0.055555556,0.23570226,0.0,0.0,0.166666667,0.383482494,0.111111111,0.323380833,0.222222222,0.427792632
04_17_03.bmp,2.4444444444444446,0.166666667,0.383482494,0.666666667,0.48507125,0.111111111,0.323380833,0.055555556,0.23570226,0.277777778,0.460888599,0.055555556,0.23570226,0.388888889,0.501631326
04_13_05.bmp,1.8333333333333333,0.222222222,0.427792632,0.555555556,0.511309993,0.666666667,0.48507125,0.0,0.0,0.166666667,0.383482494,0.055555556,0.23570226,0.0,0.0
12_08_02.bmp,3.055555555555556,0.388888889,0.501631326,0.444444444,0.511309993,0.055555556,0.23570226,0.055555556,0.23570226,0.055555556,0.23570226,0.055555556,0.23570226,0.055555556,0.23570226
1096.jpg,3.333333333333333,0.055555556,0.23570226,0.333333333,0.48507125,0.0,0.0,0.0,0.0,0.555555556,0.511309993,0.111111111,0.323380833,0.0,0.0
37_23_01.bmp,3.111111111111111,0.055555556,0.23570226,0.333333333,0.48507125,0.0,0.0,0.611111111,0.501631326,0.055555556,0.23570226,0.055555556,0.23570226,0.166666667,0.383482494
25_22_04.bmp,1.5555555555555556,0.277777778,0.460888599,0.833333333,0.383482494,0.055555556,0.23570226,0.0,0.0,0.111111111,0.323380833,0.0,0.0,0.055555556,0.23570226
32_21_01.bmp,1.3888888888888888,0.166666667,0.383482494,0.444444444,0.511309993,0.444444444,0.511309993,0.333333333,0.48507125,0.277777778,0.460888599,0.0,0.0,0.0,0.0
19_22_05.bmp,1.6111111111111112,0.222222222,0.427792632,0.833333333,0.383482494,0.055555556,0.23570226,0.0,0.0,0.111111111,0.323380833,0.055555556,0.23570226,0.0,0.0
10_04_05.bmp,2.111111111111111,0.388888889,0.501631326,0.333333333,0.48507125,0.166666667,0.383482494,0.166666667,0.383482494,0.277777778,0.460888599,0.333333333,0.48507125,0.055555556,0.23570226
01279.jpg,3.0,0.0,0.0,0.611111111,0.501631326,0.0,0.0,0.055555556,0.23570226,0.388888889,0.501631326,0.444444444,0.511309993,0.222222222,0.427792632
31_13_04.bmp,3.0,0.111111111,0.323380833,0.277777778,0.460888599,0.666666667,0.48507125,0.0,0.0,0.222222222,0.427792632,0.055555556,0.23570226,0.055555556,0.23570226
01_05_01.bmp,2.7777777777777777,0.111111111,0.323380833,0.611111111,0.501631326,0.111111111,0.323380833,0.055555556,0.23570226,0.055555556,0.23570226,0.0,0.0,0.055555556,0.23570226
29_25_03.bmp,2.2222222222222223,0.111111111,0.323380833,0.111111111,0.323380833,0.0,0.0,0.055555556,0.23570226,0.055555556,0.23570226,0.111111111,0.323380833,0.888888889,0.323380833
30_17_02.bmp,2.888888888888889,0.111111111,0.323380833,0.5,0.514495755,0.0,0.0,0.0,0.0,0.333333333,0.48507125,0.166666667,0.383482494,0.111111111,0.323380833
18_01_03.bmp,2.6666666666666665,0.166666667,0.383482494,0.777777778,0.427792632,0.055555556,0.23570226,0.055555556,0.23570226,0.0,0.0,0.055555556,0.23570226,0.055555556,0.23570226
25_01_01.bmp,3.388888888888889,0.0,0.0,0.444444444,0.511309993,0.222222222,0.427792632,0.0,0.0,0.222222222,0.427792632,0.0,0.0,0.055555556,0.23570226
0693.jpg,3.333333333333333,0.111111111,0.323380833,0.333333333,0.48507125,0.0,0.0,0.0,0.0,0.277777778,0.460888599,0.055555556,0.23570226,0.055555556,0.23570226
16_11_03.bmp,2.833333333333333,0.833333333,0.383482494,0.166666667,0.383482494,0.0,0.0,0.0,0.0,0.277777778,0.460888599,0.222222222,0.427792632,0.055555556,0.23570226
01_20_04.bmp,2.7777777777777777,0.055555556,0.23570226,0.722222222,0.460888599,0.222222222,0.427792632,0.055555556,0.23570226,0.0,0.0,0.0,0.0,0.0,0.0
01151.jpg,4.055555555555555,0.111111111,0.323380833,0.277777778,0.460888599,0.0,0.0,0.0,0.0,0.277777778,0.460888599,0.055555556,0.23570226,0.055555556,0.23570226
13_14_02.bmp,3.611111111111111,0.111111111,0.323380833,0.111111111,0.323380833,0.111111111,0.323380833,0.111111111,0.323380833,0.111111111,0.323380833,0.111111111,0.323380833,0.055555556,0.23570226
0605.jpg,3.2222222222222223,0.055555556,0.23570226,0.611111111,0.501631326,0.055555556,0.23570226,0.055555556,0.23570226,0.333333333,0.48507125,0.0,0.0,0.0,0.0
0099.jpg,2.2222222222222223,0.0,0.0,0.5,0.514495755,0.888888889,0.323380833,0.055555556,0.23570226,0.0,0.0,0.111111111,0.323380833,0.055555556,0.23570226
24_04_05.bmp,2.1666666666666665,0.333333333,0.48507125,0.333333333,0.48507125,0.333333333,0.48507125,0.055555556,0.23570226,0.0,0.0,0.0,0.0,0.0,0.0
27_10_03.bmp,2.7222222222222223,0.555555556,0.511309993,0.333333333,0.48507125,0.0,0.0,0.0,0.0,0.5,0.514495755,0.055555556,0.23570226,0.055555556,0.23570226
01168.jpg,3.333333333333333,0.055555556,0.23570226,0.444444444,0.511309993,0.0,0.0,0.0,0.0,0.0,0.0,0.111111111,0.323380833,0.722222222,0.460888599
32_08_05.bmp,1.6666666666666667,0.277777778,0.460888599,0.722222222,0.460888599,0.111111111,0.323380833,0.055555556,0.23570226,0.388888889,0.501631326,0.111111111,0.323380833,0.055555556,0.23570226
08_03_05.bmp,2.555555555555556,0.055555556,0.23570226,0.777777778,0.427792632,0.0,0.0,0.055555556,0.23570226,0.166666667,0.383482494,0.0,0.0,0.0,0.0
24_17_01.bmp,2.888888888888889,0.055555556,0.23570226,0.388888889,0.501631326,0.166666667,0.383482494,0.0,0.0,0.111111111,0.323380833,0.0,0.0,0.055555556,0.23570226
07_13_04.bmp,2.5,0.111111111,0.323380833,0.277777778,0.460888599,0.888888889,0.323380833,0.055555556,0.23570226,0.111111111,0.323380833,0.0,0.0,0.055555556,0.23570226
16_25_02.bmp,2.888888888888889,0.055555556,0.23570226,0.055555556,0.23570226,0.0,0.0,0.055555556,0.23570226,0.333333333,0.48507125,0.222222222,0.427792632,0.833333333,0.383482494
28_19_03.bmp,2.7777777777777777,0.111111111,0.323380833,0.555555556,0.511309993,0.277777778,0.460888599,0.055555556,0.23570226,0.222222222,0.427792632,0.055555556,0.23570226,0.0,0.0
29_17_02.bmp,2.611111111111111,0.166666667,0.383482494,0.5,0.514495755,0.0,0.0,0.055555556,0.23570226,0.222222222,0.427792632,0.166666667,0.383482494,0.222222222,0.427792632
32_23_01.bmp,2.611111111111111,0.166666667,0.383482494,0.277777778,0.460888599,0.0,0.0,0.555555556,0.511309993,0.333333333,0.48507125,0.055555556,0.23570226,0.055555556,0.23570226
10_04_04.bmp,2.388888888888889,0.333333333,0.48507125,0.277777778,0.460888599,0.055555556,0.23570226,0.166666667,0.383482494,0.333333333,0.48507125,0.388888889,0.501631326,0.111111111,0.323380833
09_10_01.bmp,3.2777777777777777,0.388888889,0.501631326,0.277777778,0.460888599,0.166666667,0.383482494,0.055555556,0.23570226,0.111111111,0.323380833,0.0,0.0,0.0,0.0
0951.jpg,2.888888888888889,0.0,0.0,0.388888889,0.501631326,0.0,0.0,0.611111111,0.501631326,0.166666667,0.383482494,0.055555556,0.23570226,0.055555556,0.23570226
02_22_04.bmp,1.8888888888888888,0.444444444,0.511309993,0.777777778,0.427792632,0.0,0.0,0.055555556,0.23570226,0.333333333,0.48507125,0.111111111,0.323380833,0.0,0.0
08_10_04.bmp,2.611111111111111,0.777777778,0.427792632,0.055555556,0.23570226,0.0,0.0,0.0,0.0,0.111111111,0.323380833,0.055555556,0.23570226,0.0,0.0
03_12_04.bmp,2.6666666666666665,0.722222222,0.460888599,0.166666667,0.383482494,0.111111111,0.323380833,0.055555556,0.23570226,0.166666667,0.383482494,0.055555556,0.23570226,0.055555556,0.23570226
32_24_05.bmp,1.5,0.0,0.0,0.888888889,0.323380833,0.055555556,0.23570226,0.055555556,0.23570226,0.277777778,0.460888599,0.0,0.0,0.0,0.0
06_24_04.bmp,1.6111111111111112,0.055555556,0.23570226,0.888888889,0.323380833,0.111111111,0.323380833,0.0,0.0,0.055555556,0.23570226,0.055555556,0.23570226,0.055555556,0.23570226
11_07_02.bmp,2.5,0.166666667,0.383482494,0.666666667,0.48507125,0.055555556,0.23570226,0.055555556,0.23570226,0.277777778,0.460888599,0.055555556,0.23570226,0.0,0.0
09_24_01.bmp,2.833333333333333,0.111111111,0.323380833,0.666666667,0.48507125,0.222222222,0.427792632,0.111111111,0.323380833,0.111111111,0.323380833,0.0,0.0,0.0,0.0
23_21_02.bmp,2.4444444444444446,0.055555556,0.23570226,0.166666667,0.383482494,0.777777778,0.427792632,0.111111111,0.323380833,0.055555556,0.23570226,0.0,0.0,0.0,0.0
24_13_05.bmp,2.055555555555556,0.111111111,0.323380833,0.222222222,0.427792632,0.833333333,0.383482494,0.055555556,0.23570226,0.0,0.0,0.0,0.0,0.0,0.0
0571.jpg,3.4444444444444446,0.055555556,0.23570226,0.166666667,0.383482494,0.0,0.0,0.055555556,0.23570226,0.611111111,0.501631326,0.0,0.0,0.055555556,0.23570226
09_24_03.bmp,1.9444444444444444,0.111111111,0.323380833,0.888888889,0.323380833,0.055555556,0.23570226,0.0,0.0,0.111111111,0.323380833,0.055555556,0.23570226,0.0,0.0
01385.jpg,3.5,0.0,0.0,0.722222222,0.460888599,0.111111111,0.323380833,0.0,0.0,0.0,0.0,0.0,0.0,0.111111111,0.323380833
10_16_01.bmp,2.9444444444444446,0.0,0.0,0.333333333,0.48507125,0.388888889,0.501631326,0.055555556,0.23570226,0.333333333,0.48507125,0.166666667,0.383482494,0.0,0.0
34_02_05.bmp,1.2222222222222223,0.0,0.0,0.888888889,0.323380833,0.111111111,0.323380833,0.0,0.0,0.111111111,0.323380833,0.055555556,0.23570226,0.0,0.0
17_08_02.bmp,2.888888888888889,0.333333333,0.48507125,0.666666667,0.48507125,0.0,0.0,0.0,0.0,0.222222222,0.427792632,0.111111111,0.323380833,0.055555556,0.23570226
1073.jpg,3.2222222222222223,0.055555556,0.23570226,0.444444444,0.511309993,0.0,0.0,0.388888889,0.501631326,0.111111111,0.323380833,0.055555556,0.23570226,0.055555556,0.23570226
13_19_04.bmp,3.333333333333333,0.055555556,0.23570226,0.111111111,0.323380833,0.555555556,0.511309993,0.0,0.0,0.111111111,0.323380833,0.111111111,0.323380833,0.0,0.0
02_17_05.bmp,2.2222222222222223,0.0,0.0,0.444444444,0.511309993,0.0,0.0,0.0,0.0,0.611111111,0.501631326,0.055555556,0.23570226,0.388888889,0.501631326
34_01_04.bmp,1.8333333333333333,0.0,0.0,0.888888889,0.323380833,0.222222222,0.427792632,0.0,0.0,0.222222222,0.427792632,0.0,0.0,0.055555556,0.23570226
20_20_02.bmp,2.388888888888889,0.5,0.514495755,0.277777778,0.460888599,0.166666667,0.383482494,0.277777778,0.460888599,0.111111111,0.323380833,0.055555556,0.23570226,0.055555556,0.23570226
0805.jpg,3.5,0.111111111,0.323380833,0.444444444,0.511309993,0.0,0.0,0.055555556,0.23570226,0.166666667,0.383482494,0.0,0.0,0.055555556,0.23570226
20_15_01.bmp,1.4444444444444444,0.055555556,0.23570226,0.222222222,0.427792632,0.833333333,0.383482494,0.0,0.0,0.055555556,0.23570226,0.055555556,0.23570226,0.0,0.0
21_11_02.bmp,3.2222222222222223,0.5,0.514495755,0.222222222,0.427792632,0.0,0.0,0.0,0.0,0.0,0.0,0.055555556,0.23570226,0.055555556,0.23570226
36_19_01.bmp,3.2777777777777777,0.111111111,0.323380833,0.611111111,0.501631326,0.166666667,0.383482494,0.0,0.0,0.0,0.0,0.0,0.0,0.055555556,0.23570226
12_17_01.bmp,3.333333333333333,0.277777778,0.460888599,0.333333333,0.48507125,0.055555556,0.23570226,0.0,0.0,0.166666667,0.383482494,0.0,0.0,0.166666667,0.383482494
0875.jpg,3.6666666666666665,0.055555556,0.23570226,0.444444444,0.511309993,0.0,0.0,0.055555556,0.23570226,0.111111111,0.323380833,0.0,0.0,0.0,0.0
32_19_03.bmp,2.2777777777777777,0.333333333,0.48507125,0.444444444,0.511309993,0.222222222,0.427792632,0.0,0.0,0.388888889,0.501631326,0.111111111,0.323380833,0.055555556,0.23570226
16_06_02.bmp,2.2777777777777777,0.277777778,0.460888599,0.111111111,0.323380833,0.222222222,0.427792632,0.111111111,0.323380833,0.277777778,0.460888599,0.555555556,0.511309993,0.111111111,0.323380833
09_03_02.bmp,3.333333333333333,0.166666667,0.383482494,0.722222222,0.460888599,0.111111111,0.323380833,0.055555556,0.23570226,0.111111111,0.323380833,0.0,0.0,0.0,0.0
37_12_03.bmp,3.055555555555556,0.611111111,0.501631326,0.5,0.514495755,0.0,0.0,0.055555556,0.23570226,0.055555556,0.23570226,0.055555556,0.23570226,0.0,0.0
12_03_03.bmp,2.6666666666666665,0.055555556,0.23570226,0.777777778,0.427792632,0.111111111,0.323380833,0.055555556,0.23570226,0.055555556,0.23570226,0.0,0.0,0.055555556,0.23570226
22_18_03.bmp,2.2222222222222223,0.111111111,0.323380833,0.777777778,0.427792632,0.0,0.0,0.0,0.0,0.111111111,0.323380833,0.166666667,0.383482494,0.055555556,0.23570226
14_10_01.bmp,3.2222222222222223,0.444444444,0.511309993,0.444444444,0.511309993,0.055555556,0.23570226,0.0,0.0,0.0,0.0,0.055555556,0.23570226,0.111111111,0.323380833
24_25_03.bmp,2.5,0.0,0.0,0.055555556,0.23570226,0.0,0.0,0.055555556,0.23570226,0.055555556,0.23570226,0.0,0.0,0.888888889,0.323380833
18_14_01.bmp,3.333333333333333,0.166666667,0.383482494,0.333333333,0.48507125,0.055555556,0.23570226,0.166666667,0.383482494,0.0,0.0,0.0,0.0,0.111111111,0.323380833
10_20_05.bmp,1.7222222222222223,0.444444444,0.511309993,0.222222222,0.427792632,0.333333333,0.48507125,0.055555556,0.23570226,0.222222222,0.427792632,0.111111111,0.323380833,0.055555556,0.23570226
22_24_01.bmp,2.9444444444444446,0.111111111,0.323380833,0.777777778,0.427792632,0.0,0.0,0.055555556,0.23570226,0.055555556,0.23570226,0.111111111,0.323380833,0.055555556,0.23570226
32_05_05.bmp,1.5,0.333333333,0.48507125,0.666666667,0.48507125,0.111111111,0.323380833,0.111111111,0.323380833,0.388888889,0.501631326,0.055555556,0.23570226,0.0,0.0
26_18_01.bmp,3.2222222222222223,0.111111111,0.323380833,0.5,0.514495755,0.222222222,0.427792632,0.0,0.0,0.055555556,0.23570226,0.055555556,0.23570226,0.166666667,0.383482494
13_21_04.bmp,2.888888888888889,0.111111111,0.323380833,0.333333333,0.48507125,0.111111111,0.323380833,0.333333333,0.48507125,0.111111111,0.323380833,0.0,0.0,0.055555556,0.23570226
30_07_01.bmp,3.555555555555556,0.111111111,0.323380833,0.333333333,0.48507125,0.055555556,0.23570226,0.111111111,0.323380833,0.333333333,0.48507125,0.055555556,0.23570226,0.0,0.0
12_20_04.bmp,2.111111111111111,0.388888889,0.501631326,0.277777778,0.460888599,0.277777778,0.460888599,0.277777778,0.460888599,0.055555556,0.23570226,0.055555556,0.23570226,0.0,0.0
0665.jpg,3.4444444444444446,0.111111111,0.323380833,0.611111111,0.501631326,0.0,0.0,0.055555556,0.23570226,0.111111111,0.323380833,0.055555556,0.23570226,0.055555556,0.23570226
28_15_03.bmp,3.2777777777777777,0.055555556,0.23570226,0.388888889,0.501631326,0.222222222,0.427792632,0.0,0.0,0.111111111,0.323380833,0.111111111,0.323380833,0.055555556,0.23570226
26_09_03.bmp,3.111111111111111,0.5,0.514495755,0.166666667,0.383482494,0.111111111,0.323380833,0.0,0.0,0.055555556,0.23570226,0.0,0.0,0.0,0.0
14_16_03.bmp,2.7222222222222223,0.0,0.0,0.555555556,0.511309993,0.166666667,0.383482494,0.111111111,0.323380833,0.0,0.0,0.111111111,0.323380833,0.111111111,0.323380833
27_21_01.bmp,2.055555555555556,0.111111111,0.323380833,0.277777778,0.460888599,0.388888889,0.501631326,0.277777778,0.460888599,0.277777778,0.460888599,0.0,0.0,0.055555556,0.23570226
0527.jpg,3.388888888888889,0.111111111,0.323380833,0.333333333,0.48507125,0.055555556,0.23570226,0.333333333,0.48507125,0.444444444,0.511309993,0.0,0.0,0.111111111,0.323380833
11_09_01.bmp,3.055555555555556,0.555555556,0.511309993,0.333333333,0.48507125,0.0,0.0,0.111111111,0.323380833,0.277777778,0.460888599,0.055555556,0.23570226,0.0,0.0
0768.jpg,2.9444444444444446,0.055555556,0.23570226,0.388888889,0.501631326,0.0,0.0,0.0,0.0,0.333333333,0.48507125,0.444444444,0.511309993,0.055555556,0.23570226
01425.jpg,3.9444444444444446,0.0,0.0,0.444444444,0.511309993,0.111111111,0.323380833,0.0,0.0,0.055555556,0.23570226,0.0,0.0,0.0,0.0
13_01_01.bmp,4.111111111111111,0.055555556,0.23570226,0.166666667,0.383482494,0.166666667,0.383482494,0.0,0.0,0.222222222,0.427792632,0.0,0.0,0.055555556,0.23570226
23_21_05.bmp,1.5555555555555556,0.111111111,0.323380833,0.277777778,0.460888599,0.055555556,0.23570226,0.888888889,0.323380833,0.166666667,0.383482494,0.0,0.0,0.0,0.0
25_22_03.bmp,1.7777777777777777,0.333333333,0.48507125,0.833333333,0.383482494,0.055555556,0.23570226,0.055555556,0.23570226,0.111111111,0.323380833,0.0,0.0,0.0,0.0
05_03_02.bmp,2.9444444444444446,0.055555556,0.23570226,0.722222222,0.460888599,0.111111111,0.323380833,0.0,0.0,0.0,0.0,0.055555556,0.23570226,0.111111111,0.323380833
21_15_03.bmp,3.388888888888889,0.055555556,0.23570226,0.388888889,0.501631326,0.166666667,0.383482494,0.055555556,0.23570226,0.0,0.0,0.0,0.0,0.0,0.0
0767.jpg,3.1666666666666665,0.055555556,0.23570226,0.444444444,0.511309993,0.0,0.0,0.0,0.0,0.388888889,0.501631326,0.222222222,0.427792632,0.055555556,0.23570226
21_05_03.bmp,2.1666666666666665,0.111111111,0.323380833,0.833333333,0.383482494,0.111111111,0.323380833,0.0,0.0,0.055555556,0.23570226,0.0,0.0,0.0,0.0
05_16_03.bmp,2.7222222222222223,0.222222222,0.427792632,0.611111111,0.501631326,0.166666667,0.383482494,0.055555556,0.23570226,0.0,0.0,0.111111111,0.323380833,0.0,0.0
17_14_02.bmp,3.055555555555556,0.111111111,0.323380833,0.333333333,0.48507125,0.055555556,0.23570226,0.166666667,0.383482494,0.166666667,0.383482494,0.111111111,0.323380833,0.055555556,0.23570226
0555.jpg,2.833333333333333,0.111111111,0.323380833,0.333333333,0.48507125,0.0,0.0,0.055555556,0.23570226,0.722222222,0.460888599,0.0,0.0,0.055555556,0.23570226
05_05_03.bmp,2.2222222222222223,0.444444444,0.511309993,0.5,0.514495755,0.111111111,0.323380833,0.0,0.0,0.055555556,0.23570226,0.055555556,0.23570226,0.055555556,0.23570226
31_07_05.bmp,1.3888888888888888,0.111111111,0.323380833,0.833333333,0.383482494,0.055555556,0.23570226,0.0,0.0,0.111111111,0.323380833,0.055555556,0.23570226,0.0,0.0
17_12_03.bmp,2.555555555555556,0.666666667,0.48507125,0.277777778,0.460888599,0.055555556,0.23570226,0.0,0.0,0.222222222,0.427792632,0.111111111,0.323380833,0.0,0.0
1089.jpg,3.4444444444444446,0.055555556,0.23570226,0.555555556,0.511309993,0.0,0.0,0.0,0.0,0.0,0.0,0.055555556,0.23570226,0.0,0.0
01_21_01.bmp,2.7222222222222223,0.055555556,0.23570226,0.666666667,0.48507125,0.277777778,0.460888599,0.055555556,0.23570226,0.055555556,0.23570226,0.0,0.0,0.055555556,0.23570226
07_07_02.bmp,2.6666666666666665,0.277777778,0.460888599,0.611111111,0.501631326,0.055555556,0.23570226,0.055555556,0.23570226,0.055555556,0.23570226,0.055555556,0.23570226,0.055555556,0.23570226
0777.jpg,3.611111111111111,0.0,0.0,0.444444444,0.511309993,0.0,0.0,0.0,0.0,0.111111111,0.323380833,0.055555556,0.23570226,0.111111111,0.323380833
28_04_02.bmp,3.055555555555556,0.166666667,0.383482494,0.444444444,0.511309993,0.277777778,0.460888599,0.055555556,0.23570226,0.166666667,0.383482494,0.111111111,0.323380833,0.0,0.0
07_21_04.bmp,2.833333333333333,0.277777778,0.460888599,0.555555556,0.511309993,0.0,0.0,0.333333333,0.48507125,0.055555556,0.23570226,0.055555556,0.23570226,0.0,0.0
02_20_05.bmp,1.5555555555555556,0.555555556,0.511309993,0.333333333,0.48507125,0.444444444,0.511309993,0.166666667,0.383482494,0.222222222,0.427792632,0.055555556,0.23570226,0.0,0.0
36_01_04.bmp,1.7777777777777777,0.055555556,0.23570226,1.0,0.0,0.111111111,0.323380833,0.055555556,0.23570226,0.0,0.0,0.055555556,0.23570226,0.055555556,0.23570226
01247.jpg,3.5,0.0,0.0,0.333333333,0.48507125,0.0,0.0,0.333333333,0.48507125,0.722222222,0.460888599,0.055555556,0.23570226,0.0,0.0
0690.jpg,3.388888888888889,0.055555556,0.23570226,0.333333333,0.48507125,0.0,0.0,0.0,0.0,0.333333333,0.48507125,0.055555556,0.23570226,0.111111111,0.323380833
37_14_01.bmp,3.333333333333333,0.111111111,0.323380833,0.444444444,0.511309993,0.055555556,0.23570226,0.388888889,0.501631326,0.055555556,0.23570226,0.055555556,0.23570226,0.0,0.0
0582.jpg,3.1666666666666665,0.055555556,0.23570226,0.333333333,0.48507125,0.0,0.0,0.055555556,0.23570226,0.611111111,0.501631326,0.111111111,0.323380833,0.055555556,0.23570226
19_18_05.bmp,1.7222222222222223,0.111111111,0.323380833,0.722222222,0.460888599,0.055555556,0.23570226,0.0,0.0,0.166666667,0.383482494,0.111111111,0.323380833,0.111111111,0.323380833
23_10_05.bmp,2.111111111111111,0.722222222,0.460888599,0.333333333,0.48507125,0.111111111,0.323380833,0.0,0.0,0.222222222,0.427792632,0.0,0.0,0.055555556,0.23570226
08_15_02.bmp,3.1666666666666665,0.166666667,0.383482494,0.166666667,0.383482494,0.555555556,0.511309993,0.055555556,0.23570226,0.055555556,0.23570226,0.0,0.0,0.0,0.0
0372.jpg,2.1666666666666665,0.055555556,0.23570226,0.833333333,0.383482494,0.055555556,0.23570226,0.166666667,0.383482494,0.0,0.0,0.0,0.0,0.055555556,0.23570226
31_01_03.bmp,2.833333333333333,0.0,0.0,0.833333333,0.383482494,0.0,0.0,0.055555556,0.23570226,0.222222222,0.427792632,0.0,0.0,0.055555556,0.23570226
28_25_03.bmp,2.4444444444444446,0.055555556,0.23570226,0.111111111,0.323380833,0.055555556,0.23570226,0.055555556,0.23570226,0.166666667,0.383482494,0.055555556,0.23570226,0.833333333,0.383482494
1054.jpg,3.611111111111111,0.055555556,0.23570226,0.222222222,0.427792632,0.055555556,0.23570226,0.444444444,0.511309993,0.111111111,0.323380833,0.055555556,0.23570226,0.055555556,0.23570226
09_17_03.bmp,2.611111111111111,0.166666667,0.383482494,0.444444444,0.511309993,0.055555556,0.23570226,0.0,0.0,0.222222222,0.427792632,0.111111111,0.323380833,0.222222222,0.427792632
28_20_02.bmp,2.7222222222222223,0.444444444,0.511309993,0.611111111,0.501631326,0.166666667,0.383482494,0.0,0.0,0.166666667,0.383482494,0.055555556,0.23570226,0.055555556,0.23570226
16_04_04.bmp,2.2222222222222223,0.222222222,0.427792632,0.166666667,0.383482494,0.222222222,0.427792632,0.055555556,0.23570226,0.277777778,0.460888599,0.388888889,0.501631326,0.166666667,0.383482494
20_25_01.bmp,3.111111111111111,0.111111111,0.323380833,0.277777778,0.460888599,0.055555556,0.23570226,0.055555556,0.23570226,0.055555556,0.23570226,0.055555556,0.23570226,0.5,0.514495755
27_12_01.bmp,3.388888888888889,0.222222222,0.427792632,0.388888889,0.501631326,0.111111111,0.323380833,0.055555556,0.23570226,0.444444444,0.511309993,0.111111111,0.323380833,0.0,0.0
22_10_01.bmp,3.2222222222222223,0.111111111,0.323380833,0.5,0.514495755,0.055555556,0.23570226,0.0,0.0,0.111111111,0.323380833,0.166666667,0.383482494,0.0,0.0
15_11_01.bmp,3.333333333333333,0.5,0.514495755,0.222222222,0.427792632,0.0,0.0,0.0,0.0,0.277777778,0.460888599,0.0,0.0,0.055555556,0.23570226
01414.jpg,3.5,0.111111111,0.323380833,0.555555556,0.511309993,0.111111111,0.323380833,0.0,0.0,0.0,0.0,0.0,0.0,0.0,0.0
0349.jpg,3.555555555555556,0.111111111,0.323380833,0.555555556,0.511309993,0.055555556,0.23570226,0.0,0.0,0.0,0.0,0.0,0.0,0.0,0.0
21_06_02.bmp,3.055555555555556,0.222222222,0.427792632,0.5,0.514495755,0.166666667,0.383482494,0.111111111,0.323380833,0.055555556,0.23570226,0.055555556,0.23570226,0.0,0.0
21_06_03.bmp,2.7222222222222223,0.388888889,0.501631326,0.388888889,0.501631326,0.166666667,0.383482494,0.055555556,0.23570226,0.055555556,0.23570226,0.111111111,0.323380833,0.0,0.0
15_17_02.bmp,2.833333333333333,0.166666667,0.383482494,0.388888889,0.501631326,0.0,0.0,0.055555556,0.23570226,0.388888889,0.501631326,0.111111111,0.323380833,0.166666667,0.383482494
1041.jpg,3.2777777777777777,0.0,0.0,0.555555556,0.511309993,0.0,0.0,0.5,0.514495755,0.111111111,0.323380833,0.055555556,0.23570226,0.0,0.0
32_10_05.bmp,2.2222222222222223,0.833333333,0.383482494,0.388888889,0.501631326,0.055555556,0.23570226,0.055555556,0.23570226,0.388888889,0.501631326,0.055555556,0.23570226,0.0,0.0
01177.jpg,4.611111111111111,0.166666667,0.383482494,0.0,0.0,0.0,0.0,0.0,0.0,0.055555556,0.23570226,0.055555556,0.23570226,0.0,0.0
03_09_03.bmp,2.6666666666666665,0.666666667,0.48507125,0.166666667,0.383482494,0.166666667,0.383482494,0.0,0.0,0.222222222,0.427792632,0.0,0.0,0.055555556,0.23570226
0270.jpg,1.8333333333333333,0.166666667,0.383482494,0.388888889,0.501631326,0.0,0.0,0.833333333,0.383482494,0.055555556,0.23570226,0.055555556,0.23570226,0.0,0.0
0478.jpg,3.2222222222222223,0.0,0.0,0.444444444,0.511309993,0.055555556,0.23570226,0.111111111,0.323380833,0.611111111,0.501631326,0.055555556,0.23570226,0.0,0.0
12_06_04.bmp,2.1666666666666665,0.388888889,0.501631326,0.222222222,0.427792632,0.277777778,0.460888599,0.111111111,0.323380833,0.0,0.0,0.222222222,0.427792632,0.055555556,0.23570226
09_15_01.bmp,2.5,0.111111111,0.323380833,0.277777778,0.460888599,0.833333333,0.383482494,0.055555556,0.23570226,0.111111111,0.323380833,0.0,0.0,0.0,0.0
36_01_05.bmp,1.5,0.0,0.0,0.944444444,0.23570226,0.166666667,0.383482494,0.055555556,0.23570226,0.0,0.0,0.0,0.0,0.0,0.0
37_02_01.bmp,3.555555555555556,0.055555556,0.23570226,0.5,0.514495755,0.0,0.0,0.111111111,0.323380833,0.111111111,0.323380833,0.111111111,0.323380833,0.0,0.0
12_18_03.bmp,2.5,0.111111111,0.323380833,0.777777778,0.427792632,0.055555556,0.23570226,0.055555556,0.23570226,0.055555556,0.23570226,0.111111111,0.323380833,0.0,0.0
0152.jpg,1.9444444444444444,0.055555556,0.23570226,0.388888889,0.501631326,0.833333333,0.383482494,0.0,0.0,0.277777778,0.460888599,0.055555556,0.23570226,0.0,0.0
20_11_03.bmp,2.7222222222222223,0.777777778,0.427792632,0.277777778,0.460888599,0.111111111,0.323380833,0.0,0.0,0.055555556,0.23570226,0.111111111,0.323380833,0.0,0.0
06_04_05.bmp,2.4444444444444446,0.388888889,0.501631326,0.111111111,0.323380833,0.222222222,0.427792632,0.111111111,0.323380833,0.055555556,0.23570226,0.222222222,0.427792632,0.055555556,0.23570226
18_04_03.bmp,2.7777777777777777,0.388888889,0.501631326,0.222222222,0.427792632,0.166666667,0.383482494,0.111111111,0.323380833,0.0,0.0,0.055555556,0.23570226,0.166666667,0.383482494
06_18_01.bmp,2.611111111111111,0.222222222,0.427792632,0.611111111,0.501631326,0.055555556,0.23570226,0.0,0.0,0.055555556,0.23570226,0.277777778,0.460888599,0.222222222,0.427792632
01410.jpg,3.7222222222222223,0.0,0.0,0.5,0.514495755,0.111111111,0.323380833,0.0,0.0,0.055555556,0.23570226,0.0,0.0,0.111111111,0.323380833
24_18_01.bmp,2.888888888888889,0.055555556,0.23570226,0.666666667,0.48507125,0.166666667,0.383482494,0.0,0.0,0.0,0.0,0.055555556,0.23570226,0.055555556,0.23570226
06_02_01.bmp,3.2222222222222223,0.111111111,0.323380833,0.555555556,0.511309993,0.055555556,0.23570226,0.0,0.0,0.0,0.0,0.055555556,0.23570226,0.111111111,0.323380833
03_15_03.bmp,3.4444444444444446,0.055555556,0.23570226,0.222222222,0.427792632,0.166666667,0.383482494,0.111111111,0.323380833,0.111111111,0.323380833,0.0,0.0,0.055555556,0.23570226
13_10_05.bmp,2.055555555555556,0.833333333,0.383482494,0.166666667,0.383482494,0.055555556,0.23570226,0.055555556,0.23570226,0.222222222,0.427792632,0.0,0.0,0.0,0.0
15_22_05.bmp,1.8333333333333333,0.277777778,0.460888599,0.722222222,0.460888599,0.0,0.0,0.111111111,0.323380833,0.166666667,0.383482494,0.0,0.0,0.0,0.0
0459.jpg,2.6666666666666665,0.111111111,0.323380833,0.388888889,0.501631326,0.0,0.0,0.055555556,0.23570226,0.777777778,0.427792632,0.055555556,0.23570226,0.055555556,0.23570226
27_02_03.bmp,2.2777777777777777,0.0,0.0,0.777777778,0.427792632,0.0,0.0,0.111111111,0.323380833,0.5,0.514495755,0.0,0.0,0.0,0.0
34_01_03.bmp,2.611111111111111,0.055555556,0.23570226,0.833333333,0.383482494,0.277777778,0.460888599,0.055555556,0.23570226,0.111111111,0.323380833,0.0,0.0,0.055555556,0.23570226
06_04_03.bmp,3.2222222222222223,0.333333333,0.48507125,0.222222222,0.427792632,0.166666667,0.383482494,0.0,0.0,0.055555556,0.23570226,0.222222222,0.427792632,0.055555556,0.23570226
30_18_04.bmp,2.7222222222222223,0.055555556,0.23570226,0.666666667,0.48507125,0.0,0.0,0.0,0.0,0.277777778,0.460888599,0.055555556,0.23570226,0.055555556,0.23570226
09_06_04.bmp,1.8333333333333333,0.222222222,0.427792632,0.5,0.514495755,0.166666667,0.383482494,0.111111111,0.323380833,0.222222222,0.427792632,0.166666667,0.383482494,0.055555556,0.23570226
10_18_01.bmp,2.611111111111111,0.0,0.0,0.555555556,0.511309993,0.055555556,0.23570226,0.055555556,0.23570226,0.444444444,0.511309993,0.222222222,0.427792632,0.166666667,0.383482494
18_06_04.bmp,2.055555555555556,0.444444444,0.511309993,0.444444444,0.511309993,0.166666667,0.383482494,0.055555556,0.23570226,0.111111111,0.323380833,0.166666667,0.383482494,0.111111111,0.323380833
07_11_02.bmp,2.7777777777777777,0.777777778,0.427792632,0.388888889,0.501631326,0.111111111,0.323380833,0.0,0.0,0.111111111,0.323380833,0.055555556,0.23570226,0.055555556,0.23570226
10_09_05.bmp,1.9444444444444444,0.777777778,0.427792632,0.333333333,0.48507125,0.0,0.0,0.0,0.0,0.333333333,0.48507125,0.166666667,0.383482494,0.0,0.0
07_05_01.bmp,3.333333333333333,0.055555556,0.23570226,0.555555556,0.511309993,0.166666667,0.383482494,0.0,0.0,0.166666667,0.383482494,0.0,0.0,0.111111111,0.323380833
18_03_03.bmp,2.611111111111111,0.111111111,0.323380833,0.777777778,0.427792632,0.055555556,0.23570226,0.055555556,0.23570226,0.0,0.0,0.0,0.0,0.055555556,0.23570226
03_16_01.bmp,3.611111111111111,0.0,0.0,0.222222222,0.427792632,0.111111111,0.323380833,0.0,0.0,0.111111111,0.323380833,0.055555556,0.23570226,0.055555556,0.23570226
31_19_03.bmp,2.7777777777777777,0.277777778,0.460888599,0.555555556,0.511309993,0.333333333,0.48507125,0.0,0.0,0.166666667,0.383482494,0.055555556,0.23570226,0.055555556,0.23570226
18_08_02.bmp,3.0,0.388888889,0.501631326,0.555555556,0.511309993,0.055555556,0.23570226,0.0,0.0,0.0,0.0,0.0,0.0,0.111111111,0.323380833
08_16_03.bmp,3.611111111111111,0.388888889,0.501631326,0.277777778,0.460888599,0.111111111,0.323380833,0.0,0.0,0.0,0.0,0.055555556,0.23570226,0.055555556,0.23570226
32_25_01.bmp,2.7222222222222223,0.055555556,0.23570226,0.277777778,0.460888599,0.055555556,0.23570226,0.055555556,0.23570226,0.277777778,0.460888599,0.055555556,0.23570226,0.888888889,0.323380833
0660.jpg,3.555555555555556,0.166666667,0.383482494,0.333333333,0.48507125,0.0,0.0,0.055555556,0.23570226,0.055555556,0.23570226,0.055555556,0.23570226,0.111111111,0.323380833
22_05_01.bmp,3.4444444444444446,0.222222222,0.427792632,0.5,0.514495755,0.055555556,0.23570226,0.0,0.0,0.111111111,0.323380833,0.222222222,0.427792632,0.0,0.0
06_12_04.bmp,2.555555555555556,0.777777778,0.427792632,0.166666667,0.383482494,0.166666667,0.383482494,0.055555556,0.23570226,0.055555556,0.23570226,0.055555556,0.23570226,0.055555556,0.23570226
0107.jpg,3.111111111111111,0.0,0.0,0.333333333,0.48507125,0.833333333,0.383482494,0.0,0.0,0.111111111,0.323380833,0.055555556,0.23570226,0.0,0.0
04_11_04.bmp,2.388888888888889,0.777777778,0.427792632,0.388888889,0.501631326,0.055555556,0.23570226,0.0,0.0,0.277777778,0.460888599,0.055555556,0.23570226,0.0,0.0
19_05_04.bmp,2.1666666666666665,0.444444444,0.511309993,0.611111111,0.501631326,0.055555556,0.23570226,0.055555556,0.23570226,0.111111111,0.323380833,0.111111111,0.323380833,0.055555556,0.23570226
0088.jpg,1.8888888888888888,0.0,0.0,0.5,0.514495755,1.0,0.0,0.0,0.0,0.0,0.0,0.0,0.0,0.055555556,0.23570226
37_09_05.bmp,2.333333333333333,0.888888889,0.323380833,0.277777778,0.460888599,0.0,0.0,0.0,0.0,0.055555556,0.23570226,0.055555556,0.23570226,0.055555556,0.23570226
19_04_01.bmp,3.555555555555556,0.111111111,0.323380833,0.333333333,0.48507125,0.111111111,0.323380833,0.0,0.0,0.055555556,0.23570226,0.166666667,0.383482494,0.111111111,0.323380833
37_11_05.bmp,2.2222222222222223,0.833333333,0.383482494,0.388888889,0.501631326,0.055555556,0.23570226,0.055555556,0.23570226,0.055555556,0.23570226,0.055555556,0.23570226,0.0,0.0
37_03_05.bmp,2.2222222222222223,0.055555556,0.23570226,0.833333333,0.383482494,0.0,0.0,0.055555556,0.23570226,0.055555556,0.23570226,0.055555556,0.23570226,0.0,0.0
31_17_05.bmp,2.055555555555556,0.111111111,0.323380833,0.666666667,0.48507125,0.0,0.0,0.0,0.0,0.277777778,0.460888599,0.111111111,0.323380833,0.166666667,0.383482494
03_15_04.bmp,3.7777777777777777,0.055555556,0.23570226,0.166666667,0.383482494,0.111111111,0.323380833,0.111111111,0.323380833,0.111111111,0.323380833,0.0,0.0,0.055555556,0.23570226
01_18_03.bmp,2.2222222222222223,0.055555556,0.23570226,0.777777778,0.427792632,0.222222222,0.427792632,0.055555556,0.23570226,0.055555556,0.23570226,0.111111111,0.323380833,0.0,0.0
05_16_05.bmp,1.3888888888888888,0.333333333,0.48507125,0.833333333,0.383482494,0.0,0.0,0.055555556,0.23570226,0.055555556,0.23570226,0.055555556,0.23570226,0.0,0.0
0831.jpg,3.333333333333333,0.055555556,0.23570226,0.5,0.514495755,0.055555556,0.23570226,0.0,0.0,0.222222222,0.427792632,0.055555556,0.23570226,0.055555556,0.23570226
0310.jpg,2.555555555555556,0.111111111,0.323380833,0.888888889,0.323380833,0.055555556,0.23570226,0.111111111,0.323380833,0.166666667,0.383482494,0.0,0.0,0.0,0.0
33_07_05.bmp,1.5,0.0,0.0,0.944444444,0.23570226,0.0,0.0,0.0,0.0,0.333333333,0.48507125,0.055555556,0.23570226,0.0,0.0
35_06_05.bmp,1.3333333333333333,0.444444444,0.511309993,0.555555556,0.511309993,0.166666667,0.383482494,0.055555556,0.23570226,0.055555556,0.23570226,0.166666667,0.383482494,0.055555556,0.23570226
01_23_01.bmp,3.0,0.055555556,0.23570226,0.555555556,0.511309993,0.055555556,0.23570226,0.777777778,0.427792632,0.0,0.0,0.055555556,0.23570226,0.111111111,0.323380833
25_07_04.bmp,1.7222222222222223,0.166666667,0.383482494,0.777777778,0.427792632,0.055555556,0.23570226,0.0,0.0,0.111111111,0.323380833,0.0,0.0,0.0,0.0
16_17_05.bmp,2.2777777777777777,0.111111111,0.323380833,0.388888889,0.501631326,0.0,0.0,0.0,0.0,0.444444444,0.511309993,0.5,0.514495755,0.055555556,0.23570226
1044.jpg,3.333333333333333,0.055555556,0.23570226,0.444444444,0.511309993,0.0,0.0,0.555555556,0.511309993,0.055555556,0.23570226,0.055555556,0.23570226,0.055555556,0.23570226
13_20_05.bmp,2.111111111111111,0.611111111,0.501631326,0.111111111,0.323380833,0.111111111,0.323380833,0.222222222,0.427792632,0.111111111,0.323380833,0.111111111,0.323380833,0.111111111,0.323380833
09_23_02.bmp,3.0,0.055555556,0.23570226,0.111111111,0.323380833,0.0,0.0,0.777777778,0.427792632,0.111111111,0.323380833,0.055555556,0.23570226,0.055555556,0.23570226
0847.jpg,3.4444444444444446,0.111111111,0.323380833,0.444444444,0.511309993,0.0,0.0,0.0,0.0,0.388888889,0.501631326,0.055555556,0.23570226,0.055555556,0.23570226
0863.jpg,3.5,0.055555556,0.23570226,0.444444444,0.511309993,0.0,0.0,0.0,0.0,0.222222222,0.427792632,0.055555556,0.23570226,0.0,0.0
27_06_04.bmp,2.333333333333333,0.222222222,0.427792632,0.5,0.514495755,0.222222222,0.427792632,0.0,0.0,0.444444444,0.511309993,0.166666667,0.383482494,0.0,0.0
15_10_02.bmp,2.7777777777777777,0.666666667,0.48507125,0.166666667,0.383482494,0.055555556,0.23570226,0.0,0.0,0.222222222,0.427792632,0.0,0.0,0.111111111,0.323380833
01460.jpg,3.2777777777777777,0.055555556,0.23570226,0.555555556,0.511309993,0.222222222,0.427792632,0.055555556,0.23570226,0.0,0.0,0.055555556,0.23570226,0.388888889,0.501631326
30_22_03.bmp,2.5,0.111111111,0.323380833,0.777777778,0.427792632,0.055555556,0.23570226,0.111111111,0.323380833,0.277777778,0.460888599,0.055555556,0.23570226,0.0,0.0
28_01_02.bmp,3.1666666666666665,0.055555556,0.23570226,0.611111111,0.501631326,0.111111111,0.323380833,0.0,0.0,0.166666667,0.383482494,0.055555556,0.23570226,0.055555556,0.23570226
09_04_04.bmp,2.611111111111111,0.222222222,0.427792632,0.388888889,0.501631326,0.277777778,0.460888599,0.055555556,0.23570226,0.111111111,0.323380833,0.166666667,0.383482494,0.0,0.0
29_09_05.bmp,2.333333333333333,0.833333333,0.383482494,0.222222222,0.427792632,0.0,0.0,0.055555556,0.23570226,0.111111111,0.323380833,0.111111111,0.323380833,0.0,0.0
01228.jpg,3.5,0.222222222,0.427792632,0.277777778,0.460888599,0.166666667,0.383482494,0.333333333,0.48507125,0.111111111,0.323380833,0.055555556,0.23570226,0.055555556,0.23570226
0667.jpg,3.611111111111111,0.111111111,0.323380833,0.333333333,0.48507125,0.0,0.0,0.0,0.0,0.111111111,0.323380833,0.0,0.0,0.055555556,0.23570226
1029.jpg,3.0,0.055555556,0.23570226,0.388888889,0.501631326,0.0,0.0,0.611111111,0.501631326,0.166666667,0.383482494,0.0,0.0,0.0,0.0
16_23_02.bmp,2.611111111111111,0.0,0.0,0.277777778,0.460888599,0.0,0.0,0.777777778,0.427792632,0.277777778,0.460888599,0.333333333,0.48507125,0.055555556,0.23570226
0997.jpg,3.388888888888889,0.111111111,0.323380833,0.277777778,0.460888599,0.055555556,0.23570226,0.611111111,0.501631326,0.333333333,0.48507125,0.0,0.0,0.055555556,0.23570226
34_04_04.bmp,2.1666666666666665,0.222222222,0.427792632,0.388888889,0.501631326,0.333333333,0.48507125,0.055555556,0.23570226,0.0,0.0,0.166666667,0.383482494,0.055555556,0.23570226
36_12_05.bmp,2.1666666666666665,0.888888889,0.323380833,0.444444444,0.511309993,0.055555556,0.23570226,0.0,0.0,0.111111111,0.323380833,0.0,0.0,0.0,0.0
08_14_05.bmp,1.4444444444444444,0.055555556,0.23570226,0.166666667,0.383482494,0.111111111,0.323380833,0.888888889,0.323380833,0.055555556,0.23570226,0.055555556,0.23570226,0.055555556,0.23570226
0967.jpg,2.9444444444444446,0.055555556,0.23570226,0.388888889,0.501631326,0.055555556,0.23570226,0.611111111,0.501631326,0.166666667,0.383482494,0.0,0.0,0.055555556,0.23570226
01495.jpg,3.7777777777777777,0.055555556,0.23570226,0.5,0.514495755,0.111111111,0.323380833,0.0,0.0,0.0,0.0,0.0,0.0,0.055555556,0.23570226
32_23_05.bmp,1.6111111111111112,0.111111111,0.323380833,0.388888889,0.501631326,0.0,0.0,0.833333333,0.383482494,0.277777778,0.460888599,0.055555556,0.23570226,0.111111111,0.323380833
06_07_03.bmp,2.4444444444444446,0.444444444,0.511309993,0.666666667,0.48507125,0.111111111,0.323380833,0.0,0.0,0.0,0.0,0.055555556,0.23570226,0.111111111,0.323380833
22_01_01.bmp,3.5,0.111111111,0.323380833,0.611111111,0.501631326,0.0,0.0,0.0,0.0,0.111111111,0.323380833,0.166666667,0.383482494,0.0,0.0
11_23_03.bmp,2.5,0.111111111,0.323380833,0.222222222,0.427792632,0.0,0.0,0.777777778,0.427792632,0.277777778,0.460888599,0.055555556,0.23570226,0.055555556,0.23570226
31_08_05.bmp,1.8333333333333333,0.333333333,0.48507125,0.722222222,0.460888599,0.0,0.0,0.055555556,0.23570226,0.166666667,0.383482494,0.111111111,0.323380833,0.055555556,0.23570226
19_11_02.bmp,3.2222222222222223,0.666666667,0.48507125,0.166666667,0.383482494,0.111111111,0.323380833,0.055555556,0.23570226,0.055555556,0.23570226,0.055555556,0.23570226,0.055555556,0.23570226
20_02_05.bmp,1.2777777777777777,0.0,0.0,0.888888889,0.323380833,0.055555556,0.23570226,0.0,0.0,0.111111111,0.323380833,0.111111111,0.323380833,0.0,0.0
06_03_04.bmp,2.388888888888889,0.055555556,0.23570226,0.888888889,0.323380833,0.055555556,0.23570226,0.055555556,0.23570226,0.0,0.0,0.111111111,0.323380833,0.0,0.0
08_07_04.bmp,2.111111111111111,0.333333333,0.48507125,0.777777778,0.427792632,0.0,0.0,0.111111111,0.323380833,0.0,0.0,0.055555556,0.23570226,0.055555556,0.23570226
0802.jpg,3.555555555555556,0.0,0.0,0.5,0.514495755,0.0,0.0,0.0,0.0,0.166666667,0.383482494,0.0,0.0,0.0,0.0
01249.jpg,2.9444444444444446,0.444444444,0.511309993,0.611111111,0.501631326,0.0,0.0,0.055555556,0.23570226,0.277777778,0.460888599,0.0,0.0,0.0,0.0
0289.jpg,2.111111111111111,0.111111111,0.323380833,0.444444444,0.511309993,0.0,0.0,0.888888889,0.323380833,0.055555556,0.23570226,0.0,0.0,0.0,0.0
13_06_02.bmp,3.111111111111111,0.222222222,0.427792632,0.333333333,0.48507125,0.166666667,0.383482494,0.055555556,0.23570226,0.166666667,0.383482494,0.166666667,0.383482494,0.055555556,0.23570226
32_02_05.bmp,1.3888888888888888,0.055555556,0.23570226,0.888888889,0.323380833,0.055555556,0.23570226,0.0,0.0,0.444444444,0.511309993,0.055555556,0.23570226,0.0,0.0
0220.jpg,1.8333333333333333,0.166666667,0.383482494,0.444444444,0.511309993,0.0,0.0,0.888888889,0.323380833,0.0,0.0,0.0,0.0,0.0,0.0
28_17_01.bmp,3.388888888888889,0.166666667,0.383482494,0.444444444,0.511309993,0.166666667,0.383482494,0.0,0.0,0.166666667,0.383482494,0.055555556,0.23570226,0.055555556,0.23570226
30_15_01.bmp,3.111111111111111,0.055555556,0.23570226,0.111111111,0.323380833,0.722222222,0.460888599,0.0,0.0,0.166666667,0.383482494,0.111111111,0.323380833,0.0,0.0
0150.jpg,1.5,0.055555556,0.23570226,0.388888889,0.501631326,0.944444444,0.23570226,0.0,0.0,0.111111111,0.323380833,0.0,0.0,0.0,0.0
03_09_01.bmp,3.0,0.611111111,0.501631326,0.277777778,0.460888599,0.055555556,0.23570226,0.055555556,0.23570226,0.111111111,0.323380833,0.0,0.0,0.055555556,0.23570226
01188.jpg,2.6666666666666665,0.333333333,0.48507125,0.777777778,0.427792632,0.0,0.0,0.222222222,0.427792632,0.333333333,0.48507125,0.0,0.0,0.055555556,0.23570226
37_18_05.bmp,2.111111111111111,0.166666667,0.383482494,0.888888889,0.323380833,0.0,0.0,0.0,0.0,0.055555556,0.23570226,0.055555556,0.23570226,0.055555556,0.23570226
35_05_04.bmp,1.5555555555555556,0.388888889,0.501631326,0.777777778,0.427792632,0.111111111,0.323380833,0.0,0.0,0.0,0.0,0.0,0.0,0.111111111,0.323380833
33_03_05.bmp,2.111111111111111,0.111111111,0.323380833,0.777777778,0.427792632,0.0,0.0,0.0,0.0,0.388888889,0.501631326,0.0,0.0,0.0,0.0
0356.jpg,3.111111111111111,0.111111111,0.323380833,0.722222222,0.460888599,0.0,0.0,0.055555556,0.23570226,0.055555556,0.23570226,0.0,0.0,0.055555556,0.23570226
01324.jpg,3.7777777777777777,0.166666667,0.383482494,0.5,0.514495755,0.0,0.0,0.0,0.0,0.0,0.0,0.055555556,0.23570226,0.277777778,0.460888599
0303.jpg,2.7222222222222223,0.166666667,0.383482494,0.222222222,0.427792632,0.055555556,0.23570226,0.833333333,0.383482494,0.111111111,0.323380833,0.0,0.0,0.055555556,0.23570226
12_04_03.bmp,3.055555555555556,0.277777778,0.460888599,0.277777778,0.460888599,0.166666667,0.383482494,0.111111111,0.323380833,0.0,0.0,0.166666667,0.383482494,0.111111111,0.323380833
11_15_04.bmp,2.833333333333333,0.055555556,0.23570226,0.277777778,0.460888599,0.111111111,0.323380833,0.444444444,0.511309993,0.277777778,0.460888599,0.055555556,0.23570226,0.0,0.0
09_07_05.bmp,1.5,0.166666667,0.383482494,0.833333333,0.383482494,0.055555556,0.23570226,0.0,0.0,0.166666667,0.383482494,0.111111111,0.323380833,0.0,0.0
03_25_01.bmp,3.1666666666666665,0.055555556,0.23570226,0.055555556,0.23570226,0.055555556,0.23570226,0.055555556,0.23570226,0.055555556,0.23570226,0.0,0.0,0.944444444,0.23570226
05_08_05.bmp,1.8333333333333333,0.333333333,0.48507125,0.777777778,0.427792632,0.0,0.0,0.055555556,0.23570226,0.0,0.0,0.166666667,0.383482494,0.0,0.0
37_25_05.bmp,2.1666666666666665,0.0,0.0,0.222222222,0.427792632,0.055555556,0.23570226,0.111111111,0.323380833,0.055555556,0.23570226,0.055555556,0.23570226,0.888888889,0.323380833
0554.jpg,3.0,0.111111111,0.323380833,0.444444444,0.511309993,0.0,0.0,0.055555556,0.23570226,0.722222222,0.460888599,0.055555556,0.23570226,0.055555556,0.23570226
29_08_04.bmp,2.4444444444444446,0.444444444,0.511309993,0.611111111,0.501631326,0.0,0.0,0.055555556,0.23570226,0.111111111,0.323380833,0.111111111,0.323380833,0.0,0.0
18_16_04.bmp,1.8888888888888888,0.222222222,0.427792632,0.777777778,0.427792632,0.0,0.0,0.0,0.0,0.055555556,0.23570226,0.0,0.0,0.0,0.0
11_14_03.bmp,2.4444444444444446,0.055555556,0.23570226,0.222222222,0.427792632,0.111111111,0.323380833,0.777777778,0.427792632,0.277777778,0.460888599,0.055555556,0.23570226,0.0,0.0
29_09_03.bmp,2.7222222222222223,0.722222222,0.460888599,0.277777778,0.460888599,0.0,0.0,0.055555556,0.23570226,0.111111111,0.323380833,0.111111111,0.323380833,0.0,0.0
01327.jpg,3.2222222222222223,0.111111111,0.323380833,0.666666667,0.48507125,0.055555556,0.23570226,0.055555556,0.23570226,0.0,0.0,0.0,0.0,0.055555556,0.23570226
13_24_03.bmp,2.333333333333333,0.0,0.0,0.888888889,0.323380833,0.055555556,0.23570226,0.055555556,0.23570226,0.055555556,0.23570226,0.055555556,0.23570226,0.0,0.0
17_21_04.bmp,2.4444444444444446,0.222222222,0.427792632,0.277777778,0.460888599,0.111111111,0.323380833,0.611111111,0.501631326,0.166666667,0.383482494,0.111111111,0.323380833,0.0,0.0
17_08_03.bmp,2.5,0.388888889,0.501631326,0.777777778,0.427792632,0.0,0.0,0.055555556,0.23570226,0.166666667,0.383482494,0.055555556,0.23570226,0.0,0.0
29_23_01.bmp,3.0,0.111111111,0.323380833,0.222222222,0.427792632,0.0,0.0,0.666666667,0.48507125,0.055555556,0.23570226,0.166666667,0.383482494,0.111111111,0.323380833
13_10_04.bmp,2.5,0.833333333,0.383482494,0.166666667,0.383482494,0.055555556,0.23570226,0.0,0.0,0.166666667,0.383482494,0.055555556,0.23570226,0.055555556,0.23570226
29_03_04.bmp,2.5,0.111111111,0.323380833,0.777777778,0.427792632,0.0,0.0,0.111111111,0.323380833,0.055555556,0.23570226,0.055555556,0.23570226,0.0,0.0
1000.jpg,3.388888888888889,0.111111111,0.323380833,0.277777778,0.460888599,0.0,0.0,0.666666667,0.48507125,0.388888889,0.501631326,0.0,0.0,0.0,0.0
01209.jpg,3.1666666666666665,0.166666667,0.383482494,0.611111111,0.501631326,0.055555556,0.23570226,0.111111111,0.323380833,0.333333333,0.48507125,0.0,0.0,0.277777778,0.460888599
33_21_05.bmp,1.8888888888888888,0.222222222,0.427792632,0.444444444,0.511309993,0.0,0.0,0.555555556,0.511309993,0.388888889,0.501631326,0.055555556,0.23570226,0.0,0.0
0148.jpg,2.555555555555556,0.111111111,0.323380833,0.5,0.514495755,0.888888889,0.323380833,0.0,0.0,0.166666667,0.383482494,0.055555556,0.23570226,0.0,0.0
22_07_04.bmp,1.7222222222222223,0.111111111,0.323380833,0.888888889,0.323380833,0.055555556,0.23570226,0.0,0.0,0.111111111,0.323380833,0.111111111,0.323380833,0.0,0.0
05_02_05.bmp,1.2222222222222223,0.111111111,0.323380833,0.944444444,0.23570226,0.055555556,0.23570226,0.0,0.0,0.0,0.0,0.111111111,0.323380833,0.0,0.0
20_22_04.bmp,2.0,0.111111111,0.323380833,0.833333333,0.383482494,0.055555556,0.23570226,0.0,0.0,0.111111111,0.323380833,0.055555556,0.23570226,0.0,0.0
18_06_03.bmp,2.5,0.333333333,0.48507125,0.444444444,0.511309993,0.277777778,0.460888599,0.055555556,0.23570226,0.055555556,0.23570226,0.166666667,0.383482494,0.055555556,0.23570226
34_15_02.bmp,2.333333333333333,0.166666667,0.383482494,0.333333333,0.48507125,0.833333333,0.383482494,0.0,0.0,0.0,0.0,0.055555556,0.23570226,0.055555556,0.23570226
14_11_02.bmp,3.1666666666666665,0.722222222,0.460888599,0.277777778,0.460888599,0.055555556,0.23570226,0.0,0.0,0.0,0.0,0.055555556,0.23570226,0.055555556,0.23570226
30_17_01.bmp,3.2777777777777777,0.111111111,0.323380833,0.5,0.514495755,0.055555556,0.23570226,0.0,0.0,0.277777778,0.460888599,0.055555556,0.23570226,0.111111111,0.323380833
18_02_05.bmp,1.1666666666666667,0.0,0.0,0.944444444,0.23570226,0.055555556,0.23570226,0.0,0.0,0.111111111,0.323380833,0.0,0.0,0.0,0.0
15_13_04.bmp,2.5,0.055555556,0.23570226,0.166666667,0.383482494,0.888888889,0.323380833,0.0,0.0,0.222222222,0.427792632,0.0,0.0,0.055555556,0.23570226
16_11_04.bmp,2.7222222222222223,0.777777778,0.427792632,0.277777778,0.460888599,0.055555556,0.23570226,0.0,0.0,0.333333333,0.48507125,0.333333333,0.48507125,0.0,0.0
21_21_01.bmp,2.7777777777777777,0.055555556,0.23570226,0.277777778,0.460888599,0.666666667,0.48507125,0.055555556,0.23570226,0.055555556,0.23570226,0.0,0.0,0.055555556,0.23570226
0203.jpg,2.0,0.055555556,0.23570226,0.166666667,0.383482494,0.0,0.0,0.888888889,0.323380833,0.166666667,0.383482494,0.055555556,0.23570226,0.0,0.0
27_09_02.bmp,2.888888888888889,0.611111111,0.501631326,0.388888889,0.501631326,0.0,0.0,0.055555556,0.23570226,0.444444444,0.511309993,0.055555556,0.23570226,0.055555556,0.23570226
04_25_03.bmp,2.5,0.166666667,0.383482494,0.388888889,0.501631326,0.055555556,0.23570226,0.0,0.0,0.166666667,0.383482494,0.055555556,0.23570226,0.888888889,0.323380833
06_20_01.bmp,3.111111111111111,0.555555556,0.511309993,0.333333333,0.48507125,0.055555556,0.23570226,0.055555556,0.23570226,0.055555556,0.23570226,0.055555556,0.23570226,0.055555556,0.23570226
06_13_04.bmp,3.4444444444444446,0.166666667,0.383482494,0.055555556,0.23570226,0.666666667,0.48507125,0.0,0.0,0.0,0.0,0.0,0.0,0.055555556,0.23570226
0190.jpg,2.833333333333333,0.055555556,0.23570226,0.388888889,0.501631326,0.777777778,0.427792632,0.055555556,0.23570226,0.111111111,0.323380833,0.0,0.0,0.055555556,0.23570226
0699.jpg,2.888888888888889,0.111111111,0.323380833,0.444444444,0.511309993,0.0,0.0,0.111111111,0.323380833,0.388888889,0.501631326,0.055555556,0.23570226,0.055555556,0.23570226
36_10_04.bmp,2.333333333333333,0.777777778,0.427792632,0.444444444,0.511309993,0.111111111,0.323380833,0.0,0.0,0.055555556,0.23570226,0.055555556,0.23570226,0.111111111,0.323380833
18_08_05.bmp,2.111111111111111,0.277777778,0.460888599,0.555555556,0.511309993,0.055555556,0.23570226,0.055555556,0.23570226,0.055555556,0.23570226,0.055555556,0.23570226,0.055555556,0.23570226
16_18_02.bmp,2.833333333333333,0.055555556,0.23570226,0.444444444,0.511309993,0.055555556,0.23570226,0.0,0.0,0.333333333,0.48507125,0.388888889,0.501631326,0.0,0.0
0964.jpg,2.5,0.111111111,0.323380833,0.666666667,0.48507125,0.055555556,0.23570226,0.611111111,0.501631326,0.222222222,0.427792632,0.0,0.0,0.055555556,0.23570226
17_16_01.bmp,3.1666666666666665,0.0,0.0,0.388888889,0.501631326,0.277777778,0.460888599,0.0,0.0,0.166666667,0.383482494,0.111111111,0.323380833,0.055555556,0.23570226
11_15_02.bmp,2.4444444444444446,0.111111111,0.323380833,0.166666667,0.383482494,0.777777778,0.427792632,0.0,0.0,0.222222222,0.427792632,0.055555556,0.23570226,0.0,0.0
29_10_03.bmp,3.055555555555556,0.5,0.514495755,0.222222222,0.427792632,0.0,0.0,0.055555556,0.23570226,0.111111111,0.323380833,0.111111111,0.323380833,0.0,0.0
14_04_01.bmp,3.6666666666666665,0.055555556,0.23570226,0.444444444,0.511309993,0.055555556,0.23570226,0.0,0.0,0.0,0.0,0.055555556,0.23570226,0.055555556,0.23570226
10_19_04.bmp,2.5,0.166666667,0.383482494,0.444444444,0.511309993,0.388888889,0.501631326,0.0,0.0,0.277777778,0.460888599,0.222222222,0.427792632,0.055555556,0.23570226
0512.jpg,2.888888888888889,0.111111111,0.323380833,0.333333333,0.48507125,0.0,0.0,0.5,0.514495755,0.611111111,0.501631326,0.0,0.0,0.055555556,0.23570226
06_01_01.bmp,4.0,0.055555556,0.23570226,0.166666667,0.383482494,0.166666667,0.383482494,0.0,0.0,0.055555556,0.23570226,0.055555556,0.23570226,0.111111111,0.323380833
34_24_05.bmp,1.2777777777777777,0.055555556,0.23570226,0.888888889,0.323380833,0.166666667,0.383482494,0.0,0.0,0.055555556,0.23570226,0.055555556,0.23570226,0.055555556,0.23570226
36_18_01.bmp,2.833333333333333,0.055555556,0.23570226,0.777777778,0.427792632,0.111111111,0.323380833,0.055555556,0.23570226,0.0,0.0,0.111111111,0.323380833,0.055555556,0.23570226
10_10_05.bmp,2.111111111111111,0.888888889,0.323380833,0.388888889,0.501631326,0.0,0.0,0.0,0.0,0.333333333,0.48507125,0.111111111,0.323380833,0.055555556,0.23570226
0263.jpg,2.0,0.166666667,0.383482494,0.388888889,0.501631326,0.055555556,0.23570226,0.833333333,0.383482494,0.055555556,0.23570226,0.055555556,0.23570226,0.055555556,0.23570226
37_11_01.bmp,3.333333333333333,0.444444444,0.511309993,0.388888889,0.501631326,0.055555556,0.23570226,0.0,0.0,0.055555556,0.23570226,0.055555556,0.23570226,0.055555556,0.23570226
0741.jpg,4.0,0.111111111,0.323380833,0.166666667,0.383482494,0.0,0.0,0.0,0.0,0.166666667,0.383482494,0.0,0.0,0.055555556,0.23570226
0496.jpg,2.7222222222222223,0.111111111,0.323380833,0.388888889,0.501631326,0.0,0.0,0.5,0.514495755,0.611111111,0.501631326,0.0,0.0,0.0,0.0
01_19_04.bmp,3.055555555555556,0.055555556,0.23570226,0.611111111,0.501631326,0.111111111,0.323380833,0.055555556,0.23570226,0.0,0.0,0.0,0.0,0.111111111,0.323380833
22_16_03.bmp,2.5,0.055555556,0.23570226,0.722222222,0.460888599,0.055555556,0.23570226,0.055555556,0.23570226,0.111111111,0.323380833,0.055555556,0.23570226,0.0,0.0
03_11_05.bmp,2.1666666666666665,0.888888889,0.323380833,0.277777778,0.460888599,0.0,0.0,0.0,0.0,0.166666667,0.383482494,0.055555556,0.23570226,0.055555556,0.23570226
0503.jpg,2.611111111111111,0.166666667,0.383482494,0.388888889,0.501631326,0.0,0.0,0.555555556,0.511309993,0.722222222,0.460888599,0.0,0.0,0.111111111,0.323380833
0046.jpg,3.2222222222222223,0.055555556,0.23570226,0.277777778,0.460888599,0.833333333,0.383482494,0.0,0.0,0.111111111,0.323380833,0.0,0.0,0.0,0.0
08_01_03.bmp,3.7222222222222223,0.055555556,0.23570226,0.5,0.514495755,0.111111111,0.323380833,0.055555556,0.23570226,0.055555556,0.23570226,0.055555556,0.23570226,0.0,0.0
0237.jpg,2.2777777777777777,0.222222222,0.427792632,0.333333333,0.48507125,0.055555556,0.23570226,0.722222222,0.460888599,0.111111111,0.323380833,0.0,0.0,0.0,0.0
01_19_02.bmp,3.2777777777777777,0.111111111,0.323380833,0.666666667,0.48507125,0.166666667,0.383482494,0.0,0.0,0.0,0.0,0.0,0.0,0.055555556,0.23570226
01200.jpg,2.7777777777777777,0.166666667,0.383482494,0.555555556,0.511309993,0.0,0.0,0.0,0.0,0.111111111,0.323380833,0.777777778,0.427792632,0.277777778,0.460888599
33_03_02.bmp,3.611111111111111,0.055555556,0.23570226,0.444444444,0.511309993,0.0,0.0,0.055555556,0.23570226,0.555555556,0.511309993,0.0,0.0,0.0,0.0
04_25_02.bmp,2.555555555555556,0.111111111,0.323380833,0.388888889,0.501631326,0.055555556,0.23570226,0.0,0.0,0.111111111,0.323380833,0.0,0.0,0.944444444,0.23570226
0958.jpg,3.111111111111111,0.0,0.0,0.333333333,0.48507125,0.055555556,0.23570226,0.722222222,0.460888599,0.111111111,0.323380833,0.0,0.0,0.111111111,0.323380833
0453.jpg,2.833333333333333,0.111111111,0.323380833,0.333333333,0.48507125,0.0,0.0,0.111111111,0.323380833,0.833333333,0.383482494,0.111111111,0.323380833,0.055555556,0.23570226
06_14_04.bmp,3.0,0.166666667,0.383482494,0.222222222,0.427792632,0.111111111,0.323380833,0.611111111,0.501631326,0.0,0.0,0.055555556,0.23570226,0.055555556,0.23570226
18_19_03.bmp,2.5,0.111111111,0.323380833,0.555555556,0.511309993,0.5,0.514495755,0.0,0.0,0.0,0.0,0.055555556,0.23570226,0.111111111,0.323380833
29_02_04.bmp,1.5555555555555556,0.055555556,0.23570226,1.0,0.0,0.0,0.0,0.0,0.0,0.111111111,0.323380833,0.0,0.0,0.055555556,0.23570226
08_19_04.bmp,2.6666666666666665,0.333333333,0.48507125,0.277777778,0.460888599,0.611111111,0.501631326,0.0,0.0,0.0,0.0,0.111111111,0.323380833,0.055555556,0.23570226
1048.jpg,3.111111111111111,0.055555556,0.23570226,0.555555556,0.511309993,0.0,0.0,0.666666667,0.48507125,0.166666667,0.383482494,0.055555556,0.23570226,0.0,0.0
36_20_05.bmp,1.8333333333333333,0.555555556,0.511309993,0.5,0.514495755,0.055555556,0.23570226,0.111111111,0.323380833,0.055555556,0.23570226,0.055555556,0.23570226,0.0,0.0
24_07_03.bmp,2.4444444444444446,0.111111111,0.323380833,0.888888889,0.323380833,0.055555556,0.23570226,0.0,0.0,0.0,0.0,0.055555556,0.23570226,0.0,0.0
21_17_01.bmp,3.1666666666666665,0.111111111,0.323380833,0.5,0.514495755,0.0,0.0,0.055555556,0.23570226,0.111111111,0.323380833,0.111111111,0.323380833,0.055555556,0.23570226
0096.jpg,2.6666666666666665,0.0,0.0,0.277777778,0.460888599,0.888888889,0.323380833,0.0,0.0,0.111111111,0.323380833,0.055555556,0.23570226,0.055555556,0.23570226
11_14_01.bmp,3.111111111111111,0.111111111,0.323380833,0.277777778,0.460888599,0.055555556,0.23570226,0.388888889,0.501631326,0.277777778,0.460888599,0.055555556,0.23570226,0.0,0.0
31_06_04.bmp,1.9444444444444444,0.222222222,0.427792632,0.444444444,0.511309993,0.222222222,0.427792632,0.055555556,0.23570226,0.222222222,0.427792632,0.166666667,0.383482494,0.055555556,0.23570226
33_05_02.bmp,3.1666666666666665,0.166666667,0.383482494,0.611111111,0.501631326,0.055555556,0.23570226,0.0,0.0,0.444444444,0.511309993,0.0,0.0,0.055555556,0.23570226
28_13_05.bmp,2.055555555555556,0.111111111,0.323380833,0.166666667,0.383482494,0.833333333,0.383482494,0.0,0.0,0.222222222,0.427792632,0.0,0.0,0.0,0.0
31_08_04.bmp,2.111111111111111,0.166666667,0.383482494,0.777777778,0.427792632,0.0,0.0,0.111111111,0.323380833,0.111111111,0.323380833,0.055555556,0.23570226,0.055555556,0.23570226
01_08_01.bmp,2.833333333333333,0.111111111,0.323380833,0.611111111,0.501631326,0.111111111,0.323380833,0.0,0.0,0.0,0.0,0.055555556,0.23570226,0.055555556,0.23570226
34_21_05.bmp,1.7777777777777777,0.222222222,0.427792632,0.666666667,0.48507125,0.277777778,0.460888599,0.277777778,0.460888599,0.0,0.0,0.055555556,0.23570226,0.055555556,0.23570226
11_18_03.bmp,2.5,0.055555556,0.23570226,0.666666667,0.48507125,0.0,0.0,0.055555556,0.23570226,0.277777778,0.460888599,0.055555556,0.23570226,0.055555556,0.23570226
24_19_04.bmp,2.2777777777777777,0.333333333,0.48507125,0.666666667,0.48507125,0.055555556,0.23570226,0.055555556,0.23570226,0.055555556,0.23570226,0.0,0.0,0.0,0.0
26_09_02.bmp,3.555555555555556,0.444444444,0.511309993,0.166666667,0.383482494,0.055555556,0.23570226,0.055555556,0.23570226,0.111111111,0.323380833,0.0,0.0,0.055555556,0.23570226
26_04_03.bmp,3.8333333333333335,0.166666667,0.383482494,0.0,0.0,0.277777778,0.460888599,0.0,0.0,0.055555556,0.23570226,0.111111111,0.323380833,0.055555556,0.23570226
22_18_05.bmp,1.6666666666666667,0.166666667,0.383482494,0.888888889,0.323380833,0.0,0.0,0.055555556,0.23570226,0.055555556,0.23570226,0.111111111,0.323380833,0.0,0.0
01298.jpg,3.0,0.333333333,0.48507125,0.666666667,0.48507125,0.0,0.0,0.166666667,0.383482494,0.555555556,0.511309993,0.0,0.0,0.0,0.0
10_01_04.bmp,1.9444444444444444,0.055555556,0.23570226,0.888888889,0.323380833,0.055555556,0.23570226,0.055555556,0.23570226,0.333333333,0.48507125,0.222222222,0.427792632,0.055555556,0.23570226
37_17_05.bmp,2.111111111111111,0.055555556,0.23570226,0.555555556,0.511309993,0.0,0.0,0.0,0.0,0.222222222,0.427792632,0.166666667,0.383482494,0.166666667,0.383482494
08_17_02.bmp,3.1666666666666665,0.166666667,0.383482494,0.333333333,0.48507125,0.0,0.0,0.055555556,0.23570226,0.111111111,0.323380833,0.166666667,0.383482494,0.277777778,0.460888599
0894.jpg,3.888888888888889,0.111111111,0.323380833,0.5,0.514495755,0.055555556,0.23570226,0.055555556,0.23570226,0.111111111,0.323380833,0.0,0.0,0.0,0.0
35_03_02.bmp,2.611111111111111,0.166666667,0.383482494,0.833333333,0.383482494,0.0,0.0,0.0,0.0,0.0,0.0,0.055555556,0.23570226,0.055555556,0.23570226
09_16_05.bmp,1.6666666666666667,0.222222222,0.427792632,0.833333333,0.383482494,0.055555556,0.23570226,0.0,0.0,0.222222222,0.427792632,0.055555556,0.23570226,0.055555556,0.23570226
34_05_04.bmp,2.833333333333333,0.277777778,0.460888599,0.666666667,0.48507125,0.222222222,0.427792632,0.0,0.0,0.055555556,0.23570226,0.0,0.0,0.055555556,0.23570226
27_09_01.bmp,3.2222222222222223,0.611111111,0.501631326,0.5,0.514495755,0.0,0.0,0.0,0.0,0.333333333,0.48507125,0.055555556,0.23570226,0.055555556,0.23570226
33_12_03.bmp,2.6666666666666665,0.5,0.514495755,0.388888889,0.501631326,0.055555556,0.23570226,0.0,0.0,0.5,0.514495755,0.0,0.0,0.0,0.0
0678.jpg,3.5,0.055555556,0.23570226,0.222222222,0.427792632,0.0,0.0,0.111111111,0.323380833,0.388888889,0.501631326,0.055555556,0.23570226,0.055555556,0.23570226
11_13_02.bmp,3.2777777777777777,0.111111111,0.323380833,0.333333333,0.48507125,0.222222222,0.427792632,0.111111111,0.323380833,0.222222222,0.427792632,0.055555556,0.23570226,0.0,0.0
0786.jpg,3.4444444444444446,0.222222222,0.427792632,0.388888889,0.501631326,0.0,0.0,0.0,0.0,0.055555556,0.23570226,0.055555556,0.23570226,0.055555556,0.23570226
13_10_01.bmp,3.333333333333333,0.388888889,0.501631326,0.333333333,0.48507125,0.111111111,0.323380833,0.055555556,0.23570226,0.111111111,0.323380833,0.055555556,0.23570226,0.055555556,0.23570226
27_12_04.bmp,2.555555555555556,0.722222222,0.460888599,0.388888889,0.501631326,0.055555556,0.23570226,0.0,0.0,0.444444444,0.511309993,0.055555556,0.23570226,0.111111111,0.323380833
37_11_02.bmp,3.1666666666666665,0.666666667,0.48507125,0.333333333,0.48507125,0.0,0.0,0.0,0.0,0.111111111,0.323380833,0.111111111,0.323380833,0.0,0.0
09_10_04.bmp,2.4444444444444446,0.722222222,0.460888599,0.444444444,0.511309993,0.055555556,0.23570226,0.055555556,0.23570226,0.166666667,0.383482494,0.111111111,0.323380833,0.0,0.0
0452.jpg,3.333333333333333,0.055555556,0.23570226,0.222222222,0.427792632,0.055555556,0.23570226,0.055555556,0.23570226,0.833333333,0.383482494,0.055555556,0.23570226,0.0,0.0
26_13_04.bmp,3.9444444444444446,0.055555556,0.23570226,0.166666667,0.383482494,0.111111111,0.323380833,0.055555556,0.23570226,0.055555556,0.23570226,0.0,0.0,0.0,0.0
25_14_01.bmp,3.388888888888889,0.111111111,0.323380833,0.444444444,0.511309993,0.055555556,0.23570226,0.055555556,0.23570226,0.111111111,0.323380833,0.055555556,0.23570226,0.055555556,0.23570226
17_06_04.bmp,1.8333333333333333,0.277777778,0.460888599,0.333333333,0.48507125,0.166666667,0.383482494,0.111111111,0.323380833,0.166666667,0.383482494,0.222222222,0.427792632,0.0,0.0
20_23_02.bmp,2.7777777777777777,0.111111111,0.323380833,0.166666667,0.383482494,0.0,0.0,0.722222222,0.460888599,0.111111111,0.323380833,0.0,0.0,0.111111111,0.323380833
07_02_05.bmp,1.5,0.055555556,0.23570226,0.944444444,0.23570226,0.111111111,0.323380833,0.0,0.0,0.0,0.0,0.055555556,0.23570226,0.0,0.0
0447.jpg,2.5,0.055555556,0.23570226,0.833333333,0.383482494,0.0,0.0,0.055555556,0.23570226,0.444444444,0.511309993,0.055555556,0.23570226,0.055555556,0.23570226
16_04_05.bmp,2.0,0.222222222,0.427792632,0.111111111,0.323380833,0.166666667,0.383482494,0.111111111,0.323380833,0.333333333,0.48507125,0.5,0.514495755,0.222222222,0.427792632
13_04_05.bmp,2.9444444444444446,0.333333333,0.48507125,0.166666667,0.383482494,0.166666667,0.383482494,0.055555556,0.23570226,0.166666667,0.383482494,0.222222222,0.427792632,0.111111111,0.323380833
37_09_03.bmp,2.7777777777777777,0.833333333,0.383482494,0.333333333,0.48507125,0.0,0.0,0.0,0.0,0.055555556,0.23570226,0.111111111,0.323380833,0.0,0.0
35_16_03.bmp,2.2222222222222223,0.166666667,0.383482494,0.888888889,0.323380833,0.166666667,0.383482494,0.0,0.0,0.0,0.0,0.0,0.0,0.111111111,0.323380833
37_05_04.bmp,2.1666666666666665,0.444444444,0.511309993,0.722222222,0.460888599,0.055555556,0.23570226,0.0,0.0,0.111111111,0.323380833,0.055555556,0.23570226,0.0,0.0
0470.jpg,3.2777777777777777,0.055555556,0.23570226,0.388888889,0.501631326,0.0,0.0,0.111111111,0.323380833,0.611111111,0.501631326,0.0,0.0,0.0,0.0
05_18_01.bmp,2.611111111111111,0.111111111,0.323380833,0.666666667,0.48507125,0.055555556,0.23570226,0.055555556,0.23570226,0.111111111,0.323380833,0.111111111,0.323380833,0.055555556,0.23570226
0494.jpg,3.4444444444444446,0.055555556,0.23570226,0.277777778,0.460888599,0.0,0.0,0.055555556,0.23570226,0.722222222,0.460888599,0.0,0.0,0.055555556,0.23570226
36_16_04.bmp,2.0,0.166666667,0.383482494,0.833333333,0.383482494,0.0,0.0,0.111111111,0.323380833,0.055555556,0.23570226,0.0,0.0,0.0,0.0
0727.jpg,3.2777777777777777,0.111111111,0.323380833,0.111111111,0.323380833,0.055555556,0.23570226,0.0,0.0,0.277777778,0.460888599,0.166666667,0.383482494,0.055555556,0.23570226
30_07_04.bmp,2.111111111111111,0.277777778,0.460888599,0.722222222,0.460888599,0.055555556,0.23570226,0.0,0.0,0.333333333,0.48507125,0.055555556,0.23570226,0.0,0.0
32_16_05.bmp,1.5555555555555556,0.277777778,0.460888599,0.888888889,0.323380833,0.055555556,0.23570226,0.055555556,0.23570226,0.333333333,0.48507125,0.0,0.0,0.055555556,0.23570226
11_13_01.bmp,3.388888888888889,0.055555556,0.23570226,0.444444444,0.511309993,0.055555556,0.23570226,0.055555556,0.23570226,0.277777778,0.460888599,0.055555556,0.23570226,0.0,0.0
30_11_02.bmp,3.111111111111111,0.666666667,0.48507125,0.055555556,0.23570226,0.0,0.0,0.0,0.0,0.333333333,0.48507125,0.055555556,0.23570226,0.0,0.0
0098.jpg,2.7777777777777777,0.0,0.0,0.444444444,0.511309993,1.0,0.0,0.0,0.0,0.0,0.0,0.055555556,0.23570226,0.055555556,0.23570226
06_16_02.bmp,3.5,0.111111111,0.323380833,0.277777778,0.460888599,0.111111111,0.323380833,0.111111111,0.323380833,0.055555556,0.23570226,0.055555556,0.23570226,0.111111111,0.323380833
30_22_02.bmp,2.888888888888889,0.111111111,0.323380833,0.666666667,0.48507125,0.055555556,0.23570226,0.055555556,0.23570226,0.277777778,0.460888599,0.0,0.0,0.0,0.0
15_04_03.bmp,2.7222222222222223,0.388888889,0.501631326,0.166666667,0.383482494,0.222222222,0.427792632,0.055555556,0.23570226,0.166666667,0.383482494,0.166666667,0.383482494,0.055555556,0.23570226
0871.jpg,3.6666666666666665,0.055555556,0.23570226,0.388888889,0.501631326,0.0,0.0,0.055555556,0.23570226,0.277777778,0.460888599,0.0,0.0,0.0,0.0
36_06_03.bmp,2.833333333333333,0.388888889,0.501631326,0.5,0.514495755,0.222222222,0.427792632,0.0,0.0,0.0,0.0,0.0,0.0,0.055555556,0.23570226
10_07_05.bmp,1.4444444444444444,0.111111111,0.323380833,0.888888889,0.323380833,0.0,0.0,0.0,0.0,0.166666667,0.383482494,0.111111111,0.323380833,0.0,0.0
0662.jpg,3.9444444444444446,0.111111111,0.323380833,0.222222222,0.427792632,0.0,0.0,0.0,0.0,0.055555556,0.23570226,0.111111111,0.323380833,0.111111111,0.323380833
16_07_04.bmp,1.8333333333333333,0.166666667,0.383482494,0.833333333,0.383482494,0.0,0.0,0.0,0.0,0.277777778,0.460888599,0.277777778,0.460888599,0.0,0.0
07_17_02.bmp,2.7777777777777777,0.222222222,0.427792632,0.555555556,0.511309993,0.055555556,0.23570226,0.0,0.0,0.222222222,0.427792632,0.166666667,0.383482494,0.277777778,0.460888599
0828.jpg,3.333333333333333,0.055555556,0.23570226,0.5,0.514495755,0.055555556,0.23570226,0.111111111,0.323380833,0.0,0.0,0.0,0.0,0.055555556,0.23570226
01296.jpg,2.4444444444444446,0.277777778,0.460888599,0.833333333,0.383482494,0.166666667,0.383482494,0.055555556,0.23570226,0.111111111,0.323380833,0.0,0.0,0.055555556,0.23570226
37_21_03.bmp,3.111111111111111,0.111111111,0.323380833,0.222222222,0.427792632,0.333333333,0.48507125,0.111111111,0.323380833,0.055555556,0.23570226,0.055555556,0.23570226,0.0,0.0
06_17_04.bmp,2.333333333333333,0.222222222,0.427792632,0.5,0.514495755,0.055555556,0.23570226,0.0,0.0,0.055555556,0.23570226,0.222222222,0.427792632,0.277777778,0.460888599
05_21_01.bmp,2.388888888888889,0.055555556,0.23570226,0.277777778,0.460888599,0.722222222,0.460888599,0.0,0.0,0.055555556,0.23570226,0.055555556,0.23570226,0.055555556,0.23570226
11_08_01.bmp,3.0,0.055555556,0.23570226,0.444444444,0.511309993,0.0,0.0,0.111111111,0.323380833,0.388888889,0.501631326,0.055555556,0.23570226,0.0,0.0
17_19_02.bmp,3.1666666666666665,0.222222222,0.427792632,0.5,0.514495755,0.166666667,0.383482494,0.0,0.0,0.166666667,0.383482494,0.111111111,0.323380833,0.0,0.0
12_04_04.bmp,2.833333333333333,0.388888889,0.501631326,0.277777778,0.460888599,0.222222222,0.427792632,0.0,0.0,0.0,0.0,0.166666667,0.383482494,0.0,0.0
0811.jpg,3.555555555555556,0.0,0.0,0.555555556,0.511309993,0.0,0.0,0.055555556,0.23570226,0.277777778,0.460888599,0.0,0.0,0.0,0.0
