filename,mos,noise_mean,noise_std,blur_mean,blur_std,overexposure_mean,overexposure_std,lowlight_mean,lowlight_std,warp_mean,warp_std,stain_mean,stain_std,occlusion_mean,occlusion_std
28_02_05.bmp,1.4444444444444444,0.0,0.0,0.888888889,0.323380833,0.111111111,0.323380833,0.0,0.0,0.222222222,0.427792632,0.0,0.0,0.0,0.0
01_10_01.bmp,3.055555555555556,0.166666667,0.383482494,0.555555556,0.511309993,0.111111111,0.323380833,0.0,0.0,0.055555556,0.23570226,0.0,0.0,0.055555556,0.23570226
33_20_02.bmp,2.555555555555556,0.277777778,0.460888599,0.5,0.514495755,0.166666667,0.383482494,0.222222222,0.427792632,0.444444444,0.511309993,0.0,0.0,0.0,0.0
01_10_05.bmp,2.0,0.944444444,0.23570226,0.333333333,0.48507125,0.055555556,0.23570226,0.0,0.0,0.055555556,0.23570226,0.055555556,0.23570226,0.111111111,0.323380833
0054.jpg,2.2777777777777777,0.111111111,0.323380833,0.611111111,0.501631326,0.944444444,0.23570226,0.0,0.0,0.0,0.0,0.0,0.0,0.055555556,0.23570226
35_15_03.bmp,2.555555555555556,0.055555556,0.23570226,0.611111111,0.501631326,0.277777778,0.460888599,0.055555556,0.23570226,0.0,0.0,0.0,0.0,0.055555556,0.23570226
29_13_02.bmp,3.333333333333333,0.111111111,0.323380833,0.166666667,0.383482494,0.111111111,0.323380833,0.055555556,0.23570226,0.055555556,0.23570226,0.166666667,0.383482494,0.055555556,0.23570226
20_09_02.bmp,2.888888888888889,0.722222222,0.460888599,0.277777778,0.460888599,0.055555556,0.23570226,0.0,0.0,0.111111111,0.323380833,0.111111111,0.323380833,0.055555556,0.23570226
18_20_04.bmp,1.7777777777777777,0.611111111,0.501631326,0.277777778,0.460888599,0.222222222,0.427792632,0.333333333,0.48507125,0.0,0.0,0.0,0.0,0.055555556,0.23570226
12_12_01.bmp,3.388888888888889,0.388888889,0.501631326,0.277777778,0.460888599,0.111111111,0.323380833,0.055555556,0.23570226,0.055555556,0.23570226,0.0,0.0,0.055555556,0.23570226
12_22_01.bmp,3.2222222222222223,0.166666667,0.383482494,0.444444444,0.511309993,0.222222222,0.427792632,0.111111111,0.323380833,0.0,0.0,0.0,0.0,0.055555556,0.23570226
21_13_01.bmp,3.7777777777777777,0.166666667,0.383482494,0.333333333,0.48507125,0.055555556,0.23570226,0.0,0.0,0.0,0.0,0.0,0.0,0.111111111,0.323380833
01240.jpg,2.611111111111111,0.333333333,0.48507125,0.888888889,0.323380833,0.055555556,0.23570226,0.333333333,0.48507125,0.111111111,0.323380833,0.111111111,0.323380833,0.0,0.0
34_11_03.bmp,2.611111111111111,0.888888889,0.323380833,0.333333333,0.48507125,0.166666667,0.383482494,0.0,0.0,0.055555556,0.23570226,0.0,0.0,0.111111111,0.323380833
34_05_02.bmp,3.333333333333333,0.222222222,0.427792632,0.5,0.514495755,0.166666667,0.383482494,0.111111111,0.323380833,0.0,0.0,0.055555556,0.23570226,0.055555556,0.23570226
30_04_03.bmp,2.6666666666666665,0.333333333,0.48507125,0.166666667,0.383482494,0.277777778,0.460888599,0.111111111,0.323380833,0.222222222,0.427792632,0.222222222,0.427792632,0.0,0.0
35_20_05.bmp,1.7222222222222223,0.555555556,0.511309993,0.555555556,0.511309993,0.222222222,0.427792632,0.166666667,0.383482494,0.0,0.0,0.0,0.0,0.0,0.0
29_14_04.bmp,1.5,0.166666667,0.383482494,0.111111111,0.323380833,0.0,0.0,0.722222222,0.460888599,0.166666667,0.383482494,0.111111111,0.323380833,0.055555556,0.23570226
07_22_05.bmp,1.7777777777777777,0.333333333,0.48507125,0.611111111,0.501631326,0.166666667,0.383482494,0.111111111,0.323380833,0.055555556,0.23570226,0.0,0.0,0.0,0.0
18_04_03.bmp,2.7777777777777777,0.388888889,0.501631326,0.222222222,0.427792632,0.166666667,0.383482494,0.111111111,0.323380833,0.0,0.0,0.055555556,0.23570226,0.166666667,0.383482494
02_07_01.bmp,3.2777777777777777,0.111111111,0.323380833,0.555555556,0.511309993,0.0,0.0,0.0,0.0,0.444444444,0.511309993,0.055555556,0.23570226,0.0,0.0
04_04_04.bmp,2.6666666666666665,0.166666667,0.383482494,0.444444444,0.511309993,0.055555556,0.23570226,0.0,0.0,0.111111111,0.323380833,0.444444444,0.511309993,0.111111111,0.323380833
29_10_02.bmp,3.1666666666666665,0.611111111,0.501631326,0.333333333,0.48507125,0.0,0.0,0.0,0.0,0.166666667,0.383482494,0.055555556,0.23570226,0.0,0.0
0927.jpg,1.6666666666666667,0.0,0.0,0.888888889,0.323380833,0.055555556,0.23570226,0.111111111,0.323380833,0.277777778,0.460888599,0.055555556,0.23570226,0.0,0.0
02_10_04.bmp,2.388888888888889,0.833333333,0.383482494,0.388888889,0.501631326,0.0,0.0,0.055555556,0.23570226,0.388888889,0.501631326,0.055555556,0.23570226,0.0,0.0
20_08_01.bmp,3.388888888888889,0.166666667,0.383482494,0.444444444,0.511309993,0.055555556,0.23570226,0.0,0.0,0.111111111,0.323380833,0.166666667,0.383482494,0.055555556,0.23570226
0661.jpg,3.388888888888889,0.111111111,0.323380833,0.611111111,0.501631326,0.0,0.0,0.055555556,0.23570226,0.111111111,0.323380833,0.0,0.0,0.055555556,0.23570226
36_02_03.bmp,1.7777777777777777,0.0,0.0,0.944444444,0.23570226,0.111111111,0.323380833,0.0,0.0,0.055555556,0.23570226,0.0,0.0,0.111111111,0.323380833
33_18_03.bmp,2.7777777777777777,0.111111111,0.323380833,0.611111111,0.501631326,0.055555556,0.23570226,0.055555556,0.23570226,0.444444444,0.511309993,0.055555556,0.23570226,0.0,0.0
24_13_04.bmp,2.611111111111111,0.055555556,0.23570226,0.277777778,0.460888599,0.666666667,0.48507125,0.111111111,0.323380833,0.0,0.0,0.0,0.0,0.0,0.0
01316.jpg,3.055555555555556,0.388888889,0.501631326,0.5,0.514495755,0.055555556,0.23570226,0.111111111,0.323380833,0.611111111,0.501631326,0.055555556,0.23570226,0.055555556,0.23570226
0224.jpg,1.6666666666666667,0.055555556,0.23570226,0.388888889,0.501631326,0.0,0.0,0.944444444,0.23570226,0.0,0.0,0.055555556,0.23570226,0.0,0.0
22_08_01.bmp,3.333333333333333,0.111111111,0.323380833,0.5,0.514495755,0.055555556,0.23570226,0.055555556,0.23570226,0.111111111,0.323380833,0.166666667,0.383482494,0.0,0.0
26_12_02.bmp,3.7777777777777777,0.388888889,0.501631326,0.166666667,0.383482494,0.111111111,0.323380833,0.111111111,0.323380833,0.055555556,0.23570226,0.055555556,0.23570226,0.0,0.0
18_17_02.bmp,2.7222222222222223,0.055555556,0.23570226,0.5,0.514495755,0.055555556,0.23570226,0.055555556,0.23570226,0.111111111,0.323380833,0.111111111,0.323380833,0.222222222,0.427792632
20_18_03.bmp,2.4444444444444446,0.222222222,0.427792632,0.722222222,0.460888599,0.055555556,0.23570226,0.0,0.0,0.111111111,0.323380833,0.055555556,0.23570226,0.0,0.0
06_23_02.bmp,3.2222222222222223,0.055555556,0.23570226,0.0,0.0,0.055555556,0.23570226,0.777777778,0.427792632,0.0,0.0,0.0,0.0,0.055555556,0.23570226
0429.jpg,1.7777777777777777,0.055555556,0.23570226,1.0,0.0,0.0,0.0,0.055555556,0.23570226,0.0,0.0,0.0,0.0,0.055555556,0.23570226
0504.jpg,2.2222222222222223,0.055555556,0.23570226,0.388888889,0.501631326,0.055555556,0.23570226,0.555555556,0.511309993,0.722222222,0.460888599,0.0,0.0,0.0,0.0
05_11_05.bmp,1.7777777777777777,0.777777778,0.427792632,0.388888889,0.501631326,0.055555556,0.23570226,0.0,0.0,0.111111111,0.323380833,0.111111111,0.323380833,0.055555556,0.23570226
01262.jpg,3.388888888888889,0.055555556,0.23570226,0.388888889,0.501631326,0.055555556,0.23570226,0.0,0.0,0.611111111,0.501631326,0.0,0.0,0.111111111,0.323380833
22_04_05.bmp,2.111111111111111,0.388888889,0.501631326,0.5,0.514495755,0.166666667,0.383482494,0.055555556,0.23570226,0.111111111,0.323380833,0.222222222,0.427792632,0.0,0.0
0490.jpg,3.388888888888889,0.111111111,0.323380833,0.333333333,0.48507125,0.0,0.0,0.055555556,0.23570226,0.611111111,0.501631326,0.0,0.0,0.0,0.0
16_05_02.bmp,3.0,0.277777778,0.460888599,0.388888889,0.501631326,0.055555556,0.23570226,0.0,0.0,0.388888889,0.501631326,0.444444444,0.511309993,0.0,0.0
03_02_04.bmp,1.8888888888888888,0.055555556,0.23570226,0.888888889,0.323380833,0.0,0.0,0.0,0.0,0.166666667,0.383482494,0.0,0.0,0.055555556,0.23570226
0503.jpg,2.611111111111111,0.166666667,0.383482494,0.388888889,0.501631326,0.0,0.0,0.555555556,0.511309993,0.722222222,0.460888599,0.0,0.0,0.111111111,0.323380833
0585.jpg,3.111111111111111,0.055555556,0.23570226,0.222222222,0.427792632,0.0,0.0,0.388888889,0.501631326,0.444444444,0.511309993,0.055555556,0.23570226,0.055555556,0.23570226
01288.jpg,2.833333333333333,0.277777778,0.460888599,0.777777778,0.427792632,0.055555556,0.23570226,0.0,0.0,0.611111111,0.501631326,0.0,0.0,0.0,0.0
05_16_02.bmp,3.111111111111111,0.111111111,0.323380833,0.388888889,0.501631326,0.111111111,0.323380833,0.0,0.0,0.055555556,0.23570226,0.111111111,0.323380833,0.055555556,0.23570226
1120.jpg,3.2222222222222223,0.055555556,0.23570226,0.611111111,0.501631326,0.0,0.0,0.0,0.0,0.055555556,0.23570226,0.111111111,0.323380833,0.0,0.0
14_09_03.bmp,2.4444444444444446,0.833333333,0.383482494,0.222222222,0.427792632,0.055555556,0.23570226,0.0,0.0,0.055555556,0.23570226,0.111111111,0.323380833,0.055555556,0.23570226
14_24_05.bmp,1.2777777777777777,0.055555556,0.23570226,0.888888889,0.323380833,0.111111111,0.323380833,0.0,0.0,0.055555556,0.23570226,0.055555556,0.23570226,0.0,0.0
03_03_01.bmp,3.9444444444444446,0.055555556,0.23570226,0.111111111,0.323380833,0.055555556,0.23570226,0.055555556,0.23570226,0.111111111,0.323380833,0.0,0.0,0.055555556,0.23570226
22_03_02.bmp,3.111111111111111,0.111111111,0.323380833,0.666666667,0.48507125,0.055555556,0.23570226,0.0,0.0,0.111111111,0.323380833,0.166666667,0.383482494,0.055555556,0.23570226
21_09_03.bmp,2.6666666666666665,0.722222222,0.460888599,0.222222222,0.427792632,0.0,0.0,0.0,0.0,0.111111111,0.323380833,0.0,0.0,0.055555556,0.23570226
25_22_03.bmp,1.7777777777777777,0.333333333,0.48507125,0.833333333,0.383482494,0.055555556,0.23570226,0.055555556,0.23570226,0.111111111,0.323380833,0.0,0.0,0.0,0.0
10_01_05.bmp,1.4444444444444444,0.0,0.0,0.944444444,0.23570226,0.055555556,0.23570226,0.055555556,0.23570226,0.388888889,0.501631326,0.111111111,0.323380833,0.0,0.0
23_22_05.bmp,1.8333333333333333,0.222222222,0.427792632,0.833333333,0.383482494,0.055555556,0.23570226,0.055555556,0.23570226,0.222222222,0.427792632,0.0,0.0,0.055555556,0.23570226
0207.jpg,1.7222222222222223,0.055555556,0.23570226,0.222222222,0.427792632,0.0,0.0,0.944444444,0.23570226,0.222222222,0.427792632,0.0,0.0,0.0,0.0
11_02_03.bmp,2.0,0.0,0.0,0.944444444,0.23570226,0.0,0.0,0.055555556,0.23570226,0.277777778,0.460888599,0.111111111,0.323380833,0.0,0.0
28_18_05.bmp,2.333333333333333,0.055555556,0.23570226,0.777777778,0.427792632,0.166666667,0.383482494,0.055555556,0.23570226,0.277777778,0.460888599,0.055555556,0.23570226,0.0,0.0
01491.jpg,3.555555555555556,0.055555556,0.23570226,0.555555556,0.511309993,0.055555556,0.23570226,0.055555556,0.23570226,0.0,0.0,0.055555556,0.23570226,0.055555556,0.23570226
09_02_03.bmp,1.7777777777777777,0.166666667,0.383482494,0.833333333,0.383482494,0.111111111,0.323380833,0.0,0.0,0.111111111,0.323380833,0.055555556,0.23570226,0.0,0.0
21_22_02.bmp,2.555555555555556,0.222222222,0.427792632,0.777777778,0.427792632,0.055555556,0.23570226,0.0,0.0,0.0,0.0,0.0,0.0,0.055555556,0.23570226
01187.jpg,3.2777777777777777,0.222222222,0.427792632,0.166666667,0.383482494,0.0,0.0,0.055555556,0.23570226,0.055555556,0.23570226,0.5,0.514495755,0.555555556,0.511309993
25_11_01.bmp,3.2222222222222223,0.555555556,0.511309993,0.222222222,0.427792632,0.055555556,0.23570226,0.0,0.0,0.111111111,0.323380833,0.055555556,0.23570226,0.055555556,0.23570226
37_08_01.bmp,3.6666666666666665,0.111111111,0.323380833,0.555555556,0.511309993,0.0,0.0,0.111111111,0.323380833,0.055555556,0.23570226,0.055555556,0.23570226,0.0,0.0
08_25_03.bmp,2.333333333333333,0.111111111,0.323380833,0.0,0.0,0.055555556,0.23570226,0.0,0.0,0.055555556,0.23570226,0.0,0.0,0.833333333,0.383482494
30_03_05.bmp,2.0,0.055555556,0.23570226,0.777777778,0.427792632,0.0,0.0,0.0,0.0,0.277777778,0.460888599,0.0,0.0,0.055555556,0.23570226
06_08_04.bmp,2.555555555555556,0.444444444,0.511309993,0.611111111,0.501631326,0.0,0.0,0.0,0.0,0.055555556,0.23570226,0.111111111,0.323380833,0.055555556,0.23570226
0482.jpg,3.5,0.111111111,0.323380833,0.333333333,0.48507125,0.0,0.0,0.055555556,0.23570226,0.722222222,0.460888599,0.055555556,0.23570226,0.0,0.0
0640.jpg,3.333333333333333,0.055555556,0.23570226,0.444444444,0.511309993,0.055555556,0.23570226,0.111111111,0.323380833,0.111111111,0.323380833,0.055555556,0.23570226,0.055555556,0.23570226
01_17_02.bmp,2.5,0.166666667,0.383482494,0.666666667,0.48507125,0.166666667,0.383482494,0.0,0.0,0.333333333,0.48507125,0.111111111,0.323380833,0.333333333,0.48507125
19_07_03.bmp,2.111111111111111,0.222222222,0.427792632,0.833333333,0.383482494,0.055555556,0.23570226,0.0,0.0,0.166666667,0.383482494,0.111111111,0.323380833,0.0,0.0
01207.jpg,3.4444444444444446,0.222222222,0.427792632,0.444444444,0.511309993,0.0,0.0,0.0,0.0,0.555555556,0.511309993,0.055555556,0.23570226,0.055555556,0.23570226
22_01_02.bmp,3.1666666666666665,0.055555556,0.23570226,0.555555556,0.511309993,0.055555556,0.23570226,0.0,0.0,0.166666667,0.383482494,0.166666667,0.383482494,0.055555556,0.23570226
27_06_03.bmp,2.5,0.222222222,0.427792632,0.444444444,0.511309993,0.222222222,0.427792632,0.0,0.0,0.388888889,0.501631326,0.222222222,0.427792632,0.055555556,0.23570226
0846.jpg,3.4444444444444446,0.111111111,0.323380833,0.444444444,0.511309993,0.0,0.0,0.055555556,0.23570226,0.333333333,0.48507125,0.111111111,0.323380833,0.0,0.0
15_20_02.bmp,2.7222222222222223,0.333333333,0.48507125,0.333333333,0.48507125,0.222222222,0.427792632,0.277777778,0.460888599,0.166666667,0.383482494,0.0,0.0,0.0,0.0
0082.jpg,2.2222222222222223,0.055555556,0.23570226,0.611111111,0.501631326,0.888888889,0.323380833,0.0,0.0,0.0,0.0,0.0,0.0,0.055555556,0.23570226
29_08_05.bmp,1.8888888888888888,0.277777778,0.460888599,0.611111111,0.501631326,0.0,0.0,0.111111111,0.323380833,0.055555556,0.23570226,0.166666667,0.383482494,0.055555556,0.23570226
06_13_03.bmp,4.0,0.111111111,0.323380833,0.111111111,0.323380833,0.333333333,0.48507125,0.0,0.0,0.055555556,0.23570226,0.0,0.0,0.055555556,0.23570226
25_21_04.bmp,2.2777777777777777,0.055555556,0.23570226,0.444444444,0.511309993,0.055555556,0.23570226,0.666666667,0.48507125,0.166666667,0.383482494,0.111111111,0.323380833,0.0,0.0
01394.jpg,3.9444444444444446,0.055555556,0.23570226,0.444444444,0.511309993,0.166666667,0.383482494,0.055555556,0.23570226,0.0,0.0,0.0,0.0,0.111111111,0.323380833
14_02_05.bmp,1.1666666666666667,0.0,0.0,0.944444444,0.23570226,0.111111111,0.323380833,0.0,0.0,0.055555556,0.23570226,0.055555556,0.23570226,0.0,0.0
0298.jpg,2.2222222222222223,0.277777778,0.460888599,0.388888889,0.501631326,0.0,0.0,0.888888889,0.323380833,0.055555556,0.23570226,0.0,0.0,0.055555556,0.23570226
34_04_04.bmp,2.1666666666666665,0.222222222,0.427792632,0.388888889,0.501631326,0.333333333,0.48507125,0.055555556,0.23570226,0.0,0.0,0.166666667,0.383482494,0.055555556,0.23570226
03_06_02.bmp,3.0,0.388888889,0.501631326,0.166666667,0.383482494,0.166666667,0.383482494,0.055555556,0.23570226,0.166666667,0.383482494,0.222222222,0.427792632,0.055555556,0.23570226
08_08_04.bmp,2.7777777777777777,0.5,0.514495755,0.555555556,0.511309993,0.0,0.0,0.166666667,0.383482494,0.0,0.0,0.111111111,0.323380833,0.166666667,0.383482494
1091.jpg,2.833333333333333,0.055555556,0.23570226,0.611111111,0.501631326,0.0,0.0,0.444444444,0.511309993,0.0,0.0,0.0,0.0,0.111111111,0.323380833
14_17_03.bmp,2.6666666666666665,0.111111111,0.323380833,0.388888889,0.501631326,0.055555556,0.23570226,0.055555556,0.23570226,0.166666667,0.383482494,0.222222222,0.427792632,0.166666667,0.383482494
32_14_04.bmp,1.4444444444444444,0.0,0.0,0.277777778,0.460888599,0.166666667,0.383482494,0.888888889,0.323380833,0.277777778,0.460888599,0.055555556,0.23570226,0.0,0.0
18_24_02.bmp,2.333333333333333,0.277777778,0.460888599,0.777777778,0.427792632,0.055555556,0.23570226,0.0,0.0,0.055555556,0.23570226,0.0,0.0,0.055555556,0.23570226
07_02_02.bmp,2.611111111111111,0.055555556,0.23570226,0.888888889,0.323380833,0.166666667,0.383482494,0.0,0.0,0.111111111,0.323380833,0.0,0.0,0.055555556,0.23570226
13_15_01.bmp,2.7222222222222223,0.111111111,0.323380833,0.166666667,0.383482494,0.833333333,0.383482494,0.055555556,0.23570226,0.055555556,0.23570226,0.055555556,0.23570226,0.055555556,0.23570226
28_03_02.bmp,3.111111111111111,0.111111111,0.323380833,0.666666667,0.48507125,0.055555556,0.23570226,0.0,0.0,0.166666667,0.383482494,0.0,0.0,0.0,0.0
04_15_02.bmp,2.2222222222222223,0.111111111,0.323380833,0.5,0.514495755,0.777777778,0.427792632,0.0,0.0,0.166666667,0.383482494,0.055555556,0.23570226,0.0,0.0
33_02_05.bmp,1.3333333333333333,0.055555556,0.23570226,0.888888889,0.323380833,0.0,0.0,0.0,0.0,0.333333333,0.48507125,0.055555556,0.23570226,0.055555556,0.23570226
36_21_02.bmp,2.2777777777777777,0.111111111,0.323380833,0.388888889,0.501631326,0.722222222,0.460888599,0.0,0.0,0.0,0.0,0.055555556,0.23570226,0.0,0.0
02_19_02.bmp,2.611111111111111,0.111111111,0.323380833,0.333333333,0.48507125,0.222222222,0.427792632,0.055555556,0.23570226,0.444444444,0.511309993,0.055555556,0.23570226,0.055555556,0.23570226
35_01_03.bmp,2.2777777777777777,0.055555556,0.23570226,0.833333333,0.383482494,0.0,0.0,0.055555556,0.23570226,0.0,0.0,0.111111111,0.323380833,0.055555556,0.23570226
25_11_03.bmp,2.6666666666666665,0.722222222,0.460888599,0.166666667,0.383482494,0.166666667,0.383482494,0.0,0.0,0.166666667,0.383482494,0.111111111,0.323380833,0.055555556,0.23570226
20_11_05.bmp,1.7777777777777777,0.611111111,0.501631326,0.5,0.514495755,0.055555556,0.23570226,0.0,0.0,0.055555556,0.23570226,0.111111111,0.323380833,0.0,0.0
30_16_05.bmp,1.7222222222222223,0.222222222,0.427792632,0.888888889,0.323380833,0.0,0.0,0.0,0.0,0.222222222,0.427792632,0.0,0.0,0.0,0.0
04_24_02.bmp,2.2222222222222223,0.111111111,0.323380833,0.777777778,0.427792632,0.055555556,0.23570226,0.055555556,0.23570226,0.222222222,0.427792632,0.0,0.0,0.055555556,0.23570226
0265.jpg,1.8333333333333333,0.111111111,0.323380833,0.277777778,0.460888599,0.111111111,0.323380833,0.833333333,0.383482494,0.055555556,0.23570226,0.0,0.0,0.0,0.0
17_13_04.bmp,2.333333333333333,0.0,0.0,0.166666667,0.383482494,0.888888889,0.323380833,0.0,0.0,0.166666667,0.383482494,0.055555556,0.23570226,0.0,0.0
05_09_05.bmp,2.055555555555556,0.833333333,0.383482494,0.333333333,0.48507125,0.111111111,0.323380833,0.0,0.0,0.111111111,0.323380833,0.055555556,0.23570226,0.0,0.0
05_04_02.bmp,3.2777777777777777,0.222222222,0.427792632,0.388888889,0.501631326,0.166666667,0.383482494,0.0,0.0,0.0,0.0,0.166666667,0.383482494,0.111111111,0.323380833
01279.jpg,3.0,0.0,0.0,0.611111111,0.501631326,0.0,0.0,0.055555556,0.23570226,0.388888889,0.501631326,0.444444444,0.511309993,0.222222222,0.427792632
01_10_04.bmp,2.2777777777777777,0.888888889,0.323380833,0.444444444,0.511309993,0.111111111,0.323380833,0.055555556,0.23570226,0.055555556,0.23570226,0.0,0.0,0.055555556,0.23570226
04_02_02.bmp,2.388888888888889,0.111111111,0.323380833,0.833333333,0.383482494,0.055555556,0.23570226,0.055555556,0.23570226,0.222222222,0.427792632,0.0,0.0,0.055555556,0.23570226
07_16_04.bmp,2.388888888888889,0.333333333,0.48507125,0.666666667,0.48507125,0.055555556,0.23570226,0.055555556,0.23570226,0.055555556,0.23570226,0.0,0.0,0.0,0.0
0550.jpg,3.1666666666666665,0.111111111,0.323380833,0.333333333,0.48507125,0.055555556,0.23570226,0.111111111,0.323380833,0.722222222,0.460888599,0.0,0.0,0.055555556,0.23570226
34_15_02.bmp,2.333333333333333,0.166666667,0.383482494,0.333333333,0.48507125,0.833333333,0.383482494,0.0,0.0,0.0,0.0,0.055555556,0.23570226,0.055555556,0.23570226
35_01_01.bmp,3.0,0.166666667,0.383482494,0.666666667,0.48507125,0.055555556,0.23570226,0.0,0.0,0.055555556,0.23570226,0.055555556,0.23570226,0.111111111,0.323380833
1080.jpg,3.4444444444444446,0.111111111,0.323380833,0.388888889,0.501631326,0.055555556,0.23570226,0.388888889,0.501631326,0.055555556,0.23570226,0.055555556,0.23570226,0.055555556,0.23570226
31_07_05.bmp,1.3888888888888888,0.111111111,0.323380833,0.833333333,0.383482494,0.055555556,0.23570226,0.0,0.0,0.111111111,0.323380833,0.055555556,0.23570226,0.0,0.0
01300.jpg,3.5,0.388888889,0.501631326,0.388888889,0.501631326,0.0,0.0,0.0,0.0,0.055555556,0.23570226,0.0,0.0,0.111111111,0.323380833
01346.jpg,3.611111111111111,0.055555556,0.23570226,0.722222222,0.460888599,0.055555556,0.23570226,0.0,0.0,0.0,0.0,0.0,0.0,0.055555556,0.23570226
36_25_03.bmp,2.333333333333333,0.055555556,0.23570226,0.222222222,0.427792632,0.111111111,0.323380833,0.0,0.0,0.055555556,0.23570226,0.0,0.0,1.0,0.0
01278.jpg,3.0,0.444444444,0.511309993,0.722222222,0.460888599,0.055555556,0.23570226,0.055555556,0.23570226,0.055555556,0.23570226,0.0,0.0,0.055555556,0.23570226
01399.jpg,3.5,0.166666667,0.383482494,0.555555556,0.511309993,0.111111111,0.323380833,0.055555556,0.23570226,0.0,0.0,0.0,0.0,0.111111111,0.323380833
25_03_01.bmp,3.388888888888889,0.111111111,0.323380833,0.555555556,0.511309993,0.111111111,0.323380833,0.055555556,0.23570226,0.111111111,0.323380833,0.055555556,0.23570226,0.055555556,0.23570226
0387.jpg,2.6666666666666665,0.166666667,0.383482494,0.888888889,0.323380833,0.055555556,0.23570226,0.055555556,0.23570226,0.055555556,0.23570226,0.0,0.0,0.0,0.0
23_04_04.bmp,2.5,0.277777778,0.460888599,0.444444444,0.511309993,0.111111111,0.323380833,0.166666667,0.383482494,0.166666667,0.383482494,0.166666667,0.383482494,0.055555556,0.23570226
20_07_04.bmp,1.4444444444444444,0.111111111,0.323380833,0.777777778,0.427792632,0.055555556,0.23570226,0.0,0.0,0.055555556,0.23570226,0.055555556,0.23570226,0.055555556,0.23570226
07_24_05.bmp,1.2777777777777777,0.0,0.0,0.888888889,0.323380833,0.111111111,0.323380833,0.055555556,0.23570226,0.055555556,0.23570226,0.0,0.0,0.055555556,0.23570226
1064.jpg,3.4444444444444446,0.166666667,0.383482494,0.388888889,0.501631326,0.0,0.0,0.222222222,0.427792632,0.222222222,0.427792632,0.0,0.0,0.111111111,0.323380833
33_14_03.bmp,2.2777777777777777,0.055555556,0.23570226,0.444444444,0.511309993,0.055555556,0.23570226,0.777777778,0.427792632,0.333333333,0.48507125,0.0,0.0,0.0,0.0
01197.jpg,3.555555555555556,0.277777778,0.460888599,0.277777778,0.460888599,0.0,0.0,0.0,0.0,0.444444444,0.511309993,0.055555556,0.23570226,0.0,0.0
33_07_01.bmp,3.055555555555556,0.055555556,0.23570226,0.666666667,0.48507125,0.0,0.0,0.0,0.0,0.388888889,0.501631326,0.0,0.0,0.0,0.0
29_02_01.bmp,3.4444444444444446,0.111111111,0.323380833,0.5,0.514495755,0.0,0.0,0.055555556,0.23570226,0.111111111,0.323380833,0.055555556,0.23570226,0.055555556,0.23570226
0876.jpg,3.6666666666666665,0.055555556,0.23570226,0.5,0.514495755,0.0,0.0,0.055555556,0.23570226,0.111111111,0.323380833,0.055555556,0.23570226,0.0,0.0
0947.jpg,2.611111111111111,0.055555556,0.23570226,0.555555556,0.511309993,0.055555556,0.23570226,0.611111111,0.501631326,0.111111111,0.323380833,0.055555556,0.23570226,0.055555556,0.23570226
06_20_04.bmp,2.2222222222222223,0.833333333,0.383482494,0.222222222,0.427792632,0.111111111,0.323380833,0.055555556,0.23570226,0.111111111,0.323380833,0.055555556,0.23570226,0.111111111,0.323380833
0390.jpg,2.5,0.111111111,0.323380833,0.944444444,0.23570226,0.0,0.0,0.111111111,0.323380833,0.0,0.0,0.055555556,0.23570226,0.0,0.0
31_19_04.bmp,2.388888888888889,0.166666667,0.383482494,0.5,0.514495755,0.666666667,0.48507125,0.0,0.0,0.111111111,0.323380833,0.0,0.0,0.055555556,0.23570226
03_20_03.bmp,2.333333333333333,0.555555556,0.511309993,0.166666667,0.383482494,0.277777778,0.460888599,0.111111111,0.323380833,0.222222222,0.427792632,0.055555556,0.23570226,0.0,0.0
24_21_04.bmp,1.7777777777777777,0.166666667,0.383482494,0.388888889,0.501631326,0.166666667,0.383482494,0.611111111,0.501631326,0.0,0.0,0.0,0.0,0.0,0.0
0160.jpg,2.6666666666666665,0.055555556,0.23570226,0.444444444,0.511309993,0.888888889,0.323380833,0.0,0.0,0.166666667,0.383482494,0.0,0.0,0.055555556,0.23570226
0479.jpg,3.055555555555556,0.0,0.0,0.388888889,0.501631326,0.0,0.0,0.111111111,0.323380833,0.666666667,0.48507125,0.0,0.0,0.055555556,0.23570226
10_05_03.bmp,2.388888888888889,0.333333333,0.48507125,0.722222222,0.460888599,0.055555556,0.23570226,0.0,0.0,0.277777778,0.460888599,0.277777778,0.460888599,0.055555556,0.23570226
08_03_05.bmp,2.555555555555556,0.055555556,0.23570226,0.777777778,0.427792632,0.0,0.0,0.055555556,0.23570226,0.166666667,0.383482494,0.0,0.0,0.0,0.0
02_16_04.bmp,1.9444444444444444,0.444444444,0.511309993,0.833333333,0.383482494,0.0,0.0,0.0,0.0,0.388888889,0.501631326,0.055555556,0.23570226,0.055555556,0.23570226
29_24_01.bmp,3.2222222222222223,0.111111111,0.323380833,0.5,0.514495755,0.055555556,0.23570226,0.055555556,0.23570226,0.055555556,0.23570226,0.111111111,0.323380833,0.111111111,0.323380833
29_08_04.bmp,2.4444444444444446,0.444444444,0.511309993,0.611111111,0.501631326,0.0,0.0,0.055555556,0.23570226,0.111111111,0.323380833,0.111111111,0.323380833,0.0,0.0
08_15_04.bmp,3.333333333333333,0.111111111,0.323380833,0.333333333,0.48507125,0.0,0.0,0.5,0.514495755,0.111111111,0.323380833,0.0,0.0,0.0,0.0
09_10_05.bmp,2.111111111111111,0.777777778,0.427792632,0.444444444,0.511309993,0.111111111,0.323380833,0.0,0.0,0.166666667,0.383482494,0.111111111,0.323380833,0.0,0.0
18_09_05.bmp,2.2222222222222223,0.777777778,0.427792632,0.333333333,0.48507125,0.111111111,0.323380833,0.0,0.0,0.0,0.0,0.0,0.0,0.055555556,0.23570226
37_19_02.bmp,3.2777777777777777,0.055555556,0.23570226,0.5,0.514495755,0.055555556,0.23570226,0.0,0.0,0.055555556,0.23570226,0.111111111,0.323380833,0.055555556,0.23570226
11_25_02.bmp,2.5,0.055555556,0.23570226,0.055555556,0.23570226,0.055555556,0.23570226,0.055555556,0.23570226,0.222222222,0.427792632,0.055555556,0.23570226,0.888888889,0.323380833
23_13_01.bmp,3.555555555555556,0.055555556,0.23570226,0.333333333,0.48507125,0.166666667,0.383482494,0.055555556,0.23570226,0.277777778,0.460888599,0.055555556,0.23570226,0.055555556,0.23570226
04_17_01.bmp,2.7222222222222223,0.166666667,0.383482494,0.666666667,0.48507125,0.111111111,0.323380833,0.055555556,0.23570226,0.166666667,0.383482494,0.055555556,0.23570226,0.055555556,0.23570226
02_03_01.bmp,3.555555555555556,0.055555556,0.23570226,0.222222222,0.427792632,0.055555556,0.23570226,0.055555556,0.23570226,0.555555556,0.511309993,0.0,0.0,0.0,0.0
31_03_02.bmp,3.111111111111111,0.055555556,0.23570226,0.722222222,0.460888599,0.055555556,0.23570226,0.0,0.0,0.222222222,0.427792632,0.0,0.0,0.055555556,0.23570226
1005.jpg,3.388888888888889,0.055555556,0.23570226,0.222222222,0.427792632,0.0,0.0,0.666666667,0.48507125,0.222222222,0.427792632,0.0,0.0,0.055555556,0.23570226
16_19_01.bmp,3.333333333333333,0.055555556,0.23570226,0.222222222,0.427792632,0.111111111,0.323380833,0.0,0.0,0.388888889,0.501631326,0.388888889,0.501631326,0.0,0.0
18_04_02.bmp,3.111111111111111,0.222222222,0.427792632,0.444444444,0.511309993,0.222222222,0.427792632,0.055555556,0.23570226,0.0,0.0,0.055555556,0.23570226,0.055555556,0.23570226
01350.jpg,3.333333333333333,0.055555556,0.23570226,0.722222222,0.460888599,0.055555556,0.23570226,0.0,0.0,0.0,0.0,0.055555556,0.23570226,0.0,0.0
26_04_04.bmp,3.6666666666666665,0.111111111,0.323380833,0.0,0.0,0.277777778,0.460888599,0.055555556,0.23570226,0.055555556,0.23570226,0.055555556,0.23570226,0.055555556,0.23570226
01_16_03.bmp,2.2222222222222223,0.277777778,0.460888599,0.666666667,0.48507125,0.055555556,0.23570226,0.166666667,0.383482494,0.0,0.0,0.0,0.0,0.055555556,0.23570226
16_09_02.bmp,2.6666666666666665,0.833333333,0.383482494,0.166666667,0.383482494,0.055555556,0.23570226,0.0,0.0,0.333333333,0.48507125,0.222222222,0.427792632,0.055555556,0.23570226
36_20_04.bmp,2.333333333333333,0.555555556,0.511309993,0.555555556,0.511309993,0.055555556,0.23570226,0.055555556,0.23570226,0.0,0.0,0.111111111,0.323380833,0.055555556,0.23570226
19_18_02.bmp,2.9444444444444446,0.111111111,0.323380833,0.555555556,0.511309993,0.055555556,0.23570226,0.0,0.0,0.166666667,0.383482494,0.166666667,0.383482494,0.055555556,0.23570226
01464.jpg,3.555555555555556,0.055555556,0.23570226,0.666666667,0.48507125,0.055555556,0.23570226,0.0,0.0,0.055555556,0.23570226,0.0,0.0,0.0,0.0
19_24_03.bmp,2.111111111111111,0.0,0.0,0.888888889,0.323380833,0.0,0.0,0.0,0.0,0.111111111,0.323380833,0.055555556,0.23570226,0.0,0.0
01209.jpg,3.1666666666666665,0.166666667,0.383482494,0.611111111,0.501631326,0.055555556,0.23570226,0.111111111,0.323380833,0.333333333,0.48507125,0.0,0.0,0.277777778,0.460888599
0023.jpg,3.2777777777777777,0.0,0.0,0.333333333,0.48507125,0.666666667,0.48507125,0.0,0.0,0.055555556,0.23570226,0.111111111,0.323380833,0.0,0.0
24_02_01.bmp,3.4444444444444446,0.055555556,0.23570226,0.611111111,0.501631326,0.111111111,0.323380833,0.0,0.0,0.0,0.0,0.0,0.0,0.0,0.0
11_02_04.bmp,1.5555555555555556,0.055555556,0.23570226,0.944444444,0.23570226,0.0,0.0,0.055555556,0.23570226,0.166666667,0.383482494,0.055555556,0.23570226,0.0,0.0
36_24_05.bmp,1.3333333333333333,0.0,0.0,0.944444444,0.23570226,0.166666667,0.383482494,0.0,0.0,0.0,0.0,0.055555556,0.23570226,0.055555556,0.23570226
37_13_05.bmp,3.0,0.055555556,0.23570226,0.222222222,0.427792632,0.666666667,0.48507125,0.111111111,0.323380833,0.055555556,0.23570226,0.055555556,0.23570226,0.0,0.0
06_21_01.bmp,2.5,0.111111111,0.323380833,0.277777778,0.460888599,0.833333333,0.383482494,0.0,0.0,0.0,0.0,0.055555556,0.23570226,0.055555556,0.23570226
0508.jpg,2.9444444444444446,0.055555556,0.23570226,0.388888889,0.501631326,0.055555556,0.23570226,0.555555556,0.511309993,0.666666667,0.48507125,0.0,0.0,0.055555556,0.23570226
29_15_02.bmp,3.333333333333333,0.055555556,0.23570226,0.388888889,0.501631326,0.222222222,0.427792632,0.0,0.0,0.055555556,0.23570226,0.111111111,0.323380833,0.111111111,0.323380833
20_25_04.bmp,2.0,0.055555556,0.23570226,0.166666667,0.383482494,0.055555556,0.23570226,0.0,0.0,0.111111111,0.323380833,0.0,0.0,0.944444444,0.23570226
10_21_04.bmp,1.9444444444444444,0.055555556,0.23570226,0.555555556,0.511309993,0.277777778,0.460888599,0.388888889,0.501631326,0.277777778,0.460888599,0.222222222,0.427792632,0.055555556,0.23570226
0273.jpg,1.8333333333333333,0.333333333,0.48507125,0.388888889,0.501631326,0.0,0.0,0.888888889,0.323380833,0.222222222,0.427792632,0.0,0.0,0.0,0.0
23_08_05.bmp,1.6666666666666667,0.222222222,0.427792632,0.777777778,0.427792632,0.0,0.0,0.055555556,0.23570226,0.166666667,0.383482494,0.111111111,0.323380833,0.0,0.0
0336.jpg,3.0,0.166666667,0.383482494,0.666666667,0.48507125,0.0,0.0,0.111111111,0.323380833,0.055555556,0.23570226,0.0,0.0,0.055555556,0.23570226
30_19_05.bmp,2.388888888888889,0.166666667,0.383482494,0.166666667,0.383482494,0.722222222,0.460888599,0.0,0.0,0.166666667,0.383482494,0.0,0.0,0.055555556,0.23570226
29_18_01.bmp,3.2222222222222223,0.166666667,0.383482494,0.555555556,0.511309993,0.055555556,0.23570226,0.0,0.0,0.055555556,0.23570226,0.166666667,0.383482494,0.0,0.0
24_09_01.bmp,3.1666666666666665,0.5,0.514495755,0.333333333,0.48507125,0.111111111,0.323380833,0.0,0.0,0.055555556,0.23570226,0.0,0.0,0.0,0.0
0080.jpg,2.4444444444444446,0.055555556,0.23570226,0.611111111,0.501631326,0.944444444,0.23570226,0.0,0.0,0.222222222,0.427792632,0.055555556,0.23570226,0.111111111,0.323380833
26_07_05.bmp,1.3333333333333333,0.055555556,0.23570226,0.833333333,0.383482494,0.055555556,0.23570226,0.0,0.0,0.055555556,0.23570226,0.111111111,0.323380833,0.0,0.0
01259.jpg,3.333333333333333,0.333333333,0.48507125,0.444444444,0.511309993,0.055555556,0.23570226,0.0,0.0,0.111111111,0.323380833,0.055555556,0.23570226,0.055555556,0.23570226
19_08_04.bmp,2.1666666666666665,0.277777778,0.460888599,0.722222222,0.460888599,0.055555556,0.23570226,0.055555556,0.23570226,0.055555556,0.23570226,0.166666667,0.383482494,0.055555556,0.23570226
37_03_01.bmp,3.611111111111111,0.111111111,0.323380833,0.444444444,0.511309993,0.055555556,0.23570226,0.111111111,0.323380833,0.055555556,0.23570226,0.055555556,0.23570226,0.0,0.0
25_24_05.bmp,1.3333333333333333,0.166666667,0.383482494,0.888888889,0.323380833,0.055555556,0.23570226,0.0,0.0,0.111111111,0.323380833,0.0,0.0,0.0,0.0
18_25_01.bmp,3.055555555555556,0.055555556,0.23570226,0.166666667,0.383482494,0.055555556,0.23570226,0.055555556,0.23570226,0.0,0.0,0.055555556,0.23570226,0.944444444,0.23570226
0300.jpg,2.111111111111111,0.222222222,0.427792632,0.222222222,0.427792632,0.0,0.0,0.833333333,0.383482494,0.111111111,0.323380833,0.055555556,0.23570226,0.055555556,0.23570226
37_15_01.bmp,3.111111111111111,0.055555556,0.23570226,0.277777778,0.460888599,0.666666667,0.48507125,0.055555556,0.23570226,0.111111111,0.323380833,0.0,0.0,0.0,0.0
01364.jpg,4.111111111111111,0.055555556,0.23570226,0.388888889,0.501631326,0.055555556,0.23570226,0.055555556,0.23570226,0.055555556,0.23570226,0.0,0.0,0.055555556,0.23570226
04_11_02.bmp,2.7222222222222223,0.555555556,0.511309993,0.5,0.514495755,0.111111111,0.323380833,0.0,0.0,0.222222222,0.427792632,0.0,0.0,0.055555556,0.23570226
25_21_05.bmp,1.3888888888888888,0.055555556,0.23570226,0.5,0.514495755,0.111111111,0.323380833,0.666666667,0.48507125,0.166666667,0.383482494,0.055555556,0.23570226,0.0,0.0
31_18_05.bmp,1.7777777777777777,0.111111111,0.323380833,0.833333333,0.383482494,0.0,0.0,0.055555556,0.23570226,0.111111111,0.323380833,0.055555556,0.23570226,0.055555556,0.23570226
31_09_05.bmp,2.2777777777777777,0.777777778,0.427792632,0.222222222,0.427792632,0.111111111,0.323380833,0.0,0.0,0.166666667,0.383482494,0.0,0.0,0.055555556,0.23570226
08_07_05.bmp,1.4444444444444444,0.277777778,0.460888599,0.777777778,0.427792632,0.055555556,0.23570226,0.111111111,0.323380833,0.0,0.0,0.055555556,0.23570226,0.0,0.0
26_17_04.bmp,2.5,0.0,0.0,0.388888889,0.501631326,0.111111111,0.323380833,0.0,0.0,0.166666667,0.383482494,0.222222222,0.427792632,0.222222222,0.427792632
35_08_02.bmp,2.7777777777777777,0.0,0.0,0.722222222,0.460888599,0.055555556,0.23570226,0.0,0.0,0.0,0.0,0.055555556,0.23570226,0.055555556,0.23570226
10_08_05.bmp,1.5555555555555556,0.388888889,0.501631326,0.666666667,0.48507125,0.055555556,0.23570226,0.0,0.0,0.333333333,0.48507125,0.111111111,0.323380833,0.055555556,0.23570226
04_25_05.bmp,2.2222222222222223,0.166666667,0.383482494,0.388888889,0.501631326,0.055555556,0.23570226,0.0,0.0,0.222222222,0.427792632,0.0,0.0,0.944444444,0.23570226
13_17_02.bmp,2.888888888888889,0.055555556,0.23570226,0.444444444,0.511309993,0.111111111,0.323380833,0.055555556,0.23570226,0.222222222,0.427792632,0.166666667,0.383482494,0.222222222,0.427792632
0303.jpg,2.7222222222222223,0.166666667,0.383482494,0.222222222,0.427792632,0.055555556,0.23570226,0.833333333,0.383482494,0.111111111,0.323380833,0.0,0.0,0.055555556,0.23570226
01430.jpg,3.9444444444444446,0.111111111,0.323380833,0.444444444,0.511309993,0.111111111,0.323380833,0.055555556,0.23570226,0.055555556,0.23570226,0.0,0.0,0.166666667,0.383482494
19_25_04.bmp,2.111111111111111,0.111111111,0.323380833,0.055555556,0.23570226,0.055555556,0.23570226,0.0,0.0,0.055555556,0.23570226,0.111111111,0.323380833,0.833333333,0.383482494
21_15_03.bmp,3.388888888888889,0.055555556,0.23570226,0.388888889,0.501631326,0.166666667,0.383482494,0.055555556,0.23570226,0.0,0.0,0.0,0.0,0.0,0.0
10_04_03.bmp,2.6666666666666665,0.277777778,0.460888599,0.388888889,0.501631326,0.166666667,0.383482494,0.166666667,0.383482494,0.277777778,0.460888599,0.333333333,0.48507125,0.0,0.0
01_01_05.bmp,1.3888888888888888,0.111111111,0.323380833,0.944444444,0.23570226,0.055555556,0.23570226,0.055555556,0.23570226,0.055555556,0.23570226,0.0,0.0,0.0,0.0
18_05_04.bmp,1.8888888888888888,0.333333333,0.48507125,0.722222222,0.460888599,0.111111111,0.323380833,0.055555556,0.23570226,0.055555556,0.23570226,0.055555556,0.23570226,0.055555556,0.23570226
24_15_01.bmp,2.333333333333333,0.055555556,0.23570226,0.166666667,0.383482494,0.833333333,0.383482494,0.055555556,0.23570226,0.0,0.0,0.0,0.0,0.0,0.0
0306.jpg,2.388888888888889,0.055555556,0.23570226,0.944444444,0.23570226,0.055555556,0.23570226,0.222222222,0.427792632,0.222222222,0.427792632,0.055555556,0.23570226,0.0,0.0
35_13_05.bmp,1.5,0.055555556,0.23570226,0.111111111,0.323380833,1.0,0.0,0.055555556,0.23570226,0.055555556,0.23570226,0.0,0.0,0.0,0.0
0259.jpg,1.6111111111111112,0.111111111,0.323380833,0.333333333,0.48507125,0.055555556,0.23570226,0.888888889,0.323380833,0.0,0.0,0.055555556,0.23570226,0.0,0.0
36_07_01.bmp,3.2222222222222223,0.111111111,0.323380833,0.555555556,0.511309993,0.111111111,0.323380833,0.0,0.0,0.0,0.0,0.055555556,0.23570226,0.111111111,0.323380833
15_05_03.bmp,2.611111111111111,0.333333333,0.48507125,0.666666667,0.48507125,0.055555556,0.23570226,0.055555556,0.23570226,0.222222222,0.427792632,0.0,0.0,0.0,0.0
29_19_03.bmp,2.7777777777777777,0.388888889,0.501631326,0.611111111,0.501631326,0.222222222,0.427792632,0.0,0.0,0.111111111,0.323380833,0.111111111,0.323380833,0.055555556,0.23570226
08_23_05.bmp,2.2222222222222223,0.166666667,0.383482494,0.055555556,0.23570226,0.0,0.0,0.777777778,0.427792632,0.0,0.0,0.055555556,0.23570226,0.055555556,0.23570226
37_19_05.bmp,2.7777777777777777,0.055555556,0.23570226,0.166666667,0.383482494,0.722222222,0.460888599,0.055555556,0.23570226,0.055555556,0.23570226,0.055555556,0.23570226,0.0,0.0
20_03_05.bmp,1.6111111111111112,0.055555556,0.23570226,0.777777778,0.427792632,0.055555556,0.23570226,0.0,0.0,0.111111111,0.323380833,0.111111111,0.323380833,0.0,0.0
32_09_01.bmp,2.833333333333333,0.388888889,0.501631326,0.444444444,0.511309993,0.055555556,0.23570226,0.111111111,0.323380833,0.333333333,0.48507125,0.055555556,0.23570226,0.0,0.0
01_12_01.bmp,2.888888888888889,0.166666667,0.383482494,0.555555556,0.511309993,0.111111111,0.323380833,0.0,0.0,0.0,0.0,0.055555556,0.23570226,0.055555556,0.23570226
27_07_01.bmp,3.2222222222222223,0.111111111,0.323380833,0.444444444,0.511309993,0.0,0.0,0.111111111,0.323380833,0.5,0.514495755,0.111111111,0.323380833,0.055555556,0.23570226
14_11_05.bmp,2.0,0.833333333,0.383482494,0.277777778,0.460888599,0.055555556,0.23570226,0.0,0.0,0.111111111,0.323380833,0.111111111,0.323380833,0.0,0.0
16_05_04.bmp,2.1666666666666665,0.222222222,0.427792632,0.555555556,0.511309993,0.111111111,0.323380833,0.0,0.0,0.388888889,0.501631326,0.444444444,0.511309993,0.055555556,0.23570226
27_05_01.bmp,3.111111111111111,0.222222222,0.427792632,0.555555556,0.511309993,0.055555556,0.23570226,0.055555556,0.23570226,0.5,0.514495755,0.0,0.0,0.055555556,0.23570226
34_06_02.bmp,2.7222222222222223,0.277777778,0.460888599,0.444444444,0.511309993,0.333333333,0.48507125,0.055555556,0.23570226,0.0,0.0,0.111111111,0.323380833,0.055555556,0.23570226
31_24_01.bmp,3.111111111111111,0.0,0.0,0.555555556,0.511309993,0.055555556,0.23570226,0.055555556,0.23570226,0.166666667,0.383482494,0.0,0.0,0.055555556,0.23570226
20_10_05.bmp,2.111111111111111,0.722222222,0.460888599,0.222222222,0.427792632,0.111111111,0.323380833,0.055555556,0.23570226,0.111111111,0.323380833,0.055555556,0.23570226,0.0,0.0
22_21_04.bmp,1.5555555555555556,0.055555556,0.23570226,0.388888889,0.501631326,0.166666667,0.383482494,0.611111111,0.501631326,0.055555556,0.23570226,0.111111111,0.323380833,0.055555556,0.23570226
31_16_01.bmp,3.111111111111111,0.055555556,0.23570226,0.388888889,0.501631326,0.222222222,0.427792632,0.0,0.0,0.166666667,0.383482494,0.055555556,0.23570226,0.055555556,0.23570226
22_02_02.bmp,2.555555555555556,0.055555556,0.23570226,0.777777778,0.427792632,0.055555556,0.23570226,0.055555556,0.23570226,0.111111111,0.323380833,0.111111111,0.323380833,0.0,0.0
0074.jpg,3.7777777777777777,0.0,0.0,0.166666667,0.383482494,0.555555556,0.511309993,0.0,0.0,0.166666667,0.383482494,0.0,0.0,0.055555556,0.23570226
1081.jpg,3.611111111111111,0.055555556,0.23570226,0.333333333,0.48507125,0.055555556,0.23570226,0.444444444,0.511309993,0.111111111,0.323380833,0.055555556,0.23570226,0.055555556,0.23570226
06_13_02.bmp,3.888888888888889,0.111111111,0.323380833,0.222222222,0.427792632,0.277777778,0.460888599,0.0,0.0,0.0,0.0,0.0,0.0,0.111111111,0.323380833
0797.jpg,3.5,0.055555556,0.23570226,0.666666667,0.48507125,0.0,0.0,0.055555556,0.23570226,0.111111111,0.323380833,0.055555556,0.23570226,0.0,0.0
02_16_01.bmp,3.2222222222222223,0.0,0.0,0.222222222,0.427792632,0.222222222,0.427792632,0.111111111,0.323380833,0.5,0.514495755,0.111111111,0.323380833,0.055555556,0.23570226
0918.jpg,3.7777777777777777,0.111111111,0.323380833,0.5,0.514495755,0.0,0.0,0.0,0.0,0.222222222,0.427792632,0.0,0.0,0.055555556,0.23570226
20_13_04.bmp,2.2777777777777777,0.055555556,0.23570226,0.111111111,0.323380833,0.888888889,0.323380833,0.0,0.0,0.055555556,0.23570226,0.055555556,0.23570226,0.055555556,0.23570226
33_08_01.bmp,3.2777777777777777,0.055555556,0.23570226,0.388888889,0.501631326,0.0,0.0,0.055555556,0.23570226,0.5,0.514495755,0.0,0.0,0.0,0.0
09_25_02.bmp,2.611111111111111,0.055555556,0.23570226,0.055555556,0.23570226,0.111111111,0.323380833,0.055555556,0.23570226,0.055555556,0.23570226,0.0,0.0,0.833333333,0.383482494
0719.jpg,3.5,0.055555556,0.23570226,0.277777778,0.460888599,0.0,0.0,0.0,0.0,0.333333333,0.48507125,0.111111111,0.323380833,0.055555556,0.23570226
23_21_02.bmp,2.4444444444444446,0.055555556,0.23570226,0.166666667,0.383482494,0.777777778,0.427792632,0.111111111,0.323380833,0.055555556,0.23570226,0.0,0.0,0.0,0.0
0543.jpg,2.7222222222222223,0.111111111,0.323380833,0.444444444,0.511309993,0.055555556,0.23570226,0.166666667,0.383482494,0.777777778,0.427792632,0.0,0.0,0.0,0.0
35_19_04.bmp,2.555555555555556,0.055555556,0.23570226,0.388888889,0.501631326,0.555555556,0.511309993,0.0,0.0,0.055555556,0.23570226,0.055555556,0.23570226,0.055555556,0.23570226
36_06_04.bmp,2.5,0.333333333,0.48507125,0.5,0.514495755,0.277777778,0.460888599,0.055555556,0.23570226,0.0,0.0,0.166666667,0.383482494,0.055555556,0.23570226
0983.jpg,3.611111111111111,0.055555556,0.23570226,0.222222222,0.427792632,0.0,0.0,0.611111111,0.501631326,0.111111111,0.323380833,0.0,0.0,0.055555556,0.23570226
05_09_03.bmp,2.333333333333333,0.777777778,0.427792632,0.388888889,0.501631326,0.111111111,0.323380833,0.0,0.0,0.055555556,0.23570226,0.055555556,0.23570226,0.055555556,0.23570226
33_14_02.bmp,2.9444444444444446,0.0,0.0,0.5,0.514495755,0.0,0.0,0.5,0.514495755,0.444444444,0.511309993,0.0,0.0,0.0,0.0
18_09_03.bmp,2.7777777777777777,0.833333333,0.383482494,0.277777778,0.460888599,0.111111111,0.323380833,0.0,0.0,0.0,0.0,0.0,0.0,0.055555556,0.23570226
33_10_04.bmp,2.555555555555556,0.666666667,0.48507125,0.333333333,0.48507125,0.0,0.0,0.0,0.0,0.388888889,0.501631326,0.055555556,0.23570226,0.0,0.0
09_07_01.bmp,3.055555555555556,0.166666667,0.383482494,0.611111111,0.501631326,0.055555556,0.23570226,0.055555556,0.23570226,0.166666667,0.383482494,0.055555556,0.23570226,0.0,0.0
29_12_04.bmp,2.611111111111111,0.666666667,0.48507125,0.333333333,0.48507125,0.0,0.0,0.0,0.0,0.166666667,0.383482494,0.111111111,0.323380833,0.0,0.0
13_03_02.bmp,3.333333333333333,0.111111111,0.323380833,0.666666667,0.48507125,0.055555556,0.23570226,0.0,0.0,0.166666667,0.383482494,0.111111111,0.323380833,0.111111111,0.323380833
30_06_05.bmp,2.0,0.388888889,0.501631326,0.277777778,0.460888599,0.277777778,0.460888599,0.111111111,0.323380833,0.277777778,0.460888599,0.277777778,0.460888599,0.0,0.0
30_03_03.bmp,3.2222222222222223,0.055555556,0.23570226,0.555555556,0.511309993,0.111111111,0.323380833,0.0,0.0,0.333333333,0.48507125,0.0,0.0,0.055555556,0.23570226
08_11_01.bmp,3.8333333333333335,0.444444444,0.511309993,0.055555556,0.23570226,0.055555556,0.23570226,0.111111111,0.323380833,0.055555556,0.23570226,0.0,0.0,0.0,0.0
09_18_01.bmp,2.833333333333333,0.111111111,0.323380833,0.666666667,0.48507125,0.111111111,0.323380833,0.055555556,0.23570226,0.111111111,0.323380833,0.055555556,0.23570226,0.111111111,0.323380833
26_20_05.bmp,3.111111111111111,0.277777778,0.460888599,0.388888889,0.501631326,0.166666667,0.383482494,0.0,0.0,0.055555556,0.23570226,0.166666667,0.383482494,0.0,0.0
06_23_03.bmp,3.0,0.055555556,0.23570226,0.0,0.0,0.0,0.0,0.777777778,0.427792632,0.0,0.0,0.055555556,0.23570226,0.166666667,0.383482494
30_20_02.bmp,2.611111111111111,0.388888889,0.501631326,0.444444444,0.511309993,0.222222222,0.427792632,0.222222222,0.427792632,0.222222222,0.427792632,0.0,0.0,0.0,0.0
01_25_05.bmp,2.0,0.055555556,0.23570226,0.333333333,0.48507125,0.055555556,0.23570226,0.055555556,0.23570226,0.055555556,0.23570226,0.0,0.0,0.888888889,0.323380833
31_12_05.bmp,2.055555555555556,0.777777778,0.427792632,0.222222222,0.427792632,0.111111111,0.323380833,0.0,0.0,0.166666667,0.383482494,0.0,0.0,0.055555556,0.23570226
11_11_04.bmp,2.555555555555556,0.888888889,0.323380833,0.222222222,0.427792632,0.111111111,0.323380833,0.055555556,0.23570226,0.222222222,0.427792632,0.055555556,0.23570226,0.0,0.0
22_25_02.bmp,2.7777777777777777,0.055555556,0.23570226,0.166666667,0.383482494,0.0,0.0,0.0,0.0,0.0,0.0,0.055555556,0.23570226,0.833333333,0.383482494
19_05_02.bmp,2.9444444444444446,0.222222222,0.427792632,0.611111111,0.501631326,0.166666667,0.383482494,0.0,0.0,0.111111111,0.323380833,0.055555556,0.23570226,0.111111111,0.323380833
0831.jpg,3.333333333333333,0.055555556,0.23570226,0.5,0.514495755,0.055555556,0.23570226,0.0,0.0,0.222222222,0.427792632,0.055555556,0.23570226,0.055555556,0.23570226
19_09_05.bmp,2.2777777777777777,0.777777778,0.427792632,0.333333333,0.48507125,0.055555556,0.23570226,0.0,0.0,0.111111111,0.323380833,0.055555556,0.23570226,0.055555556,0.23570226
01450.jpg,3.4444444444444446,0.0,0.0,0.722222222,0.460888599,0.111111111,0.323380833,0.0,0.0,0.055555556,0.23570226,0.0,0.0,0.111111111,0.323380833
02_22_03.bmp,2.2222222222222223,0.5,0.514495755,0.722222222,0.460888599,0.0,0.0,0.055555556,0.23570226,0.277777778,0.460888599,0.055555556,0.23570226,0.0,0.0
29_22_04.bmp,2.333333333333333,0.166666667,0.383482494,0.888888889,0.323380833,0.0,0.0,0.0,0.0,0.166666667,0.383482494,0.111111111,0.323380833,0.0,0.0
23_10_01.bmp,3.4444444444444446,0.277777778,0.460888599,0.388888889,0.501631326,0.0,0.0,0.0,0.0,0.277777778,0.460888599,0.055555556,0.23570226,0.055555556,0.23570226
36_05_05.bmp,1.4444444444444444,0.277777778,0.460888599,0.833333333,0.383482494,0.111111111,0.323380833,0.0,0.0,0.055555556,0.23570226,0.0,0.0,0.055555556,0.23570226
15_03_02.bmp,3.055555555555556,0.0,0.0,0.777777778,0.427792632,0.0,0.0,0.0,0.0,0.333333333,0.48507125,0.055555556,0.23570226,0.055555556,0.23570226
11_05_04.bmp,2.0,0.444444444,0.511309993,0.666666667,0.48507125,0.0,0.0,0.111111111,0.323380833,0.333333333,0.48507125,0.055555556,0.23570226,0.0,0.0
17_17_04.bmp,2.333333333333333,0.111111111,0.323380833,0.444444444,0.511309993,0.055555556,0.23570226,0.055555556,0.23570226,0.333333333,0.48507125,0.222222222,0.427792632,0.166666667,0.383482494
36_07_04.bmp,1.8333333333333333,0.055555556,0.23570226,0.888888889,0.323380833,0.111111111,0.323380833,0.0,0.0,0.0,0.0,0.055555556,0.23570226,0.055555556,0.23570226
20_15_05.bmp,3.055555555555556,0.055555556,0.23570226,0.166666667,0.383482494,0.055555556,0.23570226,0.333333333,0.48507125,0.166666667,0.383482494,0.055555556,0.23570226,0.0,0.0
06_19_01.bmp,3.6666666666666665,0.277777778,0.460888599,0.222222222,0.427792632,0.166666667,0.383482494,0.0,0.0,0.055555556,0.23570226,0.055555556,0.23570226,0.055555556,0.23570226
05_05_01.bmp,3.2222222222222223,0.222222222,0.427792632,0.5,0.514495755,0.055555556,0.23570226,0.0,0.0,0.0,0.0,0.111111111,0.323380833,0.111111111,0.323380833
1042.jpg,3.055555555555556,0.055555556,0.23570226,0.555555556,0.511309993,0.0,0.0,0.444444444,0.511309993,0.166666667,0.383482494,0.0,0.0,0.0,0.0
26_11_05.bmp,2.4444444444444446,0.777777778,0.427792632,0.166666667,0.383482494,0.111111111,0.323380833,0.055555556,0.23570226,0.055555556,0.23570226,0.0,0.0,0.0,0.0
09_25_04.bmp,2.111111111111111,0.055555556,0.23570226,0.111111111,0.323380833,0.055555556,0.23570226,0.0,0.0,0.055555556,0.23570226,0.0,0.0,0.944444444,0.23570226
0433.jpg,2.888888888888889,0.111111111,0.323380833,0.777777778,0.427792632,0.0,0.0,0.111111111,0.323380833,0.0,0.0,0.0,0.0,0.055555556,0.23570226
0743.jpg,3.1666666666666665,0.055555556,0.23570226,0.555555556,0.511309993,0.0,0.0,0.0,0.0,0.0,0.0,0.111111111,0.323380833,0.0,0.0
19_17_05.bmp,2.111111111111111,0.166666667,0.383482494,0.333333333,0.48507125,0.055555556,0.23570226,0.055555556,0.23570226,0.277777778,0.460888599,0.222222222,0.427792632,0.111111111,0.323380833
07_17_05.bmp,2.2222222222222223,0.166666667,0.383482494,0.5,0.514495755,0.055555556,0.23570226,0.0,0.0,0.277777778,0.460888599,0.111111111,0.323380833,0.222222222,0.427792632
14_09_02.bmp,2.833333333333333,0.833333333,0.383482494,0.166666667,0.383482494,0.111111111,0.323380833,0.0,0.0,0.055555556,0.23570226,0.055555556,0.23570226,0.111111111,0.323380833
10_09_05.bmp,1.9444444444444444,0.777777778,0.427792632,0.333333333,0.48507125,0.0,0.0,0.0,0.0,0.333333333,0.48507125,0.166666667,0.383482494,0.0,0.0
21_19_03.bmp,2.611111111111111,0.166666667,0.383482494,0.388888889,0.501631326,0.5,0.514495755,0.0,0.0,0.0,0.0,0.0,0.0,0.055555556,0.23570226
19_19_01.bmp,3.2222222222222223,0.166666667,0.383482494,0.277777778,0.460888599,0.222222222,0.427792632,0.0,0.0,0.111111111,0.323380833,0.111111111,0.323380833,0.055555556,0.23570226
35_22_01.bmp,2.388888888888889,0.222222222,0.427792632,0.722222222,0.460888599,0.277777778,0.460888599,0.055555556,0.23570226,0.055555556,0.23570226,0.0,0.0,0.055555556,0.23570226
14_18_03.bmp,2.2777777777777777,0.166666667,0.383482494,0.666666667,0.48507125,0.166666667,0.383482494,0.055555556,0.23570226,0.055555556,0.23570226,0.055555556,0.23570226,0.0,0.0
01353.jpg,2.333333333333333,0.055555556,0.23570226,0.833333333,0.383482494,0.166666667,0.383482494,0.055555556,0.23570226,0.0,0.0,0.055555556,0.23570226,0.055555556,0.23570226
37_15_05.bmp,2.4444444444444446,0.166666667,0.383482494,0.444444444,0.511309993,0.0,0.0,0.722222222,0.460888599,0.166666667,0.383482494,0.055555556,0.23570226,0.055555556,0.23570226
28_08_04.bmp,2.4444444444444446,0.277777778,0.460888599,0.611111111,0.501631326,0.0,0.0,0.111111111,0.323380833,0.166666667,0.383482494,0.055555556,0.23570226,0.0,0.0
11_02_05.bmp,1.3888888888888888,0.0,0.0,0.944444444,0.23570226,0.0,0.0,0.055555556,0.23570226,0.222222222,0.427792632,0.0,0.0,0.0,0.0
24_08_03.bmp,2.555555555555556,0.166666667,0.383482494,0.777777778,0.427792632,0.055555556,0.23570226,0.0,0.0,0.055555556,0.23570226,0.0,0.0,0.055555556,0.23570226
34_10_03.bmp,2.6666666666666665,0.555555556,0.511309993,0.444444444,0.511309993,0.055555556,0.23570226,0.055555556,0.23570226,0.055555556,0.23570226,0.0,0.0,0.111111111,0.323380833
27_18_05.bmp,1.7777777777777777,0.222222222,0.427792632,0.722222222,0.460888599,0.0,0.0,0.0,0.0,0.333333333,0.48507125,0.055555556,0.23570226,0.111111111,0.323380833
03_17_03.bmp,2.7777777777777777,0.055555556,0.23570226,0.444444444,0.511309993,0.0,0.0,0.111111111,0.323380833,0.277777778,0.460888599,0.166666667,0.383482494,0.277777778,0.460888599
02_04_03.bmp,3.055555555555556,0.222222222,0.427792632,0.222222222,0.427792632,0.222222222,0.427792632,0.0,0.0,0.555555556,0.511309993,0.166666667,0.383482494,0.055555556,0.23570226
11_15_04.bmp,2.833333333333333,0.055555556,0.23570226,0.277777778,0.460888599,0.111111111,0.323380833,0.444444444,0.511309993,0.277777778,0.460888599,0.055555556,0.23570226,0.0,0.0
33_13_02.bmp,3.2222222222222223,0.111111111,0.323380833,0.333333333,0.48507125,0.111111111,0.323380833,0.0,0.0,0.5,0.514495755,0.0,0.0,0.0,0.0
02_08_03.bmp,2.5,0.444444444,0.511309993,0.555555556,0.511309993,0.111111111,0.323380833,0.0,0.0,0.444444444,0.511309993,0.166666667,0.383482494,0.055555556,0.23570226
37_16_04.bmp,2.2777777777777777,0.166666667,0.383482494,0.888888889,0.323380833,0.055555556,0.23570226,0.0,0.0,0.055555556,0.23570226,0.111111111,0.323380833,0.0,0.0
09_14_04.bmp,2.055555555555556,0.222222222,0.427792632,0.277777778,0.460888599,0.166666667,0.383482494,0.555555556,0.511309993,0.166666667,0.383482494,0.055555556,0.23570226,0.055555556,0.23570226
0267.jpg,2.055555555555556,0.111111111,0.323380833,0.388888889,0.501631326,0.0,0.0,0.888888889,0.323380833,0.0,0.0,0.0,0.0,0.0,0.0
33_24_01.bmp,3.388888888888889,0.111111111,0.323380833,0.444444444,0.511309993,0.0,0.0,0.055555556,0.23570226,0.5,0.514495755,0.0,0.0,0.0,0.0
26_20_03.bmp,3.2777777777777777,0.166666667,0.383482494,0.444444444,0.511309993,0.166666667,0.383482494,0.0,0.0,0.111111111,0.323380833,0.055555556,0.23570226,0.055555556,0.23570226
17_16_04.bmp,2.333333333333333,0.277777778,0.460888599,0.777777778,0.427792632,0.055555556,0.23570226,0.0,0.0,0.222222222,0.427792632,0.0,0.0,0.0,0.0
17_17_03.bmp,2.4444444444444446,0.055555556,0.23570226,0.444444444,0.511309993,0.055555556,0.23570226,0.0,0.0,0.388888889,0.501631326,0.166666667,0.383482494,0.166666667,0.383482494
37_19_03.bmp,2.9444444444444446,0.388888889,0.501631326,0.444444444,0.511309993,0.333333333,0.48507125,0.111111111,0.323380833,0.055555556,0.23570226,0.055555556,0.23570226,0.0,0.0
32_03_03.bmp,2.2222222222222223,0.055555556,0.23570226,0.777777778,0.427792632,0.166666667,0.383482494,0.0,0.0,0.444444444,0.511309993,0.055555556,0.23570226,0.055555556,0.23570226
10_19_03.bmp,2.7777777777777777,0.333333333,0.48507125,0.333333333,0.48507125,0.388888889,0.501631326,0.0,0.0,0.333333333,0.48507125,0.222222222,0.427792632,0.0,0.0
06_12_01.bmp,3.7222222222222223,0.333333333,0.48507125,0.111111111,0.323380833,0.111111111,0.323380833,0.0,0.0,0.0,0.0,0.055555556,0.23570226,0.055555556,0.23570226
23_06_05.bmp,1.6666666666666667,0.333333333,0.48507125,0.333333333,0.48507125,0.222222222,0.427792632,0.111111111,0.323380833,0.222222222,0.427792632,0.222222222,0.427792632,0.0,0.0
23_03_05.bmp,1.9444444444444444,0.055555556,0.23570226,0.944444444,0.23570226,0.055555556,0.23570226,0.0,0.0,0.277777778,0.460888599,0.0,0.0,0.0,0.0
16_12_05.bmp,2.2777777777777777,0.888888889,0.323380833,0.166666667,0.383482494,0.111111111,0.323380833,0.0,0.0,0.277777778,0.460888599,0.333333333,0.48507125,0.0,0.0
18_05_03.bmp,2.333333333333333,0.333333333,0.48507125,0.611111111,0.501631326,0.166666667,0.383482494,0.055555556,0.23570226,0.055555556,0.23570226,0.0,0.0,0.111111111,0.323380833
01227.jpg,4.555555555555555,0.111111111,0.323380833,0.055555556,0.23570226,0.0,0.0,0.055555556,0.23570226,0.111111111,0.323380833,0.111111111,0.323380833,0.111111111,0.323380833
36_07_05.bmp,1.5,0.055555556,0.23570226,0.833333333,0.383482494,0.055555556,0.23570226,0.055555556,0.23570226,0.0,0.0,0.055555556,0.23570226,0.055555556,0.23570226
11_08_04.bmp,1.9444444444444444,0.388888889,0.501631326,0.777777778,0.427792632,0.0,0.0,0.055555556,0.23570226,0.166666667,0.383482494,0.055555556,0.23570226,0.055555556,0.23570226
0130.jpg,3.1666666666666665,0.111111111,0.323380833,0.222222222,0.427792632,0.888888889,0.323380833,0.0,0.0,0.0,0.0,0.0,0.0,0.055555556,0.23570226
25_20_04.bmp,1.9444444444444444,0.611111111,0.501631326,0.5,0.514495755,0.222222222,0.427792632,0.222222222,0.427792632,0.166666667,0.383482494,0.055555556,0.23570226,0.055555556,0.23570226
25_13_02.bmp,3.0,0.055555556,0.23570226,0.333333333,0.48507125,0.388888889,0.501631326,0.055555556,0.23570226,0.111111111,0.323380833,0.055555556,0.23570226,0.055555556,0.23570226
36_13_01.bmp,3.2777777777777777,0.055555556,0.23570226,0.444444444,0.511309993,0.333333333,0.48507125,0.055555556,0.23570226,0.0,0.0,0.055555556,0.23570226,0.055555556,0.23570226
01241.jpg,3.333333333333333,0.333333333,0.48507125,0.444444444,0.511309993,0.0,0.0,0.111111111,0.323380833,0.333333333,0.48507125,0.0,0.0,0.0,0.0
07_12_02.bmp,2.7777777777777777,0.722222222,0.460888599,0.388888889,0.501631326,0.055555556,0.23570226,0.055555556,0.23570226,0.111111111,0.323380833,0.0,0.0,0.055555556,0.23570226
28_15_02.bmp,2.7777777777777777,0.055555556,0.23570226,0.277777778,0.460888599,0.611111111,0.501631326,0.0,0.0,0.222222222,0.427792632,0.0,0.0,0.0,0.0
18_13_04.bmp,2.888888888888889,0.055555556,0.23570226,0.222222222,0.427792632,0.833333333,0.383482494,0.055555556,0.23570226,0.0,0.0,0.0,0.0,0.055555556,0.23570226
23_25_01.bmp,3.1666666666666665,0.055555556,0.23570226,0.111111111,0.323380833,0.0,0.0,0.0,0.0,0.166666667,0.383482494,0.055555556,0.23570226,0.777777778,0.427792632
22_06_04.bmp,2.1666666666666665,0.444444444,0.511309993,0.333333333,0.48507125,0.111111111,0.323380833,0.111111111,0.323380833,0.111111111,0.323380833,0.277777778,0.460888599,0.0,0.0
32_22_04.bmp,2.055555555555556,0.166666667,0.383482494,0.722222222,0.460888599,0.055555556,0.23570226,0.0,0.0,0.388888889,0.501631326,0.055555556,0.23570226,0.0,0.0
20_04_04.bmp,2.2222222222222223,0.333333333,0.48507125,0.277777778,0.460888599,0.166666667,0.383482494,0.0,0.0,0.111111111,0.323380833,0.333333333,0.48507125,0.0,0.0
10_10_02.bmp,2.833333333333333,0.555555556,0.511309993,0.444444444,0.511309993,0.055555556,0.23570226,0.0,0.0,0.277777778,0.460888599,0.111111111,0.323380833,0.0,0.0
30_07_04.bmp,2.111111111111111,0.277777778,0.460888599,0.722222222,0.460888599,0.055555556,0.23570226,0.0,0.0,0.333333333,0.48507125,0.055555556,0.23570226,0.0,0.0
32_04_03.bmp,2.2777777777777777,0.277777778,0.460888599,0.5,0.514495755,0.166666667,0.383482494,0.055555556,0.23570226,0.444444444,0.511309993,0.222222222,0.427792632,0.055555556,0.23570226
06_11_04.bmp,2.4444444444444446,0.722222222,0.460888599,0.222222222,0.427792632,0.055555556,0.23570226,0.055555556,0.23570226,0.055555556,0.23570226,0.111111111,0.323380833,0.0,0.0
01_18_05.bmp,1.5,0.166666667,0.383482494,0.833333333,0.383482494,0.222222222,0.427792632,0.0,0.0,0.0,0.0,0.0,0.0,0.111111111,0.323380833
0305.jpg,2.055555555555556,0.111111111,0.323380833,0.888888889,0.323380833,0.0,0.0,0.111111111,0.323380833,0.222222222,0.427792632,0.0,0.0,0.055555556,0.23570226
01178.jpg,4.111111111111111,0.166666667,0.383482494,0.111111111,0.323380833,0.0,0.0,0.0,0.0,0.555555556,0.511309993,0.0,0.0,0.055555556,0.23570226
01277.jpg,4.111111111111111,0.166666667,0.383482494,0.333333333,0.48507125,0.111111111,0.323380833,0.055555556,0.23570226,0.277777778,0.460888599,0.0,0.0,0.0,0.0
01304.jpg,3.1666666666666665,0.444444444,0.511309993,0.388888889,0.501631326,0.055555556,0.23570226,0.166666667,0.383482494,0.277777778,0.460888599,0.0,0.0,0.0,0.0
24_21_03.bmp,2.7222222222222223,0.111111111,0.323380833,0.388888889,0.501631326,0.333333333,0.48507125,0.111111111,0.323380833,0.055555556,0.23570226,0.0,0.0,0.0,0.0
07_05_01.bmp,3.333333333333333,0.055555556,0.23570226,0.555555556,0.511309993,0.166666667,0.383482494,0.0,0.0,0.166666667,0.383482494,0.0,0.0,0.111111111,0.323380833
0022.jpg,3.388888888888889,0.055555556,0.23570226,0.277777778,0.460888599,0.777777778,0.427792632,0.0,0.0,0.0,0.0,0.0,0.0,0.0,0.0
11_16_01.bmp,2.833333333333333,0.111111111,0.323380833,0.333333333,0.48507125,0.444444444,0.511309993,0.166666667,0.383482494,0.277777778,0.460888599,0.055555556,0.23570226,0.055555556,0.23570226
05_14_03.bmp,2.888888888888889,0.166666667,0.383482494,0.5,0.514495755,0.111111111,0.323380833,0.333333333,0.48507125,0.055555556,0.23570226,0.0,0.0,0.055555556,0.23570226
01378.jpg,3.555555555555556,0.0,0.0,0.666666667,0.48507125,0.055555556,0.23570226,0.055555556,0.23570226,0.0,0.0,0.055555556,0.23570226,0.055555556,0.23570226
25_20_05.bmp,1.7777777777777777,0.722222222,0.460888599,0.444444444,0.511309993,0.277777778,0.460888599,0.166666667,0.383482494,0.222222222,0.427792632,0.055555556,0.23570226,0.0,0.0
13_16_03.bmp,2.833333333333333,0.166666667,0.383482494,0.5,0.514495755,0.055555556,0.23570226,0.055555556,0.23570226,0.111111111,0.323380833,0.0,0.0,0.0,0.0
01439.jpg,3.7222222222222223,0.055555556,0.23570226,0.444444444,0.511309993,0.111111111,0.323380833,0.0,0.0,0.055555556,0.23570226,0.055555556,0.23570226,0.0,0.0
28_17_03.bmp,2.6666666666666665,0.055555556,0.23570226,0.555555556,0.511309993,0.055555556,0.23570226,0.055555556,0.23570226,0.333333333,0.48507125,0.277777778,0.460888599,0.166666667,0.383482494
0674.jpg,3.388888888888889,0.055555556,0.23570226,0.277777778,0.460888599,0.055555556,0.23570226,0.055555556,0.23570226,0.277777778,0.460888599,0.055555556,0.23570226,0.111111111,0.323380833
03_01_03.bmp,3.555555555555556,0.055555556,0.23570226,0.555555556,0.511309993,0.111111111,0.323380833,0.0,0.0,0.111111111,0.323380833,0.111111111,0.323380833,0.111111111,0.323380833
0257.jpg,1.7777777777777777,0.111111111,0.323380833,0.388888889,0.501631326,0.055555556,0.23570226,0.833333333,0.383482494,0.055555556,0.23570226,0.0,0.0,0.055555556,0.23570226
21_22_04.bmp,1.7222222222222223,0.111111111,0.323380833,0.888888889,0.323380833,0.0,0.0,0.0,0.0,0.055555556,0.23570226,0.0,0.0,0.0,0.0
13_19_03.bmp,3.111111111111111,0.333333333,0.48507125,0.222222222,0.427792632,0.277777778,0.460888599,0.111111111,0.323380833,0.111111111,0.323380833,0.055555556,0.23570226,0.055555556,0.23570226
0602.jpg,3.2222222222222223,0.055555556,0.23570226,0.333333333,0.48507125,0.0,0.0,0.055555556,0.23570226,0.555555556,0.511309993,0.055555556,0.23570226,0.055555556,0.23570226
35_22_04.bmp,1.7222222222222223,0.222222222,0.427792632,0.888888889,0.323380833,0.166666667,0.383482494,0.055555556,0.23570226,0.0,0.0,0.0,0.0,0.0,0.0
11_18_01.bmp,2.9444444444444446,0.055555556,0.23570226,0.666666667,0.48507125,0.055555556,0.23570226,0.055555556,0.23570226,0.333333333,0.48507125,0.111111111,0.323380833,0.0,0.0
1131.jpg,2.6666666666666665,0.055555556,0.23570226,0.277777778,0.460888599,0.0,0.0,0.166666667,0.383482494,0.611111111,0.501631326,0.444444444,0.511309993,0.055555556,0.23570226
15_01_01.bmp,3.555555555555556,0.055555556,0.23570226,0.333333333,0.48507125,0.0,0.0,0.055555556,0.23570226,0.388888889,0.501631326,0.0,0.0,0.111111111,0.323380833
01_11_01.bmp,2.7777777777777777,0.5,0.514495755,0.444444444,0.511309993,0.277777778,0.460888599,0.0,0.0,0.055555556,0.23570226,0.055555556,0.23570226,0.055555556,0.23570226
11_23_04.bmp,2.2777777777777777,0.055555556,0.23570226,0.277777778,0.460888599,0.0,0.0,0.833333333,0.383482494,0.222222222,0.427792632,0.111111111,0.323380833,0.0,0.0
31_11_03.bmp,2.6666666666666665,0.611111111,0.501631326,0.166666667,0.383482494,0.111111111,0.323380833,0.055555556,0.23570226,0.166666667,0.383482494,0.0,0.0,0.055555556,0.23570226
09_12_02.bmp,2.888888888888889,0.555555556,0.511309993,0.5,0.514495755,0.111111111,0.323380833,0.0,0.0,0.166666667,0.383482494,0.055555556,0.23570226,0.0,0.0
11_05_05.bmp,1.9444444444444444,0.388888889,0.501631326,0.666666667,0.48507125,0.055555556,0.23570226,0.055555556,0.23570226,0.333333333,0.48507125,0.055555556,0.23570226,0.055555556,0.23570226
04_01_04.bmp,1.7222222222222223,0.166666667,0.383482494,0.888888889,0.323380833,0.222222222,0.427792632,0.0,0.0,0.111111111,0.323380833,0.0,0.0,0.111111111,0.323380833
28_07_03.bmp,2.7222222222222223,0.111111111,0.323380833,0.611111111,0.501631326,0.166666667,0.383482494,0.0,0.0,0.166666667,0.383482494,0.055555556,0.23570226,0.0,0.0
01330.jpg,2.7222222222222223,0.166666667,0.383482494,0.666666667,0.48507125,0.111111111,0.323380833,0.0,0.0,0.0,0.0,0.0,0.0,0.111111111,0.323380833
24_02_04.bmp,1.3888888888888888,0.0,0.0,1.0,0.0,0.055555556,0.23570226,0.0,0.0,0.0,0.0,0.0,0.0,0.0,0.0
28_09_01.bmp,2.888888888888889,0.555555556,0.511309993,0.333333333,0.48507125,0.111111111,0.323380833,0.0,0.0,0.222222222,0.427792632,0.055555556,0.23570226,0.0,0.0
1030.jpg,3.055555555555556,0.111111111,0.323380833,0.222222222,0.427792632,0.0,0.0,0.555555556,0.511309993,0.277777778,0.460888599,0.0,0.0,0.055555556,0.23570226
26_05_01.bmp,3.7777777777777777,0.222222222,0.427792632,0.222222222,0.427792632,0.111111111,0.323380833,0.0,0.0,0.055555556,0.23570226,0.0,0.0,0.055555556,0.23570226
26_22_02.bmp,2.888888888888889,0.166666667,0.383482494,0.666666667,0.48507125,0.166666667,0.383482494,0.0,0.0,0.055555556,0.23570226,0.0,0.0,0.0,0.0
12_08_01.bmp,3.4444444444444446,0.222222222,0.427792632,0.388888889,0.501631326,0.055555556,0.23570226,0.0,0.0,0.166666667,0.383482494,0.0,0.0,0.055555556,0.23570226
0805.jpg,3.5,0.111111111,0.323380833,0.444444444,0.511309993,0.0,0.0,0.055555556,0.23570226,0.166666667,0.383482494,0.0,0.0,0.055555556,0.23570226
21_11_04.bmp,2.4444444444444446,0.833333333,0.383482494,0.222222222,0.427792632,0.0,0.0,0.055555556,0.23570226,0.055555556,0.23570226,0.055555556,0.23570226,0.055555556,0.23570226
17_22_05.bmp,1.6111111111111112,0.222222222,0.427792632,0.833333333,0.383482494,0.0,0.0,0.111111111,0.323380833,0.222222222,0.427792632,0.055555556,0.23570226,0.0,0.0
34_21_03.bmp,2.1666666666666665,0.166666667,0.383482494,0.333333333,0.48507125,0.611111111,0.501631326,0.055555556,0.23570226,0.055555556,0.23570226,0.0,0.0,0.055555556,0.23570226
01360.jpg,4.277777777777778,0.055555556,0.23570226,0.388888889,0.501631326,0.222222222,0.427792632,0.055555556,0.23570226,0.0,0.0,0.0,0.0,0.0,0.0
27_08_01.bmp,3.111111111111111,0.055555556,0.23570226,0.5,0.514495755,0.0,0.0,0.111111111,0.323380833,0.444444444,0.511309993,0.0,0.0,0.055555556,0.23570226
0496.jpg,2.7222222222222223,0.111111111,0.323380833,0.388888889,0.501631326,0.0,0.0,0.5,0.514495755,0.611111111,0.501631326,0.0,0.0,0.0,0.0
02_21_01.bmp,2.6666666666666665,0.055555556,0.23570226,0.166666667,0.383482494,0.777777778,0.427792632,0.055555556,0.23570226,0.166666667,0.383482494,0.055555556,0.23570226,0.0,0.0
25_12_01.bmp,3.055555555555556,0.5,0.514495755,0.388888889,0.501631326,0.055555556,0.23570226,0.0,0.0,0.111111111,0.323380833,0.111111111,0.323380833,0.055555556,0.23570226
14_15_04.bmp,3.555555555555556,0.055555556,0.23570226,0.388888889,0.501631326,0.0,0.0,0.055555556,0.23570226,0.055555556,0.23570226,0.055555556,0.23570226,0.055555556,0.23570226
06_10_05.bmp,2.2222222222222223,0.777777778,0.427792632,0.166666667,0.383482494,0.055555556,0.23570226,0.0,0.0,0.111111111,0.323380833,0.055555556,0.23570226,0.055555556,0.23570226
02_17_01.bmp,2.7777777777777777,0.111111111,0.323380833,0.333333333,0.48507125,0.055555556,0.23570226,0.0,0.0,0.444444444,0.511309993,0.111111111,0.323380833,0.166666667,0.383482494
09_25_01.bmp,2.833333333333333,0.055555556,0.23570226,0.166666667,0.383482494,0.055555556,0.23570226,0.0,0.0,0.111111111,0.323380833,0.0,0.0,0.833333333,0.383482494
24_03_05.bmp,1.7777777777777777,0.111111111,0.323380833,0.833333333,0.383482494,0.0,0.0,0.055555556,0.23570226,0.055555556,0.23570226,0.0,0.0,0.0,0.0
22_05_03.bmp,2.111111111111111,0.277777778,0.460888599,0.722222222,0.460888599,0.111111111,0.323380833,0.0,0.0,0.111111111,0.323380833,0.111111111,0.323380833,0.0,0.0
24_04_03.bmp,2.333333333333333,0.333333333,0.48507125,0.444444444,0.511309993,0.222222222,0.427792632,0.055555556,0.23570226,0.055555556,0.23570226,0.0,0.0,0.0,0.0
11_15_05.bmp,2.5,0.055555556,0.23570226,0.222222222,0.427792632,0.111111111,0.323380833,0.666666667,0.48507125,0.222222222,0.427792632,0.111111111,0.323380833,0.0,0.0
31_03_04.bmp,2.333333333333333,0.055555556,0.23570226,0.833333333,0.383482494,0.0,0.0,0.0,0.0,0.222222222,0.427792632,0.0,0.0,0.055555556,0.23570226
20_16_05.bmp,1.5,0.111111111,0.323380833,0.888888889,0.323380833,0.055555556,0.23570226,0.0,0.0,0.055555556,0.23570226,0.055555556,0.23570226,0.0,0.0
05_23_05.bmp,1.8888888888888888,0.055555556,0.23570226,0.277777778,0.460888599,0.055555556,0.23570226,0.722222222,0.460888599,0.0,0.0,0.111111111,0.323380833,0.222222222,0.427792632
13_21_01.bmp,3.111111111111111,0.055555556,0.23570226,0.222222222,0.427792632,0.777777778,0.427792632,0.055555556,0.23570226,0.055555556,0.23570226,0.0,0.0,0.055555556,0.23570226
22_03_05.bmp,1.5555555555555556,0.0,0.0,0.833333333,0.383482494,0.0,0.0,0.0,0.0,0.111111111,0.323380833,0.111111111,0.323380833,0.0,0.0
25_14_04.bmp,2.388888888888889,0.055555556,0.23570226,0.333333333,0.48507125,0.055555556,0.23570226,0.722222222,0.460888599,0.111111111,0.323380833,0.055555556,0.23570226,0.055555556,0.23570226
01445.jpg,3.2777777777777777,0.111111111,0.323380833,0.666666667,0.48507125,0.111111111,0.323380833,0.055555556,0.23570226,0.0,0.0,0.055555556,0.23570226,0.055555556,0.23570226
07_11_03.bmp,2.333333333333333,0.833333333,0.383482494,0.222222222,0.427792632,0.111111111,0.323380833,0.0,0.0,0.111111111,0.323380833,0.111111111,0.323380833,0.055555556,0.23570226
01385.jpg,3.5,0.0,0.0,0.722222222,0.460888599,0.111111111,0.323380833,0.0,0.0,0.0,0.0,0.0,0.0,0.111111111,0.323380833
11_12_04.bmp,2.388888888888889,0.722222222,0.460888599,0.388888889,0.501631326,0.111111111,0.323380833,0.055555556,0.23570226,0.277777778,0.460888599,0.055555556,0.23570226,0.0,0.0
25_12_03.bmp,2.388888888888889,0.777777778,0.427792632,0.333333333,0.48507125,0.055555556,0.23570226,0.0,0.0,0.166666667,0.383482494,0.0,0.0,0.055555556,0.23570226
07_23_02.bmp,2.5,0.111111111,0.323380833,0.277777778,0.460888599,0.0,0.0,0.777777778,0.427792632,0.055555556,0.23570226,0.0,0.0,0.055555556,0.23570226
31_19_02.bmp,2.833333333333333,0.222222222,0.427792632,0.5,0.514495755,0.166666667,0.383482494,0.0,0.0,0.222222222,0.427792632,0.0,0.0,0.055555556,0.23570226
13_08_01.bmp,3.5,0.111111111,0.323380833,0.444444444,0.511309993,0.111111111,0.323380833,0.0,0.0,0.111111111,0.323380833,0.0,0.0,0.055555556,0.23570226
36_14_01.bmp,3.333333333333333,0.111111111,0.323380833,0.555555556,0.511309993,0.166666667,0.383482494,0.0,0.0,0.055555556,0.23570226,0.0,0.0,0.055555556,0.23570226
03_08_03.bmp,3.333333333333333,0.333333333,0.48507125,0.5,0.514495755,0.055555556,0.23570226,0.0,0.0,0.111111111,0.323380833,0.0,0.0,0.055555556,0.23570226
1009.jpg,3.555555555555556,0.055555556,0.23570226,0.166666667,0.383482494,0.0,0.0,0.611111111,0.501631326,0.222222222,0.427792632,0.055555556,0.23570226,0.111111111,0.323380833
37_04_04.bmp,2.555555555555556,0.333333333,0.48507125,0.444444444,0.511309993,0.277777778,0.460888599,0.055555556,0.23570226,0.055555556,0.23570226,0.222222222,0.427792632,0.0,0.0
15_12_02.bmp,3.0,0.611111111,0.501631326,0.166666667,0.383482494,0.111111111,0.323380833,0.0,0.0,0.277777778,0.460888599,0.0,0.0,0.055555556,0.23570226
17_19_03.bmp,2.9444444444444446,0.166666667,0.383482494,0.388888889,0.501631326,0.444444444,0.511309993,0.0,0.0,0.222222222,0.427792632,0.111111111,0.323380833,0.0,0.0
27_13_01.bmp,3.0,0.166666667,0.383482494,0.444444444,0.511309993,0.0,0.0,0.0,0.0,0.444444444,0.511309993,0.0,0.0,0.0,0.0
37_18_02.bmp,2.9444444444444446,0.111111111,0.323380833,0.777777778,0.427792632,0.055555556,0.23570226,0.0,0.0,0.111111111,0.323380833,0.055555556,0.23570226,0.055555556,0.23570226
11_22_01.bmp,2.833333333333333,0.277777778,0.460888599,0.388888889,0.501631326,0.055555556,0.23570226,0.222222222,0.427792632,0.222222222,0.427792632,0.055555556,0.23570226,0.055555556,0.23570226
0934.jpg,2.611111111111111,0.111111111,0.323380833,0.5,0.514495755,0.055555556,0.23570226,0.611111111,0.501631326,0.222222222,0.427792632,0.0,0.0,0.055555556,0.23570226
21_17_02.bmp,2.888888888888889,0.222222222,0.427792632,0.5,0.514495755,0.0,0.0,0.0,0.0,0.055555556,0.23570226,0.111111111,0.323380833,0.111111111,0.323380833
12_08_02.bmp,3.055555555555556,0.388888889,0.501631326,0.444444444,0.511309993,0.055555556,0.23570226,0.055555556,0.23570226,0.055555556,0.23570226,0.055555556,0.23570226,0.055555556,0.23570226
36_23_01.bmp,2.9444444444444446,0.055555556,0.23570226,0.111111111,0.323380833,0.055555556,0.23570226,0.666666667,0.48507125,0.0,0.0,0.055555556,0.23570226,0.277777778,0.460888599
0024.jpg,3.6666666666666665,0.0,0.0,0.222222222,0.427792632,0.611111111,0.501631326,0.055555556,0.23570226,0.111111111,0.323380833,0.0,0.0,0.0,0.0
08_21_05.bmp,1.8333333333333333,0.166666667,0.383482494,0.222222222,0.427792632,0.111111111,0.323380833,0.555555556,0.511309993,0.055555556,0.23570226,0.055555556,0.23570226,0.0,0.0
03_13_04.bmp,3.5,0.055555556,0.23570226,0.222222222,0.427792632,0.666666667,0.48507125,0.0,0.0,0.055555556,0.23570226,0.0,0.0,0.111111111,0.323380833
01345.jpg,3.7777777777777777,0.111111111,0.323380833,0.444444444,0.511309993,0.055555556,0.23570226,0.0,0.0,0.055555556,0.23570226,0.055555556,0.23570226,0.055555556,0.23570226
20_21_05.bmp,1.7777777777777777,0.166666667,0.383482494,0.222222222,0.427792632,0.055555556,0.23570226,0.611111111,0.501631326,0.166666667,0.383482494,0.055555556,0.23570226,0.0,0.0
09_02_01.bmp,3.4444444444444446,0.222222222,0.427792632,0.666666667,0.48507125,0.111111111,0.323380833,0.0,0.0,0.111111111,0.323380833,0.0,0.0,0.0,0.0
1041.jpg,3.2777777777777777,0.0,0.0,0.555555556,0.511309993,0.0,0.0,0.5,0.514495755,0.111111111,0.323380833,0.055555556,0.23570226,0.0,0.0
17_05_01.bmp,3.611111111111111,0.055555556,0.23570226,0.444444444,0.511309993,0.111111111,0.323380833,0.0,0.0,0.222222222,0.427792632,0.055555556,0.23570226,0.0,0.0
08_11_04.bmp,2.6666666666666665,0.888888889,0.323380833,0.055555556,0.23570226,0.0,0.0,0.055555556,0.23570226,0.055555556,0.23570226,0.111111111,0.323380833,0.0,0.0
14_21_03.bmp,2.388888888888889,0.055555556,0.23570226,0.222222222,0.427792632,0.888888889,0.323380833,0.0,0.0,0.0,0.0,0.055555556,0.23570226,0.111111111,0.323380833
17_23_02.bmp,2.833333333333333,0.0,0.0,0.166666667,0.383482494,0.111111111,0.323380833,0.777777778,0.427792632,0.166666667,0.383482494,0.055555556,0.23570226,0.0,0.0
33_01_02.bmp,3.388888888888889,0.055555556,0.23570226,0.388888889,0.501631326,0.055555556,0.23570226,0.055555556,0.23570226,0.5,0.514495755,0.0,0.0,0.0,0.0
23_02_05.bmp,1.3333333333333333,0.055555556,0.23570226,0.833333333,0.383482494,0.055555556,0.23570226,0.055555556,0.23570226,0.166666667,0.383482494,0.0,0.0,0.0,0.0
05_20_01.bmp,2.888888888888889,0.555555556,0.511309993,0.333333333,0.48507125,0.222222222,0.427792632,0.166666667,0.383482494,0.055555556,0.23570226,0.0,0.0,0.055555556,0.23570226
16_11_03.bmp,2.833333333333333,0.833333333,0.383482494,0.166666667,0.383482494,0.0,0.0,0.0,0.0,0.277777778,0.460888599,0.222222222,0.427792632,0.055555556,0.23570226
36_03_02.bmp,3.0,0.111111111,0.323380833,0.777777778,0.427792632,0.111111111,0.323380833,0.0,0.0,0.0,0.0,0.0,0.0,0.055555556,0.23570226
13_07_03.bmp,2.388888888888889,0.166666667,0.383482494,0.777777778,0.427792632,0.055555556,0.23570226,0.0,0.0,0.166666667,0.383482494,0.111111111,0.323380833,0.0,0.0
0100.jpg,2.611111111111111,0.0,0.0,0.5,0.514495755,1.0,0.0,0.0,0.0,0.0,0.0,0.0,0.0,0.055555556,0.23570226
01340.jpg,2.7777777777777777,0.222222222,0.427792632,0.722222222,0.460888599,0.0,0.0,0.5,0.514495755,0.166666667,0.383482494,0.0,0.0,0.0,0.0
0240.jpg,1.2777777777777777,0.111111111,0.323380833,0.166666667,0.383482494,0.055555556,0.23570226,0.944444444,0.23570226,0.0,0.0,0.0,0.0,0.0,0.0
04_08_02.bmp,3.055555555555556,0.166666667,0.383482494,0.611111111,0.501631326,0.055555556,0.23570226,0.055555556,0.23570226,0.222222222,0.427792632,0.055555556,0.23570226,0.055555556,0.23570226
36_02_01.bmp,3.111111111111111,0.111111111,0.323380833,0.5,0.514495755,0.111111111,0.323380833,0.0,0.0,0.0,0.0,0.055555556,0.23570226,0.111111111,0.323380833
04_21_05.bmp,1.6111111111111112,0.444444444,0.511309993,0.666666667,0.48507125,0.055555556,0.23570226,0.333333333,0.48507125,0.222222222,0.427792632,0.055555556,0.23570226,0.0,0.0
21_06_03.bmp,2.7222222222222223,0.388888889,0.501631326,0.388888889,0.501631326,0.166666667,0.383482494,0.055555556,0.23570226,0.055555556,0.23570226,0.111111111,0.323380833,0.0,0.0
21_14_05.bmp,1.7777777777777777,0.111111111,0.323380833,0.222222222,0.427792632,0.055555556,0.23570226,0.944444444,0.23570226,0.0,0.0,0.111111111,0.323380833,0.0,0.0
23_01_05.bmp,1.3888888888888888,0.0,0.0,0.888888889,0.323380833,0.0,0.0,0.055555556,0.23570226,0.222222222,0.427792632,0.0,0.0,0.0,0.0
11_20_02.bmp,2.2222222222222223,0.333333333,0.48507125,0.333333333,0.48507125,0.166666667,0.383482494,0.333333333,0.48507125,0.277777778,0.460888599,0.055555556,0.23570226,0.0,0.0
13_16_05.bmp,1.7777777777777777,0.222222222,0.427792632,0.777777778,0.427792632,0.055555556,0.23570226,0.0,0.0,0.111111111,0.323380833,0.0,0.0,0.0,0.0
03_10_04.bmp,2.5,0.666666667,0.48507125,0.222222222,0.427792632,0.166666667,0.383482494,0.0,0.0,0.166666667,0.383482494,0.0,0.0,0.055555556,0.23570226
02_21_02.bmp,2.4444444444444446,0.055555556,0.23570226,0.166666667,0.383482494,0.777777778,0.427792632,0.0,0.0,0.277777778,0.460888599,0.166666667,0.383482494,0.0,0.0
0592.jpg,3.4444444444444446,0.055555556,0.23570226,0.222222222,0.427792632,0.055555556,0.23570226,0.111111111,0.323380833,0.444444444,0.511309993,0.055555556,0.23570226,0.055555556,0.23570226
35_03_02.bmp,2.611111111111111,0.166666667,0.383482494,0.833333333,0.383482494,0.0,0.0,0.0,0.0,0.0,0.0,0.055555556,0.23570226,0.055555556,0.23570226
05_11_04.bmp,2.2222222222222223,0.777777778,0.427792632,0.333333333,0.48507125,0.111111111,0.323380833,0.0,0.0,0.055555556,0.23570226,0.111111111,0.323380833,0.0,0.0
0376.jpg,2.1666666666666665,0.111111111,0.323380833,0.833333333,0.383482494,0.055555556,0.23570226,0.055555556,0.23570226,0.0,0.0,0.0,0.0,0.0,0.0
21_15_01.bmp,2.555555555555556,0.055555556,0.23570226,0.277777778,0.460888599,0.777777778,0.427792632,0.0,0.0,0.0,0.0,0.0,0.0,0.111111111,0.323380833
37_21_02.bmp,3.055555555555556,0.111111111,0.323380833,0.055555556,0.23570226,0.666666667,0.48507125,0.0,0.0,0.111111111,0.323380833,0.055555556,0.23570226,0.055555556,0.23570226
30_16_01.bmp,3.4444444444444446,0.111111111,0.323380833,0.388888889,0.501631326,0.111111111,0.323380833,0.055555556,0.23570226,0.333333333,0.48507125,0.0,0.0,0.0,0.0
37_19_04.bmp,2.2222222222222223,0.277777778,0.460888599,0.5,0.514495755,0.555555556,0.511309993,0.055555556,0.23570226,0.166666667,0.383482494,0.055555556,0.23570226,0.0,0.0
0186.jpg,3.1666666666666665,0.111111111,0.323380833,0.277777778,0.460888599,0.722222222,0.460888599,0.0,0.0,0.0,0.0,0.0,0.0,0.055555556,0.23570226
13_04_02.bmp,3.7222222222222223,0.055555556,0.23570226,0.277777778,0.460888599,0.055555556,0.23570226,0.0,0.0,0.222222222,0.427792632,0.055555556,0.23570226,0.111111111,0.323380833
0724.jpg,3.555555555555556,0.111111111,0.323380833,0.222222222,0.427792632,0.0,0.0,0.0,0.0,0.166666667,0.383482494,0.111111111,0.323380833,0.055555556,0.23570226
33_18_04.bmp,2.5,0.111111111,0.323380833,0.666666667,0.48507125,0.0,0.0,0.0,0.0,0.5,0.514495755,0.055555556,0.23570226,0.0,0.0
32_20_01.bmp,2.388888888888889,0.5,0.514495755,0.444444444,0.511309993,0.166666667,0.383482494,0.055555556,0.23570226,0.388888889,0.501631326,0.0,0.0,0.055555556,0.23570226
11_09_01.bmp,3.055555555555556,0.555555556,0.511309993,0.333333333,0.48507125,0.0,0.0,0.111111111,0.323380833,0.277777778,0.460888599,0.055555556,0.23570226,0.0,0.0
0285.jpg,1.8333333333333333,0.111111111,0.323380833,0.333333333,0.48507125,0.0,0.0,0.833333333,0.383482494,0.055555556,0.23570226,0.0,0.0,0.444444444,0.511309993
28_17_02.bmp,2.888888888888889,0.055555556,0.23570226,0.5,0.514495755,0.055555556,0.23570226,0.055555556,0.23570226,0.277777778,0.460888599,0.111111111,0.323380833,0.166666667,0.383482494
31_08_04.bmp,2.111111111111111,0.166666667,0.383482494,0.777777778,0.427792632,0.0,0.0,0.111111111,0.323380833,0.111111111,0.323380833,0.055555556,0.23570226,0.055555556,0.23570226
07_13_02.bmp,3.1666666666666665,0.222222222,0.427792632,0.333333333,0.48507125,0.444444444,0.511309993,0.0,0.0,0.055555556,0.23570226,0.055555556,0.23570226,0.055555556,0.23570226
29_03_01.bmp,3.4444444444444446,0.222222222,0.427792632,0.444444444,0.511309993,0.0,0.0,0.055555556,0.23570226,0.055555556,0.23570226,0.055555556,0.23570226,0.055555556,0.23570226
31_05_01.bmp,3.388888888888889,0.277777778,0.460888599,0.5,0.514495755,0.0,0.0,0.055555556,0.23570226,0.277777778,0.460888599,0.0,0.0,0.055555556,0.23570226
18_18_01.bmp,3.111111111111111,0.055555556,0.23570226,0.666666667,0.48507125,0.055555556,0.23570226,0.0,0.0,0.0,0.0,0.0,0.0,0.055555556,0.23570226
05_15_03.bmp,3.1666666666666665,0.111111111,0.323380833,0.333333333,0.48507125,0.277777778,0.460888599,0.0,0.0,0.055555556,0.23570226,0.055555556,0.23570226,0.055555556,0.23570226
06_21_04.bmp,3.055555555555556,0.277777778,0.460888599,0.333333333,0.48507125,0.111111111,0.323380833,0.5,0.514495755,0.0,0.0,0.055555556,0.23570226,0.0,0.0
01444.jpg,3.2222222222222223,0.111111111,0.323380833,0.555555556,0.511309993,0.166666667,0.383482494,0.055555556,0.23570226,0.0,0.0,0.0,0.0,0.0,0.0
01_20_05.bmp,2.555555555555556,0.277777778,0.460888599,0.555555556,0.511309993,0.277777778,0.460888599,0.0,0.0,0.055555556,0.23570226,0.111111111,0.323380833,0.055555556,0.23570226
11_21_04.bmp,1.6666666666666667,0.111111111,0.323380833,0.222222222,0.427792632,0.222222222,0.427792632,0.555555556,0.511309993,0.166666667,0.383482494,0.055555556,0.23570226,0.0,0.0
28_21_05.bmp,1.5555555555555556,0.444444444,0.511309993,0.5,0.514495755,0.055555556,0.23570226,0.611111111,0.501631326,0.166666667,0.383482494,0.055555556,0.23570226,0.0,0.0
15_19_05.bmp,2.0,0.055555556,0.23570226,0.222222222,0.427792632,0.888888889,0.323380833,0.0,0.0,0.111111111,0.323380833,0.055555556,0.23570226,0.0,0.0
0061.jpg,3.333333333333333,0.055555556,0.23570226,0.555555556,0.511309993,0.5,0.514495755,0.0,0.0,0.055555556,0.23570226,0.055555556,0.23570226,0.055555556,0.23570226
14_16_05.bmp,1.5555555555555556,0.222222222,0.427792632,0.888888889,0.323380833,0.0,0.0,0.0,0.0,0.055555556,0.23570226,0.055555556,0.23570226,0.055555556,0.23570226
0356.jpg,3.111111111111111,0.111111111,0.323380833,0.722222222,0.460888599,0.0,0.0,0.055555556,0.23570226,0.055555556,0.23570226,0.0,0.0,0.055555556,0.23570226
28_23_04.bmp,2.333333333333333,0.0,0.0,0.277777778,0.460888599,0.0,0.0,0.722222222,0.460888599,0.166666667,0.383482494,0.0,0.0,0.055555556,0.23570226
0435.jpg,2.833333333333333,0.0,0.0,0.777777778,0.427792632,0.055555556,0.23570226,0.055555556,0.23570226,0.111111111,0.323380833,0.055555556,0.23570226,0.0,0.0
21_08_02.bmp,3.055555555555556,0.222222222,0.427792632,0.666666667,0.48507125,0.055555556,0.23570226,0.0,0.0,0.0,0.0,0.0,0.0,0.055555556,0.23570226
32_10_01.bmp,2.833333333333333,0.388888889,0.501631326,0.444444444,0.511309993,0.166666667,0.383482494,0.111111111,0.323380833,0.333333333,0.48507125,0.055555556,0.23570226,0.0,0.0
10_02_01.bmp,3.0,0.055555556,0.23570226,0.5,0.514495755,0.0,0.0,0.111111111,0.323380833,0.444444444,0.511309993,0.222222222,0.427792632,0.055555556,0.23570226
03_03_03.bmp,3.111111111111111,0.055555556,0.23570226,0.666666667,0.48507125,0.111111111,0.323380833,0.0,0.0,0.111111111,0.323380833,0.055555556,0.23570226,0.055555556,0.23570226
22_21_01.bmp,2.6666666666666665,0.055555556,0.23570226,0.333333333,0.48507125,0.722222222,0.460888599,0.0,0.0,0.111111111,0.323380833,0.0,0.0,0.0,0.0
01332.jpg,3.555555555555556,0.111111111,0.323380833,0.611111111,0.501631326,0.055555556,0.23570226,0.055555556,0.23570226,0.0,0.0,0.0,0.0,0.055555556,0.23570226
24_12_04.bmp,2.611111111111111,0.666666667,0.48507125,0.333333333,0.48507125,0.055555556,0.23570226,0.0,0.0,0.055555556,0.23570226,0.111111111,0.323380833,0.0,0.0
35_17_05.bmp,1.8333333333333333,0.222222222,0.427792632,0.555555556,0.511309993,0.111111111,0.323380833,0.0,0.0,0.111111111,0.323380833,0.166666667,0.383482494,0.222222222,0.427792632
20_01_03.bmp,2.555555555555556,0.0,0.0,0.666666667,0.48507125,0.055555556,0.23570226,0.055555556,0.23570226,0.166666667,0.383482494,0.111111111,0.323380833,0.0,0.0
34_21_02.bmp,2.2777777777777777,0.277777778,0.460888599,0.388888889,0.501631326,0.666666667,0.48507125,0.0,0.0,0.0,0.0,0.055555556,0.23570226,0.055555556,0.23570226
11_24_01.bmp,2.888888888888889,0.055555556,0.23570226,0.722222222,0.460888599,0.055555556,0.23570226,0.055555556,0.23570226,0.222222222,0.427792632,0.055555556,0.23570226,0.055555556,0.23570226
30_12_05.bmp,2.4444444444444446,0.722222222,0.460888599,0.222222222,0.427792632,0.055555556,0.23570226,0.055555556,0.23570226,0.277777778,0.460888599,0.0,0.0,0.0,0.0
29_17_04.bmp,2.1666666666666665,0.055555556,0.23570226,0.611111111,0.501631326,0.055555556,0.23570226,0.0,0.0,0.222222222,0.427792632,0.222222222,0.427792632,0.222222222,0.427792632
08_21_01.bmp,2.2777777777777777,0.222222222,0.427792632,0.388888889,0.501631326,0.722222222,0.460888599,0.111111111,0.323380833,0.0,0.0,0.111111111,0.323380833,0.0,0.0
0055.jpg,2.1666666666666665,0.055555556,0.23570226,0.555555556,0.511309993,0.944444444,0.23570226,0.0,0.0,0.166666667,0.383482494,0.055555556,0.23570226,0.0,0.0
23_15_03.bmp,3.1666666666666665,0.055555556,0.23570226,0.5,0.514495755,0.111111111,0.323380833,0.055555556,0.23570226,0.222222222,0.427792632,0.055555556,0.23570226,0.0,0.0
0967.jpg,2.9444444444444446,0.055555556,0.23570226,0.388888889,0.501631326,0.055555556,0.23570226,0.611111111,0.501631326,0.166666667,0.383482494,0.0,0.0,0.055555556,0.23570226
18_08_03.bmp,2.4444444444444446,0.388888889,0.501631326,0.555555556,0.511309993,0.055555556,0.23570226,0.055555556,0.23570226,0.0,0.0,0.055555556,0.23570226,0.055555556,0.23570226
37_10_01.bmp,3.4444444444444446,0.222222222,0.427792632,0.5,0.514495755,0.055555556,0.23570226,0.0,0.0,0.055555556,0.23570226,0.055555556,0.23570226,0.0,0.0
23_21_01.bmp,2.6666666666666665,0.111111111,0.323380833,0.222222222,0.427792632,0.722222222,0.460888599,0.0,0.0,0.111111111,0.323380833,0.055555556,0.23570226,0.0,0.0
0031.jpg,2.5,0.0,0.0,0.388888889,0.501631326,0.777777778,0.427792632,0.055555556,0.23570226,0.277777778,0.460888599,0.166666667,0.383482494,0.0,0.0
11_10_02.bmp,3.0,0.666666667,0.48507125,0.333333333,0.48507125,0.0,0.0,0.055555556,0.23570226,0.222222222,0.427792632,0.055555556,0.23570226,0.111111111,0.323380833
04_04_03.bmp,3.0,0.166666667,0.383482494,0.5,0.514495755,0.055555556,0.23570226,0.0,0.0,0.166666667,0.383482494,0.333333333,0.48507125,0.0,0.0
05_08_05.bmp,1.8333333333333333,0.333333333,0.48507125,0.777777778,0.427792632,0.0,0.0,0.055555556,0.23570226,0.0,0.0,0.166666667,0.383482494,0.0,0.0
27_14_01.bmp,3.1666666666666665,0.055555556,0.23570226,0.277777778,0.460888599,0.0,0.0,0.333333333,0.48507125,0.5,0.514495755,0.0,0.0,0.055555556,0.23570226
0219.jpg,2.1666666666666665,0.055555556,0.23570226,0.277777778,0.460888599,0.0,0.0,0.888888889,0.323380833,0.111111111,0.323380833,0.0,0.0,0.0,0.0
25_23_02.bmp,2.611111111111111,0.055555556,0.23570226,0.111111111,0.323380833,0.111111111,0.323380833,0.722222222,0.460888599,0.055555556,0.23570226,0.0,0.0,0.111111111,0.323380833
07_13_03.bmp,2.888888888888889,0.166666667,0.383482494,0.333333333,0.48507125,0.722222222,0.460888599,0.0,0.0,0.166666667,0.383482494,0.0,0.0,0.055555556,0.23570226
31_13_01.bmp,3.2777777777777777,0.055555556,0.23570226,0.388888889,0.501631326,0.0,0.0,0.0,0.0,0.277777778,0.460888599,0.0,0.0,0.111111111,0.323380833
1021.jpg,3.611111111111111,0.055555556,0.23570226,0.277777778,0.460888599,0.0,0.0,0.277777778,0.460888599,0.166666667,0.383482494,0.0,0.0,0.055555556,0.23570226
07_22_03.bmp,1.9444444444444444,0.277777778,0.460888599,0.666666667,0.48507125,0.166666667,0.383482494,0.055555556,0.23570226,0.0,0.0,0.0,0.0,0.0,0.0
21_05_03.bmp,2.1666666666666665,0.111111111,0.323380833,0.833333333,0.383482494,0.111111111,0.323380833,0.0,0.0,0.055555556,0.23570226,0.0,0.0,0.0,0.0
0157.jpg,2.5,0.055555556,0.23570226,0.333333333,0.48507125,0.888888889,0.323380833,0.0,0.0,0.111111111,0.323380833,0.055555556,0.23570226,0.111111111,0.323380833
31_01_03.bmp,2.833333333333333,0.0,0.0,0.833333333,0.383482494,0.0,0.0,0.055555556,0.23570226,0.222222222,0.427792632,0.0,0.0,0.055555556,0.23570226
26_13_02.bmp,3.9444444444444446,0.055555556,0.23570226,0.166666667,0.383482494,0.111111111,0.323380833,0.0,0.0,0.111111111,0.323380833,0.0,0.0,0.111111111,0.323380833
28_07_01.bmp,3.055555555555556,0.222222222,0.427792632,0.555555556,0.511309993,0.166666667,0.383482494,0.0,0.0,0.222222222,0.427792632,0.0,0.0,0.0,0.0
29_14_03.bmp,2.1666666666666665,0.111111111,0.323380833,0.333333333,0.48507125,0.055555556,0.23570226,0.722222222,0.460888599,0.111111111,0.323380833,0.111111111,0.323380833,0.055555556,0.23570226
0556.jpg,2.7222222222222223,0.166666667,0.383482494,0.388888889,0.501631326,0.0,0.0,0.111111111,0.323380833,0.722222222,0.460888599,0.0,0.0,0.0,0.0
04_25_01.bmp,3.055555555555556,0.222222222,0.427792632,0.611111111,0.501631326,0.055555556,0.23570226,0.055555556,0.23570226,0.166666667,0.383482494,0.055555556,0.23570226,0.333333333,0.48507125
0732.jpg,3.2777777777777777,0.055555556,0.23570226,0.277777778,0.460888599,0.055555556,0.23570226,0.0,0.0,0.388888889,0.501631326,0.111111111,0.323380833,0.055555556,0.23570226
0425.jpg,2.333333333333333,0.0,0.0,0.888888889,0.323380833,0.0,0.0,0.111111111,0.323380833,0.055555556,0.23570226,0.0,0.0,0.055555556,0.23570226
01_14_03.bmp,2.9444444444444446,0.222222222,0.427792632,0.722222222,0.460888599,0.111111111,0.323380833,0.111111111,0.323380833,0.0,0.0,0.0,0.0,0.0,0.0
0378.jpg,2.2222222222222223,0.111111111,0.323380833,0.888888889,0.323380833,0.0,0.0,0.111111111,0.323380833,0.0,0.0,0.0,0.0,0.0,0.0
03_22_01.bmp,3.5,0.277777778,0.460888599,0.222222222,0.427792632,0.111111111,0.323380833,0.0,0.0,0.055555556,0.23570226,0.0,0.0,0.055555556,0.23570226
01323.jpg,3.388888888888889,0.333333333,0.48507125,0.444444444,0.511309993,0.0,0.0,0.055555556,0.23570226,0.222222222,0.427792632,0.055555556,0.23570226,0.0,0.0
24_23_03.bmp,2.2222222222222223,0.055555556,0.23570226,0.222222222,0.427792632,0.0,0.0,0.722222222,0.460888599,0.055555556,0.23570226,0.0,0.0,0.055555556,0.23570226
27_06_04.bmp,2.333333333333333,0.222222222,0.427792632,0.5,0.514495755,0.222222222,0.427792632,0.0,0.0,0.444444444,0.511309993,0.166666667,0.383482494,0.0,0.0
16_08_05.bmp,1.7777777777777777,0.333333333,0.48507125,0.666666667,0.48507125,0.0,0.0,0.055555556,0.23570226,0.277777778,0.460888599,0.166666667,0.383482494,0.0,0.0
24_24_05.bmp,1.4444444444444444,0.111111111,0.323380833,0.888888889,0.323380833,0.055555556,0.23570226,0.0,0.0,0.0,0.0,0.055555556,0.23570226,0.055555556,0.23570226
0501.jpg,2.833333333333333,0.111111111,0.323380833,0.444444444,0.511309993,0.055555556,0.23570226,0.5,0.514495755,0.666666667,0.48507125,0.0,0.0,0.0,0.0
18_17_01.bmp,3.055555555555556,0.111111111,0.323380833,0.5,0.514495755,0.111111111,0.323380833,0.0,0.0,0.055555556,0.23570226,0.055555556,0.23570226,0.222222222,0.427792632
33_15_02.bmp,3.055555555555556,0.111111111,0.323380833,0.5,0.514495755,0.277777778,0.460888599,0.0,0.0,0.388888889,0.501631326,0.0,0.0,0.0,0.0
22_19_03.bmp,2.833333333333333,0.166666667,0.383482494,0.5,0.514495755,0.444444444,0.511309993,0.0,0.0,0.055555556,0.23570226,0.055555556,0.23570226,0.055555556,0.23570226
27_14_03.bmp,2.2777777777777777,0.0,0.0,0.333333333,0.48507125,0.055555556,0.23570226,0.777777778,0.427792632,0.388888889,0.501631326,0.055555556,0.23570226,0.0,0.0
18_16_04.bmp,1.8888888888888888,0.222222222,0.427792632,0.777777778,0.427792632,0.0,0.0,0.0,0.0,0.055555556,0.23570226,0.0,0.0,0.0,0.0
28_21_03.bmp,2.7777777777777777,0.055555556,0.23570226,0.111111111,0.323380833,0.555555556,0.511309993,0.0,0.0,0.166666667,0.383482494,0.0,0.0,0.055555556,0.23570226
14_25_03.bmp,2.2777777777777777,0.055555556,0.23570226,0.222222222,0.427792632,0.055555556,0.23570226,0.0,0.0,0.055555556,0.23570226,0.0,0.0,0.944444444,0.23570226
03_22_03.bmp,2.888888888888889,0.333333333,0.48507125,0.722222222,0.460888599,0.055555556,0.23570226,0.0,0.0,0.055555556,0.23570226,0.055555556,0.23570226,0.0,0.0
0380.jpg,2.055555555555556,0.055555556,0.23570226,0.833333333,0.383482494,0.111111111,0.323380833,0.055555556,0.23570226,0.055555556,0.23570226,0.055555556,0.23570226,0.0,0.0
02_12_02.bmp,3.0,0.777777778,0.427792632,0.444444444,0.511309993,0.055555556,0.23570226,0.0,0.0,0.555555556,0.511309993,0.055555556,0.23570226,0.111111111,0.323380833
15_02_04.bmp,1.5555555555555556,0.055555556,0.23570226,0.944444444,0.23570226,0.055555556,0.23570226,0.0,0.0,0.222222222,0.427792632,0.055555556,0.23570226,0.0,0.0
22_15_03.bmp,3.2777777777777777,0.055555556,0.23570226,0.555555556,0.511309993,0.111111111,0.323380833,0.055555556,0.23570226,0.111111111,0.323380833,0.111111111,0.323380833,0.0,0.0
11_11_05.bmp,2.2222222222222223,0.833333333,0.383482494,0.277777778,0.460888599,0.0,0.0,0.111111111,0.323380833,0.222222222,0.427792632,0.055555556,0.23570226,0.0,0.0
22_22_03.bmp,2.2777777777777777,0.222222222,0.427792632,0.833333333,0.383482494,0.0,0.0,0.055555556,0.23570226,0.055555556,0.23570226,0.166666667,0.383482494,0.0,0.0
13_09_03.bmp,2.6666666666666665,0.833333333,0.383482494,0.111111111,0.323380833,0.055555556,0.23570226,0.0,0.0,0.277777778,0.460888599,0.0,0.0,0.055555556,0.23570226
0132.jpg,2.7777777777777777,0.055555556,0.23570226,0.166666667,0.383482494,0.944444444,0.23570226,0.055555556,0.23570226,0.0,0.0,0.055555556,0.23570226,0.055555556,0.23570226
0151.jpg,1.9444444444444444,0.111111111,0.323380833,0.333333333,0.48507125,1.0,0.0,0.0,0.0,0.0,0.0,0.0,0.0,0.0,0.0
36_24_04.bmp,1.5555555555555556,0.0,0.0,0.944444444,0.23570226,0.222222222,0.427792632,0.0,0.0,0.055555556,0.23570226,0.0,0.0,0.0,0.0
19_18_04.bmp,2.1666666666666665,0.055555556,0.23570226,0.777777778,0.427792632,0.055555556,0.23570226,0.055555556,0.23570226,0.166666667,0.383482494,0.111111111,0.323380833,0.055555556,0.23570226
0057.jpg,2.2777777777777777,0.055555556,0.23570226,0.333333333,0.48507125,0.944444444,0.23570226,0.055555556,0.23570226,0.055555556,0.23570226,0.0,0.0,0.0,0.0
14_22_01.bmp,3.0,0.111111111,0.323380833,0.555555556,0.511309993,0.388888889,0.501631326,0.0,0.0,0.0,0.0,0.055555556,0.23570226,0.055555556,0.23570226
29_11_04.bmp,2.555555555555556,0.833333333,0.383482494,0.166666667,0.383482494,0.055555556,0.23570226,0.0,0.0,0.111111111,0.323380833,0.166666667,0.383482494,0.0,0.0
14_21_01.bmp,2.111111111111111,0.055555556,0.23570226,0.222222222,0.427792632,0.888888889,0.323380833,0.055555556,0.23570226,0.0,0.0,0.111111111,0.323380833,0.0,0.0
02_02_01.bmp,3.111111111111111,0.0,0.0,0.333333333,0.48507125,0.055555556,0.23570226,0.0,0.0,0.555555556,0.511309993,0.055555556,0.23570226,0.055555556,0.23570226
10_08_03.bmp,2.611111111111111,0.444444444,0.511309993,0.666666667,0.48507125,0.0,0.0,0.0,0.0,0.333333333,0.48507125,0.166666667,0.383482494,0.0,0.0
14_17_04.bmp,2.555555555555556,0.166666667,0.383482494,0.444444444,0.511309993,0.111111111,0.323380833,0.0,0.0,0.111111111,0.323380833,0.111111111,0.323380833,0.166666667,0.383482494
19_03_05.bmp,1.8333333333333333,0.055555556,0.23570226,0.777777778,0.427792632,0.055555556,0.23570226,0.0,0.0,0.055555556,0.23570226,0.055555556,0.23570226,0.0,0.0
0820.jpg,3.2777777777777777,0.166666667,0.383482494,0.444444444,0.511309993,0.055555556,0.23570226,0.0,0.0,0.166666667,0.383482494,0.055555556,0.23570226,0.0,0.0
04_10_01.bmp,3.111111111111111,0.611111111,0.501631326,0.444444444,0.511309993,0.055555556,0.23570226,0.0,0.0,0.166666667,0.383482494,0.0,0.0,0.055555556,0.23570226
14_04_03.bmp,2.4444444444444446,0.333333333,0.48507125,0.388888889,0.501631326,0.222222222,0.427792632,0.055555556,0.23570226,0.055555556,0.23570226,0.166666667,0.383482494,0.055555556,0.23570226
12_15_01.bmp,2.5,0.055555556,0.23570226,0.111111111,0.323380833,0.944444444,0.23570226,0.0,0.0,0.055555556,0.23570226,0.0,0.0,0.055555556,0.23570226
13_20_02.bmp,2.611111111111111,0.333333333,0.48507125,0.111111111,0.323380833,0.222222222,0.427792632,0.166666667,0.383482494,0.111111111,0.323380833,0.055555556,0.23570226,0.055555556,0.23570226
10_13_05.bmp,2.1666666666666665,0.055555556,0.23570226,0.222222222,0.427792632,0.944444444,0.23570226,0.055555556,0.23570226,0.388888889,0.501631326,0.111111111,0.323380833,0.055555556,0.23570226
15_07_01.bmp,3.2222222222222223,0.222222222,0.427792632,0.5,0.514495755,0.0,0.0,0.0,0.0,0.333333333,0.48507125,0.0,0.0,0.111111111,0.323380833
15_16_01.bmp,3.055555555555556,0.055555556,0.23570226,0.277777778,0.460888599,0.166666667,0.383482494,0.055555556,0.23570226,0.222222222,0.427792632,0.055555556,0.23570226,0.055555556,0.23570226
0322.jpg,2.4444444444444446,0.055555556,0.23570226,0.888888889,0.323380833,0.0,0.0,0.166666667,0.383482494,0.055555556,0.23570226,0.0,0.0,0.111111111,0.323380833
10_09_03.bmp,2.555555555555556,0.722222222,0.460888599,0.333333333,0.48507125,0.0,0.0,0.0,0.0,0.222222222,0.427792632,0.166666667,0.383482494,0.0,0.0
0681.jpg,3.6666666666666665,0.055555556,0.23570226,0.333333333,0.48507125,0.0,0.0,0.111111111,0.323380833,0.111111111,0.323380833,0.0,0.0,0.055555556,0.23570226
25_03_03.bmp,2.2777777777777777,0.0,0.0,0.777777778,0.427792632,0.055555556,0.23570226,0.0,0.0,0.166666667,0.383482494,0.055555556,0.23570226,0.111111111,0.323380833
0492.jpg,3.5,0.055555556,0.23570226,0.333333333,0.48507125,0.055555556,0.23570226,0.0,0.0,0.611111111,0.501631326,0.0,0.0,0.055555556,0.23570226
0895.jpg,3.7777777777777777,0.111111111,0.323380833,0.555555556,0.511309993,0.0,0.0,0.0,0.0,0.111111111,0.323380833,0.0,0.0,0.0,0.0
10_05_05.bmp,1.7777777777777777,0.444444444,0.511309993,0.777777778,0.427792632,0.055555556,0.23570226,0.0,0.0,0.277777778,0.460888599,0.222222222,0.427792632,0.055555556,0.23570226
19_18_01.bmp,3.0,0.055555556,0.23570226,0.555555556,0.511309993,0.111111111,0.323380833,0.0,0.0,0.222222222,0.427792632,0.111111111,0.323380833,0.055555556,0.23570226
18_21_04.bmp,2.333333333333333,0.222222222,0.427792632,0.444444444,0.511309993,0.111111111,0.323380833,0.5,0.514495755,0.0,0.0,0.055555556,0.23570226,0.0,0.0
16_20_02.bmp,2.4444444444444446,0.388888889,0.501631326,0.222222222,0.427792632,0.277777778,0.460888599,0.111111111,0.323380833,0.333333333,0.48507125,0.222222222,0.427792632,0.0,0.0
0070.jpg,2.6666666666666665,0.111111111,0.323380833,0.444444444,0.511309993,0.944444444,0.23570226,0.055555556,0.23570226,0.0,0.0,0.0,0.0,0.055555556,0.23570226
09_11_01.bmp,3.2222222222222223,0.333333333,0.48507125,0.5,0.514495755,0.055555556,0.23570226,0.0,0.0,0.111111111,0.323380833,0.055555556,0.23570226,0.055555556,0.23570226
17_15_05.bmp,2.6666666666666665,0.111111111,0.323380833,0.222222222,0.427792632,0.055555556,0.23570226,0.444444444,0.511309993,0.166666667,0.383482494,0.055555556,0.23570226,0.055555556,0.23570226
0020.jpg,2.055555555555556,0.055555556,0.23570226,0.5,0.514495755,0.833333333,0.383482494,0.0,0.0,0.333333333,0.48507125,0.111111111,0.323380833,0.055555556,0.23570226
16_17_03.bmp,2.7222222222222223,0.166666667,0.383482494,0.444444444,0.511309993,0.0,0.0,0.0,0.0,0.388888889,0.501631326,0.333333333,0.48507125,0.111111111,0.323380833
35_10_03.bmp,2.2222222222222223,0.888888889,0.323380833,0.388888889,0.501631326,0.055555556,0.23570226,0.0,0.0,0.055555556,0.23570226,0.055555556,0.23570226,0.055555556,0.23570226
1040.jpg,3.111111111111111,0.055555556,0.23570226,0.555555556,0.511309993,0.0,0.0,0.5,0.514495755,0.166666667,0.383482494,0.0,0.0,0.055555556,0.23570226
29_18_02.bmp,3.055555555555556,0.111111111,0.323380833,0.611111111,0.501631326,0.0,0.0,0.055555556,0.23570226,0.055555556,0.23570226,0.111111111,0.323380833,0.055555556,0.23570226
1069.jpg,3.388888888888889,0.055555556,0.23570226,0.388888889,0.501631326,0.0,0.0,0.333333333,0.48507125,0.222222222,0.427792632,0.055555556,0.23570226,0.055555556,0.23570226
28_20_01.bmp,2.6666666666666665,0.388888889,0.501631326,0.666666667,0.48507125,0.111111111,0.323380833,0.0,0.0,0.166666667,0.383482494,0.111111111,0.323380833,0.0,0.0
13_07_04.bmp,1.7222222222222223,0.166666667,0.383482494,0.944444444,0.23570226,0.055555556,0.23570226,0.0,0.0,0.055555556,0.23570226,0.111111111,0.323380833,0.0,0.0
03_06_03.bmp,2.888888888888889,0.222222222,0.427792632,0.333333333,0.48507125,0.166666667,0.383482494,0.0,0.0,0.111111111,0.323380833,0.222222222,0.427792632,0.055555556,0.23570226
20_23_05.bmp,2.0,0.111111111,0.323380833,0.166666667,0.383482494,0.0,0.0,0.722222222,0.460888599,0.111111111,0.323380833,0.0,0.0,0.111111111,0.323380833
28_09_02.bmp,2.7777777777777777,0.777777778,0.427792632,0.277777778,0.460888599,0.055555556,0.23570226,0.0,0.0,0.222222222,0.427792632,0.0,0.0,0.0,0.0
33_16_04.bmp,2.611111111111111,0.222222222,0.427792632,0.777777778,0.427792632,0.0,0.0,0.0,0.0,0.444444444,0.511309993,0.0,0.0,0.0,0.0
30_09_04.bmp,2.555555555555556,0.777777778,0.427792632,0.222222222,0.427792632,0.055555556,0.23570226,0.0,0.0,0.222222222,0.427792632,0.0,0.0,0.0,0.0
01372.jpg,4.055555555555555,0.111111111,0.323380833,0.444444444,0.511309993,0.166666667,0.383482494,0.0,0.0,0.0,0.0,0.0,0.0,0.055555556,0.23570226
30_05_03.bmp,2.611111111111111,0.388888889,0.501631326,0.611111111,0.501631326,0.111111111,0.323380833,0.0,0.0,0.333333333,0.48507125,0.0,0.0,0.0,0.0
03_21_01.bmp,3.333333333333333,0.055555556,0.23570226,0.111111111,0.323380833,0.555555556,0.511309993,0.0,0.0,0.111111111,0.323380833,0.0,0.0,0.055555556,0.23570226
12_03_04.bmp,2.055555555555556,0.055555556,0.23570226,0.888888889,0.323380833,0.055555556,0.23570226,0.0,0.0,0.111111111,0.323380833,0.0,0.0,0.0,0.0
30_06_04.bmp,2.2222222222222223,0.333333333,0.48507125,0.222222222,0.427792632,0.222222222,0.427792632,0.111111111,0.323380833,0.333333333,0.48507125,0.166666667,0.383482494,0.0,0.0
33_04_01.bmp,3.2777777777777777,0.055555556,0.23570226,0.333333333,0.48507125,0.0,0.0,0.0,0.0,0.555555556,0.511309993,0.0,0.0,0.055555556,0.23570226
0940.jpg,3.0,0.055555556,0.23570226,0.333333333,0.48507125,0.0,0.0,0.666666667,0.48507125,0.166666667,0.383482494,0.0,0.0,0.055555556,0.23570226
0863.jpg,3.5,0.055555556,0.23570226,0.444444444,0.511309993,0.0,0.0,0.0,0.0,0.222222222,0.427792632,0.055555556,0.23570226,0.0,0.0
1017.jpg,3.6666666666666665,0.055555556,0.23570226,0.333333333,0.48507125,0.0,0.0,0.222222222,0.427792632,0.111111111,0.323380833,0.055555556,0.23570226,0.055555556,0.23570226
03_13_02.bmp,3.888888888888889,0.166666667,0.383482494,0.111111111,0.323380833,0.222222222,0.427792632,0.0,0.0,0.111111111,0.323380833,0.055555556,0.23570226,0.055555556,0.23570226
08_16_03.bmp,3.611111111111111,0.388888889,0.501631326,0.277777778,0.460888599,0.111111111,0.323380833,0.0,0.0,0.0,0.0,0.055555556,0.23570226,0.055555556,0.23570226
16_07_03.bmp,2.555555555555556,0.166666667,0.383482494,0.666666667,0.48507125,0.055555556,0.23570226,0.055555556,0.23570226,0.277777778,0.460888599,0.388888889,0.501631326,0.0,0.0
01398.jpg,3.2777777777777777,0.0,0.0,0.722222222,0.460888599,0.166666667,0.383482494,0.0,0.0,0.0,0.0,0.0,0.0,0.0,0.0
09_23_02.bmp,3.0,0.055555556,0.23570226,0.111111111,0.323380833,0.0,0.0,0.777777778,0.427792632,0.111111111,0.323380833,0.055555556,0.23570226,0.055555556,0.23570226
0995.jpg,3.111111111111111,0.055555556,0.23570226,0.333333333,0.48507125,0.0,0.0,0.666666667,0.48507125,0.333333333,0.48507125,0.0,0.0,0.0,0.0
01305.jpg,3.055555555555556,0.222222222,0.427792632,0.555555556,0.511309993,0.0,0.0,0.611111111,0.501631326,0.166666667,0.383482494,0.055555556,0.23570226,0.055555556,0.23570226
1037.jpg,3.4444444444444446,0.0,0.0,0.388888889,0.501631326,0.055555556,0.23570226,0.388888889,0.501631326,0.166666667,0.383482494,0.055555556,0.23570226,0.0,0.0
28_19_02.bmp,2.888888888888889,0.166666667,0.383482494,0.666666667,0.48507125,0.111111111,0.323380833,0.055555556,0.23570226,0.166666667,0.383482494,0.0,0.0,0.0,0.0
16_13_05.bmp,2.4444444444444446,0.0,0.0,0.166666667,0.383482494,0.777777778,0.427792632,0.0,0.0,0.277777778,0.460888599,0.333333333,0.48507125,0.055555556,0.23570226
37_20_05.bmp,2.0,0.611111111,0.501631326,0.611111111,0.501631326,0.111111111,0.323380833,0.388888889,0.501631326,0.111111111,0.323380833,0.055555556,0.23570226,0.0,0.0
03_16_04.bmp,2.5,0.333333333,0.48507125,0.833333333,0.383482494,0.0,0.0,0.055555556,0.23570226,0.111111111,0.323380833,0.0,0.0,0.055555556,0.23570226
27_15_04.bmp,2.7222222222222223,0.111111111,0.323380833,0.388888889,0.501631326,0.055555556,0.23570226,0.611111111,0.501631326,0.333333333,0.48507125,0.0,0.0,0.0,0.0
0830.jpg,3.5,0.166666667,0.383482494,0.388888889,0.501631326,0.0,0.0,0.055555556,0.23570226,0.166666667,0.383482494,0.055555556,0.23570226,0.111111111,0.323380833
32_05_02.bmp,2.5,0.166666667,0.383482494,0.666666667,0.48507125,0.111111111,0.323380833,0.111111111,0.323380833,0.444444444,0.511309993,0.055555556,0.23570226,0.0,0.0
0258.jpg,2.888888888888889,0.222222222,0.427792632,0.222222222,0.427792632,0.0,0.0,0.833333333,0.383482494,0.166666667,0.383482494,0.055555556,0.23570226,0.0,0.0
36_19_03.bmp,3.055555555555556,0.055555556,0.23570226,0.5,0.514495755,0.166666667,0.383482494,0.0,0.0,0.055555556,0.23570226,0.0,0.0,0.111111111,0.323380833
05_04_04.bmp,2.555555555555556,0.388888889,0.501631326,0.333333333,0.48507125,0.111111111,0.323380833,0.055555556,0.23570226,0.0,0.0,0.277777778,0.460888599,0.055555556,0.23570226
13_01_04.bmp,2.2777777777777777,0.0,0.0,0.888888889,0.323380833,0.055555556,0.23570226,0.055555556,0.23570226,0.166666667,0.383482494,0.055555556,0.23570226,0.111111111,0.323380833
18_15_01.bmp,1.8333333333333333,0.055555556,0.23570226,0.166666667,0.383482494,0.888888889,0.323380833,0.055555556,0.23570226,0.055555556,0.23570226,0.055555556,0.23570226,0.055555556,0.23570226
16_19_04.bmp,2.2222222222222223,0.277777778,0.460888599,0.222222222,0.427792632,0.555555556,0.511309993,0.111111111,0.323380833,0.277777778,0.460888599,0.333333333,0.48507125,0.0,0.0
32_19_03.bmp,2.2777777777777777,0.333333333,0.48507125,0.444444444,0.511309993,0.222222222,0.427792632,0.0,0.0,0.388888889,0.501631326,0.111111111,0.323380833,0.055555556,0.23570226
13_02_05.bmp,1.2777777777777777,0.0,0.0,0.888888889,0.323380833,0.055555556,0.23570226,0.0,0.0,0.055555556,0.23570226,0.0,0.0,0.055555556,0.23570226
22_03_03.bmp,2.388888888888889,0.111111111,0.323380833,0.833333333,0.383482494,0.0,0.0,0.0,0.0,0.166666667,0.383482494,0.111111111,0.323380833,0.0,0.0
05_17_05.bmp,2.333333333333333,0.111111111,0.323380833,0.555555556,0.511309993,0.111111111,0.323380833,0.0,0.0,0.166666667,0.383482494,0.222222222,0.427792632,0.277777778,0.460888599
11_15_02.bmp,2.4444444444444446,0.111111111,0.323380833,0.166666667,0.383482494,0.777777778,0.427792632,0.0,0.0,0.222222222,0.427792632,0.055555556,0.23570226,0.0,0.0
14_22_04.bmp,2.0,0.222222222,0.427792632,0.833333333,0.383482494,0.055555556,0.23570226,0.0,0.0,0.055555556,0.23570226,0.055555556,0.23570226,0.055555556,0.23570226
32_04_01.bmp,2.7777777777777777,0.055555556,0.23570226,0.444444444,0.511309993,0.277777778,0.460888599,0.0,0.0,0.388888889,0.501631326,0.055555556,0.23570226,0.0,0.0
08_20_02.bmp,2.1666666666666665,0.611111111,0.501631326,0.277777778,0.460888599,0.333333333,0.48507125,0.166666667,0.383482494,0.055555556,0.23570226,0.055555556,0.23570226,0.0,0.0
04_20_04.bmp,2.111111111111111,0.611111111,0.501631326,0.555555556,0.511309993,0.277777778,0.460888599,0.055555556,0.23570226,0.166666667,0.383482494,0.0,0.0,0.0,0.0
0555.jpg,2.833333333333333,0.111111111,0.323380833,0.333333333,0.48507125,0.0,0.0,0.055555556,0.23570226,0.722222222,0.460888599,0.0,0.0,0.055555556,0.23570226
08_10_02.bmp,3.611111111111111,0.444444444,0.511309993,0.111111111,0.323380833,0.055555556,0.23570226,0.055555556,0.23570226,0.055555556,0.23570226,0.0,0.0,0.0,0.0
02_14_03.bmp,2.888888888888889,0.111111111,0.323380833,0.277777778,0.460888599,0.055555556,0.23570226,0.444444444,0.511309993,0.444444444,0.511309993,0.111111111,0.323380833,0.0,0.0
0005.jpg,2.4444444444444446,0.055555556,0.23570226,0.5,0.514495755,0.944444444,0.23570226,0.0,0.0,0.222222222,0.427792632,0.0,0.0,0.055555556,0.23570226
22_05_05.bmp,1.3888888888888888,0.388888889,0.501631326,0.722222222,0.460888599,0.055555556,0.23570226,0.055555556,0.23570226,0.111111111,0.323380833,0.111111111,0.323380833,0.0,0.0
06_16_02.bmp,3.5,0.111111111,0.323380833,0.277777778,0.460888599,0.111111111,0.323380833,0.111111111,0.323380833,0.055555556,0.23570226,0.055555556,0.23570226,0.111111111,0.323380833
0225.jpg,1.7222222222222223,0.055555556,0.23570226,0.444444444,0.511309993,0.055555556,0.23570226,0.888888889,0.323380833,0.111111111,0.323380833,0.055555556,0.23570226,0.0,0.0
0071.jpg,3.2777777777777777,0.0,0.0,0.333333333,0.48507125,0.666666667,0.48507125,0.0,0.0,0.055555556,0.23570226,0.055555556,0.23570226,0.0,0.0
0338.jpg,3.111111111111111,0.166666667,0.383482494,0.555555556,0.511309993,0.0,0.0,0.0,0.0,0.055555556,0.23570226,0.055555556,0.23570226,0.0,0.0
0138.jpg,2.611111111111111,0.111111111,0.323380833,0.388888889,0.501631326,0.888888889,0.323380833,0.0,0.0,0.0,0.0,0.055555556,0.23570226,0.055555556,0.23570226
30_05_05.bmp,1.7777777777777777,0.388888889,0.501631326,0.777777778,0.427792632,0.055555556,0.23570226,0.055555556,0.23570226,0.388888889,0.501631326,0.0,0.0,0.055555556,0.23570226
08_07_04.bmp,2.111111111111111,0.333333333,0.48507125,0.777777778,0.427792632,0.0,0.0,0.111111111,0.323380833,0.0,0.0,0.055555556,0.23570226,0.055555556,0.23570226
35_07_04.bmp,1.5,0.055555556,0.23570226,0.888888889,0.323380833,0.055555556,0.23570226,0.0,0.0,0.055555556,0.23570226,0.055555556,0.23570226,0.111111111,0.323380833
30_13_03.bmp,3.2777777777777777,0.055555556,0.23570226,0.222222222,0.427792632,0.333333333,0.48507125,0.0,0.0,0.333333333,0.48507125,0.0,0.0,0.0,0.0
17_06_01.bmp,2.388888888888889,0.444444444,0.511309993,0.333333333,0.48507125,0.222222222,0.427792632,0.055555556,0.23570226,0.166666667,0.383482494,0.166666667,0.383482494,0.0,0.0
29_01_04.bmp,2.388888888888889,0.055555556,0.23570226,0.833333333,0.383482494,0.055555556,0.23570226,0.111111111,0.323380833,0.055555556,0.23570226,0.0,0.0,0.0,0.0
19_03_03.bmp,2.5,0.055555556,0.23570226,0.722222222,0.460888599,0.0,0.0,0.0,0.0,0.111111111,0.323380833,0.055555556,0.23570226,0.0,0.0
26_08_05.bmp,2.888888888888889,0.277777778,0.460888599,0.555555556,0.511309993,0.111111111,0.323380833,0.055555556,0.23570226,0.055555556,0.23570226,0.0,0.0,0.0,0.0
01499.jpg,3.111111111111111,0.055555556,0.23570226,0.611111111,0.501631326,0.222222222,0.427792632,0.0,0.0,0.055555556,0.23570226,0.0,0.0,0.055555556,0.23570226
0712.jpg,3.2222222222222223,0.055555556,0.23570226,0.388888889,0.501631326,0.0,0.0,0.111111111,0.323380833,0.5,0.514495755,0.111111111,0.323380833,0.0,0.0
17_20_04.bmp,2.0,0.444444444,0.511309993,0.277777778,0.460888599,0.222222222,0.427792632,0.277777778,0.460888599,0.166666667,0.383482494,0.0,0.0,0.055555556,0.23570226
25_17_04.bmp,2.4444444444444446,0.055555556,0.23570226,0.555555556,0.511309993,0.111111111,0.323380833,0.055555556,0.23570226,0.222222222,0.427792632,0.222222222,0.427792632,0.222222222,0.427792632
0427.jpg,2.555555555555556,0.055555556,0.23570226,0.777777778,0.427792632,0.0,0.0,0.055555556,0.23570226,0.055555556,0.23570226,0.055555556,0.23570226,0.0,0.0
11_09_02.bmp,2.888888888888889,0.777777778,0.427792632,0.277777778,0.460888599,0.055555556,0.23570226,0.055555556,0.23570226,0.222222222,0.427792632,0.055555556,0.23570226,0.055555556,0.23570226
18_16_01.bmp,3.111111111111111,0.055555556,0.23570226,0.388888889,0.501631326,0.277777778,0.460888599,0.111111111,0.323380833,0.0,0.0,0.0,0.0,0.055555556,0.23570226
14_07_01.bmp,3.055555555555556,0.166666667,0.383482494,0.666666667,0.48507125,0.055555556,0.23570226,0.0,0.0,0.055555556,0.23570226,0.111111111,0.323380833,0.055555556,0.23570226
35_08_03.bmp,2.2222222222222223,0.055555556,0.23570226,0.777777778,0.427792632,0.055555556,0.23570226,0.0,0.0,0.0,0.0,0.055555556,0.23570226,0.111111111,0.323380833
32_05_05.bmp,1.5,0.333333333,0.48507125,0.666666667,0.48507125,0.111111111,0.323380833,0.111111111,0.323380833,0.388888889,0.501631326,0.055555556,0.23570226,0.0,0.0
01170.jpg,3.6666666666666665,0.166666667,0.383482494,0.166666667,0.383482494,0.055555556,0.23570226,0.0,0.0,0.055555556,0.23570226,0.444444444,0.511309993,0.111111111,0.323380833
15_21_03.bmp,2.888888888888889,0.111111111,0.323380833,0.166666667,0.383482494,0.666666667,0.48507125,0.0,0.0,0.166666667,0.383482494,0.0,0.0,0.055555556,0.23570226
0865.jpg,3.611111111111111,0.0,0.0,0.5,0.514495755,0.0,0.0,0.055555556,0.23570226,0.166666667,0.383482494,0.055555556,0.23570226,0.0,0.0
32_14_03.bmp,1.7222222222222223,0.055555556,0.23570226,0.333333333,0.48507125,0.111111111,0.323380833,0.833333333,0.383482494,0.277777778,0.460888599,0.055555556,0.23570226,0.0,0.0
05_10_05.bmp,1.6666666666666667,0.833333333,0.383482494,0.388888889,0.501631326,0.055555556,0.23570226,0.055555556,0.23570226,0.055555556,0.23570226,0.111111111,0.323380833,0.0,0.0
0605.jpg,3.2222222222222223,0.055555556,0.23570226,0.611111111,0.501631326,0.055555556,0.23570226,0.055555556,0.23570226,0.333333333,0.48507125,0.0,0.0,0.0,0.0
17_13_03.bmp,2.833333333333333,0.111111111,0.323380833,0.222222222,0.427792632,0.722222222,0.460888599,0.0,0.0,0.222222222,0.427792632,0.055555556,0.23570226,0.0,0.0
21_10_04.bmp,2.388888888888889,0.777777778,0.427792632,0.277777778,0.460888599,0.0,0.0,0.111111111,0.323380833,0.055555556,0.23570226,0.055555556,0.23570226,0.0,0.0
0350.jpg,2.7777777777777777,0.111111111,0.323380833,0.722222222,0.460888599,0.0,0.0,0.055555556,0.23570226,0.222222222,0.427792632,0.0,0.0,0.055555556,0.23570226
01229.jpg,2.888888888888889,0.388888889,0.501631326,0.777777778,0.427792632,0.0,0.0,0.111111111,0.323380833,0.055555556,0.23570226,0.0,0.0,0.055555556,0.23570226
0455.jpg,3.055555555555556,0.0,0.0,0.222222222,0.427792632,0.0,0.0,0.111111111,0.323380833,0.944444444,0.23570226,0.0,0.0,0.055555556,0.23570226
27_06_02.bmp,2.7777777777777777,0.333333333,0.48507125,0.444444444,0.511309993,0.222222222,0.427792632,0.055555556,0.23570226,0.444444444,0.511309993,0.111111111,0.323380833,0.0,0.0
26_18_02.bmp,2.888888888888889,0.055555556,0.23570226,0.722222222,0.460888599,0.111111111,0.323380833,0.055555556,0.23570226,0.111111111,0.323380833,0.111111111,0.323380833,0.0,0.0
19_05_01.bmp,3.611111111111111,0.166666667,0.383482494,0.222222222,0.427792632,0.222222222,0.427792632,0.055555556,0.23570226,0.166666667,0.383482494,0.055555556,0.23570226,0.055555556,0.23570226
24_11_03.bmp,2.555555555555556,0.666666667,0.48507125,0.333333333,0.48507125,0.111111111,0.323380833,0.0,0.0,0.055555556,0.23570226,0.055555556,0.23570226,0.0,0.0
0449.jpg,2.7222222222222223,0.111111111,0.323380833,0.833333333,0.383482494,0.055555556,0.23570226,0.055555556,0.23570226,0.111111111,0.323380833,0.055555556,0.23570226,0.055555556,0.23570226
31_14_01.bmp,3.1666666666666665,0.055555556,0.23570226,0.444444444,0.511309993,0.0,0.0,0.111111111,0.323380833,0.222222222,0.427792632,0.0,0.0,0.111111111,0.323380833
32_20_02.bmp,2.055555555555556,0.555555556,0.511309993,0.5,0.514495755,0.166666667,0.383482494,0.0,0.0,0.388888889,0.501631326,0.055555556,0.23570226,0.055555556,0.23570226
17_21_01.bmp,1.9444444444444444,0.055555556,0.23570226,0.277777778,0.460888599,0.833333333,0.383482494,0.055555556,0.23570226,0.166666667,0.383482494,0.0,0.0,0.055555556,0.23570226
36_12_04.bmp,2.388888888888889,0.888888889,0.323380833,0.333333333,0.48507125,0.166666667,0.383482494,0.0,0.0,0.055555556,0.23570226,0.0,0.0,0.111111111,0.323380833
35_12_04.bmp,2.111111111111111,0.666666667,0.48507125,0.555555556,0.511309993,0.055555556,0.23570226,0.055555556,0.23570226,0.055555556,0.23570226,0.0,0.0,0.055555556,0.23570226
02_01_01.bmp,3.2777777777777777,0.055555556,0.23570226,0.222222222,0.427792632,0.0,0.0,0.055555556,0.23570226,0.611111111,0.501631326,0.055555556,0.23570226,0.0,0.0
10_24_05.bmp,1.3333333333333333,0.0,0.0,0.888888889,0.323380833,0.0,0.0,0.055555556,0.23570226,0.166666667,0.383482494,0.111111111,0.323380833,0.055555556,0.23570226
37_10_05.bmp,2.2777777777777777,0.888888889,0.323380833,0.388888889,0.501631326,0.0,0.0,0.0,0.0,0.055555556,0.23570226,0.111111111,0.323380833,0.0,0.0
10_01_03.bmp,2.333333333333333,0.0,0.0,0.777777778,0.427792632,0.0,0.0,0.111111111,0.323380833,0.444444444,0.511309993,0.222222222,0.427792632,0.055555556,0.23570226
11_23_02.bmp,2.7222222222222223,0.055555556,0.23570226,0.222222222,0.427792632,0.055555556,0.23570226,0.777777778,0.427792632,0.222222222,0.427792632,0.111111111,0.323380833,0.055555556,0.23570226
22_11_04.bmp,2.2222222222222223,0.833333333,0.383482494,0.388888889,0.501631326,0.0,0.0,0.0,0.0,0.166666667,0.383482494,0.166666667,0.383482494,0.055555556,0.23570226
20_17_02.bmp,2.833333333333333,0.111111111,0.323380833,0.444444444,0.511309993,0.111111111,0.323380833,0.0,0.0,0.166666667,0.383482494,0.166666667,0.383482494,0.166666667,0.383482494
02_07_02.bmp,2.6666666666666665,0.166666667,0.383482494,0.666666667,0.48507125,0.055555556,0.23570226,0.055555556,0.23570226,0.444444444,0.511309993,0.055555556,0.23570226,0.0,0.0
34_05_01.bmp,3.2777777777777777,0.111111111,0.323380833,0.444444444,0.511309993,0.111111111,0.323380833,0.0,0.0,0.0,0.0,0.0,0.0,0.111111111,0.323380833
18_18_04.bmp,1.9444444444444444,0.0,0.0,0.777777778,0.427792632,0.111111111,0.323380833,0.0,0.0,0.0,0.0,0.055555556,0.23570226,0.055555556,0.23570226
0083.jpg,3.2222222222222223,0.055555556,0.23570226,0.277777778,0.460888599,0.722222222,0.460888599,0.111111111,0.323380833,0.0,0.0,0.0,0.0,0.055555556,0.23570226
06_07_01.bmp,3.7777777777777777,0.222222222,0.427792632,0.111111111,0.323380833,0.055555556,0.23570226,0.111111111,0.323380833,0.0,0.0,0.111111111,0.323380833,0.055555556,0.23570226
35_02_04.bmp,1.5,0.0,0.0,1.0,0.0,0.055555556,0.23570226,0.055555556,0.23570226,0.0,0.0,0.0,0.0,0.0,0.0
36_25_04.bmp,2.0,0.055555556,0.23570226,0.222222222,0.427792632,0.166666667,0.383482494,0.0,0.0,0.0,0.0,0.0,0.0,0.944444444,0.23570226
34_05_04.bmp,2.833333333333333,0.277777778,0.460888599,0.666666667,0.48507125,0.222222222,0.427792632,0.0,0.0,0.055555556,0.23570226,0.0,0.0,0.055555556,0.23570226
08_22_02.bmp,3.1666666666666665,0.333333333,0.48507125,0.333333333,0.48507125,0.0,0.0,0.166666667,0.383482494,0.111111111,0.323380833,0.0,0.0,0.0,0.0
36_12_03.bmp,2.7222222222222223,0.777777778,0.427792632,0.5,0.514495755,0.111111111,0.323380833,0.055555556,0.23570226,0.0,0.0,0.0,0.0,0.055555556,0.23570226
28_08_01.bmp,3.055555555555556,0.111111111,0.323380833,0.5,0.514495755,0.055555556,0.23570226,0.055555556,0.23570226,0.166666667,0.383482494,0.055555556,0.23570226,0.0,0.0
02_01_04.bmp,2.055555555555556,0.055555556,0.23570226,0.944444444,0.23570226,0.0,0.0,0.055555556,0.23570226,0.555555556,0.511309993,0.0,0.0,0.055555556,0.23570226
09_07_03.bmp,2.2777777777777777,0.277777778,0.460888599,0.888888889,0.323380833,0.111111111,0.323380833,0.0,0.0,0.111111111,0.323380833,0.055555556,0.23570226,0.0,0.0
25_25_01.bmp,2.888888888888889,0.055555556,0.23570226,0.111111111,0.323380833,0.055555556,0.23570226,0.055555556,0.23570226,0.166666667,0.383482494,0.0,0.0,0.888888889,0.323380833
05_11_02.bmp,2.833333333333333,0.777777778,0.427792632,0.333333333,0.48507125,0.055555556,0.23570226,0.055555556,0.23570226,0.0,0.0,0.111111111,0.323380833,0.0,0.0
24_06_01.bmp,2.833333333333333,0.222222222,0.427792632,0.388888889,0.501631326,0.277777778,0.460888599,0.055555556,0.23570226,0.0,0.0,0.0,0.0,0.0,0.0
0231.jpg,1.5,0.055555556,0.23570226,0.388888889,0.501631326,0.055555556,0.23570226,0.944444444,0.23570226,0.055555556,0.23570226,0.0,0.0,0.0,0.0
1144.jpg,2.5,0.0,0.0,0.222222222,0.427792632,0.055555556,0.23570226,0.0,0.0,0.111111111,0.323380833,0.833333333,0.383482494,0.166666667,0.383482494
12_17_02.bmp,2.888888888888889,0.111111111,0.323380833,0.388888889,0.501631326,0.055555556,0.23570226,0.0,0.0,0.111111111,0.323380833,0.111111111,0.323380833,0.222222222,0.427792632
22_17_05.bmp,2.2222222222222223,0.055555556,0.23570226,0.611111111,0.501631326,0.0,0.0,0.055555556,0.23570226,0.166666667,0.383482494,0.222222222,0.427792632,0.055555556,0.23570226
19_04_02.bmp,3.2222222222222223,0.277777778,0.460888599,0.277777778,0.460888599,0.166666667,0.383482494,0.166666667,0.383482494,0.111111111,0.323380833,0.055555556,0.23570226,0.055555556,0.23570226
08_11_05.bmp,2.4444444444444446,0.888888889,0.323380833,0.111111111,0.323380833,0.055555556,0.23570226,0.0,0.0,0.055555556,0.23570226,0.055555556,0.23570226,0.0,0.0
34_24_01.bmp,2.9444444444444446,0.0,0.0,0.666666667,0.48507125,0.222222222,0.427792632,0.0,0.0,0.055555556,0.23570226,0.0,0.0,0.055555556,0.23570226
37_21_04.bmp,2.2777777777777777,0.166666667,0.383482494,0.277777778,0.460888599,0.055555556,0.23570226,0.722222222,0.460888599,0.055555556,0.23570226,0.055555556,0.23570226,0.0,0.0
19_02_03.bmp,2.055555555555556,0.055555556,0.23570226,0.888888889,0.323380833,0.055555556,0.23570226,0.0,0.0,0.055555556,0.23570226,0.0,0.0,0.055555556,0.23570226
14_24_04.bmp,1.7222222222222223,0.055555556,0.23570226,1.0,0.0,0.055555556,0.23570226,0.055555556,0.23570226,0.055555556,0.23570226,0.111111111,0.323380833,0.0,0.0
03_18_01.bmp,3.388888888888889,0.333333333,0.48507125,0.166666667,0.383482494,0.055555556,0.23570226,0.0,0.0,0.111111111,0.323380833,0.055555556,0.23570226,0.055555556,0.23570226
0694.jpg,3.2777777777777777,0.055555556,0.23570226,0.444444444,0.511309993,0.0,0.0,0.055555556,0.23570226,0.277777778,0.460888599,0.111111111,0.323380833,0.0,0.0
01160.jpg,2.333333333333333,0.222222222,0.427792632,0.944444444,0.23570226,0.0,0.0,0.111111111,0.323380833,0.111111111,0.323380833,0.0,0.0,0.0,0.0
04_03_03.bmp,2.055555555555556,0.0,0.0,0.888888889,0.323380833,0.055555556,0.23570226,0.0,0.0,0.166666667,0.383482494,0.055555556,0.23570226,0.055555556,0.23570226
35_12_01.bmp,3.1666666666666665,0.5,0.514495755,0.444444444,0.511309993,0.111111111,0.323380833,0.055555556,0.23570226,0.0,0.0,0.0,0.0,0.111111111,0.323380833
09_25_03.bmp,2.7222222222222223,0.111111111,0.323380833,0.055555556,0.23570226,0.055555556,0.23570226,0.055555556,0.23570226,0.055555556,0.23570226,0.055555556,0.23570226,0.833333333,0.383482494
28_15_05.bmp,2.833333333333333,0.055555556,0.23570226,0.333333333,0.48507125,0.111111111,0.323380833,0.388888889,0.501631326,0.222222222,0.427792632,0.055555556,0.23570226,0.055555556,0.23570226
0897.jpg,3.555555555555556,0.166666667,0.383482494,0.444444444,0.511309993,0.0,0.0,0.0,0.0,0.166666667,0.383482494,0.055555556,0.23570226,0.0,0.0
20_05_03.bmp,2.5,0.277777778,0.460888599,0.611111111,0.501631326,0.111111111,0.323380833,0.0,0.0,0.111111111,0.323380833,0.166666667,0.383482494,0.0,0.0
01221.jpg,3.055555555555556,0.333333333,0.48507125,0.555555556,0.511309993,0.055555556,0.23570226,0.055555556,0.23570226,0.611111111,0.501631326,0.0,0.0,0.055555556,0.23570226
29_02_05.bmp,1.3888888888888888,0.055555556,0.23570226,0.944444444,0.23570226,0.0,0.0,0.055555556,0.23570226,0.111111111,0.323380833,0.0,0.0,0.0,0.0
25_05_04.bmp,1.7222222222222223,0.444444444,0.511309993,0.555555556,0.511309993,0.111111111,0.323380833,0.0,0.0,0.111111111,0.323380833,0.0,0.0,0.055555556,0.23570226
11_21_03.bmp,2.6666666666666665,0.166666667,0.383482494,0.5,0.514495755,0.388888889,0.501631326,0.0,0.0,0.277777778,0.460888599,0.055555556,0.23570226,0.0,0.0
13_09_04.bmp,2.4444444444444446,0.777777778,0.427792632,0.166666667,0.383482494,0.166666667,0.383482494,0.0,0.0,0.222222222,0.427792632,0.111111111,0.323380833,0.0,0.0
09_01_01.bmp,3.611111111111111,0.222222222,0.427792632,0.333333333,0.48507125,0.222222222,0.427792632,0.111111111,0.323380833,0.111111111,0.323380833,0.111111111,0.323380833,0.0,0.0
01338.jpg,3.055555555555556,0.166666667,0.383482494,0.722222222,0.460888599,0.111111111,0.323380833,0.0,0.0,0.0,0.0,0.0,0.0,0.0,0.0
15_23_03.bmp,2.555555555555556,0.055555556,0.23570226,0.222222222,0.427792632,0.0,0.0,0.722222222,0.460888599,0.166666667,0.383482494,0.0,0.0,0.111111111,0.323380833
35_22_02.bmp,2.2222222222222223,0.222222222,0.427792632,0.777777778,0.427792632,0.166666667,0.383482494,0.0,0.0,0.0,0.0,0.055555556,0.23570226,0.111111111,0.323380833
04_16_05.bmp,1.7777777777777777,0.277777778,0.460888599,0.944444444,0.23570226,0.0,0.0,0.0,0.0,0.166666667,0.383482494,0.0,0.0,0.0,0.0
0292.jpg,2.7222222222222223,0.222222222,0.427792632,0.333333333,0.48507125,0.0,0.0,0.777777778,0.427792632,0.0,0.0,0.0,0.0,0.0,0.0
0549.jpg,3.2222222222222223,0.055555556,0.23570226,0.388888889,0.501631326,0.0,0.0,0.055555556,0.23570226,0.777777778,0.427792632,0.055555556,0.23570226,0.111111111,0.323380833
29_07_01.bmp,3.388888888888889,0.222222222,0.427792632,0.444444444,0.511309993,0.0,0.0,0.055555556,0.23570226,0.055555556,0.23570226,0.111111111,0.323380833,0.055555556,0.23570226
0675.jpg,3.388888888888889,0.111111111,0.323380833,0.277777778,0.460888599,0.055555556,0.23570226,0.111111111,0.323380833,0.333333333,0.48507125,0.166666667,0.383482494,0.0,0.0
01322.jpg,2.7777777777777777,0.5,0.514495755,0.666666667,0.48507125,0.111111111,0.323380833,0.0,0.0,0.222222222,0.427792632,0.166666667,0.383482494,0.0,0.0
18_05_05.bmp,1.8888888888888888,0.388888889,0.501631326,0.722222222,0.460888599,0.111111111,0.323380833,0.0,0.0,0.055555556,0.23570226,0.0,0.0,0.055555556,0.23570226
26_01_05.bmp,1.6111111111111112,0.055555556,0.23570226,0.888888889,0.323380833,0.055555556,0.23570226,0.0,0.0,0.0,0.0,0.0,0.0,0.0,0.0
0955.jpg,3.055555555555556,0.0,0.0,0.333333333,0.48507125,0.0,0.0,0.666666667,0.48507125,0.222222222,0.427792632,0.0,0.0,0.111111111,0.323380833
16_02_02.bmp,2.611111111111111,0.0,0.0,0.666666667,0.48507125,0.055555556,0.23570226,0.0,0.0,0.333333333,0.48507125,0.555555556,0.511309993,0.0,0.0
26_02_02.bmp,3.611111111111111,0.055555556,0.23570226,0.5,0.514495755,0.055555556,0.23570226,0.0,0.0,0.111111111,0.323380833,0.055555556,0.23570226,0.0,0.0
11_12_03.bmp,2.611111111111111,0.777777778,0.427792632,0.333333333,0.48507125,0.055555556,0.23570226,0.055555556,0.23570226,0.166666667,0.383482494,0.055555556,0.23570226,0.055555556,0.23570226
37_03_05.bmp,2.2222222222222223,0.055555556,0.23570226,0.833333333,0.383482494,0.0,0.0,0.055555556,0.23570226,0.055555556,0.23570226,0.055555556,0.23570226,0.0,0.0
0929.jpg,3.333333333333333,0.111111111,0.323380833,0.388888889,0.501631326,0.0,0.0,0.666666667,0.48507125,0.222222222,0.427792632,0.0,0.0,0.055555556,0.23570226
02_18_01.bmp,2.388888888888889,0.055555556,0.23570226,0.666666667,0.48507125,0.055555556,0.23570226,0.0,0.0,0.5,0.514495755,0.111111111,0.323380833,0.166666667,0.383482494
0510.jpg,2.388888888888889,0.0,0.0,0.444444444,0.511309993,0.0,0.0,0.611111111,0.501631326,0.722222222,0.460888599,0.0,0.0,0.0,0.0
1036.jpg,3.6666666666666665,0.111111111,0.323380833,0.166666667,0.383482494,0.0,0.0,0.5,0.514495755,0.111111111,0.323380833,0.0,0.0,0.0,0.0
05_13_02.bmp,3.1666666666666665,0.166666667,0.383482494,0.333333333,0.48507125,0.222222222,0.427792632,0.0,0.0,0.0,0.0,0.055555556,0.23570226,0.055555556,0.23570226
11_10_01.bmp,3.0,0.333333333,0.48507125,0.388888889,0.501631326,0.055555556,0.23570226,0.111111111,0.323380833,0.277777778,0.460888599,0.055555556,0.23570226,0.0,0.0
29_25_01.bmp,2.833333333333333,0.055555556,0.23570226,0.111111111,0.323380833,0.0,0.0,0.055555556,0.23570226,0.055555556,0.23570226,0.166666667,0.383482494,0.888888889,0.323380833
01182.jpg,3.388888888888889,0.166666667,0.383482494,0.5,0.514495755,0.0,0.0,0.166666667,0.383482494,0.666666667,0.48507125,0.0,0.0,0.055555556,0.23570226
23_05_03.bmp,2.2222222222222223,0.333333333,0.48507125,0.666666667,0.48507125,0.055555556,0.23570226,0.0,0.0,0.277777778,0.460888599,0.166666667,0.383482494,0.0,0.0
08_22_01.bmp,3.2222222222222223,0.277777778,0.460888599,0.277777778,0.460888599,0.055555556,0.23570226,0.111111111,0.323380833,0.111111111,0.323380833,0.0,0.0,0.0,0.0
29_13_05.bmp,2.5,0.055555556,0.23570226,0.277777778,0.460888599,0.833333333,0.383482494,0.055555556,0.23570226,0.055555556,0.23570226,0.055555556,0.23570226,0.055555556,0.23570226
20_11_02.bmp,2.9444444444444446,0.666666667,0.48507125,0.277777778,0.460888599,0.111111111,0.323380833,0.0,0.0,0.111111111,0.323380833,0.0,0.0,0.0,0.0
0402.jpg,2.888888888888889,0.055555556,0.23570226,0.833333333,0.383482494,0.0,0.0,0.166666667,0.383482494,0.055555556,0.23570226,0.055555556,0.23570226,0.0,0.0
07_18_05.bmp,1.7777777777777777,0.111111111,0.323380833,0.666666667,0.48507125,0.111111111,0.323380833,0.055555556,0.23570226,0.222222222,0.427792632,0.055555556,0.23570226,0.111111111,0.323380833
28_24_03.bmp,2.611111111111111,0.111111111,0.323380833,0.833333333,0.383482494,0.055555556,0.23570226,0.0,0.0,0.166666667,0.383482494,0.055555556,0.23570226,0.0,0.0
06_09_01.bmp,3.1666666666666665,0.666666667,0.48507125,0.166666667,0.383482494,0.166666667,0.383482494,0.0,0.0,0.0,0.0,0.055555556,0.23570226,0.055555556,0.23570226
0633.jpg,3.388888888888889,0.111111111,0.323380833,0.444444444,0.511309993,0.0,0.0,0.166666667,0.383482494,0.166666667,0.383482494,0.055555556,0.23570226,0.055555556,0.23570226
32_18_02.bmp,2.6666666666666665,0.111111111,0.323380833,0.722222222,0.460888599,0.055555556,0.23570226,0.0,0.0,0.444444444,0.511309993,0.111111111,0.323380833,0.0,0.0
0025.jpg,2.2777777777777777,0.055555556,0.23570226,0.444444444,0.511309993,0.944444444,0.23570226,0.0,0.0,0.055555556,0.23570226,0.222222222,0.427792632,0.0,0.0
0058.jpg,3.7777777777777777,0.166666667,0.383482494,0.222222222,0.427792632,0.666666667,0.48507125,0.055555556,0.23570226,0.166666667,0.383482494,0.0,0.0,0.0,0.0
01_03_02.bmp,2.833333333333333,0.055555556,0.23570226,0.722222222,0.460888599,0.166666667,0.383482494,0.0,0.0,0.0,0.0,0.0,0.0,0.111111111,0.323380833
07_06_03.bmp,2.4444444444444446,0.444444444,0.511309993,0.444444444,0.511309993,0.166666667,0.383482494,0.0,0.0,0.111111111,0.323380833,0.166666667,0.383482494,0.055555556,0.23570226
0512.jpg,2.888888888888889,0.111111111,0.323380833,0.333333333,0.48507125,0.0,0.0,0.5,0.514495755,0.611111111,0.501631326,0.0,0.0,0.055555556,0.23570226
0440.jpg,2.833333333333333,0.0,0.0,0.722222222,0.460888599,0.055555556,0.23570226,0.166666667,0.383482494,0.111111111,0.323380833,0.222222222,0.427792632,0.055555556,0.23570226
21_10_01.bmp,3.388888888888889,0.388888889,0.501631326,0.444444444,0.511309993,0.0,0.0,0.0,0.0,0.0,0.0,0.055555556,0.23570226,0.0,0.0
30_23_03.bmp,2.611111111111111,0.055555556,0.23570226,0.166666667,0.383482494,0.055555556,0.23570226,0.666666667,0.48507125,0.166666667,0.383482494,0.0,0.0,0.166666667,0.383482494
36_25_02.bmp,2.555555555555556,0.055555556,0.23570226,0.277777778,0.460888599,0.111111111,0.323380833,0.055555556,0.23570226,0.0,0.0,0.0,0.0,0.944444444,0.23570226
36_11_03.bmp,2.388888888888889,0.944444444,0.23570226,0.388888889,0.501631326,0.111111111,0.323380833,0.0,0.0,0.055555556,0.23570226,0.055555556,0.23570226,0.055555556,0.23570226
21_08_05.bmp,1.7777777777777777,0.444444444,0.511309993,0.611111111,0.501631326,0.0,0.0,0.166666667,0.383482494,0.055555556,0.23570226,0.055555556,0.23570226,0.0,0.0
17_04_05.bmp,1.9444444444444444,0.333333333,0.48507125,0.333333333,0.48507125,0.166666667,0.383482494,0.055555556,0.23570226,0.166666667,0.383482494,0.222222222,0.427792632,0.111111111,0.323380833
16_09_01.bmp,3.111111111111111,0.666666667,0.48507125,0.166666667,0.383482494,0.055555556,0.23570226,0.0,0.0,0.333333333,0.48507125,0.277777778,0.460888599,0.0,0.0
35_14_02.bmp,2.888888888888889,0.222222222,0.427792632,0.611111111,0.501631326,0.055555556,0.23570226,0.111111111,0.323380833,0.0,0.0,0.0,0.0,0.111111111,0.323380833
08_06_04.bmp,3.0,0.388888889,0.501631326,0.222222222,0.427792632,0.111111111,0.323380833,0.111111111,0.323380833,0.111111111,0.323380833,0.166666667,0.383482494,0.0,0.0
0393.jpg,3.2222222222222223,0.055555556,0.23570226,0.777777778,0.427792632,0.055555556,0.23570226,0.166666667,0.383482494,0.0,0.0,0.0,0.0,0.0,0.0
06_14_03.bmp,3.555555555555556,0.277777778,0.460888599,0.111111111,0.323380833,0.055555556,0.23570226,0.222222222,0.427792632,0.055555556,0.23570226,0.055555556,0.23570226,0.055555556,0.23570226
31_12_04.bmp,2.611111111111111,0.722222222,0.460888599,0.277777778,0.460888599,0.0,0.0,0.055555556,0.23570226,0.111111111,0.323380833,0.0,0.0,0.055555556,0.23570226
34_16_03.bmp,2.6666666666666665,0.166666667,0.383482494,0.5,0.514495755,0.055555556,0.23570226,0.388888889,0.501631326,0.055555556,0.23570226,0.0,0.0,0.0,0.0
34_25_04.bmp,2.2777777777777777,0.111111111,0.323380833,0.111111111,0.323380833,0.111111111,0.323380833,0.055555556,0.23570226,0.0,0.0,0.0,0.0,0.944444444,0.23570226
08_17_05.bmp,2.4444444444444446,0.222222222,0.427792632,0.444444444,0.511309993,0.0,0.0,0.055555556,0.23570226,0.166666667,0.383482494,0.166666667,0.383482494,0.277777778,0.460888599
01_03_05.bmp,1.7222222222222223,0.0,0.0,0.833333333,0.383482494,0.111111111,0.323380833,0.0,0.0,0.055555556,0.23570226,0.0,0.0,0.055555556,0.23570226
32_19_01.bmp,2.7777777777777777,0.111111111,0.323380833,0.555555556,0.511309993,0.166666667,0.383482494,0.0,0.0,0.388888889,0.501631326,0.111111111,0.323380833,0.0,0.0
01180.jpg,3.555555555555556,0.222222222,0.427792632,0.388888889,0.501631326,0.0,0.0,0.055555556,0.23570226,0.388888889,0.501631326,0.0,0.0,0.111111111,0.323380833
23_19_04.bmp,1.9444444444444444,0.166666667,0.383482494,0.222222222,0.427792632,0.611111111,0.501631326,0.055555556,0.23570226,0.333333333,0.48507125,0.0,0.0,0.0,0.0
06_19_05.bmp,2.388888888888889,0.111111111,0.323380833,0.333333333,0.48507125,0.833333333,0.383482494,0.0,0.0,0.055555556,0.23570226,0.111111111,0.323380833,0.111111111,0.323380833
30_17_02.bmp,2.888888888888889,0.111111111,0.323380833,0.5,0.514495755,0.0,0.0,0.0,0.0,0.333333333,0.48507125,0.166666667,0.383482494,0.111111111,0.323380833
37_21_03.bmp,3.111111111111111,0.111111111,0.323380833,0.222222222,0.427792632,0.333333333,0.48507125,0.111111111,0.323380833,0.055555556,0.23570226,0.055555556,0.23570226,0.0,0.0
1052.jpg,3.1666666666666665,0.111111111,0.323380833,0.444444444,0.511309993,0.0,0.0,0.5,0.514495755,0.111111111,0.323380833,0.055555556,0.23570226,0.055555556,0.23570226
30_07_03.bmp,2.6666666666666665,0.333333333,0.48507125,0.666666667,0.48507125,0.0,0.0,0.0,0.0,0.277777778,0.460888599,0.055555556,0.23570226,0.055555556,0.23570226
08_01_01.bmp,4.222222222222222,0.166666667,0.383482494,0.111111111,0.323380833,0.0,0.0,0.055555556,0.23570226,0.166666667,0.383482494,0.055555556,0.23570226,0.0,0.0
0372.jpg,2.1666666666666665,0.055555556,0.23570226,0.833333333,0.383482494,0.055555556,0.23570226,0.166666667,0.383482494,0.0,0.0,0.0,0.0,0.055555556,0.23570226
11_09_03.bmp,2.4444444444444446,0.833333333,0.383482494,0.277777778,0.460888599,0.0,0.0,0.111111111,0.323380833,0.277777778,0.460888599,0.055555556,0.23570226,0.055555556,0.23570226
05_21_02.bmp,2.333333333333333,0.055555556,0.23570226,0.222222222,0.427792632,0.888888889,0.323380833,0.055555556,0.23570226,0.0,0.0,0.055555556,0.23570226,0.055555556,0.23570226
0249.jpg,1.7777777777777777,0.277777778,0.460888599,0.388888889,0.501631326,0.0,0.0,0.944444444,0.23570226,0.111111111,0.323380833,0.0,0.0,0.0,0.0
01352.jpg,3.111111111111111,0.111111111,0.323380833,0.722222222,0.460888599,0.277777778,0.460888599,0.0,0.0,0.0,0.0,0.055555556,0.23570226,0.0,0.0
25_10_04.bmp,2.2222222222222223,0.777777778,0.427792632,0.333333333,0.48507125,0.166666667,0.383482494,0.055555556,0.23570226,0.166666667,0.383482494,0.0,0.0,0.0,0.0
12_23_02.bmp,3.111111111111111,0.166666667,0.383482494,0.0,0.0,0.0,0.0,0.777777778,0.427792632,0.0,0.0,0.055555556,0.23570226,0.166666667,0.383482494
18_24_04.bmp,1.4444444444444444,0.166666667,0.383482494,0.833333333,0.383482494,0.111111111,0.323380833,0.0,0.0,0.055555556,0.23570226,0.0,0.0,0.0,0.0
26_05_02.bmp,3.8333333333333335,0.222222222,0.427792632,0.277777778,0.460888599,0.166666667,0.383482494,0.0,0.0,0.111111111,0.323380833,0.0,0.0,0.111111111,0.323380833
15_19_03.bmp,2.833333333333333,0.166666667,0.383482494,0.166666667,0.383482494,0.444444444,0.511309993,0.0,0.0,0.222222222,0.427792632,0.0,0.0,0.055555556,0.23570226
09_19_05.bmp,2.7222222222222223,0.055555556,0.23570226,0.277777778,0.460888599,0.666666667,0.48507125,0.055555556,0.23570226,0.111111111,0.323380833,0.0,0.0,0.0,0.0
04_22_04.bmp,1.5555555555555556,0.166666667,0.383482494,0.833333333,0.383482494,0.111111111,0.323380833,0.0,0.0,0.222222222,0.427792632,0.0,0.0,0.0,0.0
34_24_03.bmp,1.9444444444444444,0.055555556,0.23570226,0.888888889,0.323380833,0.222222222,0.427792632,0.0,0.0,0.0,0.0,0.0,0.0,0.055555556,0.23570226
0495.jpg,3.055555555555556,0.055555556,0.23570226,0.444444444,0.511309993,0.055555556,0.23570226,0.0,0.0,0.722222222,0.460888599,0.0,0.0,0.0,0.0
0158.jpg,2.388888888888889,0.111111111,0.323380833,0.333333333,0.48507125,0.888888889,0.323380833,0.055555556,0.23570226,0.111111111,0.323380833,0.0,0.0,0.055555556,0.23570226
0751.jpg,3.1666666666666665,0.055555556,0.23570226,0.5,0.514495755,0.0,0.0,0.0,0.0,0.0,0.0,0.055555556,0.23570226,0.055555556,0.23570226
32_04_02.bmp,2.611111111111111,0.277777778,0.460888599,0.555555556,0.511309993,0.166666667,0.383482494,0.0,0.0,0.444444444,0.511309993,0.055555556,0.23570226,0.055555556,0.23570226
10_06_05.bmp,1.7222222222222223,0.444444444,0.511309993,0.333333333,0.48507125,0.166666667,0.383482494,0.166666667,0.383482494,0.277777778,0.460888599,0.277777778,0.460888599,0.055555556,0.23570226
10_15_03.bmp,3.111111111111111,0.0,0.0,0.5,0.514495755,0.0,0.0,0.0,0.0,0.388888889,0.501631326,0.222222222,0.427792632,0.055555556,0.23570226
26_11_01.bmp,3.7222222222222223,0.388888889,0.501631326,0.111111111,0.323380833,0.111111111,0.323380833,0.0,0.0,0.111111111,0.323380833,0.055555556,0.23570226,0.055555556,0.23570226
0564.jpg,3.1666666666666665,0.111111111,0.323380833,0.388888889,0.501631326,0.0,0.0,0.111111111,0.323380833,0.666666667,0.48507125,0.055555556,0.23570226,0.0,0.0
0441.jpg,2.888888888888889,0.055555556,0.23570226,0.722222222,0.460888599,0.0,0.0,0.111111111,0.323380833,0.0,0.0,0.0,0.0,0.055555556,0.23570226
24_20_05.bmp,1.6666666666666667,0.611111111,0.501631326,0.444444444,0.511309993,0.166666667,0.383482494,0.166666667,0.383482494,0.055555556,0.23570226,0.0,0.0,0.0,0.0
24_19_01.bmp,3.0,0.277777778,0.460888599,0.666666667,0.48507125,0.111111111,0.323380833,0.0,0.0,0.0,0.0,0.0,0.0,0.0,0.0
02_10_02.bmp,2.7222222222222223,0.777777778,0.427792632,0.444444444,0.511309993,0.0,0.0,0.0,0.0,0.555555556,0.511309993,0.055555556,0.23570226,0.055555556,0.23570226
25_19_02.bmp,2.833333333333333,0.277777778,0.460888599,0.388888889,0.501631326,0.5,0.514495755,0.0,0.0,0.166666667,0.383482494,0.055555556,0.23570226,0.055555556,0.23570226
23_18_03.bmp,2.555555555555556,0.111111111,0.323380833,0.666666667,0.48507125,0.0,0.0,0.0,0.0,0.277777778,0.460888599,0.166666667,0.383482494,0.0,0.0
1045.jpg,2.7222222222222223,0.0,0.0,0.555555556,0.511309993,0.0,0.0,0.555555556,0.511309993,0.055555556,0.23570226,0.0,0.0,0.055555556,0.23570226
19_10_05.bmp,2.2777777777777777,0.833333333,0.383482494,0.388888889,0.501631326,0.055555556,0.23570226,0.0,0.0,0.111111111,0.323380833,0.055555556,0.23570226,0.0,0.0
36_21_05.bmp,1.9444444444444444,0.388888889,0.501631326,0.555555556,0.511309993,0.166666667,0.383482494,0.388888889,0.501631326,0.0,0.0,0.055555556,0.23570226,0.055555556,0.23570226
16_21_03.bmp,2.6666666666666665,0.111111111,0.323380833,0.055555556,0.23570226,0.666666667,0.48507125,0.0,0.0,0.333333333,0.48507125,0.277777778,0.460888599,0.111111111,0.323380833
0113.jpg,2.2222222222222223,0.055555556,0.23570226,0.555555556,0.511309993,1.0,0.0,0.0,0.0,0.055555556,0.23570226,0.055555556,0.23570226,0.055555556,0.23570226
07_03_02.bmp,2.9444444444444446,0.055555556,0.23570226,0.777777778,0.427792632,0.111111111,0.323380833,0.055555556,0.23570226,0.055555556,0.23570226,0.0,0.0,0.055555556,0.23570226
01155.jpg,3.555555555555556,0.277777778,0.460888599,0.333333333,0.48507125,0.0,0.0,0.111111111,0.323380833,0.333333333,0.48507125,0.0,0.0,0.0,0.0
01159.jpg,4.222222222222222,0.166666667,0.383482494,0.166666667,0.383482494,0.0,0.0,0.0,0.0,0.0,0.0,0.111111111,0.323380833,0.055555556,0.23570226
25_15_03.bmp,3.055555555555556,0.111111111,0.323380833,0.5,0.514495755,0.277777778,0.460888599,0.0,0.0,0.111111111,0.323380833,0.0,0.0,0.055555556,0.23570226
15_04_04.bmp,2.5,0.333333333,0.48507125,0.111111111,0.323380833,0.166666667,0.383482494,0.055555556,0.23570226,0.222222222,0.427792632,0.222222222,0.427792632,0.111111111,0.323380833
0457.jpg,2.833333333333333,0.055555556,0.23570226,0.277777778,0.460888599,0.055555556,0.23570226,0.0,0.0,0.666666667,0.48507125,0.0,0.0,0.611111111,0.501631326
26_25_04.bmp,2.333333333333333,0.055555556,0.23570226,0.111111111,0.323380833,0.111111111,0.323380833,0.0,0.0,0.055555556,0.23570226,0.0,0.0,0.944444444,0.23570226
37_25_02.bmp,2.833333333333333,0.0,0.0,0.222222222,0.427792632,0.0,0.0,0.111111111,0.323380833,0.055555556,0.23570226,0.055555556,0.23570226,0.888888889,0.323380833
09_10_03.bmp,2.6666666666666665,0.611111111,0.501631326,0.5,0.514495755,0.055555556,0.23570226,0.055555556,0.23570226,0.166666667,0.383482494,0.055555556,0.23570226,0.0,0.0
01461.jpg,3.1666666666666665,0.055555556,0.23570226,0.777777778,0.427792632,0.111111111,0.323380833,0.0,0.0,0.0,0.0,0.0,0.0,0.055555556,0.23570226
25_12_04.bmp,2.1666666666666665,0.777777778,0.427792632,0.277777778,0.460888599,0.111111111,0.323380833,0.0,0.0,0.222222222,0.427792632,0.0,0.0,0.055555556,0.23570226
36_10_05.bmp,2.2222222222222223,0.888888889,0.323380833,0.444444444,0.511309993,0.055555556,0.23570226,0.055555556,0.23570226,0.055555556,0.23570226,0.0,0.0,0.0,0.0
20_10_03.bmp,2.555555555555556,0.611111111,0.501631326,0.222222222,0.427792632,0.055555556,0.23570226,0.0,0.0,0.111111111,0.323380833,0.055555556,0.23570226,0.055555556,0.23570226
14_18_05.bmp,1.5555555555555556,0.055555556,0.23570226,0.888888889,0.323380833,0.111111111,0.323380833,0.055555556,0.23570226,0.0,0.0,0.055555556,0.23570226,0.055555556,0.23570226
12_15_03.bmp,3.388888888888889,0.111111111,0.323380833,0.277777778,0.460888599,0.111111111,0.323380833,0.166666667,0.383482494,0.111111111,0.323380833,0.055555556,0.23570226,0.0,0.0
03_09_04.bmp,2.7222222222222223,0.722222222,0.460888599,0.166666667,0.383482494,0.111111111,0.323380833,0.055555556,0.23570226,0.166666667,0.383482494,0.0,0.0,0.055555556,0.23570226
36_10_03.bmp,2.7777777777777777,0.833333333,0.383482494,0.444444444,0.511309993,0.111111111,0.323380833,0.0,0.0,0.0,0.0,0.0,0.0,0.055555556,0.23570226
07_07_02.bmp,2.6666666666666665,0.277777778,0.460888599,0.611111111,0.501631326,0.055555556,0.23570226,0.055555556,0.23570226,0.055555556,0.23570226,0.055555556,0.23570226,0.055555556,0.23570226
14_20_04.bmp,2.2222222222222223,0.5,0.514495755,0.388888889,0.501631326,0.222222222,0.427792632,0.222222222,0.427792632,0.055555556,0.23570226,0.0,0.0,0.0,0.0
0821.jpg,3.2222222222222223,0.055555556,0.23570226,0.5,0.514495755,0.0,0.0,0.055555556,0.23570226,0.111111111,0.323380833,0.055555556,0.23570226,0.0,0.0
33_19_01.bmp,3.333333333333333,0.055555556,0.23570226,0.5,0.514495755,0.0,0.0,0.0,0.0,0.444444444,0.511309993,0.0,0.0,0.0,0.0
33_18_05.bmp,2.111111111111111,0.0,0.0,0.777777778,0.427792632,0.0,0.0,0.055555556,0.23570226,0.444444444,0.511309993,0.055555556,0.23570226,0.0,0.0
22_24_05.bmp,1.2777777777777777,0.111111111,0.323380833,0.888888889,0.323380833,0.0,0.0,0.0,0.0,0.166666667,0.383482494,0.111111111,0.323380833,0.0,0.0
01181.jpg,3.111111111111111,0.277777778,0.460888599,0.555555556,0.511309993,0.055555556,0.23570226,0.0,0.0,0.611111111,0.501631326,0.166666667,0.383482494,0.0,0.0
06_24_05.bmp,1.5555555555555556,0.111111111,0.323380833,0.944444444,0.23570226,0.111111111,0.323380833,0.0,0.0,0.055555556,0.23570226,0.055555556,0.23570226,0.0,0.0
01343.jpg,3.333333333333333,0.055555556,0.23570226,0.666666667,0.48507125,0.0,0.0,0.166666667,0.383482494,0.0,0.0,0.0,0.0,0.055555556,0.23570226
09_03_04.bmp,2.055555555555556,0.222222222,0.427792632,0.833333333,0.383482494,0.166666667,0.383482494,0.0,0.0,0.166666667,0.383482494,0.0,0.0,0.0,0.0
0731.jpg,3.8333333333333335,0.111111111,0.323380833,0.166666667,0.383482494,0.0,0.0,0.0,0.0,0.277777778,0.460888599,0.111111111,0.323380833,0.055555556,0.23570226
0857.jpg,3.5,0.111111111,0.323380833,0.5,0.514495755,0.055555556,0.23570226,0.055555556,0.23570226,0.222222222,0.427792632,0.0,0.0,0.0,0.0
10_24_01.bmp,3.2222222222222223,0.0,0.0,0.722222222,0.460888599,0.0,0.0,0.166666667,0.383482494,0.333333333,0.48507125,0.166666667,0.383482494,0.055555556,0.23570226
0406.jpg,2.2777777777777777,0.055555556,0.23570226,0.833333333,0.383482494,0.055555556,0.23570226,0.055555556,0.23570226,0.0,0.0,0.055555556,0.23570226,0.055555556,0.23570226
0842.jpg,3.4444444444444446,0.222222222,0.427792632,0.388888889,0.501631326,0.0,0.0,0.055555556,0.23570226,0.111111111,0.323380833,0.166666667,0.383482494,0.055555556,0.23570226
22_22_01.bmp,3.111111111111111,0.055555556,0.23570226,0.666666667,0.48507125,0.055555556,0.23570226,0.0,0.0,0.111111111,0.323380833,0.111111111,0.323380833,0.0,0.0
11_18_03.bmp,2.5,0.055555556,0.23570226,0.666666667,0.48507125,0.0,0.0,0.055555556,0.23570226,0.277777778,0.460888599,0.055555556,0.23570226,0.055555556,0.23570226
22_07_04.bmp,1.7222222222222223,0.111111111,0.323380833,0.888888889,0.323380833,0.055555556,0.23570226,0.0,0.0,0.111111111,0.323380833,0.111111111,0.323380833,0.0,0.0
08_13_04.bmp,3.4444444444444446,0.111111111,0.323380833,0.0,0.0,0.777777778,0.427792632,0.055555556,0.23570226,0.0,0.0,0.0,0.0,0.0,0.0
13_19_04.bmp,3.333333333333333,0.055555556,0.23570226,0.111111111,0.323380833,0.555555556,0.511309993,0.0,0.0,0.111111111,0.323380833,0.111111111,0.323380833,0.0,0.0
32_03_05.bmp,1.9444444444444444,0.055555556,0.23570226,0.777777778,0.427792632,0.166666667,0.383482494,0.055555556,0.23570226,0.444444444,0.511309993,0.055555556,0.23570226,0.055555556,0.23570226
07_25_04.bmp,2.055555555555556,0.055555556,0.23570226,0.222222222,0.427792632,0.055555556,0.23570226,0.055555556,0.23570226,0.0,0.0,0.0,0.0,0.888888889,0.323380833
26_12_01.bmp,4.0,0.055555556,0.23570226,0.111111111,0.323380833,0.222222222,0.427792632,0.055555556,0.23570226,0.055555556,0.23570226,0.0,0.0,0.0,0.0
24_07_01.bmp,3.2777777777777777,0.055555556,0.23570226,0.611111111,0.501631326,0.111111111,0.323380833,0.0,0.0,0.055555556,0.23570226,0.0,0.0,0.0,0.0
33_15_03.bmp,2.9444444444444446,0.0,0.0,0.388888889,0.501631326,0.0,0.0,0.222222222,0.427792632,0.444444444,0.511309993,0.0,0.0,0.0,0.0
25_15_04.bmp,3.111111111111111,0.166666667,0.383482494,0.277777778,0.460888599,0.0,0.0,0.166666667,0.383482494,0.111111111,0.323380833,0.055555556,0.23570226,0.111111111,0.323380833
14_03_04.bmp,1.9444444444444444,0.055555556,0.23570226,0.833333333,0.383482494,0.111111111,0.323380833,0.0,0.0,0.0,0.0,0.055555556,0.23570226,0.055555556,0.23570226
01270.jpg,2.888888888888889,0.222222222,0.427792632,0.444444444,0.511309993,0.0,0.0,0.388888889,0.501631326,0.222222222,0.427792632,0.166666667,0.383482494,0.555555556,0.511309993
31_07_04.bmp,1.5555555555555556,0.055555556,0.23570226,0.888888889,0.323380833,0.0,0.0,0.0,0.0,0.111111111,0.323380833,0.055555556,0.23570226,0.0,0.0
0302.jpg,2.055555555555556,0.277777778,0.460888599,0.277777778,0.460888599,0.0,0.0,0.777777778,0.427792632,0.111111111,0.323380833,0.0,0.0,0.055555556,0.23570226
01225.jpg,3.6666666666666665,0.333333333,0.48507125,0.277777778,0.460888599,0.0,0.0,0.0,0.0,0.333333333,0.48507125,0.166666667,0.383482494,0.111111111,0.323380833
01175.jpg,4.277777777777778,0.111111111,0.323380833,0.111111111,0.323380833,0.0,0.0,0.0,0.0,0.0,0.0,0.055555556,0.23570226,0.0,0.0
11_03_04.bmp,2.1666666666666665,0.0,0.0,0.777777778,0.427792632,0.0,0.0,0.111111111,0.323380833,0.222222222,0.427792632,0.111111111,0.323380833,0.0,0.0
37_04_01.bmp,3.611111111111111,0.166666667,0.383482494,0.444444444,0.511309993,0.055555556,0.23570226,0.111111111,0.323380833,0.055555556,0.23570226,0.055555556,0.23570226,0.0,0.0
12_15_04.bmp,3.333333333333333,0.111111111,0.323380833,0.166666667,0.383482494,0.0,0.0,0.388888889,0.501631326,0.111111111,0.323380833,0.055555556,0.23570226,0.055555556,0.23570226
17_25_04.bmp,2.1666666666666665,0.0,0.0,0.055555556,0.23570226,0.055555556,0.23570226,0.055555556,0.23570226,0.166666667,0.383482494,0.055555556,0.23570226,0.777777778,0.427792632
37_04_05.bmp,2.1666666666666665,0.333333333,0.48507125,0.444444444,0.511309993,0.277777778,0.460888599,0.055555556,0.23570226,0.055555556,0.23570226,0.222222222,0.427792632,0.055555556,0.23570226
32_16_01.bmp,2.833333333333333,0.277777778,0.460888599,0.555555556,0.511309993,0.166666667,0.383482494,0.111111111,0.323380833,0.388888889,0.501631326,0.055555556,0.23570226,0.0,0.0
25_23_04.bmp,2.055555555555556,0.055555556,0.23570226,0.222222222,0.427792632,0.111111111,0.323380833,0.666666667,0.48507125,0.111111111,0.323380833,0.0,0.0,0.166666667,0.383482494
34_19_05.bmp,2.388888888888889,0.111111111,0.323380833,0.722222222,0.460888599,0.277777778,0.460888599,0.0,0.0,0.0,0.0,0.055555556,0.23570226,0.055555556,0.23570226
1007.jpg,3.333333333333333,0.111111111,0.323380833,0.277777778,0.460888599,0.0,0.0,0.555555556,0.511309993,0.333333333,0.48507125,0.0,0.0,0.0,0.0
16_20_01.bmp,2.5,0.166666667,0.383482494,0.333333333,0.48507125,0.222222222,0.427792632,0.277777778,0.460888599,0.388888889,0.501631326,0.277777778,0.460888599,0.0,0.0
22_17_01.bmp,3.333333333333333,0.166666667,0.383482494,0.555555556,0.511309993,0.055555556,0.23570226,0.0,0.0,0.055555556,0.23570226,0.166666667,0.383482494,0.055555556,0.23570226
29_19_04.bmp,2.388888888888889,0.222222222,0.427792632,0.444444444,0.511309993,0.5,0.514495755,0.055555556,0.23570226,0.166666667,0.383482494,0.111111111,0.323380833,0.0,0.0
10_25_01.bmp,2.9444444444444446,0.055555556,0.23570226,0.222222222,0.427792632,0.0,0.0,0.0,0.0,0.222222222,0.427792632,0.111111111,0.323380833,1.0,0.0
27_01_05.bmp,1.5555555555555556,0.055555556,0.23570226,0.888888889,0.323380833,0.0,0.0,0.0,0.0,0.444444444,0.511309993,0.055555556,0.23570226,0.0,0.0
21_17_03.bmp,2.555555555555556,0.055555556,0.23570226,0.555555556,0.511309993,0.0,0.0,0.055555556,0.23570226,0.055555556,0.23570226,0.166666667,0.383482494,0.166666667,0.383482494
34_12_05.bmp,1.9444444444444444,0.777777778,0.427792632,0.388888889,0.501631326,0.111111111,0.323380833,0.055555556,0.23570226,0.055555556,0.23570226,0.055555556,0.23570226,0.055555556,0.23570226
05_08_02.bmp,2.833333333333333,0.333333333,0.48507125,0.611111111,0.501631326,0.111111111,0.323380833,0.0,0.0,0.0,0.0,0.055555556,0.23570226,0.055555556,0.23570226
0183.jpg,2.9444444444444446,0.055555556,0.23570226,0.388888889,0.501631326,0.666666667,0.48507125,0.055555556,0.23570226,0.055555556,0.23570226,0.055555556,0.23570226,0.055555556,0.23570226
31_14_04.bmp,2.2222222222222223,0.055555556,0.23570226,0.277777778,0.460888599,0.055555556,0.23570226,0.833333333,0.383482494,0.111111111,0.323380833,0.055555556,0.23570226,0.055555556,0.23570226
13_06_03.bmp,2.833333333333333,0.388888889,0.501631326,0.166666667,0.383482494,0.333333333,0.48507125,0.0,0.0,0.166666667,0.383482494,0.166666667,0.383482494,0.111111111,0.323380833
36_04_02.bmp,3.1666666666666665,0.166666667,0.383482494,0.388888889,0.501631326,0.277777778,0.460888599,0.055555556,0.23570226,0.0,0.0,0.055555556,0.23570226,0.111111111,0.323380833
21_09_02.bmp,2.833333333333333,0.722222222,0.460888599,0.277777778,0.460888599,0.0,0.0,0.055555556,0.23570226,0.055555556,0.23570226,0.055555556,0.23570226,0.0,0.0
36_08_02.bmp,3.055555555555556,0.055555556,0.23570226,0.555555556,0.511309993,0.111111111,0.323380833,0.0,0.0,0.055555556,0.23570226,0.055555556,0.23570226,0.111111111,0.323380833
07_18_03.bmp,2.333333333333333,0.222222222,0.427792632,0.666666667,0.48507125,0.166666667,0.383482494,0.0,0.0,0.055555556,0.23570226,0.111111111,0.323380833,0.055555556,0.23570226
36_12_02.bmp,3.0,0.5,0.514495755,0.5,0.514495755,0.111111111,0.323380833,0.055555556,0.23570226,0.055555556,0.23570226,0.0,0.0,0.055555556,0.23570226
1031.jpg,3.0,0.055555556,0.23570226,0.555555556,0.511309993,0.0,0.0,0.555555556,0.511309993,0.055555556,0.23570226,0.055555556,0.23570226,0.0,0.0
34_02_01.bmp,3.2222222222222223,0.0,0.0,0.555555556,0.511309993,0.111111111,0.323380833,0.055555556,0.23570226,0.055555556,0.23570226,0.055555556,0.23570226,0.055555556,0.23570226
36_23_02.bmp,2.833333333333333,0.055555556,0.23570226,0.111111111,0.323380833,0.111111111,0.323380833,0.666666667,0.48507125,0.0,0.0,0.0,0.0,0.222222222,0.427792632
14_04_01.bmp,3.6666666666666665,0.055555556,0.23570226,0.444444444,0.511309993,0.055555556,0.23570226,0.0,0.0,0.0,0.0,0.055555556,0.23570226,0.055555556,0.23570226
31_24_03.bmp,2.2222222222222223,0.055555556,0.23570226,0.777777778,0.427792632,0.0,0.0,0.0,0.0,0.111111111,0.323380833,0.055555556,0.23570226,0.055555556,0.23570226
01500.jpg,3.055555555555556,0.111111111,0.323380833,0.666666667,0.48507125,0.166666667,0.383482494,0.0,0.0,0.0,0.0,0.055555556,0.23570226,0.0,0.0
0531.jpg,2.6666666666666665,0.111111111,0.323380833,0.555555556,0.511309993,0.055555556,0.23570226,0.222222222,0.427792632,0.777777778,0.427792632,0.0,0.0,0.055555556,0.23570226
28_23_05.bmp,2.111111111111111,0.055555556,0.23570226,0.277777778,0.460888599,0.0,0.0,0.722222222,0.460888599,0.111111111,0.323380833,0.055555556,0.23570226,0.111111111,0.323380833
07_05_03.bmp,2.2222222222222223,0.277777778,0.460888599,0.722222222,0.460888599,0.055555556,0.23570226,0.0,0.0,0.111111111,0.323380833,0.111111111,0.323380833,0.111111111,0.323380833
27_12_02.bmp,2.6666666666666665,0.388888889,0.501631326,0.444444444,0.511309993,0.0,0.0,0.111111111,0.323380833,0.444444444,0.511309993,0.055555556,0.23570226,0.055555556,0.23570226
05_02_02.bmp,2.4444444444444446,0.166666667,0.383482494,0.833333333,0.383482494,0.111111111,0.323380833,0.0,0.0,0.0,0.0,0.055555556,0.23570226,0.055555556,0.23570226
15_13_03.bmp,2.888888888888889,0.0,0.0,0.111111111,0.323380833,0.722222222,0.460888599,0.055555556,0.23570226,0.222222222,0.427792632,0.0,0.0,0.055555556,0.23570226
06_25_02.bmp,2.6666666666666665,0.055555556,0.23570226,0.0,0.0,0.055555556,0.23570226,0.0,0.0,0.0,0.0,0.055555556,0.23570226,0.944444444,0.23570226
16_23_01.bmp,3.0,0.055555556,0.23570226,0.166666667,0.383482494,0.055555556,0.23570226,0.722222222,0.460888599,0.277777778,0.460888599,0.277777778,0.460888599,0.0,0.0
32_12_01.bmp,2.7222222222222223,0.166666667,0.383482494,0.444444444,0.511309993,0.055555556,0.23570226,0.111111111,0.323380833,0.333333333,0.48507125,0.055555556,0.23570226,0.0,0.0
01383.jpg,3.611111111111111,0.055555556,0.23570226,0.777777778,0.427792632,0.055555556,0.23570226,0.0,0.0,0.0,0.0,0.0,0.0,0.055555556,0.23570226
03_10_01.bmp,3.611111111111111,0.222222222,0.427792632,0.166666667,0.383482494,0.055555556,0.23570226,0.055555556,0.23570226,0.222222222,0.427792632,0.0,0.0,0.055555556,0.23570226
32_22_01.bmp,2.611111111111111,0.111111111,0.323380833,0.555555556,0.511309993,0.111111111,0.323380833,0.055555556,0.23570226,0.444444444,0.511309993,0.055555556,0.23570226,0.055555556,0.23570226
12_17_03.bmp,2.555555555555556,0.166666667,0.383482494,0.444444444,0.511309993,0.111111111,0.323380833,0.0,0.0,0.111111111,0.323380833,0.111111111,0.323380833,0.333333333,0.48507125
29_19_05.bmp,1.8888888888888888,0.055555556,0.23570226,0.222222222,0.427792632,0.833333333,0.383482494,0.055555556,0.23570226,0.055555556,0.23570226,0.111111111,0.323380833,0.055555556,0.23570226
36_04_05.bmp,2.2222222222222223,0.333333333,0.48507125,0.388888889,0.501631326,0.333333333,0.48507125,0.055555556,0.23570226,0.055555556,0.23570226,0.166666667,0.383482494,0.111111111,0.323380833
29_15_05.bmp,2.1666666666666665,0.055555556,0.23570226,0.444444444,0.511309993,0.0,0.0,0.722222222,0.460888599,0.111111111,0.323380833,0.111111111,0.323380833,0.055555556,0.23570226
35_21_01.bmp,1.6666666666666667,0.111111111,0.323380833,0.166666667,0.383482494,0.888888889,0.323380833,0.0,0.0,0.055555556,0.23570226,0.0,0.0,0.055555556,0.23570226
22_10_04.bmp,2.111111111111111,0.777777778,0.427792632,0.388888889,0.501631326,0.0,0.0,0.055555556,0.23570226,0.166666667,0.383482494,0.111111111,0.323380833,0.0,0.0
1145.jpg,2.4444444444444446,0.055555556,0.23570226,0.333333333,0.48507125,0.0,0.0,0.0,0.0,0.166666667,0.383482494,0.833333333,0.383482494,0.222222222,0.427792632
01_01_03.bmp,2.7222222222222223,0.111111111,0.323380833,0.777777778,0.427792632,0.111111111,0.323380833,0.0,0.0,0.0,0.0,0.0,0.0,0.055555556,0.23570226
0759.jpg,3.555555555555556,0.055555556,0.23570226,0.333333333,0.48507125,0.0,0.0,0.055555556,0.23570226,0.111111111,0.323380833,0.055555556,0.23570226,0.111111111,0.323380833
13_06_02.bmp,3.111111111111111,0.222222222,0.427792632,0.333333333,0.48507125,0.166666667,0.383482494,0.055555556,0.23570226,0.166666667,0.383482494,0.166666667,0.383482494,0.055555556,0.23570226
33_23_01.bmp,2.833333333333333,0.055555556,0.23570226,0.166666667,0.383482494,0.0,0.0,0.722222222,0.460888599,0.388888889,0.501631326,0.0,0.0,0.111111111,0.323380833
0666.jpg,3.333333333333333,0.055555556,0.23570226,0.5,0.514495755,0.055555556,0.23570226,0.055555556,0.23570226,0.166666667,0.383482494,0.055555556,0.23570226,0.055555556,0.23570226
23_05_02.bmp,3.0,0.222222222,0.427792632,0.666666667,0.48507125,0.0,0.0,0.055555556,0.23570226,0.388888889,0.501631326,0.111111111,0.323380833,0.0,0.0
0960.jpg,3.111111111111111,0.055555556,0.23570226,0.388888889,0.501631326,0.0,0.0,0.666666667,0.48507125,0.055555556,0.23570226,0.055555556,0.23570226,0.0,0.0
08_03_02.bmp,3.7777777777777777,0.111111111,0.323380833,0.444444444,0.511309993,0.111111111,0.323380833,0.0,0.0,0.166666667,0.383482494,0.0,0.0,0.0,0.0
28_16_03.bmp,3.111111111111111,0.166666667,0.383482494,0.5,0.514495755,0.0,0.0,0.111111111,0.323380833,0.166666667,0.383482494,0.111111111,0.323380833,0.0,0.0
20_12_02.bmp,2.9444444444444446,0.722222222,0.460888599,0.388888889,0.501631326,0.055555556,0.23570226,0.0,0.0,0.055555556,0.23570226,0.055555556,0.23570226,0.0,0.0
37_18_03.bmp,3.2222222222222223,0.222222222,0.427792632,0.722222222,0.460888599,0.0,0.0,0.0,0.0,0.055555556,0.23570226,0.055555556,0.23570226,0.0,0.0
0667.jpg,3.611111111111111,0.111111111,0.323380833,0.333333333,0.48507125,0.0,0.0,0.0,0.0,0.111111111,0.323380833,0.0,0.0,0.055555556,0.23570226
24_05_02.bmp,3.1666666666666665,0.111111111,0.323380833,0.777777778,0.427792632,0.055555556,0.23570226,0.0,0.0,0.0,0.0,0.0,0.0,0.0,0.0
01363.jpg,4.277777777777778,0.055555556,0.23570226,0.388888889,0.501631326,0.111111111,0.323380833,0.0,0.0,0.055555556,0.23570226,0.0,0.0,0.055555556,0.23570226
02_04_04.bmp,2.7777777777777777,0.222222222,0.427792632,0.222222222,0.427792632,0.166666667,0.383482494,0.055555556,0.23570226,0.5,0.514495755,0.111111111,0.323380833,0.055555556,0.23570226
32_15_03.bmp,2.7222222222222223,0.055555556,0.23570226,0.5,0.514495755,0.277777778,0.460888599,0.166666667,0.383482494,0.388888889,0.501631326,0.111111111,0.323380833,0.0,0.0
23_24_01.bmp,3.1666666666666665,0.111111111,0.323380833,0.555555556,0.511309993,0.0,0.0,0.055555556,0.23570226,0.222222222,0.427792632,0.055555556,0.23570226,0.055555556,0.23570226
17_15_04.bmp,2.833333333333333,0.111111111,0.323380833,0.222222222,0.427792632,0.055555556,0.23570226,0.111111111,0.323380833,0.222222222,0.427792632,0.055555556,0.23570226,0.055555556,0.23570226
0377.jpg,2.2777777777777777,0.111111111,0.323380833,0.833333333,0.383482494,0.0,0.0,0.055555556,0.23570226,0.055555556,0.23570226,0.0,0.0,0.055555556,0.23570226
07_24_04.bmp,1.5,0.055555556,0.23570226,0.888888889,0.323380833,0.166666667,0.383482494,0.0,0.0,0.055555556,0.23570226,0.0,0.0,0.0,0.0
04_07_01.bmp,2.555555555555556,0.333333333,0.48507125,0.666666667,0.48507125,0.111111111,0.323380833,0.055555556,0.23570226,0.166666667,0.383482494,0.0,0.0,0.0,0.0
27_23_04.bmp,2.055555555555556,0.0,0.0,0.222222222,0.427792632,0.0,0.0,0.777777778,0.427792632,0.222222222,0.427792632,0.0,0.0,0.166666667,0.383482494
35_21_03.bmp,1.8888888888888888,0.055555556,0.23570226,0.222222222,0.427792632,0.944444444,0.23570226,0.055555556,0.23570226,0.0,0.0,0.0,0.0,0.055555556,0.23570226
0660.jpg,3.555555555555556,0.166666667,0.383482494,0.333333333,0.48507125,0.0,0.0,0.055555556,0.23570226,0.055555556,0.23570226,0.055555556,0.23570226,0.111111111,0.323380833
0619.jpg,3.0,0.111111111,0.323380833,0.5,0.514495755,0.0,0.0,0.166666667,0.383482494,0.0,0.0,0.0,0.0,0.055555556,0.23570226
03_23_01.bmp,3.4444444444444446,0.0,0.0,0.055555556,0.23570226,0.055555556,0.23570226,0.722222222,0.460888599,0.111111111,0.323380833,0.055555556,0.23570226,0.055555556,0.23570226
0245.jpg,1.6666666666666667,0.166666667,0.383482494,0.5,0.514495755,0.055555556,0.23570226,0.888888889,0.323380833,0.0,0.0,0.0,0.0,0.0,0.0
11_02_02.bmp,2.6666666666666665,0.055555556,0.23570226,0.722222222,0.460888599,0.055555556,0.23570226,0.055555556,0.23570226,0.333333333,0.48507125,0.055555556,0.23570226,0.0,0.0
0860.jpg,3.388888888888889,0.055555556,0.23570226,0.555555556,0.511309993,0.0,0.0,0.0,0.0,0.222222222,0.427792632,0.0,0.0,0.0,0.0
19_25_03.bmp,2.388888888888889,0.0,0.0,0.111111111,0.323380833,0.055555556,0.23570226,0.0,0.0,0.111111111,0.323380833,0.055555556,0.23570226,0.888888889,0.323380833
06_14_01.bmp,3.6666666666666665,0.222222222,0.427792632,0.166666667,0.383482494,0.166666667,0.383482494,0.0,0.0,0.0,0.0,0.055555556,0.23570226,0.055555556,0.23570226
05_01_01.bmp,3.5,0.166666667,0.383482494,0.388888889,0.501631326,0.333333333,0.48507125,0.0,0.0,0.0,0.0,0.055555556,0.23570226,0.055555556,0.23570226
28_21_02.bmp,2.833333333333333,0.111111111,0.323380833,0.111111111,0.323380833,0.611111111,0.501631326,0.0,0.0,0.166666667,0.383482494,0.055555556,0.23570226,0.0,0.0
01344.jpg,4.0,0.111111111,0.323380833,0.388888889,0.501631326,0.111111111,0.323380833,0.0,0.0,0.0,0.0,0.0,0.0,0.111111111,0.323380833
17_23_03.bmp,2.7222222222222223,0.055555556,0.23570226,0.111111111,0.323380833,0.0,0.0,0.777777778,0.427792632,0.222222222,0.427792632,0.0,0.0,0.055555556,0.23570226
18_24_03.bmp,2.0,0.111111111,0.323380833,0.833333333,0.383482494,0.055555556,0.23570226,0.111111111,0.323380833,0.055555556,0.23570226,0.0,0.0,0.0,0.0
30_02_03.bmp,2.5,0.055555556,0.23570226,0.833333333,0.383482494,0.055555556,0.23570226,0.055555556,0.23570226,0.277777778,0.460888599,0.0,0.0,0.055555556,0.23570226
21_16_02.bmp,3.1666666666666665,0.055555556,0.23570226,0.444444444,0.511309993,0.111111111,0.323380833,0.111111111,0.323380833,0.0,0.0,0.0,0.0,0.055555556,0.23570226
0340.jpg,3.611111111111111,0.055555556,0.23570226,0.444444444,0.511309993,0.055555556,0.23570226,0.055555556,0.23570226,0.111111111,0.323380833,0.0,0.0,0.0,0.0
10_01_01.bmp,2.888888888888889,0.055555556,0.23570226,0.444444444,0.511309993,0.055555556,0.23570226,0.055555556,0.23570226,0.444444444,0.511309993,0.388888889,0.501631326,0.111111111,0.323380833
1086.jpg,2.5,0.055555556,0.23570226,0.111111111,0.323380833,0.055555556,0.23570226,0.0,0.0,0.388888889,0.501631326,0.833333333,0.383482494,0.222222222,0.427792632
27_03_04.bmp,2.611111111111111,0.055555556,0.23570226,0.777777778,0.427792632,0.0,0.0,0.111111111,0.323380833,0.388888889,0.501631326,0.0,0.0,0.0,0.0
27_11_03.bmp,2.611111111111111,0.777777778,0.427792632,0.222222222,0.427792632,0.111111111,0.323380833,0.0,0.0,0.444444444,0.511309993,0.055555556,0.23570226,0.055555556,0.23570226
0708.jpg,3.7777777777777777,0.0,0.0,0.222222222,0.427792632,0.055555556,0.23570226,0.0,0.0,0.111111111,0.323380833,0.055555556,0.23570226,0.055555556,0.23570226
07_04_05.bmp,2.555555555555556,0.388888889,0.501631326,0.388888889,0.501631326,0.277777778,0.460888599,0.0,0.0,0.055555556,0.23570226,0.166666667,0.383482494,0.055555556,0.23570226
01428.jpg,3.7777777777777777,0.0,0.0,0.444444444,0.511309993,0.111111111,0.323380833,0.055555556,0.23570226,0.0,0.0,0.0,0.0,0.0,0.0
01471.jpg,3.611111111111111,0.0,0.0,0.444444444,0.511309993,0.166666667,0.383482494,0.0,0.0,0.0,0.0,0.055555556,0.23570226,0.055555556,0.23570226
37_01_03.bmp,3.333333333333333,0.0,0.0,0.444444444,0.511309993,0.166666667,0.383482494,0.111111111,0.323380833,0.055555556,0.23570226,0.055555556,0.23570226,0.0,0.0
30_12_04.bmp,2.7222222222222223,0.666666667,0.48507125,0.222222222,0.427792632,0.0,0.0,0.0,0.0,0.277777778,0.460888599,0.055555556,0.23570226,0.0,0.0
21_04_04.bmp,2.5,0.277777778,0.460888599,0.444444444,0.511309993,0.166666667,0.383482494,0.0,0.0,0.111111111,0.323380833,0.055555556,0.23570226,0.0,0.0
0416.jpg,3.111111111111111,0.055555556,0.23570226,0.833333333,0.383482494,0.055555556,0.23570226,0.111111111,0.323380833,0.0,0.0,0.0,0.0,0.0,0.0
04_01_05.bmp,1.4444444444444444,0.055555556,0.23570226,1.0,0.0,0.055555556,0.23570226,0.0,0.0,0.055555556,0.23570226,0.0,0.0,0.0,0.0
05_22_04.bmp,1.5,0.277777778,0.460888599,0.777777778,0.427792632,0.166666667,0.383482494,0.0,0.0,0.0,0.0,0.111111111,0.323380833,0.055555556,0.23570226
15_03_05.bmp,2.111111111111111,0.055555556,0.23570226,0.833333333,0.383482494,0.0,0.0,0.055555556,0.23570226,0.222222222,0.427792632,0.0,0.0,0.0,0.0
0465.jpg,3.1666666666666665,0.055555556,0.23570226,0.111111111,0.323380833,0.055555556,0.23570226,0.166666667,0.383482494,0.777777778,0.427792632,0.055555556,0.23570226,0.0,0.0
03_06_01.bmp,3.388888888888889,0.222222222,0.427792632,0.277777778,0.460888599,0.166666667,0.383482494,0.0,0.0,0.166666667,0.383482494,0.166666667,0.383482494,0.111111111,0.323380833
34_21_05.bmp,1.7777777777777777,0.222222222,0.427792632,0.666666667,0.48507125,0.277777778,0.460888599,0.277777778,0.460888599,0.0,0.0,0.055555556,0.23570226,0.055555556,0.23570226
13_01_03.bmp,3.055555555555556,0.111111111,0.323380833,0.888888889,0.323380833,0.055555556,0.23570226,0.0,0.0,0.111111111,0.323380833,0.055555556,0.23570226,0.055555556,0.23570226
11_04_02.bmp,2.888888888888889,0.277777778,0.460888599,0.444444444,0.511309993,0.111111111,0.323380833,0.111111111,0.323380833,0.166666667,0.383482494,0.166666667,0.383482494,0.055555556,0.23570226
18_06_03.bmp,2.5,0.333333333,0.48507125,0.444444444,0.511309993,0.277777778,0.460888599,0.055555556,0.23570226,0.055555556,0.23570226,0.166666667,0.383482494,0.055555556,0.23570226
0870.jpg,3.5,0.055555556,0.23570226,0.444444444,0.511309993,0.055555556,0.23570226,0.0,0.0,0.277777778,0.460888599,0.0,0.0,0.0,0.0
20_21_04.bmp,2.333333333333333,0.111111111,0.323380833,0.222222222,0.427792632,0.055555556,0.23570226,0.5,0.514495755,0.111111111,0.323380833,0.055555556,0.23570226,0.055555556,0.23570226
0486.jpg,3.111111111111111,0.055555556,0.23570226,0.5,0.514495755,0.0,0.0,0.111111111,0.323380833,0.666666667,0.48507125,0.0,0.0,0.0,0.0
05_11_01.bmp,3.055555555555556,0.5,0.514495755,0.333333333,0.48507125,0.055555556,0.23570226,0.0,0.0,0.0,0.0,0.111111111,0.323380833,0.055555556,0.23570226
07_10_05.bmp,2.0,0.833333333,0.383482494,0.333333333,0.48507125,0.111111111,0.323380833,0.0,0.0,0.111111111,0.323380833,0.0,0.0,0.0,0.0
34_09_03.bmp,2.611111111111111,0.777777778,0.427792632,0.333333333,0.48507125,0.111111111,0.323380833,0.0,0.0,0.0,0.0,0.0,0.0,0.055555556,0.23570226
0958.jpg,3.111111111111111,0.0,0.0,0.333333333,0.48507125,0.055555556,0.23570226,0.722222222,0.460888599,0.111111111,0.323380833,0.0,0.0,0.111111111,0.323380833
05_06_02.bmp,2.555555555555556,0.333333333,0.48507125,0.5,0.514495755,0.111111111,0.323380833,0.0,0.0,0.055555556,0.23570226,0.222222222,0.427792632,0.111111111,0.323380833
0798.jpg,3.1666666666666665,0.055555556,0.23570226,0.611111111,0.501631326,0.0,0.0,0.055555556,0.23570226,0.111111111,0.323380833,0.055555556,0.23570226,0.055555556,0.23570226
35_11_05.bmp,1.7777777777777777,0.944444444,0.23570226,0.388888889,0.501631326,0.111111111,0.323380833,0.0,0.0,0.055555556,0.23570226,0.055555556,0.23570226,0.055555556,0.23570226
06_06_05.bmp,1.8888888888888888,0.555555556,0.511309993,0.222222222,0.427792632,0.222222222,0.427792632,0.055555556,0.23570226,0.055555556,0.23570226,0.222222222,0.427792632,0.111111111,0.323380833
19_23_02.bmp,3.055555555555556,0.111111111,0.323380833,0.055555556,0.23570226,0.0,0.0,0.666666667,0.48507125,0.055555556,0.23570226,0.055555556,0.23570226,0.166666667,0.383482494
0407.jpg,2.388888888888889,0.111111111,0.323380833,0.555555556,0.511309993,0.0,0.0,0.111111111,0.323380833,0.0,0.0,0.0,0.0,0.611111111,0.501631326
09_15_05.bmp,2.833333333333333,0.222222222,0.427792632,0.444444444,0.511309993,0.111111111,0.323380833,0.277777778,0.460888599,0.166666667,0.383482494,0.055555556,0.23570226,0.055555556,0.23570226
05_07_01.bmp,3.1666666666666665,0.166666667,0.383482494,0.444444444,0.511309993,0.055555556,0.23570226,0.0,0.0,0.0,0.0,0.055555556,0.23570226,0.111111111,0.323380833
20_18_05.bmp,1.7222222222222223,0.166666667,0.383482494,0.777777778,0.427792632,0.055555556,0.23570226,0.0,0.0,0.055555556,0.23570226,0.055555556,0.23570226,0.111111111,0.323380833
02_21_05.bmp,1.6666666666666667,0.222222222,0.427792632,0.388888889,0.501631326,0.277777778,0.460888599,0.444444444,0.511309993,0.277777778,0.460888599,0.0,0.0,0.0,0.0
21_18_02.bmp,2.333333333333333,0.111111111,0.323380833,0.833333333,0.383482494,0.0,0.0,0.0,0.0,0.111111111,0.323380833,0.111111111,0.323380833,0.0,0.0
1079.jpg,3.388888888888889,0.055555556,0.23570226,0.277777778,0.460888599,0.055555556,0.23570226,0.5,0.514495755,0.055555556,0.23570226,0.055555556,0.23570226,0.055555556,0.23570226
01321.jpg,2.7777777777777777,0.333333333,0.48507125,0.611111111,0.501631326,0.055555556,0.23570226,0.0,0.0,0.666666667,0.48507125,0.0,0.0,0.0,0.0
08_21_04.bmp,2.4444444444444446,0.055555556,0.23570226,0.277777778,0.460888599,0.166666667,0.383482494,0.5,0.514495755,0.055555556,0.23570226,0.055555556,0.23570226,0.0,0.0
0134.jpg,3.611111111111111,0.055555556,0.23570226,0.111111111,0.323380833,0.611111111,0.501631326,0.0,0.0,0.055555556,0.23570226,0.111111111,0.323380833,0.055555556,0.23570226
22_02_03.bmp,1.8888888888888888,0.0,0.0,0.944444444,0.23570226,0.0,0.0,0.0,0.0,0.166666667,0.383482494,0.055555556,0.23570226,0.0,0.0
27_21_04.bmp,2.0,0.166666667,0.383482494,0.388888889,0.501631326,0.166666667,0.383482494,0.555555556,0.511309993,0.277777778,0.460888599,0.055555556,0.23570226,0.0,0.0
34_22_03.bmp,1.7222222222222223,0.222222222,0.427792632,0.833333333,0.383482494,0.166666667,0.383482494,0.055555556,0.23570226,0.0,0.0,0.0,0.0,0.0,0.0
12_21_04.bmp,2.111111111111111,0.111111111,0.323380833,0.277777778,0.460888599,0.111111111,0.323380833,0.5,0.514495755,0.111111111,0.323380833,0.111111111,0.323380833,0.055555556,0.23570226
0823.jpg,3.1666666666666665,0.055555556,0.23570226,0.555555556,0.511309993,0.0,0.0,0.0,0.0,0.166666667,0.383482494,0.111111111,0.323380833,0.0,0.0
0815.jpg,4.0,0.111111111,0.323380833,0.111111111,0.323380833,0.055555556,0.23570226,0.055555556,0.23570226,0.0,0.0,0.055555556,0.23570226,0.0,0.0
06_17_05.bmp,2.2777777777777777,0.222222222,0.427792632,0.5,0.514495755,0.055555556,0.23570226,0.055555556,0.23570226,0.166666667,0.383482494,0.222222222,0.427792632,0.277777778,0.460888599
20_13_03.bmp,3.0,0.111111111,0.323380833,0.277777778,0.460888599,0.611111111,0.501631326,0.0,0.0,0.111111111,0.323380833,0.111111111,0.323380833,0.0,0.0
28_13_03.bmp,2.9444444444444446,0.111111111,0.323380833,0.333333333,0.48507125,0.555555556,0.511309993,0.055555556,0.23570226,0.166666667,0.383482494,0.111111111,0.323380833,0.0,0.0
10_08_02.bmp,2.7777777777777777,0.222222222,0.427792632,0.722222222,0.460888599,0.111111111,0.323380833,0.0,0.0,0.333333333,0.48507125,0.166666667,0.383482494,0.055555556,0.23570226
02_08_01.bmp,3.333333333333333,0.0,0.0,0.5,0.514495755,0.055555556,0.23570226,0.0,0.0,0.555555556,0.511309993,0.055555556,0.23570226,0.0,0.0
35_10_01.bmp,3.0,0.5,0.514495755,0.5,0.514495755,0.055555556,0.23570226,0.055555556,0.23570226,0.0,0.0,0.0,0.0,0.055555556,0.23570226
0263.jpg,2.0,0.166666667,0.383482494,0.388888889,0.501631326,0.055555556,0.23570226,0.833333333,0.383482494,0.055555556,0.23570226,0.055555556,0.23570226,0.055555556,0.23570226
21_24_04.bmp,1.3333333333333333,0.166666667,0.383482494,0.944444444,0.23570226,0.055555556,0.23570226,0.0,0.0,0.055555556,0.23570226,0.0,0.0,0.0,0.0
26_21_03.bmp,3.7222222222222223,0.055555556,0.23570226,0.111111111,0.323380833,0.222222222,0.427792632,0.111111111,0.323380833,0.0,0.0,0.055555556,0.23570226,0.0,0.0
14_12_02.bmp,2.9444444444444446,0.777777778,0.427792632,0.222222222,0.427792632,0.055555556,0.23570226,0.055555556,0.23570226,0.0,0.0,0.111111111,0.323380833,0.055555556,0.23570226
36_20_05.bmp,1.8333333333333333,0.555555556,0.511309993,0.5,0.514495755,0.055555556,0.23570226,0.111111111,0.323380833,0.055555556,0.23570226,0.055555556,0.23570226,0.0,0.0
03_05_04.bmp,1.9444444444444444,0.388888889,0.501631326,0.777777778,0.427792632,0.055555556,0.23570226,0.0,0.0,0.166666667,0.383482494,0.111111111,0.323380833,0.055555556,0.23570226
0456.jpg,2.833333333333333,0.055555556,0.23570226,0.222222222,0.427792632,0.055555556,0.23570226,0.055555556,0.23570226,0.833333333,0.383482494,0.055555556,0.23570226,0.055555556,0.23570226
04_09_05.bmp,2.333333333333333,0.777777778,0.427792632,0.333333333,0.48507125,0.055555556,0.23570226,0.0,0.0,0.166666667,0.383482494,0.111111111,0.323380833,0.0,0.0
27_03_03.bmp,2.7222222222222223,0.055555556,0.23570226,0.611111111,0.501631326,0.055555556,0.23570226,0.055555556,0.23570226,0.5,0.514495755,0.0,0.0,0.055555556,0.23570226
17_19_04.bmp,2.388888888888889,0.111111111,0.323380833,0.277777778,0.460888599,0.722222222,0.460888599,0.0,0.0,0.222222222,0.427792632,0.111111111,0.323380833,0.0,0.0
35_18_01.bmp,2.555555555555556,0.111111111,0.323380833,0.666666667,0.48507125,0.111111111,0.323380833,0.0,0.0,0.055555556,0.23570226,0.0,0.0,0.111111111,0.323380833
0817.jpg,3.5,0.111111111,0.323380833,0.444444444,0.511309993,0.0,0.0,0.055555556,0.23570226,0.111111111,0.323380833,0.055555556,0.23570226,0.055555556,0.23570226
26_25_05.bmp,2.1666666666666665,0.111111111,0.323380833,0.0,0.0,0.055555556,0.23570226,0.055555556,0.23570226,0.055555556,0.23570226,0.0,0.0,0.888888889,0.323380833
02_07_03.bmp,2.388888888888889,0.166666667,0.383482494,0.722222222,0.460888599,0.0,0.0,0.0,0.0,0.444444444,0.511309993,0.111111111,0.323380833,0.111111111,0.323380833
36_02_04.bmp,1.6666666666666667,0.055555556,0.23570226,0.888888889,0.323380833,0.111111111,0.323380833,0.055555556,0.23570226,0.0,0.0,0.0,0.0,0.0,0.0
12_12_03.bmp,2.6666666666666665,0.666666667,0.48507125,0.277777778,0.460888599,0.055555556,0.23570226,0.055555556,0.23570226,0.111111111,0.323380833,0.055555556,0.23570226,0.055555556,0.23570226
03_14_01.bmp,3.7777777777777777,0.055555556,0.23570226,0.055555556,0.23570226,0.0,0.0,0.111111111,0.323380833,0.222222222,0.427792632,0.055555556,0.23570226,0.055555556,0.23570226
22_13_05.bmp,1.9444444444444444,0.111111111,0.323380833,0.166666667,0.383482494,0.944444444,0.23570226,0.0,0.0,0.166666667,0.383482494,0.055555556,0.23570226,0.0,0.0
12_16_04.bmp,2.0,0.277777778,0.460888599,0.888888889,0.323380833,0.055555556,0.23570226,0.0,0.0,0.055555556,0.23570226,0.055555556,0.23570226,0.0,0.0
03_22_04.bmp,2.5,0.388888889,0.501631326,0.722222222,0.460888599,0.055555556,0.23570226,0.0,0.0,0.111111111,0.323380833,0.0,0.0,0.0,0.0
27_22_03.bmp,2.111111111111111,0.222222222,0.427792632,0.833333333,0.383482494,0.0,0.0,0.0,0.0,0.388888889,0.501631326,0.111111111,0.323380833,0.0,0.0
0991.jpg,3.1666666666666665,0.055555556,0.23570226,0.388888889,0.501631326,0.055555556,0.23570226,0.611111111,0.501631326,0.333333333,0.48507125,0.0,0.0,0.055555556,0.23570226
04_11_04.bmp,2.388888888888889,0.777777778,0.427792632,0.388888889,0.501631326,0.055555556,0.23570226,0.0,0.0,0.277777778,0.460888599,0.055555556,0.23570226,0.0,0.0
09_03_01.bmp,3.7222222222222223,0.111111111,0.323380833,0.388888889,0.501631326,0.111111111,0.323380833,0.055555556,0.23570226,0.222222222,0.427792632,0.0,0.0,0.055555556,0.23570226
0002.jpg,3.0,0.0,0.0,0.166666667,0.383482494,0.777777778,0.427792632,0.055555556,0.23570226,0.555555556,0.511309993,0.0,0.0,0.0,0.0
01478.jpg,3.5,0.166666667,0.383482494,0.555555556,0.511309993,0.111111111,0.323380833,0.0,0.0,0.0,0.0,0.0,0.0,0.055555556,0.23570226
26_15_05.bmp,3.6666666666666665,0.055555556,0.23570226,0.0,0.0,0.277777778,0.460888599,0.055555556,0.23570226,0.055555556,0.23570226,0.055555556,0.23570226,0.055555556,0.23570226
33_09_05.bmp,2.388888888888889,0.888888889,0.323380833,0.388888889,0.501631326,0.0,0.0,0.0,0.0,0.333333333,0.48507125,0.0,0.0,0.0,0.0
0513.jpg,2.6666666666666665,0.111111111,0.323380833,0.444444444,0.511309993,0.055555556,0.23570226,0.555555556,0.511309993,0.611111111,0.501631326,0.0,0.0,0.055555556,0.23570226
14_16_04.bmp,1.9444444444444444,0.277777778,0.460888599,0.777777778,0.427792632,0.055555556,0.23570226,0.0,0.0,0.0,0.0,0.055555556,0.23570226,0.0,0.0
31_07_01.bmp,3.1666666666666665,0.111111111,0.323380833,0.666666667,0.48507125,0.0,0.0,0.111111111,0.323380833,0.166666667,0.383482494,0.055555556,0.23570226,0.111111111,0.323380833
02_09_04.bmp,2.4444444444444446,0.888888889,0.323380833,0.388888889,0.501631326,0.055555556,0.23570226,0.0,0.0,0.444444444,0.511309993,0.055555556,0.23570226,0.0,0.0
11_01_05.bmp,1.2777777777777777,0.0,0.0,0.888888889,0.323380833,0.0,0.0,0.0,0.0,0.166666667,0.383482494,0.055555556,0.23570226,0.055555556,0.23570226
24_13_01.bmp,3.4444444444444446,0.111111111,0.323380833,0.333333333,0.48507125,0.222222222,0.427792632,0.0,0.0,0.0,0.0,0.0,0.0,0.0,0.0
26_24_03.bmp,2.7777777777777777,0.055555556,0.23570226,0.666666667,0.48507125,0.111111111,0.323380833,0.0,0.0,0.055555556,0.23570226,0.055555556,0.23570226,0.0,0.0
28_10_01.bmp,3.111111111111111,0.444444444,0.511309993,0.333333333,0.48507125,0.111111111,0.323380833,0.0,0.0,0.277777778,0.460888599,0.055555556,0.23570226,0.0,0.0
11_19_01.bmp,2.9444444444444446,0.111111111,0.323380833,0.444444444,0.511309993,0.166666667,0.383482494,0.111111111,0.323380833,0.222222222,0.427792632,0.055555556,0.23570226,0.0,0.0
1133.jpg,2.9444444444444446,0.0,0.0,0.111111111,0.323380833,0.055555556,0.23570226,0.055555556,0.23570226,0.611111111,0.501631326,0.444444444,0.511309993,0.111111111,0.323380833
13_05_04.bmp,2.1666666666666665,0.333333333,0.48507125,0.611111111,0.501631326,0.055555556,0.23570226,0.0,0.0,0.277777778,0.460888599,0.055555556,0.23570226,0.055555556,0.23570226
0281.jpg,1.8888888888888888,0.166666667,0.383482494,0.388888889,0.501631326,0.0,0.0,0.888888889,0.323380833,0.055555556,0.23570226,0.0,0.0,0.055555556,0.23570226
28_13_04.bmp,2.611111111111111,0.055555556,0.23570226,0.333333333,0.48507125,0.666666667,0.48507125,0.0,0.0,0.277777778,0.460888599,0.055555556,0.23570226,0.0,0.0
10_07_01.bmp,2.888888888888889,0.111111111,0.323380833,0.666666667,0.48507125,0.0,0.0,0.111111111,0.323380833,0.333333333,0.48507125,0.166666667,0.383482494,0.0,0.0
01161.jpg,3.0,0.222222222,0.427792632,0.5,0.514495755,0.0,0.0,0.055555556,0.23570226,0.166666667,0.383482494,0.0,0.0,0.5,0.514495755
03_03_04.bmp,2.611111111111111,0.055555556,0.23570226,0.777777778,0.427792632,0.055555556,0.23570226,0.0,0.0,0.111111111,0.323380833,0.0,0.0,0.0,0.0
0573.jpg,3.2222222222222223,0.055555556,0.23570226,0.277777778,0.460888599,0.055555556,0.23570226,0.055555556,0.23570226,0.611111111,0.501631326,0.055555556,0.23570226,0.055555556,0.23570226
11_07_01.bmp,2.7777777777777777,0.055555556,0.23570226,0.611111111,0.501631326,0.0,0.0,0.111111111,0.323380833,0.388888889,0.501631326,0.055555556,0.23570226,0.0,0.0
01289.jpg,3.0,0.388888889,0.501631326,0.722222222,0.460888599,0.0,0.0,0.0,0.0,0.166666667,0.383482494,0.055555556,0.23570226,0.0,0.0
10_22_01.bmp,2.833333333333333,0.055555556,0.23570226,0.722222222,0.460888599,0.0,0.0,0.055555556,0.23570226,0.388888889,0.501631326,0.277777778,0.460888599,0.055555556,0.23570226
12_09_01.bmp,2.833333333333333,0.611111111,0.501631326,0.166666667,0.383482494,0.111111111,0.323380833,0.0,0.0,0.166666667,0.383482494,0.0,0.0,0.0,0.0
06_05_02.bmp,3.1666666666666665,0.222222222,0.427792632,0.722222222,0.460888599,0.055555556,0.23570226,0.055555556,0.23570226,0.0,0.0,0.111111111,0.323380833,0.055555556,0.23570226
15_15_04.bmp,3.0,0.222222222,0.427792632,0.222222222,0.427792632,0.055555556,0.23570226,0.166666667,0.383482494,0.222222222,0.427792632,0.0,0.0,0.055555556,0.23570226
07_23_04.bmp,2.2222222222222223,0.055555556,0.23570226,0.388888889,0.501631326,0.055555556,0.23570226,0.777777778,0.427792632,0.055555556,0.23570226,0.111111111,0.323380833,0.055555556,0.23570226
0367.jpg,2.055555555555556,0.166666667,0.383482494,0.888888889,0.323380833,0.055555556,0.23570226,0.277777778,0.460888599,0.055555556,0.23570226,0.0,0.0,0.055555556,0.23570226
18_22_01.bmp,2.7222222222222223,0.222222222,0.427792632,0.555555556,0.511309993,0.166666667,0.383482494,0.111111111,0.323380833,0.0,0.0,0.111111111,0.323380833,0.055555556,0.23570226
27_08_04.bmp,2.333333333333333,0.222222222,0.427792632,0.777777778,0.427792632,0.0,0.0,0.111111111,0.323380833,0.388888889,0.501631326,0.055555556,0.23570226,0.111111111,0.323380833
23_06_04.bmp,1.8888888888888888,0.388888889,0.501631326,0.333333333,0.48507125,0.222222222,0.427792632,0.0,0.0,0.277777778,0.460888599,0.166666667,0.383482494,0.0,0.0
24_10_02.bmp,2.9444444444444446,0.611111111,0.501631326,0.333333333,0.48507125,0.055555556,0.23570226,0.0,0.0,0.055555556,0.23570226,0.0,0.0,0.055555556,0.23570226
15_19_04.bmp,2.555555555555556,0.222222222,0.427792632,0.222222222,0.427792632,0.777777778,0.427792632,0.055555556,0.23570226,0.222222222,0.427792632,0.0,0.0,0.0,0.0
27_24_05.bmp,1.5,0.055555556,0.23570226,0.888888889,0.323380833,0.0,0.0,0.0,0.0,0.277777778,0.460888599,0.055555556,0.23570226,0.0,0.0
01_09_03.bmp,2.555555555555556,0.666666667,0.48507125,0.444444444,0.511309993,0.166666667,0.383482494,0.055555556,0.23570226,0.0,0.0,0.0,0.0,0.055555556,0.23570226
17_06_05.bmp,1.6666666666666667,0.222222222,0.427792632,0.388888889,0.501631326,0.166666667,0.383482494,0.055555556,0.23570226,0.166666667,0.383482494,0.222222222,0.427792632,0.055555556,0.23570226
03_21_03.bmp,3.333333333333333,0.0,0.0,0.055555556,0.23570226,0.388888889,0.501631326,0.0,0.0,0.055555556,0.23570226,0.055555556,0.23570226,0.055555556,0.23570226
13_04_01.bmp,3.888888888888889,0.055555556,0.23570226,0.277777778,0.460888599,0.055555556,0.23570226,0.055555556,0.23570226,0.166666667,0.383482494,0.055555556,0.23570226,0.055555556,0.23570226
1070.jpg,3.333333333333333,0.055555556,0.23570226,0.555555556,0.511309993,0.055555556,0.23570226,0.333333333,0.48507125,0.055555556,0.23570226,0.055555556,0.23570226,0.0,0.0
32_25_05.bmp,1.6666666666666667,0.111111111,0.323380833,0.222222222,0.427792632,0.111111111,0.323380833,0.0,0.0,0.277777778,0.460888599,0.055555556,0.23570226,0.833333333,0.383482494
34_10_01.bmp,3.2777777777777777,0.277777778,0.460888599,0.277777778,0.460888599,0.222222222,0.427792632,0.0,0.0,0.055555556,0.23570226,0.055555556,0.23570226,0.055555556,0.23570226
26_10_01.bmp,4.222222222222222,0.166666667,0.383482494,0.111111111,0.323380833,0.111111111,0.323380833,0.0,0.0,0.055555556,0.23570226,0.055555556,0.23570226,0.0,0.0
0148.jpg,2.555555555555556,0.111111111,0.323380833,0.5,0.514495755,0.888888889,0.323380833,0.0,0.0,0.166666667,0.383482494,0.055555556,0.23570226,0.0,0.0
33_20_01.bmp,2.833333333333333,0.333333333,0.48507125,0.444444444,0.511309993,0.111111111,0.323380833,0.111111111,0.323380833,0.388888889,0.501631326,0.055555556,0.23570226,0.0,0.0
02_16_05.bmp,1.5,0.444444444,0.511309993,0.833333333,0.383482494,0.0,0.0,0.0,0.0,0.444444444,0.511309993,0.055555556,0.23570226,0.0,0.0
25_05_01.bmp,2.9444444444444446,0.166666667,0.383482494,0.555555556,0.511309993,0.111111111,0.323380833,0.0,0.0,0.111111111,0.323380833,0.0,0.0,0.111111111,0.323380833
37_08_04.bmp,2.4444444444444446,0.333333333,0.48507125,0.5,0.514495755,0.111111111,0.323380833,0.055555556,0.23570226,0.055555556,0.23570226,0.111111111,0.323380833,0.0,0.0
23_17_04.bmp,2.5,0.111111111,0.323380833,0.5,0.514495755,0.0,0.0,0.055555556,0.23570226,0.333333333,0.48507125,0.111111111,0.323380833,0.111111111,0.323380833
04_16_01.bmp,2.888888888888889,0.111111111,0.323380833,0.666666667,0.48507125,0.0,0.0,0.0,0.0,0.222222222,0.427792632,0.0,0.0,0.055555556,0.23570226
37_23_02.bmp,2.7777777777777777,0.055555556,0.23570226,0.222222222,0.427792632,0.0,0.0,0.722222222,0.460888599,0.111111111,0.323380833,0.055555556,0.23570226,0.111111111,0.323380833
25_16_05.bmp,1.3333333333333333,0.166666667,0.383482494,0.888888889,0.323380833,0.055555556,0.23570226,0.055555556,0.23570226,0.111111111,0.323380833,0.0,0.0,0.0,0.0
29_21_05.bmp,1.7777777777777777,0.111111111,0.323380833,0.222222222,0.427792632,0.055555556,0.23570226,0.611111111,0.501631326,0.111111111,0.323380833,0.111111111,0.323380833,0.055555556,0.23570226
05_18_03.bmp,1.9444444444444444,0.222222222,0.427792632,0.777777778,0.427792632,0.111111111,0.323380833,0.0,0.0,0.055555556,0.23570226,0.111111111,0.323380833,0.166666667,0.383482494
10_11_04.bmp,2.4444444444444446,0.833333333,0.383482494,0.333333333,0.48507125,0.055555556,0.23570226,0.055555556,0.23570226,0.388888889,0.501631326,0.111111111,0.323380833,0.055555556,0.23570226
14_22_03.bmp,2.2777777777777777,0.166666667,0.383482494,0.888888889,0.323380833,0.111111111,0.323380833,0.0,0.0,0.0,0.0,0.055555556,0.23570226,0.0,0.0
06_02_01.bmp,3.2222222222222223,0.111111111,0.323380833,0.555555556,0.511309993,0.055555556,0.23570226,0.0,0.0,0.0,0.0,0.055555556,0.23570226,0.111111111,0.323380833
17_12_03.bmp,2.555555555555556,0.666666667,0.48507125,0.277777778,0.460888599,0.055555556,0.23570226,0.0,0.0,0.222222222,0.427792632,0.111111111,0.323380833,0.0,0.0
26_19_02.bmp,4.0,0.0,0.0,0.222222222,0.427792632,0.055555556,0.23570226,0.055555556,0.23570226,0.055555556,0.23570226,0.0,0.0,0.055555556,0.23570226
04_06_02.bmp,2.888888888888889,0.222222222,0.427792632,0.555555556,0.511309993,0.166666667,0.383482494,0.055555556,0.23570226,0.111111111,0.323380833,0.277777778,0.460888599,0.055555556,0.23570226
27_14_04.bmp,1.6666666666666667,0.055555556,0.23570226,0.222222222,0.427792632,0.111111111,0.323380833,0.833333333,0.383482494,0.277777778,0.460888599,0.111111111,0.323380833,0.0,0.0
01206.jpg,4.0,0.111111111,0.323380833,0.222222222,0.427792632,0.0,0.0,0.0,0.0,0.666666667,0.48507125,0.0,0.0,0.111111111,0.323380833
31_02_05.bmp,1.2222222222222223,0.055555556,0.23570226,0.833333333,0.383482494,0.0,0.0,0.0,0.0,0.166666667,0.383482494,0.0,0.0,0.0,0.0
23_10_02.bmp,2.9444444444444446,0.722222222,0.460888599,0.222222222,0.427792632,0.0,0.0,0.055555556,0.23570226,0.222222222,0.427792632,0.111111111,0.323380833,0.0,0.0
09_11_04.bmp,2.2222222222222223,0.722222222,0.460888599,0.388888889,0.501631326,0.055555556,0.23570226,0.055555556,0.23570226,0.222222222,0.427792632,0.055555556,0.23570226,0.0,0.0
0415.jpg,3.1666666666666665,0.111111111,0.323380833,0.777777778,0.427792632,0.0,0.0,0.055555556,0.23570226,0.0,0.0,0.055555556,0.23570226,0.0,0.0
27_22_02.bmp,2.5,0.222222222,0.427792632,0.777777778,0.427792632,0.0,0.0,0.055555556,0.23570226,0.388888889,0.501631326,0.166666667,0.383482494,0.0,0.0
35_16_02.bmp,2.555555555555556,0.166666667,0.383482494,0.722222222,0.460888599,0.111111111,0.323380833,0.0,0.0,0.0,0.0,0.055555556,0.23570226,0.055555556,0.23570226
0295.jpg,2.055555555555556,0.111111111,0.323380833,0.5,0.514495755,0.0,0.0,0.833333333,0.383482494,0.055555556,0.23570226,0.0,0.0,0.0,0.0
23_12_01.bmp,3.4444444444444446,0.277777778,0.460888599,0.388888889,0.501631326,0.0,0.0,0.0,0.0,0.277777778,0.460888599,0.111111111,0.323380833,0.0,0.0
05_07_02.bmp,2.6666666666666665,0.388888889,0.501631326,0.611111111,0.501631326,0.055555556,0.23570226,0.0,0.0,0.055555556,0.23570226,0.055555556,0.23570226,0.055555556,0.23570226
22_01_01.bmp,3.5,0.111111111,0.323380833,0.611111111,0.501631326,0.0,0.0,0.0,0.0,0.111111111,0.323380833,0.166666667,0.383482494,0.0,0.0
21_24_05.bmp,1.2222222222222223,0.055555556,0.23570226,0.888888889,0.323380833,0.0,0.0,0.055555556,0.23570226,0.111111111,0.323380833,0.0,0.0,0.055555556,0.23570226
22_07_03.bmp,2.1666666666666665,0.055555556,0.23570226,0.833333333,0.383482494,0.0,0.0,0.0,0.0,0.166666667,0.383482494,0.111111111,0.323380833,0.055555556,0.23570226
37_18_01.bmp,3.1666666666666665,0.111111111,0.323380833,0.555555556,0.511309993,0.0,0.0,0.0,0.0,0.111111111,0.323380833,0.166666667,0.383482494,0.0,0.0
06_22_01.bmp,3.1666666666666665,0.111111111,0.323380833,0.333333333,0.48507125,0.277777778,0.460888599,0.055555556,0.23570226,0.0,0.0,0.111111111,0.323380833,0.111111111,0.323380833
01_15_04.bmp,3.0,0.166666667,0.383482494,0.666666667,0.48507125,0.166666667,0.383482494,0.055555556,0.23570226,0.055555556,0.23570226,0.0,0.0,0.055555556,0.23570226
32_17_05.bmp,2.111111111111111,0.0,0.0,0.611111111,0.501631326,0.111111111,0.323380833,0.0,0.0,0.5,0.514495755,0.166666667,0.383482494,0.166666667,0.383482494
19_03_01.bmp,3.555555555555556,0.166666667,0.383482494,0.388888889,0.501631326,0.055555556,0.23570226,0.0,0.0,0.111111111,0.323380833,0.111111111,0.323380833,0.111111111,0.323380833
33_02_02.bmp,3.1666666666666665,0.055555556,0.23570226,0.5,0.514495755,0.055555556,0.23570226,0.0,0.0,0.5,0.514495755,0.0,0.0,0.0,0.0
04_24_05.bmp,1.3888888888888888,0.055555556,0.23570226,1.0,0.0,0.166666667,0.383482494,0.0,0.0,0.111111111,0.323380833,0.0,0.0,0.0,0.0
0950.jpg,3.111111111111111,0.111111111,0.323380833,0.222222222,0.427792632,0.0,0.0,0.666666667,0.48507125,0.111111111,0.323380833,0.055555556,0.23570226,0.0,0.0
0450.jpg,2.888888888888889,0.055555556,0.23570226,0.833333333,0.383482494,0.0,0.0,0.0,0.0,0.055555556,0.23570226,0.111111111,0.323380833,0.111111111,0.323380833
26_22_03.bmp,2.7222222222222223,0.222222222,0.427792632,0.777777778,0.427792632,0.111111111,0.323380833,0.0,0.0,0.111111111,0.323380833,0.0,0.0,0.055555556,0.23570226
01297.jpg,3.5,0.277777778,0.460888599,0.277777778,0.460888599,0.055555556,0.23570226,0.0,0.0,0.277777778,0.460888599,0.166666667,0.383482494,0.0,0.0
24_07_02.bmp,3.0,0.166666667,0.383482494,0.722222222,0.460888599,0.055555556,0.23570226,0.0,0.0,0.0,0.0,0.055555556,0.23570226,0.055555556,0.23570226
01188.jpg,2.6666666666666665,0.333333333,0.48507125,0.777777778,0.427792632,0.0,0.0,0.222222222,0.427792632,0.333333333,0.48507125,0.0,0.0,0.055555556,0.23570226
0526.jpg,3.0,0.0,0.0,0.611111111,0.501631326,0.0,0.0,0.388888889,0.501631326,0.444444444,0.511309993,0.0,0.0,0.055555556,0.23570226
10_20_04.bmp,2.055555555555556,0.444444444,0.511309993,0.333333333,0.48507125,0.333333333,0.48507125,0.055555556,0.23570226,0.222222222,0.427792632,0.166666667,0.383482494,0.0,0.0
01406.jpg,3.9444444444444446,0.111111111,0.323380833,0.444444444,0.511309993,0.111111111,0.323380833,0.0,0.0,0.0,0.0,0.055555556,0.23570226,0.0,0.0
32_02_04.bmp,1.5555555555555556,0.0,0.0,0.944444444,0.23570226,0.055555556,0.23570226,0.055555556,0.23570226,0.444444444,0.511309993,0.055555556,0.23570226,0.0,0.0
28_18_02.bmp,2.888888888888889,0.111111111,0.323380833,0.666666667,0.48507125,0.111111111,0.323380833,0.0,0.0,0.222222222,0.427792632,0.055555556,0.23570226,0.0,0.0
01_01_02.bmp,3.055555555555556,0.055555556,0.23570226,0.611111111,0.501631326,0.111111111,0.323380833,0.055555556,0.23570226,0.055555556,0.23570226,0.0,0.0,0.055555556,0.23570226
0763.jpg,3.333333333333333,0.0,0.0,0.555555556,0.511309993,0.0,0.0,0.055555556,0.23570226,0.222222222,0.427792632,0.055555556,0.23570226,0.111111111,0.323380833
06_25_04.bmp,1.7777777777777777,0.111111111,0.323380833,0.0,0.0,0.055555556,0.23570226,0.0,0.0,0.0,0.0,0.055555556,0.23570226,1.0,0.0
05_07_04.bmp,1.6111111111111112,0.277777778,0.460888599,0.777777778,0.427792632,0.055555556,0.23570226,0.055555556,0.23570226,0.055555556,0.23570226,0.055555556,0.23570226,0.055555556,0.23570226
14_01_01.bmp,3.4444444444444446,0.111111111,0.323380833,0.5,0.514495755,0.055555556,0.23570226,0.0,0.0,0.0,0.0,0.166666667,0.383482494,0.055555556,0.23570226
32_09_05.bmp,1.9444444444444444,0.777777778,0.427792632,0.222222222,0.427792632,0.111111111,0.323380833,0.055555556,0.23570226,0.333333333,0.48507125,0.055555556,0.23570226,0.0,0.0
0468.jpg,3.2222222222222223,0.055555556,0.23570226,0.388888889,0.501631326,0.055555556,0.23570226,0.166666667,0.383482494,0.666666667,0.48507125,0.0,0.0,0.0,0.0
20_25_01.bmp,3.111111111111111,0.111111111,0.323380833,0.277777778,0.460888599,0.055555556,0.23570226,0.055555556,0.23570226,0.055555556,0.23570226,0.055555556,0.23570226,0.5,0.514495755
16_17_04.bmp,2.333333333333333,0.055555556,0.23570226,0.5,0.514495755,0.055555556,0.23570226,0.0,0.0,0.388888889,0.501631326,0.388888889,0.501631326,0.111111111,0.323380833
01438.jpg,3.5,0.0,0.0,0.666666667,0.48507125,0.111111111,0.323380833,0.0,0.0,0.0,0.0,0.0,0.0,0.111111111,0.323380833
01_19_01.bmp,3.111111111111111,0.055555556,0.23570226,0.666666667,0.48507125,0.055555556,0.23570226,0.0,0.0,0.055555556,0.23570226,0.055555556,0.23570226,0.055555556,0.23570226
37_24_01.bmp,3.333333333333333,0.055555556,0.23570226,0.555555556,0.511309993,0.0,0.0,0.0,0.0,0.111111111,0.323380833,0.055555556,0.23570226,0.0,0.0
33_17_03.bmp,2.833333333333333,0.055555556,0.23570226,0.722222222,0.460888599,0.0,0.0,0.0,0.0,0.444444444,0.511309993,0.111111111,0.323380833,0.166666667,0.383482494
08_24_01.bmp,3.7777777777777777,0.111111111,0.323380833,0.388888889,0.501631326,0.0,0.0,0.166666667,0.383482494,0.055555556,0.23570226,0.0,0.0,0.0,0.0
30_14_01.bmp,3.111111111111111,0.055555556,0.23570226,0.222222222,0.427792632,0.055555556,0.23570226,0.277777778,0.460888599,0.277777778,0.460888599,0.055555556,0.23570226,0.0,0.0
12_14_03.bmp,2.9444444444444446,0.111111111,0.323380833,0.166666667,0.383482494,0.111111111,0.323380833,0.5,0.514495755,0.111111111,0.323380833,0.111111111,0.323380833,0.055555556,0.23570226
13_16_02.bmp,3.333333333333333,0.166666667,0.383482494,0.388888889,0.501631326,0.0,0.0,0.055555556,0.23570226,0.166666667,0.383482494,0.055555556,0.23570226,0.055555556,0.23570226
08_04_04.bmp,3.2777777777777777,0.277777778,0.460888599,0.222222222,0.427792632,0.166666667,0.383482494,0.111111111,0.323380833,0.166666667,0.383482494,0.166666667,0.383482494,0.0,0.0
0324.jpg,2.4444444444444446,0.055555556,0.23570226,0.833333333,0.383482494,0.111111111,0.323380833,0.111111111,0.323380833,0.111111111,0.323380833,0.0,0.0,0.0,0.0
01_24_04.bmp,1.5555555555555556,0.0,0.0,0.944444444,0.23570226,0.111111111,0.323380833,0.0,0.0,0.055555556,0.23570226,0.0,0.0,0.0,0.0
32_24_02.bmp,2.6666666666666665,0.055555556,0.23570226,0.722222222,0.460888599,0.111111111,0.323380833,0.111111111,0.323380833,0.333333333,0.48507125,0.055555556,0.23570226,0.055555556,0.23570226
25_24_03.bmp,1.7777777777777777,0.111111111,0.323380833,0.833333333,0.383482494,0.111111111,0.323380833,0.0,0.0,0.111111111,0.323380833,0.055555556,0.23570226,0.0,0.0
01213.jpg,3.1666666666666665,0.166666667,0.383482494,0.333333333,0.48507125,0.0,0.0,0.055555556,0.23570226,0.611111111,0.501631326,0.277777778,0.460888599,0.0,0.0
36_18_05.bmp,1.7222222222222223,0.055555556,0.23570226,0.888888889,0.323380833,0.166666667,0.383482494,0.0,0.0,0.0,0.0,0.055555556,0.23570226,0.055555556,0.23570226
0618.jpg,2.4444444444444446,0.111111111,0.323380833,0.722222222,0.460888599,0.055555556,0.23570226,0.166666667,0.383482494,0.0,0.0,0.166666667,0.383482494,0.055555556,0.23570226
01274.jpg,2.833333333333333,0.0,0.0,0.555555556,0.511309993,0.0,0.0,0.055555556,0.23570226,0.666666667,0.48507125,0.222222222,0.427792632,0.055555556,0.23570226
20_21_03.bmp,2.2777777777777777,0.055555556,0.23570226,0.277777778,0.460888599,0.666666667,0.48507125,0.055555556,0.23570226,0.111111111,0.323380833,0.055555556,0.23570226,0.0,0.0
0008.jpg,3.5,0.055555556,0.23570226,0.277777778,0.460888599,0.722222222,0.460888599,0.0,0.0,0.166666667,0.383482494,0.0,0.0,0.0,0.0
01463.jpg,4.0,0.055555556,0.23570226,0.444444444,0.511309993,0.111111111,0.323380833,0.055555556,0.23570226,0.0,0.0,0.0,0.0,0.055555556,0.23570226
1122.jpg,2.611111111111111,0.055555556,0.23570226,0.333333333,0.48507125,0.0,0.0,0.055555556,0.23570226,0.111111111,0.323380833,0.055555556,0.23570226,0.833333333,0.383482494
0091.jpg,2.6666666666666665,0.0,0.0,0.277777778,0.460888599,0.944444444,0.23570226,0.0,0.0,0.166666667,0.383482494,0.166666667,0.383482494,0.111111111,0.323380833
02_13_04.bmp,2.6666666666666665,0.055555556,0.23570226,0.277777778,0.460888599,0.833333333,0.383482494,0.0,0.0,0.444444444,0.511309993,0.055555556,0.23570226,0.055555556,0.23570226
27_17_01.bmp,3.1666666666666665,0.166666667,0.383482494,0.555555556,0.511309993,0.0,0.0,0.111111111,0.323380833,0.333333333,0.48507125,0.055555556,0.23570226,0.222222222,0.427792632
05_10_01.bmp,2.9444444444444446,0.444444444,0.511309993,0.388888889,0.501631326,0.055555556,0.23570226,0.0,0.0,0.0,0.0,0.055555556,0.23570226,0.111111111,0.323380833
18_19_01.bmp,3.0,0.166666667,0.383482494,0.611111111,0.501631326,0.222222222,0.427792632,0.055555556,0.23570226,0.0,0.0,0.055555556,0.23570226,0.055555556,0.23570226
16_16_03.bmp,2.833333333333333,0.222222222,0.427792632,0.444444444,0.511309993,0.055555556,0.23570226,0.111111111,0.323380833,0.277777778,0.460888599,0.333333333,0.48507125,0.055555556,0.23570226
17_13_02.bmp,3.388888888888889,0.0,0.0,0.444444444,0.511309993,0.388888889,0.501631326,0.0,0.0,0.166666667,0.383482494,0.055555556,0.23570226,0.055555556,0.23570226
23_05_05.bmp,1.8888888888888888,0.333333333,0.48507125,0.722222222,0.460888599,0.055555556,0.23570226,0.055555556,0.23570226,0.277777778,0.460888599,0.055555556,0.23570226,0.0,0.0
19_19_04.bmp,2.5,0.166666667,0.383482494,0.388888889,0.501631326,0.611111111,0.501631326,0.0,0.0,0.111111111,0.323380833,0.055555556,0.23570226,0.0,0.0
35_06_04.bmp,1.6666666666666667,0.444444444,0.511309993,0.5,0.514495755,0.277777778,0.460888599,0.111111111,0.323380833,0.0,0.0,0.166666667,0.383482494,0.055555556,0.23570226
22_20_02.bmp,2.1666666666666665,0.277777778,0.460888599,0.388888889,0.501631326,0.222222222,0.427792632,0.388888889,0.501631326,0.111111111,0.323380833,0.055555556,0.23570226,0.0,0.0
24_09_05.bmp,2.111111111111111,0.833333333,0.383482494,0.222222222,0.427792632,0.055555556,0.23570226,0.055555556,0.23570226,0.055555556,0.23570226,0.0,0.0,0.0,0.0
01275.jpg,3.111111111111111,0.333333333,0.48507125,0.666666667,0.48507125,0.0,0.0,0.055555556,0.23570226,0.166666667,0.383482494,0.0,0.0,0.0,0.0
31_16_05.bmp,1.5,0.166666667,0.383482494,0.833333333,0.383482494,0.055555556,0.23570226,0.0,0.0,0.111111111,0.323380833,0.0,0.0,0.0,0.0
07_13_04.bmp,2.5,0.111111111,0.323380833,0.277777778,0.460888599,0.888888889,0.323380833,0.055555556,0.23570226,0.111111111,0.323380833,0.0,0.0,0.055555556,0.23570226
25_09_05.bmp,1.8888888888888888,0.833333333,0.383482494,0.277777778,0.460888599,0.166666667,0.383482494,0.0,0.0,0.222222222,0.427792632,0.0,0.0,0.0,0.0
33_24_03.bmp,2.833333333333333,0.0,0.0,0.444444444,0.511309993,0.111111111,0.323380833,0.055555556,0.23570226,0.444444444,0.511309993,0.055555556,0.23570226,0.0,0.0
31_23_04.bmp,2.1666666666666665,0.111111111,0.323380833,0.222222222,0.427792632,0.0,0.0,0.777777778,0.427792632,0.166666667,0.383482494,0.0,0.0,0.166666667,0.383482494
28_04_01.bmp,3.2222222222222223,0.111111111,0.323380833,0.555555556,0.511309993,0.111111111,0.323380833,0.0,0.0,0.222222222,0.427792632,0.0,0.0,0.0,0.0
0787.jpg,3.611111111111111,0.111111111,0.323380833,0.444444444,0.511309993,0.0,0.0,0.0,0.0,0.055555556,0.23570226,0.222222222,0.427792632,0.055555556,0.23570226
31_04_04.bmp,2.611111111111111,0.444444444,0.511309993,0.333333333,0.48507125,0.166666667,0.383482494,0.055555556,0.23570226,0.222222222,0.427792632,0.166666667,0.383482494,0.055555556,0.23570226
01454.jpg,3.333333333333333,0.0,0.0,0.777777778,0.427792632,0.166666667,0.383482494,0.0,0.0,0.0,0.0,0.0,0.0,0.0,0.0
08_12_03.bmp,3.2777777777777777,0.555555556,0.511309993,0.055555556,0.23570226,0.055555556,0.23570226,0.0,0.0,0.055555556,0.23570226,0.0,0.0,0.055555556,0.23570226
26_06_01.bmp,4.0,0.111111111,0.323380833,0.055555556,0.23570226,0.111111111,0.323380833,0.055555556,0.23570226,0.055555556,0.23570226,0.0,0.0,0.055555556,0.23570226
0048.jpg,3.2222222222222223,0.055555556,0.23570226,0.277777778,0.460888599,0.833333333,0.383482494,0.0,0.0,0.222222222,0.427792632,0.0,0.0,0.055555556,0.23570226
26_08_02.bmp,3.6666666666666665,0.0,0.0,0.222222222,0.427792632,0.111111111,0.323380833,0.0,0.0,0.111111111,0.323380833,0.055555556,0.23570226,0.0,0.0
1126.jpg,3.9444444444444446,0.0,0.0,0.166666667,0.383482494,0.0,0.0,0.055555556,0.23570226,0.333333333,0.48507125,0.055555556,0.23570226,0.055555556,0.23570226
13_20_03.bmp,2.4444444444444446,0.5,0.514495755,0.111111111,0.323380833,0.166666667,0.383482494,0.222222222,0.427792632,0.111111111,0.323380833,0.0,0.0,0.055555556,0.23570226
33_06_05.bmp,1.7222222222222223,0.333333333,0.48507125,0.388888889,0.501631326,0.166666667,0.383482494,0.111111111,0.323380833,0.444444444,0.511309993,0.166666667,0.383482494,0.055555556,0.23570226
0996.jpg,2.7777777777777777,0.055555556,0.23570226,0.333333333,0.48507125,0.0,0.0,0.611111111,0.501631326,0.388888889,0.501631326,0.055555556,0.23570226,0.0,0.0
07_17_02.bmp,2.7777777777777777,0.222222222,0.427792632,0.555555556,0.511309993,0.055555556,0.23570226,0.0,0.0,0.222222222,0.427792632,0.166666667,0.383482494,0.277777778,0.460888599
15_17_02.bmp,2.833333333333333,0.166666667,0.383482494,0.388888889,0.501631326,0.0,0.0,0.055555556,0.23570226,0.388888889,0.501631326,0.111111111,0.323380833,0.166666667,0.383482494
12_18_01.bmp,2.7777777777777777,0.055555556,0.23570226,0.611111111,0.501631326,0.055555556,0.23570226,0.055555556,0.23570226,0.222222222,0.427792632,0.055555556,0.23570226,0.0,0.0
12_16_05.bmp,1.5,0.222222222,0.427792632,0.944444444,0.23570226,0.055555556,0.23570226,0.0,0.0,0.0,0.0,0.0,0.0,0.055555556,0.23570226
27_20_01.bmp,2.7222222222222223,0.277777778,0.460888599,0.333333333,0.48507125,0.277777778,0.460888599,0.166666667,0.383482494,0.388888889,0.501631326,0.0,0.0,0.0,0.0
01395.jpg,3.2777777777777777,0.111111111,0.323380833,0.666666667,0.48507125,0.111111111,0.323380833,0.0,0.0,0.111111111,0.323380833,0.055555556,0.23570226,0.055555556,0.23570226
13_21_02.bmp,2.833333333333333,0.111111111,0.323380833,0.277777778,0.460888599,0.5,0.514495755,0.0,0.0,0.111111111,0.323380833,0.055555556,0.23570226,0.055555556,0.23570226
22_07_01.bmp,3.2222222222222223,0.055555556,0.23570226,0.666666667,0.48507125,0.0,0.0,0.0,0.0,0.166666667,0.383482494,0.166666667,0.383482494,0.0,0.0
35_12_03.bmp,2.388888888888889,0.833333333,0.383482494,0.5,0.514495755,0.055555556,0.23570226,0.0,0.0,0.055555556,0.23570226,0.0,0.0,0.055555556,0.23570226
03_06_04.bmp,2.1666666666666665,0.388888889,0.501631326,0.333333333,0.48507125,0.277777778,0.460888599,0.055555556,0.23570226,0.111111111,0.323380833,0.111111111,0.323380833,0.055555556,0.23570226
01407.jpg,4.0,0.111111111,0.323380833,0.444444444,0.511309993,0.055555556,0.23570226,0.055555556,0.23570226,0.0,0.0,0.0,0.0,0.0,0.0
27_02_02.bmp,3.055555555555556,0.0,0.0,0.666666667,0.48507125,0.0,0.0,0.055555556,0.23570226,0.5,0.514495755,0.0,0.0,0.055555556,0.23570226
09_16_01.bmp,3.388888888888889,0.111111111,0.323380833,0.5,0.514495755,0.222222222,0.427792632,0.0,0.0,0.111111111,0.323380833,0.055555556,0.23570226,0.0,0.0
08_14_02.bmp,3.611111111111111,0.111111111,0.323380833,0.055555556,0.23570226,0.111111111,0.323380833,0.555555556,0.511309993,0.111111111,0.323380833,0.0,0.0,0.0,0.0
19_06_02.bmp,2.9444444444444446,0.333333333,0.48507125,0.277777778,0.460888599,0.222222222,0.427792632,0.055555556,0.23570226,0.111111111,0.323380833,0.166666667,0.383482494,0.055555556,0.23570226
06_07_04.bmp,1.6666666666666667,0.388888889,0.501631326,0.722222222,0.460888599,0.111111111,0.323380833,0.0,0.0,0.055555556,0.23570226,0.111111111,0.323380833,0.166666667,0.383482494
1033.jpg,3.0,0.055555556,0.23570226,0.277777778,0.460888599,0.0,0.0,0.5,0.514495755,0.111111111,0.323380833,0.111111111,0.323380833,0.111111111,0.323380833
17_12_04.bmp,2.2777777777777777,0.666666667,0.48507125,0.333333333,0.48507125,0.111111111,0.323380833,0.0,0.0,0.222222222,0.427792632,0.055555556,0.23570226,0.0,0.0
19_19_05.bmp,1.8888888888888888,0.055555556,0.23570226,0.111111111,0.323380833,0.944444444,0.23570226,0.055555556,0.23570226,0.055555556,0.23570226,0.055555556,0.23570226,0.0,0.0
11_13_03.bmp,3.0,0.055555556,0.23570226,0.333333333,0.48507125,0.388888889,0.501631326,0.055555556,0.23570226,0.277777778,0.460888599,0.111111111,0.323380833,0.0,0.0
23_03_02.bmp,3.1666666666666665,0.055555556,0.23570226,0.666666667,0.48507125,0.055555556,0.23570226,0.0,0.0,0.222222222,0.427792632,0.0,0.0,0.055555556,0.23570226
1061.jpg,3.611111111111111,0.055555556,0.23570226,0.5,0.514495755,0.055555556,0.23570226,0.222222222,0.427792632,0.111111111,0.323380833,0.111111111,0.323380833,0.055555556,0.23570226
36_22_05.bmp,1.5555555555555556,0.166666667,0.383482494,0.888888889,0.323380833,0.166666667,0.383482494,0.0,0.0,0.0,0.0,0.0,0.0,0.0,0.0
35_25_02.bmp,2.333333333333333,0.055555556,0.23570226,0.277777778,0.460888599,0.111111111,0.323380833,0.0,0.0,0.0,0.0,0.055555556,0.23570226,0.944444444,0.23570226
01480.jpg,3.6666666666666665,0.055555556,0.23570226,0.666666667,0.48507125,0.111111111,0.323380833,0.055555556,0.23570226,0.0,0.0,0.0,0.0,0.055555556,0.23570226
08_23_02.bmp,3.1666666666666665,0.111111111,0.323380833,0.111111111,0.323380833,0.0,0.0,0.777777778,0.427792632,0.0,0.0,0.055555556,0.23570226,0.0,0.0
12_11_02.bmp,3.1666666666666665,0.722222222,0.460888599,0.166666667,0.383482494,0.055555556,0.23570226,0.0,0.0,0.111111111,0.323380833,0.055555556,0.23570226,0.0,0.0
20_19_04.bmp,2.5,0.333333333,0.48507125,0.277777778,0.460888599,0.444444444,0.511309993,0.055555556,0.23570226,0.055555556,0.23570226,0.0,0.0,0.0,0.0
33_20_05.bmp,1.7777777777777777,0.444444444,0.511309993,0.5,0.514495755,0.222222222,0.427792632,0.222222222,0.427792632,0.333333333,0.48507125,0.0,0.0,0.055555556,0.23570226
01381.jpg,4.388888888888889,0.111111111,0.323380833,0.444444444,0.511309993,0.055555556,0.23570226,0.0,0.0,0.0,0.0,0.055555556,0.23570226,0.0,0.0
10_09_02.bmp,2.6666666666666665,0.555555556,0.511309993,0.5,0.514495755,0.0,0.0,0.055555556,0.23570226,0.222222222,0.427792632,0.166666667,0.383482494,0.0,0.0
21_17_01.bmp,3.1666666666666665,0.111111111,0.323380833,0.5,0.514495755,0.0,0.0,0.055555556,0.23570226,0.111111111,0.323380833,0.111111111,0.323380833,0.055555556,0.23570226
04_14_05.bmp,1.9444444444444444,0.166666667,0.383482494,0.611111111,0.501631326,0.111111111,0.323380833,0.555555556,0.511309993,0.277777778,0.460888599,0.055555556,0.23570226,0.0,0.0
06_03_01.bmp,3.888888888888889,0.055555556,0.23570226,0.277777778,0.460888599,0.055555556,0.23570226,0.055555556,0.23570226,0.0,0.0,0.055555556,0.23570226,0.055555556,0.23570226
10_15_01.bmp,2.4444444444444446,0.055555556,0.23570226,0.222222222,0.427792632,0.888888889,0.323380833,0.055555556,0.23570226,0.166666667,0.383482494,0.166666667,0.383482494,0.0,0.0
16_06_01.bmp,2.7222222222222223,0.333333333,0.48507125,0.111111111,0.323380833,0.166666667,0.383482494,0.055555556,0.23570226,0.277777778,0.460888599,0.5,0.514495755,0.111111111,0.323380833
12_21_01.bmp,3.0,0.055555556,0.23570226,0.111111111,0.323380833,0.777777778,0.427792632,0.0,0.0,0.0,0.0,0.0,0.0,0.0,0.0
0767.jpg,3.1666666666666665,0.055555556,0.23570226,0.444444444,0.511309993,0.0,0.0,0.0,0.0,0.388888889,0.501631326,0.222222222,0.427792632,0.055555556,0.23570226
12_10_04.bmp,2.5,0.777777778,0.427792632,0.166666667,0.383482494,0.055555556,0.23570226,0.055555556,0.23570226,0.111111111,0.323380833,0.0,0.0,0.0,0.0
36_04_04.bmp,2.388888888888889,0.333333333,0.48507125,0.5,0.514495755,0.388888889,0.501631326,0.0,0.0,0.0,0.0,0.111111111,0.323380833,0.055555556,0.23570226
0774.jpg,3.4444444444444446,0.055555556,0.23570226,0.555555556,0.511309993,0.0,0.0,0.0,0.0,0.111111111,0.323380833,0.111111111,0.323380833,0.055555556,0.23570226
16_01_04.bmp,2.1666666666666665,0.055555556,0.23570226,0.777777778,0.427792632,0.055555556,0.23570226,0.0,0.0,0.333333333,0.48507125,0.555555556,0.511309993,0.0,0.0
0742.jpg,2.833333333333333,0.0,0.0,0.777777778,0.427792632,0.0,0.0,0.055555556,0.23570226,0.0,0.0,0.166666667,0.383482494,0.055555556,0.23570226
27_24_03.bmp,2.4444444444444446,0.0,0.0,0.722222222,0.460888599,0.055555556,0.23570226,0.0,0.0,0.388888889,0.501631326,0.055555556,0.23570226,0.0,0.0
05_08_01.bmp,3.0,0.222222222,0.427792632,0.555555556,0.511309993,0.055555556,0.23570226,0.0,0.0,0.055555556,0.23570226,0.055555556,0.23570226,0.055555556,0.23570226
29_05_01.bmp,3.2222222222222223,0.333333333,0.48507125,0.388888889,0.501631326,0.0,0.0,0.0,0.0,0.111111111,0.323380833,0.111111111,0.323380833,0.0,0.0
30_19_04.bmp,2.2222222222222223,0.277777778,0.460888599,0.333333333,0.48507125,0.555555556,0.511309993,0.0,0.0,0.277777778,0.460888599,0.055555556,0.23570226,0.0,0.0
28_12_05.bmp,2.055555555555556,0.722222222,0.460888599,0.444444444,0.511309993,0.111111111,0.323380833,0.0,0.0,0.222222222,0.427792632,0.0,0.0,0.055555556,0.23570226
06_22_05.bmp,1.3333333333333333,0.166666667,0.383482494,0.777777778,0.427792632,0.111111111,0.323380833,0.055555556,0.23570226,0.055555556,0.23570226,0.055555556,0.23570226,0.0,0.0
10_24_03.bmp,2.2777777777777777,0.0,0.0,0.888888889,0.323380833,0.055555556,0.23570226,0.111111111,0.323380833,0.222222222,0.427792632,0.166666667,0.383482494,0.0,0.0
0586.jpg,3.0,0.111111111,0.323380833,0.222222222,0.427792632,0.0,0.0,0.333333333,0.48507125,0.5,0.514495755,0.111111111,0.323380833,0.055555556,0.23570226
08_05_04.bmp,2.555555555555556,0.444444444,0.511309993,0.555555556,0.511309993,0.111111111,0.323380833,0.0,0.0,0.166666667,0.383482494,0.055555556,0.23570226,0.055555556,0.23570226
22_18_04.bmp,2.0,0.055555556,0.23570226,0.944444444,0.23570226,0.055555556,0.23570226,0.0,0.0,0.055555556,0.23570226,0.166666667,0.383482494,0.0,0.0
18_20_02.bmp,2.5,0.444444444,0.511309993,0.333333333,0.48507125,0.222222222,0.427792632,0.333333333,0.48507125,0.0,0.0,0.0,0.0,0.055555556,0.23570226
0212.jpg,2.4444444444444446,0.111111111,0.323380833,0.5,0.514495755,0.055555556,0.23570226,0.833333333,0.383482494,0.055555556,0.23570226,0.055555556,0.23570226,0.0,0.0
08_08_03.bmp,3.1666666666666665,0.444444444,0.511309993,0.611111111,0.501631326,0.0,0.0,0.166666667,0.383482494,0.055555556,0.23570226,0.055555556,0.23570226,0.055555556,0.23570226
20_02_01.bmp,3.2777777777777777,0.055555556,0.23570226,0.555555556,0.511309993,0.111111111,0.323380833,0.0,0.0,0.222222222,0.427792632,0.055555556,0.23570226,0.0,0.0
15_02_03.bmp,2.055555555555556,0.0,0.0,0.888888889,0.323380833,0.0,0.0,0.055555556,0.23570226,0.222222222,0.427792632,0.0,0.0,0.0,0.0
18_03_05.bmp,1.6111111111111112,0.111111111,0.323380833,0.833333333,0.383482494,0.055555556,0.23570226,0.0,0.0,0.0,0.0,0.055555556,0.23570226,0.0,0.0
33_09_04.bmp,2.5,0.722222222,0.460888599,0.277777778,0.460888599,0.0,0.0,0.055555556,0.23570226,0.333333333,0.48507125,0.0,0.0,0.0,0.0
0311.jpg,3.055555555555556,0.166666667,0.383482494,0.666666667,0.48507125,0.055555556,0.23570226,0.166666667,0.383482494,0.222222222,0.427792632,0.0,0.0,0.055555556,0.23570226
0915.jpg,3.9444444444444446,0.111111111,0.323380833,0.277777778,0.460888599,0.055555556,0.23570226,0.055555556,0.23570226,0.166666667,0.383482494,0.0,0.0,0.055555556,0.23570226
27_03_05.bmp,1.8888888888888888,0.0,0.0,0.833333333,0.383482494,0.0,0.0,0.0,0.0,0.444444444,0.511309993,0.055555556,0.23570226,0.0,0.0
04_19_05.bmp,2.555555555555556,0.166666667,0.383482494,0.611111111,0.501631326,0.166666667,0.383482494,0.0,0.0,0.166666667,0.383482494,0.055555556,0.23570226,0.0,0.0
28_01_02.bmp,3.1666666666666665,0.055555556,0.23570226,0.611111111,0.501631326,0.111111111,0.323380833,0.0,0.0,0.166666667,0.383482494,0.055555556,0.23570226,0.055555556,0.23570226
19_07_02.bmp,2.555555555555556,0.222222222,0.427792632,0.777777778,0.427792632,0.111111111,0.323380833,0.0,0.0,0.111111111,0.323380833,0.166666667,0.383482494,0.0,0.0
21_14_04.bmp,2.2222222222222223,0.166666667,0.383482494,0.333333333,0.48507125,0.166666667,0.383482494,0.722222222,0.460888599,0.0,0.0,0.0,0.0,0.0,0.0
24_03_02.bmp,3.111111111111111,0.055555556,0.23570226,0.666666667,0.48507125,0.111111111,0.323380833,0.0,0.0,0.0,0.0,0.055555556,0.23570226,0.0,0.0
23_07_02.bmp,3.055555555555556,0.111111111,0.323380833,0.666666667,0.48507125,0.0,0.0,0.0,0.0,0.111111111,0.323380833,0.111111111,0.323380833,0.055555556,0.23570226
07_02_03.bmp,1.8333333333333333,0.0,0.0,0.944444444,0.23570226,0.166666667,0.383482494,0.0,0.0,0.055555556,0.23570226,0.0,0.0,0.0,0.0
0349.jpg,3.555555555555556,0.111111111,0.323380833,0.555555556,0.511309993,0.055555556,0.23570226,0.0,0.0,0.0,0.0,0.0,0.0,0.0,0.0
04_20_03.bmp,2.4444444444444446,0.555555556,0.511309993,0.5,0.514495755,0.222222222,0.427792632,0.0,0.0,0.222222222,0.427792632,0.0,0.0,0.0,0.0
20_05_05.bmp,1.7222222222222223,0.277777778,0.460888599,0.666666667,0.48507125,0.111111111,0.323380833,0.055555556,0.23570226,0.111111111,0.323380833,0.111111111,0.323380833,0.0,0.0
29_07_02.bmp,3.1666666666666665,0.222222222,0.427792632,0.611111111,0.501631326,0.0,0.0,0.0,0.0,0.055555556,0.23570226,0.111111111,0.323380833,0.111111111,0.323380833
11_25_04.bmp,2.1666666666666665,0.055555556,0.23570226,0.166666667,0.383482494,0.0,0.0,0.055555556,0.23570226,0.166666667,0.383482494,0.055555556,0.23570226,0.888888889,0.323380833
0695.jpg,3.7222222222222223,0.055555556,0.23570226,0.388888889,0.501631326,0.0,0.0,0.055555556,0.23570226,0.222222222,0.427792632,0.055555556,0.23570226,0.111111111,0.323380833
29_03_05.bmp,2.0,0.055555556,0.23570226,0.888888889,0.323380833,0.0,0.0,0.055555556,0.23570226,0.111111111,0.323380833,0.055555556,0.23570226,0.0,0.0
30_01_01.bmp,3.555555555555556,0.222222222,0.427792632,0.166666667,0.383482494,0.0,0.0,0.0,0.0,0.388888889,0.501631326,0.0,0.0,0.055555556,0.23570226
11_04_03.bmp,2.4444444444444446,0.277777778,0.460888599,0.333333333,0.48507125,0.111111111,0.323380833,0.111111111,0.323380833,0.222222222,0.427792632,0.111111111,0.323380833,0.0,0.0
20_19_03.bmp,2.611111111111111,0.277777778,0.460888599,0.388888889,0.501631326,0.388888889,0.501631326,0.0,0.0,0.111111111,0.323380833,0.0,0.0,0.0,0.0
11_10_04.bmp,2.333333333333333,0.833333333,0.383482494,0.222222222,0.427792632,0.0,0.0,0.111111111,0.323380833,0.222222222,0.427792632,0.055555556,0.23570226,0.0,0.0
13_23_02.bmp,3.0,0.0,0.0,0.111111111,0.323380833,0.055555556,0.23570226,0.777777778,0.427792632,0.055555556,0.23570226,0.0,0.0,0.166666667,0.383482494
1125.jpg,2.7222222222222223,0.111111111,0.323380833,0.111111111,0.323380833,0.0,0.0,0.0,0.0,0.444444444,0.511309993,0.666666667,0.48507125,0.0,0.0
10_11_03.bmp,2.7222222222222223,0.722222222,0.460888599,0.333333333,0.48507125,0.055555556,0.23570226,0.055555556,0.23570226,0.333333333,0.48507125,0.111111111,0.323380833,0.0,0.0
0548.jpg,3.055555555555556,0.111111111,0.323380833,0.388888889,0.501631326,0.055555556,0.23570226,0.055555556,0.23570226,0.777777778,0.427792632,0.0,0.0,0.055555556,0.23570226
33_22_01.bmp,3.055555555555556,0.055555556,0.23570226,0.444444444,0.511309993,0.055555556,0.23570226,0.111111111,0.323380833,0.388888889,0.501631326,0.0,0.0,0.0,0.0
35_14_05.bmp,1.8888888888888888,0.111111111,0.323380833,0.388888889,0.501631326,0.055555556,0.23570226,0.722222222,0.460888599,0.0,0.0,0.055555556,0.23570226,0.055555556,0.23570226
24_09_04.bmp,2.388888888888889,0.722222222,0.460888599,0.333333333,0.48507125,0.055555556,0.23570226,0.0,0.0,0.111111111,0.323380833,0.0,0.0,0.055555556,0.23570226
0567.jpg,3.388888888888889,0.055555556,0.23570226,0.388888889,0.501631326,0.0,0.0,0.055555556,0.23570226,0.555555556,0.511309993,0.111111111,0.323380833,0.111111111,0.323380833
36_18_01.bmp,2.833333333333333,0.055555556,0.23570226,0.777777778,0.427792632,0.111111111,0.323380833,0.055555556,0.23570226,0.0,0.0,0.111111111,0.323380833,0.055555556,0.23570226
33_19_02.bmp,2.9444444444444446,0.166666667,0.383482494,0.444444444,0.511309993,0.333333333,0.48507125,0.0,0.0,0.388888889,0.501631326,0.055555556,0.23570226,0.055555556,0.23570226
0412.jpg,2.555555555555556,0.055555556,0.23570226,0.833333333,0.383482494,0.0,0.0,0.055555556,0.23570226,0.0,0.0,0.0,0.0,0.0,0.0
01459.jpg,3.333333333333333,0.166666667,0.383482494,0.444444444,0.511309993,0.222222222,0.427792632,0.0,0.0,0.0,0.0,0.111111111,0.323380833,0.444444444,0.511309993
12_14_01.bmp,3.388888888888889,0.111111111,0.323380833,0.222222222,0.427792632,0.222222222,0.427792632,0.111111111,0.323380833,0.055555556,0.23570226,0.055555556,0.23570226,0.055555556,0.23570226
17_07_05.bmp,1.3888888888888888,0.222222222,0.427792632,0.833333333,0.383482494,0.055555556,0.23570226,0.0,0.0,0.222222222,0.427792632,0.0,0.0,0.0,0.0
0671.jpg,3.6666666666666665,0.111111111,0.323380833,0.277777778,0.460888599,0.0,0.0,0.111111111,0.323380833,0.166666667,0.383482494,0.055555556,0.23570226,0.055555556,0.23570226
32_25_01.bmp,2.7222222222222223,0.055555556,0.23570226,0.277777778,0.460888599,0.055555556,0.23570226,0.055555556,0.23570226,0.277777778,0.460888599,0.055555556,0.23570226,0.888888889,0.323380833
20_09_05.bmp,1.9444444444444444,0.833333333,0.383482494,0.277777778,0.460888599,0.055555556,0.23570226,0.055555556,0.23570226,0.055555556,0.23570226,0.055555556,0.23570226,0.0,0.0
06_18_03.bmp,2.2777777777777777,0.222222222,0.427792632,0.777777778,0.427792632,0.055555556,0.23570226,0.0,0.0,0.055555556,0.23570226,0.166666667,0.383482494,0.0,0.0
0404.jpg,2.7777777777777777,0.055555556,0.23570226,0.833333333,0.383482494,0.055555556,0.23570226,0.055555556,0.23570226,0.0,0.0,0.0,0.0,0.0,0.0
04_11_03.bmp,2.4444444444444446,0.722222222,0.460888599,0.388888889,0.501631326,0.111111111,0.323380833,0.0,0.0,0.222222222,0.427792632,0.111111111,0.323380833,0.055555556,0.23570226
25_16_02.bmp,2.7777777777777777,0.111111111,0.323380833,0.555555556,0.511309993,0.055555556,0.23570226,0.055555556,0.23570226,0.166666667,0.383482494,0.0,0.0,0.055555556,0.23570226
12_13_05.bmp,2.2222222222222223,0.0,0.0,0.111111111,0.323380833,0.777777778,0.427792632,0.055555556,0.23570226,0.055555556,0.23570226,0.055555556,0.23570226,0.0,0.0
0170.jpg,1.9444444444444444,0.055555556,0.23570226,0.333333333,0.48507125,0.944444444,0.23570226,0.055555556,0.23570226,0.166666667,0.383482494,0.0,0.0,0.0,0.0
1057.jpg,3.555555555555556,0.166666667,0.383482494,0.277777778,0.460888599,0.0,0.0,0.444444444,0.511309993,0.055555556,0.23570226,0.111111111,0.323380833,0.055555556,0.23570226
20_06_05.bmp,1.7777777777777777,0.388888889,0.501631326,0.277777778,0.460888599,0.166666667,0.383482494,0.055555556,0.23570226,0.111111111,0.323380833,0.222222222,0.427792632,0.0,0.0
20_03_03.bmp,2.5,0.0,0.0,0.833333333,0.383482494,0.111111111,0.323380833,0.0,0.0,0.111111111,0.323380833,0.111111111,0.323380833,0.0,0.0
03_16_02.bmp,3.611111111111111,0.055555556,0.23570226,0.111111111,0.323380833,0.055555556,0.23570226,0.111111111,0.323380833,0.166666667,0.383482494,0.0,0.0,0.111111111,0.323380833
22_10_05.bmp,2.055555555555556,0.722222222,0.460888599,0.388888889,0.501631326,0.055555556,0.23570226,0.0,0.0,0.166666667,0.383482494,0.055555556,0.23570226,0.055555556,0.23570226
28_07_04.bmp,2.111111111111111,0.166666667,0.383482494,0.888888889,0.323380833,0.111111111,0.323380833,0.055555556,0.23570226,0.222222222,0.427792632,0.055555556,0.23570226,0.0,0.0
03_03_05.bmp,2.1666666666666665,0.111111111,0.323380833,0.833333333,0.383482494,0.055555556,0.23570226,0.0,0.0,0.111111111,0.323380833,0.0,0.0,0.055555556,0.23570226
23_06_02.bmp,2.611111111111111,0.333333333,0.48507125,0.444444444,0.511309993,0.222222222,0.427792632,0.0,0.0,0.277777778,0.460888599,0.166666667,0.383482494,0.055555556,0.23570226
18_04_05.bmp,2.388888888888889,0.277777778,0.460888599,0.333333333,0.48507125,0.111111111,0.323380833,0.055555556,0.23570226,0.0,0.0,0.166666667,0.383482494,0.166666667,0.383482494
0518.jpg,2.833333333333333,0.166666667,0.383482494,0.444444444,0.511309993,0.0,0.0,0.5,0.514495755,0.444444444,0.511309993,0.0,0.0,0.0,0.0
0522.jpg,2.833333333333333,0.055555556,0.23570226,0.555555556,0.511309993,0.055555556,0.23570226,0.444444444,0.511309993,0.5,0.514495755,0.0,0.0,0.0,0.0
18_12_02.bmp,2.833333333333333,0.5,0.514495755,0.388888889,0.501631326,0.166666667,0.383482494,0.055555556,0.23570226,0.0,0.0,0.0,0.0,0.111111111,0.323380833
0344.jpg,2.4444444444444446,0.166666667,0.383482494,0.833333333,0.383482494,0.055555556,0.23570226,0.055555556,0.23570226,0.055555556,0.23570226,0.0,0.0,0.0,0.0
32_19_04.bmp,1.9444444444444444,0.277777778,0.460888599,0.333333333,0.48507125,0.5,0.514495755,0.111111111,0.323380833,0.388888889,0.501631326,0.111111111,0.323380833,0.0,0.0
0534.jpg,3.2222222222222223,0.055555556,0.23570226,0.388888889,0.501631326,0.0,0.0,0.111111111,0.323380833,0.888888889,0.323380833,0.0,0.0,0.0,0.0
05_16_01.bmp,3.2777777777777777,0.111111111,0.323380833,0.444444444,0.511309993,0.277777778,0.460888599,0.055555556,0.23570226,0.0,0.0,0.055555556,0.23570226,0.055555556,0.23570226
24_11_01.bmp,3.2777777777777777,0.333333333,0.48507125,0.388888889,0.501631326,0.111111111,0.323380833,0.0,0.0,0.0,0.0,0.055555556,0.23570226,0.0,0.0
36_23_05.bmp,1.8888888888888888,0.055555556,0.23570226,0.166666667,0.383482494,0.0,0.0,0.833333333,0.383482494,0.0,0.0,0.0,0.0,0.222222222,0.427792632
1032.jpg,3.2777777777777777,0.055555556,0.23570226,0.277777778,0.460888599,0.055555556,0.23570226,0.5,0.514495755,0.166666667,0.383482494,0.0,0.0,0.055555556,0.23570226
11_14_04.bmp,1.5555555555555556,0.111111111,0.323380833,0.166666667,0.383482494,0.111111111,0.323380833,0.833333333,0.383482494,0.222222222,0.427792632,0.111111111,0.323380833,0.0,0.0
13_17_04.bmp,2.5,0.055555556,0.23570226,0.5,0.514495755,0.055555556,0.23570226,0.0,0.0,0.166666667,0.383482494,0.166666667,0.383482494,0.222222222,0.427792632
21_21_02.bmp,2.611111111111111,0.111111111,0.323380833,0.388888889,0.501631326,0.666666667,0.48507125,0.0,0.0,0.0,0.0,0.0,0.0,0.111111111,0.323380833
13_22_01.bmp,3.055555555555556,0.166666667,0.383482494,0.555555556,0.511309993,0.166666667,0.383482494,0.0,0.0,0.111111111,0.323380833,0.0,0.0,0.111111111,0.323380833
27_17_02.bmp,2.833333333333333,0.111111111,0.323380833,0.5,0.514495755,0.055555556,0.23570226,0.0,0.0,0.444444444,0.511309993,0.166666667,0.383482494,0.222222222,0.427792632
28_04_03.bmp,2.7222222222222223,0.222222222,0.427792632,0.555555556,0.511309993,0.277777778,0.460888599,0.0,0.0,0.166666667,0.383482494,0.055555556,0.23570226,0.0,0.0
21_24_01.bmp,3.1666666666666665,0.222222222,0.427792632,0.666666667,0.48507125,0.0,0.0,0.055555556,0.23570226,0.0,0.0,0.0,0.0,0.055555556,0.23570226
19_16_02.bmp,3.333333333333333,0.111111111,0.323380833,0.444444444,0.511309993,0.222222222,0.427792632,0.0,0.0,0.111111111,0.323380833,0.055555556,0.23570226,0.055555556,0.23570226
37_20_02.bmp,2.555555555555556,0.222222222,0.427792632,0.444444444,0.511309993,0.111111111,0.323380833,0.333333333,0.48507125,0.055555556,0.23570226,0.055555556,0.23570226,0.055555556,0.23570226
09_07_04.bmp,1.7777777777777777,0.222222222,0.427792632,0.833333333,0.383482494,0.055555556,0.23570226,0.055555556,0.23570226,0.111111111,0.323380833,0.055555556,0.23570226,0.0,0.0
30_25_05.bmp,2.111111111111111,0.0,0.0,0.166666667,0.383482494,0.111111111,0.323380833,0.055555556,0.23570226,0.222222222,0.427792632,0.0,0.0,0.777777778,0.427792632
0629.jpg,3.7777777777777777,0.0,0.0,0.277777778,0.460888599,0.0,0.0,0.277777778,0.460888599,0.055555556,0.23570226,0.0,0.0,0.055555556,0.23570226
30_04_01.bmp,3.555555555555556,0.166666667,0.383482494,0.388888889,0.501631326,0.0,0.0,0.0,0.0,0.333333333,0.48507125,0.055555556,0.23570226,0.0,0.0
35_09_04.bmp,1.8333333333333333,0.777777778,0.427792632,0.388888889,0.501631326,0.111111111,0.323380833,0.0,0.0,0.055555556,0.23570226,0.0,0.0,0.055555556,0.23570226
23_23_02.bmp,2.9444444444444446,0.111111111,0.323380833,0.222222222,0.427792632,0.0,0.0,0.722222222,0.460888599,0.166666667,0.383482494,0.0,0.0,0.111111111,0.323380833
10_06_04.bmp,2.0,0.388888889,0.501631326,0.277777778,0.460888599,0.222222222,0.427792632,0.166666667,0.383482494,0.277777778,0.460888599,0.222222222,0.427792632,0.0,0.0
26_13_01.bmp,4.055555555555555,0.055555556,0.23570226,0.055555556,0.23570226,0.277777778,0.460888599,0.0,0.0,0.111111111,0.323380833,0.0,0.0,0.055555556,0.23570226
27_16_02.bmp,2.888888888888889,0.055555556,0.23570226,0.5,0.514495755,0.166666667,0.383482494,0.055555556,0.23570226,0.388888889,0.501631326,0.055555556,0.23570226,0.111111111,0.323380833
01404.jpg,4.055555555555555,0.0,0.0,0.555555556,0.511309993,0.111111111,0.323380833,0.0,0.0,0.0,0.0,0.0,0.0,0.055555556,0.23570226
21_01_01.bmp,3.6666666666666665,0.055555556,0.23570226,0.444444444,0.511309993,0.0,0.0,0.0,0.0,0.0,0.0,0.0,0.0,0.055555556,0.23570226
13_18_01.bmp,2.9444444444444446,0.111111111,0.323380833,0.666666667,0.48507125,0.055555556,0.23570226,0.0,0.0,0.222222222,0.427792632,0.0,0.0,0.111111111,0.323380833
0397.jpg,2.1666666666666665,0.111111111,0.323380833,0.833333333,0.383482494,0.0,0.0,0.111111111,0.323380833,0.0,0.0,0.055555556,0.23570226,0.0,0.0
36_12_05.bmp,2.1666666666666665,0.888888889,0.323380833,0.444444444,0.511309993,0.055555556,0.23570226,0.0,0.0,0.111111111,0.323380833,0.0,0.0,0.0,0.0
34_08_02.bmp,3.055555555555556,0.055555556,0.23570226,0.666666667,0.48507125,0.111111111,0.323380833,0.0,0.0,0.0,0.0,0.0,0.0,0.055555556,0.23570226
32_05_03.bmp,2.2777777777777777,0.222222222,0.427792632,0.722222222,0.460888599,0.111111111,0.323380833,0.055555556,0.23570226,0.388888889,0.501631326,0.111111111,0.323380833,0.0,0.0
01477.jpg,3.6666666666666665,0.0,0.0,0.611111111,0.501631326,0.055555556,0.23570226,0.0,0.0,0.055555556,0.23570226,0.0,0.0,0.055555556,0.23570226
13_13_04.bmp,3.0,0.0,0.0,0.111111111,0.323380833,0.833333333,0.383482494,0.055555556,0.23570226,0.055555556,0.23570226,0.0,0.0,0.055555556,0.23570226
23_25_03.bmp,2.1666666666666665,0.055555556,0.23570226,0.055555556,0.23570226,0.0,0.0,0.055555556,0.23570226,0.111111111,0.323380833,0.0,0.0,0.888888889,0.323380833
01308.jpg,2.9444444444444446,0.444444444,0.511309993,0.722222222,0.460888599,0.111111111,0.323380833,0.0,0.0,0.111111111,0.323380833,0.055555556,0.23570226,0.0,0.0
18_24_01.bmp,2.7222222222222223,0.222222222,0.427792632,0.777777778,0.427792632,0.222222222,0.427792632,0.0,0.0,0.0,0.0,0.0,0.0,0.111111111,0.323380833
07_14_05.bmp,2.111111111111111,0.222222222,0.427792632,0.222222222,0.427792632,0.055555556,0.23570226,0.777777778,0.427792632,0.166666667,0.383482494,0.055555556,0.23570226,0.0,0.0
0451.jpg,2.888888888888889,0.055555556,0.23570226,0.388888889,0.501631326,0.0,0.0,0.0,0.0,0.833333333,0.383482494,0.0,0.0,0.055555556,0.23570226
14_15_05.bmp,3.388888888888889,0.111111111,0.323380833,0.277777778,0.460888599,0.0,0.0,0.222222222,0.427792632,0.055555556,0.23570226,0.055555556,0.23570226,0.055555556,0.23570226
0254.jpg,1.9444444444444444,0.166666667,0.383482494,0.388888889,0.501631326,0.0,0.0,0.888888889,0.323380833,0.111111111,0.323380833,0.055555556,0.23570226,0.0,0.0
37_05_02.bmp,3.333333333333333,0.222222222,0.427792632,0.722222222,0.460888599,0.055555556,0.23570226,0.055555556,0.23570226,0.055555556,0.23570226,0.055555556,0.23570226,0.0,0.0
17_04_02.bmp,2.833333333333333,0.277777778,0.460888599,0.277777778,0.460888599,0.166666667,0.383482494,0.111111111,0.323380833,0.166666667,0.383482494,0.166666667,0.383482494,0.055555556,0.23570226
36_17_04.bmp,2.2777777777777777,0.055555556,0.23570226,0.555555556,0.511309993,0.166666667,0.383482494,0.0,0.0,0.277777778,0.460888599,0.222222222,0.427792632,0.166666667,0.383482494
34_23_02.bmp,2.7777777777777777,0.111111111,0.323380833,0.111111111,0.323380833,0.055555556,0.23570226,0.777777778,0.427792632,0.055555556,0.23570226,0.0,0.0,0.111111111,0.323380833
02_23_01.bmp,2.9444444444444446,0.111111111,0.323380833,0.111111111,0.323380833,0.0,0.0,0.777777778,0.427792632,0.333333333,0.48507125,0.111111111,0.323380833,0.0,0.0
13_20_04.bmp,2.1666666666666665,0.666666667,0.48507125,0.111111111,0.323380833,0.111111111,0.323380833,0.166666667,0.383482494,0.111111111,0.323380833,0.0,0.0,0.055555556,0.23570226
17_23_04.bmp,2.555555555555556,0.0,0.0,0.111111111,0.323380833,0.0,0.0,0.722222222,0.460888599,0.277777778,0.460888599,0.055555556,0.23570226,0.055555556,0.23570226
01252.jpg,3.388888888888889,0.444444444,0.511309993,0.388888889,0.501631326,0.055555556,0.23570226,0.055555556,0.23570226,0.111111111,0.323380833,0.0,0.0,0.0,0.0
07_21_04.bmp,2.833333333333333,0.277777778,0.460888599,0.555555556,0.511309993,0.0,0.0,0.333333333,0.48507125,0.055555556,0.23570226,0.055555556,0.23570226,0.0,0.0
03_08_04.bmp,2.5,0.555555556,0.511309993,0.5,0.514495755,0.111111111,0.323380833,0.055555556,0.23570226,0.166666667,0.383482494,0.0,0.0,0.111111111,0.323380833
31_14_03.bmp,2.7777777777777777,0.222222222,0.427792632,0.277777778,0.460888599,0.055555556,0.23570226,0.5,0.514495755,0.166666667,0.383482494,0.0,0.0,0.055555556,0.23570226
32_25_04.bmp,2.0,0.055555556,0.23570226,0.222222222,0.427792632,0.055555556,0.23570226,0.055555556,0.23570226,0.277777778,0.460888599,0.055555556,0.23570226,0.833333333,0.383482494
0301.jpg,1.8888888888888888,0.222222222,0.427792632,0.555555556,0.511309993,0.0,0.0,0.666666667,0.48507125,0.166666667,0.383482494,0.0,0.0,0.055555556,0.23570226
36_22_01.bmp,2.7777777777777777,0.166666667,0.383482494,0.5,0.514495755,0.333333333,0.48507125,0.0,0.0,0.0,0.0,0.0,0.0,0.111111111,0.323380833
36_03_03.bmp,2.4444444444444446,0.111111111,0.323380833,0.833333333,0.383482494,0.055555556,0.23570226,0.0,0.0,0.0,0.0,0.0,0.0,0.111111111,0.323380833
36_07_03.bmp,2.333333333333333,0.166666667,0.383482494,0.722222222,0.460888599,0.111111111,0.323380833,0.0,0.0,0.0,0.0,0.055555556,0.23570226,0.055555556,0.23570226
03_23_02.bmp,3.1666666666666665,0.055555556,0.23570226,0.111111111,0.323380833,0.055555556,0.23570226,0.777777778,0.427792632,0.055555556,0.23570226,0.0,0.0,0.055555556,0.23570226
10_18_04.bmp,1.8888888888888888,0.111111111,0.323380833,0.777777778,0.427792632,0.055555556,0.23570226,0.0,0.0,0.444444444,0.511309993,0.222222222,0.427792632,0.166666667,0.383482494
26_23_04.bmp,2.4444444444444446,0.0,0.0,0.0,0.0,0.0,0.0,0.722222222,0.460888599,0.111111111,0.323380833,0.0,0.0,0.111111111,0.323380833
1146.jpg,2.555555555555556,0.0,0.0,0.166666667,0.383482494,0.0,0.0,0.166666667,0.383482494,0.888888889,0.323380833,0.333333333,0.48507125,0.0,0.0
12_11_01.bmp,3.4444444444444446,0.333333333,0.48507125,0.222222222,0.427792632,0.111111111,0.323380833,0.0,0.0,0.111111111,0.323380833,0.0,0.0,0.0,0.0
29_04_05.bmp,1.8333333333333333,0.333333333,0.48507125,0.166666667,0.383482494,0.333333333,0.48507125,0.055555556,0.23570226,0.055555556,0.23570226,0.277777778,0.460888599,0.0,0.0
34_13_03.bmp,2.7777777777777777,0.0,0.0,0.444444444,0.511309993,0.277777778,0.460888599,0.0,0.0,0.0,0.0,0.0,0.0,0.111111111,0.323380833
07_04_01.bmp,3.555555555555556,0.055555556,0.23570226,0.388888889,0.501631326,0.166666667,0.383482494,0.0,0.0,0.166666667,0.383482494,0.055555556,0.23570226,0.055555556,0.23570226
10_16_01.bmp,2.9444444444444446,0.0,0.0,0.333333333,0.48507125,0.388888889,0.501631326,0.055555556,0.23570226,0.333333333,0.48507125,0.166666667,0.383482494,0.0,0.0
13_01_01.bmp,4.111111111111111,0.055555556,0.23570226,0.166666667,0.383482494,0.166666667,0.383482494,0.0,0.0,0.222222222,0.427792632,0.0,0.0,0.055555556,0.23570226
14_01_02.bmp,3.333333333333333,0.166666667,0.383482494,0.555555556,0.511309993,0.111111111,0.323380833,0.0,0.0,0.0,0.0,0.055555556,0.23570226,0.055555556,0.23570226
0143.jpg,2.7222222222222223,0.055555556,0.23570226,0.277777778,0.460888599,0.888888889,0.323380833,0.0,0.0,0.111111111,0.323380833,0.111111111,0.323380833,0.055555556,0.23570226
19_14_03.bmp,3.2222222222222223,0.0,0.0,0.111111111,0.323380833,0.055555556,0.23570226,0.555555556,0.511309993,0.166666667,0.383482494,0.111111111,0.323380833,0.055555556,0.23570226
16_18_05.bmp,1.7777777777777777,0.055555556,0.23570226,0.666666667,0.48507125,0.0,0.0,0.0,0.0,0.333333333,0.48507125,0.333333333,0.48507125,0.111111111,0.323380833
0135.jpg,3.4444444444444446,0.055555556,0.23570226,0.222222222,0.427792632,0.666666667,0.48507125,0.0,0.0,0.055555556,0.23570226,0.111111111,0.323380833,0.055555556,0.23570226
19_06_01.bmp,3.2777777777777777,0.277777778,0.460888599,0.388888889,0.501631326,0.222222222,0.427792632,0.0,0.0,0.111111111,0.323380833,0.055555556,0.23570226,0.111111111,0.323380833
0443.jpg,3.0,0.0,0.0,0.833333333,0.383482494,0.055555556,0.23570226,0.0,0.0,0.111111111,0.323380833,0.055555556,0.23570226,0.055555556,0.23570226
17_03_03.bmp,2.9444444444444446,0.166666667,0.383482494,0.777777778,0.427792632,0.0,0.0,0.0,0.0,0.222222222,0.427792632,0.055555556,0.23570226,0.0,0.0
22_24_03.bmp,2.111111111111111,0.055555556,0.23570226,0.833333333,0.383482494,0.055555556,0.23570226,0.0,0.0,0.111111111,0.323380833,0.055555556,0.23570226,0.0,0.0
12_03_05.bmp,1.7222222222222223,0.166666667,0.383482494,0.833333333,0.383482494,0.055555556,0.23570226,0.055555556,0.23570226,0.055555556,0.23570226,0.0,0.0,0.0,0.0
37_13_02.bmp,3.5,0.0,0.0,0.277777778,0.460888599,0.166666667,0.383482494,0.055555556,0.23570226,0.055555556,0.23570226,0.111111111,0.323380833,0.0,0.0
01298.jpg,3.0,0.333333333,0.48507125,0.666666667,0.48507125,0.0,0.0,0.166666667,0.383482494,0.555555556,0.511309993,0.0,0.0,0.0,0.0
26_11_03.bmp,2.888888888888889,0.777777778,0.427792632,0.111111111,0.323380833,0.111111111,0.323380833,0.0,0.0,0.111111111,0.323380833,0.055555556,0.23570226,0.055555556,0.23570226
10_23_01.bmp,3.1666666666666665,0.055555556,0.23570226,0.333333333,0.48507125,0.055555556,0.23570226,0.666666667,0.48507125,0.277777778,0.460888599,0.166666667,0.383482494,0.055555556,0.23570226
09_05_03.bmp,2.388888888888889,0.222222222,0.427792632,0.777777778,0.427792632,0.111111111,0.323380833,0.055555556,0.23570226,0.111111111,0.323380833,0.055555556,0.23570226,0.0,0.0
01440.jpg,3.9444444444444446,0.055555556,0.23570226,0.333333333,0.48507125,0.222222222,0.427792632,0.0,0.0,0.0,0.0,0.0,0.0,0.0,0.0
04_16_02.bmp,2.7777777777777777,0.166666667,0.383482494,0.722222222,0.460888599,0.055555556,0.23570226,0.0,0.0,0.166666667,0.383482494,0.0,0.0,0.055555556,0.23570226
24_23_04.bmp,2.111111111111111,0.0,0.0,0.222222222,0.427792632,0.0,0.0,0.777777778,0.427792632,0.0,0.0,0.055555556,0.23570226,0.111111111,0.323380833
33_03_03.bmp,3.055555555555556,0.055555556,0.23570226,0.666666667,0.48507125,0.0,0.0,0.0,0.0,0.5,0.514495755,0.055555556,0.23570226,0.0,0.0
0696.jpg,3.611111111111111,0.055555556,0.23570226,0.444444444,0.511309993,0.0,0.0,0.055555556,0.23570226,0.222222222,0.427792632,0.055555556,0.23570226,0.055555556,0.23570226
35_05_02.bmp,2.4444444444444446,0.333333333,0.48507125,0.666666667,0.48507125,0.111111111,0.323380833,0.0,0.0,0.055555556,0.23570226,0.055555556,0.23570226,0.055555556,0.23570226
36_12_01.bmp,3.4444444444444446,0.166666667,0.383482494,0.388888889,0.501631326,0.166666667,0.383482494,0.0,0.0,0.0,0.0,0.055555556,0.23570226,0.055555556,0.23570226
10_04_05.bmp,2.111111111111111,0.388888889,0.501631326,0.333333333,0.48507125,0.166666667,0.383482494,0.166666667,0.383482494,0.277777778,0.460888599,0.333333333,0.48507125,0.055555556,0.23570226
28_18_04.bmp,2.9444444444444446,0.055555556,0.23570226,0.666666667,0.48507125,0.055555556,0.23570226,0.055555556,0.23570226,0.111111111,0.323380833,0.111111111,0.323380833,0.0,0.0
01_02_04.bmp,1.5555555555555556,0.055555556,0.23570226,1.0,0.0,0.111111111,0.323380833,0.0,0.0,0.055555556,0.23570226,0.0,0.0,0.0,0.0
15_08_03.bmp,2.6666666666666665,0.444444444,0.511309993,0.611111111,0.501631326,0.0,0.0,0.0,0.0,0.222222222,0.427792632,0.0,0.0,0.055555556,0.23570226
0096.jpg,2.6666666666666665,0.0,0.0,0.277777778,0.460888599,0.888888889,0.323380833,0.0,0.0,0.111111111,0.323380833,0.055555556,0.23570226,0.055555556,0.23570226
14_09_05.bmp,1.7777777777777777,0.888888889,0.323380833,0.277777778,0.460888599,0.055555556,0.23570226,0.055555556,0.23570226,0.055555556,0.23570226,0.055555556,0.23570226,0.0,0.0
30_11_04.bmp,2.611111111111111,0.833333333,0.383482494,0.166666667,0.383482494,0.0,0.0,0.0,0.0,0.333333333,0.48507125,0.055555556,0.23570226,0.0,0.0
30_08_02.bmp,3.4444444444444446,0.222222222,0.427792632,0.5,0.514495755,0.0,0.0,0.055555556,0.23570226,0.333333333,0.48507125,0.0,0.0,0.055555556,0.23570226
0122.jpg,2.6666666666666665,0.055555556,0.23570226,0.388888889,0.501631326,0.944444444,0.23570226,0.0,0.0,0.055555556,0.23570226,0.0,0.0,0.0,0.0
28_01_05.bmp,1.6666666666666667,0.0,0.0,0.888888889,0.323380833,0.111111111,0.323380833,0.0,0.0,0.277777778,0.460888599,0.055555556,0.23570226,0.0,0.0
0413.jpg,2.5,0.111111111,0.323380833,0.888888889,0.323380833,0.0,0.0,0.055555556,0.23570226,0.0,0.0,0.0,0.0,0.111111111,0.323380833
14_01_04.bmp,1.6666666666666667,0.055555556,0.23570226,0.888888889,0.323380833,0.055555556,0.23570226,0.055555556,0.23570226,0.0,0.0,0.111111111,0.323380833,0.0,0.0
20_17_04.bmp,2.2777777777777777,0.166666667,0.383482494,0.388888889,0.501631326,0.166666667,0.383482494,0.0,0.0,0.222222222,0.427792632,0.166666667,0.383482494,0.166666667,0.383482494
32_07_02.bmp,2.555555555555556,0.0,0.0,0.722222222,0.460888599,0.055555556,0.23570226,0.222222222,0.427792632,0.333333333,0.48507125,0.055555556,0.23570226,0.111111111,0.323380833
0287.jpg,3.055555555555556,0.111111111,0.323380833,0.222222222,0.427792632,0.0,0.0,0.833333333,0.383482494,0.0,0.0,0.055555556,0.23570226,0.0,0.0
02_05_02.bmp,2.9444444444444446,0.277777778,0.460888599,0.555555556,0.511309993,0.0,0.0,0.055555556,0.23570226,0.611111111,0.501631326,0.0,0.0,0.055555556,0.23570226
20_18_04.bmp,2.0,0.166666667,0.383482494,0.722222222,0.460888599,0.055555556,0.23570226,0.055555556,0.23570226,0.111111111,0.323380833,0.055555556,0.23570226,0.0,0.0
0878.jpg,3.7222222222222223,0.055555556,0.23570226,0.444444444,0.511309993,0.055555556,0.23570226,0.0,0.0,0.166666667,0.383482494,0.0,0.0,0.055555556,0.23570226
02_05_05.bmp,1.7777777777777777,0.5,0.514495755,0.611111111,0.501631326,0.055555556,0.23570226,0.0,0.0,0.611111111,0.501631326,0.0,0.0,0.055555556,0.23570226
01_20_01.bmp,2.888888888888889,0.055555556,0.23570226,0.777777778,0.427792632,0.111111111,0.323380833,0.055555556,0.23570226,0.055555556,0.23570226,0.0,0.0,0.055555556,0.23570226
11_08_01.bmp,3.0,0.055555556,0.23570226,0.444444444,0.511309993,0.0,0.0,0.111111111,0.323380833,0.388888889,0.501631326,0.055555556,0.23570226,0.0,0.0
11_18_05.bmp,1.7222222222222223,0.111111111,0.323380833,0.722222222,0.460888599,0.055555556,0.23570226,0.111111111,0.323380833,0.222222222,0.427792632,0.055555556,0.23570226,0.055555556,0.23570226
01220.jpg,2.555555555555556,0.333333333,0.48507125,0.833333333,0.383482494,0.0,0.0,0.055555556,0.23570226,0.444444444,0.511309993,0.0,0.0,0.0,0.0
09_24_04.bmp,1.5,0.166666667,0.383482494,0.833333333,0.383482494,0.111111111,0.323380833,0.0,0.0,0.111111111,0.323380833,0.0,0.0,0.055555556,0.23570226
15_04_03.bmp,2.7222222222222223,0.388888889,0.501631326,0.166666667,0.383482494,0.222222222,0.427792632,0.055555556,0.23570226,0.166666667,0.383482494,0.166666667,0.383482494,0.055555556,0.23570226
29_04_04.bmp,2.2222222222222223,0.333333333,0.48507125,0.277777778,0.460888599,0.277777778,0.460888599,0.055555556,0.23570226,0.055555556,0.23570226,0.277777778,0.460888599,0.055555556,0.23570226
0648.jpg,3.7777777777777777,0.055555556,0.23570226,0.277777778,0.460888599,0.0,0.0,0.166666667,0.383482494,0.111111111,0.323380833,0.0,0.0,0.055555556,0.23570226
22_24_04.bmp,1.5555555555555556,0.111111111,0.323380833,0.944444444,0.23570226,0.0,0.0,0.055555556,0.23570226,0.055555556,0.23570226,0.055555556,0.23570226,0.0,0.0
35_03_01.bmp,3.055555555555556,0.222222222,0.427792632,0.555555556,0.511309993,0.0,0.0,0.055555556,0.23570226,0.0,0.0,0.055555556,0.23570226,0.055555556,0.23570226
32_23_05.bmp,1.6111111111111112,0.111111111,0.323380833,0.388888889,0.501631326,0.0,0.0,0.833333333,0.383482494,0.277777778,0.460888599,0.055555556,0.23570226,0.111111111,0.323380833
16_08_03.bmp,2.611111111111111,0.277777778,0.460888599,0.611111111,0.501631326,0.0,0.0,0.0,0.0,0.277777778,0.460888599,0.333333333,0.48507125,0.111111111,0.323380833
27_02_03.bmp,2.2777777777777777,0.0,0.0,0.777777778,0.427792632,0.0,0.0,0.111111111,0.323380833,0.5,0.514495755,0.0,0.0,0.0,0.0
10_14_05.bmp,1.3888888888888888,0.0,0.0,0.222222222,0.427792632,0.111111111,0.323380833,0.944444444,0.23570226,0.166666667,0.383482494,0.111111111,0.323380833,0.0,0.0
01_03_03.bmp,2.5,0.111111111,0.323380833,0.777777778,0.427792632,0.111111111,0.323380833,0.055555556,0.23570226,0.0,0.0,0.0,0.0,0.0,0.0
23_12_04.bmp,2.4444444444444446,0.722222222,0.460888599,0.277777778,0.460888599,0.111111111,0.323380833,0.0,0.0,0.222222222,0.427792632,0.055555556,0.23570226,0.0,0.0
0041.jpg,3.5,0.0,0.0,0.333333333,0.48507125,0.666666667,0.48507125,0.0,0.0,0.0,0.0,0.055555556,0.23570226,0.0,0.0
0288.jpg,1.8333333333333333,0.166666667,0.383482494,0.388888889,0.501631326,0.0,0.0,0.777777778,0.427792632,0.055555556,0.23570226,0.0,0.0,0.055555556,0.23570226
36_01_05.bmp,1.5,0.0,0.0,0.944444444,0.23570226,0.166666667,0.383482494,0.055555556,0.23570226,0.0,0.0,0.0,0.0,0.0,0.0
24_17_01.bmp,2.888888888888889,0.055555556,0.23570226,0.388888889,0.501631326,0.166666667,0.383482494,0.0,0.0,0.111111111,0.323380833,0.0,0.0,0.055555556,0.23570226
18_13_03.bmp,2.9444444444444446,0.055555556,0.23570226,0.5,0.514495755,0.388888889,0.501631326,0.0,0.0,0.0,0.0,0.055555556,0.23570226,0.055555556,0.23570226
0042.jpg,3.2222222222222223,0.0,0.0,0.277777778,0.460888599,0.944444444,0.23570226,0.0,0.0,0.111111111,0.323380833,0.0,0.0,0.055555556,0.23570226
01_17_01.bmp,2.7777777777777777,0.166666667,0.383482494,0.666666667,0.48507125,0.111111111,0.323380833,0.0,0.0,0.166666667,0.383482494,0.055555556,0.23570226,0.166666667,0.383482494
1118.jpg,2.833333333333333,0.055555556,0.23570226,0.444444444,0.511309993,0.0,0.0,0.055555556,0.23570226,0.722222222,0.460888599,0.0,0.0,0.0,0.0
23_11_04.bmp,2.1666666666666665,0.833333333,0.383482494,0.277777778,0.460888599,0.0,0.0,0.0,0.0,0.333333333,0.48507125,0.055555556,0.23570226,0.0,0.0
37_22_05.bmp,1.7222222222222223,0.277777778,0.460888599,0.888888889,0.323380833,0.0,0.0,0.111111111,0.323380833,0.055555556,0.23570226,0.055555556,0.23570226,0.0,0.0
01_17_04.bmp,2.111111111111111,0.166666667,0.383482494,0.611111111,0.501631326,0.111111111,0.323380833,0.0,0.0,0.333333333,0.48507125,0.055555556,0.23570226,0.277777778,0.460888599
08_06_02.bmp,3.6666666666666665,0.277777778,0.460888599,0.111111111,0.323380833,0.166666667,0.383482494,0.055555556,0.23570226,0.166666667,0.383482494,0.111111111,0.323380833,0.0,0.0
19_18_05.bmp,1.7222222222222223,0.111111111,0.323380833,0.722222222,0.460888599,0.055555556,0.23570226,0.0,0.0,0.166666667,0.383482494,0.111111111,0.323380833,0.111111111,0.323380833
04_19_04.bmp,2.6666666666666665,0.111111111,0.323380833,0.611111111,0.501631326,0.277777778,0.460888599,0.0,0.0,0.222222222,0.427792632,0.0,0.0,0.055555556,0.23570226
34_15_03.bmp,2.6666666666666665,0.111111111,0.323380833,0.444444444,0.511309993,0.444444444,0.511309993,0.0,0.0,0.0,0.0,0.0,0.0,0.111111111,0.323380833
32_16_03.bmp,2.7777777777777777,0.055555556,0.23570226,0.611111111,0.501631326,0.111111111,0.323380833,0.055555556,0.23570226,0.444444444,0.511309993,0.055555556,0.23570226,0.0,0.0
01_07_02.bmp,2.888888888888889,0.166666667,0.383482494,0.666666667,0.48507125,0.111111111,0.323380833,0.055555556,0.23570226,0.0,0.0,0.0,0.0,0.055555556,0.23570226
06_21_05.bmp,1.7777777777777777,0.333333333,0.48507125,0.388888889,0.501631326,0.055555556,0.23570226,0.666666667,0.48507125,0.055555556,0.23570226,0.055555556,0.23570226,0.0,0.0
0090.jpg,2.7222222222222223,0.055555556,0.23570226,0.333333333,0.48507125,0.944444444,0.23570226,0.0,0.0,0.0,0.0,0.055555556,0.23570226,0.055555556,0.23570226
02_17_02.bmp,2.388888888888889,0.055555556,0.23570226,0.277777778,0.460888599,0.0,0.0,0.055555556,0.23570226,0.5,0.514495755,0.055555556,0.23570226,0.388888889,0.501631326
0725.jpg,3.5,0.111111111,0.323380833,0.166666667,0.383482494,0.0,0.0,0.0,0.0,0.333333333,0.48507125,0.166666667,0.383482494,0.055555556,0.23570226
09_08_02.bmp,3.2222222222222223,0.388888889,0.501631326,0.555555556,0.511309993,0.111111111,0.323380833,0.0,0.0,0.111111111,0.323380833,0.055555556,0.23570226,0.055555556,0.23570226
0391.jpg,2.333333333333333,0.166666667,0.383482494,0.888888889,0.323380833,0.0,0.0,0.111111111,0.323380833,0.055555556,0.23570226,0.055555556,0.23570226,0.055555556,0.23570226
0693.jpg,3.333333333333333,0.111111111,0.323380833,0.333333333,0.48507125,0.0,0.0,0.0,0.0,0.277777778,0.460888599,0.055555556,0.23570226,0.055555556,0.23570226
24_16_01.bmp,3.388888888888889,0.055555556,0.23570226,0.5,0.514495755,0.222222222,0.427792632,0.055555556,0.23570226,0.055555556,0.23570226,0.0,0.0,0.0,0.0
26_18_05.bmp,1.8888888888888888,0.055555556,0.23570226,0.777777778,0.427792632,0.166666667,0.383482494,0.0,0.0,0.111111111,0.323380833,0.055555556,0.23570226,0.0,0.0
0176.jpg,3.055555555555556,0.055555556,0.23570226,0.333333333,0.48507125,0.777777778,0.427792632,0.0,0.0,0.055555556,0.23570226,0.055555556,0.23570226,0.055555556,0.23570226
30_10_04.bmp,2.5,0.666666667,0.48507125,0.166666667,0.383482494,0.0,0.0,0.055555556,0.23570226,0.277777778,0.460888599,0.055555556,0.23570226,0.0,0.0
0810.jpg,3.333333333333333,0.0,0.0,0.5,0.514495755,0.055555556,0.23570226,0.0,0.0,0.333333333,0.48507125,0.0,0.0,0.055555556,0.23570226
13_13_05.bmp,2.555555555555556,0.055555556,0.23570226,0.166666667,0.383482494,0.888888889,0.323380833,0.0,0.0,0.055555556,0.23570226,0.0,0.0,0.055555556,0.23570226
23_01_03.bmp,2.9444444444444446,0.055555556,0.23570226,0.666666667,0.48507125,0.055555556,0.23570226,0.0,0.0,0.277777778,0.460888599,0.055555556,0.23570226,0.0,0.0
01310.jpg,3.111111111111111,0.388888889,0.501631326,0.611111111,0.501631326,0.0,0.0,0.277777778,0.460888599,0.055555556,0.23570226,0.444444444,0.511309993,0.0,0.0
12_19_02.bmp,3.1666666666666665,0.055555556,0.23570226,0.333333333,0.48507125,0.222222222,0.427792632,0.0,0.0,0.055555556,0.23570226,0.055555556,0.23570226,0.055555556,0.23570226
01377.jpg,3.333333333333333,0.055555556,0.23570226,0.666666667,0.48507125,0.111111111,0.323380833,0.0,0.0,0.055555556,0.23570226,0.0,0.0,0.055555556,0.23570226
03_18_02.bmp,3.1666666666666665,0.277777778,0.460888599,0.333333333,0.48507125,0.111111111,0.323380833,0.0,0.0,0.166666667,0.383482494,0.055555556,0.23570226,0.055555556,0.23570226
22_04_04.bmp,2.2777777777777777,0.444444444,0.511309993,0.444444444,0.511309993,0.166666667,0.383482494,0.0,0.0,0.111111111,0.323380833,0.222222222,0.427792632,0.0,0.0
06_13_04.bmp,3.4444444444444446,0.166666667,0.383482494,0.055555556,0.23570226,0.666666667,0.48507125,0.0,0.0,0.0,0.0,0.0,0.0,0.055555556,0.23570226
01465.jpg,3.611111111111111,0.0,0.0,0.611111111,0.501631326,0.055555556,0.23570226,0.055555556,0.23570226,0.0,0.0,0.055555556,0.23570226,0.333333333,0.48507125
23_15_01.bmp,2.388888888888889,0.055555556,0.23570226,0.111111111,0.323380833,0.888888889,0.323380833,0.055555556,0.23570226,0.055555556,0.23570226,0.0,0.0,0.0,0.0
1051.jpg,3.2777777777777777,0.0,0.0,0.555555556,0.511309993,0.055555556,0.23570226,0.5,0.514495755,0.111111111,0.323380833,0.0,0.0,0.111111111,0.323380833
0079.jpg,2.2222222222222223,0.055555556,0.23570226,0.555555556,0.511309993,0.777777778,0.427792632,0.0,0.0,0.055555556,0.23570226,0.055555556,0.23570226,0.166666667,0.383482494
34_02_04.bmp,1.6666666666666667,0.055555556,0.23570226,0.888888889,0.323380833,0.111111111,0.323380833,0.0,0.0,0.166666667,0.383482494,0.0,0.0,0.0,0.0
35_08_05.bmp,1.6111111111111112,0.111111111,0.323380833,0.944444444,0.23570226,0.055555556,0.23570226,0.055555556,0.23570226,0.0,0.0,0.055555556,0.23570226,0.111111111,0.323380833
21_04_02.bmp,3.2222222222222223,0.111111111,0.323380833,0.388888889,0.501631326,0.055555556,0.23570226,0.055555556,0.23570226,0.055555556,0.23570226,0.0,0.0,0.0,0.0
0816.jpg,3.6666666666666665,0.055555556,0.23570226,0.5,0.514495755,0.0,0.0,0.0,0.0,0.222222222,0.427792632,0.0,0.0,0.055555556,0.23570226
0039.jpg,2.7222222222222223,0.111111111,0.323380833,0.5,0.514495755,0.777777778,0.427792632,0.0,0.0,0.111111111,0.323380833,0.0,0.0,0.0,0.0
11_18_02.bmp,2.555555555555556,0.111111111,0.323380833,0.722222222,0.460888599,0.0,0.0,0.111111111,0.323380833,0.222222222,0.427792632,0.055555556,0.23570226,0.0,0.0
14_12_01.bmp,3.2222222222222223,0.444444444,0.511309993,0.388888889,0.501631326,0.111111111,0.323380833,0.055555556,0.23570226,0.0,0.0,0.055555556,0.23570226,0.055555556,0.23570226
19_01_03.bmp,2.7777777777777777,0.0,0.0,0.722222222,0.460888599,0.055555556,0.23570226,0.0,0.0,0.055555556,0.23570226,0.111111111,0.323380833,0.055555556,0.23570226
03_12_01.bmp,3.7222222222222223,0.222222222,0.427792632,0.222222222,0.427792632,0.0,0.0,0.055555556,0.23570226,0.111111111,0.323380833,0.055555556,0.23570226,0.055555556,0.23570226
35_15_05.bmp,2.611111111111111,0.111111111,0.323380833,0.666666667,0.48507125,0.0,0.0,0.222222222,0.427792632,0.055555556,0.23570226,0.0,0.0,0.055555556,0.23570226
0234.jpg,1.8333333333333333,0.166666667,0.383482494,0.388888889,0.501631326,0.0,0.0,0.944444444,0.23570226,0.0,0.0,0.055555556,0.23570226,0.0,0.0
17_11_01.bmp,3.4444444444444446,0.555555556,0.511309993,0.055555556,0.23570226,0.0,0.0,0.0,0.0,0.166666667,0.383482494,0.111111111,0.323380833,0.055555556,0.23570226
08_02_01.bmp,4.222222222222222,0.111111111,0.323380833,0.111111111,0.323380833,0.0,0.0,0.055555556,0.23570226,0.166666667,0.383482494,0.055555556,0.23570226,0.0,0.0
36_09_02.bmp,2.888888888888889,0.611111111,0.501631326,0.388888889,0.501631326,0.055555556,0.23570226,0.055555556,0.23570226,0.055555556,0.23570226,0.0,0.0,0.055555556,0.23570226
09_20_05.bmp,1.7222222222222223,0.722222222,0.460888599,0.444444444,0.511309993,0.166666667,0.383482494,0.111111111,0.323380833,0.222222222,0.427792632,0.0,0.0,0.0,0.0
12_18_04.bmp,2.388888888888889,0.166666667,0.383482494,0.722222222,0.460888599,0.111111111,0.323380833,0.0,0.0,0.055555556,0.23570226,0.055555556,0.23570226,0.055555556,0.23570226
22_15_05.bmp,2.611111111111111,0.055555556,0.23570226,0.444444444,0.511309993,0.0,0.0,0.611111111,0.501631326,0.111111111,0.323380833,0.222222222,0.427792632,0.0,0.0
0409.jpg,2.2777777777777777,0.055555556,0.23570226,0.888888889,0.323380833,0.0,0.0,0.055555556,0.23570226,0.0,0.0,0.055555556,0.23570226,0.055555556,0.23570226
0370.jpg,2.2777777777777777,0.111111111,0.323380833,0.888888889,0.323380833,0.0,0.0,0.111111111,0.323380833,0.055555556,0.23570226,0.0,0.0,0.0,0.0
37_22_03.bmp,2.4444444444444446,0.222222222,0.427792632,0.833333333,0.383482494,0.0,0.0,0.055555556,0.23570226,0.055555556,0.23570226,0.111111111,0.323380833,0.0,0.0
12_07_01.bmp,2.888888888888889,0.111111111,0.323380833,0.611111111,0.501631326,0.055555556,0.23570226,0.0,0.0,0.111111111,0.323380833,0.055555556,0.23570226,0.111111111,0.323380833
28_25_02.bmp,2.833333333333333,0.055555556,0.23570226,0.166666667,0.383482494,0.111111111,0.323380833,0.0,0.0,0.166666667,0.383482494,0.055555556,0.23570226,0.888888889,0.323380833
16_14_01.bmp,3.4444444444444446,0.055555556,0.23570226,0.166666667,0.383482494,0.0,0.0,0.222222222,0.427792632,0.277777778,0.460888599,0.333333333,0.48507125,0.0,0.0
0835.jpg,3.388888888888889,0.111111111,0.323380833,0.5,0.514495755,0.0,0.0,0.0,0.0,0.277777778,0.460888599,0.111111111,0.323380833,0.0,0.0
11_05_02.bmp,2.888888888888889,0.166666667,0.383482494,0.5,0.514495755,0.0,0.0,0.111111111,0.323380833,0.388888889,0.501631326,0.055555556,0.23570226,0.055555556,0.23570226
12_06_01.bmp,3.5,0.388888889,0.501631326,0.222222222,0.427792632,0.166666667,0.383482494,0.0,0.0,0.111111111,0.323380833,0.111111111,0.323380833,0.0,0.0
02_06_05.bmp,1.2777777777777777,0.5,0.514495755,0.444444444,0.511309993,0.277777778,0.460888599,0.111111111,0.323380833,0.5,0.514495755,0.222222222,0.427792632,0.0,0.0
32_24_03.bmp,2.2777777777777777,0.0,0.0,0.777777778,0.427792632,0.055555556,0.23570226,0.111111111,0.323380833,0.388888889,0.501631326,0.111111111,0.323380833,0.0,0.0
0235.jpg,1.9444444444444444,0.111111111,0.323380833,0.333333333,0.48507125,0.0,0.0,0.833333333,0.383482494,0.055555556,0.23570226,0.0,0.0,0.055555556,0.23570226
05_22_03.bmp,1.8333333333333333,0.222222222,0.427792632,0.777777778,0.427792632,0.166666667,0.383482494,0.055555556,0.23570226,0.0,0.0,0.055555556,0.23570226,0.0,0.0
07_02_01.bmp,3.055555555555556,0.055555556,0.23570226,0.666666667,0.48507125,0.166666667,0.383482494,0.0,0.0,0.111111111,0.323380833,0.055555556,0.23570226,0.055555556,0.23570226
11_20_04.bmp,1.5555555555555556,0.388888889,0.501631326,0.166666667,0.383482494,0.277777778,0.460888599,0.444444444,0.511309993,0.166666667,0.383482494,0.111111111,0.323380833,0.055555556,0.23570226
21_07_05.bmp,1.3888888888888888,0.166666667,0.383482494,0.833333333,0.383482494,0.0,0.0,0.0,0.0,0.055555556,0.23570226,0.055555556,0.23570226,0.0,0.0
32_13_04.bmp,2.0,0.0,0.0,0.333333333,0.48507125,0.833333333,0.383482494,0.0,0.0,0.388888889,0.501631326,0.055555556,0.23570226,0.111111111,0.323380833
12_11_03.bmp,2.833333333333333,0.666666667,0.48507125,0.166666667,0.383482494,0.111111111,0.323380833,0.0,0.0,0.111111111,0.323380833,0.0,0.0,0.0,0.0
19_15_01.bmp,1.6111111111111112,0.055555556,0.23570226,0.111111111,0.323380833,0.888888889,0.323380833,0.0,0.0,0.055555556,0.23570226,0.166666667,0.383482494,0.055555556,0.23570226
31_17_02.bmp,2.4444444444444446,0.055555556,0.23570226,0.5,0.514495755,0.055555556,0.23570226,0.0,0.0,0.333333333,0.48507125,0.166666667,0.383482494,0.222222222,0.427792632
01416.jpg,3.388888888888889,0.055555556,0.23570226,0.666666667,0.48507125,0.055555556,0.23570226,0.0,0.0,0.055555556,0.23570226,0.0,0.0,0.055555556,0.23570226
1114.jpg,1.4444444444444444,0.0,0.0,0.666666667,0.48507125,0.0,0.0,0.777777778,0.427792632,0.111111111,0.323380833,0.055555556,0.23570226,0.0,0.0
18_23_02.bmp,2.888888888888889,0.0,0.0,0.222222222,0.427792632,0.0,0.0,0.722222222,0.460888599,0.055555556,0.23570226,0.0,0.0,0.166666667,0.383482494
28_14_04.bmp,2.2777777777777777,0.166666667,0.383482494,0.444444444,0.511309993,0.055555556,0.23570226,0.555555556,0.511309993,0.222222222,0.427792632,0.055555556,0.23570226,0.0,0.0
0308.jpg,2.0,0.166666667,0.383482494,0.833333333,0.383482494,0.0,0.0,0.222222222,0.427792632,0.166666667,0.383482494,0.0,0.0,0.055555556,0.23570226
04_05_04.bmp,1.7222222222222223,0.444444444,0.511309993,0.666666667,0.48507125,0.166666667,0.383482494,0.0,0.0,0.333333333,0.48507125,0.0,0.0,0.055555556,0.23570226
19_08_02.bmp,3.0,0.166666667,0.383482494,0.444444444,0.511309993,0.055555556,0.23570226,0.055555556,0.23570226,0.111111111,0.323380833,0.111111111,0.323380833,0.055555556,0.23570226
0939.jpg,2.888888888888889,0.055555556,0.23570226,0.333333333,0.48507125,0.055555556,0.23570226,0.666666667,0.48507125,0.166666667,0.383482494,0.055555556,0.23570226,0.055555556,0.23570226
24_08_04.bmp,2.1666666666666665,0.222222222,0.427792632,0.777777778,0.427792632,0.0,0.0,0.0,0.0,0.111111111,0.323380833,0.111111111,0.323380833,0.0,0.0
13_07_02.bmp,3.0,0.166666667,0.383482494,0.722222222,0.460888599,0.111111111,0.323380833,0.055555556,0.23570226,0.166666667,0.383482494,0.055555556,0.23570226,0.111111111,0.323380833
16_18_04.bmp,2.2777777777777777,0.055555556,0.23570226,0.666666667,0.48507125,0.0,0.0,0.0,0.0,0.333333333,0.48507125,0.333333333,0.48507125,0.0,0.0
18_07_02.bmp,2.611111111111111,0.111111111,0.323380833,0.833333333,0.383482494,0.111111111,0.323380833,0.0,0.0,0.055555556,0.23570226,0.055555556,0.23570226,0.055555556,0.23570226
31_19_05.bmp,2.333333333333333,0.055555556,0.23570226,0.222222222,0.427792632,0.722222222,0.460888599,0.111111111,0.323380833,0.111111111,0.323380833,0.0,0.0,0.0,0.0
24_25_03.bmp,2.5,0.0,0.0,0.055555556,0.23570226,0.0,0.0,0.055555556,0.23570226,0.055555556,0.23570226,0.0,0.0,0.888888889,0.323380833
04_07_05.bmp,1.3333333333333333,0.333333333,0.48507125,0.833333333,0.383482494,0.111111111,0.323380833,0.0,0.0,0.111111111,0.323380833,0.055555556,0.23570226,0.111111111,0.323380833
0241.jpg,1.8888888888888888,0.166666667,0.383482494,0.388888889,0.501631326,0.0,0.0,0.888888889,0.323380833,0.111111111,0.323380833,0.0,0.0,0.0,0.0
0766.jpg,3.2777777777777777,0.055555556,0.23570226,0.444444444,0.511309993,0.0,0.0,0.055555556,0.23570226,0.277777778,0.460888599,0.0,0.0,0.055555556,0.23570226
0920.jpg,3.9444444444444446,0.111111111,0.323380833,0.277777778,0.460888599,0.055555556,0.23570226,0.055555556,0.23570226,0.166666667,0.383482494,0.0,0.0,0.0,0.0
18_22_04.bmp,1.5,0.222222222,0.427792632,0.777777778,0.427792632,0.055555556,0.23570226,0.055555556,0.23570226,0.0,0.0,0.055555556,0.23570226,0.055555556,0.23570226
01467.jpg,3.388888888888889,0.055555556,0.23570226,0.666666667,0.48507125,0.222222222,0.427792632,0.0,0.0,0.0,0.0,0.0,0.0,0.055555556,0.23570226
01191.jpg,3.6666666666666665,0.222222222,0.427792632,0.333333333,0.48507125,0.055555556,0.23570226,0.0,0.0,0.388888889,0.501631326,0.0,0.0,0.0,0.0
23_17_03.bmp,2.833333333333333,0.111111111,0.323380833,0.388888889,0.501631326,0.0,0.0,0.0,0.0,0.333333333,0.48507125,0.111111111,0.323380833,0.111111111,0.323380833
30_22_02.bmp,2.888888888888889,0.111111111,0.323380833,0.666666667,0.48507125,0.055555556,0.23570226,0.055555556,0.23570226,0.277777778,0.460888599,0.0,0.0,0.0,0.0
21_14_03.bmp,3.0,0.055555556,0.23570226,0.277777778,0.460888599,0.166666667,0.383482494,0.555555556,0.511309993,0.0,0.0,0.0,0.0,0.0,0.0
12_19_03.bmp,3.111111111111111,0.111111111,0.323380833,0.277777778,0.460888599,0.333333333,0.48507125,0.0,0.0,0.055555556,0.23570226,0.0,0.0,0.111111111,0.323380833
01_02_03.bmp,1.7777777777777777,0.055555556,0.23570226,0.944444444,0.23570226,0.166666667,0.383482494,0.055555556,0.23570226,0.0,0.0,0.055555556,0.23570226,0.055555556,0.23570226
31_21_01.bmp,2.833333333333333,0.111111111,0.323380833,0.111111111,0.323380833,0.722222222,0.460888599,0.055555556,0.23570226,0.222222222,0.427792632,0.0,0.0,0.0,0.0
34_07_04.bmp,1.3888888888888888,0.166666667,0.383482494,0.888888889,0.323380833,0.055555556,0.23570226,0.055555556,0.23570226,0.0,0.0,0.0,0.0,0.055555556,0.23570226
15_18_03.bmp,2.7222222222222223,0.111111111,0.323380833,0.666666667,0.48507125,0.0,0.0,0.055555556,0.23570226,0.222222222,0.427792632,0.0,0.0,0.0,0.0
02_19_03.bmp,2.555555555555556,0.333333333,0.48507125,0.277777778,0.460888599,0.333333333,0.48507125,0.0,0.0,0.388888889,0.501631326,0.0,0.0,0.111111111,0.323380833
17_03_04.bmp,2.4444444444444446,0.111111111,0.323380833,0.722222222,0.460888599,0.055555556,0.23570226,0.0,0.0,0.166666667,0.383482494,0.0,0.0,0.0,0.0
16_23_04.bmp,2.333333333333333,0.0,0.0,0.222222222,0.427792632,0.055555556,0.23570226,0.722222222,0.460888599,0.222222222,0.427792632,0.277777778,0.460888599,0.055555556,0.23570226
03_15_01.bmp,2.7777777777777777,0.055555556,0.23570226,0.166666667,0.383482494,0.888888889,0.323380833,0.0,0.0,0.111111111,0.323380833,0.0,0.0,0.055555556,0.23570226
11_14_02.bmp,2.6666666666666665,0.0,0.0,0.166666667,0.383482494,0.166666667,0.383482494,0.5,0.514495755,0.333333333,0.48507125,0.055555556,0.23570226,0.0,0.0
05_14_04.bmp,2.6666666666666665,0.222222222,0.427792632,0.388888889,0.501631326,0.166666667,0.383482494,0.611111111,0.501631326,0.0,0.0,0.055555556,0.23570226,0.055555556,0.23570226
04_06_04.bmp,2.111111111111111,0.388888889,0.501631326,0.666666667,0.48507125,0.222222222,0.427792632,0.0,0.0,0.111111111,0.323380833,0.277777778,0.460888599,0.055555556,0.23570226
34_06_04.bmp,2.0,0.333333333,0.48507125,0.388888889,0.501631326,0.333333333,0.48507125,0.055555556,0.23570226,0.0,0.0,0.166666667,0.383482494,0.055555556,0.23570226
27_05_05.bmp,1.6666666666666667,0.277777778,0.460888599,0.666666667,0.48507125,0.055555556,0.23570226,0.055555556,0.23570226,0.444444444,0.511309993,0.055555556,0.23570226,0.055555556,0.23570226
24_13_05.bmp,2.055555555555556,0.111111111,0.323380833,0.222222222,0.427792632,0.833333333,0.383482494,0.055555556,0.23570226,0.0,0.0,0.0,0.0,0.0,0.0
0565.jpg,3.333333333333333,0.111111111,0.323380833,0.388888889,0.501631326,0.0,0.0,0.055555556,0.23570226,0.722222222,0.460888599,0.0,0.0,0.0,0.0
23_07_03.bmp,2.4444444444444446,0.277777778,0.460888599,0.666666667,0.48507125,0.055555556,0.23570226,0.0,0.0,0.166666667,0.383482494,0.055555556,0.23570226,0.0,0.0
26_11_02.bmp,3.333333333333333,0.666666667,0.48507125,0.055555556,0.23570226,0.166666667,0.383482494,0.0,0.0,0.055555556,0.23570226,0.055555556,0.23570226,0.0,0.0
04_18_04.bmp,2.055555555555556,0.277777778,0.460888599,0.777777778,0.427792632,0.111111111,0.323380833,0.0,0.0,0.222222222,0.427792632,0.055555556,0.23570226,0.0,0.0
35_19_01.bmp,2.6666666666666665,0.222222222,0.427792632,0.666666667,0.48507125,0.222222222,0.427792632,0.0,0.0,0.0,0.0,0.055555556,0.23570226,0.055555556,0.23570226
02_12_03.bmp,2.7222222222222223,0.777777778,0.427792632,0.388888889,0.501631326,0.111111111,0.323380833,0.0,0.0,0.5,0.514495755,0.055555556,0.23570226,0.0,0.0
33_07_02.bmp,2.888888888888889,0.0,0.0,0.722222222,0.460888599,0.055555556,0.23570226,0.0,0.0,0.5,0.514495755,0.055555556,0.23570226,0.0,0.0
01_25_01.bmp,2.7222222222222223,0.0,0.0,0.611111111,0.501631326,0.111111111,0.323380833,0.0,0.0,0.0,0.0,0.111111111,0.323380833,0.444444444,0.511309993
17_10_04.bmp,2.5,0.777777778,0.427792632,0.222222222,0.427792632,0.055555556,0.23570226,0.055555556,0.23570226,0.222222222,0.427792632,0.111111111,0.323380833,0.0,0.0
0118.jpg,2.111111111111111,0.0,0.0,0.444444444,0.511309993,0.944444444,0.23570226,0.055555556,0.23570226,0.055555556,0.23570226,0.166666667,0.383482494,0.055555556,0.23570226
23_02_01.bmp,3.4444444444444446,0.111111111,0.323380833,0.5,0.514495755,0.0,0.0,0.055555556,0.23570226,0.277777778,0.460888599,0.0,0.0,0.0,0.0
34_11_02.bmp,2.833333333333333,0.722222222,0.460888599,0.444444444,0.511309993,0.166666667,0.383482494,0.0,0.0,0.0,0.0,0.055555556,0.23570226,0.055555556,0.23570226
22_04_01.bmp,3.555555555555556,0.111111111,0.323380833,0.388888889,0.501631326,0.055555556,0.23570226,0.0,0.0,0.111111111,0.323380833,0.166666667,0.383482494,0.055555556,0.23570226
14_22_02.bmp,2.6666666666666665,0.166666667,0.383482494,0.611111111,0.501631326,0.277777778,0.460888599,0.055555556,0.23570226,0.0,0.0,0.055555556,0.23570226,0.055555556,0.23570226
09_13_05.bmp,2.5,0.055555556,0.23570226,0.444444444,0.511309993,0.833333333,0.383482494,0.0,0.0,0.166666667,0.383482494,0.0,0.0,0.0,0.0
30_09_02.bmp,2.9444444444444446,0.777777778,0.427792632,0.166666667,0.383482494,0.0,0.0,0.055555556,0.23570226,0.222222222,0.427792632,0.0,0.0,0.0,0.0
01260.jpg,2.9444444444444446,0.166666667,0.383482494,0.444444444,0.511309993,0.0,0.0,0.722222222,0.460888599,0.388888889,0.501631326,0.0,0.0,0.055555556,0.23570226
04_05_03.bmp,2.055555555555556,0.388888889,0.501631326,0.722222222,0.460888599,0.166666667,0.383482494,0.055555556,0.23570226,0.277777778,0.460888599,0.0,0.0,0.055555556,0.23570226
09_12_04.bmp,2.555555555555556,0.666666667,0.48507125,0.277777778,0.460888599,0.111111111,0.323380833,0.055555556,0.23570226,0.166666667,0.383482494,0.055555556,0.23570226,0.0,0.0
27_18_03.bmp,2.7777777777777777,0.055555556,0.23570226,0.666666667,0.48507125,0.0,0.0,0.055555556,0.23570226,0.5,0.514495755,0.055555556,0.23570226,0.0,0.0
13_22_05.bmp,1.7222222222222223,0.222222222,0.427792632,0.722222222,0.460888599,0.055555556,0.23570226,0.055555556,0.23570226,0.055555556,0.23570226,0.0,0.0,0.055555556,0.23570226
20_01_04.bmp,1.9444444444444444,0.0,0.0,0.944444444,0.23570226,0.055555556,0.23570226,0.0,0.0,0.055555556,0.23570226,0.111111111,0.323380833,0.0,0.0
16_01_03.bmp,2.7222222222222223,0.0,0.0,0.722222222,0.460888599,0.0,0.0,0.055555556,0.23570226,0.388888889,0.501631326,0.555555556,0.511309993,0.0,0.0
16_21_05.bmp,1.7777777777777777,0.222222222,0.427792632,0.333333333,0.48507125,0.111111111,0.323380833,0.555555556,0.511309993,0.333333333,0.48507125,0.277777778,0.460888599,0.0,0.0
08_17_03.bmp,2.9444444444444446,0.166666667,0.383482494,0.388888889,0.501631326,0.0,0.0,0.0,0.0,0.166666667,0.383482494,0.111111111,0.323380833,0.333333333,0.48507125
11_03_02.bmp,2.888888888888889,0.055555556,0.23570226,0.722222222,0.460888599,0.055555556,0.23570226,0.055555556,0.23570226,0.222222222,0.427792632,0.055555556,0.23570226,0.055555556,0.23570226
22_14_04.bmp,1.7777777777777777,0.0,0.0,0.277777778,0.460888599,0.0,0.0,0.777777778,0.427792632,0.166666667,0.383482494,0.111111111,0.323380833,0.0,0.0
11_16_03.bmp,2.5,0.277777778,0.460888599,0.555555556,0.511309993,0.166666667,0.383482494,0.055555556,0.23570226,0.222222222,0.427792632,0.111111111,0.323380833,0.055555556,0.23570226
02_24_05.bmp,1.3333333333333333,0.055555556,0.23570226,0.888888889,0.323380833,0.055555556,0.23570226,0.055555556,0.23570226,0.277777778,0.460888599,0.0,0.0,0.055555556,0.23570226
14_03_01.bmp,3.6666666666666665,0.111111111,0.323380833,0.333333333,0.48507125,0.111111111,0.323380833,0.055555556,0.23570226,0.0,0.0,0.055555556,0.23570226,0.055555556,0.23570226
29_15_03.bmp,3.2222222222222223,0.111111111,0.323380833,0.444444444,0.511309993,0.111111111,0.323380833,0.111111111,0.323380833,0.055555556,0.23570226,0.111111111,0.323380833,0.055555556,0.23570226
0723.jpg,3.7222222222222223,0.111111111,0.323380833,0.222222222,0.427792632,0.0,0.0,0.0,0.0,0.166666667,0.383482494,0.055555556,0.23570226,0.111111111,0.323380833
15_13_01.bmp,3.555555555555556,0.111111111,0.323380833,0.222222222,0.427792632,0.222222222,0.427792632,0.055555556,0.23570226,0.222222222,0.427792632,0.0,0.0,0.055555556,0.23570226
32_17_03.bmp,2.4444444444444446,0.055555556,0.23570226,0.611111111,0.501631326,0.055555556,0.23570226,0.055555556,0.23570226,0.5,0.514495755,0.166666667,0.383482494,0.166666667,0.383482494
25_05_02.bmp,2.5,0.5,0.514495755,0.5,0.514495755,0.166666667,0.383482494,0.0,0.0,0.111111111,0.323380833,0.055555556,0.23570226,0.055555556,0.23570226
0094.jpg,2.555555555555556,0.0,0.0,0.555555556,0.511309993,0.944444444,0.23570226,0.0,0.0,0.0,0.0,0.0,0.0,0.111111111,0.323380833
36_22_02.bmp,2.555555555555556,0.111111111,0.323380833,0.722222222,0.460888599,0.277777778,0.460888599,0.055555556,0.23570226,0.0,0.0,0.0,0.0,0.0,0.0
0248.jpg,1.3333333333333333,0.111111111,0.323380833,0.277777778,0.460888599,0.0,0.0,0.944444444,0.23570226,0.055555556,0.23570226,0.0,0.0,0.0,0.0
02_23_02.bmp,2.888888888888889,0.166666667,0.383482494,0.166666667,0.383482494,0.0,0.0,0.666666667,0.48507125,0.277777778,0.460888599,0.055555556,0.23570226,0.0,0.0
04_18_02.bmp,2.5,0.166666667,0.383482494,0.777777778,0.427792632,0.055555556,0.23570226,0.055555556,0.23570226,0.166666667,0.383482494,0.055555556,0.23570226,0.055555556,0.23570226
1071.jpg,3.333333333333333,0.111111111,0.323380833,0.444444444,0.511309993,0.0,0.0,0.388888889,0.501631326,0.111111111,0.323380833,0.055555556,0.23570226,0.111111111,0.323380833
01314.jpg,3.333333333333333,0.444444444,0.511309993,0.5,0.514495755,0.0,0.0,0.0,0.0,0.388888889,0.501631326,0.055555556,0.23570226,0.0,0.0
16_24_05.bmp,1.5555555555555556,0.111111111,0.323380833,0.777777778,0.427792632,0.0,0.0,0.055555556,0.23570226,0.277777778,0.460888599,0.277777778,0.460888599,0.111111111,0.323380833
04_22_02.bmp,2.1666666666666665,0.222222222,0.427792632,0.833333333,0.383482494,0.222222222,0.427792632,0.0,0.0,0.166666667,0.383482494,0.055555556,0.23570226,0.0,0.0
19_09_02.bmp,2.888888888888889,0.722222222,0.460888599,0.222222222,0.427792632,0.111111111,0.323380833,0.055555556,0.23570226,0.111111111,0.323380833,0.055555556,0.23570226,0.055555556,0.23570226
15_11_03.bmp,2.833333333333333,0.722222222,0.460888599,0.111111111,0.323380833,0.055555556,0.23570226,0.0,0.0,0.277777778,0.460888599,0.0,0.0,0.055555556,0.23570226
14_08_01.bmp,3.7222222222222223,0.055555556,0.23570226,0.555555556,0.511309993,0.166666667,0.383482494,0.0,0.0,0.0,0.0,0.111111111,0.323380833,0.055555556,0.23570226
23_10_04.bmp,2.388888888888889,0.777777778,0.427792632,0.222222222,0.427792632,0.055555556,0.23570226,0.0,0.0,0.222222222,0.427792632,0.111111111,0.323380833,0.0,0.0
30_23_01.bmp,3.111111111111111,0.0,0.0,0.166666667,0.383482494,0.055555556,0.23570226,0.666666667,0.48507125,0.166666667,0.383482494,0.0,0.0,0.055555556,0.23570226
0546.jpg,2.833333333333333,0.0,0.0,0.555555556,0.511309993,0.0,0.0,0.055555556,0.23570226,0.777777778,0.427792632,0.0,0.0,0.111111111,0.323380833
14_07_05.bmp,1.2222222222222223,0.277777778,0.460888599,0.833333333,0.383482494,0.111111111,0.323380833,0.0,0.0,0.0,0.0,0.111111111,0.323380833,0.0,0.0
0180.jpg,2.833333333333333,0.055555556,0.23570226,0.388888889,0.501631326,0.777777778,0.427792632,0.0,0.0,0.0,0.0,0.0,0.0,0.0,0.0
21_08_04.bmp,2.111111111111111,0.277777778,0.460888599,0.666666667,0.48507125,0.055555556,0.23570226,0.111111111,0.323380833,0.055555556,0.23570226,0.055555556,0.23570226,0.055555556,0.23570226
01490.jpg,3.2777777777777777,0.055555556,0.23570226,0.666666667,0.48507125,0.166666667,0.383482494,0.055555556,0.23570226,0.0,0.0,0.0,0.0,0.111111111,0.323380833
02_20_02.bmp,2.555555555555556,0.5,0.514495755,0.333333333,0.48507125,0.333333333,0.48507125,0.0,0.0,0.388888889,0.501631326,0.055555556,0.23570226,0.0,0.0
05_02_01.bmp,2.9444444444444446,0.111111111,0.323380833,0.611111111,0.501631326,0.111111111,0.323380833,0.0,0.0,0.0,0.0,0.055555556,0.23570226,0.055555556,0.23570226
26_14_02.bmp,4.111111111111111,0.111111111,0.323380833,0.055555556,0.23570226,0.055555556,0.23570226,0.111111111,0.323380833,0.055555556,0.23570226,0.055555556,0.23570226,0.055555556,0.23570226
12_12_02.bmp,3.0,0.611111111,0.501631326,0.166666667,0.383482494,0.055555556,0.23570226,0.055555556,0.23570226,0.111111111,0.323380833,0.111111111,0.323380833,0.055555556,0.23570226
35_23_05.bmp,1.8888888888888888,0.0,0.0,0.277777778,0.460888599,0.0,0.0,0.833333333,0.383482494,0.0,0.0,0.0,0.0,0.166666667,0.383482494
22_06_05.bmp,1.6666666666666667,0.388888889,0.501631326,0.444444444,0.511309993,0.166666667,0.383482494,0.055555556,0.23570226,0.111111111,0.323380833,0.166666667,0.383482494,0.055555556,0.23570226
11_20_05.bmp,1.5555555555555556,0.444444444,0.511309993,0.166666667,0.383482494,0.333333333,0.48507125,0.388888889,0.501631326,0.222222222,0.427792632,0.055555556,0.23570226,0.111111111,0.323380833
0771.jpg,3.5,0.111111111,0.323380833,0.444444444,0.511309993,0.055555556,0.23570226,0.0,0.0,0.166666667,0.383482494,0.055555556,0.23570226,0.055555556,0.23570226
07_17_03.bmp,2.5,0.111111111,0.323380833,0.5,0.514495755,0.111111111,0.323380833,0.0,0.0,0.333333333,0.48507125,0.111111111,0.323380833,0.277777778,0.460888599
23_23_04.bmp,2.4444444444444446,0.055555556,0.23570226,0.333333333,0.48507125,0.0,0.0,0.666666667,0.48507125,0.111111111,0.323380833,0.0,0.0,0.111111111,0.323380833
20_10_02.bmp,2.7222222222222223,0.722222222,0.460888599,0.222222222,0.427792632,0.055555556,0.23570226,0.0,0.0,0.111111111,0.323380833,0.055555556,0.23570226,0.0,0.0
08_18_04.bmp,2.833333333333333,0.444444444,0.511309993,0.555555556,0.511309993,0.055555556,0.23570226,0.0,0.0,0.055555556,0.23570226,0.055555556,0.23570226,0.055555556,0.23570226
03_12_04.bmp,2.6666666666666665,0.722222222,0.460888599,0.166666667,0.383482494,0.111111111,0.323380833,0.055555556,0.23570226,0.166666667,0.383482494,0.055555556,0.23570226,0.055555556,0.23570226
17_02_01.bmp,3.2777777777777777,0.0,0.0,0.555555556,0.511309993,0.055555556,0.23570226,0.0,0.0,0.222222222,0.427792632,0.055555556,0.23570226,0.111111111,0.323380833
26_01_01.bmp,4.555555555555555,0.0,0.0,0.166666667,0.383482494,0.055555556,0.23570226,0.055555556,0.23570226,0.055555556,0.23570226,0.0,0.0,0.055555556,0.23570226
06_19_03.bmp,3.0,0.555555556,0.511309993,0.388888889,0.501631326,0.222222222,0.427792632,0.0,0.0,0.0,0.0,0.111111111,0.323380833,0.111111111,0.323380833
05_20_05.bmp,1.6666666666666667,0.777777778,0.427792632,0.277777778,0.460888599,0.222222222,0.427792632,0.111111111,0.323380833,0.055555556,0.23570226,0.055555556,0.23570226,0.111111111,0.323380833
36_16_02.bmp,2.9444444444444446,0.055555556,0.23570226,0.611111111,0.501631326,0.055555556,0.23570226,0.277777778,0.460888599,0.0,0.0,0.0,0.0,0.055555556,0.23570226
23_13_04.bmp,2.833333333333333,0.0,0.0,0.222222222,0.427792632,0.833333333,0.383482494,0.055555556,0.23570226,0.166666667,0.383482494,0.111111111,0.323380833,0.0,0.0
04_10_03.bmp,2.4444444444444446,0.666666667,0.48507125,0.444444444,0.511309993,0.055555556,0.23570226,0.055555556,0.23570226,0.277777778,0.460888599,0.0,0.0,0.0,0.0
0437.jpg,2.833333333333333,0.0,0.0,0.777777778,0.427792632,0.0,0.0,0.055555556,0.23570226,0.166666667,0.383482494,0.111111111,0.323380833,0.055555556,0.23570226
06_12_04.bmp,2.555555555555556,0.777777778,0.427792632,0.166666667,0.383482494,0.166666667,0.383482494,0.055555556,0.23570226,0.055555556,0.23570226,0.055555556,0.23570226,0.055555556,0.23570226
19_05_03.bmp,2.388888888888889,0.388888889,0.501631326,0.611111111,0.501631326,0.111111111,0.323380833,0.0,0.0,0.111111111,0.323380833,0.111111111,0.323380833,0.055555556,0.23570226
1010.jpg,3.6666666666666665,0.055555556,0.23570226,0.166666667,0.383482494,0.0,0.0,0.611111111,0.501631326,0.277777778,0.460888599,0.0,0.0,0.0,0.0
11_19_02.bmp,2.6666666666666665,0.111111111,0.323380833,0.333333333,0.48507125,0.388888889,0.501631326,0.0,0.0,0.222222222,0.427792632,0.111111111,0.323380833,0.055555556,0.23570226
37_09_05.bmp,2.333333333333333,0.888888889,0.323380833,0.277777778,0.460888599,0.0,0.0,0.0,0.0,0.055555556,0.23570226,0.055555556,0.23570226,0.055555556,0.23570226
14_13_04.bmp,2.555555555555556,0.0,0.0,0.166666667,0.383482494,0.944444444,0.23570226,0.0,0.0,0.055555556,0.23570226,0.055555556,0.23570226,0.055555556,0.23570226
0366.jpg,2.111111111111111,0.111111111,0.323380833,0.944444444,0.23570226,0.0,0.0,0.055555556,0.23570226,0.111111111,0.323380833,0.0,0.0,0.0,0.0
12_20_04.bmp,2.111111111111111,0.388888889,0.501631326,0.277777778,0.460888599,0.277777778,0.460888599,0.277777778,0.460888599,0.055555556,0.23570226,0.055555556,0.23570226,0.0,0.0
01452.jpg,3.5,0.0,0.0,0.777777778,0.427792632,0.055555556,0.23570226,0.055555556,0.23570226,0.055555556,0.23570226,0.0,0.0,0.0,0.0
32_15_05.bmp,1.7222222222222223,0.111111111,0.323380833,0.277777778,0.460888599,0.055555556,0.23570226,0.833333333,0.383482494,0.444444444,0.511309993,0.055555556,0.23570226,0.0,0.0
19_10_01.bmp,3.2222222222222223,0.444444444,0.511309993,0.333333333,0.48507125,0.055555556,0.23570226,0.0,0.0,0.166666667,0.383482494,0.055555556,0.23570226,0.055555556,0.23570226
04_24_03.bmp,1.8333333333333333,0.055555556,0.23570226,0.888888889,0.323380833,0.111111111,0.323380833,0.0,0.0,0.166666667,0.383482494,0.055555556,0.23570226,0.0,0.0
01196.jpg,3.333333333333333,0.222222222,0.427792632,0.333333333,0.48507125,0.055555556,0.23570226,0.055555556,0.23570226,0.777777778,0.427792632,0.0,0.0,0.055555556,0.23570226
14_19_04.bmp,2.1666666666666665,0.333333333,0.48507125,0.444444444,0.511309993,0.444444444,0.511309993,0.0,0.0,0.0,0.0,0.055555556,0.23570226,0.055555556,0.23570226
01193.jpg,3.611111111111111,0.277777778,0.460888599,0.5,0.514495755,0.055555556,0.23570226,0.111111111,0.323380833,0.388888889,0.501631326,0.055555556,0.23570226,0.0,0.0
0760.jpg,3.6666666666666665,0.055555556,0.23570226,0.444444444,0.511309993,0.0,0.0,0.0,0.0,0.166666667,0.383482494,0.055555556,0.23570226,0.055555556,0.23570226
23_02_03.bmp,2.111111111111111,0.055555556,0.23570226,0.944444444,0.23570226,0.0,0.0,0.0,0.0,0.222222222,0.427792632,0.055555556,0.23570226,0.055555556,0.23570226
31_11_01.bmp,3.2777777777777777,0.333333333,0.48507125,0.277777778,0.460888599,0.0,0.0,0.055555556,0.23570226,0.222222222,0.427792632,0.0,0.0,0.055555556,0.23570226
35_04_01.bmp,3.0,0.166666667,0.383482494,0.666666667,0.48507125,0.0,0.0,0.0,0.0,0.055555556,0.23570226,0.0,0.0,0.111111111,0.323380833
14_22_05.bmp,1.7222222222222223,0.222222222,0.427792632,0.777777778,0.427792632,0.055555556,0.23570226,0.055555556,0.23570226,0.0,0.0,0.111111111,0.323380833,0.0,0.0
0849.jpg,3.388888888888889,0.166666667,0.383482494,0.444444444,0.511309993,0.0,0.0,0.0,0.0,0.333333333,0.48507125,0.055555556,0.23570226,0.0,0.0
04_14_01.bmp,3.055555555555556,0.111111111,0.323380833,0.5,0.514495755,0.222222222,0.427792632,0.0,0.0,0.166666667,0.383482494,0.0,0.0,0.055555556,0.23570226
20_05_02.bmp,3.055555555555556,0.166666667,0.383482494,0.555555556,0.511309993,0.055555556,0.23570226,0.055555556,0.23570226,0.166666667,0.383482494,0.111111111,0.323380833,0.0,0.0
21_07_02.bmp,2.555555555555556,0.222222222,0.427792632,0.722222222,0.460888599,0.0,0.0,0.055555556,0.23570226,0.0,0.0,0.055555556,0.23570226,0.0,0.0
0748.jpg,3.388888888888889,0.111111111,0.323380833,0.388888889,0.501631326,0.0,0.0,0.0,0.0,0.055555556,0.23570226,0.166666667,0.383482494,0.055555556,0.23570226
05_05_05.bmp,1.3888888888888888,0.444444444,0.511309993,0.611111111,0.501631326,0.111111111,0.323380833,0.0,0.0,0.0,0.0,0.111111111,0.323380833,0.055555556,0.23570226
16_18_02.bmp,2.833333333333333,0.055555556,0.23570226,0.444444444,0.511309993,0.055555556,0.23570226,0.0,0.0,0.333333333,0.48507125,0.388888889,0.501631326,0.0,0.0
16_25_03.bmp,2.333333333333333,0.055555556,0.23570226,0.111111111,0.323380833,0.0,0.0,0.0,0.0,0.388888889,0.501631326,0.222222222,0.427792632,0.888888889,0.323380833
0029.jpg,2.5,0.0,0.0,0.444444444,0.511309993,0.944444444,0.23570226,0.0,0.0,0.111111111,0.323380833,0.055555556,0.23570226,0.0,0.0
05_15_01.bmp,2.055555555555556,0.055555556,0.23570226,0.277777778,0.460888599,0.944444444,0.23570226,0.0,0.0,0.0,0.0,0.055555556,0.23570226,0.111111111,0.323380833
0141.jpg,3.2222222222222223,0.055555556,0.23570226,0.222222222,0.427792632,0.833333333,0.383482494,0.055555556,0.23570226,0.055555556,0.23570226,0.055555556,0.23570226,0.055555556,0.23570226
34_25_05.bmp,1.8888888888888888,0.055555556,0.23570226,0.111111111,0.323380833,0.111111111,0.323380833,0.0,0.0,0.0,0.0,0.055555556,0.23570226,0.944444444,0.23570226
01163.jpg,2.9444444444444446,0.388888889,0.501631326,0.722222222,0.460888599,0.0,0.0,0.0,0.0,0.333333333,0.48507125,0.0,0.0,0.055555556,0.23570226
23_11_02.bmp,3.111111111111111,0.555555556,0.511309993,0.222222222,0.427792632,0.0,0.0,0.055555556,0.23570226,0.333333333,0.48507125,0.055555556,0.23570226,0.0,0.0
05_24_04.bmp,1.5555555555555556,0.055555556,0.23570226,1.0,0.0,0.111111111,0.323380833,0.0,0.0,0.0,0.0,0.055555556,0.23570226,0.055555556,0.23570226
20_14_01.bmp,3.611111111111111,0.055555556,0.23570226,0.333333333,0.48507125,0.166666667,0.383482494,0.0,0.0,0.166666667,0.383482494,0.111111111,0.323380833,0.0,0.0
03_17_02.bmp,3.055555555555556,0.111111111,0.323380833,0.444444444,0.511309993,0.0,0.0,0.055555556,0.23570226,0.277777778,0.460888599,0.111111111,0.323380833,0.277777778,0.460888599
0422.jpg,3.2777777777777777,0.166666667,0.383482494,0.555555556,0.511309993,0.0,0.0,0.055555556,0.23570226,0.055555556,0.23570226,0.055555556,0.23570226,0.055555556,0.23570226
10_06_03.bmp,2.388888888888889,0.388888889,0.501631326,0.388888889,0.501631326,0.111111111,0.323380833,0.166666667,0.383482494,0.333333333,0.48507125,0.277777778,0.460888599,0.0,0.0
06_15_05.bmp,3.611111111111111,0.222222222,0.427792632,0.222222222,0.427792632,0.055555556,0.23570226,0.166666667,0.383482494,0.0,0.0,0.0,0.0,0.055555556,0.23570226
23_05_04.bmp,2.055555555555556,0.333333333,0.48507125,0.722222222,0.460888599,0.055555556,0.23570226,0.0,0.0,0.277777778,0.460888599,0.0,0.0,0.055555556,0.23570226
09_06_01.bmp,2.888888888888889,0.277777778,0.460888599,0.5,0.514495755,0.111111111,0.323380833,0.055555556,0.23570226,0.111111111,0.323380833,0.166666667,0.383482494,0.055555556,0.23570226
01361.jpg,3.4444444444444446,0.055555556,0.23570226,0.777777778,0.427792632,0.111111111,0.323380833,0.0,0.0,0.0,0.0,0.111111111,0.323380833,0.111111111,0.323380833
31_15_04.bmp,3.1666666666666665,0.055555556,0.23570226,0.277777778,0.460888599,0.0,0.0,0.166666667,0.383482494,0.222222222,0.427792632,0.055555556,0.23570226,0.055555556,0.23570226
1088.jpg,2.2777777777777777,0.055555556,0.23570226,0.055555556,0.23570226,0.0,0.0,0.055555556,0.23570226,0.333333333,0.48507125,0.833333333,0.383482494,0.277777778,0.460888599
16_10_02.bmp,3.055555555555556,0.666666667,0.48507125,0.222222222,0.427792632,0.055555556,0.23570226,0.0,0.0,0.333333333,0.48507125,0.333333333,0.48507125,0.0,0.0
0841.jpg,3.4444444444444446,0.111111111,0.323380833,0.444444444,0.511309993,0.055555556,0.23570226,0.055555556,0.23570226,0.166666667,0.383482494,0.055555556,0.23570226,0.0,0.0
01_15_03.bmp,2.6666666666666665,0.111111111,0.323380833,0.722222222,0.460888599,0.111111111,0.323380833,0.0,0.0,0.0,0.0,0.055555556,0.23570226,0.055555556,0.23570226
30_11_05.bmp,2.388888888888889,0.777777778,0.427792632,0.111111111,0.323380833,0.0,0.0,0.055555556,0.23570226,0.388888889,0.501631326,0.055555556,0.23570226,0.0,0.0
0329.jpg,2.2777777777777777,0.055555556,0.23570226,0.944444444,0.23570226,0.055555556,0.23570226,0.111111111,0.323380833,0.111111111,0.323380833,0.0,0.0,0.111111111,0.323380833
23_17_01.bmp,3.4444444444444446,0.111111111,0.323380833,0.5,0.514495755,0.055555556,0.23570226,0.0,0.0,0.222222222,0.427792632,0.0,0.0,0.0,0.0
29_20_04.bmp,2.0,0.555555556,0.511309993,0.444444444,0.511309993,0.222222222,0.427792632,0.277777778,0.460888599,0.111111111,0.323380833,0.111111111,0.323380833,0.055555556,0.23570226
15_12_03.bmp,2.833333333333333,0.611111111,0.501631326,0.166666667,0.383482494,0.166666667,0.383482494,0.0,0.0,0.222222222,0.427792632,0.055555556,0.23570226,0.0,0.0
14_23_02.bmp,2.9444444444444446,0.111111111,0.323380833,0.222222222,0.427792632,0.055555556,0.23570226,0.666666667,0.48507125,0.0,0.0,0.0,0.0,0.111111111,0.323380833
0982.jpg,3.2777777777777777,0.055555556,0.23570226,0.277777778,0.460888599,0.055555556,0.23570226,0.666666667,0.48507125,0.111111111,0.323380833,0.0,0.0,0.055555556,0.23570226
29_10_05.bmp,2.1666666666666665,0.722222222,0.460888599,0.166666667,0.383482494,0.055555556,0.23570226,0.0,0.0,0.166666667,0.383482494,0.111111111,0.323380833,0.0,0.0
0914.jpg,3.6666666666666665,0.166666667,0.383482494,0.388888889,0.501631326,0.0,0.0,0.0,0.0,0.222222222,0.427792632,0.055555556,0.23570226,0.0,0.0
12_03_01.bmp,3.8333333333333335,0.055555556,0.23570226,0.277777778,0.460888599,0.055555556,0.23570226,0.0,0.0,0.055555556,0.23570226,0.111111111,0.323380833,0.055555556,0.23570226
20_20_03.bmp,2.2222222222222223,0.611111111,0.501631326,0.222222222,0.427792632,0.166666667,0.383482494,0.277777778,0.460888599,0.111111111,0.323380833,0.0,0.0,0.0,0.0
33_25_05.bmp,2.055555555555556,0.055555556,0.23570226,0.111111111,0.323380833,0.0,0.0,0.0,0.0,0.333333333,0.48507125,0.0,0.0,0.888888889,0.323380833
17_06_04.bmp,1.8333333333333333,0.277777778,0.460888599,0.333333333,0.48507125,0.166666667,0.383482494,0.111111111,0.323380833,0.166666667,0.383482494,0.222222222,0.427792632,0.0,0.0
01235.jpg,3.4444444444444446,0.388888889,0.501631326,0.444444444,0.511309993,0.0,0.0,0.111111111,0.323380833,0.222222222,0.427792632,0.055555556,0.23570226,0.0,0.0
01_05_03.bmp,2.055555555555556,0.277777778,0.460888599,0.833333333,0.383482494,0.222222222,0.427792632,0.055555556,0.23570226,0.0,0.0,0.055555556,0.23570226,0.055555556,0.23570226
0858.jpg,3.555555555555556,0.166666667,0.383482494,0.444444444,0.511309993,0.111111111,0.323380833,0.0,0.0,0.166666667,0.383482494,0.0,0.0,0.055555556,0.23570226
10_08_01.bmp,3.055555555555556,0.166666667,0.383482494,0.611111111,0.501631326,0.055555556,0.23570226,0.0,0.0,0.333333333,0.48507125,0.222222222,0.427792632,0.055555556,0.23570226
02_25_03.bmp,2.4444444444444446,0.166666667,0.383482494,0.111111111,0.323380833,0.055555556,0.23570226,0.0,0.0,0.222222222,0.427792632,0.055555556,0.23570226,0.888888889,0.323380833
0727.jpg,3.2777777777777777,0.111111111,0.323380833,0.111111111,0.323380833,0.055555556,0.23570226,0.0,0.0,0.277777778,0.460888599,0.166666667,0.383482494,0.055555556,0.23570226
0423.jpg,2.5,0.055555556,0.23570226,0.777777778,0.427792632,0.111111111,0.323380833,0.055555556,0.23570226,0.111111111,0.323380833,0.0,0.0,0.0,0.0
22_09_03.bmp,2.4444444444444446,0.833333333,0.383482494,0.277777778,0.460888599,0.0,0.0,0.0,0.0,0.166666667,0.383482494,0.166666667,0.383482494,0.0,0.0
17_15_03.bmp,3.111111111111111,0.0,0.0,0.388888889,0.501631326,0.222222222,0.427792632,0.111111111,0.323380833,0.166666667,0.383482494,0.111111111,0.323380833,0.055555556,0.23570226
31_24_04.bmp,1.8888888888888888,0.0,0.0,0.833333333,0.383482494,0.0,0.0,0.0,0.0,0.111111111,0.323380833,0.055555556,0.23570226,0.055555556,0.23570226
07_18_04.bmp,2.111111111111111,0.166666667,0.383482494,0.722222222,0.460888599,0.166666667,0.383482494,0.055555556,0.23570226,0.055555556,0.23570226,0.111111111,0.323380833,0.111111111,0.323380833
20_05_01.bmp,3.1666666666666665,0.166666667,0.383482494,0.444444444,0.511309993,0.111111111,0.323380833,0.0,0.0,0.166666667,0.383482494,0.111111111,0.323380833,0.0,0.0
29_05_05.bmp,1.8888888888888888,0.444444444,0.511309993,0.722222222,0.460888599,0.055555556,0.23570226,0.0,0.0,0.111111111,0.323380833,0.055555556,0.23570226,0.055555556,0.23570226
33_19_04.bmp,2.388888888888889,0.166666667,0.383482494,0.388888889,0.501631326,0.666666667,0.48507125,0.0,0.0,0.444444444,0.511309993,0.0,0.0,0.0,0.0
09_20_02.bmp,2.555555555555556,0.555555556,0.511309993,0.333333333,0.48507125,0.222222222,0.427792632,0.0,0.0,0.222222222,0.427792632,0.111111111,0.323380833,0.0,0.0
27_10_05.bmp,2.1666666666666665,0.666666667,0.48507125,0.333333333,0.48507125,0.0,0.0,0.055555556,0.23570226,0.444444444,0.511309993,0.111111111,0.323380833,0.055555556,0.23570226
10_22_05.bmp,1.6666666666666667,0.111111111,0.323380833,0.944444444,0.23570226,0.0,0.0,0.0,0.0,0.333333333,0.48507125,0.111111111,0.323380833,0.0,0.0
29_24_04.bmp,2.2222222222222223,0.0,0.0,0.777777778,0.427792632,0.0,0.0,0.055555556,0.23570226,0.111111111,0.323380833,0.111111111,0.323380833,0.055555556,0.23570226
18_23_01.bmp,3.0,0.111111111,0.323380833,0.222222222,0.427792632,0.055555556,0.23570226,0.722222222,0.460888599,0.0,0.0,0.0,0.0,0.111111111,0.323380833
16_21_01.bmp,2.333333333333333,0.055555556,0.23570226,0.111111111,0.323380833,0.666666667,0.48507125,0.055555556,0.23570226,0.277777778,0.460888599,0.277777778,0.460888599,0.0,0.0
01_21_04.bmp,2.5,0.111111111,0.323380833,0.777777778,0.427792632,0.111111111,0.323380833,0.055555556,0.23570226,0.0,0.0,0.0,0.0,0.0,0.0
34_09_04.bmp,2.2777777777777777,0.777777778,0.427792632,0.333333333,0.48507125,0.055555556,0.23570226,0.055555556,0.23570226,0.055555556,0.23570226,0.055555556,0.23570226,0.055555556,0.23570226
0313.jpg,2.4444444444444446,0.111111111,0.323380833,0.944444444,0.23570226,0.0,0.0,0.222222222,0.427792632,0.222222222,0.427792632,0.055555556,0.23570226,0.111111111,0.323380833
30_21_01.bmp,2.9444444444444446,0.055555556,0.23570226,0.111111111,0.323380833,0.611111111,0.501631326,0.055555556,0.23570226,0.222222222,0.427792632,0.0,0.0,0.055555556,0.23570226
01375.jpg,3.388888888888889,0.0,0.0,0.722222222,0.460888599,0.111111111,0.323380833,0.055555556,0.23570226,0.0,0.0,0.0,0.0,0.055555556,0.23570226
31_15_05.bmp,2.833333333333333,0.111111111,0.323380833,0.333333333,0.48507125,0.111111111,0.323380833,0.611111111,0.501631326,0.166666667,0.383482494,0.0,0.0,0.111111111,0.323380833
28_06_04.bmp,2.1666666666666665,0.277777778,0.460888599,0.555555556,0.511309993,0.222222222,0.427792632,0.111111111,0.323380833,0.111111111,0.323380833,0.166666667,0.383482494,0.055555556,0.23570226
17_01_05.bmp,1.5,0.055555556,0.23570226,0.888888889,0.323380833,0.055555556,0.23570226,0.055555556,0.23570226,0.166666667,0.383482494,0.0,0.0,0.0,0.0
15_03_01.bmp,3.7222222222222223,0.111111111,0.323380833,0.333333333,0.48507125,0.0,0.0,0.0,0.0,0.388888889,0.501631326,0.0,0.0,0.055555556,0.23570226
0331.jpg,2.1666666666666665,0.055555556,0.23570226,0.555555556,0.511309993,0.0,0.0,0.777777778,0.427792632,0.0,0.0,0.055555556,0.23570226,0.055555556,0.23570226
13_16_01.bmp,3.555555555555556,0.055555556,0.23570226,0.222222222,0.427792632,0.222222222,0.427792632,0.055555556,0.23570226,0.111111111,0.323380833,0.0,0.0,0.111111111,0.323380833
04_02_05.bmp,1.2222222222222223,0.055555556,0.23570226,0.944444444,0.23570226,0.055555556,0.23570226,0.0,0.0,0.166666667,0.383482494,0.0,0.0,0.055555556,0.23570226
23_20_02.bmp,2.388888888888889,0.333333333,0.48507125,0.277777778,0.460888599,0.333333333,0.48507125,0.222222222,0.427792632,0.222222222,0.427792632,0.0,0.0,0.0,0.0
29_02_03.bmp,2.1666666666666665,0.055555556,0.23570226,0.888888889,0.323380833,0.055555556,0.23570226,0.0,0.0,0.111111111,0.323380833,0.055555556,0.23570226,0.055555556,0.23570226
25_04_04.bmp,2.6666666666666665,0.277777778,0.460888599,0.5,0.514495755,0.222222222,0.427792632,0.0,0.0,0.166666667,0.383482494,0.055555556,0.23570226,0.111111111,0.323380833
19_23_03.bmp,2.6666666666666665,0.055555556,0.23570226,0.055555556,0.23570226,0.0,0.0,0.722222222,0.460888599,0.111111111,0.323380833,0.111111111,0.323380833,0.111111111,0.323380833
15_17_03.bmp,2.5,0.111111111,0.323380833,0.444444444,0.511309993,0.0,0.0,0.0,0.0,0.388888889,0.501631326,0.166666667,0.383482494,0.166666667,0.383482494
02_02_02.bmp,2.6666666666666665,0.0,0.0,0.888888889,0.323380833,0.0,0.0,0.0,0.0,0.611111111,0.501631326,0.055555556,0.23570226,0.055555556,0.23570226
05_19_03.bmp,2.7777777777777777,0.388888889,0.501631326,0.388888889,0.501631326,0.277777778,0.460888599,0.0,0.0,0.0,0.0,0.055555556,0.23570226,0.055555556,0.23570226
0583.jpg,3.111111111111111,0.055555556,0.23570226,0.333333333,0.48507125,0.0,0.0,0.166666667,0.383482494,0.555555556,0.511309993,0.055555556,0.23570226,0.055555556,0.23570226
25_22_02.bmp,2.388888888888889,0.222222222,0.427792632,0.833333333,0.383482494,0.055555556,0.23570226,0.0,0.0,0.166666667,0.383482494,0.0,0.0,0.0,0.0
28_08_03.bmp,2.555555555555556,0.222222222,0.427792632,0.722222222,0.460888599,0.111111111,0.323380833,0.0,0.0,0.166666667,0.383482494,0.055555556,0.23570226,0.055555556,0.23570226
12_20_05.bmp,1.7222222222222223,0.444444444,0.511309993,0.111111111,0.323380833,0.166666667,0.383482494,0.333333333,0.48507125,0.055555556,0.23570226,0.055555556,0.23570226,0.055555556,0.23570226
0610.jpg,3.333333333333333,0.055555556,0.23570226,0.555555556,0.511309993,0.0,0.0,0.166666667,0.383482494,0.222222222,0.427792632,0.111111111,0.323380833,0.055555556,0.23570226
23_19_05.bmp,2.5,0.055555556,0.23570226,0.222222222,0.427792632,0.666666667,0.48507125,0.0,0.0,0.055555556,0.23570226,0.0,0.0,0.055555556,0.23570226
18_14_02.bmp,3.055555555555556,0.166666667,0.383482494,0.444444444,0.511309993,0.055555556,0.23570226,0.166666667,0.383482494,0.0,0.0,0.0,0.0,0.055555556,0.23570226
37_03_02.bmp,3.5,0.055555556,0.23570226,0.611111111,0.501631326,0.055555556,0.23570226,0.055555556,0.23570226,0.111111111,0.323380833,0.055555556,0.23570226,0.0,0.0
37_05_03.bmp,2.7777777777777777,0.333333333,0.48507125,0.777777778,0.427792632,0.055555556,0.23570226,0.055555556,0.23570226,0.055555556,0.23570226,0.055555556,0.23570226,0.0,0.0
01_11_03.bmp,2.055555555555556,0.833333333,0.383482494,0.388888889,0.501631326,0.222222222,0.427792632,0.0,0.0,0.055555556,0.23570226,0.055555556,0.23570226,0.055555556,0.23570226
13_22_04.bmp,1.9444444444444444,0.222222222,0.427792632,0.777777778,0.427792632,0.111111111,0.323380833,0.0,0.0,0.055555556,0.23570226,0.055555556,0.23570226,0.0,0.0
1078.jpg,3.611111111111111,0.055555556,0.23570226,0.333333333,0.48507125,0.0,0.0,0.444444444,0.511309993,0.111111111,0.323380833,0.055555556,0.23570226,0.111111111,0.323380833
25_21_02.bmp,2.2222222222222223,0.166666667,0.383482494,0.333333333,0.48507125,0.777777778,0.427792632,0.0,0.0,0.111111111,0.323380833,0.0,0.0,0.0,0.0
07_04_03.bmp,3.0,0.333333333,0.48507125,0.5,0.514495755,0.277777778,0.460888599,0.0,0.0,0.111111111,0.323380833,0.055555556,0.23570226,0.055555556,0.23570226
18_19_04.bmp,2.4444444444444446,0.277777778,0.460888599,0.444444444,0.511309993,0.444444444,0.511309993,0.111111111,0.323380833,0.055555556,0.23570226,0.0,0.0,0.0,0.0
03_07_04.bmp,2.0,0.388888889,0.501631326,0.777777778,0.427792632,0.055555556,0.23570226,0.0,0.0,0.277777778,0.460888599,0.0,0.0,0.111111111,0.323380833
12_06_05.bmp,1.7222222222222223,0.444444444,0.511309993,0.222222222,0.427792632,0.166666667,0.383482494,0.055555556,0.23570226,0.055555556,0.23570226,0.222222222,0.427792632,0.055555556,0.23570226
04_02_04.bmp,1.5555555555555556,0.055555556,0.23570226,1.0,0.0,0.055555556,0.23570226,0.055555556,0.23570226,0.111111111,0.323380833,0.055555556,0.23570226,0.0,0.0
06_22_04.bmp,1.7777777777777777,0.166666667,0.383482494,0.777777778,0.427792632,0.111111111,0.323380833,0.055555556,0.23570226,0.055555556,0.23570226,0.055555556,0.23570226,0.0,0.0
0188.jpg,3.7777777777777777,0.055555556,0.23570226,0.166666667,0.383482494,0.666666667,0.48507125,0.055555556,0.23570226,0.055555556,0.23570226,0.0,0.0,0.055555556,0.23570226
0417.jpg,2.9444444444444446,0.055555556,0.23570226,0.777777778,0.427792632,0.0,0.0,0.111111111,0.323380833,0.0,0.0,0.055555556,0.23570226,0.111111111,0.323380833
31_23_02.bmp,2.9444444444444446,0.055555556,0.23570226,0.111111111,0.323380833,0.055555556,0.23570226,0.722222222,0.460888599,0.166666667,0.383482494,0.0,0.0,0.111111111,0.323380833
0460.jpg,2.6666666666666665,0.055555556,0.23570226,0.388888889,0.501631326,0.055555556,0.23570226,0.0,0.0,0.833333333,0.383482494,0.0,0.0,0.0,0.0
14_14_03.bmp,2.833333333333333,0.111111111,0.323380833,0.222222222,0.427792632,0.111111111,0.323380833,0.444444444,0.511309993,0.055555556,0.23570226,0.111111111,0.323380833,0.055555556,0.23570226
26_19_01.bmp,3.8333333333333335,0.055555556,0.23570226,0.166666667,0.383482494,0.222222222,0.427792632,0.055555556,0.23570226,0.055555556,0.23570226,0.055555556,0.23570226,0.111111111,0.323380833
25_23_01.bmp,2.9444444444444446,0.055555556,0.23570226,0.111111111,0.323380833,0.0,0.0,0.666666667,0.48507125,0.055555556,0.23570226,0.055555556,0.23570226,0.166666667,0.383482494
25_18_01.bmp,2.7222222222222223,0.055555556,0.23570226,0.666666667,0.48507125,0.055555556,0.23570226,0.055555556,0.23570226,0.111111111,0.323380833,0.111111111,0.323380833,0.055555556,0.23570226
0652.jpg,3.388888888888889,0.055555556,0.23570226,0.5,0.514495755,0.055555556,0.23570226,0.055555556,0.23570226,0.111111111,0.323380833,0.055555556,0.23570226,0.111111111,0.323380833
04_24_01.bmp,2.5,0.166666667,0.383482494,0.833333333,0.383482494,0.111111111,0.323380833,0.0,0.0,0.222222222,0.427792632,0.0,0.0,0.111111111,0.323380833
28_03_04.bmp,2.4444444444444446,0.055555556,0.23570226,0.777777778,0.427792632,0.111111111,0.323380833,0.0,0.0,0.222222222,0.427792632,0.0,0.0,0.055555556,0.23570226
35_03_03.bmp,2.0,0.166666667,0.383482494,0.833333333,0.383482494,0.0,0.0,0.0,0.0,0.0,0.0,0.0,0.0,0.111111111,0.323380833
29_10_03.bmp,3.055555555555556,0.5,0.514495755,0.222222222,0.427792632,0.0,0.0,0.055555556,0.23570226,0.111111111,0.323380833,0.111111111,0.323380833,0.0,0.0
30_21_02.bmp,2.6666666666666665,0.055555556,0.23570226,0.166666667,0.383482494,0.666666667,0.48507125,0.0,0.0,0.166666667,0.383482494,0.111111111,0.323380833,0.0,0.0
27_15_02.bmp,3.1666666666666665,0.055555556,0.23570226,0.277777778,0.460888599,0.444444444,0.511309993,0.111111111,0.323380833,0.388888889,0.501631326,0.055555556,0.23570226,0.0,0.0
17_25_05.bmp,1.8333333333333333,0.055555556,0.23570226,0.0,0.0,0.055555556,0.23570226,0.055555556,0.23570226,0.166666667,0.383482494,0.055555556,0.23570226,0.833333333,0.383482494
17_08_05.bmp,1.7222222222222223,0.388888889,0.501631326,0.666666667,0.48507125,0.055555556,0.23570226,0.0,0.0,0.111111111,0.323380833,0.111111111,0.323380833,0.055555556,0.23570226
34_01_05.bmp,1.5,0.055555556,0.23570226,0.888888889,0.323380833,0.166666667,0.383482494,0.0,0.0,0.055555556,0.23570226,0.0,0.0,0.0,0.0
01214.jpg,3.888888888888889,0.166666667,0.383482494,0.166666667,0.383482494,0.0,0.0,0.222222222,0.427792632,0.111111111,0.323380833,0.0,0.0,0.0,0.0
32_02_03.bmp,2.0,0.055555556,0.23570226,0.944444444,0.23570226,0.166666667,0.383482494,0.0,0.0,0.444444444,0.511309993,0.055555556,0.23570226,0.0,0.0
0182.jpg,3.111111111111111,0.111111111,0.323380833,0.277777778,0.460888599,0.722222222,0.460888599,0.0,0.0,0.055555556,0.23570226,0.055555556,0.23570226,0.055555556,0.23570226
35_24_04.bmp,1.3888888888888888,0.0,0.0,0.888888889,0.323380833,0.111111111,0.323380833,0.0,0.0,0.0,0.0,0.0,0.0,0.0,0.0
01_05_01.bmp,2.7777777777777777,0.111111111,0.323380833,0.611111111,0.501631326,0.111111111,0.323380833,0.055555556,0.23570226,0.055555556,0.23570226,0.0,0.0,0.055555556,0.23570226
03_20_01.bmp,2.611111111111111,0.388888889,0.501631326,0.166666667,0.383482494,0.277777778,0.460888599,0.111111111,0.323380833,0.055555556,0.23570226,0.0,0.0,0.0,0.0
07_23_03.bmp,2.4444444444444446,0.055555556,0.23570226,0.333333333,0.48507125,0.0,0.0,0.777777778,0.427792632,0.055555556,0.23570226,0.055555556,0.23570226,0.111111111,0.323380833
15_17_05.bmp,2.1666666666666665,0.111111111,0.323380833,0.444444444,0.511309993,0.0,0.0,0.0,0.0,0.388888889,0.501631326,0.111111111,0.323380833,0.222222222,0.427792632
28_20_02.bmp,2.7222222222222223,0.444444444,0.511309993,0.611111111,0.501631326,0.166666667,0.383482494,0.0,0.0,0.166666667,0.383482494,0.055555556,0.23570226,0.055555556,0.23570226
12_04_03.bmp,3.055555555555556,0.277777778,0.460888599,0.277777778,0.460888599,0.166666667,0.383482494,0.111111111,0.323380833,0.0,0.0,0.166666667,0.383482494,0.111111111,0.323380833
18_10_05.bmp,1.9444444444444444,0.888888889,0.323380833,0.222222222,0.427792632,0.055555556,0.23570226,0.0,0.0,0.055555556,0.23570226,0.0,0.0,0.0,0.0
28_22_05.bmp,1.7777777777777777,0.166666667,0.383482494,0.777777778,0.427792632,0.111111111,0.323380833,0.055555556,0.23570226,0.222222222,0.427792632,0.0,0.0,0.0,0.0
37_13_04.bmp,3.2777777777777777,0.055555556,0.23570226,0.388888889,0.501631326,0.722222222,0.460888599,0.055555556,0.23570226,0.055555556,0.23570226,0.055555556,0.23570226,0.0,0.0
0003.jpg,2.5,0.055555556,0.23570226,0.277777778,0.460888599,0.777777778,0.427792632,0.0,0.0,0.722222222,0.460888599,0.555555556,0.511309993,0.0,0.0
10_02_05.bmp,1.4444444444444444,0.0,0.0,0.833333333,0.383482494,0.055555556,0.23570226,0.0,0.0,0.277777778,0.460888599,0.222222222,0.427792632,0.0,0.0
11_23_03.bmp,2.5,0.111111111,0.323380833,0.222222222,0.427792632,0.0,0.0,0.777777778,0.427792632,0.277777778,0.460888599,0.055555556,0.23570226,0.055555556,0.23570226
24_17_03.bmp,2.6666666666666665,0.111111111,0.323380833,0.555555556,0.511309993,0.111111111,0.323380833,0.0,0.0,0.055555556,0.23570226,0.111111111,0.323380833,0.166666667,0.383482494
17_11_05.bmp,2.111111111111111,0.777777778,0.427792632,0.222222222,0.427792632,0.055555556,0.23570226,0.055555556,0.23570226,0.222222222,0.427792632,0.166666667,0.383482494,0.0,0.0
29_12_05.bmp,2.4444444444444446,0.666666667,0.48507125,0.388888889,0.501631326,0.111111111,0.323380833,0.0,0.0,0.111111111,0.323380833,0.111111111,0.323380833,0.0,0.0
01468.jpg,3.6666666666666665,0.055555556,0.23570226,0.555555556,0.511309993,0.111111111,0.323380833,0.0,0.0,0.055555556,0.23570226,0.0,0.0,0.111111111,0.323380833
01_20_04.bmp,2.7777777777777777,0.055555556,0.23570226,0.722222222,0.460888599,0.222222222,0.427792632,0.055555556,0.23570226,0.0,0.0,0.0,0.0,0.0,0.0
06_06_01.bmp,3.4444444444444446,0.388888889,0.501631326,0.222222222,0.427792632,0.166666667,0.383482494,0.0,0.0,0.0,0.0,0.166666667,0.383482494,0.055555556,0.23570226
24_19_03.bmp,2.6666666666666665,0.277777778,0.460888599,0.722222222,0.460888599,0.0,0.0,0.0,0.0,0.0,0.0,0.0,0.0,0.055555556,0.23570226
06_20_05.bmp,1.7777777777777777,0.777777778,0.427792632,0.222222222,0.427792632,0.111111111,0.323380833,0.055555556,0.23570226,0.111111111,0.323380833,0.111111111,0.323380833,0.055555556,0.23570226
35_19_02.bmp,2.611111111111111,0.166666667,0.383482494,0.722222222,0.460888599,0.222222222,0.427792632,0.0,0.0,0.055555556,0.23570226,0.0,0.0,0.055555556,0.23570226
13_23_03.bmp,3.055555555555556,0.055555556,0.23570226,0.055555556,0.23570226,0.111111111,0.323380833,0.888888889,0.323380833,0.111111111,0.323380833,0.0,0.0,0.166666667,0.383482494
16_15_05.bmp,2.611111111111111,0.0,0.0,0.166666667,0.383482494,0.0,0.0,0.555555556,0.511309993,0.388888889,0.501631326,0.333333333,0.48507125,0.055555556,0.23570226
25_01_03.bmp,2.4444444444444446,0.055555556,0.23570226,0.888888889,0.323380833,0.055555556,0.23570226,0.055555556,0.23570226,0.166666667,0.383482494,0.055555556,0.23570226,0.055555556,0.23570226
30_12_02.bmp,3.055555555555556,0.5,0.514495755,0.277777778,0.460888599,0.0,0.0,0.0,0.0,0.333333333,0.48507125,0.055555556,0.23570226,0.0,0.0
0577.jpg,3.2222222222222223,0.055555556,0.23570226,0.277777778,0.460888599,0.0,0.0,0.055555556,0.23570226,0.611111111,0.501631326,0.055555556,0.23570226,0.055555556,0.23570226
01397.jpg,3.1666666666666665,0.0,0.0,0.833333333,0.383482494,0.111111111,0.323380833,0.055555556,0.23570226,0.0,0.0,0.055555556,0.23570226,0.0,0.0
0015.jpg,2.9444444444444446,0.111111111,0.323380833,0.444444444,0.511309993,0.944444444,0.23570226,0.0,0.0,0.0,0.0,0.0,0.0,0.055555556,0.23570226
15_05_05.bmp,1.8888888888888888,0.388888889,0.501631326,0.666666667,0.48507125,0.055555556,0.23570226,0.0,0.0,0.222222222,0.427792632,0.0,0.0,0.111111111,0.323380833
20_01_01.bmp,3.333333333333333,0.055555556,0.23570226,0.388888889,0.501631326,0.055555556,0.23570226,0.0,0.0,0.222222222,0.427792632,0.055555556,0.23570226,0.055555556,0.23570226
01_23_02.bmp,3.0,0.111111111,0.323380833,0.444444444,0.511309993,0.111111111,0.323380833,0.888888889,0.323380833,0.0,0.0,0.111111111,0.323380833,0.111111111,0.323380833
14_21_05.bmp,1.9444444444444444,0.166666667,0.383482494,0.222222222,0.427792632,0.166666667,0.383482494,0.611111111,0.501631326,0.055555556,0.23570226,0.055555556,0.23570226,0.0,0.0
11_08_03.bmp,2.388888888888889,0.277777778,0.460888599,0.555555556,0.511309993,0.055555556,0.23570226,0.055555556,0.23570226,0.222222222,0.427792632,0.111111111,0.323380833,0.055555556,0.23570226
20_15_03.bmp,3.111111111111111,0.111111111,0.323380833,0.388888889,0.501631326,0.222222222,0.427792632,0.0,0.0,0.166666667,0.383482494,0.055555556,0.23570226,0.055555556,0.23570226
13_05_03.bmp,2.388888888888889,0.277777778,0.460888599,0.722222222,0.460888599,0.111111111,0.323380833,0.0,0.0,0.166666667,0.383482494,0.055555556,0.23570226,0.111111111,0.323380833
16_07_05.bmp,1.3333333333333333,0.055555556,0.23570226,0.833333333,0.383482494,0.0,0.0,0.055555556,0.23570226,0.166666667,0.383482494,0.166666667,0.383482494,0.0,0.0
22_24_02.bmp,2.555555555555556,0.166666667,0.383482494,0.833333333,0.383482494,0.0,0.0,0.0,0.0,0.055555556,0.23570226,0.166666667,0.383482494,0.0,0.0
0282.jpg,1.8333333333333333,0.111111111,0.323380833,0.388888889,0.501631326,0.055555556,0.23570226,0.888888889,0.323380833,0.055555556,0.23570226,0.0,0.0,0.555555556,0.511309993
01_15_02.bmp,2.333333333333333,0.166666667,0.383482494,0.777777778,0.427792632,0.444444444,0.511309993,0.0,0.0,0.0,0.0,0.0,0.0,0.111111111,0.323380833
16_06_02.bmp,2.2777777777777777,0.277777778,0.460888599,0.111111111,0.323380833,0.222222222,0.427792632,0.111111111,0.323380833,0.277777778,0.460888599,0.555555556,0.511309993,0.111111111,0.323380833
19_07_04.bmp,1.5555555555555556,0.222222222,0.427792632,0.777777778,0.427792632,0.055555556,0.23570226,0.055555556,0.23570226,0.055555556,0.23570226,0.111111111,0.323380833,0.0,0.0
36_13_02.bmp,3.055555555555556,0.055555556,0.23570226,0.5,0.514495755,0.333333333,0.48507125,0.0,0.0,0.0,0.0,0.055555556,0.23570226,0.055555556,0.23570226
02_14_05.bmp,1.2222222222222223,0.055555556,0.23570226,0.277777778,0.460888599,0.055555556,0.23570226,0.944444444,0.23570226,0.444444444,0.511309993,0.055555556,0.23570226,0.0,0.0
17_17_01.bmp,2.7222222222222223,0.166666667,0.383482494,0.5,0.514495755,0.0,0.0,0.0,0.0,0.277777778,0.460888599,0.111111111,0.323380833,0.166666667,0.383482494
14_20_02.bmp,2.555555555555556,0.333333333,0.48507125,0.333333333,0.48507125,0.166666667,0.383482494,0.222222222,0.427792632,0.055555556,0.23570226,0.055555556,0.23570226,0.0,0.0
26_21_01.bmp,3.8333333333333335,0.111111111,0.323380833,0.222222222,0.427792632,0.333333333,0.48507125,0.0,0.0,0.055555556,0.23570226,0.0,0.0,0.0,0.0
35_23_02.bmp,2.6666666666666665,0.055555556,0.23570226,0.222222222,0.427792632,0.0,0.0,0.722222222,0.460888599,0.055555556,0.23570226,0.0,0.0,0.166666667,0.383482494
18_02_01.bmp,3.1666666666666665,0.277777778,0.460888599,0.666666667,0.48507125,0.055555556,0.23570226,0.0,0.0,0.055555556,0.23570226,0.0,0.0,0.055555556,0.23570226
29_20_05.bmp,1.5,0.666666667,0.48507125,0.277777778,0.460888599,0.222222222,0.427792632,0.333333333,0.48507125,0.111111111,0.323380833,0.111111111,0.323380833,0.055555556,0.23570226
26_03_05.bmp,2.111111111111111,0.055555556,0.23570226,0.833333333,0.383482494,0.055555556,0.23570226,0.055555556,0.23570226,0.111111111,0.323380833,0.0,0.0,0.0,0.0
01_11_02.bmp,2.333333333333333,0.777777778,0.427792632,0.5,0.514495755,0.111111111,0.323380833,0.055555556,0.23570226,0.0,0.0,0.055555556,0.23570226,0.111111111,0.323380833
1142.jpg,2.1666666666666665,0.0,0.0,0.277777778,0.460888599,0.0,0.0,0.166666667,0.383482494,0.055555556,0.23570226,0.888888889,0.323380833,0.166666667,0.383482494
21_18_03.bmp,2.055555555555556,0.111111111,0.323380833,0.777777778,0.427792632,0.0,0.0,0.055555556,0.23570226,0.055555556,0.23570226,0.111111111,0.323380833,0.0,0.0
22_16_03.bmp,2.5,0.055555556,0.23570226,0.722222222,0.460888599,0.055555556,0.23570226,0.055555556,0.23570226,0.111111111,0.323380833,0.055555556,0.23570226,0.0,0.0
24_22_01.bmp,3.1666666666666665,0.055555556,0.23570226,0.666666667,0.48507125,0.0,0.0,0.055555556,0.23570226,0.0,0.0,0.055555556,0.23570226,0.0,0.0
15_12_05.bmp,2.111111111111111,0.777777778,0.427792632,0.166666667,0.383482494,0.111111111,0.323380833,0.0,0.0,0.222222222,0.427792632,0.055555556,0.23570226,0.055555556,0.23570226
32_03_01.bmp,3.055555555555556,0.0,0.0,0.611111111,0.501631326,0.277777778,0.460888599,0.0,0.0,0.444444444,0.511309993,0.055555556,0.23570226,0.055555556,0.23570226
27_22_01.bmp,2.888888888888889,0.111111111,0.323380833,0.666666667,0.48507125,0.0,0.0,0.055555556,0.23570226,0.388888889,0.501631326,0.055555556,0.23570226,0.055555556,0.23570226
0664.jpg,3.388888888888889,0.111111111,0.323380833,0.611111111,0.501631326,0.0,0.0,0.111111111,0.323380833,0.055555556,0.23570226,0.0,0.0,0.055555556,0.23570226
30_03_01.bmp,3.7222222222222223,0.166666667,0.383482494,0.166666667,0.383482494,0.0,0.0,0.055555556,0.23570226,0.388888889,0.501631326,0.0,0.0,0.0,0.0
1068.jpg,3.555555555555556,0.166666667,0.383482494,0.388888889,0.501631326,0.055555556,0.23570226,0.166666667,0.383482494,0.111111111,0.323380833,0.222222222,0.427792632,0.055555556,0.23570226
0557.jpg,3.2222222222222223,0.0,0.0,0.333333333,0.48507125,0.055555556,0.23570226,0.055555556,0.23570226,0.777777778,0.427792632,0.0,0.0,0.111111111,0.323380833
26_12_03.bmp,3.2222222222222223,0.555555556,0.511309993,0.166666667,0.383482494,0.055555556,0.23570226,0.0,0.0,0.055555556,0.23570226,0.055555556,0.23570226,0.0,0.0
0509.jpg,2.388888888888889,0.055555556,0.23570226,0.444444444,0.511309993,0.055555556,0.23570226,0.555555556,0.511309993,0.722222222,0.460888599,0.0,0.0,0.055555556,0.23570226
19_08_01.bmp,3.5,0.222222222,0.427792632,0.444444444,0.511309993,0.111111111,0.323380833,0.0,0.0,0.111111111,0.323380833,0.055555556,0.23570226,0.055555556,0.23570226
03_13_05.bmp,2.9444444444444446,0.111111111,0.323380833,0.166666667,0.383482494,0.722222222,0.460888599,0.0,0.0,0.055555556,0.23570226,0.0,0.0,0.055555556,0.23570226
15_16_03.bmp,2.9444444444444446,0.222222222,0.427792632,0.611111111,0.501631326,0.0,0.0,0.055555556,0.23570226,0.222222222,0.427792632,0.0,0.0,0.111111111,0.323380833
27_14_02.bmp,2.888888888888889,0.055555556,0.23570226,0.277777778,0.460888599,0.055555556,0.23570226,0.666666667,0.48507125,0.333333333,0.48507125,0.111111111,0.323380833,0.0,0.0
34_21_04.bmp,2.2222222222222223,0.166666667,0.383482494,0.722222222,0.460888599,0.277777778,0.460888599,0.166666667,0.383482494,0.0,0.0,0.055555556,0.23570226,0.111111111,0.323380833
0502.jpg,2.6666666666666665,0.111111111,0.323380833,0.5,0.514495755,0.055555556,0.23570226,0.444444444,0.511309993,0.722222222,0.460888599,0.0,0.0,0.0,0.0
01373.jpg,3.2222222222222223,0.055555556,0.23570226,0.777777778,0.427792632,0.166666667,0.383482494,0.0,0.0,0.055555556,0.23570226,0.0,0.0,0.055555556,0.23570226
19_08_03.bmp,2.611111111111111,0.388888889,0.501631326,0.666666667,0.48507125,0.055555556,0.23570226,0.0,0.0,0.111111111,0.323380833,0.166666667,0.383482494,0.055555556,0.23570226
01446.jpg,3.111111111111111,0.111111111,0.323380833,0.666666667,0.48507125,0.055555556,0.23570226,0.0,0.0,0.0,0.0,0.111111111,0.323380833,0.333333333,0.48507125
17_20_05.bmp,1.6111111111111112,0.555555556,0.511309993,0.277777778,0.460888599,0.277777778,0.460888599,0.277777778,0.460888599,0.166666667,0.383482494,0.0,0.0,0.0,0.0
32_01_02.bmp,2.9444444444444446,0.055555556,0.23570226,0.555555556,0.511309993,0.277777778,0.460888599,0.0,0.0,0.5,0.514495755,0.055555556,0.23570226,0.0,0.0
01492.jpg,3.7222222222222223,0.111111111,0.323380833,0.666666667,0.48507125,0.055555556,0.23570226,0.0,0.0,0.0,0.0,0.0,0.0,0.055555556,0.23570226
19_01_01.bmp,3.611111111111111,0.055555556,0.23570226,0.444444444,0.511309993,0.111111111,0.323380833,0.0,0.0,0.055555556,0.23570226,0.277777778,0.460888599,0.055555556,0.23570226
06_16_01.bmp,3.7222222222222223,0.111111111,0.323380833,0.222222222,0.427792632,0.277777778,0.460888599,0.055555556,0.23570226,0.0,0.0,0.055555556,0.23570226,0.055555556,0.23570226
31_23_03.bmp,2.5,0.055555556,0.23570226,0.166666667,0.383482494,0.0,0.0,0.722222222,0.460888599,0.222222222,0.427792632,0.0,0.0,0.222222222,0.427792632
01_11_04.bmp,1.8333333333333333,0.888888889,0.323380833,0.5,0.514495755,0.166666667,0.383482494,0.0,0.0,0.055555556,0.23570226,0.055555556,0.23570226,0.055555556,0.23570226
07_09_04.bmp,2.2222222222222223,0.833333333,0.383482494,0.277777778,0.460888599,0.055555556,0.23570226,0.0,0.0,0.111111111,0.323380833,0.0,0.0,0.0,0.0
0059.jpg,4.111111111111111,0.055555556,0.23570226,0.222222222,0.427792632,0.611111111,0.501631326,0.0,0.0,0.055555556,0.23570226,0.055555556,0.23570226,0.0,0.0
33_13_01.bmp,3.388888888888889,0.111111111,0.323380833,0.166666667,0.383482494,0.166666667,0.383482494,0.0,0.0,0.5,0.514495755,0.0,0.0,0.055555556,0.23570226
27_12_03.bmp,2.7777777777777777,0.555555556,0.511309993,0.388888889,0.501631326,0.111111111,0.323380833,0.0,0.0,0.5,0.514495755,0.055555556,0.23570226,0.0,0.0
07_07_05.bmp,1.4444444444444444,0.222222222,0.427792632,0.777777778,0.427792632,0.055555556,0.23570226,0.0,0.0,0.111111111,0.323380833,0.0,0.0,0.111111111,0.323380833
0193.jpg,2.611111111111111,0.055555556,0.23570226,0.444444444,0.511309993,0.777777778,0.427792632,0.055555556,0.23570226,0.111111111,0.323380833,0.0,0.0,0.111111111,0.323380833
26_17_02.bmp,3.055555555555556,0.055555556,0.23570226,0.388888889,0.501631326,0.166666667,0.383482494,0.055555556,0.23570226,0.166666667,0.383482494,0.166666667,0.383482494,0.222222222,0.427792632
16_25_02.bmp,2.888888888888889,0.055555556,0.23570226,0.055555556,0.23570226,0.0,0.0,0.055555556,0.23570226,0.333333333,0.48507125,0.222222222,0.427792632,0.833333333,0.383482494
35_25_01.bmp,2.611111111111111,0.111111111,0.323380833,0.333333333,0.48507125,0.0,0.0,0.055555556,0.23570226,0.055555556,0.23570226,0.0,0.0,0.944444444,0.23570226
25_10_03.bmp,2.5,0.722222222,0.460888599,0.388888889,0.501631326,0.111111111,0.323380833,0.055555556,0.23570226,0.166666667,0.383482494,0.0,0.0,0.055555556,0.23570226
08_02_02.bmp,3.555555555555556,0.111111111,0.323380833,0.666666667,0.48507125,0.055555556,0.23570226,0.0,0.0,0.111111111,0.323380833,0.0,0.0,0.0,0.0
0755.jpg,3.7777777777777777,0.055555556,0.23570226,0.388888889,0.501631326,0.0,0.0,0.0,0.0,0.111111111,0.323380833,0.0,0.0,0.055555556,0.23570226
02_07_04.bmp,1.8333333333333333,0.277777778,0.460888599,0.888888889,0.323380833,0.0,0.0,0.0,0.0,0.388888889,0.501631326,0.055555556,0.23570226,0.055555556,0.23570226
24_02_02.bmp,3.0,0.111111111,0.323380833,0.777777778,0.427792632,0.111111111,0.323380833,0.0,0.0,0.0,0.0,0.0,0.0,0.055555556,0.23570226
29_22_02.bmp,2.9444444444444446,0.222222222,0.427792632,0.611111111,0.501631326,0.0,0.0,0.055555556,0.23570226,0.055555556,0.23570226,0.111111111,0.323380833,0.0,0.0
27_01_02.bmp,3.055555555555556,0.0,0.0,0.388888889,0.501631326,0.0,0.0,0.055555556,0.23570226,0.611111111,0.501631326,0.0,0.0,0.111111111,0.323380833
01_01_01.bmp,3.2777777777777777,0.111111111,0.323380833,0.555555556,0.511309993,0.166666667,0.383482494,0.055555556,0.23570226,0.055555556,0.23570226,0.111111111,0.323380833,0.111111111,0.323380833
36_13_04.bmp,2.2777777777777777,0.055555556,0.23570226,0.444444444,0.511309993,0.777777778,0.427792632,0.0,0.0,0.0,0.0,0.0,0.0,0.111111111,0.323380833
34_04_05.bmp,1.8333333333333333,0.222222222,0.427792632,0.444444444,0.511309993,0.277777778,0.460888599,0.055555556,0.23570226,0.0,0.0,0.222222222,0.427792632,0.055555556,0.23570226
0012.jpg,2.888888888888889,0.0,0.0,0.444444444,0.511309993,0.777777778,0.427792632,0.0,0.0,0.055555556,0.23570226,0.0,0.0,0.0,0.0
28_25_04.bmp,2.055555555555556,0.111111111,0.323380833,0.222222222,0.427792632,0.055555556,0.23570226,0.055555556,0.23570226,0.166666667,0.383482494,0.055555556,0.23570226,0.777777778,0.427792632
35_07_01.bmp,2.833333333333333,0.111111111,0.323380833,0.611111111,0.501631326,0.055555556,0.23570226,0.055555556,0.23570226,0.0,0.0,0.055555556,0.23570226,0.055555556,0.23570226
0968.jpg,2.7222222222222223,0.055555556,0.23570226,0.555555556,0.511309993,0.0,0.0,0.611111111,0.501631326,0.055555556,0.23570226,0.055555556,0.23570226,0.055555556,0.23570226
34_14_05.bmp,2.2777777777777777,0.111111111,0.323380833,0.444444444,0.511309993,0.277777778,0.460888599,0.166666667,0.383482494,0.055555556,0.23570226,0.055555556,0.23570226,0.111111111,0.323380833
26_19_04.bmp,4.111111111111111,0.055555556,0.23570226,0.222222222,0.427792632,0.166666667,0.383482494,0.0,0.0,0.0,0.0,0.055555556,0.23570226,0.0,0.0
07_03_03.bmp,2.555555555555556,0.111111111,0.323380833,0.777777778,0.427792632,0.222222222,0.427792632,0.0,0.0,0.111111111,0.323380833,0.0,0.0,0.055555556,0.23570226
01367.jpg,3.0,0.0,0.0,0.777777778,0.427792632,0.055555556,0.23570226,0.0,0.0,0.055555556,0.23570226,0.111111111,0.323380833,0.111111111,0.323380833
0444.jpg,2.833333333333333,0.055555556,0.23570226,0.722222222,0.460888599,0.0,0.0,0.055555556,0.23570226,0.222222222,0.427792632,0.111111111,0.323380833,0.111111111,0.323380833
10_09_04.bmp,2.333333333333333,0.777777778,0.427792632,0.333333333,0.48507125,0.055555556,0.23570226,0.0,0.0,0.222222222,0.427792632,0.111111111,0.323380833,0.055555556,0.23570226
01299.jpg,2.7777777777777777,0.388888889,0.501631326,0.722222222,0.460888599,0.0,0.0,0.0,0.0,0.666666667,0.48507125,0.055555556,0.23570226,0.0,0.0
12_23_05.bmp,2.388888888888889,0.111111111,0.323380833,0.0,0.0,0.055555556,0.23570226,0.722222222,0.460888599,0.055555556,0.23570226,0.111111111,0.323380833,0.222222222,0.427792632
0974.jpg,3.5,0.055555556,0.23570226,0.277777778,0.460888599,0.0,0.0,0.611111111,0.501631326,0.222222222,0.427792632,0.055555556,0.23570226,0.0,0.0
01331.jpg,3.1666666666666665,0.111111111,0.323380833,0.722222222,0.460888599,0.111111111,0.323380833,0.055555556,0.23570226,0.0,0.0,0.0,0.0,0.055555556,0.23570226
12_19_05.bmp,2.611111111111111,0.055555556,0.23570226,0.111111111,0.323380833,0.666666667,0.48507125,0.055555556,0.23570226,0.0,0.0,0.0,0.0,0.0,0.0
12_18_03.bmp,2.5,0.111111111,0.323380833,0.777777778,0.427792632,0.055555556,0.23570226,0.055555556,0.23570226,0.055555556,0.23570226,0.111111111,0.323380833,0.0,0.0
24_16_02.bmp,3.2777777777777777,0.055555556,0.23570226,0.666666667,0.48507125,0.055555556,0.23570226,0.0,0.0,0.0,0.0,0.0,0.0,0.0,0.0
25_13_01.bmp,3.388888888888889,0.111111111,0.323380833,0.555555556,0.511309993,0.111111111,0.323380833,0.0,0.0,0.111111111,0.323380833,0.0,0.0,0.055555556,0.23570226
25_03_05.bmp,1.4444444444444444,0.0,0.0,0.888888889,0.323380833,0.111111111,0.323380833,0.0,0.0,0.166666667,0.383482494,0.0,0.0,0.0,0.0
07_24_02.bmp,2.555555555555556,0.055555556,0.23570226,0.722222222,0.460888599,0.166666667,0.383482494,0.0,0.0,0.0,0.0,0.0,0.0,0.055555556,0.23570226
23_14_01.bmp,3.2777777777777777,0.0,0.0,0.5,0.514495755,0.055555556,0.23570226,0.166666667,0.383482494,0.222222222,0.427792632,0.055555556,0.23570226,0.0,0.0
26_16_03.bmp,3.1666666666666665,0.055555556,0.23570226,0.277777778,0.460888599,0.055555556,0.23570226,0.444444444,0.511309993,0.055555556,0.23570226,0.0,0.0,0.0,0.0
21_20_02.bmp,2.4444444444444446,0.444444444,0.511309993,0.5,0.514495755,0.166666667,0.383482494,0.277777778,0.460888599,0.055555556,0.23570226,0.0,0.0,0.0,0.0
22_23_03.bmp,2.555555555555556,0.0,0.0,0.166666667,0.383482494,0.0,0.0,0.777777778,0.427792632,0.055555556,0.23570226,0.0,0.0,0.055555556,0.23570226
23_02_04.bmp,1.5,0.0,0.0,0.944444444,0.23570226,0.0,0.0,0.0,0.0,0.222222222,0.427792632,0.0,0.0,0.0,0.0
31_08_01.bmp,3.555555555555556,0.166666667,0.383482494,0.388888889,0.501631326,0.055555556,0.23570226,0.055555556,0.23570226,0.222222222,0.427792632,0.0,0.0,0.111111111,0.323380833
01_19_03.bmp,3.111111111111111,0.055555556,0.23570226,0.666666667,0.48507125,0.111111111,0.323380833,0.0,0.0,0.0,0.0,0.0,0.0,0.055555556,0.23570226
01390.jpg,4.222222222222222,0.111111111,0.323380833,0.388888889,0.501631326,0.166666667,0.383482494,0.0,0.0,0.0,0.0,0.0,0.0,0.111111111,0.323380833
14_25_02.bmp,2.611111111111111,0.111111111,0.323380833,0.166666667,0.383482494,0.055555556,0.23570226,0.055555556,0.23570226,0.0,0.0,0.055555556,0.23570226,0.944444444,0.23570226
24_21_05.bmp,1.8333333333333333,0.277777778,0.460888599,0.388888889,0.501631326,0.166666667,0.383482494,0.333333333,0.48507125,0.055555556,0.23570226,0.111111111,0.323380833,0.0,0.0
0371.jpg,2.611111111111111,0.055555556,0.23570226,0.833333333,0.383482494,0.0,0.0,0.111111111,0.323380833,0.0,0.0,0.055555556,0.23570226,0.111111111,0.323380833
24_06_02.bmp,2.555555555555556,0.222222222,0.427792632,0.388888889,0.501631326,0.277777778,0.460888599,0.055555556,0.23570226,0.055555556,0.23570226,0.0,0.0,0.055555556,0.23570226
0942.jpg,2.888888888888889,0.0,0.0,0.444444444,0.511309993,0.055555556,0.23570226,0.666666667,0.48507125,0.111111111,0.323380833,0.0,0.0,0.055555556,0.23570226
10_09_01.bmp,3.055555555555556,0.5,0.514495755,0.444444444,0.511309993,0.0,0.0,0.0,0.0,0.277777778,0.460888599,0.166666667,0.383482494,0.0,0.0
34_12_03.bmp,3.0,0.5,0.514495755,0.333333333,0.48507125,0.166666667,0.383482494,0.0,0.0,0.055555556,0.23570226,0.055555556,0.23570226,0.055555556,0.23570226
37_11_04.bmp,2.4444444444444446,0.722222222,0.460888599,0.333333333,0.48507125,0.111111111,0.323380833,0.0,0.0,0.055555556,0.23570226,0.055555556,0.23570226,0.0,0.0
02_19_01.bmp,2.888888888888889,0.166666667,0.383482494,0.5,0.514495755,0.166666667,0.383482494,0.055555556,0.23570226,0.444444444,0.511309993,0.055555556,0.23570226,0.055555556,0.23570226
14_24_01.bmp,2.9444444444444446,0.166666667,0.383482494,0.666666667,0.48507125,0.111111111,0.323380833,0.055555556,0.23570226,0.0,0.0,0.055555556,0.23570226,0.111111111,0.323380833
06_16_04.bmp,1.8888888888888888,0.388888889,0.501631326,0.777777778,0.427792632,0.0,0.0,0.0,0.0,0.055555556,0.23570226,0.055555556,0.23570226,0.0,0.0
24_14_04.bmp,2.055555555555556,0.111111111,0.323380833,0.166666667,0.383482494,0.055555556,0.23570226,0.833333333,0.383482494,0.055555556,0.23570226,0.055555556,0.23570226,0.0,0.0
20_03_04.bmp,1.6666666666666667,0.055555556,0.23570226,0.777777778,0.427792632,0.055555556,0.23570226,0.055555556,0.23570226,0.166666667,0.383482494,0.111111111,0.323380833,0.0,0.0
21_12_02.bmp,3.2777777777777777,0.611111111,0.501631326,0.222222222,0.427792632,0.0,0.0,0.0,0.0,0.055555556,0.23570226,0.0,0.0,0.0,0.0
1025.jpg,2.833333333333333,0.055555556,0.23570226,0.444444444,0.511309993,0.0,0.0,0.5,0.514495755,0.166666667,0.383482494,0.0,0.0,0.111111111,0.323380833
15_09_02.bmp,2.7222222222222223,0.722222222,0.460888599,0.166666667,0.383482494,0.055555556,0.23570226,0.0,0.0,0.277777778,0.460888599,0.0,0.0,0.0,0.0
16_04_03.bmp,2.333333333333333,0.388888889,0.501631326,0.111111111,0.323380833,0.277777778,0.460888599,0.111111111,0.323380833,0.277777778,0.460888599,0.444444444,0.511309993,0.111111111,0.323380833
31_08_05.bmp,1.8333333333333333,0.333333333,0.48507125,0.722222222,0.460888599,0.0,0.0,0.055555556,0.23570226,0.166666667,0.383482494,0.111111111,0.323380833,0.055555556,0.23570226
25_16_04.bmp,1.7222222222222223,0.166666667,0.383482494,0.777777778,0.427792632,0.055555556,0.23570226,0.0,0.0,0.166666667,0.383482494,0.0,0.0,0.055555556,0.23570226
25_04_02.bmp,3.1666666666666665,0.166666667,0.383482494,0.444444444,0.511309993,0.166666667,0.383482494,0.0,0.0,0.111111111,0.323380833,0.111111111,0.323380833,0.055555556,0.23570226
03_13_01.bmp,3.6666666666666665,0.166666667,0.383482494,0.055555556,0.23570226,0.166666667,0.383482494,0.055555556,0.23570226,0.111111111,0.323380833,0.055555556,0.23570226,0.055555556,0.23570226
16_14_03.bmp,2.888888888888889,0.055555556,0.23570226,0.111111111,0.323380833,0.166666667,0.383482494,0.5,0.514495755,0.277777778,0.460888599,0.388888889,0.501631326,0.0,0.0
26_13_04.bmp,3.9444444444444446,0.055555556,0.23570226,0.166666667,0.383482494,0.111111111,0.323380833,0.055555556,0.23570226,0.055555556,0.23570226,0.0,0.0,0.0,0.0
01333.jpg,3.888888888888889,0.111111111,0.323380833,0.388888889,0.501631326,0.111111111,0.323380833,0.0,0.0,0.055555556,0.23570226,0.0,0.0,0.055555556,0.23570226
0452.jpg,3.333333333333333,0.055555556,0.23570226,0.222222222,0.427792632,0.055555556,0.23570226,0.055555556,0.23570226,0.833333333,0.383482494,0.055555556,0.23570226,0.0,0.0
06_24_02.bmp,2.833333333333333,0.111111111,0.323380833,0.666666667,0.48507125,0.111111111,0.323380833,0.055555556,0.23570226,0.055555556,0.23570226,0.055555556,0.23570226,0.055555556,0.23570226
11_17_05.bmp,2.2222222222222223,0.111111111,0.323380833,0.5,0.514495755,0.0,0.0,0.055555556,0.23570226,0.277777778,0.460888599,0.166666667,0.383482494,0.277777778,0.460888599
02_05_01.bmp,3.333333333333333,0.111111111,0.323380833,0.277777778,0.460888599,0.0,0.0,0.055555556,0.23570226,0.611111111,0.501631326,0.0,0.0,0.111111111,0.323380833
26_04_02.bmp,3.8333333333333335,0.166666667,0.383482494,0.166666667,0.383482494,0.166666667,0.383482494,0.0,0.0,0.111111111,0.323380833,0.0,0.0,0.055555556,0.23570226
17_15_02.bmp,2.5,0.111111111,0.323380833,0.166666667,0.383482494,0.888888889,0.323380833,0.0,0.0,0.166666667,0.383482494,0.0,0.0,0.0,0.0
37_19_01.bmp,3.555555555555556,0.055555556,0.23570226,0.555555556,0.511309993,0.055555556,0.23570226,0.0,0.0,0.111111111,0.323380833,0.055555556,0.23570226,0.0,0.0
13_17_03.bmp,2.6666666666666665,0.111111111,0.323380833,0.444444444,0.511309993,0.055555556,0.23570226,0.055555556,0.23570226,0.222222222,0.427792632,0.166666667,0.383482494,0.166666667,0.383482494
30_12_03.bmp,3.0,0.666666667,0.48507125,0.166666667,0.383482494,0.055555556,0.23570226,0.0,0.0,0.333333333,0.48507125,0.0,0.0,0.0,0.0
20_24_05.bmp,1.1666666666666667,0.0,0.0,0.944444444,0.23570226,0.055555556,0.23570226,0.0,0.0,0.111111111,0.323380833,0.111111111,0.323380833,0.0,0.0
15_21_02.bmp,2.555555555555556,0.055555556,0.23570226,0.166666667,0.383482494,0.722222222,0.460888599,0.0,0.0,0.111111111,0.323380833,0.055555556,0.23570226,0.111111111,0.323380833
10_22_02.bmp,2.6666666666666665,0.111111111,0.323380833,0.777777778,0.427792632,0.055555556,0.23570226,0.055555556,0.23570226,0.333333333,0.48507125,0.222222222,0.427792632,0.0,0.0
0014.jpg,3.2222222222222223,0.055555556,0.23570226,0.166666667,0.383482494,0.777777778,0.427792632,0.055555556,0.23570226,0.111111111,0.323380833,0.0,0.0,0.0,0.0
17_02_04.bmp,1.7222222222222223,0.0,0.0,0.944444444,0.23570226,0.055555556,0.23570226,0.0,0.0,0.166666667,0.383482494,0.055555556,0.23570226,0.0,0.0
15_11_04.bmp,2.555555555555556,0.666666667,0.48507125,0.166666667,0.383482494,0.055555556,0.23570226,0.0,0.0,0.277777778,0.460888599,0.055555556,0.23570226,0.0,0.0
0632.jpg,3.333333333333333,0.055555556,0.23570226,0.444444444,0.511309993,0.055555556,0.23570226,0.166666667,0.383482494,0.111111111,0.323380833,0.0,0.0,0.055555556,0.23570226
02_04_05.bmp,2.2777777777777777,0.222222222,0.427792632,0.277777778,0.460888599,0.222222222,0.427792632,0.0,0.0,0.5,0.514495755,0.166666667,0.383482494,0.055555556,0.23570226
05_21_01.bmp,2.388888888888889,0.055555556,0.23570226,0.277777778,0.460888599,0.722222222,0.460888599,0.0,0.0,0.055555556,0.23570226,0.055555556,0.23570226,0.055555556,0.23570226
13_08_04.bmp,2.5,0.388888889,0.501631326,0.722222222,0.460888599,0.055555556,0.23570226,0.055555556,0.23570226,0.111111111,0.323380833,0.0,0.0,0.055555556,0.23570226
29_04_03.bmp,2.388888888888889,0.277777778,0.460888599,0.166666667,0.383482494,0.222222222,0.427792632,0.055555556,0.23570226,0.111111111,0.323380833,0.222222222,0.427792632,0.111111111,0.323380833
05_12_01.bmp,3.1666666666666665,0.333333333,0.48507125,0.388888889,0.501631326,0.111111111,0.323380833,0.0,0.0,0.0,0.0,0.055555556,0.23570226,0.055555556,0.23570226
33_01_05.bmp,1.7777777777777777,0.0,0.0,0.944444444,0.23570226,0.055555556,0.23570226,0.0,0.0,0.388888889,0.501631326,0.0,0.0,0.055555556,0.23570226
29_13_04.bmp,2.9444444444444446,0.055555556,0.23570226,0.277777778,0.460888599,0.666666667,0.48507125,0.0,0.0,0.111111111,0.323380833,0.055555556,0.23570226,0.111111111,0.323380833
01244.jpg,3.4444444444444446,0.055555556,0.23570226,0.5,0.514495755,0.055555556,0.23570226,0.111111111,0.323380833,0.444444444,0.511309993,0.055555556,0.23570226,0.111111111,0.323380833
28_02_04.bmp,2.0,0.111111111,0.323380833,0.833333333,0.383482494,0.055555556,0.23570226,0.055555556,0.23570226,0.222222222,0.427792632,0.0,0.0,0.0,0.0
23_19_02.bmp,2.7777777777777777,0.166666667,0.383482494,0.277777778,0.460888599,0.5,0.514495755,0.055555556,0.23570226,0.277777778,0.460888599,0.0,0.0,0.0,0.0
08_04_02.bmp,3.9444444444444446,0.222222222,0.427792632,0.222222222,0.427792632,0.166666667,0.383482494,0.0,0.0,0.222222222,0.427792632,0.0,0.0,0.0,0.0
13_19_05.bmp,2.9444444444444446,0.055555556,0.23570226,0.388888889,0.501631326,0.5,0.514495755,0.055555556,0.23570226,0.111111111,0.323380833,0.0,0.0,0.055555556,0.23570226
0792.jpg,3.388888888888889,0.111111111,0.323380833,0.555555556,0.511309993,0.0,0.0,0.0,0.0,0.277777778,0.460888599,0.055555556,0.23570226,0.0,0.0
05_05_04.bmp,1.7777777777777777,0.444444444,0.511309993,0.444444444,0.511309993,0.055555556,0.23570226,0.055555556,0.23570226,0.0,0.0,0.111111111,0.323380833,0.055555556,0.23570226
13_04_04.bmp,3.055555555555556,0.333333333,0.48507125,0.166666667,0.383482494,0.111111111,0.323380833,0.0,0.0,0.111111111,0.323380833,0.222222222,0.427792632,0.055555556,0.23570226
34_19_01.bmp,3.1666666666666665,0.055555556,0.23570226,0.444444444,0.511309993,0.166666667,0.383482494,0.0,0.0,0.0,0.0,0.055555556,0.23570226,0.055555556,0.23570226
01432.jpg,3.888888888888889,0.0,0.0,0.388888889,0.501631326,0.166666667,0.383482494,0.0,0.0,0.055555556,0.23570226,0.0,0.0,0.111111111,0.323380833
06_23_05.bmp,2.055555555555556,0.055555556,0.23570226,0.111111111,0.323380833,0.0,0.0,0.833333333,0.383482494,0.0,0.0,0.0,0.0,0.166666667,0.383482494
29_11_02.bmp,3.0,0.777777778,0.427792632,0.277777778,0.460888599,0.0,0.0,0.0,0.0,0.111111111,0.323380833,0.111111111,0.323380833,0.0,0.0
34_08_05.bmp,1.8333333333333333,0.166666667,0.383482494,0.833333333,0.383482494,0.166666667,0.383482494,0.055555556,0.23570226,0.0,0.0,0.0,0.0,0.055555556,0.23570226
16_13_02.bmp,3.333333333333333,0.0,0.0,0.166666667,0.383482494,0.333333333,0.48507125,0.055555556,0.23570226,0.277777778,0.460888599,0.277777778,0.460888599,0.0,0.0
32_25_03.bmp,2.2777777777777777,0.055555556,0.23570226,0.222222222,0.427792632,0.055555556,0.23570226,0.0,0.0,0.333333333,0.48507125,0.055555556,0.23570226,0.944444444,0.23570226
0658.jpg,3.4444444444444446,0.055555556,0.23570226,0.5,0.514495755,0.0,0.0,0.166666667,0.383482494,0.0,0.0,0.111111111,0.323380833,0.055555556,0.23570226
15_24_01.bmp,3.2777777777777777,0.111111111,0.323380833,0.611111111,0.501631326,0.111111111,0.323380833,0.111111111,0.323380833,0.222222222,0.427792632,0.0,0.0,0.055555556,0.23570226
01292.jpg,3.4444444444444446,0.333333333,0.48507125,0.555555556,0.511309993,0.111111111,0.323380833,0.0,0.0,0.388888889,0.501631326,0.0,0.0,0.0,0.0
13_24_04.bmp,1.8888888888888888,0.0,0.0,0.944444444,0.23570226,0.055555556,0.23570226,0.055555556,0.23570226,0.055555556,0.23570226,0.055555556,0.23570226,0.0,0.0
20_24_04.bmp,1.5555555555555556,0.055555556,0.23570226,0.944444444,0.23570226,0.166666667,0.383482494,0.0,0.0,0.055555556,0.23570226,0.0,0.0,0.0,0.0
10_02_02.bmp,2.555555555555556,0.055555556,0.23570226,0.722222222,0.460888599,0.0,0.0,0.0,0.0,0.388888889,0.501631326,0.222222222,0.427792632,0.0,0.0
10_16_03.bmp,2.833333333333333,0.055555556,0.23570226,0.611111111,0.501631326,0.055555556,0.23570226,0.166666667,0.383482494,0.333333333,0.48507125,0.166666667,0.383482494,0.0,0.0
08_16_04.bmp,2.6666666666666665,0.333333333,0.48507125,0.611111111,0.501631326,0.055555556,0.23570226,0.111111111,0.323380833,0.0,0.0,0.0,0.0,0.0,0.0
04_19_01.bmp,2.7777777777777777,0.166666667,0.383482494,0.666666667,0.48507125,0.055555556,0.23570226,0.055555556,0.23570226,0.166666667,0.383482494,0.0,0.0,0.055555556,0.23570226
0843.jpg,3.611111111111111,0.166666667,0.383482494,0.388888889,0.501631326,0.055555556,0.23570226,0.111111111,0.323380833,0.111111111,0.323380833,0.055555556,0.23570226,0.0,0.0
26_14_05.bmp,2.9444444444444446,0.222222222,0.427792632,0.388888889,0.501631326,0.166666667,0.383482494,0.111111111,0.323380833,0.055555556,0.23570226,0.055555556,0.23570226,0.111111111,0.323380833
14_10_01.bmp,3.2222222222222223,0.444444444,0.511309993,0.444444444,0.511309993,0.055555556,0.23570226,0.0,0.0,0.0,0.0,0.055555556,0.23570226,0.111111111,0.323380833
33_03_02.bmp,3.611111111111111,0.055555556,0.23570226,0.444444444,0.511309993,0.0,0.0,0.055555556,0.23570226,0.555555556,0.511309993,0.0,0.0,0.0,0.0
11_13_02.bmp,3.2777777777777777,0.111111111,0.323380833,0.333333333,0.48507125,0.222222222,0.427792632,0.111111111,0.323380833,0.222222222,0.427792632,0.055555556,0.23570226,0.0,0.0
0264.jpg,2.0,0.166666667,0.383482494,0.444444444,0.511309993,0.055555556,0.23570226,0.833333333,0.383482494,0.111111111,0.323380833,0.055555556,0.23570226,0.0,0.0
01176.jpg,3.111111111111111,0.277777778,0.460888599,0.666666667,0.48507125,0.5,0.514495755,0.0,0.0,0.111111111,0.323380833,0.222222222,0.427792632,0.166666667,0.383482494
01199.jpg,3.333333333333333,0.111111111,0.323380833,0.722222222,0.460888599,0.444444444,0.511309993,0.0,0.0,0.111111111,0.323380833,0.055555556,0.23570226,0.0,0.0
15_13_05.bmp,2.055555555555556,0.111111111,0.323380833,0.111111111,0.323380833,0.888888889,0.323380833,0.0,0.0,0.166666667,0.383482494,0.055555556,0.23570226,0.0,0.0
11_04_04.bmp,2.2222222222222223,0.277777778,0.460888599,0.333333333,0.48507125,0.055555556,0.23570226,0.166666667,0.383482494,0.277777778,0.460888599,0.111111111,0.323380833,0.0,0.0
1134.jpg,2.7222222222222223,0.0,0.0,0.166666667,0.383482494,0.055555556,0.23570226,0.055555556,0.23570226,0.666666667,0.48507125,0.444444444,0.511309993,0.0,0.0
02_14_04.bmp,2.0,0.111111111,0.323380833,0.388888889,0.501631326,0.0,0.0,0.888888889,0.323380833,0.388888889,0.501631326,0.111111111,0.323380833,0.0,0.0
10_14_01.bmp,3.2222222222222223,0.111111111,0.323380833,0.5,0.514495755,0.111111111,0.323380833,0.222222222,0.427792632,0.388888889,0.501631326,0.222222222,0.427792632,0.0,0.0
01263.jpg,3.1666666666666665,0.333333333,0.48507125,0.555555556,0.511309993,0.222222222,0.427792632,0.055555556,0.23570226,0.388888889,0.501631326,0.0,0.0,0.0,0.0
27_24_04.bmp,2.0,0.055555556,0.23570226,0.777777778,0.427792632,0.0,0.0,0.0,0.0,0.444444444,0.511309993,0.0,0.0,0.055555556,0.23570226
12_10_05.bmp,2.2222222222222223,0.777777778,0.427792632,0.166666667,0.383482494,0.055555556,0.23570226,0.0,0.0,0.111111111,0.323380833,0.0,0.0,0.0,0.0
04_21_03.bmp,2.5,0.222222222,0.427792632,0.611111111,0.501631326,0.333333333,0.48507125,0.0,0.0,0.111111111,0.323380833,0.0,0.0,0.0,0.0
26_09_01.bmp,3.7222222222222223,0.333333333,0.48507125,0.166666667,0.383482494,0.055555556,0.23570226,0.0,0.0,0.055555556,0.23570226,0.055555556,0.23570226,0.0,0.0
22_11_02.bmp,3.1666666666666665,0.777777778,0.427792632,0.333333333,0.48507125,0.0,0.0,0.055555556,0.23570226,0.111111111,0.323380833,0.111111111,0.323380833,0.0,0.0
0990.jpg,2.833333333333333,0.111111111,0.323380833,0.222222222,0.427792632,0.055555556,0.23570226,0.444444444,0.511309993,0.333333333,0.48507125,0.0,0.0,0.666666667,0.48507125
0745.jpg,2.9444444444444446,0.111111111,0.323380833,0.666666667,0.48507125,0.055555556,0.23570226,0.0,0.0,0.0,0.0,0.111111111,0.323380833,0.055555556,0.23570226
01411.jpg,3.4444444444444446,0.055555556,0.23570226,0.555555556,0.511309993,0.055555556,0.23570226,0.0,0.0,0.0,0.0,0.055555556,0.23570226,0.055555556,0.23570226
32_10_02.bmp,2.7222222222222223,0.611111111,0.501631326,0.444444444,0.511309993,0.055555556,0.23570226,0.055555556,0.23570226,0.333333333,0.48507125,0.055555556,0.23570226,0.055555556,0.23570226
12_05_03.bmp,2.555555555555556,0.277777778,0.460888599,0.722222222,0.460888599,0.055555556,0.23570226,0.055555556,0.23570226,0.055555556,0.23570226,0.055555556,0.23570226,0.0,0.0
21_11_05.bmp,2.2222222222222223,0.777777778,0.427792632,0.222222222,0.427792632,0.055555556,0.23570226,0.0,0.0,0.055555556,0.23570226,0.055555556,0.23570226,0.0,0.0
0421.jpg,3.1666666666666665,0.0,0.0,0.611111111,0.501631326,0.111111111,0.323380833,0.222222222,0.427792632,0.0,0.0,0.0,0.0,0.055555556,0.23570226
18_22_03.bmp,1.7777777777777777,0.222222222,0.427792632,0.777777778,0.427792632,0.111111111,0.323380833,0.055555556,0.23570226,0.0,0.0,0.0,0.0,0.0,0.0
0060.jpg,3.111111111111111,0.055555556,0.23570226,0.722222222,0.460888599,0.5,0.514495755,0.0,0.0,0.055555556,0.23570226,0.0,0.0,0.0,0.0
19_24_04.bmp,1.6111111111111112,0.055555556,0.23570226,0.833333333,0.383482494,0.0,0.0,0.0,0.0,0.166666667,0.383482494,0.111111111,0.323380833,0.111111111,0.323380833
09_15_02.bmp,2.7777777777777777,0.055555556,0.23570226,0.222222222,0.427792632,0.611111111,0.501631326,0.055555556,0.23570226,0.111111111,0.323380833,0.0,0.0,0.0,0.0
24_05_05.bmp,1.8333333333333333,0.222222222,0.427792632,0.777777778,0.427792632,0.055555556,0.23570226,0.0,0.0,0.111111111,0.323380833,0.0,0.0,0.0,0.0
0945.jpg,2.833333333333333,0.0,0.0,0.5,0.514495755,0.0,0.0,0.666666667,0.48507125,0.166666667,0.383482494,0.0,0.0,0.055555556,0.23570226
33_08_05.bmp,2.055555555555556,0.222222222,0.427792632,0.666666667,0.48507125,0.055555556,0.23570226,0.055555556,0.23570226,0.388888889,0.501631326,0.055555556,0.23570226,0.0,0.0
12_05_05.bmp,1.7777777777777777,0.277777778,0.460888599,0.611111111,0.501631326,0.055555556,0.23570226,0.0,0.0,0.111111111,0.323380833,0.055555556,0.23570226,0.055555556,0.23570226
12_13_04.bmp,2.6666666666666665,0.055555556,0.23570226,0.111111111,0.323380833,0.833333333,0.383482494,0.055555556,0.23570226,0.0,0.0,0.0,0.0,0.111111111,0.323380833
31_02_01.bmp,3.333333333333333,0.0,0.0,0.444444444,0.511309993,0.0,0.0,0.111111111,0.323380833,0.277777778,0.460888599,0.0,0.0,0.055555556,0.23570226
22_25_03.bmp,2.333333333333333,0.055555556,0.23570226,0.111111111,0.323380833,0.055555556,0.23570226,0.055555556,0.23570226,0.0,0.0,0.0,0.0,0.833333333,0.383482494
12_15_02.bmp,2.888888888888889,0.055555556,0.23570226,0.111111111,0.323380833,0.722222222,0.460888599,0.0,0.0,0.0,0.0,0.0,0.0,0.055555556,0.23570226
14_20_03.bmp,2.5,0.333333333,0.48507125,0.277777778,0.460888599,0.166666667,0.383482494,0.277777778,0.460888599,0.055555556,0.23570226,0.055555556,0.23570226,0.0,0.0
01347.jpg,3.055555555555556,0.055555556,0.23570226,0.666666667,0.48507125,0.111111111,0.323380833,0.055555556,0.23570226,0.0,0.0,0.0,0.0,0.166666667,0.383482494
36_03_01.bmp,3.333333333333333,0.111111111,0.323380833,0.5,0.514495755,0.055555556,0.23570226,0.055555556,0.23570226,0.0,0.0,0.0,0.0,0.111111111,0.323380833
11_24_04.bmp,1.7777777777777777,0.055555556,0.23570226,0.833333333,0.383482494,0.0,0.0,0.0,0.0,0.277777778,0.460888599,0.0,0.0,0.111111111,0.323380833
23_15_04.bmp,3.111111111111111,0.111111111,0.323380833,0.277777778,0.460888599,0.111111111,0.323380833,0.166666667,0.383482494,0.277777778,0.460888599,0.055555556,0.23570226,0.0,0.0
19_13_03.bmp,3.055555555555556,0.055555556,0.23570226,0.166666667,0.383482494,0.555555556,0.511309993,0.055555556,0.23570226,0.111111111,0.323380833,0.111111111,0.323380833,0.055555556,0.23570226
27_08_02.bmp,3.0,0.111111111,0.323380833,0.444444444,0.511309993,0.0,0.0,0.055555556,0.23570226,0.444444444,0.511309993,0.055555556,0.23570226,0.055555556,0.23570226
15_20_01.bmp,2.7777777777777777,0.388888889,0.501631326,0.222222222,0.427792632,0.166666667,0.383482494,0.333333333,0.48507125,0.277777778,0.460888599,0.0,0.0,0.0,0.0
06_01_01.bmp,4.0,0.055555556,0.23570226,0.166666667,0.383482494,0.166666667,0.383482494,0.0,0.0,0.055555556,0.23570226,0.055555556,0.23570226,0.111111111,0.323380833
20_19_01.bmp,3.4444444444444446,0.111111111,0.323380833,0.5,0.514495755,0.055555556,0.23570226,0.055555556,0.23570226,0.055555556,0.23570226,0.0,0.0,0.0,0.0
0064.jpg,3.1666666666666665,0.0,0.0,0.388888889,0.501631326,0.888888889,0.323380833,0.055555556,0.23570226,0.055555556,0.23570226,0.0,0.0,0.055555556,0.23570226
01405.jpg,3.555555555555556,0.111111111,0.323380833,0.444444444,0.511309993,0.166666667,0.383482494,0.0,0.0,0.055555556,0.23570226,0.0,0.0,0.0,0.0
36_18_02.bmp,2.5,0.111111111,0.323380833,0.777777778,0.427792632,0.111111111,0.323380833,0.0,0.0,0.0,0.0,0.055555556,0.23570226,0.111111111,0.323380833
18_02_05.bmp,1.1666666666666667,0.0,0.0,0.944444444,0.23570226,0.055555556,0.23570226,0.0,0.0,0.111111111,0.323380833,0.0,0.0,0.0,0.0
33_24_05.bmp,1.6666666666666667,0.055555556,0.23570226,0.833333333,0.383482494,0.055555556,0.23570226,0.0,0.0,0.333333333,0.48507125,0.0,0.0,0.055555556,0.23570226
36_13_05.bmp,2.055555555555556,0.111111111,0.323380833,0.444444444,0.511309993,0.833333333,0.383482494,0.0,0.0,0.0,0.0,0.055555556,0.23570226,0.0,0.0
0211.jpg,2.333333333333333,0.166666667,0.383482494,0.388888889,0.501631326,0.055555556,0.23570226,0.722222222,0.460888599,0.222222222,0.427792632,0.111111111,0.323380833,0.0,0.0
01_19_02.bmp,3.2777777777777777,0.111111111,0.323380833,0.666666667,0.48507125,0.166666667,0.383482494,0.0,0.0,0.0,0.0,0.0,0.0,0.055555556,0.23570226
0578.jpg,3.1666666666666665,0.111111111,0.323380833,0.333333333,0.48507125,0.055555556,0.23570226,0.055555556,0.23570226,0.555555556,0.511309993,0.055555556,0.23570226,0.055555556,0.23570226
35_24_03.bmp,1.7777777777777777,0.0,0.0,0.833333333,0.383482494,0.055555556,0.23570226,0.111111111,0.323380833,0.0,0.0,0.0,0.0,0.055555556,0.23570226
37_14_03.bmp,2.4444444444444446,0.111111111,0.323380833,0.388888889,0.501631326,0.055555556,0.23570226,0.777777778,0.427792632,0.166666667,0.383482494,0.055555556,0.23570226,0.055555556,0.23570226
34_09_01.bmp,3.2222222222222223,0.444444444,0.511309993,0.444444444,0.511309993,0.111111111,0.323380833,0.0,0.0,0.0,0.0,0.055555556,0.23570226,0.055555556,0.23570226
22_14_03.bmp,2.7777777777777777,0.111111111,0.323380833,0.333333333,0.48507125,0.055555556,0.23570226,0.611111111,0.501631326,0.111111111,0.323380833,0.111111111,0.323380833,0.0,0.0
23_10_05.bmp,2.111111111111111,0.722222222,0.460888599,0.333333333,0.48507125,0.111111111,0.323380833,0.0,0.0,0.222222222,0.427792632,0.0,0.0,0.055555556,0.23570226
09_03_03.bmp,2.4444444444444446,0.111111111,0.323380833,0.777777778,0.427792632,0.111111111,0.323380833,0.0,0.0,0.111111111,0.323380833,0.055555556,0.23570226,0.0,0.0
03_04_03.bmp,3.4444444444444446,0.388888889,0.501631326,0.166666667,0.383482494,0.166666667,0.383482494,0.055555556,0.23570226,0.111111111,0.323380833,0.166666667,0.383482494,0.055555556,0.23570226
0291.jpg,1.9444444444444444,0.111111111,0.323380833,0.388888889,0.501631326,0.055555556,0.23570226,0.833333333,0.383482494,0.055555556,0.23570226,0.0,0.0,0.111111111,0.323380833
02_20_03.bmp,2.0,0.444444444,0.511309993,0.388888889,0.501631326,0.333333333,0.48507125,0.0,0.0,0.277777778,0.460888599,0.055555556,0.23570226,0.0,0.0
0327.jpg,1.8333333333333333,0.055555556,0.23570226,0.833333333,0.383482494,0.0,0.0,0.111111111,0.323380833,0.0,0.0,0.055555556,0.23570226,0.055555556,0.23570226
06_17_02.bmp,3.055555555555556,0.166666667,0.383482494,0.388888889,0.501631326,0.166666667,0.383482494,0.055555556,0.23570226,0.111111111,0.323380833,0.222222222,0.427792632,0.277777778,0.460888599
03_05_02.bmp,3.1666666666666665,0.111111111,0.323380833,0.666666667,0.48507125,0.055555556,0.23570226,0.0,0.0,0.111111111,0.323380833,0.0,0.0,0.055555556,0.23570226
33_16_05.bmp,1.9444444444444444,0.166666667,0.383482494,0.944444444,0.23570226,0.055555556,0.23570226,0.0,0.0,0.333333333,0.48507125,0.0,0.0,0.0,0.0
14_04_05.bmp,2.111111111111111,0.333333333,0.48507125,0.388888889,0.501631326,0.222222222,0.427792632,0.055555556,0.23570226,0.0,0.0,0.222222222,0.427792632,0.055555556,0.23570226
0072.jpg,3.333333333333333,0.055555556,0.23570226,0.222222222,0.427792632,0.722222222,0.460888599,0.0,0.0,0.111111111,0.323380833,0.0,0.0,0.0,0.0
13_01_05.bmp,1.6111111111111112,0.0,0.0,0.944444444,0.23570226,0.055555556,0.23570226,0.0,0.0,0.166666667,0.383482494,0.055555556,0.23570226,0.0,0.0
13_22_02.bmp,2.611111111111111,0.222222222,0.427792632,0.777777778,0.427792632,0.055555556,0.23570226,0.055555556,0.23570226,0.055555556,0.23570226,0.0,0.0,0.0,0.0
07_11_02.bmp,2.7777777777777777,0.777777778,0.427792632,0.388888889,0.501631326,0.111111111,0.323380833,0.0,0.0,0.111111111,0.323380833,0.055555556,0.23570226,0.055555556,0.23570226
01272.jpg,3.4444444444444446,0.277777778,0.460888599,0.444444444,0.511309993,0.055555556,0.23570226,0.055555556,0.23570226,0.333333333,0.48507125,0.0,0.0,0.0,0.0
0593.jpg,3.2222222222222223,0.111111111,0.323380833,0.166666667,0.383482494,0.0,0.0,0.111111111,0.323380833,0.555555556,0.511309993,0.166666667,0.383482494,0.055555556,0.23570226
0374.jpg,2.1666666666666665,0.111111111,0.323380833,0.833333333,0.383482494,0.0,0.0,0.111111111,0.323380833,0.055555556,0.23570226,0.055555556,0.23570226,0.055555556,0.23570226
07_03_05.bmp,1.7222222222222223,0.0,0.0,0.777777778,0.427792632,0.222222222,0.427792632,0.055555556,0.23570226,0.055555556,0.23570226,0.0,0.0,0.0,0.0
28_05_02.bmp,2.9444444444444446,0.222222222,0.427792632,0.611111111,0.501631326,0.111111111,0.323380833,0.055555556,0.23570226,0.222222222,0.427792632,0.055555556,0.23570226,0.0,0.0
01156.jpg,4.222222222222222,0.222222222,0.427792632,0.166666667,0.383482494,0.0,0.0,0.055555556,0.23570226,0.277777778,0.460888599,0.0,0.0,0.0,0.0
15_05_04.bmp,2.333333333333333,0.388888889,0.501631326,0.666666667,0.48507125,0.055555556,0.23570226,0.0,0.0,0.222222222,0.427792632,0.055555556,0.23570226,0.055555556,0.23570226
05_12_04.bmp,2.111111111111111,0.777777778,0.427792632,0.444444444,0.511309993,0.055555556,0.23570226,0.0,0.0,0.055555556,0.23570226,0.111111111,0.323380833,0.055555556,0.23570226
0893.jpg,3.888888888888889,0.055555556,0.23570226,0.5,0.514495755,0.0,0.0,0.0,0.0,0.166666667,0.383482494,0.0,0.0,0.0,0.0
10_17_04.bmp,2.5,0.055555556,0.23570226,0.611111111,0.501631326,0.0,0.0,0.055555556,0.23570226,0.333333333,0.48507125,0.333333333,0.48507125,0.222222222,0.427792632
0233.jpg,1.8333333333333333,0.166666667,0.383482494,0.388888889,0.501631326,0.0,0.0,0.944444444,0.23570226,0.055555556,0.23570226,0.055555556,0.23570226,0.0,0.0
01_24_03.bmp,1.9444444444444444,0.111111111,0.323380833,0.888888889,0.323380833,0.166666667,0.383482494,0.0,0.0,0.0,0.0,0.0,0.0,0.111111111,0.323380833
30_15_01.bmp,3.111111111111111,0.055555556,0.23570226,0.111111111,0.323380833,0.722222222,0.460888599,0.0,0.0,0.166666667,0.383482494,0.111111111,0.323380833,0.0,0.0
01_21_03.bmp,2.6666666666666665,0.111111111,0.323380833,0.722222222,0.460888599,0.222222222,0.427792632,0.0,0.0,0.0,0.0,0.0,0.0,0.111111111,0.323380833
19_22_01.bmp,3.055555555555556,0.166666667,0.383482494,0.5,0.514495755,0.111111111,0.323380833,0.055555556,0.23570226,0.111111111,0.323380833,0.111111111,0.323380833,0.111111111,0.323380833
16_13_03.bmp,3.111111111111111,0.111111111,0.323380833,0.166666667,0.383482494,0.555555556,0.511309993,0.0,0.0,0.333333333,0.48507125,0.333333333,0.48507125,0.0,0.0
01237.jpg,4.166666666666667,0.166666667,0.383482494,0.222222222,0.427792632,0.0,0.0,0.055555556,0.23570226,0.444444444,0.511309993,0.0,0.0,0.0,0.0
30_08_05.bmp,1.9444444444444444,0.388888889,0.501631326,0.611111111,0.501631326,0.055555556,0.23570226,0.055555556,0.23570226,0.277777778,0.460888599,0.111111111,0.323380833,0.0,0.0
37_06_02.bmp,2.833333333333333,0.333333333,0.48507125,0.5,0.514495755,0.111111111,0.323380833,0.111111111,0.323380833,0.055555556,0.23570226,0.222222222,0.427792632,0.055555556,0.23570226
24_01_01.bmp,3.555555555555556,0.055555556,0.23570226,0.444444444,0.511309993,0.166666667,0.383482494,0.0,0.0,0.0,0.0,0.0,0.0,0.055555556,0.23570226
14_15_02.bmp,2.111111111111111,0.111111111,0.323380833,0.222222222,0.427792632,0.888888889,0.323380833,0.0,0.0,0.0,0.0,0.055555556,0.23570226,0.055555556,0.23570226
23_17_02.bmp,3.0,0.055555556,0.23570226,0.555555556,0.511309993,0.055555556,0.23570226,0.0,0.0,0.277777778,0.460888599,0.055555556,0.23570226,0.055555556,0.23570226
1001.jpg,2.9444444444444446,0.055555556,0.23570226,0.388888889,0.501631326,0.0,0.0,0.611111111,0.501631326,0.277777778,0.460888599,0.0,0.0,0.166666667,0.383482494
37_24_05.bmp,1.2777777777777777,0.0,0.0,0.888888889,0.323380833,0.055555556,0.23570226,0.0,0.0,0.055555556,0.23570226,0.0,0.0,0.055555556,0.23570226
36_16_03.bmp,2.555555555555556,0.166666667,0.383482494,0.833333333,0.383482494,0.0,0.0,0.055555556,0.23570226,0.0,0.0,0.0,0.0,0.111111111,0.323380833
19_09_04.bmp,2.4444444444444446,0.666666667,0.48507125,0.333333333,0.48507125,0.055555556,0.23570226,0.055555556,0.23570226,0.111111111,0.323380833,0.055555556,0.23570226,0.0,0.0
33_21_01.bmp,2.2777777777777777,0.111111111,0.323380833,0.388888889,0.501631326,0.888888889,0.323380833,0.277777778,0.460888599,0.333333333,0.48507125,0.055555556,0.23570226,0.0,0.0
05_12_03.bmp,2.333333333333333,0.777777778,0.427792632,0.388888889,0.501631326,0.111111111,0.323380833,0.0,0.0,0.111111111,0.323380833,0.055555556,0.23570226,0.055555556,0.23570226
17_25_02.bmp,2.888888888888889,0.055555556,0.23570226,0.0,0.0,0.0,0.0,0.0,0.0,0.222222222,0.427792632,0.055555556,0.23570226,0.777777778,0.427792632
02_12_05.bmp,2.2777777777777777,0.833333333,0.383482494,0.444444444,0.511309993,0.111111111,0.323380833,0.055555556,0.23570226,0.444444444,0.511309993,0.111111111,0.323380833,0.0,0.0
36_20_03.bmp,2.555555555555556,0.444444444,0.511309993,0.444444444,0.511309993,0.111111111,0.323380833,0.111111111,0.323380833,0.0,0.0,0.055555556,0.23570226,0.0,0.0
02_15_05.bmp,2.7222222222222223,0.111111111,0.323380833,0.444444444,0.511309993,0.111111111,0.323380833,0.388888889,0.501631326,0.388888889,0.501631326,0.055555556,0.23570226,0.0,0.0
03_02_02.bmp,3.333333333333333,0.055555556,0.23570226,0.611111111,0.501631326,0.111111111,0.323380833,0.0,0.0,0.166666667,0.383482494,0.0,0.0,0.055555556,0.23570226
32_24_04.bmp,1.7777777777777777,0.111111111,0.323380833,0.944444444,0.23570226,0.0,0.0,0.055555556,0.23570226,0.333333333,0.48507125,0.055555556,0.23570226,0.0,0.0
08_19_02.bmp,3.333333333333333,0.222222222,0.427792632,0.166666667,0.383482494,0.333333333,0.48507125,0.0,0.0,0.055555556,0.23570226,0.111111111,0.323380833,0.0,0.0
08_13_02.bmp,4.166666666666667,0.166666667,0.383482494,0.055555556,0.23570226,0.277777778,0.460888599,0.055555556,0.23570226,0.055555556,0.23570226,0.0,0.0,0.0,0.0
26_25_01.bmp,3.6666666666666665,0.055555556,0.23570226,0.166666667,0.383482494,0.055555556,0.23570226,0.0,0.0,0.111111111,0.323380833,0.055555556,0.23570226,0.444444444,0.511309993
03_07_02.bmp,3.055555555555556,0.388888889,0.501631326,0.611111111,0.501631326,0.111111111,0.323380833,0.0,0.0,0.166666667,0.383482494,0.0,0.0,0.055555556,0.23570226
21_24_03.bmp,1.8333333333333333,0.111111111,0.323380833,0.944444444,0.23570226,0.055555556,0.23570226,0.0,0.0,0.0,0.0,0.0,0.0,0.0,0.0
03_05_03.bmp,2.7777777777777777,0.222222222,0.427792632,0.611111111,0.501631326,0.055555556,0.23570226,0.055555556,0.23570226,0.166666667,0.383482494,0.0,0.0,0.055555556,0.23570226
0912.jpg,3.7777777777777777,0.111111111,0.323380833,0.388888889,0.501631326,0.055555556,0.23570226,0.055555556,0.23570226,0.166666667,0.383482494,0.0,0.0,0.0,0.0
33_07_03.bmp,2.611111111111111,0.055555556,0.23570226,0.666666667,0.48507125,0.0,0.0,0.0,0.0,0.388888889,0.501631326,0.111111111,0.323380833,0.055555556,0.23570226
12_18_05.bmp,1.6666666666666667,0.277777778,0.460888599,0.777777778,0.427792632,0.055555556,0.23570226,0.055555556,0.23570226,0.055555556,0.23570226,0.055555556,0.23570226,0.055555556,0.23570226
13_01_02.bmp,3.888888888888889,0.055555556,0.23570226,0.277777778,0.460888599,0.111111111,0.323380833,0.055555556,0.23570226,0.222222222,0.427792632,0.0,0.0,0.055555556,0.23570226
36_08_01.bmp,3.333333333333333,0.111111111,0.323380833,0.555555556,0.511309993,0.111111111,0.323380833,0.0,0.0,0.0,0.0,0.0,0.0,0.055555556,0.23570226
29_11_03.bmp,2.7777777777777777,0.722222222,0.460888599,0.166666667,0.383482494,0.0,0.0,0.0,0.0,0.166666667,0.383482494,0.111111111,0.323380833,0.0,0.0
35_07_05.bmp,1.3888888888888888,0.0,0.0,0.944444444,0.23570226,0.055555556,0.23570226,0.055555556,0.23570226,0.0,0.0,0.055555556,0.23570226,0.0,0.0
15_09_01.bmp,3.111111111111111,0.722222222,0.460888599,0.166666667,0.383482494,0.055555556,0.23570226,0.0,0.0,0.222222222,0.427792632,0.0,0.0,0.111111111,0.323380833
03_24_02.bmp,2.7222222222222223,0.055555556,0.23570226,0.5,0.514495755,0.055555556,0.23570226,0.055555556,0.23570226,0.111111111,0.323380833,0.0,0.0,0.055555556,0.23570226
02_25_05.bmp,2.2777777777777777,0.111111111,0.323380833,0.0,0.0,0.055555556,0.23570226,0.0,0.0,0.277777778,0.460888599,0.055555556,0.23570226,0.888888889,0.323380833
14_02_03.bmp,2.0,0.0,0.0,0.888888889,0.323380833,0.111111111,0.323380833,0.0,0.0,0.055555556,0.23570226,0.055555556,0.23570226,0.0,0.0
25_07_04.bmp,1.7222222222222223,0.166666667,0.383482494,0.777777778,0.427792632,0.055555556,0.23570226,0.0,0.0,0.111111111,0.323380833,0.0,0.0,0.0,0.0
26_21_04.bmp,3.2222222222222223,0.166666667,0.383482494,0.388888889,0.501631326,0.055555556,0.23570226,0.055555556,0.23570226,0.055555556,0.23570226,0.055555556,0.23570226,0.055555556,0.23570226
21_11_02.bmp,3.2222222222222223,0.5,0.514495755,0.222222222,0.427792632,0.0,0.0,0.0,0.0,0.0,0.0,0.055555556,0.23570226,0.055555556,0.23570226
19_01_02.bmp,3.2222222222222223,0.055555556,0.23570226,0.555555556,0.511309993,0.055555556,0.23570226,0.055555556,0.23570226,0.055555556,0.23570226,0.222222222,0.427792632,0.111111111,0.323380833
16_11_05.bmp,2.388888888888889,0.888888889,0.323380833,0.166666667,0.383482494,0.055555556,0.23570226,0.055555556,0.23570226,0.333333333,0.48507125,0.333333333,0.48507125,0.0,0.0
34_07_03.bmp,1.8888888888888888,0.222222222,0.427792632,0.777777778,0.427792632,0.166666667,0.383482494,0.0,0.0,0.055555556,0.23570226,0.0,0.0,0.111111111,0.323380833
32_10_04.bmp,2.2777777777777777,0.777777778,0.427792632,0.444444444,0.511309993,0.055555556,0.23570226,0.055555556,0.23570226,0.333333333,0.48507125,0.055555556,0.23570226,0.055555556,0.23570226
03_07_05.bmp,1.5,0.277777778,0.460888599,0.888888889,0.323380833,0.055555556,0.23570226,0.0,0.0,0.166666667,0.383482494,0.055555556,0.23570226,0.166666667,0.383482494
32_10_03.bmp,2.555555555555556,0.666666667,0.48507125,0.444444444,0.511309993,0.055555556,0.23570226,0.111111111,0.323380833,0.333333333,0.48507125,0.055555556,0.23570226,0.0,0.0
0655.jpg,3.333333333333333,0.111111111,0.323380833,0.5,0.514495755,0.0,0.0,0.055555556,0.23570226,0.111111111,0.323380833,0.111111111,0.323380833,0.111111111,0.323380833
23_18_05.bmp,1.7777777777777777,0.111111111,0.323380833,0.888888889,0.323380833,0.0,0.0,0.0,0.0,0.277777778,0.460888599,0.0,0.0,0.0,0.0
33_19_03.bmp,2.7777777777777777,0.277777778,0.460888599,0.444444444,0.511309993,0.5,0.514495755,0.0,0.0,0.333333333,0.48507125,0.0,0.0,0.0,0.0
05_20_02.bmp,2.5,0.666666667,0.48507125,0.277777778,0.460888599,0.166666667,0.383482494,0.166666667,0.383482494,0.111111111,0.323380833,0.0,0.0,0.055555556,0.23570226
0933.jpg,2.7222222222222223,0.055555556,0.23570226,0.388888889,0.501631326,0.0,0.0,0.722222222,0.460888599,0.333333333,0.48507125,0.055555556,0.23570226,0.055555556,0.23570226
01_21_05.bmp,1.7777777777777777,0.277777778,0.460888599,0.833333333,0.383482494,0.055555556,0.23570226,0.055555556,0.23570226,0.111111111,0.323380833,0.111111111,0.323380833,0.0,0.0
0272.jpg,1.9444444444444444,0.166666667,0.383482494,0.277777778,0.460888599,0.055555556,0.23570226,0.888888889,0.323380833,0.166666667,0.383482494,0.0,0.0,0.0,0.0
03_22_05.bmp,2.1666666666666665,0.388888889,0.501631326,0.777777778,0.427792632,0.055555556,0.23570226,0.0,0.0,0.055555556,0.23570226,0.0,0.0,0.055555556,0.23570226
35_22_03.bmp,1.8888888888888888,0.222222222,0.427792632,0.888888889,0.323380833,0.166666667,0.383482494,0.0,0.0,0.055555556,0.23570226,0.0,0.0,0.0,0.0
11_06_05.bmp,2.055555555555556,0.277777778,0.460888599,0.333333333,0.48507125,0.222222222,0.427792632,0.166666667,0.383482494,0.222222222,0.427792632,0.166666667,0.383482494,0.055555556,0.23570226
33_02_01.bmp,3.333333333333333,0.055555556,0.23570226,0.388888889,0.501631326,0.0,0.0,0.055555556,0.23570226,0.5,0.514495755,0.055555556,0.23570226,0.0,0.0
0483.jpg,3.2222222222222223,0.111111111,0.323380833,0.333333333,0.48507125,0.0,0.0,0.111111111,0.323380833,0.722222222,0.460888599,0.0,0.0,0.055555556,0.23570226
01479.jpg,3.888888888888889,0.166666667,0.383482494,0.333333333,0.48507125,0.166666667,0.383482494,0.0,0.0,0.0,0.0,0.055555556,0.23570226,0.111111111,0.323380833
36_06_02.bmp,3.111111111111111,0.166666667,0.383482494,0.5,0.514495755,0.222222222,0.427792632,0.0,0.0,0.055555556,0.23570226,0.055555556,0.23570226,0.055555556,0.23570226
0097.jpg,2.833333333333333,0.055555556,0.23570226,0.555555556,0.511309993,0.888888889,0.323380833,0.0,0.0,0.055555556,0.23570226,0.0,0.0,0.055555556,0.23570226
24_03_01.bmp,3.611111111111111,0.111111111,0.323380833,0.444444444,0.511309993,0.111111111,0.323380833,0.0,0.0,0.055555556,0.23570226,0.0,0.0,0.0,0.0
0126.jpg,3.055555555555556,0.055555556,0.23570226,0.166666667,0.383482494,0.944444444,0.23570226,0.0,0.0,0.0,0.0,0.055555556,0.23570226,0.055555556,0.23570226
1116.jpg,1.8333333333333333,0.0,0.0,0.777777778,0.427792632,0.0,0.0,0.388888889,0.501631326,0.611111111,0.501631326,0.055555556,0.23570226,0.0,0.0
29_16_02.bmp,2.9444444444444446,0.111111111,0.323380833,0.555555556,0.511309993,0.0,0.0,0.111111111,0.323380833,0.111111111,0.323380833,0.111111111,0.323380833,0.0,0.0
36_03_04.bmp,1.8888888888888888,0.0,0.0,0.833333333,0.383482494,0.055555556,0.23570226,0.0,0.0,0.0,0.0,0.055555556,0.23570226,0.055555556,0.23570226
1043.jpg,3.6666666666666665,0.055555556,0.23570226,0.222222222,0.427792632,0.055555556,0.23570226,0.611111111,0.501631326,0.166666667,0.383482494,0.0,0.0,0.0,0.0
02_17_05.bmp,2.2222222222222223,0.0,0.0,0.444444444,0.511309993,0.0,0.0,0.0,0.0,0.611111111,0.501631326,0.055555556,0.23570226,0.388888889,0.501631326
21_02_05.bmp,1.2777777777777777,0.055555556,0.23570226,0.944444444,0.23570226,0.055555556,0.23570226,0.0,0.0,0.0,0.0,0.0,0.0,0.0,0.0
18_11_05.bmp,2.1666666666666665,0.833333333,0.383482494,0.222222222,0.427792632,0.222222222,0.427792632,0.0,0.0,0.055555556,0.23570226,0.0,0.0,0.0,0.0
19_16_01.bmp,3.2222222222222223,0.055555556,0.23570226,0.388888889,0.501631326,0.222222222,0.427792632,0.0,0.0,0.166666667,0.383482494,0.111111111,0.323380833,0.055555556,0.23570226
30_10_01.bmp,3.5,0.333333333,0.48507125,0.388888889,0.501631326,0.055555556,0.23570226,0.055555556,0.23570226,0.222222222,0.427792632,0.0,0.0,0.0,0.0
36_22_03.bmp,2.111111111111111,0.111111111,0.323380833,0.777777778,0.427792632,0.166666667,0.383482494,0.0,0.0,0.0,0.0,0.0,0.0,0.055555556,0.23570226
36_05_01.bmp,3.2222222222222223,0.277777778,0.460888599,0.5,0.514495755,0.111111111,0.323380833,0.055555556,0.23570226,0.0,0.0,0.055555556,0.23570226,0.055555556,0.23570226
30_05_04.bmp,2.2777777777777777,0.388888889,0.501631326,0.666666667,0.48507125,0.055555556,0.23570226,0.055555556,0.23570226,0.333333333,0.48507125,0.055555556,0.23570226,0.0,0.0
0353.jpg,2.4444444444444446,0.055555556,0.23570226,0.888888889,0.323380833,0.055555556,0.23570226,0.111111111,0.323380833,0.0,0.0,0.0,0.0,0.0,0.0
35_04_03.bmp,2.388888888888889,0.333333333,0.48507125,0.444444444,0.511309993,0.222222222,0.427792632,0.055555556,0.23570226,0.055555556,0.23570226,0.111111111,0.323380833,0.055555556,0.23570226
01_13_01.bmp,3.1666666666666665,0.111111111,0.323380833,0.777777778,0.427792632,0.111111111,0.323380833,0.0,0.0,0.055555556,0.23570226,0.0,0.0,0.055555556,0.23570226
25_11_05.bmp,1.9444444444444444,0.777777778,0.427792632,0.166666667,0.383482494,0.055555556,0.23570226,0.0,0.0,0.222222222,0.427792632,0.055555556,0.23570226,0.0,0.0
34_07_05.bmp,1.3333333333333333,0.111111111,0.323380833,0.888888889,0.323380833,0.055555556,0.23570226,0.0,0.0,0.0,0.0,0.0,0.0,0.055555556,0.23570226
05_11_03.bmp,2.333333333333333,0.833333333,0.383482494,0.333333333,0.48507125,0.055555556,0.23570226,0.0,0.0,0.111111111,0.323380833,0.166666667,0.383482494,0.0,0.0
18_22_02.bmp,2.4444444444444446,0.333333333,0.48507125,0.833333333,0.383482494,0.111111111,0.323380833,0.0,0.0,0.055555556,0.23570226,0.0,0.0,0.0,0.0
18_14_05.bmp,1.8333333333333333,0.166666667,0.383482494,0.166666667,0.383482494,0.111111111,0.323380833,0.777777778,0.427792632,0.0,0.0,0.0,0.0,0.0,0.0
29_25_03.bmp,2.2222222222222223,0.111111111,0.323380833,0.111111111,0.323380833,0.0,0.0,0.055555556,0.23570226,0.055555556,0.23570226,0.111111111,0.323380833,0.888888889,0.323380833
0517.jpg,2.7222222222222223,0.111111111,0.323380833,0.388888889,0.501631326,0.055555556,0.23570226,0.444444444,0.511309993,0.666666667,0.48507125,0.055555556,0.23570226,0.055555556,0.23570226
01_25_04.bmp,1.8333333333333333,0.055555556,0.23570226,0.333333333,0.48507125,0.111111111,0.323380833,0.0,0.0,0.0,0.0,0.055555556,0.23570226,0.944444444,0.23570226
0394.jpg,2.555555555555556,0.111111111,0.323380833,0.833333333,0.383482494,0.0,0.0,0.166666667,0.383482494,0.0,0.0,0.0,0.0,0.111111111,0.323380833
35_19_05.bmp,2.333333333333333,0.166666667,0.383482494,0.555555556,0.511309993,0.444444444,0.511309993,0.111111111,0.323380833,0.0,0.0,0.0,0.0,0.055555556,0.23570226
35_18_02.bmp,2.111111111111111,0.111111111,0.323380833,0.722222222,0.460888599,0.055555556,0.23570226,0.055555556,0.23570226,0.055555556,0.23570226,0.0,0.0,0.055555556,0.23570226
0129.jpg,2.7222222222222223,0.055555556,0.23570226,0.388888889,0.501631326,0.888888889,0.323380833,0.055555556,0.23570226,0.111111111,0.323380833,0.0,0.0,0.0,0.0
21_13_03.bmp,3.055555555555556,0.111111111,0.323380833,0.444444444,0.511309993,0.388888889,0.501631326,0.0,0.0,0.0,0.0,0.0,0.0,0.055555556,0.23570226
10_19_02.bmp,3.111111111111111,0.111111111,0.323380833,0.388888889,0.501631326,0.277777778,0.460888599,0.055555556,0.23570226,0.388888889,0.501631326,0.166666667,0.383482494,0.0,0.0
0125.jpg,2.7222222222222223,0.055555556,0.23570226,0.222222222,0.427792632,0.944444444,0.23570226,0.0,0.0,0.166666667,0.383482494,0.0,0.0,0.055555556,0.23570226
04_22_05.bmp,1.4444444444444444,0.166666667,0.383482494,0.888888889,0.323380833,0.166666667,0.383482494,0.055555556,0.23570226,0.166666667,0.383482494,0.0,0.0,0.0,0.0
12_25_03.bmp,2.555555555555556,0.055555556,0.23570226,0.111111111,0.323380833,0.111111111,0.323380833,0.055555556,0.23570226,0.055555556,0.23570226,0.0,0.0,0.888888889,0.323380833
14_07_04.bmp,1.5,0.222222222,0.427792632,0.833333333,0.383482494,0.055555556,0.23570226,0.055555556,0.23570226,0.055555556,0.23570226,0.111111111,0.323380833,0.0,0.0
01_03_04.bmp,2.0,0.0,0.0,0.888888889,0.323380833,0.166666667,0.383482494,0.0,0.0,0.111111111,0.323380833,0.0,0.0,0.0,0.0
19_21_01.bmp,2.5,0.055555556,0.23570226,0.166666667,0.383482494,0.888888889,0.323380833,0.0,0.0,0.111111111,0.323380833,0.055555556,0.23570226,0.055555556,0.23570226
0654.jpg,3.611111111111111,0.055555556,0.23570226,0.5,0.514495755,0.055555556,0.23570226,0.111111111,0.323380833,0.055555556,0.23570226,0.0,0.0,0.055555556,0.23570226
28_05_03.bmp,2.388888888888889,0.222222222,0.427792632,0.777777778,0.427792632,0.166666667,0.383482494,0.0,0.0,0.222222222,0.427792632,0.055555556,0.23570226,0.0,0.0
35_25_03.bmp,2.0,0.055555556,0.23570226,0.388888889,0.501631326,0.055555556,0.23570226,0.0,0.0,0.0,0.0,0.0,0.0,1.0,0.0
30_20_03.bmp,2.4444444444444446,0.5,0.514495755,0.388888889,0.501631326,0.111111111,0.323380833,0.222222222,0.427792632,0.277777778,0.460888599,0.0,0.0,0.0,0.0
13_19_01.bmp,3.6666666666666665,0.222222222,0.427792632,0.222222222,0.427792632,0.277777778,0.460888599,0.0,0.0,0.111111111,0.323380833,0.0,0.0,0.111111111,0.323380833
08_17_01.bmp,3.7222222222222223,0.277777778,0.460888599,0.111111111,0.323380833,0.111111111,0.323380833,0.055555556,0.23570226,0.166666667,0.383482494,0.055555556,0.23570226,0.055555556,0.23570226
16_03_02.bmp,2.833333333333333,0.055555556,0.23570226,0.5,0.514495755,0.0,0.0,0.0,0.0,0.277777778,0.460888599,0.388888889,0.501631326,0.0,0.0
31_17_04.bmp,2.111111111111111,0.055555556,0.23570226,0.611111111,0.501631326,0.0,0.0,0.055555556,0.23570226,0.333333333,0.48507125,0.166666667,0.383482494,0.222222222,0.427792632
34_15_04.bmp,3.1666666666666665,0.166666667,0.383482494,0.444444444,0.511309993,0.277777778,0.460888599,0.0,0.0,0.0,0.0,0.0,0.0,0.055555556,0.23570226
32_06_03.bmp,2.1666666666666665,0.333333333,0.48507125,0.444444444,0.511309993,0.222222222,0.427792632,0.055555556,0.23570226,0.333333333,0.48507125,0.166666667,0.383482494,0.0,0.0
30_16_02.bmp,3.2777777777777777,0.0,0.0,0.5,0.514495755,0.166666667,0.383482494,0.0,0.0,0.277777778,0.460888599,0.055555556,0.23570226,0.0,0.0
25_23_03.bmp,2.388888888888889,0.0,0.0,0.222222222,0.427792632,0.0,0.0,0.722222222,0.460888599,0.055555556,0.23570226,0.0,0.0,0.111111111,0.323380833
12_01_05.bmp,1.3888888888888888,0.055555556,0.23570226,0.944444444,0.23570226,0.111111111,0.323380833,0.0,0.0,0.0,0.0,0.055555556,0.23570226,0.0,0.0
18_15_04.bmp,3.2777777777777777,0.111111111,0.323380833,0.277777778,0.460888599,0.055555556,0.23570226,0.111111111,0.323380833,0.0,0.0,0.055555556,0.23570226,0.111111111,0.323380833
03_12_05.bmp,2.4444444444444446,0.777777778,0.427792632,0.222222222,0.427792632,0.111111111,0.323380833,0.0,0.0,0.222222222,0.427792632,0.055555556,0.23570226,0.0,0.0
11_13_04.bmp,2.611111111111111,0.055555556,0.23570226,0.277777778,0.460888599,0.833333333,0.383482494,0.0,0.0,0.222222222,0.427792632,0.055555556,0.23570226,0.111111111,0.323380833
0162.jpg,2.611111111111111,0.111111111,0.323380833,0.444444444,0.511309993,0.833333333,0.383482494,0.0,0.0,0.277777778,0.460888599,0.055555556,0.23570226,0.055555556,0.23570226
18_10_01.bmp,3.1666666666666665,0.388888889,0.501631326,0.444444444,0.511309993,0.055555556,0.23570226,0.055555556,0.23570226,0.0,0.0,0.0,0.0,0.055555556,0.23570226
23_14_02.bmp,3.1666666666666665,0.111111111,0.323380833,0.333333333,0.48507125,0.055555556,0.23570226,0.388888889,0.501631326,0.277777778,0.460888599,0.055555556,0.23570226,0.055555556,0.23570226
13_05_01.bmp,3.4444444444444446,0.222222222,0.427792632,0.444444444,0.511309993,0.055555556,0.23570226,0.0,0.0,0.166666667,0.383482494,0.0,0.0,0.055555556,0.23570226
33_08_04.bmp,2.5,0.166666667,0.383482494,0.722222222,0.460888599,0.055555556,0.23570226,0.055555556,0.23570226,0.388888889,0.501631326,0.0,0.0,0.0,0.0
01386.jpg,3.611111111111111,0.055555556,0.23570226,0.666666667,0.48507125,0.055555556,0.23570226,0.0,0.0,0.055555556,0.23570226,0.0,0.0,0.055555556,0.23570226
25_02_04.bmp,1.5555555555555556,0.0,0.0,0.944444444,0.23570226,0.111111111,0.323380833,0.055555556,0.23570226,0.166666667,0.383482494,0.0,0.0,0.0,0.0
0368.jpg,2.611111111111111,0.055555556,0.23570226,0.833333333,0.383482494,0.055555556,0.23570226,0.111111111,0.323380833,0.055555556,0.23570226,0.055555556,0.23570226,0.0,0.0
0317.jpg,2.5,0.111111111,0.323380833,0.833333333,0.383482494,0.0,0.0,0.166666667,0.383482494,0.111111111,0.323380833,0.055555556,0.23570226,0.055555556,0.23570226
0597.jpg,3.7777777777777777,0.111111111,0.323380833,0.166666667,0.383482494,0.0,0.0,0.111111111,0.323380833,0.333333333,0.48507125,0.111111111,0.323380833,0.111111111,0.323380833
05_01_02.bmp,3.2222222222222223,0.111111111,0.323380833,0.555555556,0.511309993,0.166666667,0.383482494,0.055555556,0.23570226,0.0,0.0,0.055555556,0.23570226,0.055555556,0.23570226
32_06_05.bmp,1.3888888888888888,0.333333333,0.48507125,0.388888889,0.501631326,0.166666667,0.383482494,0.055555556,0.23570226,0.333333333,0.48507125,0.166666667,0.383482494,0.0,0.0
10_18_01.bmp,2.611111111111111,0.0,0.0,0.555555556,0.511309993,0.055555556,0.23570226,0.055555556,0.23570226,0.444444444,0.511309993,0.222222222,0.427792632,0.166666667,0.383482494
02_09_02.bmp,2.7777777777777777,0.722222222,0.460888599,0.388888889,0.501631326,0.0,0.0,0.0,0.0,0.5,0.514495755,0.055555556,0.23570226,0.111111111,0.323380833
26_13_05.bmp,3.8333333333333335,0.055555556,0.23570226,0.055555556,0.23570226,0.277777778,0.460888599,0.0,0.0,0.055555556,0.23570226,0.0,0.0,0.055555556,0.23570226
07_21_05.bmp,1.7222222222222223,0.166666667,0.383482494,0.444444444,0.511309993,0.055555556,0.23570226,0.555555556,0.511309993,0.055555556,0.23570226,0.111111111,0.323380833,0.055555556,0.23570226
33_04_05.bmp,2.055555555555556,0.166666667,0.383482494,0.388888889,0.501631326,0.277777778,0.460888599,0.055555556,0.23570226,0.333333333,0.48507125,0.166666667,0.383482494,0.055555556,0.23570226
28_02_03.bmp,2.388888888888889,0.0,0.0,0.833333333,0.383482494,0.111111111,0.323380833,0.0,0.0,0.166666667,0.383482494,0.0,0.0,0.055555556,0.23570226
01_10_02.bmp,2.9444444444444446,0.611111111,0.501631326,0.444444444,0.511309993,0.166666667,0.383482494,0.0,0.0,0.0,0.0,0.055555556,0.23570226,0.055555556,0.23570226
32_17_02.bmp,2.5,0.111111111,0.323380833,0.611111111,0.501631326,0.111111111,0.323380833,0.0,0.0,0.5,0.514495755,0.111111111,0.323380833,0.166666667,0.383482494
02_25_01.bmp,2.7222222222222223,0.055555556,0.23570226,0.166666667,0.383482494,0.0,0.0,0.0,0.0,0.277777778,0.460888599,0.111111111,0.323380833,0.833333333,0.383482494
03_25_05.bmp,2.388888888888889,0.055555556,0.23570226,0.055555556,0.23570226,0.055555556,0.23570226,0.0,0.0,0.055555556,0.23570226,0.111111111,0.323380833,0.888888889,0.323380833
1059.jpg,3.611111111111111,0.055555556,0.23570226,0.333333333,0.48507125,0.0,0.0,0.388888889,0.501631326,0.111111111,0.323380833,0.055555556,0.23570226,0.055555556,0.23570226
16_03_01.bmp,3.2777777777777777,0.055555556,0.23570226,0.222222222,0.427792632,0.0,0.0,0.055555556,0.23570226,0.333333333,0.48507125,0.5,0.514495755,0.0,0.0
09_12_05.bmp,2.1666666666666665,0.777777778,0.427792632,0.333333333,0.48507125,0.111111111,0.323380833,0.055555556,0.23570226,0.166666667,0.383482494,0.111111111,0.323380833,0.0,0.0
19_17_01.bmp,3.555555555555556,0.055555556,0.23570226,0.333333333,0.48507125,0.055555556,0.23570226,0.0,0.0,0.166666667,0.383482494,0.222222222,0.427792632,0.111111111,0.323380833
0136.jpg,3.111111111111111,0.055555556,0.23570226,0.222222222,0.427792632,0.888888889,0.323380833,0.0,0.0,0.111111111,0.323380833,0.0,0.0,0.055555556,0.23570226
0342.jpg,3.0,0.111111111,0.323380833,0.611111111,0.501631326,0.0,0.0,0.111111111,0.323380833,0.055555556,0.23570226,0.0,0.0,0.0,0.0
21_25_03.bmp,2.611111111111111,0.055555556,0.23570226,0.055555556,0.23570226,0.111111111,0.323380833,0.0,0.0,0.0,0.0,0.055555556,0.23570226,0.888888889,0.323380833
01_22_05.bmp,1.6666666666666667,0.444444444,0.511309993,0.888888889,0.323380833,0.111111111,0.323380833,0.055555556,0.23570226,0.055555556,0.23570226,0.0,0.0,0.0,0.0
36_01_01.bmp,3.2777777777777777,0.055555556,0.23570226,0.5,0.514495755,0.166666667,0.383482494,0.0,0.0,0.0,0.0,0.0,0.0,0.111111111,0.323380833
22_06_02.bmp,2.7222222222222223,0.388888889,0.501631326,0.444444444,0.511309993,0.222222222,0.427792632,0.0,0.0,0.166666667,0.383482494,0.222222222,0.427792632,0.0,0.0
0772.jpg,3.6666666666666665,0.111111111,0.323380833,0.333333333,0.48507125,0.055555556,0.23570226,0.0,0.0,0.055555556,0.23570226,0.055555556,0.23570226,0.055555556,0.23570226
37_01_02.bmp,3.555555555555556,0.055555556,0.23570226,0.555555556,0.511309993,0.0,0.0,0.055555556,0.23570226,0.055555556,0.23570226,0.055555556,0.23570226,0.0,0.0
06_13_01.bmp,4.111111111111111,0.111111111,0.323380833,0.111111111,0.323380833,0.166666667,0.383482494,0.055555556,0.23570226,0.0,0.0,0.055555556,0.23570226,0.055555556,0.23570226
26_03_02.bmp,3.7222222222222223,0.055555556,0.23570226,0.5,0.514495755,0.055555556,0.23570226,0.0,0.0,0.055555556,0.23570226,0.055555556,0.23570226,0.055555556,0.23570226
04_06_03.bmp,2.4444444444444446,0.388888889,0.501631326,0.666666667,0.48507125,0.166666667,0.383482494,0.0,0.0,0.111111111,0.323380833,0.222222222,0.427792632,0.111111111,0.323380833
15_18_02.bmp,3.111111111111111,0.111111111,0.323380833,0.611111111,0.501631326,0.055555556,0.23570226,0.0,0.0,0.222222222,0.427792632,0.0,0.0,0.0,0.0
35_01_04.bmp,1.7222222222222223,0.055555556,0.23570226,0.944444444,0.23570226,0.055555556,0.23570226,0.0,0.0,0.0,0.0,0.0,0.0,0.055555556,0.23570226
24_25_04.bmp,2.333333333333333,0.055555556,0.23570226,0.166666667,0.383482494,0.0,0.0,0.0,0.0,0.0,0.0,0.0,0.0,0.833333333,0.383482494
0874.jpg,3.611111111111111,0.055555556,0.23570226,0.444444444,0.511309993,0.055555556,0.23570226,0.0,0.0,0.111111111,0.323380833,0.055555556,0.23570226,0.0,0.0
07_18_02.bmp,2.555555555555556,0.111111111,0.323380833,0.722222222,0.460888599,0.111111111,0.323380833,0.0,0.0,0.055555556,0.23570226,0.166666667,0.383482494,0.111111111,0.323380833
16_08_04.bmp,2.111111111111111,0.444444444,0.511309993,0.666666667,0.48507125,0.0,0.0,0.0,0.0,0.277777778,0.460888599,0.333333333,0.48507125,0.0,0.0
06_20_03.bmp,2.333333333333333,0.611111111,0.501631326,0.277777778,0.460888599,0.111111111,0.323380833,0.0,0.0,0.055555556,0.23570226,0.0,0.0,0.055555556,0.23570226
0998.jpg,3.0,0.111111111,0.323380833,0.444444444,0.511309993,0.0,0.0,0.611111111,0.501631326,0.277777778,0.460888599,0.055555556,0.23570226,0.055555556,0.23570226
01472.jpg,3.6666666666666665,0.0,0.0,0.444444444,0.511309993,0.111111111,0.323380833,0.0,0.0,0.0,0.0,0.0,0.0,0.111111111,0.323380833
17_22_02.bmp,2.388888888888889,0.222222222,0.427792632,0.666666667,0.48507125,0.111111111,0.323380833,0.055555556,0.23570226,0.222222222,0.427792632,0.0,0.0,0.0,0.0
25_06_02.bmp,2.888888888888889,0.277777778,0.460888599,0.444444444,0.511309993,0.333333333,0.48507125,0.0,0.0,0.111111111,0.323380833,0.0,0.0,0.055555556,0.23570226
10_13_03.bmp,3.055555555555556,0.166666667,0.383482494,0.277777778,0.460888599,0.444444444,0.511309993,0.055555556,0.23570226,0.388888889,0.501631326,0.166666667,0.383482494,0.0,0.0
0319.jpg,1.7777777777777777,0.055555556,0.23570226,0.944444444,0.23570226,0.055555556,0.23570226,0.111111111,0.323380833,0.222222222,0.427792632,0.0,0.0,0.055555556,0.23570226
1127.jpg,3.1666666666666665,0.0,0.0,0.166666667,0.383482494,0.0,0.0,0.0,0.0,0.777777778,0.427792632,0.0,0.0,0.055555556,0.23570226
0373.jpg,2.055555555555556,0.222222222,0.427792632,0.888888889,0.323380833,0.0,0.0,0.055555556,0.23570226,0.166666667,0.383482494,0.0,0.0,0.0,0.0
29_21_03.bmp,3.0,0.166666667,0.383482494,0.388888889,0.501631326,0.444444444,0.511309993,0.0,0.0,0.055555556,0.23570226,0.166666667,0.383482494,0.111111111,0.323380833
14_17_02.bmp,2.7777777777777777,0.111111111,0.323380833,0.333333333,0.48507125,0.111111111,0.323380833,0.0,0.0,0.111111111,0.323380833,0.277777778,0.460888599,0.222222222,0.427792632
10_07_02.bmp,2.388888888888889,0.222222222,0.427792632,0.722222222,0.460888599,0.055555556,0.23570226,0.0,0.0,0.277777778,0.460888599,0.166666667,0.383482494,0.0,0.0
01482.jpg,3.6666666666666665,0.166666667,0.383482494,0.5,0.514495755,0.111111111,0.323380833,0.0,0.0,0.0,0.0,0.055555556,0.23570226,0.055555556,0.23570226
01_06_01.bmp,3.055555555555556,0.0,0.0,0.722222222,0.460888599,0.166666667,0.383482494,0.0,0.0,0.055555556,0.23570226,0.055555556,0.23570226,0.055555556,0.23570226
0993.jpg,2.888888888888889,0.055555556,0.23570226,0.222222222,0.427792632,0.0,0.0,0.611111111,0.501631326,0.333333333,0.48507125,0.055555556,0.23570226,0.722222222,0.460888599
35_16_01.bmp,2.9444444444444446,0.111111111,0.323380833,0.555555556,0.511309993,0.277777778,0.460888599,0.0,0.0,0.0,0.0,0.0,0.0,0.055555556,0.23570226
04_11_01.bmp,2.833333333333333,0.333333333,0.48507125,0.388888889,0.501631326,0.055555556,0.23570226,0.0,0.0,0.222222222,0.427792632,0.055555556,0.23570226,0.055555556,0.23570226
25_13_04.bmp,2.1666666666666665,0.055555556,0.23570226,0.222222222,0.427792632,0.833333333,0.383482494,0.055555556,0.23570226,0.111111111,0.323380833,0.0,0.0,0.055555556,0.23570226
25_18_02.bmp,2.5,0.0,0.0,0.777777778,0.427792632,0.055555556,0.23570226,0.0,0.0,0.111111111,0.323380833,0.111111111,0.323380833,0.055555556,0.23570226
01495.jpg,3.7777777777777777,0.055555556,0.23570226,0.5,0.514495755,0.111111111,0.323380833,0.0,0.0,0.0,0.0,0.0,0.0,0.055555556,0.23570226
16_04_05.bmp,2.0,0.222222222,0.427792632,0.111111111,0.323380833,0.166666667,0.383482494,0.111111111,0.323380833,0.333333333,0.48507125,0.5,0.514495755,0.222222222,0.427792632
0294.jpg,2.555555555555556,0.111111111,0.323380833,0.222222222,0.427792632,0.055555556,0.23570226,0.833333333,0.383482494,0.055555556,0.23570226,0.0,0.0,0.055555556,0.23570226
01_04_02.bmp,3.2222222222222223,0.111111111,0.323380833,0.666666667,0.48507125,0.111111111,0.323380833,0.0,0.0,0.0,0.0,0.0,0.0,0.055555556,0.23570226
31_16_02.bmp,2.888888888888889,0.111111111,0.323380833,0.555555556,0.511309993,0.055555556,0.23570226,0.111111111,0.323380833,0.222222222,0.427792632,0.0,0.0,0.055555556,0.23570226
05_17_03.bmp,2.555555555555556,0.111111111,0.323380833,0.555555556,0.511309993,0.055555556,0.23570226,0.055555556,0.23570226,0.111111111,0.323380833,0.166666667,0.383482494,0.333333333,0.48507125
06_21_03.bmp,3.0,0.111111111,0.323380833,0.222222222,0.427792632,0.666666667,0.48507125,0.0,0.0,0.055555556,0.23570226,0.055555556,0.23570226,0.055555556,0.23570226
23_20_01.bmp,2.7777777777777777,0.222222222,0.427792632,0.277777778,0.460888599,0.222222222,0.427792632,0.222222222,0.427792632,0.166666667,0.383482494,0.0,0.0,0.0,0.0
07_12_04.bmp,2.388888888888889,0.722222222,0.460888599,0.333333333,0.48507125,0.111111111,0.323380833,0.055555556,0.23570226,0.111111111,0.323380833,0.055555556,0.23570226,0.0,0.0
01339.jpg,3.0,0.055555556,0.23570226,0.777777778,0.427792632,0.055555556,0.23570226,0.055555556,0.23570226,0.055555556,0.23570226,0.111111111,0.323380833,0.055555556,0.23570226
01415.jpg,3.555555555555556,0.0,0.0,0.555555556,0.511309993,0.111111111,0.323380833,0.055555556,0.23570226,0.0,0.0,0.0,0.0,0.0,0.0
06_03_04.bmp,2.388888888888889,0.055555556,0.23570226,0.888888889,0.323380833,0.055555556,0.23570226,0.055555556,0.23570226,0.0,0.0,0.111111111,0.323380833,0.0,0.0
0574.jpg,3.1666666666666665,0.111111111,0.323380833,0.277777778,0.460888599,0.0,0.0,0.055555556,0.23570226,0.555555556,0.511309993,0.055555556,0.23570226,0.111111111,0.323380833
1002.jpg,3.1666666666666665,0.055555556,0.23570226,0.444444444,0.511309993,0.055555556,0.23570226,0.611111111,0.501631326,0.111111111,0.323380833,0.055555556,0.23570226,0.055555556,0.23570226
09_21_01.bmp,2.7222222222222223,0.111111111,0.323380833,0.222222222,0.427792632,0.722222222,0.460888599,0.0,0.0,0.111111111,0.323380833,0.0,0.0,0.0,0.0
20_20_05.bmp,1.7222222222222223,0.555555556,0.511309993,0.166666667,0.383482494,0.277777778,0.460888599,0.333333333,0.48507125,0.055555556,0.23570226,0.111111111,0.323380833,0.0,0.0
0636.jpg,3.4444444444444446,0.111111111,0.323380833,0.388888889,0.501631326,0.055555556,0.23570226,0.055555556,0.23570226,0.055555556,0.23570226,0.111111111,0.323380833,0.055555556,0.23570226
15_04_01.bmp,3.611111111111111,0.055555556,0.23570226,0.388888889,0.501631326,0.0,0.0,0.055555556,0.23570226,0.333333333,0.48507125,0.0,0.0,0.111111111,0.323380833
01498.jpg,3.611111111111111,0.111111111,0.323380833,0.555555556,0.511309993,0.166666667,0.383482494,0.055555556,0.23570226,0.0,0.0,0.0,0.0,0.0,0.0
27_25_02.bmp,2.5,0.055555556,0.23570226,0.222222222,0.427792632,0.0,0.0,0.0,0.0,0.333333333,0.48507125,0.055555556,0.23570226,0.944444444,0.23570226
0348.jpg,2.888888888888889,0.166666667,0.383482494,0.833333333,0.383482494,0.0,0.0,0.055555556,0.23570226,0.055555556,0.23570226,0.055555556,0.23570226,0.055555556,0.23570226
01357.jpg,3.2222222222222223,0.0,0.0,0.666666667,0.48507125,0.222222222,0.427792632,0.0,0.0,0.055555556,0.23570226,0.0,0.0,0.055555556,0.23570226
13_25_02.bmp,2.7777777777777777,0.0,0.0,0.111111111,0.323380833,0.111111111,0.323380833,0.0,0.0,0.055555556,0.23570226,0.0,0.0,0.833333333,0.383482494
12_22_05.bmp,1.6111111111111112,0.222222222,0.427792632,0.722222222,0.460888599,0.111111111,0.323380833,0.111111111,0.323380833,0.055555556,0.23570226,0.0,0.0,0.0,0.0
17_22_01.bmp,2.9444444444444446,0.222222222,0.427792632,0.611111111,0.501631326,0.055555556,0.23570226,0.055555556,0.23570226,0.166666667,0.383482494,0.0,0.0,0.0,0.0
09_03_02.bmp,3.333333333333333,0.166666667,0.383482494,0.722222222,0.460888599,0.111111111,0.323380833,0.055555556,0.23570226,0.111111111,0.323380833,0.0,0.0,0.0,0.0
0904.jpg,3.7222222222222223,0.111111111,0.323380833,0.555555556,0.511309993,0.055555556,0.23570226,0.0,0.0,0.166666667,0.383482494,0.0,0.0,0.0,0.0
13_13_03.bmp,3.5,0.055555556,0.23570226,0.111111111,0.323380833,0.5,0.514495755,0.0,0.0,0.111111111,0.323380833,0.0,0.0,0.055555556,0.23570226
15_14_05.bmp,1.6666666666666667,0.111111111,0.323380833,0.222222222,0.427792632,0.055555556,0.23570226,0.888888889,0.323380833,0.277777778,0.460888599,0.111111111,0.323380833,0.0,0.0
15_05_02.bmp,3.2777777777777777,0.222222222,0.427792632,0.388888889,0.501631326,0.055555556,0.23570226,0.0,0.0,0.277777778,0.460888599,0.055555556,0.23570226,0.055555556,0.23570226
10_07_05.bmp,1.4444444444444444,0.111111111,0.323380833,0.888888889,0.323380833,0.0,0.0,0.0,0.0,0.166666667,0.383482494,0.111111111,0.323380833,0.0,0.0
34_11_04.bmp,2.1666666666666665,0.888888889,0.323380833,0.333333333,0.48507125,0.166666667,0.383482494,0.0,0.0,0.111111111,0.323380833,0.0,0.0,0.055555556,0.23570226
23_11_03.bmp,2.5,0.777777778,0.427792632,0.166666667,0.383482494,0.055555556,0.23570226,0.0,0.0,0.388888889,0.501631326,0.055555556,0.23570226,0.0,0.0
03_03_02.bmp,3.4444444444444446,0.111111111,0.323380833,0.555555556,0.511309993,0.055555556,0.23570226,0.055555556,0.23570226,0.111111111,0.323380833,0.055555556,0.23570226,0.055555556,0.23570226
0314.jpg,2.555555555555556,0.111111111,0.323380833,0.888888889,0.323380833,0.0,0.0,0.111111111,0.323380833,0.222222222,0.427792632,0.0,0.0,0.055555556,0.23570226
27_03_02.bmp,2.9444444444444446,0.111111111,0.323380833,0.388888889,0.501631326,0.0,0.0,0.055555556,0.23570226,0.5,0.514495755,0.055555556,0.23570226,0.0,0.0
21_24_02.bmp,2.555555555555556,0.222222222,0.427792632,0.833333333,0.383482494,0.0,0.0,0.0,0.0,0.0,0.0,0.055555556,0.23570226,0.055555556,0.23570226
0899.jpg,3.5,0.166666667,0.383482494,0.444444444,0.511309993,0.055555556,0.23570226,0.0,0.0,0.055555556,0.23570226,0.0,0.0,0.0,0.0
20_05_04.bmp,2.055555555555556,0.222222222,0.427792632,0.666666667,0.48507125,0.111111111,0.323380833,0.0,0.0,0.166666667,0.383482494,0.111111111,0.323380833,0.055555556,0.23570226
14_07_02.bmp,2.4444444444444446,0.166666667,0.383482494,0.777777778,0.427792632,0.111111111,0.323380833,0.0,0.0,0.0,0.0,0.166666667,0.383482494,0.055555556,0.23570226
37_23_04.bmp,2.5,0.111111111,0.323380833,0.222222222,0.427792632,0.0,0.0,0.722222222,0.460888599,0.111111111,0.323380833,0.111111111,0.323380833,0.111111111,0.323380833
20_21_01.bmp,1.6666666666666667,0.055555556,0.23570226,0.166666667,0.383482494,0.944444444,0.23570226,0.0,0.0,0.055555556,0.23570226,0.055555556,0.23570226,0.0,0.0
0584.jpg,3.0,0.055555556,0.23570226,0.222222222,0.427792632,0.0,0.0,0.388888889,0.501631326,0.388888889,0.501631326,0.111111111,0.323380833,0.055555556,0.23570226
03_09_01.bmp,3.0,0.611111111,0.501631326,0.277777778,0.460888599,0.055555556,0.23570226,0.055555556,0.23570226,0.111111111,0.323380833,0.0,0.0,0.055555556,0.23570226
10_25_04.bmp,2.0,0.0,0.0,0.222222222,0.427792632,0.0,0.0,0.0,0.0,0.277777778,0.460888599,0.166666667,0.383482494,0.944444444,0.23570226
16_01_05.bmp,1.4444444444444444,0.0,0.0,0.888888889,0.323380833,0.0,0.0,0.0,0.0,0.277777778,0.460888599,0.5,0.514495755,0.055555556,0.23570226
18_10_04.bmp,2.5,0.777777778,0.427792632,0.222222222,0.427792632,0.055555556,0.23570226,0.055555556,0.23570226,0.0,0.0,0.0,0.0,0.0,0.0
11_14_01.bmp,3.111111111111111,0.111111111,0.323380833,0.277777778,0.460888599,0.055555556,0.23570226,0.388888889,0.501631326,0.277777778,0.460888599,0.055555556,0.23570226,0.0,0.0
13_14_05.bmp,2.2222222222222223,0.055555556,0.23570226,0.166666667,0.383482494,0.055555556,0.23570226,0.777777778,0.427792632,0.222222222,0.427792632,0.055555556,0.23570226,0.111111111,0.323380833
01418.jpg,3.4444444444444446,0.0,0.0,0.5,0.514495755,0.055555556,0.23570226,0.0,0.0,0.055555556,0.23570226,0.055555556,0.23570226,0.111111111,0.323380833
24_10_04.bmp,2.388888888888889,0.666666667,0.48507125,0.333333333,0.48507125,0.055555556,0.23570226,0.0,0.0,0.055555556,0.23570226,0.055555556,0.23570226,0.0,0.0
01245.jpg,2.611111111111111,0.333333333,0.48507125,0.666666667,0.48507125,0.055555556,0.23570226,0.444444444,0.511309993,0.222222222,0.427792632,0.0,0.0,0.055555556,0.23570226
08_12_04.bmp,3.111111111111111,0.833333333,0.383482494,0.055555556,0.23570226,0.055555556,0.23570226,0.0,0.0,0.111111111,0.323380833,0.055555556,0.23570226,0.0,0.0
02_23_03.bmp,2.833333333333333,0.0,0.0,0.111111111,0.323380833,0.055555556,0.23570226,0.722222222,0.460888599,0.277777778,0.460888599,0.055555556,0.23570226,0.166666667,0.383482494
16_15_04.bmp,3.2222222222222223,0.055555556,0.23570226,0.111111111,0.323380833,0.0,0.0,0.388888889,0.501631326,0.222222222,0.427792632,0.333333333,0.48507125,0.111111111,0.323380833
0201.jpg,1.9444444444444444,0.055555556,0.23570226,0.222222222,0.427792632,0.0,0.0,0.888888889,0.323380833,0.333333333,0.48507125,0.0,0.0,0.0,0.0
22_01_05.bmp,1.2777777777777777,0.0,0.0,1.0,0.0,0.0,0.0,0.0,0.0,0.111111111,0.323380833,0.055555556,0.23570226,0.055555556,0.23570226
17_13_05.bmp,1.9444444444444444,0.055555556,0.23570226,0.111111111,0.323380833,0.888888889,0.323380833,0.055555556,0.23570226,0.166666667,0.383482494,0.0,0.0,0.0,0.0
13_05_02.bmp,3.1666666666666665,0.222222222,0.427792632,0.444444444,0.511309993,0.111111111,0.323380833,0.055555556,0.23570226,0.222222222,0.427792632,0.0,0.0,0.055555556,0.23570226
04_08_01.bmp,3.0,0.277777778,0.460888599,0.666666667,0.48507125,0.111111111,0.323380833,0.0,0.0,0.166666667,0.383482494,0.0,0.0,0.0,0.0
01384.jpg,3.8333333333333335,0.055555556,0.23570226,0.666666667,0.48507125,0.055555556,0.23570226,0.055555556,0.23570226,0.055555556,0.23570226,0.0,0.0,0.055555556,0.23570226
1050.jpg,3.0,0.111111111,0.323380833,0.444444444,0.511309993,0.055555556,0.23570226,0.5,0.514495755,0.222222222,0.427792632,0.055555556,0.23570226,0.055555556,0.23570226
10_02_03.bmp,1.9444444444444444,0.055555556,0.23570226,0.888888889,0.323380833,0.0,0.0,0.0,0.0,0.388888889,0.501631326,0.166666667,0.383482494,0.0,0.0
27_06_05.bmp,1.8888888888888888,0.222222222,0.427792632,0.388888889,0.501631326,0.277777778,0.460888599,0.166666667,0.383482494,0.333333333,0.48507125,0.166666667,0.383482494,0.0,0.0
33_10_01.bmp,3.5,0.111111111,0.323380833,0.388888889,0.501631326,0.055555556,0.23570226,0.055555556,0.23570226,0.5,0.514495755,0.0,0.0,0.0,0.0
13_13_02.bmp,3.6666666666666665,0.055555556,0.23570226,0.222222222,0.427792632,0.388888889,0.501631326,0.0,0.0,0.166666667,0.383482494,0.0,0.0,0.111111111,0.323380833
0879.jpg,3.7222222222222223,0.111111111,0.323380833,0.388888889,0.501631326,0.0,0.0,0.055555556,0.23570226,0.111111111,0.323380833,0.055555556,0.23570226,0.0,0.0
0569.jpg,3.2222222222222223,0.055555556,0.23570226,0.277777778,0.460888599,0.0,0.0,0.222222222,0.427792632,0.666666667,0.48507125,0.0,0.0,0.055555556,0.23570226
0286.jpg,2.388888888888889,0.277777778,0.460888599,0.333333333,0.48507125,0.055555556,0.23570226,0.722222222,0.460888599,0.111111111,0.323380833,0.0,0.0,0.055555556,0.23570226
01_12_03.bmp,2.2777777777777777,0.777777778,0.427792632,0.444444444,0.511309993,0.111111111,0.323380833,0.055555556,0.23570226,0.0,0.0,0.055555556,0.23570226,0.055555556,0.23570226
0268.jpg,1.4444444444444444,0.388888889,0.501631326,0.611111111,0.501631326,0.0,0.0,0.944444444,0.23570226,0.055555556,0.23570226,0.055555556,0.23570226,0.0,0.0
09_08_03.bmp,2.4444444444444446,0.555555556,0.511309993,0.555555556,0.511309993,0.111111111,0.323380833,0.0,0.0,0.166666667,0.383482494,0.111111111,0.323380833,0.0,0.0
31_25_03.bmp,2.333333333333333,0.055555556,0.23570226,0.111111111,0.323380833,0.0,0.0,0.111111111,0.323380833,0.166666667,0.383482494,0.0,0.0,0.833333333,0.383482494
0679.jpg,3.4444444444444446,0.111111111,0.323380833,0.277777778,0.460888599,0.0,0.0,0.166666667,0.383482494,0.055555556,0.23570226,0.111111111,0.323380833,0.055555556,0.23570226
36_08_04.bmp,2.388888888888889,0.111111111,0.323380833,0.666666667,0.48507125,0.055555556,0.23570226,0.0,0.0,0.0,0.0,0.055555556,0.23570226,0.055555556,0.23570226
0119.jpg,2.388888888888889,0.055555556,0.23570226,0.277777778,0.460888599,0.944444444,0.23570226,0.0,0.0,0.166666667,0.383482494,0.0,0.0,0.055555556,0.23570226
35_23_04.bmp,2.1666666666666665,0.0,0.0,0.333333333,0.48507125,0.055555556,0.23570226,0.722222222,0.460888599,0.0,0.0,0.0,0.0,0.166666667,0.383482494
01_14_01.bmp,3.111111111111111,0.111111111,0.323380833,0.611111111,0.501631326,0.166666667,0.383482494,0.0,0.0,0.0,0.0,0.0,0.0,0.055555556,0.23570226
0173.jpg,2.833333333333333,0.055555556,0.23570226,0.333333333,0.48507125,0.888888889,0.323380833,0.0,0.0,0.166666667,0.383482494,0.0,0.0,0.055555556,0.23570226
0885.jpg,3.611111111111111,0.222222222,0.427792632,0.444444444,0.511309993,0.0,0.0,0.055555556,0.23570226,0.111111111,0.323380833,0.055555556,0.23570226,0.0,0.0
19_10_04.bmp,2.388888888888889,0.722222222,0.460888599,0.333333333,0.48507125,0.111111111,0.323380833,0.0,0.0,0.111111111,0.323380833,0.055555556,0.23570226,0.0,0.0
06_18_02.bmp,2.4444444444444446,0.222222222,0.427792632,0.666666667,0.48507125,0.111111111,0.323380833,0.0,0.0,0.0,0.0,0.222222222,0.427792632,0.277777778,0.460888599
33_11_05.bmp,2.2222222222222223,0.833333333,0.383482494,0.222222222,0.427792632,0.055555556,0.23570226,0.0,0.0,0.444444444,0.511309993,0.055555556,0.23570226,0.0,0.0
0836.jpg,3.4444444444444446,0.166666667,0.383482494,0.5,0.514495755,0.055555556,0.23570226,0.0,0.0,0.277777778,0.460888599,0.055555556,0.23570226,0.0,0.0
01421.jpg,3.5,0.055555556,0.23570226,0.611111111,0.501631326,0.055555556,0.23570226,0.0,0.0,0.055555556,0.23570226,0.0,0.0,0.0,0.0
03_17_01.bmp,3.555555555555556,0.055555556,0.23570226,0.333333333,0.48507125,0.166666667,0.383482494,0.111111111,0.323380833,0.166666667,0.383482494,0.0,0.0,0.166666667,0.383482494
1085.jpg,2.7222222222222223,0.055555556,0.23570226,0.222222222,0.427792632,0.0,0.0,0.055555556,0.23570226,0.666666667,0.48507125,0.611111111,0.501631326,0.222222222,0.427792632
37_23_05.bmp,1.8888888888888888,0.0,0.0,0.277777778,0.460888599,0.055555556,0.23570226,0.777777778,0.427792632,0.055555556,0.23570226,0.055555556,0.23570226,0.111111111,0.323380833
0095.jpg,1.6666666666666667,0.0,0.0,0.611111111,0.501631326,1.0,0.0,0.055555556,0.23570226,0.055555556,0.23570226,0.0,0.0,0.055555556,0.23570226
22_25_05.bmp,2.0,0.055555556,0.23570226,0.166666667,0.383482494,0.0,0.0,0.0,0.0,0.0,0.0,0.0,0.0,0.833333333,0.383482494
26_25_03.bmp,2.833333333333333,0.055555556,0.23570226,0.111111111,0.323380833,0.055555556,0.23570226,0.0,0.0,0.055555556,0.23570226,0.055555556,0.23570226,0.722222222,0.460888599
20_01_05.bmp,1.4444444444444444,0.055555556,0.23570226,0.944444444,0.23570226,0.0,0.0,0.0,0.0,0.166666667,0.383482494,0.055555556,0.23570226,0.0,0.0
11_25_05.bmp,1.9444444444444444,0.055555556,0.23570226,0.111111111,0.323380833,0.0,0.0,0.111111111,0.323380833,0.222222222,0.427792632,0.055555556,0.23570226,0.888888889,0.323380833
10_06_01.bmp,2.7777777777777777,0.388888889,0.501631326,0.388888889,0.501631326,0.111111111,0.323380833,0.055555556,0.23570226,0.277777778,0.460888599,0.333333333,0.48507125,0.111111111,0.323380833
05_07_05.bmp,1.3888888888888888,0.222222222,0.427792632,0.888888889,0.323380833,0.055555556,0.23570226,0.0,0.0,0.0,0.0,0.055555556,0.23570226,0.055555556,0.23570226
0197.jpg,2.0,0.055555556,0.23570226,0.222222222,0.427792632,0.055555556,0.23570226,0.833333333,0.383482494,0.055555556,0.23570226,0.0,0.0,0.0,0.0
01434.jpg,3.888888888888889,0.0,0.0,0.5,0.514495755,0.055555556,0.23570226,0.0,0.0,0.0,0.0,0.055555556,0.23570226,0.0,0.0
08_11_02.bmp,3.4444444444444446,0.666666667,0.48507125,0.055555556,0.23570226,0.0,0.0,0.055555556,0.23570226,0.111111111,0.323380833,0.055555556,0.23570226,0.055555556,0.23570226
0630.jpg,3.2222222222222223,0.111111111,0.323380833,0.5,0.514495755,0.0,0.0,0.166666667,0.383482494,0.055555556,0.23570226,0.111111111,0.323380833,0.055555556,0.23570226
21_17_04.bmp,2.4444444444444446,0.055555556,0.23570226,0.5,0.514495755,0.0,0.0,0.0,0.0,0.111111111,0.323380833,0.222222222,0.427792632,0.166666667,0.383482494
0828.jpg,3.333333333333333,0.055555556,0.23570226,0.5,0.514495755,0.055555556,0.23570226,0.111111111,0.323380833,0.0,0.0,0.0,0.0,0.055555556,0.23570226
27_19_01.bmp,3.055555555555556,0.055555556,0.23570226,0.555555556,0.511309993,0.055555556,0.23570226,0.111111111,0.323380833,0.333333333,0.48507125,0.055555556,0.23570226,0.0,0.0
03_15_04.bmp,3.7777777777777777,0.055555556,0.23570226,0.166666667,0.383482494,0.111111111,0.323380833,0.111111111,0.323380833,0.111111111,0.323380833,0.0,0.0,0.055555556,0.23570226
1109.jpg,3.333333333333333,0.0,0.0,0.333333333,0.48507125,0.0,0.0,0.0,0.0,0.722222222,0.460888599,0.0,0.0,0.0,0.0
31_04_05.bmp,2.333333333333333,0.388888889,0.501631326,0.333333333,0.48507125,0.222222222,0.427792632,0.055555556,0.23570226,0.166666667,0.383482494,0.166666667,0.383482494,0.111111111,0.323380833
24_05_03.bmp,2.555555555555556,0.111111111,0.323380833,0.777777778,0.427792632,0.055555556,0.23570226,0.055555556,0.23570226,0.055555556,0.23570226,0.0,0.0,0.0,0.0
16_14_05.bmp,1.4444444444444444,0.055555556,0.23570226,0.055555556,0.23570226,0.055555556,0.23570226,0.833333333,0.383482494,0.277777778,0.460888599,0.277777778,0.460888599,0.0,0.0
01254.jpg,3.8333333333333335,0.111111111,0.323380833,0.111111111,0.323380833,0.055555556,0.23570226,0.0,0.0,0.388888889,0.501631326,0.0,0.0,0.5,0.514495755
01267.jpg,3.555555555555556,0.333333333,0.48507125,0.611111111,0.501631326,0.055555556,0.23570226,0.0,0.0,0.222222222,0.427792632,0.055555556,0.23570226,0.055555556,0.23570226
18_21_02.bmp,2.5,0.0,0.0,0.222222222,0.427792632,0.777777778,0.427792632,0.0,0.0,0.0,0.0,0.055555556,0.23570226,0.055555556,0.23570226
13_11_03.bmp,2.7777777777777777,0.777777778,0.427792632,0.166666667,0.383482494,0.166666667,0.383482494,0.055555556,0.23570226,0.166666667,0.383482494,0.0,0.0,0.055555556,0.23570226
18_01_03.bmp,2.6666666666666665,0.166666667,0.383482494,0.777777778,0.427792632,0.055555556,0.23570226,0.055555556,0.23570226,0.0,0.0,0.055555556,0.23570226,0.055555556,0.23570226
07_01_02.bmp,3.1666666666666665,0.055555556,0.23570226,0.611111111,0.501631326,0.333333333,0.48507125,0.0,0.0,0.055555556,0.23570226,0.0,0.0,0.055555556,0.23570226
1136.jpg,3.4444444444444446,0.0,0.0,0.444444444,0.511309993,0.111111111,0.323380833,0.055555556,0.23570226,0.055555556,0.23570226,0.111111111,0.323380833,0.0,0.0
31_10_02.bmp,3.055555555555556,0.666666667,0.48507125,0.277777778,0.460888599,0.055555556,0.23570226,0.0,0.0,0.111111111,0.323380833,0.0,0.0,0.111111111,0.323380833
05_21_03.bmp,2.6666666666666665,0.111111111,0.323380833,0.388888889,0.501631326,0.611111111,0.501631326,0.055555556,0.23570226,0.0,0.0,0.111111111,0.323380833,0.055555556,0.23570226
01_13_02.bmp,3.055555555555556,0.055555556,0.23570226,0.666666667,0.48507125,0.166666667,0.383482494,0.0,0.0,0.055555556,0.23570226,0.0,0.0,0.055555556,0.23570226
28_23_03.bmp,2.4444444444444446,0.111111111,0.323380833,0.222222222,0.427792632,0.0,0.0,0.722222222,0.460888599,0.111111111,0.323380833,0.0,0.0,0.111111111,0.323380833
22_05_04.bmp,1.7777777777777777,0.277777778,0.460888599,0.777777778,0.427792632,0.055555556,0.23570226,0.0,0.0,0.166666667,0.383482494,0.111111111,0.323380833,0.055555556,0.23570226
25_15_01.bmp,1.6111111111111112,0.055555556,0.23570226,0.222222222,0.427792632,0.888888889,0.323380833,0.0,0.0,0.111111111,0.323380833,0.0,0.0,0.0,0.0
01_07_05.bmp,1.6666666666666667,0.388888889,0.501631326,0.777777778,0.427792632,0.166666667,0.383482494,0.0,0.0,0.055555556,0.23570226,0.166666667,0.383482494,0.111111111,0.323380833
14_13_01.bmp,3.5,0.055555556,0.23570226,0.555555556,0.511309993,0.166666667,0.383482494,0.0,0.0,0.0,0.0,0.055555556,0.23570226,0.055555556,0.23570226
0988.jpg,3.333333333333333,0.055555556,0.23570226,0.166666667,0.383482494,0.0,0.0,0.666666667,0.48507125,0.222222222,0.427792632,0.0,0.0,0.055555556,0.23570226
18_03_03.bmp,2.611111111111111,0.111111111,0.323380833,0.777777778,0.427792632,0.055555556,0.23570226,0.055555556,0.23570226,0.0,0.0,0.0,0.0,0.055555556,0.23570226
0961.jpg,3.2777777777777777,0.0,0.0,0.444444444,0.511309993,0.0,0.0,0.722222222,0.460888599,0.055555556,0.23570226,0.0,0.0,0.0,0.0
08_13_01.bmp,4.222222222222222,0.111111111,0.323380833,0.055555556,0.23570226,0.111111111,0.323380833,0.0,0.0,0.111111111,0.323380833,0.0,0.0,0.055555556,0.23570226
0611.jpg,3.388888888888889,0.055555556,0.23570226,0.5,0.514495755,0.0,0.0,0.111111111,0.323380833,0.277777778,0.460888599,0.055555556,0.23570226,0.055555556,0.23570226
04_08_05.bmp,1.8333333333333333,0.5,0.514495755,0.722222222,0.460888599,0.166666667,0.383482494,0.0,0.0,0.222222222,0.427792632,0.055555556,0.23570226,0.111111111,0.323380833
31_14_02.bmp,3.1666666666666665,0.055555556,0.23570226,0.333333333,0.48507125,0.0,0.0,0.388888889,0.501631326,0.166666667,0.383482494,0.0,0.0,0.055555556,0.23570226
17_20_03.bmp,2.2777777777777777,0.444444444,0.511309993,0.222222222,0.427792632,0.277777778,0.460888599,0.333333333,0.48507125,0.166666667,0.383482494,0.0,0.0,0.0,0.0
0977.jpg,3.555555555555556,0.055555556,0.23570226,0.222222222,0.427792632,0.0,0.0,0.666666667,0.48507125,0.166666667,0.383482494,0.0,0.0,0.0,0.0
23_03_04.bmp,2.333333333333333,0.111111111,0.323380833,0.777777778,0.427792632,0.055555556,0.23570226,0.0,0.0,0.277777778,0.460888599,0.055555556,0.23570226,0.0,0.0
28_20_04.bmp,2.1666666666666665,0.666666667,0.48507125,0.611111111,0.501631326,0.111111111,0.323380833,0.055555556,0.23570226,0.166666667,0.383482494,0.055555556,0.23570226,0.0,0.0
21_13_02.bmp,3.2777777777777777,0.055555556,0.23570226,0.277777778,0.460888599,0.333333333,0.48507125,0.0,0.0,0.055555556,0.23570226,0.055555556,0.23570226,0.055555556,0.23570226
31_18_02.bmp,2.888888888888889,0.111111111,0.323380833,0.666666667,0.48507125,0.0,0.0,0.0,0.0,0.166666667,0.383482494,0.111111111,0.323380833,0.055555556,0.23570226
19_16_05.bmp,1.5,0.277777778,0.460888599,0.888888889,0.323380833,0.0,0.0,0.0,0.0,0.055555556,0.23570226,0.055555556,0.23570226,0.0,0.0
27_18_02.bmp,2.9444444444444446,0.166666667,0.383482494,0.611111111,0.501631326,0.055555556,0.23570226,0.0,0.0,0.5,0.514495755,0.055555556,0.23570226,0.055555556,0.23570226
02_03_02.bmp,3.0,0.0,0.0,0.555555556,0.511309993,0.055555556,0.23570226,0.0,0.0,0.611111111,0.501631326,0.0,0.0,0.055555556,0.23570226
03_01_04.bmp,2.833333333333333,0.111111111,0.323380833,0.833333333,0.383482494,0.111111111,0.323380833,0.0,0.0,0.111111111,0.323380833,0.0,0.0,0.0,0.0
14_25_04.bmp,2.111111111111111,0.055555556,0.23570226,0.166666667,0.383482494,0.111111111,0.323380833,0.055555556,0.23570226,0.0,0.0,0.055555556,0.23570226,1.0,0.0
02_14_02.bmp,3.5,0.0,0.0,0.222222222,0.427792632,0.111111111,0.323380833,0.055555556,0.23570226,0.5,0.514495755,0.111111111,0.323380833,0.055555556,0.23570226
01271.jpg,2.4444444444444446,0.277777778,0.460888599,0.944444444,0.23570226,0.111111111,0.323380833,0.0,0.0,0.055555556,0.23570226,0.055555556,0.23570226,0.055555556,0.23570226
21_05_04.bmp,1.8888888888888888,0.277777778,0.460888599,0.722222222,0.460888599,0.055555556,0.23570226,0.0,0.0,0.055555556,0.23570226,0.055555556,0.23570226,0.055555556,0.23570226
0970.jpg,2.833333333333333,0.055555556,0.23570226,0.388888889,0.501631326,0.0,0.0,0.666666667,0.48507125,0.166666667,0.383482494,0.0,0.0,0.055555556,0.23570226
22_23_04.bmp,2.388888888888889,0.055555556,0.23570226,0.222222222,0.427792632,0.055555556,0.23570226,0.722222222,0.460888599,0.0,0.0,0.0,0.0,0.111111111,0.323380833
0951.jpg,2.888888888888889,0.0,0.0,0.388888889,0.501631326,0.0,0.0,0.611111111,0.501631326,0.166666667,0.383482494,0.055555556,0.23570226,0.055555556,0.23570226
25_17_03.bmp,2.6666666666666665,0.111111111,0.323380833,0.5,0.514495755,0.055555556,0.23570226,0.0,0.0,0.222222222,0.427792632,0.222222222,0.427792632,0.166666667,0.383482494
01250.jpg,2.833333333333333,0.222222222,0.427792632,0.833333333,0.383482494,0.111111111,0.323380833,0.055555556,0.23570226,0.277777778,0.460888599,0.0,0.0,0.0,0.0
34_17_02.bmp,2.7777777777777777,0.055555556,0.23570226,0.5,0.514495755,0.166666667,0.383482494,0.055555556,0.23570226,0.166666667,0.383482494,0.222222222,0.427792632,0.222222222,0.427792632
27_15_05.bmp,2.1666666666666665,0.111111111,0.323380833,0.388888889,0.501631326,0.055555556,0.23570226,0.888888889,0.323380833,0.277777778,0.460888599,0.111111111,0.323380833,0.0,0.0
0818.jpg,3.5,0.055555556,0.23570226,0.388888889,0.501631326,0.0,0.0,0.0,0.0,0.166666667,0.383482494,0.111111111,0.323380833,0.055555556,0.23570226
0464.jpg,2.555555555555556,0.111111111,0.323380833,0.333333333,0.48507125,0.0,0.0,0.222222222,0.427792632,0.833333333,0.383482494,0.0,0.0,0.0,0.0
08_08_02.bmp,4.055555555555555,0.333333333,0.48507125,0.277777778,0.460888599,0.055555556,0.23570226,0.055555556,0.23570226,0.111111111,0.323380833,0.0,0.0,0.0,0.0
02_13_02.bmp,3.388888888888889,0.0,0.0,0.333333333,0.48507125,0.166666667,0.383482494,0.055555556,0.23570226,0.444444444,0.511309993,0.0,0.0,0.055555556,0.23570226
16_20_04.bmp,2.0,0.5,0.514495755,0.222222222,0.427792632,0.277777778,0.460888599,0.333333333,0.48507125,0.333333333,0.48507125,0.333333333,0.48507125,0.0,0.0
12_14_02.bmp,3.5,0.166666667,0.383482494,0.111111111,0.323380833,0.111111111,0.323380833,0.222222222,0.427792632,0.055555556,0.23570226,0.055555556,0.23570226,0.055555556,0.23570226
30_03_04.bmp,2.4444444444444446,0.0,0.0,0.833333333,0.383482494,0.0,0.0,0.055555556,0.23570226,0.277777778,0.460888599,0.0,0.0,0.0,0.0
0979.jpg,3.055555555555556,0.111111111,0.323380833,0.333333333,0.48507125,0.0,0.0,0.666666667,0.48507125,0.111111111,0.323380833,0.055555556,0.23570226,0.0,0.0
03_14_04.bmp,2.7222222222222223,0.111111111,0.323380833,0.166666667,0.383482494,0.055555556,0.23570226,0.777777778,0.427792632,0.111111111,0.323380833,0.055555556,0.23570226,0.0,0.0
36_14_04.bmp,2.611111111111111,0.166666667,0.383482494,0.5,0.514495755,0.222222222,0.427792632,0.277777778,0.460888599,0.0,0.0,0.055555556,0.23570226,0.055555556,0.23570226
22_11_01.bmp,3.388888888888889,0.277777778,0.460888599,0.333333333,0.48507125,0.055555556,0.23570226,0.0,0.0,0.111111111,0.323380833,0.222222222,0.427792632,0.0,0.0
30_14_03.bmp,2.5,0.055555556,0.23570226,0.444444444,0.511309993,0.0,0.0,0.722222222,0.460888599,0.277777778,0.460888599,0.055555556,0.23570226,0.0,0.0
36_17_02.bmp,2.7222222222222223,0.055555556,0.23570226,0.666666667,0.48507125,0.222222222,0.427792632,0.0,0.0,0.166666667,0.383482494,0.111111111,0.323380833,0.222222222,0.427792632
12_25_01.bmp,2.9444444444444446,0.055555556,0.23570226,0.111111111,0.323380833,0.055555556,0.23570226,0.055555556,0.23570226,0.055555556,0.23570226,0.0,0.0,0.888888889,0.323380833
0351.jpg,2.555555555555556,0.111111111,0.323380833,0.722222222,0.460888599,0.055555556,0.23570226,0.055555556,0.23570226,0.111111111,0.323380833,0.0,0.0,0.0,0.0
1101.jpg,2.611111111111111,0.166666667,0.383482494,0.666666667,0.48507125,0.0,0.0,0.111111111,0.323380833,0.0,0.0,0.111111111,0.323380833,0.0,0.0
13_02_02.bmp,2.9444444444444446,0.0,0.0,0.722222222,0.460888599,0.111111111,0.323380833,0.0,0.0,0.166666667,0.383482494,0.111111111,0.323380833,0.055555556,0.23570226
36_16_04.bmp,2.0,0.166666667,0.383482494,0.833333333,0.383482494,0.0,0.0,0.111111111,0.323380833,0.055555556,0.23570226,0.0,0.0,0.0,0.0
28_11_04.bmp,2.5,0.833333333,0.383482494,0.222222222,0.427792632,0.166666667,0.383482494,0.0,0.0,0.222222222,0.427792632,0.055555556,0.23570226,0.055555556,0.23570226
09_03_05.bmp,1.6111111111111112,0.055555556,0.23570226,0.888888889,0.323380833,0.166666667,0.383482494,0.0,0.0,0.166666667,0.383482494,0.0,0.0,0.0,0.0
22_20_04.bmp,1.7222222222222223,0.333333333,0.48507125,0.333333333,0.48507125,0.277777778,0.460888599,0.333333333,0.48507125,0.111111111,0.323380833,0.111111111,0.323380833,0.0,0.0
11_19_03.bmp,2.5,0.166666667,0.383482494,0.333333333,0.48507125,0.444444444,0.511309993,0.0,0.0,0.222222222,0.427792632,0.055555556,0.23570226,0.055555556,0.23570226
36_09_04.bmp,2.388888888888889,0.777777778,0.427792632,0.444444444,0.511309993,0.055555556,0.23570226,0.0,0.0,0.055555556,0.23570226,0.0,0.0,0.111111111,0.323380833
0875.jpg,3.6666666666666665,0.055555556,0.23570226,0.444444444,0.511309993,0.0,0.0,0.055555556,0.23570226,0.111111111,0.323380833,0.0,0.0,0.0,0.0
0403.jpg,2.555555555555556,0.111111111,0.323380833,0.833333333,0.383482494,0.0,0.0,0.055555556,0.23570226,0.055555556,0.23570226,0.055555556,0.23570226,0.055555556,0.23570226
25_25_02.bmp,2.4444444444444446,0.055555556,0.23570226,0.111111111,0.323380833,0.111111111,0.323380833,0.0,0.0,0.111111111,0.323380833,0.0,0.0,0.944444444,0.23570226
08_14_01.bmp,4.0,0.222222222,0.427792632,0.0,0.0,0.055555556,0.23570226,0.333333333,0.48507125,0.055555556,0.23570226,0.0,0.0,0.055555556,0.23570226
37_20_04.bmp,2.055555555555556,0.5,0.514495755,0.555555556,0.511309993,0.166666667,0.383482494,0.277777778,0.460888599,0.055555556,0.23570226,0.111111111,0.323380833,0.0,0.0
01_14_05.bmp,2.5,0.166666667,0.383482494,0.5,0.514495755,0.222222222,0.427792632,0.111111111,0.323380833,0.055555556,0.23570226,0.111111111,0.323380833,0.0,0.0
0932.jpg,3.1666666666666665,0.111111111,0.323380833,0.222222222,0.427792632,0.0,0.0,0.611111111,0.501631326,0.333333333,0.48507125,0.0,0.0,0.055555556,0.23570226
05_17_02.bmp,2.6666666666666665,0.111111111,0.323380833,0.5,0.514495755,0.111111111,0.323380833,0.0,0.0,0.055555556,0.23570226,0.166666667,0.383482494,0.222222222,0.427792632
15_14_03.bmp,2.7222222222222223,0.111111111,0.323380833,0.277777778,0.460888599,0.055555556,0.23570226,0.388888889,0.501631326,0.277777778,0.460888599,0.0,0.0,0.0,0.0
17_17_02.bmp,2.888888888888889,0.166666667,0.383482494,0.444444444,0.511309993,0.055555556,0.23570226,0.0,0.0,0.333333333,0.48507125,0.166666667,0.383482494,0.222222222,0.427792632
15_10_04.bmp,2.388888888888889,0.777777778,0.427792632,0.111111111,0.323380833,0.111111111,0.323380833,0.0,0.0,0.277777778,0.460888599,0.0,0.0,0.0,0.0
0476.jpg,3.2777777777777777,0.055555556,0.23570226,0.5,0.514495755,0.0,0.0,0.166666667,0.383482494,0.777777778,0.427792632,0.0,0.0,0.055555556,0.23570226
34_09_05.bmp,2.2222222222222223,0.777777778,0.427792632,0.388888889,0.501631326,0.111111111,0.323380833,0.0,0.0,0.055555556,0.23570226,0.0,0.0,0.111111111,0.323380833
0623.jpg,3.7222222222222223,0.055555556,0.23570226,0.277777778,0.460888599,0.0,0.0,0.222222222,0.427792632,0.111111111,0.323380833,0.055555556,0.23570226,0.0,0.0
04_13_04.bmp,2.333333333333333,0.111111111,0.323380833,0.722222222,0.460888599,0.5,0.514495755,0.055555556,0.23570226,0.166666667,0.383482494,0.0,0.0,0.0,0.0
37_10_02.bmp,3.333333333333333,0.666666667,0.48507125,0.333333333,0.48507125,0.0,0.0,0.055555556,0.23570226,0.111111111,0.323380833,0.055555556,0.23570226,0.0,0.0
05_06_05.bmp,1.5555555555555556,0.5,0.514495755,0.388888889,0.501631326,0.333333333,0.48507125,0.0,0.0,0.055555556,0.23570226,0.277777778,0.460888599,0.055555556,0.23570226
31_02_03.bmp,2.111111111111111,0.0,0.0,0.944444444,0.23570226,0.0,0.0,0.0,0.0,0.166666667,0.383482494,0.055555556,0.23570226,0.055555556,0.23570226
0657.jpg,3.2222222222222223,0.055555556,0.23570226,0.611111111,0.501631326,0.055555556,0.23570226,0.055555556,0.23570226,0.111111111,0.323380833,0.0,0.0,0.055555556,0.23570226
03_08_02.bmp,3.555555555555556,0.166666667,0.383482494,0.277777778,0.460888599,0.055555556,0.23570226,0.055555556,0.23570226,0.111111111,0.323380833,0.0,0.0,0.055555556,0.23570226
14_13_05.bmp,1.6111111111111112,0.0,0.0,0.222222222,0.427792632,0.888888889,0.323380833,0.111111111,0.323380833,0.0,0.0,0.055555556,0.23570226,0.111111111,0.323380833
0250.jpg,1.8333333333333333,0.166666667,0.383482494,0.444444444,0.511309993,0.0,0.0,0.944444444,0.23570226,0.055555556,0.23570226,0.111111111,0.323380833,0.0,0.0
18_03_04.bmp,2.111111111111111,0.055555556,0.23570226,0.888888889,0.323380833,0.055555556,0.23570226,0.055555556,0.23570226,0.0,0.0,0.055555556,0.23570226,0.0,0.0
05_25_04.bmp,2.111111111111111,0.111111111,0.323380833,0.166666667,0.383482494,0.055555556,0.23570226,0.0,0.0,0.0,0.0,0.111111111,0.323380833,1.0,0.0
21_25_02.bmp,2.833333333333333,0.111111111,0.323380833,0.111111111,0.323380833,0.0,0.0,0.0,0.0,0.055555556,0.23570226,0.0,0.0,0.888888889,0.323380833
0735.jpg,3.611111111111111,0.055555556,0.23570226,0.277777778,0.460888599,0.0,0.0,0.0,0.0,0.111111111,0.323380833,0.166666667,0.383482494,0.055555556,0.23570226
35_05_05.bmp,1.5,0.333333333,0.48507125,0.833333333,0.383482494,0.111111111,0.323380833,0.0,0.0,0.0,0.0,0.055555556,0.23570226,0.055555556,0.23570226
07_20_02.bmp,2.2222222222222223,0.611111111,0.501631326,0.333333333,0.48507125,0.166666667,0.383482494,0.055555556,0.23570226,0.166666667,0.383482494,0.055555556,0.23570226,0.111111111,0.323380833
30_10_05.bmp,2.2777777777777777,0.722222222,0.460888599,0.166666667,0.383482494,0.0,0.0,0.0,0.0,0.333333333,0.48507125,0.0,0.0,0.055555556,0.23570226
30_17_03.bmp,2.388888888888889,0.166666667,0.383482494,0.444444444,0.511309993,0.0,0.0,0.055555556,0.23570226,0.444444444,0.511309993,0.111111111,0.323380833,0.166666667,0.383482494
07_19_02.bmp,2.888888888888889,0.388888889,0.501631326,0.277777778,0.460888599,0.444444444,0.511309993,0.0,0.0,0.111111111,0.323380833,0.055555556,0.23570226,0.055555556,0.23570226
13_07_01.bmp,3.333333333333333,0.277777778,0.460888599,0.333333333,0.48507125,0.055555556,0.23570226,0.055555556,0.23570226,0.111111111,0.323380833,0.0,0.0,0.0,0.0
23_03_01.bmp,3.5,0.111111111,0.323380833,0.333333333,0.48507125,0.055555556,0.23570226,0.055555556,0.23570226,0.277777778,0.460888599,0.055555556,0.23570226,0.0,0.0
31_05_04.bmp,2.2222222222222223,0.277777778,0.460888599,0.722222222,0.460888599,0.111111111,0.323380833,0.0,0.0,0.166666667,0.383482494,0.0,0.0,0.055555556,0.23570226
22_08_02.bmp,3.0,0.111111111,0.323380833,0.666666667,0.48507125,0.0,0.0,0.111111111,0.323380833,0.111111111,0.323380833,0.222222222,0.427792632,0.0,0.0
33_21_02.bmp,2.5,0.222222222,0.427792632,0.444444444,0.511309993,0.5,0.514495755,0.277777778,0.460888599,0.333333333,0.48507125,0.0,0.0,0.0,0.0
24_19_05.bmp,1.5555555555555556,0.222222222,0.427792632,0.444444444,0.511309993,0.611111111,0.501631326,0.055555556,0.23570226,0.0,0.0,0.055555556,0.23570226,0.0,0.0
05_25_05.bmp,1.8888888888888888,0.166666667,0.383482494,0.166666667,0.383482494,0.111111111,0.323380833,0.0,0.0,0.0,0.0,0.0,0.0,0.944444444,0.23570226
0108.jpg,1.5555555555555556,0.055555556,0.23570226,0.555555556,0.511309993,0.944444444,0.23570226,0.0,0.0,0.166666667,0.383482494,0.055555556,0.23570226,0.0,0.0
12_11_05.bmp,2.1666666666666665,0.833333333,0.383482494,0.277777778,0.460888599,0.055555556,0.23570226,0.0,0.0,0.111111111,0.323380833,0.055555556,0.23570226,0.0,0.0
0463.jpg,3.2777777777777777,0.111111111,0.323380833,0.222222222,0.427792632,0.0,0.0,0.111111111,0.323380833,0.777777778,0.427792632,0.0,0.0,0.055555556,0.23570226
0297.jpg,1.9444444444444444,0.277777778,0.460888599,0.555555556,0.511309993,0.0,0.0,0.777777778,0.427792632,0.055555556,0.23570226,0.055555556,0.23570226,0.0,0.0
10_03_02.bmp,3.055555555555556,0.055555556,0.23570226,0.611111111,0.501631326,0.0,0.0,0.055555556,0.23570226,0.388888889,0.501631326,0.277777778,0.460888599,0.0,0.0
35_25_04.bmp,2.1666666666666665,0.055555556,0.23570226,0.333333333,0.48507125,0.055555556,0.23570226,0.055555556,0.23570226,0.0,0.0,0.055555556,0.23570226,0.944444444,0.23570226
1003.jpg,2.833333333333333,0.111111111,0.323380833,0.388888889,0.501631326,0.0,0.0,0.611111111,0.501631326,0.111111111,0.323380833,0.0,0.0,0.055555556,0.23570226
03_15_05.bmp,3.388888888888889,0.111111111,0.323380833,0.111111111,0.323380833,0.055555556,0.23570226,0.333333333,0.48507125,0.111111111,0.323380833,0.055555556,0.23570226,0.0,0.0
20_25_03.bmp,2.2777777777777777,0.055555556,0.23570226,0.111111111,0.323380833,0.055555556,0.23570226,0.111111111,0.323380833,0.055555556,0.23570226,0.0,0.0,0.888888889,0.323380833
21_19_05.bmp,1.9444444444444444,0.111111111,0.323380833,0.166666667,0.383482494,0.722222222,0.460888599,0.055555556,0.23570226,0.0,0.0,0.055555556,0.23570226,0.0,0.0
27_20_02.bmp,2.555555555555556,0.388888889,0.501631326,0.333333333,0.48507125,0.222222222,0.427792632,0.166666667,0.383482494,0.388888889,0.501631326,0.055555556,0.23570226,0.0,0.0
19_04_01.bmp,3.555555555555556,0.111111111,0.323380833,0.333333333,0.48507125,0.111111111,0.323380833,0.0,0.0,0.055555556,0.23570226,0.166666667,0.383482494,0.111111111,0.323380833
0901.jpg,3.5,0.166666667,0.383482494,0.444444444,0.511309993,0.0,0.0,0.111111111,0.323380833,0.111111111,0.323380833,0.0,0.0,0.0,0.0
32_13_05.bmp,1.6666666666666667,0.0,0.0,0.222222222,0.427792632,0.888888889,0.323380833,0.0,0.0,0.333333333,0.48507125,0.055555556,0.23570226,0.055555556,0.23570226
0552.jpg,2.7777777777777777,0.055555556,0.23570226,0.388888889,0.501631326,0.0,0.0,0.055555556,0.23570226,0.777777778,0.427792632,0.055555556,0.23570226,0.055555556,0.23570226
0752.jpg,3.333333333333333,0.055555556,0.23570226,0.5,0.514495755,0.0,0.0,0.0,0.0,0.0,0.0,0.055555556,0.23570226,0.111111111,0.323380833
20_23_01.bmp,3.055555555555556,0.0,0.0,0.166666667,0.383482494,0.0,0.0,0.722222222,0.460888599,0.166666667,0.383482494,0.0,0.0,0.055555556,0.23570226
31_10_05.bmp,2.388888888888889,0.777777778,0.427792632,0.333333333,0.48507125,0.0,0.0,0.0,0.0,0.111111111,0.323380833,0.0,0.0,0.111111111,0.323380833
02_23_04.bmp,2.555555555555556,0.055555556,0.23570226,0.222222222,0.427792632,0.055555556,0.23570226,0.777777778,0.427792632,0.222222222,0.427792632,0.055555556,0.23570226,0.111111111,0.323380833
11_05_03.bmp,2.388888888888889,0.388888889,0.501631326,0.611111111,0.501631326,0.0,0.0,0.111111111,0.323380833,0.277777778,0.460888599,0.055555556,0.23570226,0.055555556,0.23570226
36_22_04.bmp,1.8888888888888888,0.111111111,0.323380833,0.888888889,0.323380833,0.166666667,0.383482494,0.0,0.0,0.055555556,0.23570226,0.0,0.0,0.0,0.0
26_19_03.bmp,3.7222222222222223,0.0,0.0,0.277777778,0.460888599,0.166666667,0.383482494,0.055555556,0.23570226,0.055555556,0.23570226,0.055555556,0.23570226,0.055555556,0.23570226
16_09_04.bmp,2.4444444444444446,0.833333333,0.383482494,0.166666667,0.383482494,0.0,0.0,0.055555556,0.23570226,0.333333333,0.48507125,0.277777778,0.460888599,0.0,0.0
07_08_05.bmp,1.6111111111111112,0.555555556,0.511309993,0.666666667,0.48507125,0.0,0.0,0.0,0.0,0.111111111,0.323380833,0.111111111,0.323380833,0.055555556,0.23570226
12_02_02.bmp,2.9444444444444446,0.055555556,0.23570226,0.722222222,0.460888599,0.111111111,0.323380833,0.055555556,0.23570226,0.0,0.0,0.055555556,0.23570226,0.055555556,0.23570226
16_21_04.bmp,1.9444444444444444,0.111111111,0.323380833,0.277777778,0.460888599,0.055555556,0.23570226,0.611111111,0.501631326,0.277777778,0.460888599,0.277777778,0.460888599,0.0,0.0
19_24_01.bmp,2.888888888888889,0.166666667,0.383482494,0.611111111,0.501631326,0.055555556,0.23570226,0.0,0.0,0.166666667,0.383482494,0.055555556,0.23570226,0.111111111,0.323380833
33_23_03.bmp,2.5,0.111111111,0.323380833,0.111111111,0.323380833,0.0,0.0,0.833333333,0.383482494,0.388888889,0.501631326,0.0,0.0,0.055555556,0.23570226
12_01_02.bmp,3.7222222222222223,0.111111111,0.323380833,0.222222222,0.427792632,0.222222222,0.427792632,0.0,0.0,0.111111111,0.323380833,0.055555556,0.23570226,0.055555556,0.23570226
30_22_01.bmp,3.111111111111111,0.111111111,0.323380833,0.444444444,0.511309993,0.111111111,0.323380833,0.111111111,0.323380833,0.277777778,0.460888599,0.0,0.0,0.0,0.0
36_04_03.bmp,2.833333333333333,0.222222222,0.427792632,0.444444444,0.511309993,0.277777778,0.460888599,0.055555556,0.23570226,0.0,0.0,0.055555556,0.23570226,0.055555556,0.23570226
34_17_05.bmp,2.2777777777777777,0.055555556,0.23570226,0.555555556,0.511309993,0.222222222,0.427792632,0.055555556,0.23570226,0.111111111,0.323380833,0.166666667,0.383482494,0.222222222,0.427792632
11_17_01.bmp,2.833333333333333,0.055555556,0.23570226,0.555555556,0.511309993,0.055555556,0.23570226,0.055555556,0.23570226,0.333333333,0.48507125,0.111111111,0.323380833,0.166666667,0.383482494
1103.jpg,2.7222222222222223,0.0,0.0,0.555555556,0.511309993,0.0,0.0,0.611111111,0.501631326,0.055555556,0.23570226,0.0,0.0,0.0,0.0
30_13_05.bmp,2.611111111111111,0.055555556,0.23570226,0.111111111,0.323380833,0.833333333,0.383482494,0.055555556,0.23570226,0.222222222,0.427792632,0.0,0.0,0.055555556,0.23570226
28_13_02.bmp,3.055555555555556,0.166666667,0.383482494,0.388888889,0.501631326,0.277777778,0.460888599,0.0,0.0,0.166666667,0.383482494,0.055555556,0.23570226,0.0,0.0
0101.jpg,2.4444444444444446,0.055555556,0.23570226,0.5,0.514495755,0.944444444,0.23570226,0.0,0.0,0.055555556,0.23570226,0.0,0.0,0.111111111,0.323380833
24_01_02.bmp,3.388888888888889,0.055555556,0.23570226,0.444444444,0.511309993,0.166666667,0.383482494,0.0,0.0,0.0,0.0,0.0,0.0,0.0,0.0
36_24_02.bmp,2.5,0.111111111,0.323380833,0.833333333,0.383482494,0.222222222,0.427792632,0.0,0.0,0.0,0.0,0.0,0.0,0.111111111,0.323380833
17_10_03.bmp,2.7222222222222223,0.777777778,0.427792632,0.222222222,0.427792632,0.111111111,0.323380833,0.0,0.0,0.222222222,0.427792632,0.111111111,0.323380833,0.055555556,0.23570226
06_04_02.bmp,3.611111111111111,0.166666667,0.383482494,0.277777778,0.460888599,0.111111111,0.323380833,0.0,0.0,0.0,0.0,0.166666667,0.383482494,0.111111111,0.323380833
05_01_03.bmp,2.6666666666666665,0.111111111,0.323380833,0.666666667,0.48507125,0.222222222,0.427792632,0.055555556,0.23570226,0.0,0.0,0.055555556,0.23570226,0.055555556,0.23570226
0161.jpg,2.4444444444444446,0.055555556,0.23570226,0.222222222,0.427792632,0.888888889,0.323380833,0.055555556,0.23570226,0.111111111,0.323380833,0.055555556,0.23570226,0.055555556,0.23570226
37_18_05.bmp,2.111111111111111,0.166666667,0.383482494,0.888888889,0.323380833,0.0,0.0,0.0,0.0,0.055555556,0.23570226,0.055555556,0.23570226,0.055555556,0.23570226
0232.jpg,2.4444444444444446,0.111111111,0.323380833,0.222222222,0.427792632,0.0,0.0,1.0,0.0,0.055555556,0.23570226,0.0,0.0,0.0,0.0
16_12_02.bmp,3.2222222222222223,0.722222222,0.460888599,0.111111111,0.323380833,0.0,0.0,0.055555556,0.23570226,0.277777778,0.460888599,0.333333333,0.48507125,0.0,0.0
31_17_01.bmp,2.833333333333333,0.111111111,0.323380833,0.555555556,0.511309993,0.0,0.0,0.0,0.0,0.277777778,0.460888599,0.111111111,0.323380833,0.277777778,0.460888599
37_14_02.bmp,3.0,0.111111111,0.323380833,0.444444444,0.511309993,0.0,0.0,0.555555556,0.511309993,0.055555556,0.23570226,0.055555556,0.23570226,0.055555556,0.23570226
21_10_05.bmp,2.0,0.888888889,0.323380833,0.333333333,0.48507125,0.055555556,0.23570226,0.055555556,0.23570226,0.111111111,0.323380833,0.0,0.0,0.0,0.0
23_13_03.bmp,2.833333333333333,0.0,0.0,0.333333333,0.48507125,0.611111111,0.501631326,0.0,0.0,0.277777778,0.460888599,0.0,0.0,0.055555556,0.23570226
30_17_05.bmp,2.2777777777777777,0.111111111,0.323380833,0.444444444,0.511309993,0.055555556,0.23570226,0.0,0.0,0.333333333,0.48507125,0.111111111,0.323380833,0.166666667,0.383482494
20_14_03.bmp,3.055555555555556,0.055555556,0.23570226,0.277777778,0.460888599,0.0,0.0,0.277777778,0.460888599,0.166666667,0.383482494,0.111111111,0.323380833,0.0,0.0
26_09_05.bmp,2.555555555555556,0.666666667,0.48507125,0.222222222,0.427792632,0.055555556,0.23570226,0.055555556,0.23570226,0.055555556,0.23570226,0.0,0.0,0.0,0.0
03_08_01.bmp,3.7777777777777777,0.166666667,0.383482494,0.222222222,0.427792632,0.055555556,0.23570226,0.0,0.0,0.222222222,0.427792632,0.0,0.0,0.111111111,0.323380833
28_14_02.bmp,3.1666666666666665,0.111111111,0.323380833,0.388888889,0.501631326,0.055555556,0.23570226,0.166666667,0.383482494,0.277777778,0.460888599,0.111111111,0.323380833,0.0,0.0
08_18_03.bmp,3.333333333333333,0.333333333,0.48507125,0.388888889,0.501631326,0.0,0.0,0.055555556,0.23570226,0.166666667,0.383482494,0.055555556,0.23570226,0.0,0.0
14_14_05.bmp,1.7222222222222223,0.111111111,0.323380833,0.222222222,0.427792632,0.111111111,0.323380833,0.722222222,0.460888599,0.055555556,0.23570226,0.055555556,0.23570226,0.055555556,0.23570226
25_08_01.bmp,3.1666666666666665,0.111111111,0.323380833,0.666666667,0.48507125,0.055555556,0.23570226,0.0,0.0,0.111111111,0.323380833,0.055555556,0.23570226,0.055555556,0.23570226
01192.jpg,3.2222222222222223,0.333333333,0.48507125,0.222222222,0.427792632,0.0,0.0,0.0,0.0,0.222222222,0.427792632,0.055555556,0.23570226,0.833333333,0.383482494
20_16_04.bmp,2.2777777777777777,0.111111111,0.323380833,0.722222222,0.460888599,0.0,0.0,0.055555556,0.23570226,0.111111111,0.323380833,0.055555556,0.23570226,0.0,0.0
0498.jpg,2.388888888888889,0.111111111,0.323380833,0.444444444,0.511309993,0.0,0.0,0.5,0.514495755,0.666666667,0.48507125,0.055555556,0.23570226,0.0,0.0
19_20_01.bmp,2.611111111111111,0.333333333,0.48507125,0.222222222,0.427792632,0.277777778,0.460888599,0.166666667,0.383482494,0.111111111,0.323380833,0.111111111,0.323380833,0.111111111,0.323380833
27_18_04.bmp,2.833333333333333,0.111111111,0.323380833,0.666666667,0.48507125,0.0,0.0,0.0,0.0,0.388888889,0.501631326,0.111111111,0.323380833,0.0,0.0
01_04_01.bmp,3.1666666666666665,0.055555556,0.23570226,0.666666667,0.48507125,0.111111111,0.323380833,0.055555556,0.23570226,0.0,0.0,0.0,0.0,0.055555556,0.23570226
33_03_01.bmp,3.7222222222222223,0.111111111,0.323380833,0.333333333,0.48507125,0.055555556,0.23570226,0.0,0.0,0.555555556,0.511309993,0.0,0.0,0.0,0.0
35_24_05.bmp,1.3888888888888888,0.055555556,0.23570226,0.944444444,0.23570226,0.111111111,0.323380833,0.0,0.0,0.0,0.0,0.0,0.0,0.055555556,0.23570226
24_06_04.bmp,2.055555555555556,0.222222222,0.427792632,0.388888889,0.501631326,0.388888889,0.501631326,0.111111111,0.323380833,0.0,0.0,0.0,0.0,0.0,0.0
09_09_01.bmp,3.111111111111111,0.555555556,0.511309993,0.444444444,0.511309993,0.055555556,0.23570226,0.0,0.0,0.166666667,0.383482494,0.111111111,0.323380833,0.055555556,0.23570226
01_06_02.bmp,2.888888888888889,0.055555556,0.23570226,0.777777778,0.427792632,0.111111111,0.323380833,0.055555556,0.23570226,0.0,0.0,0.166666667,0.383482494,0.055555556,0.23570226
0854.jpg,3.6666666666666665,0.111111111,0.323380833,0.444444444,0.511309993,0.055555556,0.23570226,0.0,0.0,0.111111111,0.323380833,0.0,0.0,0.0,0.0
29_07_04.bmp,1.8888888888888888,0.277777778,0.460888599,0.722222222,0.460888599,0.055555556,0.23570226,0.0,0.0,0.055555556,0.23570226,0.111111111,0.323380833,0.0,0.0
37_17_04.bmp,2.2222222222222223,0.111111111,0.323380833,0.555555556,0.511309993,0.0,0.0,0.055555556,0.23570226,0.166666667,0.383482494,0.222222222,0.427792632,0.166666667,0.383482494
15_07_04.bmp,1.8333333333333333,0.222222222,0.427792632,0.777777778,0.427792632,0.0,0.0,0.055555556,0.23570226,0.222222222,0.427792632,0.055555556,0.23570226,0.0,0.0
28_09_05.bmp,2.2222222222222223,0.777777778,0.427792632,0.222222222,0.427792632,0.111111111,0.323380833,0.0,0.0,0.222222222,0.427792632,0.0,0.0,0.0,0.0
08_06_05.bmp,2.388888888888889,0.388888889,0.501631326,0.166666667,0.383482494,0.166666667,0.383482494,0.055555556,0.23570226,0.166666667,0.383482494,0.166666667,0.383482494,0.055555556,0.23570226
18_06_05.bmp,1.7222222222222223,0.5,0.514495755,0.333333333,0.48507125,0.222222222,0.427792632,0.055555556,0.23570226,0.0,0.0,0.166666667,0.383482494,0.055555556,0.23570226
13_04_05.bmp,2.9444444444444446,0.333333333,0.48507125,0.166666667,0.383482494,0.166666667,0.383482494,0.055555556,0.23570226,0.166666667,0.383482494,0.222222222,0.427792632,0.111111111,0.323380833
25_21_01.bmp,1.8333333333333333,0.055555556,0.23570226,0.277777778,0.460888599,0.833333333,0.383482494,0.055555556,0.23570226,0.166666667,0.383482494,0.0,0.0,0.0,0.0
02_22_04.bmp,1.8888888888888888,0.444444444,0.511309993,0.777777778,0.427792632,0.0,0.0,0.055555556,0.23570226,0.333333333,0.48507125,0.111111111,0.323380833,0.0,0.0
09_23_04.bmp,2.4444444444444446,0.166666667,0.383482494,0.222222222,0.427792632,0.0,0.0,0.722222222,0.460888599,0.166666667,0.383482494,0.0,0.0,0.055555556,0.23570226
31_01_02.bmp,3.1666666666666665,0.055555556,0.23570226,0.5,0.514495755,0.0,0.0,0.0,0.0,0.333333333,0.48507125,0.055555556,0.23570226,0.055555556,0.23570226
16_08_02.bmp,3.055555555555556,0.222222222,0.427792632,0.444444444,0.511309993,0.055555556,0.23570226,0.0,0.0,0.388888889,0.501631326,0.333333333,0.48507125,0.0,0.0
35_06_02.bmp,2.2777777777777777,0.333333333,0.48507125,0.555555556,0.511309993,0.277777778,0.460888599,0.0,0.0,0.0,0.0,0.166666667,0.383482494,0.055555556,0.23570226
37_09_03.bmp,2.7777777777777777,0.833333333,0.383482494,0.333333333,0.48507125,0.0,0.0,0.0,0.0,0.055555556,0.23570226,0.111111111,0.323380833,0.0,0.0
07_07_01.bmp,2.833333333333333,0.055555556,0.23570226,0.555555556,0.511309993,0.055555556,0.23570226,0.055555556,0.23570226,0.111111111,0.323380833,0.0,0.0,0.055555556,0.23570226
19_02_04.bmp,1.5555555555555556,0.0,0.0,0.888888889,0.323380833,0.0,0.0,0.055555556,0.23570226,0.055555556,0.23570226,0.0,0.0,0.0,0.0
01282.jpg,3.333333333333333,0.388888889,0.501631326,0.611111111,0.501631326,0.166666667,0.383482494,0.0,0.0,0.111111111,0.323380833,0.055555556,0.23570226,0.111111111,0.323380833
19_17_04.bmp,2.611111111111111,0.055555556,0.23570226,0.388888889,0.501631326,0.055555556,0.23570226,0.0,0.0,0.277777778,0.460888599,0.277777778,0.460888599,0.166666667,0.383482494
34_20_03.bmp,2.611111111111111,0.444444444,0.511309993,0.5,0.514495755,0.166666667,0.383482494,0.055555556,0.23570226,0.0,0.0,0.055555556,0.23570226,0.0,0.0
0840.jpg,3.6666666666666665,0.111111111,0.323380833,0.388888889,0.501631326,0.0,0.0,0.055555556,0.23570226,0.166666667,0.383482494,0.0,0.0,0.055555556,0.23570226
28_23_01.bmp,2.9444444444444446,0.055555556,0.23570226,0.222222222,0.427792632,0.0,0.0,0.777777778,0.427792632,0.111111111,0.323380833,0.055555556,0.23570226,0.055555556,0.23570226
0098.jpg,2.7777777777777777,0.0,0.0,0.444444444,0.511309993,1.0,0.0,0.0,0.0,0.0,0.0,0.055555556,0.23570226,0.055555556,0.23570226
31_06_05.bmp,1.7777777777777777,0.333333333,0.48507125,0.5,0.514495755,0.277777778,0.460888599,0.055555556,0.23570226,0.166666667,0.383482494,0.111111111,0.323380833,0.055555556,0.23570226
0646.jpg,3.555555555555556,0.166666667,0.383482494,0.5,0.514495755,0.0,0.0,0.111111111,0.323380833,0.0,0.0,0.055555556,0.23570226,0.0,0.0
29_16_04.bmp,2.4444444444444446,0.222222222,0.427792632,0.888888889,0.323380833,0.0,0.0,0.0,0.0,0.055555556,0.23570226,0.055555556,0.23570226,0.0,0.0
0088.jpg,1.8888888888888888,0.0,0.0,0.5,0.514495755,1.0,0.0,0.0,0.0,0.0,0.0,0.0,0.0,0.055555556,0.23570226
0120.jpg,2.9444444444444446,0.111111111,0.323380833,0.277777778,0.460888599,0.944444444,0.23570226,0.0,0.0,0.111111111,0.323380833,0.055555556,0.23570226,0.0,0.0
15_11_02.bmp,3.111111111111111,0.611111111,0.501631326,0.166666667,0.383482494,0.111111111,0.323380833,0.0,0.0,0.222222222,0.427792632,0.0,0.0,0.055555556,0.23570226
02_05_04.bmp,2.055555555555556,0.388888889,0.501631326,0.611111111,0.501631326,0.055555556,0.23570226,0.0,0.0,0.611111111,0.501631326,0.055555556,0.23570226,0.0,0.0
24_11_05.bmp,2.0,0.833333333,0.383482494,0.388888889,0.501631326,0.055555556,0.23570226,0.0,0.0,0.111111111,0.323380833,0.055555556,0.23570226,0.0,0.0
13_02_03.bmp,1.8333333333333333,0.055555556,0.23570226,0.944444444,0.23570226,0.055555556,0.23570226,0.0,0.0,0.111111111,0.323380833,0.0,0.0,0.055555556,0.23570226
24_17_05.bmp,2.4444444444444446,0.111111111,0.323380833,0.555555556,0.511309993,0.111111111,0.323380833,0.0,0.0,0.055555556,0.23570226,0.111111111,0.323380833,0.166666667,0.383482494
24_05_04.bmp,2.0,0.166666667,0.383482494,0.888888889,0.323380833,0.055555556,0.23570226,0.0,0.0,0.111111111,0.323380833,0.055555556,0.23570226,0.0,0.0
33_14_05.bmp,1.2777777777777777,0.0,0.0,0.333333333,0.48507125,0.111111111,0.323380833,0.888888889,0.323380833,0.333333333,0.48507125,0.0,0.0,0.0,0.0
16_19_03.bmp,2.7222222222222223,0.111111111,0.323380833,0.333333333,0.48507125,0.333333333,0.48507125,0.055555556,0.23570226,0.333333333,0.48507125,0.388888889,0.501631326,0.0,0.0
0262.jpg,1.3888888888888888,0.111111111,0.323380833,0.444444444,0.511309993,0.055555556,0.23570226,0.888888889,0.323380833,0.0,0.0,0.055555556,0.23570226,0.0,0.0
32_07_04.bmp,2.0,0.0,0.0,0.833333333,0.383482494,0.055555556,0.23570226,0.111111111,0.323380833,0.388888889,0.501631326,0.055555556,0.23570226,0.0,0.0
28_07_05.bmp,1.5555555555555556,0.111111111,0.323380833,0.833333333,0.383482494,0.055555556,0.23570226,0.055555556,0.23570226,0.277777778,0.460888599,0.111111111,0.323380833,0.0,0.0
1100.jpg,1.5,0.055555556,0.23570226,0.944444444,0.23570226,0.0,0.0,0.222222222,0.427792632,0.166666667,0.383482494,0.0,0.0,0.0,0.0
33_16_03.bmp,3.055555555555556,0.055555556,0.23570226,0.555555556,0.511309993,0.0,0.0,0.0,0.0,0.388888889,0.501631326,0.0,0.0,0.055555556,0.23570226
0779.jpg,3.2777777777777777,0.055555556,0.23570226,0.388888889,0.501631326,0.0,0.0,0.055555556,0.23570226,0.111111111,0.323380833,0.222222222,0.427792632,0.055555556,0.23570226
28_21_01.bmp,2.833333333333333,0.055555556,0.23570226,0.222222222,0.427792632,0.611111111,0.501631326,0.055555556,0.23570226,0.166666667,0.383482494,0.0,0.0,0.0,0.0
16_15_02.bmp,2.888888888888889,0.111111111,0.323380833,0.111111111,0.323380833,0.722222222,0.460888599,0.0,0.0,0.388888889,0.501631326,0.388888889,0.501631326,0.0,0.0
01_06_05.bmp,2.111111111111111,0.166666667,0.383482494,0.722222222,0.460888599,0.222222222,0.427792632,0.0,0.0,0.0,0.0,0.444444444,0.511309993,0.111111111,0.323380833
12_06_02.bmp,2.9444444444444446,0.277777778,0.460888599,0.333333333,0.48507125,0.277777778,0.460888599,0.0,0.0,0.0,0.0,0.166666667,0.383482494,0.055555556,0.23570226
27_20_04.bmp,1.9444444444444444,0.555555556,0.511309993,0.388888889,0.501631326,0.222222222,0.427792632,0.222222222,0.427792632,0.444444444,0.511309993,0.0,0.0,0.0,0.0
01358.jpg,3.055555555555556,0.055555556,0.23570226,0.833333333,0.383482494,0.111111111,0.323380833,0.055555556,0.23570226,0.0,0.0,0.055555556,0.23570226,0.055555556,0.23570226
0781.jpg,3.555555555555556,0.0,0.0,0.444444444,0.511309993,0.0,0.0,0.0,0.0,0.111111111,0.323380833,0.0,0.0,0.055555556,0.23570226
14_18_02.bmp,2.833333333333333,0.111111111,0.323380833,0.666666667,0.48507125,0.055555556,0.23570226,0.0,0.0,0.055555556,0.23570226,0.055555556,0.23570226,0.055555556,0.23570226
17_04_01.bmp,3.388888888888889,0.222222222,0.427792632,0.444444444,0.511309993,0.0,0.0,0.055555556,0.23570226,0.166666667,0.383482494,0.055555556,0.23570226,0.055555556,0.23570226
19_16_04.bmp,2.2222222222222223,0.277777778,0.460888599,0.722222222,0.460888599,0.055555556,0.23570226,0.0,0.0,0.055555556,0.23570226,0.055555556,0.23570226,0.0,0.0
01166.jpg,3.388888888888889,0.111111111,0.323380833,0.611111111,0.501631326,0.055555556,0.23570226,0.0,0.0,0.555555556,0.511309993,0.0,0.0,0.0,0.0
26_24_05.bmp,1.4444444444444444,0.0,0.0,0.888888889,0.323380833,0.055555556,0.23570226,0.055555556,0.23570226,0.0,0.0,0.055555556,0.23570226,0.111111111,0.323380833
01_04_03.bmp,3.1666666666666665,0.111111111,0.323380833,0.611111111,0.501631326,0.111111111,0.323380833,0.0,0.0,0.055555556,0.23570226,0.111111111,0.323380833,0.055555556,0.23570226
18_19_05.bmp,1.8888888888888888,0.111111111,0.323380833,0.333333333,0.48507125,0.833333333,0.383482494,0.0,0.0,0.055555556,0.23570226,0.0,0.0,0.055555556,0.23570226
0494.jpg,3.4444444444444446,0.055555556,0.23570226,0.277777778,0.460888599,0.0,0.0,0.055555556,0.23570226,0.722222222,0.460888599,0.0,0.0,0.055555556,0.23570226
37_12_04.bmp,2.833333333333333,0.777777778,0.427792632,0.388888889,0.501631326,0.055555556,0.23570226,0.0,0.0,0.055555556,0.23570226,0.055555556,0.23570226,0.0,0.0
05_10_03.bmp,2.2777777777777777,0.722222222,0.460888599,0.388888889,0.501631326,0.111111111,0.323380833,0.0,0.0,0.055555556,0.23570226,0.055555556,0.23570226,0.055555556,0.23570226
28_23_02.bmp,2.888888888888889,0.055555556,0.23570226,0.222222222,0.427792632,0.055555556,0.23570226,0.666666667,0.48507125,0.111111111,0.323380833,0.0,0.0,0.055555556,0.23570226
0595.jpg,3.0,0.055555556,0.23570226,0.333333333,0.48507125,0.055555556,0.23570226,0.111111111,0.323380833,0.5,0.514495755,0.111111111,0.323380833,0.055555556,0.23570226
36_21_04.bmp,2.388888888888889,0.388888889,0.501631326,0.555555556,0.511309993,0.111111111,0.323380833,0.222222222,0.427792632,0.0,0.0,0.111111111,0.323380833,0.055555556,0.23570226
0177.jpg,2.888888888888889,0.055555556,0.23570226,0.333333333,0.48507125,0.722222222,0.460888599,0.0,0.0,0.055555556,0.23570226,0.0,0.0,0.111111111,0.323380833
32_22_02.bmp,2.333333333333333,0.222222222,0.427792632,0.722222222,0.460888599,0.111111111,0.323380833,0.0,0.0,0.388888889,0.501631326,0.055555556,0.23570226,0.0,0.0
05_13_01.bmp,3.4444444444444446,0.222222222,0.427792632,0.333333333,0.48507125,0.111111111,0.323380833,0.055555556,0.23570226,0.055555556,0.23570226,0.055555556,0.23570226,0.055555556,0.23570226
08_11_03.bmp,3.0,0.888888889,0.323380833,0.055555556,0.23570226,0.0,0.0,0.111111111,0.323380833,0.055555556,0.23570226,0.055555556,0.23570226,0.0,0.0
01474.jpg,3.7777777777777777,0.0,0.0,0.444444444,0.511309993,0.166666667,0.383482494,0.0,0.0,0.0,0.0,0.0,0.0,0.111111111,0.323380833
28_11_05.bmp,2.333333333333333,0.777777778,0.427792632,0.333333333,0.48507125,0.111111111,0.323380833,0.0,0.0,0.277777778,0.460888599,0.0,0.0,0.0,0.0
36_25_05.bmp,1.7777777777777777,0.111111111,0.323380833,0.166666667,0.383482494,0.111111111,0.323380833,0.055555556,0.23570226,0.055555556,0.23570226,0.0,0.0,0.944444444,0.23570226
11_12_05.bmp,2.055555555555556,0.833333333,0.383482494,0.333333333,0.48507125,0.055555556,0.23570226,0.111111111,0.323380833,0.277777778,0.460888599,0.055555556,0.23570226,0.0,0.0
26_12_05.bmp,2.2777777777777777,0.888888889,0.323380833,0.277777778,0.460888599,0.055555556,0.23570226,0.0,0.0,0.055555556,0.23570226,0.0,0.0,0.0,0.0
18_11_02.bmp,2.833333333333333,0.555555556,0.511309993,0.277777778,0.460888599,0.222222222,0.427792632,0.0,0.0,0.0,0.0,0.055555556,0.23570226,0.055555556,0.23570226
01_21_02.bmp,2.5,0.055555556,0.23570226,0.777777778,0.427792632,0.277777778,0.460888599,0.0,0.0,0.0,0.0,0.055555556,0.23570226,0.055555556,0.23570226
32_01_05.bmp,1.3333333333333333,0.055555556,0.23570226,0.888888889,0.323380833,0.055555556,0.23570226,0.0,0.0,0.333333333,0.48507125,0.0,0.0,0.0,0.0
13_19_02.bmp,3.1666666666666665,0.222222222,0.427792632,0.333333333,0.48507125,0.444444444,0.511309993,0.0,0.0,0.111111111,0.323380833,0.0,0.0,0.055555556,0.23570226
08_25_02.bmp,3.0,0.111111111,0.323380833,0.0,0.0,0.055555556,0.23570226,0.0,0.0,0.055555556,0.23570226,0.055555556,0.23570226,0.944444444,0.23570226
06_11_03.bmp,2.9444444444444446,0.666666667,0.48507125,0.222222222,0.427792632,0.111111111,0.323380833,0.0,0.0,0.055555556,0.23570226,0.111111111,0.323380833,0.055555556,0.23570226
27_07_04.bmp,1.8333333333333333,0.111111111,0.323380833,0.833333333,0.383482494,0.055555556,0.23570226,0.055555556,0.23570226,0.222222222,0.427792632,0.111111111,0.323380833,0.0,0.0
17_08_01.bmp,3.388888888888889,0.222222222,0.427792632,0.5,0.514495755,0.0,0.0,0.055555556,0.23570226,0.166666667,0.383482494,0.166666667,0.383482494,0.055555556,0.23570226
37_01_01.bmp,3.888888888888889,0.0,0.0,0.5,0.514495755,0.0,0.0,0.111111111,0.323380833,0.055555556,0.23570226,0.111111111,0.323380833,0.0,0.0
29_14_01.bmp,2.9444444444444446,0.111111111,0.323380833,0.388888889,0.501631326,0.0,0.0,0.388888889,0.501631326,0.166666667,0.383482494,0.111111111,0.323380833,0.111111111,0.323380833
0169.jpg,2.555555555555556,0.055555556,0.23570226,0.444444444,0.511309993,0.888888889,0.323380833,0.055555556,0.23570226,0.0,0.0,0.0,0.0,0.055555556,0.23570226
11_20_01.bmp,2.388888888888889,0.166666667,0.383482494,0.388888889,0.501631326,0.277777778,0.460888599,0.333333333,0.48507125,0.277777778,0.460888599,0.055555556,0.23570226,0.0,0.0
0438.jpg,3.0,0.055555556,0.23570226,0.777777778,0.427792632,0.055555556,0.23570226,0.055555556,0.23570226,0.111111111,0.323380833,0.0,0.0,0.111111111,0.323380833
35_23_03.bmp,2.2222222222222223,0.055555556,0.23570226,0.222222222,0.427792632,0.055555556,0.23570226,0.722222222,0.460888599,0.0,0.0,0.055555556,0.23570226,0.166666667,0.383482494
10_13_02.bmp,3.055555555555556,0.055555556,0.23570226,0.388888889,0.501631326,0.166666667,0.383482494,0.0,0.0,0.388888889,0.501631326,0.222222222,0.427792632,0.111111111,0.323380833
29_03_03.bmp,2.888888888888889,0.111111111,0.323380833,0.611111111,0.501631326,0.0,0.0,0.055555556,0.23570226,0.055555556,0.23570226,0.111111111,0.323380833,0.111111111,0.323380833
02_10_05.bmp,2.111111111111111,0.833333333,0.383482494,0.444444444,0.511309993,0.0,0.0,0.0,0.0,0.388888889,0.501631326,0.111111111,0.323380833,0.0,0.0
1053.jpg,3.2777777777777777,0.0,0.0,0.388888889,0.501631326,0.0,0.0,0.611111111,0.501631326,0.166666667,0.383482494,0.0,0.0,0.055555556,0.23570226
06_16_03.bmp,3.2222222222222223,0.222222222,0.427792632,0.5,0.514495755,0.111111111,0.323380833,0.055555556,0.23570226,0.0,0.0,0.055555556,0.23570226,0.055555556,0.23570226
01261.jpg,3.611111111111111,0.166666667,0.383482494,0.611111111,0.501631326,0.0,0.0,0.111111111,0.323380833,0.277777778,0.460888599,0.0,0.0,0.055555556,0.23570226
25_10_02.bmp,2.833333333333333,0.722222222,0.460888599,0.333333333,0.48507125,0.111111111,0.323380833,0.055555556,0.23570226,0.166666667,0.383482494,0.0,0.0,0.055555556,0.23570226
31_09_03.bmp,2.833333333333333,0.722222222,0.460888599,0.277777778,0.460888599,0.055555556,0.23570226,0.0,0.0,0.166666667,0.383482494,0.0,0.0,0.055555556,0.23570226
21_03_04.bmp,2.055555555555556,0.111111111,0.323380833,0.888888889,0.323380833,0.0,0.0,0.0,0.0,0.0,0.0,0.0,0.0,0.0,0.0
01236.jpg,3.611111111111111,0.388888889,0.501631326,0.5,0.514495755,0.0,0.0,0.0,0.0,0.0,0.0,0.0,0.0,0.055555556,0.23570226
27_25_04.bmp,2.111111111111111,0.055555556,0.23570226,0.277777778,0.460888599,0.0,0.0,0.0,0.0,0.333333333,0.48507125,0.0,0.0,1.0,0.0
0608.jpg,3.055555555555556,0.055555556,0.23570226,0.611111111,0.501631326,0.0,0.0,0.055555556,0.23570226,0.277777778,0.460888599,0.055555556,0.23570226,0.055555556,0.23570226
25_02_03.bmp,1.7222222222222223,0.055555556,0.23570226,1.0,0.0,0.111111111,0.323380833,0.0,0.0,0.111111111,0.323380833,0.0,0.0,0.0,0.0
1072.jpg,3.2222222222222223,0.055555556,0.23570226,0.388888889,0.501631326,0.055555556,0.23570226,0.5,0.514495755,0.111111111,0.323380833,0.055555556,0.23570226,0.055555556,0.23570226
17_14_02.bmp,3.055555555555556,0.111111111,0.323380833,0.333333333,0.48507125,0.055555556,0.23570226,0.166666667,0.383482494,0.166666667,0.383482494,0.111111111,0.323380833,0.055555556,0.23570226
21_09_04.bmp,2.5,0.888888889,0.323380833,0.222222222,0.427792632,0.0,0.0,0.055555556,0.23570226,0.055555556,0.23570226,0.0,0.0,0.0,0.0
24_19_02.bmp,2.888888888888889,0.222222222,0.427792632,0.666666667,0.48507125,0.111111111,0.323380833,0.055555556,0.23570226,0.0,0.0,0.055555556,0.23570226,0.0,0.0
37_06_04.bmp,1.9444444444444444,0.5,0.514495755,0.444444444,0.511309993,0.277777778,0.460888599,0.111111111,0.323380833,0.055555556,0.23570226,0.222222222,0.427792632,0.055555556,0.23570226
28_18_03.bmp,3.0,0.111111111,0.323380833,0.722222222,0.460888599,0.055555556,0.23570226,0.055555556,0.23570226,0.222222222,0.427792632,0.055555556,0.23570226,0.0,0.0
11_14_05.bmp,1.3333333333333333,0.055555556,0.23570226,0.111111111,0.323380833,0.111111111,0.323380833,0.777777778,0.427792632,0.222222222,0.427792632,0.055555556,0.23570226,0.055555556,0.23570226
35_14_03.bmp,2.6666666666666665,0.111111111,0.323380833,0.555555556,0.511309993,0.055555556,0.23570226,0.388888889,0.501631326,0.055555556,0.23570226,0.0,0.0,0.055555556,0.23570226
0981.jpg,3.6666666666666665,0.166666667,0.383482494,0.111111111,0.323380833,0.0,0.0,0.722222222,0.460888599,0.166666667,0.383482494,0.0,0.0,0.055555556,0.23570226
06_25_03.bmp,2.2222222222222223,0.055555556,0.23570226,0.0,0.0,0.111111111,0.323380833,0.0,0.0,0.055555556,0.23570226,0.0,0.0,0.944444444,0.23570226
30_09_03.bmp,2.555555555555556,0.722222222,0.460888599,0.166666667,0.383482494,0.0,0.0,0.0,0.0,0.222222222,0.427792632,0.0,0.0,0.055555556,0.23570226
16_10_05.bmp,2.2222222222222223,0.833333333,0.383482494,0.222222222,0.427792632,0.0,0.0,0.0,0.0,0.333333333,0.48507125,0.388888889,0.501631326,0.0,0.0
32_18_03.bmp,2.5,0.055555556,0.23570226,0.833333333,0.383482494,0.111111111,0.323380833,0.0,0.0,0.388888889,0.501631326,0.055555556,0.23570226,0.0,0.0
03_23_04.bmp,2.555555555555556,0.055555556,0.23570226,0.166666667,0.383482494,0.0,0.0,0.888888889,0.323380833,0.055555556,0.23570226,0.055555556,0.23570226,0.055555556,0.23570226
22_17_02.bmp,2.9444444444444446,0.111111111,0.323380833,0.555555556,0.511309993,0.055555556,0.23570226,0.055555556,0.23570226,0.111111111,0.323380833,0.166666667,0.383482494,0.166666667,0.383482494
03_24_03.bmp,2.611111111111111,0.055555556,0.23570226,0.888888889,0.323380833,0.0,0.0,0.0,0.0,0.055555556,0.23570226,0.0,0.0,0.055555556,0.23570226
1075.jpg,3.2777777777777777,0.111111111,0.323380833,0.444444444,0.511309993,0.055555556,0.23570226,0.388888889,0.501631326,0.055555556,0.23570226,0.111111111,0.323380833,0.055555556,0.23570226
20_04_02.bmp,3.0,0.222222222,0.427792632,0.277777778,0.460888599,0.222222222,0.427792632,0.0,0.0,0.111111111,0.323380833,0.333333333,0.48507125,0.0,0.0
0713.jpg,3.333333333333333,0.055555556,0.23570226,0.222222222,0.427792632,0.111111111,0.323380833,0.055555556,0.23570226,0.277777778,0.460888599,0.111111111,0.323380833,0.111111111,0.323380833
13_15_05.bmp,3.4444444444444446,0.111111111,0.323380833,0.055555556,0.23570226,0.0,0.0,0.333333333,0.48507125,0.111111111,0.323380833,0.055555556,0.23570226,0.055555556,0.23570226
30_14_04.bmp,2.111111111111111,0.055555556,0.23570226,0.277777778,0.460888599,0.055555556,0.23570226,0.777777778,0.427792632,0.277777778,0.460888599,0.055555556,0.23570226,0.0,0.0
14_19_02.bmp,3.111111111111111,0.166666667,0.383482494,0.333333333,0.48507125,0.277777778,0.460888599,0.0,0.0,0.055555556,0.23570226,0.055555556,0.23570226,0.111111111,0.323380833
33_03_05.bmp,2.111111111111111,0.111111111,0.323380833,0.777777778,0.427792632,0.0,0.0,0.0,0.0,0.388888889,0.501631326,0.0,0.0,0.0,0.0
0683.jpg,3.5,0.111111111,0.323380833,0.333333333,0.48507125,0.0,0.0,0.111111111,0.323380833,0.277777778,0.460888599,0.111111111,0.323380833,0.0,0.0
0596.jpg,3.5,0.055555556,0.23570226,0.222222222,0.427792632,0.055555556,0.23570226,0.166666667,0.383482494,0.388888889,0.501631326,0.055555556,0.23570226,0.055555556,0.23570226
26_03_03.bmp,2.888888888888889,0.055555556,0.23570226,0.722222222,0.460888599,0.111111111,0.323380833,0.0,0.0,0.055555556,0.23570226,0.0,0.0,0.0,0.0
0647.jpg,3.888888888888889,0.055555556,0.23570226,0.166666667,0.383482494,0.055555556,0.23570226,0.111111111,0.323380833,0.111111111,0.323380833,0.0,0.0,0.055555556,0.23570226
06_03_02.bmp,3.1666666666666665,0.166666667,0.383482494,0.555555556,0.511309993,0.111111111,0.323380833,0.0,0.0,0.0,0.0,0.055555556,0.23570226,0.055555556,0.23570226
32_20_04.bmp,1.6666666666666667,0.5,0.514495755,0.5,0.514495755,0.222222222,0.427792632,0.111111111,0.323380833,0.333333333,0.48507125,0.055555556,0.23570226,0.055555556,0.23570226
0077.jpg,3.555555555555556,0.055555556,0.23570226,0.222222222,0.427792632,0.444444444,0.511309993,0.0,0.0,0.222222222,0.427792632,0.055555556,0.23570226,0.055555556,0.23570226
26_20_02.bmp,3.8333333333333335,0.055555556,0.23570226,0.277777778,0.460888599,0.055555556,0.23570226,0.055555556,0.23570226,0.055555556,0.23570226,0.055555556,0.23570226,0.111111111,0.323380833
30_09_05.bmp,2.388888888888889,0.833333333,0.383482494,0.222222222,0.427792632,0.0,0.0,0.0,0.0,0.222222222,0.427792632,0.055555556,0.23570226,0.055555556,0.23570226
17_25_03.bmp,2.555555555555556,0.0,0.0,0.0,0.0,0.0,0.0,0.055555556,0.23570226,0.166666667,0.383482494,0.111111111,0.323380833,0.777777778,0.427792632
05_19_05.bmp,2.333333333333333,0.055555556,0.23570226,0.444444444,0.511309993,0.555555556,0.511309993,0.0,0.0,0.055555556,0.23570226,0.166666667,0.383482494,0.0,0.0
27_04_05.bmp,2.0,0.277777778,0.460888599,0.444444444,0.511309993,0.166666667,0.383482494,0.055555556,0.23570226,0.333333333,0.48507125,0.166666667,0.383482494,0.055555556,0.23570226
10_17_05.bmp,2.4444444444444446,0.0,0.0,0.555555556,0.511309993,0.055555556,0.23570226,0.055555556,0.23570226,0.444444444,0.511309993,0.222222222,0.427792632,0.222222222,0.427792632
26_21_02.bmp,3.9444444444444446,0.055555556,0.23570226,0.166666667,0.383482494,0.222222222,0.427792632,0.111111111,0.323380833,0.055555556,0.23570226,0.0,0.0,0.055555556,0.23570226
11_22_05.bmp,1.7777777777777777,0.277777778,0.460888599,0.777777778,0.427792632,0.0,0.0,0.111111111,0.323380833,0.222222222,0.427792632,0.0,0.0,0.055555556,0.23570226
01_12_04.bmp,2.111111111111111,0.777777778,0.427792632,0.611111111,0.501631326,0.166666667,0.383482494,0.0,0.0,0.055555556,0.23570226,0.0,0.0,0.055555556,0.23570226
01371.jpg,3.388888888888889,0.055555556,0.23570226,0.666666667,0.48507125,0.055555556,0.23570226,0.055555556,0.23570226,0.0,0.0,0.0,0.0,0.055555556,0.23570226
0036.jpg,2.611111111111111,0.055555556,0.23570226,0.5,0.514495755,0.833333333,0.383482494,0.0,0.0,0.055555556,0.23570226,0.0,0.0,0.0,0.0
09_21_03.bmp,2.888888888888889,0.111111111,0.323380833,0.222222222,0.427792632,0.5,0.514495755,0.055555556,0.23570226,0.111111111,0.323380833,0.0,0.0,0.055555556,0.23570226
0325.jpg,3.0,0.111111111,0.323380833,0.777777778,0.427792632,0.055555556,0.23570226,0.111111111,0.323380833,0.111111111,0.323380833,0.0,0.0,0.0,0.0
08_10_03.bmp,3.111111111111111,0.722222222,0.460888599,0.055555556,0.23570226,0.0,0.0,0.0,0.0,0.055555556,0.23570226,0.0,0.0,0.055555556,0.23570226
0689.jpg,2.888888888888889,0.166666667,0.383482494,0.277777778,0.460888599,0.111111111,0.323380833,0.0,0.0,0.166666667,0.383482494,0.5,0.514495755,0.111111111,0.323380833
20_20_01.bmp,2.5,0.5,0.514495755,0.222222222,0.427792632,0.222222222,0.427792632,0.277777778,0.460888599,0.111111111,0.323380833,0.055555556,0.23570226,0.0,0.0
28_18_01.bmp,2.7777777777777777,0.111111111,0.323380833,0.611111111,0.501631326,0.166666667,0.383482494,0.0,0.0,0.333333333,0.48507125,0.055555556,0.23570226,0.111111111,0.323380833
0379.jpg,2.4444444444444446,0.166666667,0.383482494,0.833333333,0.383482494,0.0,0.0,0.055555556,0.23570226,0.055555556,0.23570226,0.055555556,0.23570226,0.055555556,0.23570226
0813.jpg,3.555555555555556,0.055555556,0.23570226,0.444444444,0.511309993,0.0,0.0,0.0,0.0,0.333333333,0.48507125,0.055555556,0.23570226,0.0,0.0
18_18_03.bmp,2.333333333333333,0.055555556,0.23570226,0.777777778,0.427792632,0.055555556,0.23570226,0.055555556,0.23570226,0.055555556,0.23570226,0.0,0.0,0.111111111,0.323380833
16_25_04.bmp,2.1666666666666665,0.0,0.0,0.166666667,0.383482494,0.0,0.0,0.0,0.0,0.277777778,0.460888599,0.277777778,0.460888599,0.777777778,0.427792632
01429.jpg,3.6666666666666665,0.055555556,0.23570226,0.555555556,0.511309993,0.055555556,0.23570226,0.0,0.0,0.0,0.0,0.055555556,0.23570226,0.055555556,0.23570226
06_12_05.bmp,2.111111111111111,0.888888889,0.323380833,0.166666667,0.383482494,0.111111111,0.323380833,0.0,0.0,0.055555556,0.23570226,0.055555556,0.23570226,0.111111111,0.323380833
02_18_05.bmp,1.6666666666666667,0.111111111,0.323380833,0.777777778,0.427792632,0.055555556,0.23570226,0.0,0.0,0.555555556,0.511309993,0.055555556,0.23570226,0.111111111,0.323380833
29_06_03.bmp,1.8333333333333333,0.333333333,0.48507125,0.277777778,0.460888599,0.277777778,0.460888599,0.111111111,0.323380833,0.055555556,0.23570226,0.166666667,0.383482494,0.055555556,0.23570226
0507.jpg,2.7222222222222223,0.111111111,0.323380833,0.388888889,0.501631326,0.0,0.0,0.555555556,0.511309993,0.666666667,0.48507125,0.0,0.0,0.055555556,0.23570226
18_08_05.bmp,2.111111111111111,0.277777778,0.460888599,0.555555556,0.511309993,0.055555556,0.23570226,0.055555556,0.23570226,0.055555556,0.23570226,0.055555556,0.23570226,0.055555556,0.23570226
29_19_01.bmp,3.111111111111111,0.111111111,0.323380833,0.611111111,0.501631326,0.0,0.0,0.055555556,0.23570226,0.111111111,0.323380833,0.111111111,0.323380833,0.111111111,0.323380833
06_01_02.bmp,3.7222222222222223,0.111111111,0.323380833,0.111111111,0.323380833,0.166666667,0.383482494,0.055555556,0.23570226,0.0,0.0,0.055555556,0.23570226,0.055555556,0.23570226
32_07_01.bmp,2.7777777777777777,0.0,0.0,0.611111111,0.501631326,0.166666667,0.383482494,0.166666667,0.383482494,0.388888889,0.501631326,0.055555556,0.23570226,0.0,0.0
15_02_05.bmp,1.7222222222222223,0.055555556,0.23570226,0.944444444,0.23570226,0.055555556,0.23570226,0.0,0.0,0.111111111,0.323380833,0.0,0.0,0.0,0.0
13_23_04.bmp,2.555555555555556,0.055555556,0.23570226,0.166666667,0.383482494,0.055555556,0.23570226,0.777777778,0.427792632,0.055555556,0.23570226,0.0,0.0,0.166666667,0.383482494
1111.jpg,2.2777777777777777,0.0,0.0,0.777777778,0.427792632,0.0,0.0,0.0,0.0,0.444444444,0.511309993,0.055555556,0.23570226,0.055555556,0.23570226
34_07_02.bmp,2.333333333333333,0.222222222,0.427792632,0.833333333,0.383482494,0.111111111,0.323380833,0.0,0.0,0.0,0.0,0.055555556,0.23570226,0.055555556,0.23570226
17_08_04.bmp,1.8888888888888888,0.5,0.514495755,0.555555556,0.511309993,0.0,0.0,0.0,0.0,0.166666667,0.383482494,0.166666667,0.383482494,0.0,0.0
09_09_05.bmp,2.055555555555556,0.722222222,0.460888599,0.444444444,0.511309993,0.111111111,0.323380833,0.0,0.0,0.166666667,0.383482494,0.055555556,0.23570226,0.0,0.0
25_08_03.bmp,2.111111111111111,0.277777778,0.460888599,0.777777778,0.427792632,0.111111111,0.323380833,0.0,0.0,0.111111111,0.323380833,0.055555556,0.23570226,0.111111111,0.323380833
18_01_04.bmp,1.8333333333333333,0.055555556,0.23570226,0.888888889,0.323380833,0.111111111,0.323380833,0.0,0.0,0.0,0.0,0.055555556,0.23570226,0.055555556,0.23570226
23_04_05.bmp,2.2777777777777777,0.277777778,0.460888599,0.388888889,0.501631326,0.111111111,0.323380833,0.111111111,0.323380833,0.222222222,0.427792632,0.166666667,0.383482494,0.0,0.0
27_17_04.bmp,2.5,0.111111111,0.323380833,0.5,0.514495755,0.0,0.0,0.055555556,0.23570226,0.444444444,0.511309993,0.277777778,0.460888599,0.166666667,0.383482494
19_15_03.bmp,3.055555555555556,0.111111111,0.323380833,0.277777778,0.460888599,0.277777778,0.460888599,0.0,0.0,0.111111111,0.323380833,0.111111111,0.323380833,0.111111111,0.323380833
1112.jpg,1.8333333333333333,0.0,0.0,0.777777778,0.427792632,0.055555556,0.23570226,0.444444444,0.511309993,0.388888889,0.501631326,0.0,0.0,0.0,0.0
18_20_01.bmp,2.555555555555556,0.277777778,0.460888599,0.388888889,0.501631326,0.222222222,0.427792632,0.333333333,0.48507125,0.0,0.0,0.055555556,0.23570226,0.055555556,0.23570226
01_25_02.bmp,2.111111111111111,0.055555556,0.23570226,0.388888889,0.501631326,0.111111111,0.323380833,0.055555556,0.23570226,0.055555556,0.23570226,0.055555556,0.23570226,0.944444444,0.23570226
29_03_02.bmp,2.9444444444444446,0.055555556,0.23570226,0.611111111,0.501631326,0.055555556,0.23570226,0.055555556,0.23570226,0.111111111,0.323380833,0.055555556,0.23570226,0.055555556,0.23570226
23_25_02.bmp,2.555555555555556,0.111111111,0.323380833,0.166666667,0.383482494,0.0,0.0,0.0,0.0,0.166666667,0.383482494,0.0,0.0,0.888888889,0.323380833
26_02_05.bmp,1.3333333333333333,0.055555556,0.23570226,0.833333333,0.383482494,0.111111111,0.323380833,0.0,0.0,0.0,0.0,0.0,0.0,0.0,0.0
35_16_05.bmp,1.4444444444444444,0.111111111,0.323380833,0.777777778,0.427792632,0.055555556,0.23570226,0.0,0.0,0.111111111,0.323380833,0.0,0.0,0.0,0.0
21_06_05.bmp,1.4444444444444444,0.388888889,0.501631326,0.444444444,0.511309993,0.166666667,0.383482494,0.055555556,0.23570226,0.055555556,0.23570226,0.166666667,0.383482494,0.0,0.0
12_19_01.bmp,3.4444444444444446,0.111111111,0.323380833,0.333333333,0.48507125,0.166666667,0.383482494,0.0,0.0,0.055555556,0.23570226,0.0,0.0,0.0,0.0
31_19_03.bmp,2.7777777777777777,0.277777778,0.460888599,0.555555556,0.511309993,0.333333333,0.48507125,0.0,0.0,0.166666667,0.383482494,0.055555556,0.23570226,0.055555556,0.23570226
07_04_02.bmp,3.1666666666666665,0.333333333,0.48507125,0.388888889,0.501631326,0.166666667,0.383482494,0.0,0.0,0.111111111,0.323380833,0.055555556,0.23570226,0.055555556,0.23570226
04_04_01.bmp,3.2222222222222223,0.055555556,0.23570226,0.555555556,0.511309993,0.055555556,0.23570226,0.055555556,0.23570226,0.111111111,0.323380833,0.0,0.0,0.0,0.0
17_18_04.bmp,2.5,0.055555556,0.23570226,0.777777778,0.427792632,0.055555556,0.23570226,0.0,0.0,0.166666667,0.383482494,0.111111111,0.323380833,0.0,0.0
0381.jpg,1.9444444444444444,0.055555556,0.23570226,0.888888889,0.323380833,0.055555556,0.23570226,0.055555556,0.23570226,0.055555556,0.23570226,0.0,0.0,0.055555556,0.23570226
0824.jpg,3.333333333333333,0.055555556,0.23570226,0.5,0.514495755,0.055555556,0.23570226,0.0,0.0,0.0,0.0,0.0,0.0,0.055555556,0.23570226
08_04_01.bmp,4.388888888888889,0.055555556,0.23570226,0.277777778,0.460888599,0.055555556,0.23570226,0.055555556,0.23570226,0.166666667,0.383482494,0.0,0.0,0.0,0.0
01458.jpg,3.6666666666666665,0.111111111,0.323380833,0.555555556,0.511309993,0.277777778,0.460888599,0.0,0.0,0.0,0.0,0.0,0.0,0.388888889,0.501631326
01455.jpg,3.2222222222222223,0.055555556,0.23570226,0.722222222,0.460888599,0.111111111,0.323380833,0.055555556,0.23570226,0.0,0.0,0.0,0.0,0.0,0.0
37_11_05.bmp,2.2222222222222223,0.833333333,0.383482494,0.388888889,0.501631326,0.055555556,0.23570226,0.055555556,0.23570226,0.055555556,0.23570226,0.055555556,0.23570226,0.0,0.0
04_12_02.bmp,2.833333333333333,0.555555556,0.511309993,0.5,0.514495755,0.111111111,0.323380833,0.0,0.0,0.222222222,0.427792632,0.0,0.0,0.0,0.0
35_07_02.bmp,2.5,0.055555556,0.23570226,0.722222222,0.460888599,0.111111111,0.323380833,0.0,0.0,0.0,0.0,0.055555556,0.23570226,0.055555556,0.23570226
36_17_01.bmp,3.0,0.111111111,0.323380833,0.555555556,0.511309993,0.166666667,0.383482494,0.0,0.0,0.166666667,0.383482494,0.055555556,0.23570226,0.222222222,0.427792632
0226.jpg,2.0,0.111111111,0.323380833,0.5,0.514495755,0.055555556,0.23570226,0.888888889,0.323380833,0.055555556,0.23570226,0.0,0.0,0.055555556,0.23570226
0801.jpg,3.333333333333333,0.055555556,0.23570226,0.5,0.514495755,0.055555556,0.23570226,0.0,0.0,0.166666667,0.383482494,0.111111111,0.323380833,0.0,0.0
22_16_01.bmp,3.2777777777777777,0.055555556,0.23570226,0.5,0.514495755,0.277777778,0.460888599,0.055555556,0.23570226,0.055555556,0.23570226,0.111111111,0.323380833,0.0,0.0
02_15_04.bmp,3.2777777777777777,0.0,0.0,0.222222222,0.427792632,0.0,0.0,0.166666667,0.383482494,0.388888889,0.501631326,0.055555556,0.23570226,0.0,0.0
34_20_05.bmp,1.8888888888888888,0.444444444,0.511309993,0.666666667,0.48507125,0.166666667,0.383482494,0.055555556,0.23570226,0.0,0.0,0.055555556,0.23570226,0.0,0.0
29_12_03.bmp,2.833333333333333,0.5,0.514495755,0.333333333,0.48507125,0.0,0.0,0.0,0.0,0.111111111,0.323380833,0.111111111,0.323380833,0.055555556,0.23570226
05_19_02.bmp,2.888888888888889,0.333333333,0.48507125,0.444444444,0.511309993,0.166666667,0.383482494,0.0,0.0,0.0,0.0,0.055555556,0.23570226,0.111111111,0.323380833
22_14_02.bmp,3.111111111111111,0.0,0.0,0.277777778,0.460888599,0.055555556,0.23570226,0.444444444,0.511309993,0.166666667,0.383482494,0.111111111,0.323380833,0.0,0.0
0884.jpg,3.7777777777777777,0.111111111,0.323380833,0.444444444,0.511309993,0.0,0.0,0.0,0.0,0.166666667,0.383482494,0.055555556,0.23570226,0.0,0.0
06_17_04.bmp,2.333333333333333,0.222222222,0.427792632,0.5,0.514495755,0.055555556,0.23570226,0.0,0.0,0.055555556,0.23570226,0.222222222,0.427792632,0.277777778,0.460888599
27_20_03.bmp,2.2222222222222223,0.444444444,0.511309993,0.333333333,0.48507125,0.166666667,0.383482494,0.166666667,0.383482494,0.388888889,0.501631326,0.0,0.0,0.055555556,0.23570226
10_16_02.bmp,3.0,0.055555556,0.23570226,0.444444444,0.511309993,0.222222222,0.427792632,0.0,0.0,0.333333333,0.48507125,0.222222222,0.427792632,0.055555556,0.23570226
36_06_03.bmp,2.833333333333333,0.388888889,0.501631326,0.5,0.514495755,0.222222222,0.427792632,0.0,0.0,0.0,0.0,0.0,0.0,0.055555556,0.23570226
14_04_02.bmp,2.7222222222222223,0.333333333,0.48507125,0.388888889,0.501631326,0.277777778,0.460888599,0.055555556,0.23570226,0.0,0.0,0.222222222,0.427792632,0.111111111,0.323380833
0121.jpg,3.2222222222222223,0.055555556,0.23570226,0.222222222,0.427792632,0.833333333,0.383482494,0.055555556,0.23570226,0.111111111,0.323380833,0.0,0.0,0.055555556,0.23570226
0365.jpg,2.055555555555556,0.055555556,0.23570226,0.888888889,0.323380833,0.0,0.0,0.055555556,0.23570226,0.111111111,0.323380833,0.055555556,0.23570226,0.0,0.0
01158.jpg,3.2777777777777777,0.055555556,0.23570226,0.222222222,0.427792632,0.055555556,0.23570226,0.111111111,0.323380833,0.555555556,0.511309993,0.722222222,0.460888599,0.0,0.0
05_23_03.bmp,2.6666666666666665,0.111111111,0.323380833,0.277777778,0.460888599,0.0,0.0,0.777777778,0.427792632,0.0,0.0,0.055555556,0.23570226,0.111111111,0.323380833
10_23_03.bmp,2.7777777777777777,0.111111111,0.323380833,0.222222222,0.427792632,0.0,0.0,0.777777778,0.427792632,0.333333333,0.48507125,0.166666667,0.383482494,0.055555556,0.23570226
33_06_02.bmp,2.5,0.333333333,0.48507125,0.444444444,0.511309993,0.166666667,0.383482494,0.0,0.0,0.444444444,0.511309993,0.055555556,0.23570226,0.055555556,0.23570226
1058.jpg,3.7222222222222223,0.055555556,0.23570226,0.277777778,0.460888599,0.055555556,0.23570226,0.333333333,0.48507125,0.055555556,0.23570226,0.111111111,0.323380833,0.111111111,0.323380833
04_25_02.bmp,2.555555555555556,0.111111111,0.323380833,0.388888889,0.501631326,0.055555556,0.23570226,0.0,0.0,0.111111111,0.323380833,0.0,0.0,0.944444444,0.23570226
20_25_02.bmp,2.555555555555556,0.111111111,0.323380833,0.111111111,0.323380833,0.055555556,0.23570226,0.0,0.0,0.055555556,0.23570226,0.055555556,0.23570226,0.888888889,0.323380833
06_18_01.bmp,2.611111111111111,0.222222222,0.427792632,0.611111111,0.501631326,0.055555556,0.23570226,0.0,0.0,0.055555556,0.23570226,0.277777778,0.460888599,0.222222222,0.427792632
15_06_03.bmp,2.1666666666666665,0.333333333,0.48507125,0.222222222,0.427792632,0.166666667,0.383482494,0.055555556,0.23570226,0.166666667,0.383482494,0.222222222,0.427792632,0.055555556,0.23570226
14_02_01.bmp,3.2777777777777777,0.0,0.0,0.555555556,0.511309993,0.055555556,0.23570226,0.055555556,0.23570226,0.0,0.0,0.055555556,0.23570226,0.055555556,0.23570226
0386.jpg,3.111111111111111,0.055555556,0.23570226,0.722222222,0.460888599,0.0,0.0,0.055555556,0.23570226,0.055555556,0.23570226,0.0,0.0,0.0,0.0
21_14_01.bmp,3.388888888888889,0.111111111,0.323380833,0.277777778,0.460888599,0.111111111,0.323380833,0.222222222,0.427792632,0.0,0.0,0.0,0.0,0.0,0.0
27_04_04.bmp,2.2777777777777777,0.333333333,0.48507125,0.444444444,0.511309993,0.111111111,0.323380833,0.111111111,0.323380833,0.333333333,0.48507125,0.111111111,0.323380833,0.0,0.0
01_14_02.bmp,3.2222222222222223,0.055555556,0.23570226,0.666666667,0.48507125,0.111111111,0.323380833,0.0,0.0,0.055555556,0.23570226,0.0,0.0,0.111111111,0.323380833
15_07_05.bmp,1.4444444444444444,0.055555556,0.23570226,0.888888889,0.323380833,0.0,0.0,0.0,0.0,0.055555556,0.23570226,0.055555556,0.23570226,0.0,0.0
16_22_02.bmp,2.7222222222222223,0.166666667,0.383482494,0.666666667,0.48507125,0.055555556,0.23570226,0.0,0.0,0.277777778,0.460888599,0.277777778,0.460888599,0.0,0.0
06_22_02.bmp,2.7222222222222223,0.222222222,0.427792632,0.722222222,0.460888599,0.222222222,0.427792632,0.055555556,0.23570226,0.0,0.0,0.055555556,0.23570226,0.0,0.0
02_25_02.bmp,2.7222222222222223,0.111111111,0.323380833,0.055555556,0.23570226,0.0,0.0,0.0,0.0,0.277777778,0.460888599,0.055555556,0.23570226,0.888888889,0.323380833
24_22_02.bmp,2.6666666666666665,0.111111111,0.323380833,0.722222222,0.460888599,0.111111111,0.323380833,0.0,0.0,0.0,0.0,0.0,0.0,0.055555556,0.23570226
01153.jpg,4.055555555555555,0.222222222,0.427792632,0.222222222,0.427792632,0.0,0.0,0.055555556,0.23570226,0.333333333,0.48507125,0.0,0.0,0.055555556,0.23570226
01_15_01.bmp,1.9444444444444444,0.111111111,0.323380833,0.666666667,0.48507125,0.722222222,0.460888599,0.0,0.0,0.055555556,0.23570226,0.0,0.0,0.055555556,0.23570226
0345.jpg,2.7222222222222223,0.111111111,0.323380833,0.944444444,0.23570226,0.055555556,0.23570226,0.055555556,0.23570226,0.0,0.0,0.0,0.0,0.0,0.0
06_01_04.bmp,2.1666666666666665,0.0,0.0,0.888888889,0.323380833,0.111111111,0.323380833,0.055555556,0.23570226,0.0,0.0,0.055555556,0.23570226,0.055555556,0.23570226
0018.jpg,3.111111111111111,0.0,0.0,0.333333333,0.48507125,0.666666667,0.48507125,0.0,0.0,0.055555556,0.23570226,0.0,0.0,0.0,0.0
01_18_01.bmp,2.555555555555556,0.111111111,0.323380833,0.666666667,0.48507125,0.222222222,0.427792632,0.0,0.0,0.055555556,0.23570226,0.0,0.0,0.111111111,0.323380833
20_13_01.bmp,3.5,0.166666667,0.383482494,0.444444444,0.511309993,0.111111111,0.323380833,0.0,0.0,0.166666667,0.383482494,0.111111111,0.323380833,0.0,0.0
08_20_03.bmp,2.4444444444444446,0.5,0.514495755,0.222222222,0.427792632,0.277777778,0.460888599,0.277777778,0.460888599,0.055555556,0.23570226,0.055555556,0.23570226,0.055555556,0.23570226
01_19_04.bmp,3.055555555555556,0.055555556,0.23570226,0.611111111,0.501631326,0.111111111,0.323380833,0.055555556,0.23570226,0.0,0.0,0.0,0.0,0.111111111,0.323380833
12_07_03.bmp,2.2777777777777777,0.166666667,0.383482494,0.888888889,0.323380833,0.055555556,0.23570226,0.0,0.0,0.0,0.0,0.055555556,0.23570226,0.055555556,0.23570226
01_23_03.bmp,2.611111111111111,0.0,0.0,0.555555556,0.511309993,0.055555556,0.23570226,0.833333333,0.383482494,0.055555556,0.23570226,0.055555556,0.23570226,0.111111111,0.323380833
24_03_04.bmp,2.388888888888889,0.055555556,0.23570226,0.777777778,0.427792632,0.0,0.0,0.0,0.0,0.055555556,0.23570226,0.055555556,0.23570226,0.055555556,0.23570226
24_24_04.bmp,1.6111111111111112,0.166666667,0.383482494,0.833333333,0.383482494,0.0,0.0,0.0,0.0,0.055555556,0.23570226,0.0,0.0,0.0,0.0
37_10_04.bmp,2.6666666666666665,0.833333333,0.383482494,0.333333333,0.48507125,0.0,0.0,0.055555556,0.23570226,0.055555556,0.23570226,0.055555556,0.23570226,0.0,0.0
18_18_02.bmp,2.555555555555556,0.111111111,0.323380833,0.777777778,0.427792632,0.111111111,0.323380833,0.055555556,0.23570226,0.0,0.0,0.0,0.0,0.111111111,0.323380833
37_11_01.bmp,3.333333333333333,0.444444444,0.511309993,0.388888889,0.501631326,0.055555556,0.23570226,0.0,0.0,0.055555556,0.23570226,0.055555556,0.23570226,0.055555556,0.23570226
36_11_04.bmp,2.2222222222222223,0.833333333,0.383482494,0.333333333,0.48507125,0.166666667,0.383482494,0.0,0.0,0.111111111,0.323380833,0.055555556,0.23570226,0.0,0.0
28_10_03.bmp,2.7222222222222223,0.666666667,0.48507125,0.277777778,0.460888599,0.055555556,0.23570226,0.0,0.0,0.222222222,0.427792632,0.055555556,0.23570226,0.0,0.0
02_11_01.bmp,3.388888888888889,0.444444444,0.511309993,0.222222222,0.427792632,0.055555556,0.23570226,0.0,0.0,0.5,0.514495755,0.055555556,0.23570226,0.055555556,0.23570226
01_15_05.bmp,2.888888888888889,0.111111111,0.323380833,0.611111111,0.501631326,0.222222222,0.427792632,0.111111111,0.323380833,0.0,0.0,0.0,0.0,0.055555556,0.23570226
0589.jpg,3.2222222222222223,0.111111111,0.323380833,0.333333333,0.48507125,0.0,0.0,0.277777778,0.460888599,0.555555556,0.511309993,0.055555556,0.23570226,0.055555556,0.23570226
08_09_02.bmp,3.2777777777777777,0.666666667,0.48507125,0.0,0.0,0.055555556,0.23570226,0.055555556,0.23570226,0.055555556,0.23570226,0.0,0.0,0.0,0.0
30_18_01.bmp,2.888888888888889,0.055555556,0.23570226,0.555555556,0.511309993,0.055555556,0.23570226,0.111111111,0.323380833,0.277777778,0.460888599,0.111111111,0.323380833,0.0,0.0
32_15_01.bmp,2.055555555555556,0.111111111,0.323380833,0.166666667,0.383482494,0.888888889,0.323380833,0.0,0.0,0.333333333,0.48507125,0.0,0.0,0.0,0.0
35_05_01.bmp,2.611111111111111,0.388888889,0.501631326,0.722222222,0.460888599,0.055555556,0.23570226,0.055555556,0.23570226,0.0,0.0,0.0,0.0,0.055555556,0.23570226
21_14_02.bmp,3.2222222222222223,0.055555556,0.23570226,0.222222222,0.427792632,0.055555556,0.23570226,0.333333333,0.48507125,0.0,0.0,0.055555556,0.23570226,0.0,0.0
02_06_01.bmp,2.9444444444444446,0.277777778,0.460888599,0.444444444,0.511309993,0.111111111,0.323380833,0.055555556,0.23570226,0.555555556,0.511309993,0.111111111,0.323380833,0.0,0.0
23_20_04.bmp,1.7777777777777777,0.444444444,0.511309993,0.277777778,0.460888599,0.222222222,0.427792632,0.277777778,0.460888599,0.166666667,0.383482494,0.0,0.0,0.0,0.0
21_15_04.bmp,3.111111111111111,0.055555556,0.23570226,0.333333333,0.48507125,0.0,0.0,0.111111111,0.323380833,0.055555556,0.23570226,0.0,0.0,0.055555556,0.23570226
01348.jpg,3.0,0.111111111,0.323380833,0.722222222,0.460888599,0.055555556,0.23570226,0.0,0.0,0.055555556,0.23570226,0.0,0.0,0.055555556,0.23570226
0145.jpg,2.333333333333333,0.055555556,0.23570226,0.388888889,0.501631326,0.777777778,0.427792632,0.0,0.0,0.0,0.0,0.0,0.0,0.055555556,0.23570226
36_08_03.bmp,2.6666666666666665,0.333333333,0.48507125,0.611111111,0.501631326,0.055555556,0.23570226,0.055555556,0.23570226,0.0,0.0,0.111111111,0.323380833,0.055555556,0.23570226
0613.jpg,2.833333333333333,0.166666667,0.383482494,0.666666667,0.48507125,0.0,0.0,0.111111111,0.323380833,0.055555556,0.23570226,0.055555556,0.23570226,0.111111111,0.323380833
18_22_05.bmp,1.5,0.222222222,0.427792632,0.777777778,0.427792632,0.055555556,0.23570226,0.111111111,0.323380833,0.0,0.0,0.0,0.0,0.0,0.0
37_02_04.bmp,1.8333333333333333,0.0,0.0,0.944444444,0.23570226,0.055555556,0.23570226,0.0,0.0,0.111111111,0.323380833,0.0,0.0,0.0,0.0
06_16_05.bmp,1.5555555555555556,0.333333333,0.48507125,0.666666667,0.48507125,0.0,0.0,0.055555556,0.23570226,0.0,0.0,0.111111111,0.323380833,0.0,0.0
06_12_02.bmp,3.1666666666666665,0.611111111,0.501631326,0.277777778,0.460888599,0.055555556,0.23570226,0.0,0.0,0.111111111,0.323380833,0.055555556,0.23570226,0.055555556,0.23570226
0873.jpg,3.611111111111111,0.111111111,0.323380833,0.444444444,0.511309993,0.0,0.0,0.0,0.0,0.222222222,0.427792632,0.0,0.0,0.0,0.0
19_25_05.bmp,1.9444444444444444,0.055555556,0.23570226,0.111111111,0.323380833,0.111111111,0.323380833,0.055555556,0.23570226,0.055555556,0.23570226,0.055555556,0.23570226,0.777777778,0.427792632
16_06_03.bmp,2.0,0.222222222,0.427792632,0.166666667,0.383482494,0.222222222,0.427792632,0.055555556,0.23570226,0.277777778,0.460888599,0.444444444,0.511309993,0.111111111,0.323380833
1055.jpg,3.611111111111111,0.111111111,0.323380833,0.444444444,0.511309993,0.0,0.0,0.388888889,0.501631326,0.055555556,0.23570226,0.055555556,0.23570226,0.055555556,0.23570226
07_11_01.bmp,3.055555555555556,0.388888889,0.501631326,0.388888889,0.501631326,0.055555556,0.23570226,0.0,0.0,0.055555556,0.23570226,0.0,0.0,0.111111111,0.323380833
0720.jpg,3.333333333333333,0.055555556,0.23570226,0.277777778,0.460888599,0.0,0.0,0.055555556,0.23570226,0.388888889,0.501631326,0.166666667,0.383482494,0.055555556,0.23570226
0221.jpg,2.111111111111111,0.111111111,0.323380833,0.333333333,0.48507125,0.055555556,0.23570226,0.888888889,0.323380833,0.055555556,0.23570226,0.0,0.0,0.0,0.0
32_14_02.bmp,2.5,0.0,0.0,0.277777778,0.460888599,0.055555556,0.23570226,0.722222222,0.460888599,0.277777778,0.460888599,0.111111111,0.323380833,0.055555556,0.23570226
11_10_03.bmp,2.4444444444444446,0.777777778,0.427792632,0.333333333,0.48507125,0.0,0.0,0.055555556,0.23570226,0.166666667,0.383482494,0.055555556,0.23570226,0.0,0.0
0562.jpg,2.9444444444444446,0.055555556,0.23570226,0.388888889,0.501631326,0.055555556,0.23570226,0.111111111,0.323380833,0.666666667,0.48507125,0.0,0.0,0.055555556,0.23570226
20_12_03.bmp,2.7222222222222223,0.666666667,0.48507125,0.388888889,0.501631326,0.111111111,0.323380833,0.0,0.0,0.111111111,0.323380833,0.111111111,0.323380833,0.0,0.0
10_15_02.bmp,2.5,0.111111111,0.323380833,0.277777778,0.460888599,0.777777778,0.427792632,0.055555556,0.23570226,0.277777778,0.460888599,0.166666667,0.383482494,0.055555556,0.23570226
0999.jpg,3.333333333333333,0.055555556,0.23570226,0.222222222,0.427792632,0.055555556,0.23570226,0.722222222,0.460888599,0.333333333,0.48507125,0.0,0.0,0.0,0.0
34_19_02.bmp,3.055555555555556,0.055555556,0.23570226,0.611111111,0.501631326,0.222222222,0.427792632,0.0,0.0,0.0,0.0,0.0,0.0,0.055555556,0.23570226
02_12_01.bmp,3.333333333333333,0.333333333,0.48507125,0.5,0.514495755,0.0,0.0,0.055555556,0.23570226,0.5,0.514495755,0.055555556,0.23570226,0.0,0.0
25_20_03.bmp,2.0,0.5,0.514495755,0.444444444,0.511309993,0.222222222,0.427792632,0.222222222,0.427792632,0.166666667,0.383482494,0.055555556,0.23570226,0.0,0.0
03_04_04.bmp,3.1666666666666665,0.277777778,0.460888599,0.222222222,0.427792632,0.111111111,0.323380833,0.0,0.0,0.166666667,0.383482494,0.222222222,0.427792632,0.055555556,0.23570226
25_23_05.bmp,1.6666666666666667,0.0,0.0,0.222222222,0.427792632,0.0,0.0,0.777777778,0.427792632,0.055555556,0.23570226,0.055555556,0.23570226,0.111111111,0.323380833
10_17_01.bmp,3.055555555555556,0.111111111,0.323380833,0.5,0.514495755,0.0,0.0,0.0,0.0,0.388888889,0.501631326,0.222222222,0.427792632,0.111111111,0.323380833
34_05_05.bmp,2.4444444444444446,0.388888889,0.501631326,0.666666667,0.48507125,0.222222222,0.427792632,0.0,0.0,0.055555556,0.23570226,0.0,0.0,0.055555556,0.23570226
0822.jpg,3.4444444444444446,0.0,0.0,0.555555556,0.511309993,0.0,0.0,0.055555556,0.23570226,0.111111111,0.323380833,0.0,0.0,0.222222222,0.427792632
03_21_05.bmp,1.5555555555555556,0.277777778,0.460888599,0.111111111,0.323380833,0.333333333,0.48507125,0.722222222,0.460888599,0.111111111,0.323380833,0.0,0.0,0.0,0.0
28_20_05.bmp,1.8333333333333333,0.722222222,0.460888599,0.555555556,0.511309993,0.166666667,0.383482494,0.055555556,0.23570226,0.166666667,0.383482494,0.055555556,0.23570226,0.0,0.0
20_15_04.bmp,3.1666666666666665,0.055555556,0.23570226,0.277777778,0.460888599,0.111111111,0.323380833,0.222222222,0.427792632,0.166666667,0.383482494,0.111111111,0.323380833,0.0,0.0
12_24_03.bmp,2.4444444444444446,0.277777778,0.460888599,0.777777778,0.427792632,0.055555556,0.23570226,0.0,0.0,0.111111111,0.323380833,0.111111111,0.323380833,0.055555556,0.23570226
19_07_05.bmp,1.3333333333333333,0.166666667,0.383482494,0.833333333,0.383482494,0.0,0.0,0.0,0.0,0.055555556,0.23570226,0.055555556,0.23570226,0.055555556,0.23570226
0247.jpg,1.8888888888888888,0.222222222,0.427792632,0.333333333,0.48507125,0.055555556,0.23570226,0.833333333,0.383482494,0.055555556,0.23570226,0.0,0.0,0.0,0.0
05_20_03.bmp,2.055555555555556,0.722222222,0.460888599,0.333333333,0.48507125,0.166666667,0.383482494,0.111111111,0.323380833,0.055555556,0.23570226,0.0,0.0,0.055555556,0.23570226
0075.jpg,3.0,0.055555556,0.23570226,0.388888889,0.501631326,0.777777778,0.427792632,0.0,0.0,0.111111111,0.323380833,0.166666667,0.383482494,0.055555556,0.23570226
22_19_02.bmp,3.2222222222222223,0.055555556,0.23570226,0.5,0.514495755,0.333333333,0.48507125,0.0,0.0,0.055555556,0.23570226,0.166666667,0.383482494,0.0,0.0
21_15_02.bmp,2.7777777777777777,0.111111111,0.323380833,0.277777778,0.460888599,0.666666667,0.48507125,0.0,0.0,0.055555556,0.23570226,0.055555556,0.23570226,0.055555556,0.23570226
25_05_03.bmp,2.2222222222222223,0.444444444,0.511309993,0.555555556,0.511309993,0.111111111,0.323380833,0.055555556,0.23570226,0.111111111,0.323380833,0.0,0.0,0.055555556,0.23570226
24_15_04.bmp,2.9444444444444446,0.055555556,0.23570226,0.277777778,0.460888599,0.055555556,0.23570226,0.388888889,0.501631326,0.0,0.0,0.0,0.0,0.055555556,0.23570226
10_03_03.bmp,2.5,0.055555556,0.23570226,0.833333333,0.383482494,0.055555556,0.23570226,0.0,0.0,0.333333333,0.48507125,0.222222222,0.427792632,0.0,0.0
31_20_05.bmp,1.7222222222222223,0.611111111,0.501631326,0.5,0.514495755,0.166666667,0.383482494,0.222222222,0.427792632,0.111111111,0.323380833,0.055555556,0.23570226,0.0,0.0
17_24_03.bmp,2.2777777777777777,0.055555556,0.23570226,0.833333333,0.383482494,0.0,0.0,0.111111111,0.323380833,0.166666667,0.383482494,0.0,0.0,0.0,0.0
11_11_02.bmp,3.111111111111111,0.611111111,0.501631326,0.277777778,0.460888599,0.055555556,0.23570226,0.055555556,0.23570226,0.222222222,0.427792632,0.055555556,0.23570226,0.0,0.0
08_01_05.bmp,2.055555555555556,0.0,0.0,0.944444444,0.23570226,0.055555556,0.23570226,0.0,0.0,0.055555556,0.23570226,0.0,0.0,0.055555556,0.23570226
37_20_03.bmp,2.333333333333333,0.277777778,0.460888599,0.5,0.514495755,0.166666667,0.383482494,0.333333333,0.48507125,0.055555556,0.23570226,0.055555556,0.23570226,0.0,0.0
09_18_05.bmp,1.5,0.111111111,0.323380833,0.833333333,0.383482494,0.055555556,0.23570226,0.0,0.0,0.111111111,0.323380833,0.111111111,0.323380833,0.055555556,0.23570226
0019.jpg,2.9444444444444446,0.055555556,0.23570226,0.444444444,0.511309993,0.833333333,0.383482494,0.0,0.0,0.055555556,0.23570226,0.055555556,0.23570226,0.0,0.0
05_07_03.bmp,2.111111111111111,0.277777778,0.460888599,0.777777778,0.427792632,0.111111111,0.323380833,0.0,0.0,0.0,0.0,0.055555556,0.23570226,0.166666667,0.383482494
19_14_01.bmp,3.5,0.055555556,0.23570226,0.333333333,0.48507125,0.055555556,0.23570226,0.0,0.0,0.111111111,0.323380833,0.166666667,0.383482494,0.111111111,0.323380833
17_08_03.bmp,2.5,0.388888889,0.501631326,0.777777778,0.427792632,0.0,0.0,0.055555556,0.23570226,0.166666667,0.383482494,0.055555556,0.23570226,0.0,0.0
11_05_01.bmp,3.055555555555556,0.166666667,0.383482494,0.388888889,0.501631326,0.055555556,0.23570226,0.111111111,0.323380833,0.333333333,0.48507125,0.055555556,0.23570226,0.055555556,0.23570226
10_20_05.bmp,1.7222222222222223,0.444444444,0.511309993,0.222222222,0.427792632,0.333333333,0.48507125,0.055555556,0.23570226,0.222222222,0.427792632,0.111111111,0.323380833,0.055555556,0.23570226
06_04_05.bmp,2.4444444444444446,0.388888889,0.501631326,0.111111111,0.323380833,0.222222222,0.427792632,0.111111111,0.323380833,0.055555556,0.23570226,0.222222222,0.427792632,0.055555556,0.23570226
33_22_04.bmp,2.333333333333333,0.166666667,0.383482494,0.777777778,0.427792632,0.055555556,0.23570226,0.0,0.0,0.388888889,0.501631326,0.0,0.0,0.0,0.0
13_11_01.bmp,3.555555555555556,0.444444444,0.511309993,0.166666667,0.383482494,0.111111111,0.323380833,0.0,0.0,0.111111111,0.323380833,0.0,0.0,0.111111111,0.323380833
12_24_02.bmp,2.833333333333333,0.055555556,0.23570226,0.777777778,0.427792632,0.055555556,0.23570226,0.055555556,0.23570226,0.055555556,0.23570226,0.055555556,0.23570226,0.166666667,0.383482494
22_18_05.bmp,1.6666666666666667,0.166666667,0.383482494,0.888888889,0.323380833,0.0,0.0,0.055555556,0.23570226,0.055555556,0.23570226,0.111111111,0.323380833,0.0,0.0
02_16_02.bmp,3.111111111111111,0.055555556,0.23570226,0.444444444,0.511309993,0.055555556,0.23570226,0.055555556,0.23570226,0.5,0.514495755,0.055555556,0.23570226,0.055555556,0.23570226
0911.jpg,3.9444444444444446,0.166666667,0.383482494,0.444444444,0.511309993,0.0,0.0,0.055555556,0.23570226,0.166666667,0.383482494,0.0,0.0,0.0,0.0
01303.jpg,3.2222222222222223,0.222222222,0.427792632,0.333333333,0.48507125,0.055555556,0.23570226,0.111111111,0.323380833,0.722222222,0.460888599,0.0,0.0,0.0,0.0
36_10_01.bmp,3.2222222222222223,0.166666667,0.383482494,0.5,0.514495755,0.166666667,0.383482494,0.0,0.0,0.055555556,0.23570226,0.0,0.0,0.055555556,0.23570226
0110.jpg,2.5,0.0,0.0,0.333333333,0.48507125,1.0,0.0,0.0,0.0,0.111111111,0.323380833,0.055555556,0.23570226,0.055555556,0.23570226
1016.jpg,3.555555555555556,0.055555556,0.23570226,0.277777778,0.460888599,0.055555556,0.23570226,0.222222222,0.427792632,0.166666667,0.383482494,0.0,0.0,0.055555556,0.23570226
0106.jpg,2.888888888888889,0.0,0.0,0.444444444,0.511309993,0.833333333,0.383482494,0.0,0.0,0.055555556,0.23570226,0.055555556,0.23570226,0.055555556,0.23570226
35_02_05.bmp,1.3888888888888888,0.0,0.0,0.944444444,0.23570226,0.111111111,0.323380833,0.055555556,0.23570226,0.0,0.0,0.0,0.0,0.0,0.0
15_18_04.bmp,2.611111111111111,0.222222222,0.427792632,0.611111111,0.501631326,0.0,0.0,0.0,0.0,0.222222222,0.427792632,0.055555556,0.23570226,0.0,0.0
0459.jpg,2.6666666666666665,0.111111111,0.323380833,0.388888889,0.501631326,0.0,0.0,0.055555556,0.23570226,0.777777778,0.427792632,0.055555556,0.23570226,0.055555556,0.23570226
07_21_02.bmp,2.111111111111111,0.111111111,0.323380833,0.388888889,0.501631326,0.722222222,0.460888599,0.055555556,0.23570226,0.111111111,0.323380833,0.0,0.0,0.0,0.0
23_12_02.bmp,3.111111111111111,0.5,0.514495755,0.277777778,0.460888599,0.055555556,0.23570226,0.0,0.0,0.277777778,0.460888599,0.055555556,0.23570226,0.055555556,0.23570226
30_08_04.bmp,2.333333333333333,0.388888889,0.501631326,0.555555556,0.511309993,0.055555556,0.23570226,0.055555556,0.23570226,0.277777778,0.460888599,0.055555556,0.23570226,0.0,0.0
34_02_03.bmp,1.8888888888888888,0.0,0.0,0.888888889,0.323380833,0.222222222,0.427792632,0.0,0.0,0.055555556,0.23570226,0.0,0.0,0.111111111,0.323380833
0321.jpg,2.888888888888889,0.055555556,0.23570226,0.777777778,0.427792632,0.0,0.0,0.277777778,0.460888599,0.222222222,0.427792632,0.0,0.0,0.0,0.0
07_17_04.bmp,2.388888888888889,0.111111111,0.323380833,0.555555556,0.511309993,0.055555556,0.23570226,0.0,0.0,0.277777778,0.460888599,0.111111111,0.323380833,0.277777778,0.460888599
10_10_03.bmp,2.6666666666666665,0.722222222,0.460888599,0.388888889,0.501631326,0.0,0.0,0.055555556,0.23570226,0.277777778,0.460888599,0.111111111,0.323380833,0.055555556,0.23570226
23_23_03.bmp,2.555555555555556,0.055555556,0.23570226,0.277777778,0.460888599,0.0,0.0,0.722222222,0.460888599,0.111111111,0.323380833,0.055555556,0.23570226,0.111111111,0.323380833
22_13_02.bmp,3.333333333333333,0.111111111,0.323380833,0.388888889,0.501631326,0.222222222,0.427792632,0.055555556,0.23570226,0.111111111,0.323380833,0.222222222,0.427792632,0.0,0.0
18_09_01.bmp,3.111111111111111,0.777777778,0.427792632,0.222222222,0.427792632,0.055555556,0.23570226,0.055555556,0.23570226,0.0,0.0,0.055555556,0.23570226,0.111111111,0.323380833
26_16_04.bmp,2.333333333333333,0.166666667,0.383482494,0.777777778,0.427792632,0.055555556,0.23570226,0.222222222,0.427792632,0.055555556,0.23570226,0.0,0.0,0.0,0.0
32_08_01.bmp,3.0,0.0,0.0,0.611111111,0.501631326,0.111111111,0.323380833,0.055555556,0.23570226,0.333333333,0.48507125,0.111111111,0.323380833,0.0,0.0
21_22_01.bmp,3.1666666666666665,0.111111111,0.323380833,0.666666667,0.48507125,0.055555556,0.23570226,0.111111111,0.323380833,0.0,0.0,0.0,0.0,0.055555556,0.23570226
11_22_02.bmp,2.555555555555556,0.277777778,0.460888599,0.611111111,0.501631326,0.055555556,0.23570226,0.0,0.0,0.277777778,0.460888599,0.055555556,0.23570226,0.0,0.0
30_18_03.bmp,3.055555555555556,0.111111111,0.323380833,0.611111111,0.501631326,0.055555556,0.23570226,0.055555556,0.23570226,0.277777778,0.460888599,0.0,0.0,0.0,0.0
26_23_01.bmp,3.0,0.0,0.0,0.0,0.0,0.111111111,0.323380833,0.722222222,0.460888599,0.111111111,0.323380833,0.0,0.0,0.111111111,0.323380833
1077.jpg,3.4444444444444446,0.166666667,0.383482494,0.444444444,0.511309993,0.0,0.0,0.388888889,0.501631326,0.055555556,0.23570226,0.055555556,0.23570226,0.055555556,0.23570226
10_21_02.bmp,2.2222222222222223,0.055555556,0.23570226,0.277777778,0.460888599,0.777777778,0.427792632,0.055555556,0.23570226,0.222222222,0.427792632,0.444444444,0.511309993,0.0,0.0
19_06_04.bmp,2.2222222222222223,0.277777778,0.460888599,0.333333333,0.48507125,0.166666667,0.383482494,0.111111111,0.323380833,0.111111111,0.323380833,0.277777778,0.460888599,0.055555556,0.23570226
25_06_05.bmp,1.6111111111111112,0.333333333,0.48507125,0.333333333,0.48507125,0.388888889,0.501631326,0.0,0.0,0.111111111,0.323380833,0.055555556,0.23570226,0.055555556,0.23570226
21_07_01.bmp,3.2222222222222223,0.222222222,0.427792632,0.611111111,0.501631326,0.0,0.0,0.0,0.0,0.055555556,0.23570226,0.0,0.0,0.0,0.0
01401.jpg,3.611111111111111,0.055555556,0.23570226,0.555555556,0.511309993,0.166666667,0.383482494,0.0,0.0,0.0,0.0,0.0,0.0,0.0,0.0
07_12_01.bmp,3.2777777777777777,0.388888889,0.501631326,0.388888889,0.501631326,0.055555556,0.23570226,0.0,0.0,0.111111111,0.323380833,0.055555556,0.23570226,0.111111111,0.323380833
26_09_02.bmp,3.555555555555556,0.444444444,0.511309993,0.166666667,0.383482494,0.055555556,0.23570226,0.055555556,0.23570226,0.111111111,0.323380833,0.0,0.0,0.055555556,0.23570226
20_14_05.bmp,1.9444444444444444,0.055555556,0.23570226,0.277777778,0.460888599,0.055555556,0.23570226,0.777777778,0.427792632,0.111111111,0.323380833,0.055555556,0.23570226,0.0,0.0
14_25_05.bmp,2.0,0.055555556,0.23570226,0.222222222,0.427792632,0.055555556,0.23570226,0.0,0.0,0.0,0.0,0.055555556,0.23570226,0.833333333,0.383482494
08_01_02.bmp,4.166666666666667,0.111111111,0.323380833,0.111111111,0.323380833,0.055555556,0.23570226,0.166666667,0.383482494,0.166666667,0.383482494,0.0,0.0,0.0,0.0
15_09_04.bmp,2.4444444444444446,0.722222222,0.460888599,0.222222222,0.427792632,0.055555556,0.23570226,0.055555556,0.23570226,0.277777778,0.460888599,0.0,0.0,0.0,0.0
13_15_04.bmp,3.611111111111111,0.111111111,0.323380833,0.166666667,0.383482494,0.111111111,0.323380833,0.111111111,0.323380833,0.111111111,0.323380833,0.055555556,0.23570226,0.055555556,0.23570226
0734.jpg,3.1666666666666665,0.111111111,0.323380833,0.277777778,0.460888599,0.0,0.0,0.111111111,0.323380833,0.222222222,0.427792632,0.222222222,0.427792632,0.055555556,0.23570226
33_13_05.bmp,2.555555555555556,0.111111111,0.323380833,0.277777778,0.460888599,0.777777778,0.427792632,0.055555556,0.23570226,0.333333333,0.48507125,0.0,0.0,0.0,0.0
11_24_02.bmp,2.7222222222222223,0.055555556,0.23570226,0.722222222,0.460888599,0.055555556,0.23570226,0.111111111,0.323380833,0.222222222,0.427792632,0.055555556,0.23570226,0.0,0.0
23_24_04.bmp,2.0,0.055555556,0.23570226,0.888888889,0.323380833,0.0,0.0,0.0,0.0,0.166666667,0.383482494,0.055555556,0.23570226,0.0,0.0
04_12_01.bmp,3.055555555555556,0.444444444,0.511309993,0.444444444,0.511309993,0.055555556,0.23570226,0.0,0.0,0.166666667,0.383482494,0.0,0.0,0.055555556,0.23570226
28_22_03.bmp,2.5,0.055555556,0.23570226,0.777777778,0.427792632,0.111111111,0.323380833,0.0,0.0,0.166666667,0.383482494,0.111111111,0.323380833,0.0,0.0
0672.jpg,3.611111111111111,0.055555556,0.23570226,0.166666667,0.383482494,0.055555556,0.23570226,0.111111111,0.323380833,0.277777778,0.460888599,0.111111111,0.323380833,0.055555556,0.23570226
0167.jpg,2.7222222222222223,0.055555556,0.23570226,0.277777778,0.460888599,0.944444444,0.23570226,0.0,0.0,0.055555556,0.23570226,0.055555556,0.23570226,0.055555556,0.23570226
34_17_03.bmp,2.5,0.055555556,0.23570226,0.611111111,0.501631326,0.222222222,0.427792632,0.0,0.0,0.166666667,0.383482494,0.166666667,0.383482494,0.166666667,0.383482494
20_17_03.bmp,2.5,0.111111111,0.323380833,0.388888889,0.501631326,0.111111111,0.323380833,0.0,0.0,0.277777778,0.460888599,0.222222222,0.427792632,0.111111111,0.323380833
0187.jpg,3.611111111111111,0.055555556,0.23570226,0.166666667,0.383482494,0.666666667,0.48507125,0.0,0.0,0.222222222,0.427792632,0.0,0.0,0.055555556,0.23570226
08_15_05.bmp,2.388888888888889,0.111111111,0.323380833,0.222222222,0.427792632,0.055555556,0.23570226,0.888888889,0.323380833,0.0,0.0,0.055555556,0.23570226,0.0,0.0
24_18_03.bmp,2.6666666666666665,0.055555556,0.23570226,0.777777778,0.427792632,0.055555556,0.23570226,0.0,0.0,0.0,0.0,0.055555556,0.23570226,0.055555556,0.23570226
14_06_05.bmp,1.3333333333333333,0.333333333,0.48507125,0.388888889,0.501631326,0.277777778,0.460888599,0.055555556,0.23570226,0.055555556,0.23570226,0.055555556,0.23570226,0.055555556,0.23570226
0965.jpg,2.833333333333333,0.0,0.0,0.555555556,0.511309993,0.055555556,0.23570226,0.611111111,0.501631326,0.055555556,0.23570226,0.0,0.0,0.055555556,0.23570226
03_10_05.bmp,2.333333333333333,0.777777778,0.427792632,0.166666667,0.383482494,0.055555556,0.23570226,0.0,0.0,0.222222222,0.427792632,0.0,0.0,0.0,0.0
16_24_03.bmp,2.055555555555556,0.0,0.0,0.833333333,0.383482494,0.0,0.0,0.0,0.0,0.277777778,0.460888599,0.333333333,0.48507125,0.055555556,0.23570226
02_01_03.bmp,2.7222222222222223,0.0,0.0,0.722222222,0.460888599,0.055555556,0.23570226,0.0,0.0,0.611111111,0.501631326,0.055555556,0.23570226,0.055555556,0.23570226
29_12_02.bmp,3.111111111111111,0.388888889,0.501631326,0.388888889,0.501631326,0.0,0.0,0.055555556,0.23570226,0.166666667,0.383482494,0.111111111,0.323380833,0.0,0.0
28_19_01.bmp,3.1666666666666665,0.166666667,0.383482494,0.611111111,0.501631326,0.055555556,0.23570226,0.055555556,0.23570226,0.166666667,0.383482494,0.055555556,0.23570226,0.055555556,0.23570226
35_10_02.bmp,2.4444444444444446,0.722222222,0.460888599,0.5,0.514495755,0.055555556,0.23570226,0.055555556,0.23570226,0.055555556,0.23570226,0.055555556,0.23570226,0.055555556,0.23570226
20_07_03.bmp,2.388888888888889,0.166666667,0.383482494,0.777777778,0.427792632,0.111111111,0.323380833,0.0,0.0,0.111111111,0.323380833,0.111111111,0.323380833,0.0,0.0
34_03_05.bmp,1.5555555555555556,0.055555556,0.23570226,0.888888889,0.323380833,0.166666667,0.383482494,0.0,0.0,0.0,0.0,0.0,0.0,0.055555556,0.23570226
0756.jpg,3.7222222222222223,0.055555556,0.23570226,0.388888889,0.501631326,0.055555556,0.23570226,0.0,0.0,0.0,0.0,0.055555556,0.23570226,0.055555556,0.23570226
0718.jpg,3.4444444444444446,0.055555556,0.23570226,0.166666667,0.383482494,0.055555556,0.23570226,0.055555556,0.23570226,0.333333333,0.48507125,0.222222222,0.427792632,0.055555556,0.23570226
03_23_03.bmp,3.0,0.111111111,0.323380833,0.055555556,0.23570226,0.055555556,0.23570226,0.777777778,0.427792632,0.055555556,0.23570226,0.0,0.0,0.055555556,0.23570226
30_16_04.bmp,2.2222222222222223,0.166666667,0.383482494,0.833333333,0.383482494,0.0,0.0,0.055555556,0.23570226,0.277777778,0.460888599,0.055555556,0.23570226,0.0,0.0
19_18_03.bmp,2.611111111111111,0.111111111,0.323380833,0.666666667,0.48507125,0.055555556,0.23570226,0.0,0.0,0.166666667,0.383482494,0.111111111,0.323380833,0.055555556,0.23570226
26_13_03.bmp,3.7222222222222223,0.111111111,0.323380833,0.111111111,0.323380833,0.111111111,0.323380833,0.0,0.0,0.055555556,0.23570226,0.055555556,0.23570226,0.055555556,0.23570226
19_11_02.bmp,3.2222222222222223,0.666666667,0.48507125,0.166666667,0.383482494,0.111111111,0.323380833,0.055555556,0.23570226,0.055555556,0.23570226,0.055555556,0.23570226,0.055555556,0.23570226
34_16_01.bmp,3.2222222222222223,0.055555556,0.23570226,0.444444444,0.511309993,0.166666667,0.383482494,0.333333333,0.48507125,0.0,0.0,0.0,0.0,0.111111111,0.323380833
02_15_02.bmp,2.333333333333333,0.111111111,0.323380833,0.111111111,0.323380833,0.722222222,0.460888599,0.055555556,0.23570226,0.444444444,0.511309993,0.055555556,0.23570226,0.055555556,0.23570226
30_07_05.bmp,1.3888888888888888,0.166666667,0.383482494,0.777777778,0.427792632,0.0,0.0,0.055555556,0.23570226,0.222222222,0.427792632,0.055555556,0.23570226,0.0,0.0
1029.jpg,3.0,0.055555556,0.23570226,0.388888889,0.501631326,0.0,0.0,0.611111111,0.501631326,0.166666667,0.383482494,0.0,0.0,0.0,0.0
18_23_05.bmp,2.0,0.055555556,0.23570226,0.277777778,0.460888599,0.055555556,0.23570226,0.722222222,0.460888599,0.0,0.0,0.055555556,0.23570226,0.166666667,0.383482494
15_23_05.bmp,2.111111111111111,0.111111111,0.323380833,0.166666667,0.383482494,0.0,0.0,0.722222222,0.460888599,0.222222222,0.427792632,0.055555556,0.23570226,0.055555556,0.23570226
05_25_02.bmp,2.611111111111111,0.111111111,0.323380833,0.222222222,0.427792632,0.055555556,0.23570226,0.055555556,0.23570226,0.0,0.0,0.111111111,0.323380833,0.944444444,0.23570226
0926.jpg,1.5,0.055555556,0.23570226,0.888888889,0.323380833,0.055555556,0.23570226,0.111111111,0.323380833,0.333333333,0.48507125,0.0,0.0,0.055555556,0.23570226
13_06_04.bmp,2.611111111111111,0.333333333,0.48507125,0.222222222,0.427792632,0.333333333,0.48507125,0.055555556,0.23570226,0.166666667,0.383482494,0.222222222,0.427792632,0.055555556,0.23570226
01223.jpg,3.333333333333333,0.166666667,0.383482494,0.277777778,0.460888599,0.055555556,0.23570226,0.055555556,0.23570226,0.222222222,0.427792632,0.611111111,0.501631326,0.055555556,0.23570226
11_06_01.bmp,2.6666666666666665,0.277777778,0.460888599,0.333333333,0.48507125,0.166666667,0.383482494,0.166666667,0.383482494,0.166666667,0.383482494,0.166666667,0.383482494,0.0,0.0
27_05_03.bmp,2.5,0.277777778,0.460888599,0.611111111,0.501631326,0.111111111,0.323380833,0.055555556,0.23570226,0.388888889,0.501631326,0.055555556,0.23570226,0.055555556,0.23570226
32_08_05.bmp,1.6666666666666667,0.277777778,0.460888599,0.722222222,0.460888599,0.111111111,0.323380833,0.055555556,0.23570226,0.388888889,0.501631326,0.111111111,0.323380833,0.055555556,0.23570226
0579.jpg,3.388888888888889,0.055555556,0.23570226,0.222222222,0.427792632,0.0,0.0,0.111111111,0.323380833,0.555555556,0.511309993,0.055555556,0.23570226,0.111111111,0.323380833
10_12_02.bmp,2.7222222222222223,0.722222222,0.460888599,0.388888889,0.501631326,0.0,0.0,0.0,0.0,0.277777778,0.460888599,0.166666667,0.383482494,0.055555556,0.23570226
25_12_05.bmp,1.9444444444444444,0.777777778,0.427792632,0.333333333,0.48507125,0.055555556,0.23570226,0.055555556,0.23570226,0.222222222,0.427792632,0.0,0.0,0.0,0.0
0692.jpg,3.055555555555556,0.111111111,0.323380833,0.5,0.514495755,0.055555556,0.23570226,0.0,0.0,0.222222222,0.427792632,0.166666667,0.383482494,0.055555556,0.23570226
0343.jpg,3.1666666666666665,0.111111111,0.323380833,0.555555556,0.511309993,0.0,0.0,0.055555556,0.23570226,0.0,0.0,0.055555556,0.23570226,0.0,0.0
0962.jpg,3.388888888888889,0.111111111,0.323380833,0.166666667,0.383482494,0.0,0.0,0.666666667,0.48507125,0.111111111,0.323380833,0.055555556,0.23570226,0.0,0.0
31_07_03.bmp,2.0,0.055555556,0.23570226,0.833333333,0.383482494,0.0,0.0,0.0,0.0,0.111111111,0.323380833,0.055555556,0.23570226,0.111111111,0.323380833
30_21_05.bmp,2.055555555555556,0.055555556,0.23570226,0.277777778,0.460888599,0.055555556,0.23570226,0.722222222,0.460888599,0.166666667,0.383482494,0.055555556,0.23570226,0.0,0.0
23_09_05.bmp,2.0,0.777777778,0.427792632,0.222222222,0.427792632,0.111111111,0.323380833,0.0,0.0,0.166666667,0.383482494,0.055555556,0.23570226,0.0,0.0
37_12_01.bmp,3.611111111111111,0.166666667,0.383482494,0.5,0.514495755,0.055555556,0.23570226,0.0,0.0,0.055555556,0.23570226,0.111111111,0.323380833,0.0,0.0
0487.jpg,2.6666666666666665,0.166666667,0.383482494,0.555555556,0.511309993,0.055555556,0.23570226,0.055555556,0.23570226,0.777777778,0.427792632,0.0,0.0,0.0,0.0
22_19_05.bmp,2.111111111111111,0.055555556,0.23570226,0.222222222,0.427792632,0.833333333,0.383482494,0.0,0.0,0.055555556,0.23570226,0.0,0.0,0.0,0.0
33_17_05.bmp,2.333333333333333,0.055555556,0.23570226,0.611111111,0.501631326,0.0,0.0,0.055555556,0.23570226,0.444444444,0.511309993,0.166666667,0.383482494,0.166666667,0.383482494
09_17_01.bmp,3.2777777777777777,0.166666667,0.383482494,0.5,0.514495755,0.055555556,0.23570226,0.055555556,0.23570226,0.166666667,0.383482494,0.055555556,0.23570226,0.222222222,0.427792632
32_03_04.bmp,2.111111111111111,0.0,0.0,0.833333333,0.383482494,0.166666667,0.383482494,0.0,0.0,0.444444444,0.511309993,0.055555556,0.23570226,0.0,0.0
27_13_02.bmp,3.1666666666666665,0.055555556,0.23570226,0.277777778,0.460888599,0.166666667,0.383482494,0.055555556,0.23570226,0.555555556,0.511309993,0.055555556,0.23570226,0.055555556,0.23570226
06_08_02.bmp,3.2222222222222223,0.388888889,0.501631326,0.333333333,0.48507125,0.055555556,0.23570226,0.0,0.0,0.0,0.0,0.055555556,0.23570226,0.111111111,0.323380833
28_06_05.bmp,2.111111111111111,0.388888889,0.501631326,0.388888889,0.501631326,0.166666667,0.383482494,0.111111111,0.323380833,0.222222222,0.427792632,0.166666667,0.383482494,0.0,0.0
0202.jpg,1.6666666666666667,0.111111111,0.323380833,0.166666667,0.383482494,0.055555556,0.23570226,0.888888889,0.323380833,0.055555556,0.23570226,0.0,0.0,0.0,0.0
33_04_02.bmp,2.9444444444444446,0.222222222,0.427792632,0.444444444,0.511309993,0.277777778,0.460888599,0.055555556,0.23570226,0.388888889,0.501631326,0.055555556,0.23570226,0.0,0.0
21_02_02.bmp,2.833333333333333,0.0,0.0,0.833333333,0.383482494,0.111111111,0.323380833,0.0,0.0,0.0,0.0,0.0,0.0,0.055555556,0.23570226
0542.jpg,2.333333333333333,0.055555556,0.23570226,0.5,0.514495755,0.0,0.0,0.166666667,0.383482494,0.833333333,0.383482494,0.055555556,0.23570226,0.055555556,0.23570226
21_17_05.bmp,2.0,0.111111111,0.323380833,0.444444444,0.511309993,0.055555556,0.23570226,0.0,0.0,0.111111111,0.323380833,0.166666667,0.383482494,0.222222222,0.427792632
34_24_05.bmp,1.2777777777777777,0.055555556,0.23570226,0.888888889,0.323380833,0.166666667,0.383482494,0.0,0.0,0.055555556,0.23570226,0.055555556,0.23570226,0.055555556,0.23570226
17_18_02.bmp,2.7222222222222223,0.222222222,0.427792632,0.777777778,0.427792632,0.0,0.0,0.0,0.0,0.222222222,0.427792632,0.166666667,0.383482494,0.0,0.0
28_06_03.bmp,2.555555555555556,0.277777778,0.460888599,0.5,0.514495755,0.277777778,0.460888599,0.055555556,0.23570226,0.166666667,0.383482494,0.166666667,0.383482494,0.0,0.0
35_19_03.bmp,2.1666666666666665,0.277777778,0.460888599,0.5,0.514495755,0.333333333,0.48507125,0.055555556,0.23570226,0.0,0.0,0.0,0.0,0.055555556,0.23570226
1113.jpg,2.0,0.055555556,0.23570226,0.777777778,0.427792632,0.444444444,0.511309993,0.055555556,0.23570226,0.277777778,0.460888599,0.0,0.0,0.0,0.0
0973.jpg,2.9444444444444446,0.111111111,0.323380833,0.5,0.514495755,0.0,0.0,0.611111111,0.501631326,0.222222222,0.427792632,0.0,0.0,0.055555556,0.23570226
12_12_04.bmp,2.388888888888889,0.666666667,0.48507125,0.166666667,0.383482494,0.166666667,0.383482494,0.055555556,0.23570226,0.111111111,0.323380833,0.055555556,0.23570226,0.0,0.0
25_07_02.bmp,2.5,0.111111111,0.323380833,0.833333333,0.383482494,0.055555556,0.23570226,0.055555556,0.23570226,0.111111111,0.323380833,0.0,0.0,0.111111111,0.323380833
36_17_03.bmp,2.611111111111111,0.111111111,0.323380833,0.611111111,0.501631326,0.166666667,0.383482494,0.0,0.0,0.166666667,0.383482494,0.166666667,0.383482494,0.222222222,0.427792632
11_25_03.bmp,2.2222222222222223,0.111111111,0.323380833,0.055555556,0.23570226,0.0,0.0,0.111111111,0.323380833,0.166666667,0.383482494,0.055555556,0.23570226,0.888888889,0.323380833
16_08_01.bmp,3.611111111111111,0.111111111,0.323380833,0.166666667,0.383482494,0.0,0.0,0.0,0.0,0.277777778,0.460888599,0.5,0.514495755,0.0,0.0
03_19_05.bmp,2.833333333333333,0.111111111,0.323380833,0.222222222,0.427792632,0.722222222,0.460888599,0.055555556,0.23570226,0.0,0.0,0.0,0.0,0.0,0.0
10_18_05.bmp,1.5,0.111111111,0.323380833,0.777777778,0.427792632,0.055555556,0.23570226,0.055555556,0.23570226,0.5,0.514495755,0.222222222,0.427792632,0.111111111,0.323380833
1132.jpg,2.7222222222222223,0.055555556,0.23570226,0.388888889,0.501631326,0.0,0.0,0.055555556,0.23570226,0.5,0.514495755,0.388888889,0.501631326,0.055555556,0.23570226
17_09_01.bmp,2.888888888888889,0.722222222,0.460888599,0.222222222,0.427792632,0.055555556,0.23570226,0.0,0.0,0.166666667,0.383482494,0.055555556,0.23570226,0.0,0.0
21_03_05.bmp,1.3888888888888888,0.0,0.0,0.888888889,0.323380833,0.0,0.0,0.055555556,0.23570226,0.055555556,0.23570226,0.0,0.0,0.0,0.0
04_01_02.bmp,2.7777777777777777,0.277777778,0.460888599,0.555555556,0.511309993,0.222222222,0.427792632,0.0,0.0,0.222222222,0.427792632,0.0,0.0,0.055555556,0.23570226
28_22_04.bmp,2.333333333333333,0.166666667,0.383482494,0.777777778,0.427792632,0.055555556,0.23570226,0.0,0.0,0.277777778,0.460888599,0.0,0.0,0.0,0.0
24_04_05.bmp,2.1666666666666665,0.333333333,0.48507125,0.333333333,0.48507125,0.333333333,0.48507125,0.055555556,0.23570226,0.0,0.0,0.0,0.0,0.0,0.0
0814.jpg,3.388888888888889,0.055555556,0.23570226,0.444444444,0.511309993,0.0,0.0,0.0,0.0,0.111111111,0.323380833,0.111111111,0.323380833,0.055555556,0.23570226
33_05_03.bmp,2.555555555555556,0.277777778,0.460888599,0.722222222,0.460888599,0.055555556,0.23570226,0.0,0.0,0.5,0.514495755,0.055555556,0.23570226,0.0,0.0
29_22_05.bmp,1.8888888888888888,0.222222222,0.427792632,0.777777778,0.427792632,0.0,0.0,0.055555556,0.23570226,0.111111111,0.323380833,0.111111111,0.323380833,0.0,0.0
1020.jpg,3.6666666666666665,0.055555556,0.23570226,0.388888889,0.501631326,0.0,0.0,0.222222222,0.427792632,0.055555556,0.23570226,0.0,0.0,0.111111111,0.323380833
01219.jpg,2.6666666666666665,0.166666667,0.383482494,0.722222222,0.460888599,0.0,0.0,0.111111111,0.323380833,0.944444444,0.23570226,0.111111111,0.323380833,0.111111111,0.323380833
29_25_02.bmp,2.6666666666666665,0.055555556,0.23570226,0.055555556,0.23570226,0.0,0.0,0.0,0.0,0.111111111,0.323380833,0.111111111,0.323380833,0.944444444,0.23570226
01248.jpg,2.6666666666666665,0.333333333,0.48507125,0.833333333,0.383482494,0.0,0.0,0.111111111,0.323380833,0.166666667,0.383482494,0.055555556,0.23570226,0.055555556,0.23570226
0385.jpg,2.055555555555556,0.166666667,0.383482494,1.0,0.0,0.0,0.0,0.111111111,0.323380833,0.0,0.0,0.0,0.0,0.0,0.0
1083.jpg,3.4444444444444446,0.111111111,0.323380833,0.388888889,0.501631326,0.0,0.0,0.444444444,0.511309993,0.111111111,0.323380833,0.111111111,0.323380833,0.055555556,0.23570226
31_15_01.bmp,2.888888888888889,0.111111111,0.323380833,0.166666667,0.383482494,0.777777778,0.427792632,0.0,0.0,0.111111111,0.323380833,0.055555556,0.23570226,0.0,0.0
22_21_03.bmp,3.055555555555556,0.055555556,0.23570226,0.388888889,0.501631326,0.444444444,0.511309993,0.0,0.0,0.055555556,0.23570226,0.166666667,0.383482494,0.0,0.0
01320.jpg,3.4444444444444446,0.388888889,0.501631326,0.388888889,0.501631326,0.111111111,0.323380833,0.0,0.0,0.0,0.0,0.111111111,0.323380833,0.222222222,0.427792632
0784.jpg,3.388888888888889,0.166666667,0.383482494,0.444444444,0.511309993,0.055555556,0.23570226,0.0,0.0,0.0,0.0,0.055555556,0.23570226,0.055555556,0.23570226
14_16_01.bmp,3.2222222222222223,0.055555556,0.23570226,0.388888889,0.501631326,0.333333333,0.48507125,0.055555556,0.23570226,0.0,0.0,0.111111111,0.323380833,0.055555556,0.23570226
0956.jpg,2.7222222222222223,0.0,0.0,0.444444444,0.511309993,0.0,0.0,0.666666667,0.48507125,0.111111111,0.323380833,0.055555556,0.23570226,0.0,0.0
1107.jpg,2.388888888888889,0.055555556,0.23570226,0.277777778,0.460888599,0.0,0.0,0.055555556,0.23570226,0.611111111,0.501631326,0.277777778,0.460888599,0.111111111,0.323380833
0758.jpg,3.7222222222222223,0.055555556,0.23570226,0.388888889,0.501631326,0.055555556,0.23570226,0.0,0.0,0.055555556,0.23570226,0.055555556,0.23570226,0.055555556,0.23570226
01362.jpg,4.333333333333333,0.111111111,0.323380833,0.388888889,0.501631326,0.055555556,0.23570226,0.0,0.0,0.0,0.0,0.0,0.0,0.055555556,0.23570226
08_19_03.bmp,3.2777777777777777,0.222222222,0.427792632,0.166666667,0.383482494,0.333333333,0.48507125,0.055555556,0.23570226,0.055555556,0.23570226,0.055555556,0.23570226,0.0,0.0
11_11_03.bmp,2.6666666666666665,0.777777778,0.427792632,0.277777778,0.460888599,0.0,0.0,0.055555556,0.23570226,0.333333333,0.48507125,0.055555556,0.23570226,0.111111111,0.323380833
19_13_01.bmp,3.333333333333333,0.111111111,0.323380833,0.333333333,0.48507125,0.277777778,0.460888599,0.0,0.0,0.111111111,0.323380833,0.055555556,0.23570226,0.055555556,0.23570226
12_22_04.bmp,1.8333333333333333,0.222222222,0.427792632,0.777777778,0.427792632,0.111111111,0.323380833,0.0,0.0,0.055555556,0.23570226,0.055555556,0.23570226,0.0,0.0
33_09_02.bmp,2.9444444444444446,0.555555556,0.511309993,0.277777778,0.460888599,0.0,0.0,0.0,0.0,0.388888889,0.501631326,0.055555556,0.23570226,0.0,0.0
06_09_04.bmp,2.388888888888889,0.777777778,0.427792632,0.166666667,0.383482494,0.111111111,0.323380833,0.0,0.0,0.111111111,0.323380833,0.055555556,0.23570226,0.055555556,0.23570226
35_12_02.bmp,2.611111111111111,0.722222222,0.460888599,0.5,0.514495755,0.055555556,0.23570226,0.055555556,0.23570226,0.055555556,0.23570226,0.055555556,0.23570226,0.055555556,0.23570226
30_12_01.bmp,3.5,0.277777778,0.460888599,0.333333333,0.48507125,0.055555556,0.23570226,0.0,0.0,0.277777778,0.460888599,0.0,0.0,0.055555556,0.23570226
0909.jpg,3.6666666666666665,0.166666667,0.383482494,0.388888889,0.501631326,0.0,0.0,0.055555556,0.23570226,0.333333333,0.48507125,0.0,0.0,0.055555556,0.23570226
0069.jpg,2.7777777777777777,0.055555556,0.23570226,0.666666667,0.48507125,0.833333333,0.383482494,0.0,0.0,0.055555556,0.23570226,0.0,0.0,0.0,0.0
34_06_01.bmp,2.9444444444444446,0.277777778,0.460888599,0.444444444,0.511309993,0.222222222,0.427792632,0.0,0.0,0.055555556,0.23570226,0.166666667,0.383482494,0.111111111,0.323380833
20_13_05.bmp,1.8333333333333333,0.055555556,0.23570226,0.166666667,0.383482494,0.944444444,0.23570226,0.0,0.0,0.055555556,0.23570226,0.0,0.0,0.0,0.0
01_20_03.bmp,2.888888888888889,0.111111111,0.323380833,0.722222222,0.460888599,0.111111111,0.323380833,0.055555556,0.23570226,0.0,0.0,0.0,0.0,0.0,0.0
19_01_04.bmp,1.9444444444444444,0.0,0.0,0.944444444,0.23570226,0.0,0.0,0.0,0.0,0.111111111,0.323380833,0.055555556,0.23570226,0.111111111,0.323380833
27_21_05.bmp,1.7777777777777777,0.166666667,0.383482494,0.277777778,0.460888599,0.277777778,0.460888599,0.555555556,0.511309993,0.277777778,0.460888599,0.055555556,0.23570226,0.111111111,0.323380833
0799.jpg,3.333333333333333,0.0,0.0,0.555555556,0.511309993,0.055555556,0.23570226,0.111111111,0.323380833,0.111111111,0.323380833,0.0,0.0,0.0,0.0
01447.jpg,3.111111111111111,0.055555556,0.23570226,0.666666667,0.48507125,0.055555556,0.23570226,0.0,0.0,0.0,0.0,0.0,0.0,0.333333333,0.48507125
18_07_05.bmp,1.1666666666666667,0.111111111,0.323380833,0.833333333,0.383482494,0.055555556,0.23570226,0.055555556,0.23570226,0.055555556,0.23570226,0.111111111,0.323380833,0.0,0.0
23_10_03.bmp,2.7222222222222223,0.722222222,0.460888599,0.277777778,0.460888599,0.055555556,0.23570226,0.0,0.0,0.222222222,0.427792632,0.055555556,0.23570226,0.0,0.0
05_04_03.bmp,2.611111111111111,0.222222222,0.427792632,0.388888889,0.501631326,0.222222222,0.427792632,0.0,0.0,0.0,0.0,0.277777778,0.460888599,0.055555556,0.23570226
0256.jpg,1.5,0.111111111,0.323380833,0.388888889,0.501631326,0.055555556,0.23570226,0.888888889,0.323380833,0.0,0.0,0.0,0.0,0.0,0.0
08_22_03.bmp,2.7777777777777777,0.333333333,0.48507125,0.555555556,0.511309993,0.0,0.0,0.0,0.0,0.055555556,0.23570226,0.0,0.0,0.055555556,0.23570226
09_19_04.bmp,2.5,0.333333333,0.48507125,0.388888889,0.501631326,0.444444444,0.511309993,0.055555556,0.23570226,0.222222222,0.427792632,0.055555556,0.23570226,0.055555556,0.23570226
06_10_01.bmp,3.388888888888889,0.388888889,0.501631326,0.166666667,0.383482494,0.111111111,0.323380833,0.0,0.0,0.0,0.0,0.055555556,0.23570226,0.055555556,0.23570226
0227.jpg,1.4444444444444444,0.222222222,0.427792632,0.444444444,0.511309993,0.0,0.0,0.888888889,0.323380833,0.055555556,0.23570226,0.0,0.0,0.0,0.0
07_24_01.bmp,2.9444444444444446,0.166666667,0.383482494,0.611111111,0.501631326,0.166666667,0.383482494,0.0,0.0,0.0,0.0,0.0,0.0,0.055555556,0.23570226
01203.jpg,3.5,0.277777778,0.460888599,0.388888889,0.501631326,0.0,0.0,0.166666667,0.383482494,0.333333333,0.48507125,0.055555556,0.23570226,0.0,0.0
04_17_03.bmp,2.4444444444444446,0.166666667,0.383482494,0.666666667,0.48507125,0.111111111,0.323380833,0.055555556,0.23570226,0.277777778,0.460888599,0.055555556,0.23570226,0.388888889,0.501631326
02_03_05.bmp,1.5,0.055555556,0.23570226,0.833333333,0.383482494,0.0,0.0,0.0,0.0,0.555555556,0.511309993,0.055555556,0.23570226,0.055555556,0.23570226
22_02_04.bmp,1.5,0.055555556,0.23570226,0.944444444,0.23570226,0.0,0.0,0.055555556,0.23570226,0.166666667,0.383482494,0.055555556,0.23570226,0.0,0.0
17_02_03.bmp,2.2777777777777777,0.0,0.0,0.833333333,0.383482494,0.055555556,0.23570226,0.0,0.0,0.166666667,0.383482494,0.166666667,0.383482494,0.0,0.0
0839.jpg,3.5,0.166666667,0.383482494,0.333333333,0.48507125,0.0,0.0,0.055555556,0.23570226,0.166666667,0.383482494,0.055555556,0.23570226,0.0,0.0
36_10_04.bmp,2.333333333333333,0.777777778,0.427792632,0.444444444,0.511309993,0.111111111,0.323380833,0.0,0.0,0.055555556,0.23570226,0.055555556,0.23570226,0.111111111,0.323380833
13_12_03.bmp,2.888888888888889,0.722222222,0.460888599,0.222222222,0.427792632,0.111111111,0.323380833,0.0,0.0,0.166666667,0.383482494,0.0,0.0,0.111111111,0.323380833
14_14_02.bmp,3.5,0.166666667,0.383482494,0.333333333,0.48507125,0.055555556,0.23570226,0.166666667,0.383482494,0.0,0.0,0.111111111,0.323380833,0.055555556,0.23570226
14_11_04.bmp,2.333333333333333,0.833333333,0.383482494,0.166666667,0.383482494,0.055555556,0.23570226,0.0,0.0,0.055555556,0.23570226,0.166666667,0.383482494,0.055555556,0.23570226
32_21_04.bmp,1.5555555555555556,0.166666667,0.383482494,0.555555556,0.511309993,0.166666667,0.383482494,0.5,0.514495755,0.388888889,0.501631326,0.0,0.0,0.0,0.0
0811.jpg,3.555555555555556,0.0,0.0,0.555555556,0.511309993,0.0,0.0,0.055555556,0.23570226,0.277777778,0.460888599,0.0,0.0,0.0,0.0
35_15_04.bmp,2.888888888888889,0.055555556,0.23570226,0.555555556,0.511309993,0.0,0.0,0.166666667,0.383482494,0.0,0.0,0.055555556,0.23570226,0.111111111,0.323380833
15_16_04.bmp,2.111111111111111,0.333333333,0.48507125,0.888888889,0.323380833,0.055555556,0.23570226,0.055555556,0.23570226,0.222222222,0.427792632,0.0,0.0,0.0,0.0
16_23_03.bmp,2.7222222222222223,0.111111111,0.323380833,0.111111111,0.323380833,0.0,0.0,0.722222222,0.460888599,0.277777778,0.460888599,0.277777778,0.460888599,0.111111111,0.323380833
16_21_02.bmp,2.555555555555556,0.055555556,0.23570226,0.111111111,0.323380833,0.666666667,0.48507125,0.0,0.0,0.277777778,0.460888599,0.333333333,0.48507125,0.0,0.0
20_22_02.bmp,2.888888888888889,0.111111111,0.323380833,0.611111111,0.501631326,0.166666667,0.383482494,0.0,0.0,0.111111111,0.323380833,0.055555556,0.23570226,0.0,0.0
17_01_03.bmp,2.6666666666666665,0.055555556,0.23570226,0.833333333,0.383482494,0.055555556,0.23570226,0.0,0.0,0.277777778,0.460888599,0.111111111,0.323380833,0.0,0.0
30_25_03.bmp,2.5,0.0,0.0,0.111111111,0.323380833,0.0,0.0,0.111111111,0.323380833,0.222222222,0.427792632,0.0,0.0,0.888888889,0.323380833
18_11_01.bmp,3.0,0.444444444,0.511309993,0.388888889,0.501631326,0.111111111,0.323380833,0.0,0.0,0.055555556,0.23570226,0.111111111,0.323380833,0.055555556,0.23570226
16_22_03.bmp,2.388888888888889,0.277777778,0.460888599,0.722222222,0.460888599,0.055555556,0.23570226,0.055555556,0.23570226,0.333333333,0.48507125,0.277777778,0.460888599,0.0,0.0
01442.jpg,3.4444444444444446,0.166666667,0.383482494,0.555555556,0.511309993,0.222222222,0.427792632,0.0,0.0,0.0,0.0,0.0,0.0,0.0,0.0
01_25_03.bmp,2.333333333333333,0.055555556,0.23570226,0.388888889,0.501631326,0.111111111,0.323380833,0.0,0.0,0.0,0.0,0.055555556,0.23570226,1.0,0.0
25_01_05.bmp,1.2222222222222223,0.0,0.0,0.833333333,0.383482494,0.055555556,0.23570226,0.0,0.0,0.166666667,0.383482494,0.0,0.0,0.055555556,0.23570226
07_15_03.bmp,3.055555555555556,0.166666667,0.383482494,0.388888889,0.501631326,0.166666667,0.383482494,0.055555556,0.23570226,0.111111111,0.323380833,0.055555556,0.23570226,0.055555556,0.23570226
18_06_04.bmp,2.055555555555556,0.444444444,0.511309993,0.444444444,0.511309993,0.166666667,0.383482494,0.055555556,0.23570226,0.111111111,0.323380833,0.166666667,0.383482494,0.111111111,0.323380833
01_22_04.bmp,1.7222222222222223,0.5,0.514495755,0.833333333,0.383482494,0.111111111,0.323380833,0.055555556,0.23570226,0.0,0.0,0.0,0.0,0.0,0.0
31_10_04.bmp,2.4444444444444446,0.777777778,0.427792632,0.222222222,0.427792632,0.0,0.0,0.0,0.0,0.111111111,0.323380833,0.0,0.0,0.055555556,0.23570226
22_22_05.bmp,1.6111111111111112,0.333333333,0.48507125,0.833333333,0.383482494,0.0,0.0,0.0,0.0,0.111111111,0.323380833,0.111111111,0.323380833,0.0,0.0
0746.jpg,3.055555555555556,0.055555556,0.23570226,0.555555556,0.511309993,0.055555556,0.23570226,0.0,0.0,0.111111111,0.323380833,0.111111111,0.323380833,0.055555556,0.23570226
06_24_04.bmp,1.6111111111111112,0.055555556,0.23570226,0.888888889,0.323380833,0.111111111,0.323380833,0.0,0.0,0.055555556,0.23570226,0.055555556,0.23570226,0.055555556,0.23570226
0154.jpg,2.111111111111111,0.055555556,0.23570226,0.388888889,0.501631326,0.888888889,0.323380833,0.0,0.0,0.166666667,0.383482494,0.0,0.0,0.055555556,0.23570226
35_08_04.bmp,1.8333333333333333,0.111111111,0.323380833,0.888888889,0.323380833,0.055555556,0.23570226,0.0,0.0,0.055555556,0.23570226,0.055555556,0.23570226,0.055555556,0.23570226
11_16_02.bmp,2.833333333333333,0.222222222,0.427792632,0.388888889,0.501631326,0.333333333,0.48507125,0.055555556,0.23570226,0.222222222,0.427792632,0.055555556,0.23570226,0.055555556,0.23570226
03_19_01.bmp,3.7777777777777777,0.055555556,0.23570226,0.222222222,0.427792632,0.0,0.0,0.0,0.0,0.166666667,0.383482494,0.055555556,0.23570226,0.111111111,0.323380833
32_10_05.bmp,2.2222222222222223,0.833333333,0.383482494,0.388888889,0.501631326,0.055555556,0.23570226,0.055555556,0.23570226,0.388888889,0.501631326,0.055555556,0.23570226,0.0,0.0
21_16_05.bmp,1.5,0.166666667,0.383482494,0.888888889,0.323380833,0.055555556,0.23570226,0.0,0.0,0.055555556,0.23570226,0.0,0.0,0.0,0.0
11_06_04.bmp,2.111111111111111,0.277777778,0.460888599,0.333333333,0.48507125,0.222222222,0.427792632,0.222222222,0.427792632,0.166666667,0.383482494,0.111111111,0.323380833,0.0,0.0
06_15_04.bmp,3.7777777777777777,0.111111111,0.323380833,0.166666667,0.383482494,0.111111111,0.323380833,0.0,0.0,0.0,0.0,0.055555556,0.23570226,0.055555556,0.23570226
09_12_03.bmp,2.555555555555556,0.611111111,0.501631326,0.222222222,0.427792632,0.166666667,0.383482494,0.0,0.0,0.166666667,0.383482494,0.111111111,0.323380833,0.055555556,0.23570226
0902.jpg,3.4444444444444446,0.111111111,0.323380833,0.444444444,0.511309993,0.055555556,0.23570226,0.0,0.0,0.222222222,0.427792632,0.055555556,0.23570226,0.0,0.0
0925.jpg,1.3888888888888888,0.0,0.0,0.944444444,0.23570226,0.0,0.0,0.166666667,0.383482494,0.333333333,0.48507125,0.0,0.0,0.0,0.0
09_09_03.bmp,2.7222222222222223,0.722222222,0.460888599,0.388888889,0.501631326,0.055555556,0.23570226,0.0,0.0,0.222222222,0.427792632,0.055555556,0.23570226,0.0,0.0
08_16_05.bmp,2.111111111111111,0.444444444,0.511309993,0.722222222,0.460888599,0.0,0.0,0.0,0.0,0.055555556,0.23570226,0.0,0.0,0.0,0.0
0744.jpg,3.4444444444444446,0.055555556,0.23570226,0.5,0.514495755,0.0,0.0,0.0,0.0,0.0,0.0,0.111111111,0.323380833,0.111111111,0.323380833
27_16_03.bmp,2.7777777777777777,0.166666667,0.383482494,0.666666667,0.48507125,0.0,0.0,0.055555556,0.23570226,0.388888889,0.501631326,0.055555556,0.23570226,0.055555556,0.23570226
07_20_01.bmp,2.611111111111111,0.611111111,0.501631326,0.444444444,0.511309993,0.111111111,0.323380833,0.0,0.0,0.111111111,0.323380833,0.055555556,0.23570226,0.055555556,0.23570226
0733.jpg,3.055555555555556,0.055555556,0.23570226,0.277777778,0.460888599,0.055555556,0.23570226,0.0,0.0,0.333333333,0.48507125,0.333333333,0.48507125,0.055555556,0.23570226
28_15_04.bmp,3.055555555555556,0.055555556,0.23570226,0.388888889,0.501631326,0.0,0.0,0.222222222,0.427792632,0.222222222,0.427792632,0.055555556,0.23570226,0.0,0.0
17_01_02.bmp,3.055555555555556,0.055555556,0.23570226,0.444444444,0.511309993,0.111111111,0.323380833,0.0,0.0,0.166666667,0.383482494,0.055555556,0.23570226,0.166666667,0.383482494
07_04_04.bmp,2.7222222222222223,0.277777778,0.460888599,0.444444444,0.511309993,0.222222222,0.427792632,0.055555556,0.23570226,0.111111111,0.323380833,0.222222222,0.427792632,0.055555556,0.23570226
0470.jpg,3.2777777777777777,0.055555556,0.23570226,0.388888889,0.501631326,0.0,0.0,0.111111111,0.323380833,0.611111111,0.501631326,0.0,0.0,0.0,0.0
0017.jpg,3.4444444444444446,0.0,0.0,0.222222222,0.427792632,0.722222222,0.460888599,0.0,0.0,0.0,0.0,0.055555556,0.23570226,0.055555556,0.23570226
06_05_03.bmp,2.2777777777777777,0.333333333,0.48507125,0.722222222,0.460888599,0.055555556,0.23570226,0.0,0.0,0.0,0.0,0.166666667,0.383482494,0.055555556,0.23570226
20_12_04.bmp,2.388888888888889,0.722222222,0.460888599,0.388888889,0.501631326,0.055555556,0.23570226,0.0,0.0,0.055555556,0.23570226,0.111111111,0.323380833,0.055555556,0.23570226
26_05_04.bmp,2.333333333333333,0.222222222,0.427792632,0.611111111,0.501631326,0.111111111,0.323380833,0.055555556,0.23570226,0.111111111,0.323380833,0.0,0.0,0.055555556,0.23570226
22_03_01.bmp,3.5,0.166666667,0.383482494,0.333333333,0.48507125,0.055555556,0.23570226,0.0,0.0,0.111111111,0.323380833,0.166666667,0.383482494,0.0,0.0
14_21_02.bmp,2.1666666666666665,0.111111111,0.323380833,0.166666667,0.383482494,0.888888889,0.323380833,0.0,0.0,0.0,0.0,0.111111111,0.323380833,0.055555556,0.23570226
16_22_05.bmp,1.6111111111111112,0.277777778,0.460888599,0.722222222,0.460888599,0.0,0.0,0.055555556,0.23570226,0.333333333,0.48507125,0.277777778,0.460888599,0.0,0.0
08_09_04.bmp,2.7222222222222223,0.722222222,0.460888599,0.166666667,0.383482494,0.0,0.0,0.0,0.0,0.111111111,0.323380833,0.0,0.0,0.0,0.0
07_15_02.bmp,1.8888888888888888,0.111111111,0.323380833,0.277777778,0.460888599,0.777777778,0.427792632,0.0,0.0,0.111111111,0.323380833,0.055555556,0.23570226,0.0,0.0
34_23_05.bmp,1.9444444444444444,0.111111111,0.323380833,0.111111111,0.323380833,0.166666667,0.383482494,0.722222222,0.460888599,0.0,0.0,0.0,0.0,0.277777778,0.460888599
34_18_04.bmp,1.5555555555555556,0.055555556,0.23570226,0.888888889,0.323380833,0.222222222,0.427792632,0.0,0.0,0.0,0.0,0.055555556,0.23570226,0.055555556,0.23570226
05_17_04.bmp,2.333333333333333,0.166666667,0.383482494,0.5,0.514495755,0.055555556,0.23570226,0.0,0.0,0.111111111,0.323380833,0.277777778,0.460888599,0.277777778,0.460888599
05_25_01.bmp,2.7777777777777777,0.111111111,0.323380833,0.222222222,0.427792632,0.055555556,0.23570226,0.0,0.0,0.055555556,0.23570226,0.055555556,0.23570226,0.833333333,0.383482494
04_08_03.bmp,2.6666666666666665,0.388888889,0.501631326,0.722222222,0.460888599,0.111111111,0.323380833,0.0,0.0,0.222222222,0.427792632,0.055555556,0.23570226,0.111111111,0.323380833
36_01_03.bmp,2.5,0.111111111,0.323380833,0.833333333,0.383482494,0.111111111,0.323380833,0.0,0.0,0.055555556,0.23570226,0.0,0.0,0.055555556,0.23570226
37_05_04.bmp,2.1666666666666665,0.444444444,0.511309993,0.722222222,0.460888599,0.055555556,0.23570226,0.0,0.0,0.111111111,0.323380833,0.055555556,0.23570226,0.0,0.0
13_14_01.bmp,3.8333333333333335,0.111111111,0.323380833,0.222222222,0.427792632,0.111111111,0.323380833,0.111111111,0.323380833,0.111111111,0.323380833,0.055555556,0.23570226,0.055555556,0.23570226
25_08_02.bmp,2.555555555555556,0.166666667,0.383482494,0.777777778,0.427792632,0.055555556,0.23570226,0.0,0.0,0.166666667,0.383482494,0.055555556,0.23570226,0.055555556,0.23570226
09_14_03.bmp,2.6666666666666665,0.277777778,0.460888599,0.388888889,0.501631326,0.222222222,0.427792632,0.222222222,0.427792632,0.111111111,0.323380833,0.055555556,0.23570226,0.0,0.0
34_02_02.bmp,2.6666666666666665,0.0,0.0,0.777777778,0.427792632,0.166666667,0.383482494,0.0,0.0,0.055555556,0.23570226,0.055555556,0.23570226,0.055555556,0.23570226
34_04_01.bmp,3.4444444444444446,0.055555556,0.23570226,0.444444444,0.511309993,0.166666667,0.383482494,0.055555556,0.23570226,0.0,0.0,0.055555556,0.23570226,0.055555556,0.23570226
09_23_03.bmp,2.7777777777777777,0.055555556,0.23570226,0.166666667,0.383482494,0.055555556,0.23570226,0.777777778,0.427792632,0.111111111,0.323380833,0.0,0.0,0.0,0.0
05_18_01.bmp,2.611111111111111,0.111111111,0.323380833,0.666666667,0.48507125,0.055555556,0.23570226,0.055555556,0.23570226,0.111111111,0.323380833,0.111111111,0.323380833,0.055555556,0.23570226
15_24_04.bmp,1.6111111111111112,0.055555556,0.23570226,0.888888889,0.323380833,0.0,0.0,0.0,0.0,0.166666667,0.383482494,0.055555556,0.23570226,0.0,0.0
0665.jpg,3.4444444444444446,0.111111111,0.323380833,0.611111111,0.501631326,0.0,0.0,0.055555556,0.23570226,0.111111111,0.323380833,0.055555556,0.23570226,0.055555556,0.23570226
0062.jpg,3.0,0.111111111,0.323380833,0.444444444,0.511309993,0.333333333,0.48507125,0.055555556,0.23570226,0.277777778,0.460888599,0.0,0.0,0.0,0.0
08_18_02.bmp,3.5,0.333333333,0.48507125,0.444444444,0.511309993,0.055555556,0.23570226,0.0,0.0,0.055555556,0.23570226,0.055555556,0.23570226,0.0,0.0
12_19_04.bmp,2.7777777777777777,0.111111111,0.323380833,0.222222222,0.427792632,0.722222222,0.460888599,0.111111111,0.323380833,0.0,0.0,0.0,0.0,0.0,0.0
18_08_01.bmp,3.0,0.222222222,0.427792632,0.5,0.514495755,0.055555556,0.23570226,0.0,0.0,0.0,0.0,0.0,0.0,0.055555556,0.23570226
04_02_01.bmp,2.888888888888889,0.111111111,0.323380833,0.666666667,0.48507125,0.166666667,0.383482494,0.0,0.0,0.166666667,0.383482494,0.0,0.0,0.055555556,0.23570226
04_23_05.bmp,1.8888888888888888,0.055555556,0.23570226,0.444444444,0.511309993,0.055555556,0.23570226,0.833333333,0.383482494,0.111111111,0.323380833,0.0,0.0,0.111111111,0.323380833
01200.jpg,2.7777777777777777,0.166666667,0.383482494,0.555555556,0.511309993,0.0,0.0,0.0,0.0,0.111111111,0.323380833,0.777777778,0.427792632,0.277777778,0.460888599
0937.jpg,3.0,0.166666667,0.383482494,0.611111111,0.501631326,0.0,0.0,0.555555556,0.511309993,0.222222222,0.427792632,0.0,0.0,0.0,0.0
26_17_01.bmp,3.2777777777777777,0.055555556,0.23570226,0.222222222,0.427792632,0.222222222,0.427792632,0.055555556,0.23570226,0.055555556,0.23570226,0.0,0.0,0.166666667,0.383482494
0978.jpg,3.2222222222222223,0.055555556,0.23570226,0.333333333,0.48507125,0.055555556,0.23570226,0.666666667,0.48507125,0.166666667,0.383482494,0.0,0.0,0.055555556,0.23570226
28_07_02.bmp,2.888888888888889,0.166666667,0.383482494,0.666666667,0.48507125,0.111111111,0.323380833,0.0,0.0,0.111111111,0.323380833,0.111111111,0.323380833,0.055555556,0.23570226
28_11_03.bmp,2.6666666666666665,0.666666667,0.48507125,0.333333333,0.48507125,0.111111111,0.323380833,0.0,0.0,0.222222222,0.427792632,0.111111111,0.323380833,0.0,0.0
0690.jpg,3.388888888888889,0.055555556,0.23570226,0.333333333,0.48507125,0.0,0.0,0.0,0.0,0.333333333,0.48507125,0.055555556,0.23570226,0.111111111,0.323380833
29_17_03.bmp,2.555555555555556,0.111111111,0.323380833,0.5,0.514495755,0.0,0.0,0.0,0.0,0.222222222,0.427792632,0.222222222,0.427792632,0.222222222,0.427792632
16_15_03.bmp,3.333333333333333,0.055555556,0.23570226,0.222222222,0.427792632,0.111111111,0.323380833,0.055555556,0.23570226,0.333333333,0.48507125,0.333333333,0.48507125,0.0,0.0
0859.jpg,3.5,0.111111111,0.323380833,0.444444444,0.511309993,0.055555556,0.23570226,0.055555556,0.23570226,0.166666667,0.383482494,0.055555556,0.23570226,0.0,0.0
19_14_02.bmp,3.1666666666666665,0.111111111,0.323380833,0.111111111,0.323380833,0.055555556,0.23570226,0.333333333,0.48507125,0.111111111,0.323380833,0.111111111,0.323380833,0.055555556,0.23570226
0189.jpg,3.7222222222222223,0.111111111,0.323380833,0.166666667,0.383482494,0.777777778,0.427792632,0.0,0.0,0.0,0.0,0.055555556,0.23570226,0.0,0.0
25_25_03.bmp,2.111111111111111,0.111111111,0.323380833,0.111111111,0.323380833,0.055555556,0.23570226,0.0,0.0,0.166666667,0.383482494,0.055555556,0.23570226,0.888888889,0.323380833
08_15_03.bmp,3.5,0.166666667,0.383482494,0.166666667,0.383482494,0.055555556,0.23570226,0.333333333,0.48507125,0.055555556,0.23570226,0.055555556,0.23570226,0.0,0.0
01286.jpg,3.7222222222222223,0.333333333,0.48507125,0.388888889,0.501631326,0.0,0.0,0.055555556,0.23570226,0.277777778,0.460888599,0.055555556,0.23570226,0.0,0.0
0795.jpg,3.5,0.055555556,0.23570226,0.611111111,0.501631326,0.0,0.0,0.111111111,0.323380833,0.222222222,0.427792632,0.0,0.0,0.0,0.0
36_15_01.bmp,1.7777777777777777,0.055555556,0.23570226,0.277777778,0.460888599,0.888888889,0.323380833,0.0,0.0,0.0,0.0,0.055555556,0.23570226,0.0,0.0
09_12_01.bmp,3.0,0.222222222,0.427792632,0.5,0.514495755,0.111111111,0.323380833,0.0,0.0,0.166666667,0.383482494,0.055555556,0.23570226,0.0,0.0
01_23_04.bmp,2.2222222222222223,0.055555556,0.23570226,0.666666667,0.48507125,0.111111111,0.323380833,0.722222222,0.460888599,0.0,0.0,0.222222222,0.427792632,0.166666667,0.383482494
06_11_01.bmp,3.4444444444444446,0.555555556,0.511309993,0.055555556,0.23570226,0.055555556,0.23570226,0.055555556,0.23570226,0.0,0.0,0.111111111,0.323380833,0.055555556,0.23570226
01_09_01.bmp,2.7222222222222223,0.444444444,0.511309993,0.5,0.514495755,0.166666667,0.383482494,0.0,0.0,0.0,0.0,0.055555556,0.23570226,0.111111111,0.323380833
04_23_04.bmp,2.555555555555556,0.055555556,0.23570226,0.5,0.514495755,0.0,0.0,0.833333333,0.383482494,0.166666667,0.383482494,0.0,0.0,0.111111111,0.323380833
0283.jpg,1.7777777777777777,0.222222222,0.427792632,0.277777778,0.460888599,0.0,0.0,0.888888889,0.323380833,0.111111111,0.323380833,0.055555556,0.23570226,0.055555556,0.23570226
11_03_03.bmp,2.5,0.055555556,0.23570226,0.833333333,0.383482494,0.0,0.0,0.055555556,0.23570226,0.333333333,0.48507125,0.055555556,0.23570226,0.055555556,0.23570226
01294.jpg,3.055555555555556,0.333333333,0.48507125,0.555555556,0.511309993,0.0,0.0,0.0,0.0,0.333333333,0.48507125,0.055555556,0.23570226,0.0,0.0
22_23_02.bmp,2.888888888888889,0.0,0.0,0.222222222,0.427792632,0.0,0.0,0.666666667,0.48507125,0.0,0.0,0.0,0.0,0.111111111,0.323380833
24_18_04.bmp,2.2777777777777777,0.0,0.0,0.666666667,0.48507125,0.055555556,0.23570226,0.0,0.0,0.055555556,0.23570226,0.0,0.0,0.111111111,0.323380833
08_13_03.bmp,4.055555555555555,0.166666667,0.383482494,0.0,0.0,0.444444444,0.511309993,0.055555556,0.23570226,0.055555556,0.23570226,0.055555556,0.23570226,0.0,0.0
0290.jpg,2.7222222222222223,0.166666667,0.383482494,0.222222222,0.427792632,0.0,0.0,0.777777778,0.427792632,0.055555556,0.23570226,0.055555556,0.23570226,0.055555556,0.23570226
12_14_05.bmp,1.6666666666666667,0.166666667,0.383482494,0.111111111,0.323380833,0.111111111,0.323380833,0.777777778,0.427792632,0.111111111,0.323380833,0.111111111,0.323380833,0.055555556,0.23570226
31_11_05.bmp,2.388888888888889,0.666666667,0.48507125,0.222222222,0.427792632,0.055555556,0.23570226,0.0,0.0,0.166666667,0.383482494,0.0,0.0,0.055555556,0.23570226
13_25_03.bmp,2.555555555555556,0.111111111,0.323380833,0.055555556,0.23570226,0.111111111,0.323380833,0.111111111,0.323380833,0.055555556,0.23570226,0.0,0.0,1.0,0.0
37_03_03.bmp,2.9444444444444446,0.111111111,0.323380833,0.666666667,0.48507125,0.0,0.0,0.055555556,0.23570226,0.055555556,0.23570226,0.111111111,0.323380833,0.0,0.0
0536.jpg,2.7222222222222223,0.055555556,0.23570226,0.5,0.514495755,0.0,0.0,0.111111111,0.323380833,0.833333333,0.383482494,0.0,0.0,0.055555556,0.23570226
35_13_04.bmp,1.8333333333333333,0.111111111,0.323380833,0.333333333,0.48507125,0.944444444,0.23570226,0.055555556,0.23570226,0.0,0.0,0.0,0.0,0.055555556,0.23570226
21_19_04.bmp,2.2777777777777777,0.222222222,0.427792632,0.277777778,0.460888599,0.666666667,0.48507125,0.0,0.0,0.055555556,0.23570226,0.0,0.0,0.0,0.0
19_06_03.bmp,2.555555555555556,0.388888889,0.501631326,0.222222222,0.427792632,0.277777778,0.460888599,0.055555556,0.23570226,0.111111111,0.323380833,0.277777778,0.460888599,0.055555556,0.23570226
0011.jpg,3.8333333333333335,0.055555556,0.23570226,0.111111111,0.323380833,0.722222222,0.460888599,0.0,0.0,0.0,0.0,0.0,0.0,0.0,0.0
1098.jpg,2.833333333333333,0.055555556,0.23570226,0.166666667,0.383482494,0.0,0.0,0.0,0.0,0.055555556,0.23570226,0.833333333,0.383482494,0.222222222,0.427792632
01194.jpg,3.388888888888889,0.388888889,0.501631326,0.444444444,0.511309993,0.0,0.0,0.222222222,0.427792632,0.277777778,0.460888599,0.055555556,0.23570226,0.055555556,0.23570226
01232.jpg,3.4444444444444446,0.277777778,0.460888599,0.333333333,0.48507125,0.0,0.0,0.166666667,0.383482494,0.333333333,0.48507125,0.5,0.514495755,0.0,0.0
32_21_01.bmp,1.3888888888888888,0.166666667,0.383482494,0.444444444,0.511309993,0.444444444,0.511309993,0.333333333,0.48507125,0.277777778,0.460888599,0.0,0.0,0.0,0.0
11_23_05.bmp,2.0,0.055555556,0.23570226,0.222222222,0.427792632,0.0,0.0,0.777777778,0.427792632,0.222222222,0.427792632,0.055555556,0.23570226,0.166666667,0.383482494
26_06_03.bmp,3.555555555555556,0.055555556,0.23570226,0.166666667,0.383482494,0.166666667,0.383482494,0.0,0.0,0.111111111,0.323380833,0.055555556,0.23570226,0.055555556,0.23570226
15_14_04.bmp,2.388888888888889,0.111111111,0.323380833,0.166666667,0.383482494,0.055555556,0.23570226,0.888888889,0.323380833,0.277777778,0.460888599,0.055555556,0.23570226,0.0,0.0
15_23_04.bmp,2.611111111111111,0.055555556,0.23570226,0.166666667,0.383482494,0.0,0.0,0.666666667,0.48507125,0.166666667,0.383482494,0.0,0.0,0.111111111,0.323380833
11_09_05.bmp,1.9444444444444444,0.944444444,0.23570226,0.222222222,0.427792632,0.0,0.0,0.055555556,0.23570226,0.222222222,0.427792632,0.111111111,0.323380833,0.0,0.0
04_13_05.bmp,1.8333333333333333,0.222222222,0.427792632,0.555555556,0.511309993,0.666666667,0.48507125,0.0,0.0,0.166666667,0.383482494,0.055555556,0.23570226,0.0,0.0
04_10_04.bmp,2.388888888888889,0.833333333,0.383482494,0.444444444,0.511309993,0.055555556,0.23570226,0.0,0.0,0.222222222,0.427792632,0.0,0.0,0.0,0.0
24_06_05.bmp,1.8888888888888888,0.222222222,0.427792632,0.333333333,0.48507125,0.388888889,0.501631326,0.055555556,0.23570226,0.0,0.0,0.055555556,0.23570226,0.0,0.0
22_18_01.bmp,3.055555555555556,0.111111111,0.323380833,0.666666667,0.48507125,0.0,0.0,0.0,0.0,0.166666667,0.383482494,0.277777778,0.460888599,0.0,0.0
13_11_04.bmp,2.5,0.888888889,0.323380833,0.222222222,0.427792632,0.111111111,0.323380833,0.0,0.0,0.222222222,0.427792632,0.0,0.0,0.0,0.0
0445.jpg,2.888888888888889,0.055555556,0.23570226,0.777777778,0.427792632,0.055555556,0.23570226,0.055555556,0.23570226,0.055555556,0.23570226,0.166666667,0.383482494,0.055555556,0.23570226
03_14_05.bmp,1.7777777777777777,0.055555556,0.23570226,0.111111111,0.323380833,0.055555556,0.23570226,0.888888889,0.323380833,0.222222222,0.427792632,0.055555556,0.23570226,0.0,0.0
01177.jpg,4.611111111111111,0.166666667,0.383482494,0.0,0.0,0.0,0.0,0.0,0.0,0.055555556,0.23570226,0.055555556,0.23570226,0.0,0.0
34_24_02.bmp,2.388888888888889,0.0,0.0,0.833333333,0.383482494,0.277777778,0.460888599,0.055555556,0.23570226,0.0,0.0,0.0,0.0,0.055555556,0.23570226
27_23_03.bmp,2.555555555555556,0.055555556,0.23570226,0.222222222,0.427792632,0.0,0.0,0.833333333,0.383482494,0.277777778,0.460888599,0.0,0.0,0.0,0.0
1143.jpg,3.055555555555556,0.0,0.0,0.277777778,0.460888599,0.0,0.0,0.055555556,0.23570226,0.166666667,0.383482494,0.777777778,0.427792632,0.0,0.0
37_08_05.bmp,2.333333333333333,0.333333333,0.48507125,0.611111111,0.501631326,0.0,0.0,0.055555556,0.23570226,0.111111111,0.323380833,0.111111111,0.323380833,0.055555556,0.23570226
14_19_01.bmp,3.5,0.222222222,0.427792632,0.333333333,0.48507125,0.277777778,0.460888599,0.0,0.0,0.0,0.0,0.055555556,0.23570226,0.055555556,0.23570226
17_14_03.bmp,2.7777777777777777,0.055555556,0.23570226,0.222222222,0.427792632,0.166666667,0.383482494,0.444444444,0.511309993,0.222222222,0.427792632,0.111111111,0.323380833,0.111111111,0.323380833
01306.jpg,3.388888888888889,0.388888889,0.501631326,0.611111111,0.501631326,0.055555556,0.23570226,0.0,0.0,0.055555556,0.23570226,0.0,0.0,0.0,0.0
22_08_04.bmp,2.111111111111111,0.333333333,0.48507125,0.777777778,0.427792632,0.0,0.0,0.055555556,0.23570226,0.111111111,0.323380833,0.111111111,0.323380833,0.055555556,0.23570226
09_17_02.bmp,2.833333333333333,0.111111111,0.323380833,0.444444444,0.511309993,0.055555556,0.23570226,0.0,0.0,0.222222222,0.427792632,0.111111111,0.323380833,0.222222222,0.427792632
0216.jpg,1.4444444444444444,0.222222222,0.427792632,0.444444444,0.511309993,0.0,0.0,0.833333333,0.383482494,0.055555556,0.23570226,0.055555556,0.23570226,0.055555556,0.23570226
03_07_01.bmp,3.7222222222222223,0.166666667,0.383482494,0.277777778,0.460888599,0.055555556,0.23570226,0.0,0.0,0.166666667,0.383482494,0.0,0.0,0.111111111,0.323380833
0635.jpg,3.4444444444444446,0.055555556,0.23570226,0.5,0.514495755,0.055555556,0.23570226,0.111111111,0.323380833,0.111111111,0.323380833,0.055555556,0.23570226,0.055555556,0.23570226
07_09_01.bmp,2.888888888888889,0.666666667,0.48507125,0.388888889,0.501631326,0.111111111,0.323380833,0.0,0.0,0.111111111,0.323380833,0.0,0.0,0.055555556,0.23570226
31_13_04.bmp,3.0,0.111111111,0.323380833,0.277777778,0.460888599,0.666666667,0.48507125,0.0,0.0,0.222222222,0.427792632,0.055555556,0.23570226,0.055555556,0.23570226
01152.jpg,3.611111111111111,0.055555556,0.23570226,0.388888889,0.501631326,0.444444444,0.511309993,0.0,0.0,0.277777778,0.460888599,0.055555556,0.23570226,0.111111111,0.323380833
08_05_05.bmp,2.111111111111111,0.444444444,0.511309993,0.611111111,0.501631326,0.055555556,0.23570226,0.0,0.0,0.166666667,0.383482494,0.055555556,0.23570226,0.0,0.0
08_19_01.bmp,3.555555555555556,0.222222222,0.427792632,0.222222222,0.427792632,0.111111111,0.323380833,0.055555556,0.23570226,0.111111111,0.323380833,0.0,0.0,0.0,0.0
29_01_02.bmp,3.1666666666666665,0.222222222,0.427792632,0.444444444,0.511309993,0.0,0.0,0.055555556,0.23570226,0.055555556,0.23570226,0.055555556,0.23570226,0.166666667,0.383482494
13_04_03.bmp,3.388888888888889,0.222222222,0.427792632,0.333333333,0.48507125,0.111111111,0.323380833,0.055555556,0.23570226,0.166666667,0.383482494,0.055555556,0.23570226,0.055555556,0.23570226
24_12_01.bmp,3.5,0.111111111,0.323380833,0.388888889,0.501631326,0.166666667,0.383482494,0.0,0.0,0.0,0.0,0.055555556,0.23570226,0.055555556,0.23570226
22_17_04.bmp,2.333333333333333,0.111111111,0.323380833,0.611111111,0.501631326,0.0,0.0,0.0,0.0,0.166666667,0.383482494,0.277777778,0.460888599,0.111111111,0.323380833
21_13_04.bmp,2.555555555555556,0.055555556,0.23570226,0.222222222,0.427792632,0.777777778,0.427792632,0.055555556,0.23570226,0.0,0.0,0.0,0.0,0.055555556,0.23570226
1026.jpg,3.055555555555556,0.055555556,0.23570226,0.388888889,0.501631326,0.0,0.0,0.555555556,0.511309993,0.111111111,0.323380833,0.055555556,0.23570226,0.0,0.0
01486.jpg,3.333333333333333,0.055555556,0.23570226,0.611111111,0.501631326,0.222222222,0.427792632,0.0,0.0,0.055555556,0.23570226,0.0,0.0,0.055555556,0.23570226
14_06_03.bmp,2.111111111111111,0.277777778,0.460888599,0.388888889,0.501631326,0.166666667,0.383482494,0.055555556,0.23570226,0.055555556,0.23570226,0.055555556,0.23570226,0.111111111,0.323380833
01312.jpg,2.0,0.5,0.514495755,0.777777778,0.427792632,0.055555556,0.23570226,0.055555556,0.23570226,0.055555556,0.23570226,0.0,0.0,0.0,0.0
07_25_01.bmp,3.2222222222222223,0.111111111,0.323380833,0.444444444,0.511309993,0.111111111,0.323380833,0.0,0.0,0.055555556,0.23570226,0.0,0.0,0.277777778,0.460888599
0168.jpg,2.4444444444444446,0.111111111,0.323380833,0.277777778,0.460888599,0.944444444,0.23570226,0.0,0.0,0.111111111,0.323380833,0.0,0.0,0.055555556,0.23570226
09_20_03.bmp,2.111111111111111,0.666666667,0.48507125,0.444444444,0.511309993,0.222222222,0.427792632,0.0,0.0,0.166666667,0.383482494,0.111111111,0.323380833,0.0,0.0
18_06_01.bmp,3.055555555555556,0.166666667,0.383482494,0.611111111,0.501631326,0.111111111,0.323380833,0.111111111,0.323380833,0.055555556,0.23570226,0.0,0.0,0.055555556,0.23570226
11_09_04.bmp,2.2222222222222223,0.888888889,0.323380833,0.277777778,0.460888599,0.0,0.0,0.055555556,0.23570226,0.333333333,0.48507125,0.055555556,0.23570226,0.0,0.0
23_23_05.bmp,1.8333333333333333,0.055555556,0.23570226,0.277777778,0.460888599,0.055555556,0.23570226,0.777777778,0.427792632,0.111111111,0.323380833,0.0,0.0,0.111111111,0.323380833
1135.jpg,2.833333333333333,0.055555556,0.23570226,0.444444444,0.511309993,0.055555556,0.23570226,0.0,0.0,0.333333333,0.48507125,0.444444444,0.511309993,0.0,0.0
33_04_04.bmp,2.2222222222222223,0.277777778,0.460888599,0.333333333,0.48507125,0.222222222,0.427792632,0.111111111,0.323380833,0.333333333,0.48507125,0.166666667,0.383482494,0.055555556,0.23570226
02_22_05.bmp,1.7777777777777777,0.444444444,0.511309993,0.611111111,0.501631326,0.055555556,0.23570226,0.055555556,0.23570226,0.333333333,0.48507125,0.055555556,0.23570226,0.055555556,0.23570226
0357.jpg,2.9444444444444446,0.166666667,0.383482494,0.833333333,0.383482494,0.0,0.0,0.055555556,0.23570226,0.0,0.0,0.0,0.0,0.0,0.0
36_21_01.bmp,2.0,0.111111111,0.323380833,0.444444444,0.511309993,0.722222222,0.460888599,0.055555556,0.23570226,0.055555556,0.23570226,0.055555556,0.23570226,0.055555556,0.23570226
05_05_02.bmp,2.6666666666666665,0.277777778,0.460888599,0.5,0.514495755,0.166666667,0.383482494,0.055555556,0.23570226,0.0,0.0,0.055555556,0.23570226,0.055555556,0.23570226
0326.jpg,2.5,0.166666667,0.383482494,0.833333333,0.383482494,0.055555556,0.23570226,0.111111111,0.323380833,0.055555556,0.23570226,0.0,0.0,0.055555556,0.23570226
06_04_01.bmp,3.8333333333333335,0.055555556,0.23570226,0.222222222,0.427792632,0.111111111,0.323380833,0.0,0.0,0.0,0.0,0.111111111,0.323380833,0.055555556,0.23570226
01419.jpg,4.055555555555555,0.055555556,0.23570226,0.333333333,0.48507125,0.111111111,0.323380833,0.0,0.0,0.0,0.0,0.0,0.0,0.055555556,0.23570226
02_02_05.bmp,1.2777777777777777,0.055555556,0.23570226,0.888888889,0.323380833,0.0,0.0,0.0,0.0,0.444444444,0.511309993,0.0,0.0,0.055555556,0.23570226
0882.jpg,3.8333333333333335,0.222222222,0.427792632,0.388888889,0.501631326,0.055555556,0.23570226,0.0,0.0,0.111111111,0.323380833,0.0,0.0,0.0,0.0
0867.jpg,3.611111111111111,0.166666667,0.383482494,0.444444444,0.511309993,0.0,0.0,0.055555556,0.23570226,0.166666667,0.383482494,0.0,0.0,0.055555556,0.23570226
22_13_03.bmp,3.111111111111111,0.055555556,0.23570226,0.277777778,0.460888599,0.555555556,0.511309993,0.0,0.0,0.111111111,0.323380833,0.166666667,0.383482494,0.0,0.0
26_16_01.bmp,3.5,0.111111111,0.323380833,0.0,0.0,0.0,0.0,0.277777778,0.460888599,0.111111111,0.323380833,0.0,0.0,0.055555556,0.23570226
18_08_02.bmp,3.0,0.388888889,0.501631326,0.555555556,0.511309993,0.055555556,0.23570226,0.0,0.0,0.0,0.0,0.0,0.0,0.111111111,0.323380833
33_12_04.bmp,2.611111111111111,0.444444444,0.511309993,0.5,0.514495755,0.0,0.0,0.0,0.0,0.5,0.514495755,0.055555556,0.23570226,0.0,0.0
07_12_03.bmp,2.5,0.777777778,0.427792632,0.388888889,0.501631326,0.111111111,0.323380833,0.0,0.0,0.111111111,0.323380833,0.0,0.0,0.055555556,0.23570226
18_21_03.bmp,2.4444444444444446,0.055555556,0.23570226,0.333333333,0.48507125,0.666666667,0.48507125,0.055555556,0.23570226,0.0,0.0,0.0,0.0,0.055555556,0.23570226
30_16_03.bmp,2.833333333333333,0.111111111,0.323380833,0.555555556,0.511309993,0.0,0.0,0.111111111,0.323380833,0.222222222,0.427792632,0.0,0.0,0.0,0.0
37_10_03.bmp,2.888888888888889,0.777777778,0.427792632,0.333333333,0.48507125,0.0,0.0,0.0,0.0,0.055555556,0.23570226,0.055555556,0.23570226,0.0,0.0
05_19_01.bmp,3.2777777777777777,0.277777778,0.460888599,0.5,0.514495755,0.111111111,0.323380833,0.055555556,0.23570226,0.0,0.0,0.055555556,0.23570226,0.055555556,0.23570226
25_14_01.bmp,3.388888888888889,0.111111111,0.323380833,0.444444444,0.511309993,0.055555556,0.23570226,0.055555556,0.23570226,0.111111111,0.323380833,0.055555556,0.23570226,0.055555556,0.23570226
04_01_01.bmp,2.833333333333333,0.333333333,0.48507125,0.666666667,0.48507125,0.222222222,0.427792632,0.0,0.0,0.166666667,0.383482494,0.0,0.0,0.055555556,0.23570226
36_09_03.bmp,2.7777777777777777,0.722222222,0.460888599,0.444444444,0.511309993,0.055555556,0.23570226,0.0,0.0,0.0,0.0,0.055555556,0.23570226,0.055555556,0.23570226
0178.jpg,3.2222222222222223,0.055555556,0.23570226,0.333333333,0.48507125,0.666666667,0.48507125,0.055555556,0.23570226,0.055555556,0.23570226,0.0,0.0,0.0,0.0
26_08_03.bmp,3.2222222222222223,0.111111111,0.323380833,0.333333333,0.48507125,0.111111111,0.323380833,0.055555556,0.23570226,0.055555556,0.23570226,0.0,0.0,0.0,0.0
27_07_02.bmp,2.833333333333333,0.055555556,0.23570226,0.777777778,0.427792632,0.0,0.0,0.055555556,0.23570226,0.388888889,0.501631326,0.055555556,0.23570226,0.111111111,0.323380833
28_04_04.bmp,2.388888888888889,0.222222222,0.427792632,0.444444444,0.511309993,0.333333333,0.48507125,0.055555556,0.23570226,0.166666667,0.383482494,0.111111111,0.323380833,0.0,0.0
26_15_02.bmp,4.0,0.055555556,0.23570226,0.111111111,0.323380833,0.333333333,0.48507125,0.055555556,0.23570226,0.0,0.0,0.0,0.0,0.0,0.0
0728.jpg,3.4444444444444446,0.055555556,0.23570226,0.277777778,0.460888599,0.0,0.0,0.111111111,0.323380833,0.166666667,0.383482494,0.111111111,0.323380833,0.055555556,0.23570226
10_12_04.bmp,2.4444444444444446,0.722222222,0.460888599,0.277777778,0.460888599,0.055555556,0.23570226,0.0,0.0,0.333333333,0.48507125,0.166666667,0.383482494,0.0,0.0
19_03_04.bmp,2.1666666666666665,0.055555556,0.23570226,0.777777778,0.427792632,0.0,0.0,0.055555556,0.23570226,0.055555556,0.23570226,0.111111111,0.323380833,0.0,0.0
0653.jpg,3.055555555555556,0.0,0.0,0.388888889,0.501631326,0.0,0.0,0.055555556,0.23570226,0.055555556,0.23570226,0.111111111,0.323380833,0.777777778,0.427792632
0453.jpg,2.833333333333333,0.111111111,0.323380833,0.333333333,0.48507125,0.0,0.0,0.111111111,0.323380833,0.833333333,0.383482494,0.111111111,0.323380833,0.055555556,0.23570226
0796.jpg,3.5,0.0,0.0,0.5,0.514495755,0.055555556,0.23570226,0.055555556,0.23570226,0.222222222,0.427792632,0.0,0.0,0.0,0.0
36_11_01.bmp,3.2777777777777777,0.388888889,0.501631326,0.444444444,0.511309993,0.222222222,0.427792632,0.0,0.0,0.055555556,0.23570226,0.0,0.0,0.055555556,0.23570226
0430.jpg,1.6666666666666667,0.055555556,0.23570226,0.944444444,0.23570226,0.0,0.0,0.055555556,0.23570226,0.111111111,0.323380833,0.0,0.0,0.0,0.0
34_11_05.bmp,1.7777777777777777,0.833333333,0.383482494,0.333333333,0.48507125,0.111111111,0.323380833,0.055555556,0.23570226,0.111111111,0.323380833,0.0,0.0,0.055555556,0.23570226
07_08_01.bmp,3.111111111111111,0.277777778,0.460888599,0.555555556,0.511309993,0.055555556,0.23570226,0.0,0.0,0.166666667,0.383482494,0.055555556,0.23570226,0.055555556,0.23570226
18_07_01.bmp,3.0,0.222222222,0.427792632,0.666666667,0.48507125,0.055555556,0.23570226,0.055555556,0.23570226,0.0,0.0,0.0,0.0,0.055555556,0.23570226
23_21_05.bmp,1.5555555555555556,0.111111111,0.323380833,0.277777778,0.460888599,0.055555556,0.23570226,0.888888889,0.323380833,0.166666667,0.383482494,0.0,0.0,0.0,0.0
22_22_04.bmp,1.8888888888888888,0.222222222,0.427792632,0.888888889,0.323380833,0.0,0.0,0.0,0.0,0.055555556,0.23570226,0.111111111,0.323380833,0.0,0.0
20_23_03.bmp,2.4444444444444446,0.055555556,0.23570226,0.277777778,0.460888599,0.055555556,0.23570226,0.722222222,0.460888599,0.111111111,0.323380833,0.0,0.0,0.055555556,0.23570226
21_02_01.bmp,3.388888888888889,0.111111111,0.323380833,0.5,0.514495755,0.055555556,0.23570226,0.0,0.0,0.055555556,0.23570226,0.055555556,0.23570226,0.055555556,0.23570226
1015.jpg,3.7777777777777777,0.111111111,0.323380833,0.333333333,0.48507125,0.055555556,0.23570226,0.277777778,0.460888599,0.055555556,0.23570226,0.055555556,0.23570226,0.0,0.0
0163.jpg,2.6666666666666665,0.111111111,0.323380833,0.388888889,0.501631326,0.888888889,0.323380833,0.0,0.0,0.222222222,0.427792632,0.0,0.0,0.0,0.0
14_14_01.bmp,3.4444444444444446,0.111111111,0.323380833,0.333333333,0.48507125,0.111111111,0.323380833,0.111111111,0.323380833,0.0,0.0,0.055555556,0.23570226,0.055555556,0.23570226
35_02_03.bmp,1.8333333333333333,0.055555556,0.23570226,0.944444444,0.23570226,0.111111111,0.323380833,0.0,0.0,0.0,0.0,0.0,0.0,0.055555556,0.23570226
33_12_05.bmp,2.2777777777777777,0.611111111,0.501631326,0.388888889,0.501631326,0.0,0.0,0.055555556,0.23570226,0.444444444,0.511309993,0.055555556,0.23570226,0.0,0.0
01202.jpg,3.6666666666666665,0.222222222,0.427792632,0.388888889,0.501631326,0.0,0.0,0.055555556,0.23570226,0.277777778,0.460888599,0.0,0.0,0.0,0.0
13_03_01.bmp,4.166666666666667,0.055555556,0.23570226,0.333333333,0.48507125,0.111111111,0.323380833,0.0,0.0,0.166666667,0.383482494,0.0,0.0,0.055555556,0.23570226
16_12_04.bmp,2.388888888888889,0.722222222,0.460888599,0.111111111,0.323380833,0.055555556,0.23570226,0.0,0.0,0.388888889,0.501631326,0.388888889,0.501631326,0.055555556,0.23570226
10_03_05.bmp,1.6666666666666667,0.055555556,0.23570226,0.888888889,0.323380833,0.0,0.0,0.055555556,0.23570226,0.388888889,0.501631326,0.222222222,0.427792632,0.0,0.0
18_19_03.bmp,2.5,0.111111111,0.323380833,0.555555556,0.511309993,0.5,0.514495755,0.0,0.0,0.0,0.0,0.055555556,0.23570226,0.111111111,0.323380833
21_08_01.bmp,3.2222222222222223,0.111111111,0.323380833,0.555555556,0.511309993,0.0,0.0,0.0,0.0,0.0,0.0,0.111111111,0.323380833,0.055555556,0.23570226
25_22_05.bmp,1.4444444444444444,0.277777778,0.460888599,0.833333333,0.383482494,0.111111111,0.323380833,0.055555556,0.23570226,0.111111111,0.323380833,0.0,0.0,0.0,0.0
0930.jpg,3.2777777777777777,0.111111111,0.323380833,0.333333333,0.48507125,0.0,0.0,0.611111111,0.501631326,0.222222222,0.427792632,0.055555556,0.23570226,0.055555556,0.23570226
07_21_01.bmp,2.055555555555556,0.055555556,0.23570226,0.277777778,0.460888599,0.944444444,0.23570226,0.111111111,0.323380833,0.055555556,0.23570226,0.0,0.0,0.0,0.0
05_16_05.bmp,1.3888888888888888,0.333333333,0.48507125,0.833333333,0.383482494,0.0,0.0,0.055555556,0.23570226,0.055555556,0.23570226,0.055555556,0.23570226,0.0,0.0
0149.jpg,1.7777777777777777,0.111111111,0.323380833,0.444444444,0.511309993,0.944444444,0.23570226,0.0,0.0,0.111111111,0.323380833,0.0,0.0,0.0,0.0
17_20_01.bmp,2.611111111111111,0.277777778,0.460888599,0.333333333,0.48507125,0.222222222,0.427792632,0.166666667,0.383482494,0.166666667,0.383482494,0.0,0.0,0.111111111,0.323380833
19_22_03.bmp,2.1666666666666665,0.277777778,0.460888599,0.833333333,0.383482494,0.111111111,0.323380833,0.0,0.0,0.055555556,0.23570226,0.0,0.0,0.0,0.0
02_01_02.bmp,3.333333333333333,0.0,0.0,0.444444444,0.511309993,0.0,0.0,0.0,0.0,0.666666667,0.48507125,0.055555556,0.23570226,0.111111111,0.323380833
0346.jpg,3.0,0.111111111,0.323380833,0.777777778,0.427792632,0.0,0.0,0.111111111,0.323380833,0.0,0.0,0.055555556,0.23570226,0.055555556,0.23570226
01_01_04.bmp,2.055555555555556,0.166666667,0.383482494,1.0,0.0,0.111111111,0.323380833,0.0,0.0,0.0,0.0,0.0,0.0,0.055555556,0.23570226
34_15_01.bmp,1.9444444444444444,0.111111111,0.323380833,0.333333333,0.48507125,0.833333333,0.383482494,0.055555556,0.23570226,0.0,0.0,0.0,0.0,0.055555556,0.23570226
36_09_01.bmp,3.111111111111111,0.555555556,0.511309993,0.5,0.514495755,0.111111111,0.323380833,0.0,0.0,0.055555556,0.23570226,0.0,0.0,0.111111111,0.323380833
07_08_02.bmp,2.9444444444444446,0.222222222,0.427792632,0.666666667,0.48507125,0.166666667,0.383482494,0.055555556,0.23570226,0.055555556,0.23570226,0.0,0.0,0.055555556,0.23570226
15_13_04.bmp,2.5,0.055555556,0.23570226,0.166666667,0.383482494,0.888888889,0.323380833,0.0,0.0,0.222222222,0.427792632,0.0,0.0,0.055555556,0.23570226
16_05_03.bmp,2.7222222222222223,0.222222222,0.427792632,0.555555556,0.511309993,0.111111111,0.323380833,0.0,0.0,0.388888889,0.501631326,0.444444444,0.511309993,0.0,0.0
10_22_04.bmp,1.9444444444444444,0.166666667,0.383482494,0.888888889,0.323380833,0.0,0.0,0.055555556,0.23570226,0.277777778,0.460888599,0.222222222,0.427792632,0.0,0.0
04_17_02.bmp,2.611111111111111,0.111111111,0.323380833,0.666666667,0.48507125,0.166666667,0.383482494,0.0,0.0,0.333333333,0.48507125,0.055555556,0.23570226,0.277777778,0.460888599
01246.jpg,3.611111111111111,0.388888889,0.501631326,0.444444444,0.511309993,0.0,0.0,0.0,0.0,0.0,0.0,0.055555556,0.23570226,0.0,0.0
0484.jpg,3.388888888888889,0.0,0.0,0.388888889,0.501631326,0.055555556,0.23570226,0.111111111,0.323380833,0.666666667,0.48507125,0.0,0.0,0.0,0.0
03_24_05.bmp,1.5,0.055555556,0.23570226,0.888888889,0.323380833,0.0,0.0,0.055555556,0.23570226,0.111111111,0.323380833,0.0,0.0,0.0,0.0
21_03_02.bmp,3.0,0.055555556,0.23570226,0.833333333,0.383482494,0.055555556,0.23570226,0.055555556,0.23570226,0.0,0.0,0.0,0.0,0.111111111,0.323380833
1066.jpg,3.555555555555556,0.222222222,0.427792632,0.388888889,0.501631326,0.0,0.0,0.277777778,0.460888599,0.055555556,0.23570226,0.0,0.0,0.055555556,0.23570226
03_18_04.bmp,2.9444444444444446,0.277777778,0.460888599,0.5,0.514495755,0.0,0.0,0.055555556,0.23570226,0.166666667,0.383482494,0.055555556,0.23570226,0.055555556,0.23570226
0004.jpg,2.888888888888889,0.055555556,0.23570226,0.277777778,0.460888599,0.833333333,0.383482494,0.055555556,0.23570226,0.222222222,0.427792632,0.055555556,0.23570226,0.0,0.0
16_24_02.bmp,2.611111111111111,0.0,0.0,0.722222222,0.460888599,0.111111111,0.323380833,0.0,0.0,0.333333333,0.48507125,0.222222222,0.427792632,0.0,0.0
12_23_01.bmp,3.2777777777777777,0.055555556,0.23570226,0.166666667,0.383482494,0.0,0.0,0.722222222,0.460888599,0.111111111,0.323380833,0.055555556,0.23570226,0.166666667,0.383482494
20_15_01.bmp,1.4444444444444444,0.055555556,0.23570226,0.222222222,0.427792632,0.833333333,0.383482494,0.0,0.0,0.055555556,0.23570226,0.055555556,0.23570226,0.0,0.0
29_01_01.bmp,3.388888888888889,0.166666667,0.383482494,0.555555556,0.511309993,0.0,0.0,0.055555556,0.23570226,0.055555556,0.23570226,0.055555556,0.23570226,0.111111111,0.323380833
36_25_01.bmp,2.6666666666666665,0.111111111,0.323380833,0.055555556,0.23570226,0.111111111,0.323380833,0.0,0.0,0.055555556,0.23570226,0.0,0.0,0.944444444,0.23570226
11_10_05.bmp,2.1666666666666665,0.833333333,0.383482494,0.277777778,0.460888599,0.0,0.0,0.055555556,0.23570226,0.222222222,0.427792632,0.111111111,0.323380833,0.0,0.0
01476.jpg,3.388888888888889,0.055555556,0.23570226,0.722222222,0.460888599,0.111111111,0.323380833,0.0,0.0,0.0,0.0,0.0,0.0,0.055555556,0.23570226
16_20_03.bmp,2.1666666666666665,0.333333333,0.48507125,0.333333333,0.48507125,0.222222222,0.427792632,0.166666667,0.383482494,0.277777778,0.460888599,0.277777778,0.460888599,0.0,0.0
08_15_01.bmp,3.2222222222222223,0.055555556,0.23570226,0.055555556,0.23570226,0.666666667,0.48507125,0.055555556,0.23570226,0.055555556,0.23570226,0.055555556,0.23570226,0.0,0.0
0880.jpg,3.611111111111111,0.055555556,0.23570226,0.444444444,0.511309993,0.0,0.0,0.055555556,0.23570226,0.277777778,0.460888599,0.0,0.0,0.0,0.0
23_01_02.bmp,3.111111111111111,0.111111111,0.323380833,0.444444444,0.511309993,0.0,0.0,0.0,0.0,0.333333333,0.48507125,0.0,0.0,0.055555556,0.23570226
0395.jpg,2.388888888888889,0.055555556,0.23570226,0.722222222,0.460888599,0.055555556,0.23570226,0.166666667,0.383482494,0.055555556,0.23570226,0.0,0.0,0.055555556,0.23570226
07_01_05.bmp,1.5555555555555556,0.0,0.0,0.888888889,0.323380833,0.277777778,0.460888599,0.0,0.0,0.055555556,0.23570226,0.0,0.0,0.055555556,0.23570226
32_23_01.bmp,2.611111111111111,0.166666667,0.383482494,0.277777778,0.460888599,0.0,0.0,0.555555556,0.511309993,0.333333333,0.48507125,0.055555556,0.23570226,0.055555556,0.23570226
08_21_02.bmp,2.4444444444444446,0.222222222,0.427792632,0.222222222,0.427792632,0.611111111,0.501631326,0.111111111,0.323380833,0.055555556,0.23570226,0.055555556,0.23570226,0.0,0.0
10_11_02.bmp,2.9444444444444446,0.722222222,0.460888599,0.333333333,0.48507125,0.0,0.0,0.0,0.0,0.388888889,0.501631326,0.111111111,0.323380833,0.0,0.0
07_15_05.bmp,3.5,0.277777778,0.460888599,0.222222222,0.427792632,0.111111111,0.323380833,0.277777778,0.460888599,0.111111111,0.323380833,0.055555556,0.23570226,0.055555556,0.23570226
29_22_01.bmp,3.2222222222222223,0.111111111,0.323380833,0.555555556,0.511309993,0.0,0.0,0.111111111,0.323380833,0.055555556,0.23570226,0.111111111,0.323380833,0.0,0.0
14_05_02.bmp,3.111111111111111,0.0,0.0,0.777777778,0.427792632,0.055555556,0.23570226,0.0,0.0,0.055555556,0.23570226,0.055555556,0.23570226,0.055555556,0.23570226
14_08_05.bmp,1.6111111111111112,0.222222222,0.427792632,0.888888889,0.323380833,0.0,0.0,0.055555556,0.23570226,0.0,0.0,0.111111111,0.323380833,0.111111111,0.323380833
0428.jpg,2.333333333333333,0.0,0.0,0.777777778,0.427792632,0.055555556,0.23570226,0.055555556,0.23570226,0.0,0.0,0.111111111,0.323380833,0.0,0.0
04_24_04.bmp,1.6111111111111112,0.111111111,0.323380833,0.833333333,0.383482494,0.166666667,0.383482494,0.0,0.0,0.222222222,0.427792632,0.0,0.0,0.0,0.0
0405.jpg,2.888888888888889,0.055555556,0.23570226,0.833333333,0.383482494,0.0,0.0,0.055555556,0.23570226,0.111111111,0.323380833,0.0,0.0,0.055555556,0.23570226
31_21_02.bmp,2.7777777777777777,0.055555556,0.23570226,0.222222222,0.427792632,0.722222222,0.460888599,0.0,0.0,0.166666667,0.383482494,0.055555556,0.23570226,0.0,0.0
01215.jpg,3.1666666666666665,0.333333333,0.48507125,0.944444444,0.23570226,0.055555556,0.23570226,0.0,0.0,0.222222222,0.427792632,0.0,0.0,0.055555556,0.23570226
03_15_03.bmp,3.4444444444444446,0.055555556,0.23570226,0.222222222,0.427792632,0.166666667,0.383482494,0.111111111,0.323380833,0.111111111,0.323380833,0.0,0.0,0.055555556,0.23570226
13_12_01.bmp,3.2777777777777777,0.222222222,0.427792632,0.222222222,0.427792632,0.111111111,0.323380833,0.0,0.0,0.111111111,0.323380833,0.055555556,0.23570226,0.111111111,0.323380833
0976.jpg,3.611111111111111,0.166666667,0.383482494,0.166666667,0.383482494,0.0,0.0,0.666666667,0.48507125,0.166666667,0.383482494,0.055555556,0.23570226,0.055555556,0.23570226
14_23_04.bmp,2.388888888888889,0.055555556,0.23570226,0.222222222,0.427792632,0.0,0.0,0.833333333,0.383482494,0.055555556,0.23570226,0.0,0.0,0.166666667,0.383482494
15_24_02.bmp,2.9444444444444446,0.111111111,0.323380833,0.722222222,0.460888599,0.055555556,0.23570226,0.111111111,0.323380833,0.222222222,0.427792632,0.0,0.0,0.055555556,0.23570226
1115.jpg,2.333333333333333,0.0,0.0,0.666666667,0.48507125,0.277777778,0.460888599,0.111111111,0.323380833,0.388888889,0.501631326,0.0,0.0,0.0,0.0
22_02_05.bmp,1.2777777777777777,0.0,0.0,0.888888889,0.323380833,0.0,0.0,0.0,0.0,0.111111111,0.323380833,0.111111111,0.323380833,0.055555556,0.23570226
24_01_04.bmp,2.0,0.0,0.0,0.944444444,0.23570226,0.055555556,0.23570226,0.055555556,0.23570226,0.0,0.0,0.055555556,0.23570226,0.0,0.0
23_08_02.bmp,2.833333333333333,0.333333333,0.48507125,0.5,0.514495755,0.055555556,0.23570226,0.055555556,0.23570226,0.166666667,0.383482494,0.111111111,0.323380833,0.0,0.0
37_17_05.bmp,2.111111111111111,0.055555556,0.23570226,0.555555556,0.511309993,0.0,0.0,0.0,0.0,0.222222222,0.427792632,0.166666667,0.383482494,0.166666667,0.383482494
09_02_04.bmp,1.3888888888888888,0.111111111,0.323380833,0.944444444,0.23570226,0.111111111,0.323380833,0.055555556,0.23570226,0.222222222,0.427792632,0.0,0.0,0.055555556,0.23570226
33_13_03.bmp,3.2222222222222223,0.055555556,0.23570226,0.333333333,0.48507125,0.222222222,0.427792632,0.055555556,0.23570226,0.5,0.514495755,0.0,0.0,0.0,0.0
01408.jpg,3.8333333333333335,0.055555556,0.23570226,0.555555556,0.511309993,0.055555556,0.23570226,0.055555556,0.23570226,0.0,0.0,0.055555556,0.23570226,0.0,0.0
29_17_02.bmp,2.611111111111111,0.166666667,0.383482494,0.5,0.514495755,0.0,0.0,0.055555556,0.23570226,0.222222222,0.427792632,0.166666667,0.383482494,0.222222222,0.427792632
28_03_05.bmp,2.1666666666666665,0.0,0.0,0.833333333,0.383482494,0.111111111,0.323380833,0.0,0.0,0.166666667,0.383482494,0.0,0.0,0.0,0.0
01488.jpg,2.9444444444444446,0.111111111,0.323380833,0.666666667,0.48507125,0.111111111,0.323380833,0.0,0.0,0.0,0.0,0.055555556,0.23570226,0.0,0.0
24_14_01.bmp,3.388888888888889,0.0,0.0,0.444444444,0.511309993,0.055555556,0.23570226,0.055555556,0.23570226,0.0,0.0,0.055555556,0.23570226,0.0,0.0
22_16_04.bmp,1.8888888888888888,0.111111111,0.323380833,0.888888889,0.323380833,0.055555556,0.23570226,0.0,0.0,0.055555556,0.23570226,0.055555556,0.23570226,0.055555556,0.23570226
18_25_03.bmp,2.333333333333333,0.055555556,0.23570226,0.166666667,0.383482494,0.111111111,0.323380833,0.0,0.0,0.0,0.0,0.055555556,0.23570226,1.0,0.0
31_21_04.bmp,2.111111111111111,0.055555556,0.23570226,0.333333333,0.48507125,0.055555556,0.23570226,0.777777778,0.427792632,0.166666667,0.383482494,0.055555556,0.23570226,0.055555556,0.23570226
07_02_05.bmp,1.5,0.055555556,0.23570226,0.944444444,0.23570226,0.111111111,0.323380833,0.0,0.0,0.0,0.0,0.055555556,0.23570226,0.0,0.0
31_24_02.bmp,2.7777777777777777,0.0,0.0,0.833333333,0.383482494,0.055555556,0.23570226,0.0,0.0,0.166666667,0.383482494,0.0,0.0,0.055555556,0.23570226
29_12_01.bmp,3.2777777777777777,0.222222222,0.427792632,0.5,0.514495755,0.0,0.0,0.055555556,0.23570226,0.111111111,0.323380833,0.111111111,0.323380833,0.055555556,0.23570226
15_11_05.bmp,2.333333333333333,0.666666667,0.48507125,0.277777778,0.460888599,0.111111111,0.323380833,0.0,0.0,0.222222222,0.427792632,0.0,0.0,0.0,0.0
0848.jpg,3.4444444444444446,0.111111111,0.323380833,0.5,0.514495755,0.0,0.0,0.055555556,0.23570226,0.333333333,0.48507125,0.0,0.0,0.0,0.0
13_10_04.bmp,2.5,0.833333333,0.383482494,0.166666667,0.383482494,0.055555556,0.23570226,0.0,0.0,0.166666667,0.383482494,0.055555556,0.23570226,0.055555556,0.23570226
01393.jpg,4.277777777777778,0.111111111,0.323380833,0.444444444,0.511309993,0.055555556,0.23570226,0.0,0.0,0.0,0.0,0.0,0.0,0.055555556,0.23570226
33_16_02.bmp,3.111111111111111,0.055555556,0.23570226,0.5,0.514495755,0.111111111,0.323380833,0.055555556,0.23570226,0.444444444,0.511309993,0.0,0.0,0.0,0.0
12_21_02.bmp,2.9444444444444446,0.055555556,0.23570226,0.055555556,0.23570226,0.722222222,0.460888599,0.055555556,0.23570226,0.055555556,0.23570226,0.0,0.0,0.0,0.0
35_07_03.bmp,2.055555555555556,0.111111111,0.323380833,0.833333333,0.383482494,0.111111111,0.323380833,0.0,0.0,0.0,0.0,0.055555556,0.23570226,0.055555556,0.23570226
33_17_01.bmp,3.055555555555556,0.055555556,0.23570226,0.444444444,0.511309993,0.055555556,0.23570226,0.0,0.0,0.388888889,0.501631326,0.0,0.0,0.111111111,0.323380833
0762.jpg,3.555555555555556,0.0,0.0,0.444444444,0.511309993,0.0,0.0,0.0,0.0,0.0,0.0,0.166666667,0.383482494,0.055555556,0.23570226
01366.jpg,3.2777777777777777,0.0,0.0,0.777777778,0.427792632,0.055555556,0.23570226,0.055555556,0.23570226,0.0,0.0,0.0,0.0,0.111111111,0.323380833
0307.jpg,1.8333333333333333,0.055555556,0.23570226,0.944444444,0.23570226,0.055555556,0.23570226,0.166666667,0.383482494,0.222222222,0.427792632,0.0,0.0,0.0,0.0
24_25_01.bmp,2.9444444444444446,0.111111111,0.323380833,0.055555556,0.23570226,0.055555556,0.23570226,0.0,0.0,0.0,0.0,0.0,0.0,0.833333333,0.383482494
16_14_04.bmp,2.055555555555556,0.111111111,0.323380833,0.111111111,0.323380833,0.111111111,0.323380833,0.833333333,0.383482494,0.333333333,0.48507125,0.333333333,0.48507125,0.0,0.0
04_16_04.bmp,1.9444444444444444,0.277777778,0.460888599,0.833333333,0.383482494,0.055555556,0.23570226,0.0,0.0,0.222222222,0.427792632,0.055555556,0.23570226,0.0,0.0
07_08_04.bmp,2.055555555555556,0.555555556,0.511309993,0.666666667,0.48507125,0.0,0.0,0.055555556,0.23570226,0.111111111,0.323380833,0.055555556,0.23570226,0.0,0.0
13_24_01.bmp,3.388888888888889,0.111111111,0.323380833,0.611111111,0.501631326,0.222222222,0.427792632,0.0,0.0,0.111111111,0.323380833,0.0,0.0,0.055555556,0.23570226
11_24_05.bmp,1.5,0.0,0.0,0.944444444,0.23570226,0.0,0.0,0.055555556,0.23570226,0.277777778,0.460888599,0.0,0.0,0.055555556,0.23570226
03_14_02.bmp,3.555555555555556,0.055555556,0.23570226,0.055555556,0.23570226,0.055555556,0.23570226,0.111111111,0.323380833,0.222222222,0.427792632,0.111111111,0.323380833,0.055555556,0.23570226
21_05_01.bmp,3.388888888888889,0.222222222,0.427792632,0.555555556,0.511309993,0.055555556,0.23570226,0.0,0.0,0.0,0.0,0.0,0.0,0.055555556,0.23570226
13_21_03.bmp,3.5,0.055555556,0.23570226,0.166666667,0.383482494,0.5,0.514495755,0.055555556,0.23570226,0.055555556,0.23570226,0.111111111,0.323380833,0.055555556,0.23570226
0242.jpg,1.8888888888888888,0.333333333,0.48507125,0.388888889,0.501631326,0.055555556,0.23570226,0.777777778,0.427792632,0.166666667,0.383482494,0.0,0.0,0.0,0.0
32_12_05.bmp,2.1666666666666665,0.666666667,0.48507125,0.444444444,0.511309993,0.111111111,0.323380833,0.055555556,0.23570226,0.444444444,0.511309993,0.055555556,0.23570226,0.0,0.0
0617.jpg,2.9444444444444446,0.111111111,0.323380833,0.5,0.514495755,0.0,0.0,0.166666667,0.383482494,0.222222222,0.427792632,0.055555556,0.23570226,0.055555556,0.23570226
25_07_05.bmp,1.3888888888888888,0.055555556,0.23570226,0.888888889,0.323380833,0.055555556,0.23570226,0.055555556,0.23570226,0.166666667,0.383482494,0.0,0.0,0.0,0.0
29_06_02.bmp,2.055555555555556,0.388888889,0.501631326,0.333333333,0.48507125,0.222222222,0.427792632,0.0,0.0,0.055555556,0.23570226,0.166666667,0.383482494,0.111111111,0.323380833
18_19_02.bmp,2.833333333333333,0.222222222,0.427792632,0.5,0.514495755,0.388888889,0.501631326,0.0,0.0,0.0,0.0,0.0,0.0,0.055555556,0.23570226
01284.jpg,3.2222222222222223,0.111111111,0.323380833,0.277777778,0.460888599,0.0,0.0,0.0,0.0,0.5,0.514495755,0.277777778,0.460888599,0.444444444,0.511309993
20_06_02.bmp,2.833333333333333,0.277777778,0.460888599,0.388888889,0.501631326,0.222222222,0.427792632,0.055555556,0.23570226,0.111111111,0.323380833,0.166666667,0.383482494,0.055555556,0.23570226
29_05_02.bmp,3.055555555555556,0.277777778,0.460888599,0.611111111,0.501631326,0.0,0.0,0.0,0.0,0.055555556,0.23570226,0.166666667,0.383482494,0.0,0.0
0529.jpg,2.7777777777777777,0.166666667,0.383482494,0.444444444,0.511309993,0.0,0.0,0.222222222,0.427792632,0.777777778,0.427792632,0.055555556,0.23570226,0.055555556,0.23570226
05_06_01.bmp,3.0,0.333333333,0.48507125,0.5,0.514495755,0.166666667,0.383482494,0.0,0.0,0.0,0.0,0.111111111,0.323380833,0.055555556,0.23570226
01493.jpg,3.7777777777777777,0.055555556,0.23570226,0.611111111,0.501631326,0.055555556,0.23570226,0.055555556,0.23570226,0.0,0.0,0.0,0.0,0.055555556,0.23570226
20_06_04.bmp,1.8333333333333333,0.333333333,0.48507125,0.333333333,0.48507125,0.166666667,0.383482494,0.055555556,0.23570226,0.055555556,0.23570226,0.277777778,0.460888599,0.0,0.0
29_04_01.bmp,3.2777777777777777,0.166666667,0.383482494,0.5,0.514495755,0.0,0.0,0.111111111,0.323380833,0.111111111,0.323380833,0.111111111,0.323380833,0.055555556,0.23570226
15_02_02.bmp,2.888888888888889,0.055555556,0.23570226,0.777777778,0.427792632,0.055555556,0.23570226,0.0,0.0,0.277777778,0.460888599,0.0,0.0,0.0,0.0
31_20_04.bmp,1.8888888888888888,0.5,0.514495755,0.555555556,0.511309993,0.166666667,0.383482494,0.277777778,0.460888599,0.111111111,0.323380833,0.0,0.0,0.0,0.0
11_04_01.bmp,3.388888888888889,0.055555556,0.23570226,0.444444444,0.511309993,0.055555556,0.23570226,0.111111111,0.323380833,0.333333333,0.48507125,0.055555556,0.23570226,0.0,0.0
05_09_04.bmp,2.055555555555556,0.888888889,0.323380833,0.333333333,0.48507125,0.055555556,0.23570226,0.055555556,0.23570226,0.055555556,0.23570226,0.055555556,0.23570226,0.111111111,0.323380833
0515.jpg,2.5,0.0,0.0,0.5,0.514495755,0.0,0.0,0.5,0.514495755,0.666666667,0.48507125,0.055555556,0.23570226,0.055555556,0.23570226
12_10_03.bmp,2.833333333333333,0.722222222,0.460888599,0.166666667,0.383482494,0.111111111,0.323380833,0.0,0.0,0.111111111,0.323380833,0.055555556,0.23570226,0.055555556,0.23570226
32_19_05.bmp,1.6111111111111112,0.277777778,0.460888599,0.222222222,0.427792632,0.555555556,0.511309993,0.444444444,0.511309993,0.388888889,0.501631326,0.055555556,0.23570226,0.055555556,0.23570226
0598.jpg,3.6666666666666665,0.111111111,0.323380833,0.277777778,0.460888599,0.0,0.0,0.111111111,0.323380833,0.277777778,0.460888599,0.055555556,0.23570226,0.055555556,0.23570226
0078.jpg,3.333333333333333,0.0,0.0,0.388888889,0.501631326,0.444444444,0.511309993,0.0,0.0,0.388888889,0.501631326,0.0,0.0,0.055555556,0.23570226
34_03_02.bmp,3.0,0.055555556,0.23570226,0.666666667,0.48507125,0.166666667,0.383482494,0.0,0.0,0.0,0.0,0.0,0.0,0.055555556,0.23570226
15_05_01.bmp,3.555555555555556,0.222222222,0.427792632,0.5,0.514495755,0.0,0.0,0.0,0.0,0.277777778,0.460888599,0.0,0.0,0.055555556,0.23570226
0328.jpg,1.8888888888888888,0.055555556,0.23570226,0.888888889,0.323380833,0.055555556,0.23570226,0.111111111,0.323380833,0.0,0.0,0.0,0.0,0.0,0.0
17_24_02.bmp,2.888888888888889,0.0,0.0,0.777777778,0.427792632,0.055555556,0.23570226,0.055555556,0.23570226,0.166666667,0.383482494,0.111111111,0.323380833,0.0,0.0
01301.jpg,3.4444444444444446,0.333333333,0.48507125,0.444444444,0.511309993,0.055555556,0.23570226,0.055555556,0.23570226,0.277777778,0.460888599,0.0,0.0,0.055555556,0.23570226
16_17_01.bmp,3.4444444444444446,0.055555556,0.23570226,0.333333333,0.48507125,0.055555556,0.23570226,0.111111111,0.323380833,0.333333333,0.48507125,0.333333333,0.48507125,0.055555556,0.23570226
27_06_01.bmp,2.9444444444444446,0.222222222,0.427792632,0.5,0.514495755,0.055555556,0.23570226,0.055555556,0.23570226,0.444444444,0.511309993,0.055555556,0.23570226,0.0,0.0
05_21_04.bmp,2.611111111111111,0.277777778,0.460888599,0.5,0.514495755,0.055555556,0.23570226,0.388888889,0.501631326,0.0,0.0,0.0,0.0,0.055555556,0.23570226
25_02_02.bmp,2.4444444444444446,0.111111111,0.323380833,0.722222222,0.460888599,0.055555556,0.23570226,0.0,0.0,0.111111111,0.323380833,0.0,0.0,0.111111111,0.323380833
08_02_03.bmp,2.7777777777777777,0.055555556,0.23570226,0.833333333,0.383482494,0.055555556,0.23570226,0.0,0.0,0.166666667,0.383482494,0.0,0.0,0.0,0.0
17_03_01.bmp,3.5,0.111111111,0.323380833,0.444444444,0.511309993,0.0,0.0,0.055555556,0.23570226,0.166666667,0.383482494,0.111111111,0.323380833,0.055555556,0.23570226
25_10_01.bmp,3.0,0.277777778,0.460888599,0.388888889,0.501631326,0.055555556,0.23570226,0.0,0.0,0.111111111,0.323380833,0.0,0.0,0.111111111,0.323380833
08_23_04.bmp,2.7777777777777777,0.166666667,0.383482494,0.111111111,0.323380833,0.055555556,0.23570226,0.777777778,0.427792632,0.111111111,0.323380833,0.0,0.0,0.111111111,0.323380833
0109.jpg,1.5,0.0,0.0,0.555555556,0.511309993,0.944444444,0.23570226,0.0,0.0,0.166666667,0.383482494,0.055555556,0.23570226,0.055555556,0.23570226
0165.jpg,2.9444444444444446,0.166666667,0.383482494,0.277777778,0.460888599,0.833333333,0.383482494,0.0,0.0,0.055555556,0.23570226,0.0,0.0,0.055555556,0.23570226
29_23_03.bmp,2.611111111111111,0.055555556,0.23570226,0.222222222,0.427792632,0.055555556,0.23570226,0.722222222,0.460888599,0.055555556,0.23570226,0.111111111,0.323380833,0.166666667,0.383482494
0133.jpg,3.2222222222222223,0.055555556,0.23570226,0.222222222,0.427792632,0.666666667,0.48507125,0.055555556,0.23570226,0.111111111,0.323380833,0.055555556,0.23570226,0.055555556,0.23570226
26_20_01.bmp,3.7777777777777777,0.055555556,0.23570226,0.277777778,0.460888599,0.166666667,0.383482494,0.0,0.0,0.111111111,0.323380833,0.055555556,0.23570226,0.055555556,0.23570226
0673.jpg,3.2777777777777777,0.055555556,0.23570226,0.333333333,0.48507125,0.055555556,0.23570226,0.055555556,0.23570226,0.333333333,0.48507125,0.166666667,0.383482494,0.055555556,0.23570226
06_21_02.bmp,2.9444444444444446,0.055555556,0.23570226,0.277777778,0.460888599,0.666666667,0.48507125,0.055555556,0.23570226,0.0,0.0,0.055555556,0.23570226,0.055555556,0.23570226
0931.jpg,2.833333333333333,0.111111111,0.323380833,0.388888889,0.501631326,0.055555556,0.23570226,0.666666667,0.48507125,0.222222222,0.427792632,0.0,0.0,0.055555556,0.23570226
15_15_01.bmp,1.7222222222222223,0.111111111,0.323380833,0.166666667,0.383482494,0.888888889,0.323380833,0.0,0.0,0.222222222,0.427792632,0.0,0.0,0.0,0.0
12_01_01.bmp,3.888888888888889,0.055555556,0.23570226,0.166666667,0.383482494,0.277777778,0.460888599,0.0,0.0,0.055555556,0.23570226,0.0,0.0,0.0,0.0
15_09_05.bmp,2.1666666666666665,0.722222222,0.460888599,0.222222222,0.427792632,0.111111111,0.323380833,0.0,0.0,0.333333333,0.48507125,0.0,0.0,0.0,0.0
32_15_04.bmp,2.1666666666666665,0.055555556,0.23570226,0.277777778,0.460888599,0.166666667,0.383482494,0.722222222,0.460888599,0.388888889,0.501631326,0.055555556,0.23570226,0.055555556,0.23570226
34_18_05.bmp,1.3888888888888888,0.111111111,0.323380833,0.888888889,0.323380833,0.166666667,0.383482494,0.055555556,0.23570226,0.0,0.0,0.055555556,0.23570226,0.111111111,0.323380833
0782.jpg,3.5,0.055555556,0.23570226,0.444444444,0.511309993,0.0,0.0,0.0,0.0,0.111111111,0.323380833,0.0,0.0,0.055555556,0.23570226
23_04_02.bmp,3.111111111111111,0.333333333,0.48507125,0.222222222,0.427792632,0.166666667,0.383482494,0.0,0.0,0.333333333,0.48507125,0.111111111,0.323380833,0.055555556,0.23570226
0473.jpg,3.2222222222222223,0.055555556,0.23570226,0.444444444,0.511309993,0.055555556,0.23570226,0.222222222,0.427792632,0.666666667,0.48507125,0.0,0.0,0.0,0.0
37_22_04.bmp,2.2777777777777777,0.222222222,0.427792632,0.833333333,0.383482494,0.111111111,0.323380833,0.111111111,0.323380833,0.111111111,0.323380833,0.055555556,0.23570226,0.0,0.0
17_21_05.bmp,1.8333333333333333,0.166666667,0.383482494,0.222222222,0.427792632,0.055555556,0.23570226,0.666666667,0.48507125,0.222222222,0.427792632,0.055555556,0.23570226,0.055555556,0.23570226
0716.jpg,3.4444444444444446,0.055555556,0.23570226,0.333333333,0.48507125,0.0,0.0,0.055555556,0.23570226,0.222222222,0.427792632,0.166666667,0.383482494,0.166666667,0.383482494
08_15_02.bmp,3.1666666666666665,0.166666667,0.383482494,0.166666667,0.383482494,0.555555556,0.511309993,0.055555556,0.23570226,0.055555556,0.23570226,0.0,0.0,0.0,0.0
35_25_05.bmp,1.9444444444444444,0.111111111,0.323380833,0.388888889,0.501631326,0.055555556,0.23570226,0.0,0.0,0.0,0.0,0.0,0.0,0.944444444,0.23570226
0521.jpg,2.9444444444444446,0.111111111,0.323380833,0.5,0.514495755,0.0,0.0,0.388888889,0.501631326,0.444444444,0.511309993,0.0,0.0,0.0,0.0
37_17_01.bmp,3.111111111111111,0.111111111,0.323380833,0.555555556,0.511309993,0.0,0.0,0.0,0.0,0.111111111,0.323380833,0.111111111,0.323380833,0.222222222,0.427792632
05_08_03.bmp,2.388888888888889,0.388888889,0.501631326,0.722222222,0.460888599,0.111111111,0.323380833,0.0,0.0,0.0,0.0,0.166666667,0.383482494,0.111111111,0.323380833
08_09_01.bmp,3.5,0.555555556,0.511309993,0.055555556,0.23570226,0.0,0.0,0.111111111,0.323380833,0.055555556,0.23570226,0.0,0.0,0.055555556,0.23570226
37_20_01.bmp,2.833333333333333,0.222222222,0.427792632,0.5,0.514495755,0.222222222,0.427792632,0.166666667,0.383482494,0.055555556,0.23570226,0.055555556,0.23570226,0.0,0.0
0213.jpg,2.5,0.166666667,0.383482494,0.388888889,0.501631326,0.055555556,0.23570226,0.777777778,0.427792632,0.055555556,0.23570226,0.055555556,0.23570226,0.0,0.0
0199.jpg,1.8888888888888888,0.055555556,0.23570226,0.166666667,0.383482494,0.055555556,0.23570226,0.888888889,0.323380833,0.0,0.0,0.0,0.0,0.0,0.0
34_14_03.bmp,3.1666666666666665,0.166666667,0.383482494,0.444444444,0.511309993,0.333333333,0.48507125,0.055555556,0.23570226,0.055555556,0.23570226,0.0,0.0,0.055555556,0.23570226
0337.jpg,3.055555555555556,0.055555556,0.23570226,0.666666667,0.48507125,0.0,0.0,0.055555556,0.23570226,0.055555556,0.23570226,0.0,0.0,0.0,0.0
08_10_01.bmp,4.166666666666667,0.222222222,0.427792632,0.166666667,0.383482494,0.055555556,0.23570226,0.055555556,0.23570226,0.111111111,0.323380833,0.0,0.0,0.055555556,0.23570226
26_17_03.bmp,2.7777777777777777,0.111111111,0.323380833,0.333333333,0.48507125,0.166666667,0.383482494,0.0,0.0,0.166666667,0.383482494,0.277777778,0.460888599,0.166666667,0.383482494
35_04_05.bmp,1.7777777777777777,0.277777778,0.460888599,0.555555556,0.511309993,0.277777778,0.460888599,0.0,0.0,0.0,0.0,0.166666667,0.383482494,0.055555556,0.23570226
20_24_01.bmp,3.111111111111111,0.111111111,0.323380833,0.611111111,0.501631326,0.111111111,0.323380833,0.055555556,0.23570226,0.055555556,0.23570226,0.111111111,0.323380833,0.0,0.0
10_03_04.bmp,1.9444444444444444,0.111111111,0.323380833,0.944444444,0.23570226,0.055555556,0.23570226,0.0,0.0,0.333333333,0.48507125,0.222222222,0.427792632,0.055555556,0.23570226
01355.jpg,3.1666666666666665,0.111111111,0.323380833,0.666666667,0.48507125,0.111111111,0.323380833,0.0,0.0,0.055555556,0.23570226,0.055555556,0.23570226,0.0,0.0
14_17_01.bmp,3.333333333333333,0.222222222,0.427792632,0.277777778,0.460888599,0.055555556,0.23570226,0.055555556,0.23570226,0.111111111,0.323380833,0.111111111,0.323380833,0.166666667,0.383482494
21_20_03.bmp,2.1666666666666665,0.666666667,0.48507125,0.5,0.514495755,0.166666667,0.383482494,0.166666667,0.383482494,0.055555556,0.23570226,0.055555556,0.23570226,0.0,0.0
35_16_04.bmp,1.7222222222222223,0.222222222,0.427792632,0.888888889,0.323380833,0.055555556,0.23570226,0.055555556,0.23570226,0.0,0.0,0.0,0.0,0.0,0.0
30_04_02.bmp,3.1666666666666665,0.388888889,0.501631326,0.222222222,0.427792632,0.222222222,0.427792632,0.055555556,0.23570226,0.222222222,0.427792632,0.166666667,0.383482494,0.0,0.0
01218.jpg,3.1666666666666665,0.111111111,0.323380833,0.777777778,0.427792632,0.0,0.0,0.277777778,0.460888599,0.333333333,0.48507125,0.0,0.0,0.0,0.0
03_04_02.bmp,3.7777777777777777,0.111111111,0.323380833,0.222222222,0.427792632,0.166666667,0.383482494,0.055555556,0.23570226,0.111111111,0.323380833,0.055555556,0.23570226,0.055555556,0.23570226
17_09_04.bmp,2.2777777777777777,0.888888889,0.323380833,0.166666667,0.383482494,0.055555556,0.23570226,0.0,0.0,0.277777778,0.460888599,0.055555556,0.23570226,0.0,0.0
0890.jpg,3.7222222222222223,0.166666667,0.383482494,0.444444444,0.511309993,0.0,0.0,0.055555556,0.23570226,0.111111111,0.323380833,0.111111111,0.323380833,0.0,0.0
22_22_02.bmp,2.555555555555556,0.111111111,0.323380833,0.833333333,0.383482494,0.0,0.0,0.0,0.0,0.111111111,0.323380833,0.111111111,0.323380833,0.055555556,0.23570226
27_09_02.bmp,2.888888888888889,0.611111111,0.501631326,0.388888889,0.501631326,0.0,0.0,0.055555556,0.23570226,0.444444444,0.511309993,0.055555556,0.23570226,0.055555556,0.23570226
27_11_05.bmp,2.333333333333333,0.722222222,0.460888599,0.222222222,0.427792632,0.055555556,0.23570226,0.055555556,0.23570226,0.5,0.514495755,0.055555556,0.23570226,0.0,0.0
01205.jpg,3.5,0.222222222,0.427792632,0.388888889,0.501631326,0.0,0.0,0.0,0.0,0.555555556,0.511309993,0.0,0.0,0.055555556,0.23570226
02_23_05.bmp,2.0,0.111111111,0.323380833,0.111111111,0.323380833,0.0,0.0,0.722222222,0.460888599,0.222222222,0.427792632,0.111111111,0.323380833,0.166666667,0.383482494
23_16_03.bmp,3.055555555555556,0.055555556,0.23570226,0.5,0.514495755,0.0,0.0,0.111111111,0.323380833,0.277777778,0.460888599,0.0,0.0,0.055555556,0.23570226
14_15_03.bmp,3.4444444444444446,0.055555556,0.23570226,0.388888889,0.501631326,0.277777778,0.460888599,0.0,0.0,0.0,0.0,0.055555556,0.23570226,0.111111111,0.323380833
23_13_02.bmp,3.2222222222222223,0.0,0.0,0.277777778,0.460888599,0.333333333,0.48507125,0.0,0.0,0.222222222,0.427792632,0.055555556,0.23570226,0.0,0.0
30_07_01.bmp,3.555555555555556,0.111111111,0.323380833,0.333333333,0.48507125,0.055555556,0.23570226,0.111111111,0.323380833,0.333333333,0.48507125,0.055555556,0.23570226,0.0,0.0
31_06_04.bmp,1.9444444444444444,0.222222222,0.427792632,0.444444444,0.511309993,0.222222222,0.427792632,0.055555556,0.23570226,0.222222222,0.427792632,0.166666667,0.383482494,0.055555556,0.23570226
32_22_05.bmp,1.7777777777777777,0.166666667,0.383482494,0.833333333,0.383482494,0.111111111,0.323380833,0.055555556,0.23570226,0.388888889,0.501631326,0.0,0.0,0.0,0.0
12_06_03.bmp,2.611111111111111,0.333333333,0.48507125,0.166666667,0.383482494,0.277777778,0.460888599,0.0,0.0,0.0,0.0,0.166666667,0.383482494,0.055555556,0.23570226
34_01_01.bmp,3.2777777777777777,0.111111111,0.323380833,0.555555556,0.511309993,0.277777778,0.460888599,0.055555556,0.23570226,0.055555556,0.23570226,0.0,0.0,0.111111111,0.323380833
0853.jpg,3.6666666666666665,0.111111111,0.323380833,0.5,0.514495755,0.055555556,0.23570226,0.0,0.0,0.277777778,0.460888599,0.0,0.0,0.055555556,0.23570226
21_03_01.bmp,3.6666666666666665,0.055555556,0.23570226,0.5,0.514495755,0.0,0.0,0.0,0.0,0.0,0.0,0.055555556,0.23570226,0.0,0.0
04_03_04.bmp,1.7777777777777777,0.055555556,0.23570226,0.833333333,0.383482494,0.055555556,0.23570226,0.0,0.0,0.166666667,0.383482494,0.0,0.0,0.055555556,0.23570226
27_04_02.bmp,2.9444444444444446,0.333333333,0.48507125,0.444444444,0.511309993,0.111111111,0.323380833,0.055555556,0.23570226,0.388888889,0.501631326,0.166666667,0.383482494,0.0,0.0
1048.jpg,3.111111111111111,0.055555556,0.23570226,0.555555556,0.511309993,0.0,0.0,0.666666667,0.48507125,0.166666667,0.383482494,0.055555556,0.23570226,0.0,0.0
34_08_04.bmp,2.388888888888889,0.111111111,0.323380833,0.777777778,0.427792632,0.111111111,0.323380833,0.0,0.0,0.055555556,0.23570226,0.0,0.0,0.111111111,0.323380833
06_09_02.bmp,2.7777777777777777,0.611111111,0.501631326,0.166666667,0.383482494,0.166666667,0.383482494,0.0,0.0,0.055555556,0.23570226,0.111111111,0.323380833,0.111111111,0.323380833
0539.jpg,2.7222222222222223,0.111111111,0.323380833,0.388888889,0.501631326,0.0,0.0,0.111111111,0.323380833,0.777777778,0.427792632,0.055555556,0.23570226,0.0,0.0
15_22_05.bmp,1.8333333333333333,0.277777778,0.460888599,0.722222222,0.460888599,0.0,0.0,0.111111111,0.323380833,0.166666667,0.383482494,0.0,0.0,0.0,0.0
24_14_02.bmp,3.5,0.055555556,0.23570226,0.277777778,0.460888599,0.0,0.0,0.222222222,0.427792632,0.0,0.0,0.0,0.0,0.0,0.0
0239.jpg,2.2222222222222223,0.277777778,0.460888599,0.333333333,0.48507125,0.0,0.0,0.833333333,0.383482494,0.055555556,0.23570226,0.0,0.0,0.111111111,0.323380833
01485.jpg,2.333333333333333,0.222222222,0.427792632,0.777777778,0.427792632,0.111111111,0.323380833,0.111111111,0.323380833,0.0,0.0,0.111111111,0.323380833,0.222222222,0.427792632
27_02_05.bmp,1.3333333333333333,0.0,0.0,0.944444444,0.23570226,0.055555556,0.23570226,0.0,0.0,0.333333333,0.48507125,0.0,0.0,0.0,0.0
0903.jpg,3.611111111111111,0.166666667,0.383482494,0.444444444,0.511309993,0.055555556,0.23570226,0.0,0.0,0.277777778,0.460888599,0.0,0.0,0.0,0.0
01456.jpg,3.4444444444444446,0.055555556,0.23570226,0.666666667,0.48507125,0.111111111,0.323380833,0.0,0.0,0.055555556,0.23570226,0.111111111,0.323380833,0.444444444,0.511309993
31_01_05.bmp,1.5,0.0,0.0,0.944444444,0.23570226,0.055555556,0.23570226,0.0,0.0,0.111111111,0.323380833,0.055555556,0.23570226,0.0,0.0
0721.jpg,3.055555555555556,0.111111111,0.323380833,0.388888889,0.501631326,0.0,0.0,0.055555556,0.23570226,0.388888889,0.501631326,0.222222222,0.427792632,0.0,0.0
0612.jpg,3.333333333333333,0.055555556,0.23570226,0.444444444,0.511309993,0.055555556,0.23570226,0.055555556,0.23570226,0.277777778,0.460888599,0.055555556,0.23570226,0.055555556,0.23570226
21_08_03.bmp,2.4444444444444446,0.388888889,0.501631326,0.555555556,0.511309993,0.0,0.0,0.111111111,0.323380833,0.0,0.0,0.055555556,0.23570226,0.055555556,0.23570226
29_24_03.bmp,2.555555555555556,0.0,0.0,0.833333333,0.383482494,0.055555556,0.23570226,0.0,0.0,0.111111111,0.323380833,0.111111111,0.323380833,0.0,0.0
06_15_01.bmp,2.6666666666666665,0.055555556,0.23570226,0.166666667,0.383482494,0.777777778,0.427792632,0.0,0.0,0.0,0.0,0.0,0.0,0.111111111,0.323380833
37_08_02.bmp,3.2777777777777777,0.111111111,0.323380833,0.611111111,0.501631326,0.0,0.0,0.055555556,0.23570226,0.055555556,0.23570226,0.111111111,0.323380833,0.0,0.0
0284.jpg,2.055555555555556,0.111111111,0.323380833,0.277777778,0.460888599,0.055555556,0.23570226,0.888888889,0.323380833,0.111111111,0.323380833,0.0,0.0,0.055555556,0.23570226
16_01_01.bmp,3.2222222222222223,0.055555556,0.23570226,0.055555556,0.23570226,0.0,0.0,0.055555556,0.23570226,0.444444444,0.511309993,0.666666667,0.48507125,0.055555556,0.23570226
31_09_02.bmp,2.611111111111111,0.666666667,0.48507125,0.222222222,0.427792632,0.0,0.0,0.0,0.0,0.222222222,0.427792632,0.0,0.0,0.111111111,0.323380833
0544.jpg,2.6666666666666665,0.166666667,0.383482494,0.388888889,0.501631326,0.0,0.0,0.111111111,0.323380833,0.777777778,0.427792632,0.0,0.0,0.055555556,0.23570226
13_03_05.bmp,1.7222222222222223,0.111111111,0.323380833,0.888888889,0.323380833,0.111111111,0.323380833,0.0,0.0,0.222222222,0.427792632,0.055555556,0.23570226,0.0,0.0
09_04_03.bmp,3.0,0.388888889,0.501631326,0.388888889,0.501631326,0.222222222,0.427792632,0.0,0.0,0.166666667,0.383482494,0.222222222,0.427792632,0.0,0.0
08_02_05.bmp,1.8333333333333333,0.0,0.0,1.0,0.0,0.0,0.0,0.0,0.0,0.111111111,0.323380833,0.0,0.0,0.0,0.0
0092.jpg,2.2222222222222223,0.0,0.0,0.555555556,0.511309993,0.944444444,0.23570226,0.055555556,0.23570226,0.0,0.0,0.0,0.0,0.055555556,0.23570226
31_01_01.bmp,3.6666666666666665,0.222222222,0.427792632,0.222222222,0.427792632,0.0,0.0,0.055555556,0.23570226,0.277777778,0.460888599,0.0,0.0,0.055555556,0.23570226
03_02_01.bmp,3.8333333333333335,0.055555556,0.23570226,0.333333333,0.48507125,0.055555556,0.23570226,0.0,0.0,0.111111111,0.323380833,0.055555556,0.23570226,0.055555556,0.23570226
23_11_01.bmp,3.2222222222222223,0.333333333,0.48507125,0.333333333,0.48507125,0.055555556,0.23570226,0.0,0.0,0.333333333,0.48507125,0.055555556,0.23570226,0.0,0.0
01_07_01.bmp,3.111111111111111,0.166666667,0.383482494,0.666666667,0.48507125,0.166666667,0.383482494,0.055555556,0.23570226,0.0,0.0,0.0,0.0,0.055555556,0.23570226
02_10_01.bmp,3.2222222222222223,0.333333333,0.48507125,0.277777778,0.460888599,0.055555556,0.23570226,0.0,0.0,0.5,0.514495755,0.055555556,0.23570226,0.0,0.0
01285.jpg,4.166666666666667,0.166666667,0.383482494,0.111111111,0.323380833,0.055555556,0.23570226,0.0,0.0,0.111111111,0.323380833,0.055555556,0.23570226,0.0,0.0
28_19_05.bmp,2.5,0.111111111,0.323380833,0.277777778,0.460888599,0.555555556,0.511309993,0.055555556,0.23570226,0.111111111,0.323380833,0.0,0.0,0.0,0.0
12_01_04.bmp,2.2777777777777777,0.0,0.0,0.888888889,0.323380833,0.111111111,0.323380833,0.0,0.0,0.055555556,0.23570226,0.0,0.0,0.055555556,0.23570226
34_03_01.bmp,3.4444444444444446,0.111111111,0.323380833,0.388888889,0.501631326,0.222222222,0.427792632,0.0,0.0,0.055555556,0.23570226,0.0,0.0,0.111111111,0.323380833
01217.jpg,4.0,0.333333333,0.48507125,0.166666667,0.383482494,0.0,0.0,0.0,0.0,0.055555556,0.23570226,0.055555556,0.23570226,0.111111111,0.323380833
32_11_03.bmp,2.555555555555556,0.611111111,0.501631326,0.388888889,0.501631326,0.111111111,0.323380833,0.055555556,0.23570226,0.333333333,0.48507125,0.055555556,0.23570226,0.0,0.0
0845.jpg,3.555555555555556,0.166666667,0.383482494,0.444444444,0.511309993,0.055555556,0.23570226,0.0,0.0,0.388888889,0.501631326,0.055555556,0.23570226,0.0,0.0
26_16_02.bmp,3.5,0.055555556,0.23570226,0.111111111,0.323380833,0.0,0.0,0.444444444,0.511309993,0.055555556,0.23570226,0.055555556,0.23570226,0.055555556,0.23570226
37_05_05.bmp,1.9444444444444444,0.444444444,0.511309993,0.722222222,0.460888599,0.111111111,0.323380833,0.0,0.0,0.055555556,0.23570226,0.111111111,0.323380833,0.0,0.0
16_10_01.bmp,3.333333333333333,0.277777778,0.460888599,0.166666667,0.383482494,0.0,0.0,0.0,0.0,0.388888889,0.501631326,0.333333333,0.48507125,0.0,0.0
0776.jpg,3.555555555555556,0.0,0.0,0.444444444,0.511309993,0.055555556,0.23570226,0.0,0.0,0.111111111,0.323380833,0.055555556,0.23570226,0.055555556,0.23570226
03_16_01.bmp,3.611111111111111,0.0,0.0,0.222222222,0.427792632,0.111111111,0.323380833,0.0,0.0,0.111111111,0.323380833,0.055555556,0.23570226,0.055555556,0.23570226
36_03_05.bmp,1.5555555555555556,0.055555556,0.23570226,0.833333333,0.383482494,0.055555556,0.23570226,0.0,0.0,0.055555556,0.23570226,0.0,0.0,0.055555556,0.23570226
08_17_04.bmp,2.4444444444444446,0.111111111,0.323380833,0.444444444,0.511309993,0.055555556,0.23570226,0.055555556,0.23570226,0.166666667,0.383482494,0.111111111,0.323380833,0.333333333,0.48507125
36_05_04.bmp,2.0,0.222222222,0.427792632,0.888888889,0.323380833,0.166666667,0.383482494,0.0,0.0,0.0,0.0,0.0,0.0,0.111111111,0.323380833
02_08_05.bmp,1.6111111111111112,0.555555556,0.511309993,0.722222222,0.460888599,0.055555556,0.23570226,0.0,0.0,0.333333333,0.48507125,0.055555556,0.23570226,0.277777778,0.460888599
12_18_02.bmp,2.555555555555556,0.166666667,0.383482494,0.777777778,0.427792632,0.055555556,0.23570226,0.0,0.0,0.111111111,0.323380833,0.055555556,0.23570226,0.0,0.0
0439.jpg,2.888888888888889,0.0,0.0,0.888888889,0.323380833,0.0,0.0,0.055555556,0.23570226,0.111111111,0.323380833,0.055555556,0.23570226,0.055555556,0.23570226
37_02_02.bmp,3.2777777777777777,0.0,0.0,0.833333333,0.383482494,0.055555556,0.23570226,0.055555556,0.23570226,0.055555556,0.23570226,0.166666667,0.383482494,0.0,0.0
1140.jpg,2.555555555555556,0.0,0.0,0.444444444,0.511309993,0.0,0.0,0.055555556,0.23570226,0.055555556,0.23570226,0.722222222,0.460888599,0.055555556,0.23570226
01413.jpg,3.333333333333333,0.0,0.0,0.611111111,0.501631326,0.055555556,0.23570226,0.0,0.0,0.0,0.0,0.0,0.0,0.111111111,0.323380833
14_24_03.bmp,1.9444444444444444,0.0,0.0,0.888888889,0.323380833,0.055555556,0.23570226,0.0,0.0,0.111111111,0.323380833,0.055555556,0.23570226,0.0,0.0
03_01_05.bmp,1.7222222222222223,0.055555556,0.23570226,0.944444444,0.23570226,0.0,0.0,0.055555556,0.23570226,0.166666667,0.383482494,0.0,0.0,0.0,0.0
26_15_04.bmp,3.888888888888889,0.055555556,0.23570226,0.166666667,0.383482494,0.166666667,0.383482494,0.0,0.0,0.055555556,0.23570226,0.111111111,0.323380833,0.111111111,0.323380833
01273.jpg,2.333333333333333,0.277777778,0.460888599,0.722222222,0.460888599,0.0,0.0,0.055555556,0.23570226,0.444444444,0.511309993,0.777777778,0.427792632,0.111111111,0.323380833
32_06_04.bmp,1.8888888888888888,0.277777778,0.460888599,0.444444444,0.511309993,0.222222222,0.427792632,0.055555556,0.23570226,0.388888889,0.501631326,0.222222222,0.427792632,0.055555556,0.23570226
22_08_05.bmp,1.6111111111111112,0.333333333,0.48507125,0.833333333,0.383482494,0.0,0.0,0.0,0.0,0.111111111,0.323380833,0.111111111,0.323380833,0.0,0.0
37_13_03.bmp,3.555555555555556,0.111111111,0.323380833,0.388888889,0.501631326,0.222222222,0.427792632,0.055555556,0.23570226,0.111111111,0.323380833,0.055555556,0.23570226,0.0,0.0
14_23_03.bmp,2.833333333333333,0.111111111,0.323380833,0.166666667,0.383482494,0.055555556,0.23570226,0.777777778,0.427792632,0.055555556,0.23570226,0.0,0.0,0.222222222,0.427792632
28_15_01.bmp,2.388888888888889,0.055555556,0.23570226,0.222222222,0.427792632,0.888888889,0.323380833,0.055555556,0.23570226,0.166666667,0.383482494,0.055555556,0.23570226,0.0,0.0
0243.jpg,1.7777777777777777,0.222222222,0.427792632,0.5,0.514495755,0.0,0.0,0.833333333,0.383482494,0.111111111,0.323380833,0.0,0.0,0.0,0.0
33_18_02.bmp,3.0,0.111111111,0.323380833,0.666666667,0.48507125,0.055555556,0.23570226,0.0,0.0,0.5,0.514495755,0.055555556,0.23570226,0.0,0.0
13_03_03.bmp,2.833333333333333,0.055555556,0.23570226,0.611111111,0.501631326,0.111111111,0.323380833,0.055555556,0.23570226,0.166666667,0.383482494,0.0,0.0,0.055555556,0.23570226
23_09_04.bmp,2.2222222222222223,0.722222222,0.460888599,0.277777778,0.460888599,0.055555556,0.23570226,0.055555556,0.23570226,0.166666667,0.383482494,0.0,0.0,0.0,0.0
09_22_05.bmp,1.6111111111111112,0.277777778,0.460888599,0.722222222,0.460888599,0.111111111,0.323380833,0.111111111,0.323380833,0.222222222,0.427792632,0.055555556,0.23570226,0.0,0.0
22_18_02.bmp,2.7222222222222223,0.055555556,0.23570226,0.722222222,0.460888599,0.055555556,0.23570226,0.0,0.0,0.111111111,0.323380833,0.222222222,0.427792632,0.0,0.0
15_25_04.bmp,2.388888888888889,0.055555556,0.23570226,0.0,0.0,0.055555556,0.23570226,0.0,0.0,0.222222222,0.427792632,0.0,0.0,0.833333333,0.383482494
22_09_01.bmp,3.2222222222222223,0.5,0.514495755,0.388888889,0.501631326,0.055555556,0.23570226,0.0,0.0,0.166666667,0.383482494,0.111111111,0.323380833,0.0,0.0
31_25_02.bmp,2.6666666666666665,0.055555556,0.23570226,0.055555556,0.23570226,0.0,0.0,0.055555556,0.23570226,0.166666667,0.383482494,0.055555556,0.23570226,0.944444444,0.23570226
28_15_03.bmp,3.2777777777777777,0.055555556,0.23570226,0.388888889,0.501631326,0.222222222,0.427792632,0.0,0.0,0.111111111,0.323380833,0.111111111,0.323380833,0.055555556,0.23570226
21_02_03.bmp,2.1666666666666665,0.0,0.0,0.944444444,0.23570226,0.0,0.0,0.055555556,0.23570226,0.0,0.0,0.0,0.0,0.055555556,0.23570226
32_03_02.bmp,2.7222222222222223,0.0,0.0,0.666666667,0.48507125,0.111111111,0.323380833,0.0,0.0,0.5,0.514495755,0.111111111,0.323380833,0.0,0.0
21_01_05.bmp,1.7222222222222223,0.0,0.0,1.0,0.0,0.111111111,0.323380833,0.0,0.0,0.0,0.0,0.0,0.0,0.0,0.0
0907.jpg,3.7777777777777777,0.166666667,0.383482494,0.333333333,0.48507125,0.0,0.0,0.166666667,0.383482494,0.166666667,0.383482494,0.055555556,0.23570226,0.0,0.0
04_09_02.bmp,2.7777777777777777,0.5,0.514495755,0.5,0.514495755,0.055555556,0.23570226,0.055555556,0.23570226,0.222222222,0.427792632,0.0,0.0,0.055555556,0.23570226
28_06_01.bmp,2.888888888888889,0.166666667,0.383482494,0.611111111,0.501631326,0.222222222,0.427792632,0.055555556,0.23570226,0.166666667,0.383482494,0.055555556,0.23570226,0.0,0.0
18_25_02.bmp,2.6666666666666665,0.111111111,0.323380833,0.111111111,0.323380833,0.055555556,0.23570226,0.0,0.0,0.0,0.0,0.111111111,0.323380833,0.944444444,0.23570226
08_08_05.bmp,2.1666666666666665,0.444444444,0.511309993,0.611111111,0.501631326,0.055555556,0.23570226,0.166666667,0.383482494,0.0,0.0,0.055555556,0.23570226,0.111111111,0.323380833
28_20_03.bmp,2.5,0.444444444,0.511309993,0.611111111,0.501631326,0.111111111,0.323380833,0.055555556,0.23570226,0.222222222,0.427792632,0.111111111,0.323380833,0.0,0.0
31_20_02.bmp,2.4444444444444446,0.5,0.514495755,0.5,0.514495755,0.222222222,0.427792632,0.166666667,0.383482494,0.166666667,0.383482494,0.0,0.0,0.055555556,0.23570226
29_17_05.bmp,2.1666666666666665,0.166666667,0.383482494,0.5,0.514495755,0.0,0.0,0.0,0.0,0.277777778,0.460888599,0.277777778,0.460888599,0.222222222,0.427792632
01_08_04.bmp,2.2777777777777777,0.333333333,0.48507125,0.777777778,0.427792632,0.111111111,0.323380833,0.0,0.0,0.0,0.0,0.0,0.0,0.055555556,0.23570226
1035.jpg,3.5,0.0,0.0,0.333333333,0.48507125,0.0,0.0,0.5,0.514495755,0.277777778,0.460888599,0.055555556,0.23570226,0.055555556,0.23570226
26_01_04.bmp,2.7777777777777777,0.0,0.0,0.888888889,0.323380833,0.055555556,0.23570226,0.0,0.0,0.055555556,0.23570226,0.0,0.0,0.0,0.0
04_20_01.bmp,2.555555555555556,0.333333333,0.48507125,0.666666667,0.48507125,0.111111111,0.323380833,0.166666667,0.383482494,0.277777778,0.460888599,0.0,0.0,0.0,0.0
0698.jpg,3.388888888888889,0.055555556,0.23570226,0.388888889,0.501631326,0.055555556,0.23570226,0.055555556,0.23570226,0.444444444,0.511309993,0.111111111,0.323380833,0.055555556,0.23570226
19_08_05.bmp,1.6666666666666667,0.333333333,0.48507125,0.722222222,0.460888599,0.0,0.0,0.055555556,0.23570226,0.055555556,0.23570226,0.111111111,0.323380833,0.055555556,0.23570226
17_03_05.bmp,2.055555555555556,0.055555556,0.23570226,0.833333333,0.383482494,0.0,0.0,0.0,0.0,0.222222222,0.427792632,0.0,0.0,0.055555556,0.23570226
14_03_05.bmp,1.6666666666666667,0.0,0.0,0.888888889,0.323380833,0.055555556,0.23570226,0.055555556,0.23570226,0.055555556,0.23570226,0.0,0.0,0.0,0.0
22_14_01.bmp,3.333333333333333,0.0,0.0,0.388888889,0.501631326,0.111111111,0.323380833,0.277777778,0.460888599,0.111111111,0.323380833,0.111111111,0.323380833,0.055555556,0.23570226
0488.jpg,3.5,0.055555556,0.23570226,0.333333333,0.48507125,0.0,0.0,0.0,0.0,0.722222222,0.460888599,0.0,0.0,0.055555556,0.23570226
37_06_03.bmp,2.4444444444444446,0.5,0.514495755,0.444444444,0.511309993,0.222222222,0.427792632,0.111111111,0.323380833,0.055555556,0.23570226,0.222222222,0.427792632,0.0,0.0
21_25_05.bmp,1.8888888888888888,0.055555556,0.23570226,0.166666667,0.383482494,0.0,0.0,0.055555556,0.23570226,0.0,0.0,0.055555556,0.23570226,0.888888889,0.323380833
32_12_02.bmp,2.888888888888889,0.277777778,0.460888599,0.611111111,0.501631326,0.111111111,0.323380833,0.055555556,0.23570226,0.333333333,0.48507125,0.111111111,0.323380833,0.0,0.0
01382.jpg,3.6666666666666665,0.0,0.0,0.611111111,0.501631326,0.111111111,0.323380833,0.0,0.0,0.0,0.0,0.0,0.0,0.111111111,0.323380833
08_14_03.bmp,3.055555555555556,0.111111111,0.323380833,0.055555556,0.23570226,0.111111111,0.323380833,0.777777778,0.427792632,0.111111111,0.323380833,0.0,0.0,0.0,0.0
24_18_02.bmp,2.4444444444444446,0.111111111,0.323380833,0.666666667,0.48507125,0.055555556,0.23570226,0.0,0.0,0.055555556,0.23570226,0.0,0.0,0.055555556,0.23570226
04_14_03.bmp,2.6666666666666665,0.111111111,0.323380833,0.611111111,0.501631326,0.055555556,0.23570226,0.333333333,0.48507125,0.277777778,0.460888599,0.0,0.0,0.0,0.0
14_08_03.bmp,2.055555555555556,0.333333333,0.48507125,0.666666667,0.48507125,0.055555556,0.23570226,0.0,0.0,0.0,0.0,0.166666667,0.383482494,0.055555556,0.23570226
01_08_03.bmp,2.611111111111111,0.222222222,0.427792632,0.833333333,0.383482494,0.111111111,0.323380833,0.055555556,0.23570226,0.055555556,0.23570226,0.166666667,0.383482494,0.055555556,0.23570226
0834.jpg,3.4444444444444446,0.0,0.0,0.555555556,0.511309993,0.0,0.0,0.111111111,0.323380833,0.111111111,0.323380833,0.0,0.0,0.055555556,0.23570226
05_03_01.bmp,3.5,0.111111111,0.323380833,0.444444444,0.511309993,0.111111111,0.323380833,0.055555556,0.23570226,0.055555556,0.23570226,0.055555556,0.23570226,0.055555556,0.23570226
0140.jpg,2.9444444444444446,0.111111111,0.323380833,0.333333333,0.48507125,0.611111111,0.501631326,0.0,0.0,0.055555556,0.23570226,0.111111111,0.323380833,0.111111111,0.323380833
0431.jpg,1.6666666666666667,0.055555556,0.23570226,0.944444444,0.23570226,0.055555556,0.23570226,0.0,0.0,0.055555556,0.23570226,0.0,0.0,0.0,0.0
20_09_01.bmp,3.0,0.611111111,0.501631326,0.222222222,0.427792632,0.055555556,0.23570226,0.0,0.0,0.055555556,0.23570226,0.0,0.0,0.0,0.0
24_15_05.bmp,2.2222222222222223,0.055555556,0.23570226,0.277777778,0.460888599,0.111111111,0.323380833,0.777777778,0.427792632,0.0,0.0,0.0,0.0,0.0,0.0
10_15_04.bmp,2.6666666666666665,0.111111111,0.323380833,0.388888889,0.501631326,0.111111111,0.323380833,0.444444444,0.511309993,0.333333333,0.48507125,0.222222222,0.427792632,0.055555556,0.23570226
01216.jpg,3.7222222222222223,0.333333333,0.48507125,0.222222222,0.427792632,0.111111111,0.323380833,0.111111111,0.323380833,0.166666667,0.383482494,0.0,0.0,0.0,0.0
37_25_01.bmp,3.055555555555556,0.055555556,0.23570226,0.166666667,0.383482494,0.0,0.0,0.055555556,0.23570226,0.055555556,0.23570226,0.055555556,0.23570226,0.888888889,0.323380833
15_13_02.bmp,3.111111111111111,0.0,0.0,0.222222222,0.427792632,0.5,0.514495755,0.0,0.0,0.222222222,0.427792632,0.0,0.0,0.111111111,0.323380833
29_06_05.bmp,1.4444444444444444,0.333333333,0.48507125,0.166666667,0.383482494,0.333333333,0.48507125,0.055555556,0.23570226,0.111111111,0.323380833,0.111111111,0.323380833,0.0,0.0
07_25_05.bmp,1.7777777777777777,0.055555556,0.23570226,0.166666667,0.383482494,0.111111111,0.323380833,0.055555556,0.23570226,0.055555556,0.23570226,0.0,0.0,0.888888889,0.323380833
20_08_03.bmp,2.5,0.333333333,0.48507125,0.555555556,0.511309993,0.055555556,0.23570226,0.055555556,0.23570226,0.111111111,0.323380833,0.111111111,0.323380833,0.0,0.0
04_07_03.bmp,1.8333333333333333,0.388888889,0.501631326,0.722222222,0.460888599,0.055555556,0.23570226,0.055555556,0.23570226,0.222222222,0.427792632,0.055555556,0.23570226,0.055555556,0.23570226
27_23_02.bmp,2.7222222222222223,0.055555556,0.23570226,0.166666667,0.383482494,0.055555556,0.23570226,0.722222222,0.460888599,0.222222222,0.427792632,0.0,0.0,0.0,0.0
1129.jpg,2.833333333333333,0.0,0.0,0.388888889,0.501631326,0.0,0.0,0.111111111,0.323380833,0.722222222,0.460888599,0.166666667,0.383482494,0.055555556,0.23570226
25_04_05.bmp,2.2777777777777777,0.277777778,0.460888599,0.5,0.514495755,0.222222222,0.427792632,0.0,0.0,0.111111111,0.323380833,0.111111111,0.323380833,0.055555556,0.23570226
18_15_02.bmp,2.611111111111111,0.111111111,0.323380833,0.277777778,0.460888599,0.722222222,0.460888599,0.0,0.0,0.0,0.0,0.0,0.0,0.055555556,0.23570226
19_12_03.bmp,2.7222222222222223,0.833333333,0.383482494,0.222222222,0.427792632,0.055555556,0.23570226,0.0,0.0,0.111111111,0.323380833,0.111111111,0.323380833,0.055555556,0.23570226
11_21_02.bmp,2.5,0.166666667,0.383482494,0.277777778,0.460888599,0.555555556,0.511309993,0.111111111,0.323380833,0.277777778,0.460888599,0.111111111,0.323380833,0.0,0.0
0027.jpg,2.111111111111111,0.055555556,0.23570226,0.444444444,0.511309993,0.888888889,0.323380833,0.055555556,0.23570226,0.0,0.0,0.0,0.0,0.0,0.0
21_20_04.bmp,1.9444444444444444,0.611111111,0.501631326,0.388888889,0.501631326,0.277777778,0.460888599,0.222222222,0.427792632,0.055555556,0.23570226,0.0,0.0,0.055555556,0.23570226
28_02_02.bmp,3.055555555555556,0.0,0.0,0.666666667,0.48507125,0.166666667,0.383482494,0.0,0.0,0.166666667,0.383482494,0.111111111,0.323380833,0.0,0.0
23_14_05.bmp,1.2222222222222223,0.111111111,0.323380833,0.222222222,0.427792632,0.055555556,0.23570226,0.833333333,0.383482494,0.222222222,0.427792632,0.055555556,0.23570226,0.055555556,0.23570226
21_01_02.bmp,3.6666666666666665,0.055555556,0.23570226,0.444444444,0.511309993,0.055555556,0.23570226,0.0,0.0,0.0,0.0,0.055555556,0.23570226,0.0,0.0
1027.jpg,2.888888888888889,0.111111111,0.323380833,0.388888889,0.501631326,0.055555556,0.23570226,0.555555556,0.511309993,0.111111111,0.323380833,0.0,0.0,0.055555556,0.23570226
28_12_04.bmp,2.2222222222222223,0.722222222,0.460888599,0.388888889,0.501631326,0.111111111,0.323380833,0.0,0.0,0.222222222,0.427792632,0.111111111,0.323380833,0.0,0.0
1096.jpg,3.333333333333333,0.055555556,0.23570226,0.333333333,0.48507125,0.0,0.0,0.0,0.0,0.555555556,0.511309993,0.111111111,0.323380833,0.0,0.0
03_24_01.bmp,3.5,0.111111111,0.323380833,0.444444444,0.511309993,0.055555556,0.23570226,0.0,0.0,0.055555556,0.23570226,0.111111111,0.323380833,0.111111111,0.323380833
19_17_02.bmp,2.888888888888889,0.055555556,0.23570226,0.388888889,0.501631326,0.055555556,0.23570226,0.055555556,0.23570226,0.166666667,0.383482494,0.277777778,0.460888599,0.166666667,0.383482494
17_18_03.bmp,2.555555555555556,0.111111111,0.323380833,0.722222222,0.460888599,0.0,0.0,0.055555556,0.23570226,0.222222222,0.427792632,0.055555556,0.23570226,0.055555556,0.23570226
26_03_04.bmp,2.6666666666666665,0.111111111,0.323380833,0.833333333,0.383482494,0.111111111,0.323380833,0.0,0.0,0.111111111,0.323380833,0.0,0.0,0.0,0.0
02_21_03.bmp,2.7222222222222223,0.055555556,0.23570226,0.222222222,0.427792632,0.666666667,0.48507125,0.0,0.0,0.333333333,0.48507125,0.055555556,0.23570226,0.055555556,0.23570226
0575.jpg,3.2777777777777777,0.055555556,0.23570226,0.222222222,0.427792632,0.0,0.0,0.111111111,0.323380833,0.555555556,0.511309993,0.055555556,0.23570226,0.055555556,0.23570226
0448.jpg,2.7777777777777777,0.111111111,0.323380833,0.833333333,0.383482494,0.0,0.0,0.111111111,0.323380833,0.055555556,0.23570226,0.0,0.0,0.055555556,0.23570226
0604.jpg,3.388888888888889,0.055555556,0.23570226,0.333333333,0.48507125,0.0,0.0,0.166666667,0.383482494,0.277777778,0.460888599,0.0,0.0,0.0,0.0
01211.jpg,4.0,0.222222222,0.427792632,0.111111111,0.323380833,0.0,0.0,0.0,0.0,0.333333333,0.48507125,0.055555556,0.23570226,0.0,0.0
0194.jpg,1.8333333333333333,0.055555556,0.23570226,0.277777778,0.460888599,0.055555556,0.23570226,0.888888889,0.323380833,0.111111111,0.323380833,0.055555556,0.23570226,0.055555556,0.23570226
01315.jpg,3.333333333333333,0.388888889,0.501631326,0.444444444,0.511309993,0.0,0.0,0.222222222,0.427792632,0.277777778,0.460888599,0.055555556,0.23570226,0.055555556,0.23570226
32_11_04.bmp,2.333333333333333,0.611111111,0.501631326,0.444444444,0.511309993,0.055555556,0.23570226,0.055555556,0.23570226,0.333333333,0.48507125,0.055555556,0.23570226,0.0,0.0
0184.jpg,3.055555555555556,0.055555556,0.23570226,0.388888889,0.501631326,0.555555556,0.511309993,0.0,0.0,0.055555556,0.23570226,0.0,0.0,0.722222222,0.460888599
0871.jpg,3.6666666666666665,0.055555556,0.23570226,0.388888889,0.501631326,0.0,0.0,0.055555556,0.23570226,0.277777778,0.460888599,0.0,0.0,0.0,0.0
13_21_05.bmp,2.0,0.222222222,0.427792632,0.222222222,0.427792632,0.111111111,0.323380833,0.722222222,0.460888599,0.055555556,0.23570226,0.0,0.0,0.0,0.0
12_05_02.bmp,3.2222222222222223,0.333333333,0.48507125,0.555555556,0.511309993,0.111111111,0.323380833,0.0,0.0,0.055555556,0.23570226,0.055555556,0.23570226,0.055555556,0.23570226
31_25_04.bmp,2.1666666666666665,0.111111111,0.323380833,0.111111111,0.323380833,0.055555556,0.23570226,0.0,0.0,0.111111111,0.323380833,0.0,0.0,0.722222222,0.460888599
07_25_02.bmp,2.611111111111111,0.055555556,0.23570226,0.277777778,0.460888599,0.111111111,0.323380833,0.0,0.0,0.055555556,0.23570226,0.0,0.0,0.944444444,0.23570226
11_07_02.bmp,2.5,0.166666667,0.383482494,0.666666667,0.48507125,0.055555556,0.23570226,0.055555556,0.23570226,0.277777778,0.460888599,0.055555556,0.23570226,0.0,0.0
18_25_04.bmp,2.055555555555556,0.055555556,0.23570226,0.055555556,0.23570226,0.055555556,0.23570226,0.0,0.0,0.055555556,0.23570226,0.055555556,0.23570226,0.944444444,0.23570226
0112.jpg,2.5,0.055555556,0.23570226,0.5,0.514495755,0.944444444,0.23570226,0.055555556,0.23570226,0.055555556,0.23570226,0.055555556,0.23570226,0.055555556,0.23570226
08_01_03.bmp,3.7222222222222223,0.055555556,0.23570226,0.5,0.514495755,0.111111111,0.323380833,0.055555556,0.23570226,0.055555556,0.23570226,0.055555556,0.23570226,0.0,0.0
21_04_03.bmp,2.833333333333333,0.277777778,0.460888599,0.388888889,0.501631326,0.222222222,0.427792632,0.0,0.0,0.055555556,0.23570226,0.0,0.0,0.055555556,0.23570226
26_24_01.bmp,3.8333333333333335,0.111111111,0.323380833,0.388888889,0.501631326,0.166666667,0.383482494,0.0,0.0,0.055555556,0.23570226,0.0,0.0,0.111111111,0.323380833
0777.jpg,3.611111111111111,0.0,0.0,0.444444444,0.511309993,0.0,0.0,0.0,0.0,0.111111111,0.323380833,0.055555556,0.23570226,0.111111111,0.323380833
06_17_03.bmp,2.5,0.166666667,0.383482494,0.444444444,0.511309993,0.055555556,0.23570226,0.0,0.0,0.055555556,0.23570226,0.333333333,0.48507125,0.333333333,0.48507125
0891.jpg,3.8333333333333335,0.166666667,0.383482494,0.388888889,0.501631326,0.0,0.0,0.0,0.0,0.111111111,0.323380833,0.111111111,0.323380833,0.0,0.0
12_11_04.bmp,2.5,0.722222222,0.460888599,0.166666667,0.383482494,0.055555556,0.23570226,0.055555556,0.23570226,0.055555556,0.23570226,0.055555556,0.23570226,0.055555556,0.23570226
32_23_03.bmp,2.055555555555556,0.055555556,0.23570226,0.388888889,0.501631326,0.0,0.0,0.722222222,0.460888599,0.333333333,0.48507125,0.0,0.0,0.111111111,0.323380833
05_12_05.bmp,1.7777777777777777,0.833333333,0.383482494,0.333333333,0.48507125,0.166666667,0.383482494,0.0,0.0,0.055555556,0.23570226,0.055555556,0.23570226,0.111111111,0.323380833
02_03_04.bmp,1.8888888888888888,0.111111111,0.323380833,0.833333333,0.383482494,0.055555556,0.23570226,0.0,0.0,0.555555556,0.511309993,0.0,0.0,0.0,0.0
36_18_03.bmp,2.388888888888889,0.111111111,0.323380833,0.777777778,0.427792632,0.111111111,0.323380833,0.055555556,0.23570226,0.0,0.0,0.0,0.0,0.055555556,0.23570226
04_08_04.bmp,2.1666666666666665,0.611111111,0.501631326,0.722222222,0.460888599,0.166666667,0.383482494,0.0,0.0,0.277777778,0.460888599,0.111111111,0.323380833,0.055555556,0.23570226
37_12_02.bmp,3.333333333333333,0.611111111,0.501631326,0.444444444,0.511309993,0.0,0.0,0.0,0.0,0.111111111,0.323380833,0.055555556,0.23570226,0.055555556,0.23570226
09_19_01.bmp,3.5,0.166666667,0.383482494,0.444444444,0.511309993,0.111111111,0.323380833,0.055555556,0.23570226,0.111111111,0.323380833,0.055555556,0.23570226,0.055555556,0.23570226
01_02_01.bmp,3.055555555555556,0.111111111,0.323380833,0.666666667,0.48507125,0.111111111,0.323380833,0.0,0.0,0.0,0.0,0.055555556,0.23570226,0.055555556,0.23570226
15_21_01.bmp,2.5,0.055555556,0.23570226,0.277777778,0.460888599,0.833333333,0.383482494,0.0,0.0,0.166666667,0.383482494,0.0,0.0,0.055555556,0.23570226
0358.jpg,2.2222222222222223,0.055555556,0.23570226,0.888888889,0.323380833,0.055555556,0.23570226,0.111111111,0.323380833,0.055555556,0.23570226,0.0,0.0,0.0,0.0
27_10_03.bmp,2.7222222222222223,0.555555556,0.511309993,0.333333333,0.48507125,0.0,0.0,0.0,0.0,0.5,0.514495755,0.055555556,0.23570226,0.055555556,0.23570226
30_23_05.bmp,2.111111111111111,0.0,0.0,0.222222222,0.427792632,0.055555556,0.23570226,0.777777778,0.427792632,0.166666667,0.383482494,0.0,0.0,0.111111111,0.323380833
06_03_03.bmp,2.7222222222222223,0.111111111,0.323380833,0.777777778,0.427792632,0.055555556,0.23570226,0.0,0.0,0.055555556,0.23570226,0.055555556,0.23570226,0.111111111,0.323380833
32_02_02.bmp,2.5,0.0,0.0,0.722222222,0.460888599,0.166666667,0.383482494,0.0,0.0,0.5,0.514495755,0.055555556,0.23570226,0.0,0.0
0659.jpg,3.2777777777777777,0.111111111,0.323380833,0.5,0.514495755,0.055555556,0.23570226,0.055555556,0.23570226,0.0,0.0,0.0,0.0,0.055555556,0.23570226
07_05_04.bmp,1.8333333333333333,0.333333333,0.48507125,0.666666667,0.48507125,0.111111111,0.323380833,0.0,0.0,0.055555556,0.23570226,0.055555556,0.23570226,0.055555556,0.23570226
24_24_03.bmp,2.2777777777777777,0.166666667,0.383482494,0.833333333,0.383482494,0.0,0.0,0.0,0.0,0.0,0.0,0.0,0.0,0.0,0.0
33_03_04.bmp,2.6666666666666665,0.111111111,0.323380833,0.666666667,0.48507125,0.055555556,0.23570226,0.0,0.0,0.5,0.514495755,0.0,0.0,0.0,0.0
37_03_04.bmp,2.388888888888889,0.111111111,0.323380833,0.833333333,0.383482494,0.0,0.0,0.055555556,0.23570226,0.055555556,0.23570226,0.055555556,0.23570226,0.055555556,0.23570226
06_06_04.bmp,2.2222222222222223,0.555555556,0.511309993,0.166666667,0.383482494,0.277777778,0.460888599,0.055555556,0.23570226,0.0,0.0,0.222222222,0.427792632,0.055555556,0.23570226
0172.jpg,2.833333333333333,0.111111111,0.323380833,0.277777778,0.460888599,0.777777778,0.427792632,0.0,0.0,0.222222222,0.427792632,0.0,0.0,0.0,0.0
09_17_05.bmp,2.0,0.166666667,0.383482494,0.388888889,0.501631326,0.055555556,0.23570226,0.0,0.0,0.222222222,0.427792632,0.166666667,0.383482494,0.222222222,0.427792632
0600.jpg,3.1666666666666665,0.166666667,0.383482494,0.388888889,0.501631326,0.055555556,0.23570226,0.111111111,0.323380833,0.333333333,0.48507125,0.166666667,0.383482494,0.0,0.0
0408.jpg,2.5,0.055555556,0.23570226,0.833333333,0.383482494,0.055555556,0.23570226,0.055555556,0.23570226,0.055555556,0.23570226,0.0,0.0,0.055555556,0.23570226
34_13_02.bmp,3.111111111111111,0.166666667,0.383482494,0.388888889,0.501631326,0.277777778,0.460888599,0.055555556,0.23570226,0.0,0.0,0.0,0.0,0.055555556,0.23570226
09_16_03.bmp,2.9444444444444446,0.111111111,0.323380833,0.555555556,0.511309993,0.055555556,0.23570226,0.0,0.0,0.166666667,0.383482494,0.0,0.0,0.0,0.0
29_21_04.bmp,2.0,0.111111111,0.323380833,0.388888889,0.501631326,0.111111111,0.323380833,0.611111111,0.501631326,0.166666667,0.383482494,0.111111111,0.323380833,0.0,0.0
07_06_02.bmp,2.7222222222222223,0.388888889,0.501631326,0.5,0.514495755,0.111111111,0.323380833,0.0,0.0,0.166666667,0.383482494,0.111111111,0.323380833,0.055555556,0.23570226
0244.jpg,1.6666666666666667,0.222222222,0.427792632,0.333333333,0.48507125,0.0,0.0,0.888888889,0.323380833,0.055555556,0.23570226,0.055555556,0.23570226,0.055555556,0.23570226
0491.jpg,3.4444444444444446,0.055555556,0.23570226,0.333333333,0.48507125,0.055555556,0.23570226,0.055555556,0.23570226,0.722222222,0.460888599,0.055555556,0.23570226,0.055555556,0.23570226
04_20_05.bmp,1.9444444444444444,0.611111111,0.501631326,0.5,0.514495755,0.166666667,0.383482494,0.0,0.0,0.222222222,0.427792632,0.0,0.0,0.0,0.0
03_12_02.bmp,3.055555555555556,0.611111111,0.501631326,0.166666667,0.383482494,0.055555556,0.23570226,0.0,0.0,0.166666667,0.383482494,0.111111111,0.323380833,0.111111111,0.323380833
25_19_01.bmp,3.2222222222222223,0.166666667,0.383482494,0.611111111,0.501631326,0.055555556,0.23570226,0.0,0.0,0.111111111,0.323380833,0.0,0.0,0.111111111,0.323380833
06_18_04.bmp,2.2777777777777777,0.222222222,0.427792632,0.833333333,0.383482494,0.111111111,0.323380833,0.0,0.0,0.0,0.0,0.166666667,0.383482494,0.055555556,0.23570226
0493.jpg,2.9444444444444446,0.111111111,0.323380833,0.611111111,0.501631326,0.0,0.0,0.0,0.0,0.722222222,0.460888599,0.0,0.0,0.055555556,0.23570226
34_14_02.bmp,3.4444444444444446,0.111111111,0.323380833,0.5,0.514495755,0.166666667,0.383482494,0.0,0.0,0.0,0.0,0.0,0.0,0.055555556,0.23570226
02_04_01.bmp,3.611111111111111,0.055555556,0.23570226,0.277777778,0.460888599,0.055555556,0.23570226,0.0,0.0,0.5,0.514495755,0.0,0.0,0.0,0.0
29_07_05.bmp,1.3333333333333333,0.166666667,0.383482494,0.722222222,0.460888599,0.0,0.0,0.0,0.0,0.166666667,0.383482494,0.111111111,0.323380833,0.0,0.0
36_15_05.bmp,3.1666666666666665,0.055555556,0.23570226,0.388888889,0.501631326,0.277777778,0.460888599,0.222222222,0.427792632,0.0,0.0,0.055555556,0.23570226,0.055555556,0.23570226
0047.jpg,3.333333333333333,0.055555556,0.23570226,0.222222222,0.427792632,0.833333333,0.383482494,0.0,0.0,0.055555556,0.23570226,0.055555556,0.23570226,0.0,0.0
01453.jpg,3.333333333333333,0.111111111,0.323380833,0.666666667,0.48507125,0.111111111,0.323380833,0.0,0.0,0.0,0.0,0.0,0.0,0.055555556,0.23570226
17_06_03.bmp,2.2222222222222223,0.222222222,0.427792632,0.444444444,0.511309993,0.166666667,0.383482494,0.055555556,0.23570226,0.222222222,0.427792632,0.222222222,0.427792632,0.0,0.0
24_12_03.bmp,2.888888888888889,0.444444444,0.511309993,0.388888889,0.501631326,0.055555556,0.23570226,0.055555556,0.23570226,0.111111111,0.323380833,0.055555556,0.23570226,0.0,0.0
16_07_01.bmp,3.0,0.055555556,0.23570226,0.333333333,0.48507125,0.111111111,0.323380833,0.0,0.0,0.277777778,0.460888599,0.444444444,0.511309993,0.055555556,0.23570226
27_09_04.bmp,2.1666666666666665,0.666666667,0.48507125,0.333333333,0.48507125,0.0,0.0,0.0,0.0,0.388888889,0.501631326,0.055555556,0.23570226,0.111111111,0.323380833
37_04_03.bmp,2.888888888888889,0.277777778,0.460888599,0.5,0.514495755,0.222222222,0.427792632,0.055555556,0.23570226,0.111111111,0.323380833,0.166666667,0.383482494,0.0,0.0
04_17_05.bmp,2.0,0.111111111,0.323380833,0.666666667,0.48507125,0.166666667,0.383482494,0.0,0.0,0.277777778,0.460888599,0.111111111,0.323380833,0.222222222,0.427792632
31_18_01.bmp,3.111111111111111,0.166666667,0.383482494,0.611111111,0.501631326,0.055555556,0.23570226,0.0,0.0,0.277777778,0.460888599,0.055555556,0.23570226,0.055555556,0.23570226
08_03_03.bmp,3.611111111111111,0.055555556,0.23570226,0.611111111,0.501631326,0.055555556,0.23570226,0.0,0.0,0.111111111,0.323380833,0.0,0.0,0.055555556,0.23570226
01_16_04.bmp,1.8333333333333333,0.388888889,0.501631326,0.833333333,0.383482494,0.0,0.0,0.111111111,0.323380833,0.055555556,0.23570226,0.0,0.0,0.111111111,0.323380833
20_18_02.bmp,2.5,0.166666667,0.383482494,0.722222222,0.460888599,0.111111111,0.323380833,0.0,0.0,0.111111111,0.323380833,0.055555556,0.23570226,0.055555556,0.23570226
21_15_05.bmp,2.7777777777777777,0.166666667,0.383482494,0.444444444,0.511309993,0.055555556,0.23570226,0.444444444,0.511309993,0.0,0.0,0.0,0.0,0.0,0.0
13_16_04.bmp,2.111111111111111,0.166666667,0.383482494,0.777777778,0.427792632,0.0,0.0,0.055555556,0.23570226,0.166666667,0.383482494,0.055555556,0.23570226,0.055555556,0.23570226
28_17_05.bmp,2.2222222222222223,0.055555556,0.23570226,0.5,0.514495755,0.111111111,0.323380833,0.055555556,0.23570226,0.277777778,0.460888599,0.166666667,0.383482494,0.166666667,0.383482494
31_12_01.bmp,3.388888888888889,0.333333333,0.48507125,0.277777778,0.460888599,0.055555556,0.23570226,0.0,0.0,0.222222222,0.427792632,0.0,0.0,0.055555556,0.23570226
0622.jpg,3.1666666666666665,0.055555556,0.23570226,0.555555556,0.511309993,0.055555556,0.23570226,0.166666667,0.383482494,0.055555556,0.23570226,0.055555556,0.23570226,0.111111111,0.323380833
0946.jpg,2.833333333333333,0.111111111,0.323380833,0.5,0.514495755,0.055555556,0.23570226,0.666666667,0.48507125,0.166666667,0.383482494,0.0,0.0,0.055555556,0.23570226
24_07_03.bmp,2.4444444444444446,0.111111111,0.323380833,0.888888889,0.323380833,0.055555556,0.23570226,0.0,0.0,0.0,0.0,0.055555556,0.23570226,0.0,0.0
32_17_04.bmp,2.055555555555556,0.0,0.0,0.666666667,0.48507125,0.055555556,0.23570226,0.0,0.0,0.555555556,0.511309993,0.166666667,0.383482494,0.166666667,0.383482494
22_19_04.bmp,2.111111111111111,0.111111111,0.323380833,0.611111111,0.501631326,0.444444444,0.511309993,0.055555556,0.23570226,0.111111111,0.323380833,0.055555556,0.23570226,0.0,0.0
18_21_01.bmp,2.611111111111111,0.111111111,0.323380833,0.166666667,0.383482494,0.833333333,0.383482494,0.055555556,0.23570226,0.0,0.0,0.0,0.0,0.055555556,0.23570226
0941.jpg,2.6666666666666665,0.111111111,0.323380833,0.333333333,0.48507125,0.0,0.0,0.666666667,0.48507125,0.166666667,0.383482494,0.0,0.0,0.055555556,0.23570226
16_03_05.bmp,1.7222222222222223,0.0,0.0,0.833333333,0.383482494,0.0,0.0,0.055555556,0.23570226,0.388888889,0.501631326,0.444444444,0.511309993,0.0,0.0
10_17_03.bmp,2.7777777777777777,0.0,0.0,0.555555556,0.511309993,0.0,0.0,0.055555556,0.23570226,0.388888889,0.501631326,0.277777778,0.460888599,0.166666667,0.383482494
30_21_04.bmp,2.1666666666666665,0.166666667,0.383482494,0.277777778,0.460888599,0.055555556,0.23570226,0.722222222,0.460888599,0.166666667,0.383482494,0.0,0.0,0.0,0.0
18_04_01.bmp,3.5,0.111111111,0.323380833,0.555555556,0.511309993,0.111111111,0.323380833,0.0,0.0,0.055555556,0.23570226,0.055555556,0.23570226,0.055555556,0.23570226
0599.jpg,3.2777777777777777,0.055555556,0.23570226,0.388888889,0.501631326,0.0,0.0,0.166666667,0.383482494,0.5,0.514495755,0.111111111,0.323380833,0.055555556,0.23570226
22_20_03.bmp,2.055555555555556,0.388888889,0.501631326,0.333333333,0.48507125,0.222222222,0.427792632,0.333333333,0.48507125,0.111111111,0.323380833,0.111111111,0.323380833,0.0,0.0
35_11_02.bmp,2.888888888888889,0.777777778,0.427792632,0.277777778,0.460888599,0.055555556,0.23570226,0.0,0.0,0.055555556,0.23570226,0.055555556,0.23570226,0.055555556,0.23570226
33_22_03.bmp,2.7222222222222223,0.111111111,0.323380833,0.722222222,0.460888599,0.0,0.0,0.0,0.0,0.444444444,0.511309993,0.0,0.0,0.0,0.0
08_20_04.bmp,1.9444444444444444,0.555555556,0.511309993,0.166666667,0.383482494,0.277777778,0.460888599,0.277777778,0.460888599,0.111111111,0.323380833,0.111111111,0.323380833,0.0,0.0
04_06_01.bmp,3.1666666666666665,0.166666667,0.383482494,0.555555556,0.511309993,0.166666667,0.383482494,0.0,0.0,0.222222222,0.427792632,0.166666667,0.383482494,0.111111111,0.323380833
10_23_04.bmp,2.2777777777777777,0.055555556,0.23570226,0.222222222,0.427792632,0.0,0.0,0.833333333,0.383482494,0.388888889,0.501631326,0.111111111,0.323380833,0.055555556,0.23570226
23_21_03.bmp,2.611111111111111,0.055555556,0.23570226,0.388888889,0.501631326,0.611111111,0.501631326,0.055555556,0.23570226,0.055555556,0.23570226,0.055555556,0.23570226,0.0,0.0
23_04_01.bmp,3.4444444444444446,0.055555556,0.23570226,0.333333333,0.48507125,0.055555556,0.23570226,0.055555556,0.23570226,0.277777778,0.460888599,0.0,0.0,0.0,0.0
22_10_03.bmp,2.4444444444444446,0.777777778,0.427792632,0.333333333,0.48507125,0.0,0.0,0.0,0.0,0.222222222,0.427792632,0.166666667,0.383482494,0.0,0.0
33_05_04.bmp,2.2777777777777777,0.222222222,0.427792632,0.722222222,0.460888599,0.111111111,0.323380833,0.055555556,0.23570226,0.444444444,0.511309993,0.0,0.0,0.0,0.0
13_12_04.bmp,2.611111111111111,0.777777778,0.427792632,0.222222222,0.427792632,0.055555556,0.23570226,0.0,0.0,0.277777778,0.460888599,0.0,0.0,0.055555556,0.23570226
02_13_03.bmp,3.055555555555556,0.0,0.0,0.222222222,0.427792632,0.388888889,0.501631326,0.0,0.0,0.5,0.514495755,0.111111111,0.323380833,0.111111111,0.323380833
0670.jpg,3.4444444444444446,0.055555556,0.23570226,0.277777778,0.460888599,0.0,0.0,0.111111111,0.323380833,0.277777778,0.460888599,0.055555556,0.23570226,0.055555556,0.23570226
0229.jpg,1.6666666666666667,0.166666667,0.383482494,0.277777778,0.460888599,0.055555556,0.23570226,0.944444444,0.23570226,0.0,0.0,0.0,0.0,0.055555556,0.23570226
27_21_02.bmp,2.2222222222222223,0.222222222,0.427792632,0.166666667,0.383482494,0.388888889,0.501631326,0.222222222,0.427792632,0.277777778,0.460888599,0.111111111,0.323380833,0.0,0.0
23_17_05.bmp,2.5,0.055555556,0.23570226,0.555555556,0.511309993,0.0,0.0,0.0,0.0,0.388888889,0.501631326,0.166666667,0.383482494,0.166666667,0.383482494
12_21_03.bmp,2.9444444444444446,0.111111111,0.323380833,0.055555556,0.23570226,0.666666667,0.48507125,0.0,0.0,0.055555556,0.23570226,0.0,0.0,0.055555556,0.23570226
0616.jpg,3.555555555555556,0.111111111,0.323380833,0.333333333,0.48507125,0.0,0.0,0.222222222,0.427792632,0.055555556,0.23570226,0.055555556,0.23570226,0.055555556,0.23570226
07_21_03.bmp,2.388888888888889,0.055555556,0.23570226,0.388888889,0.501631326,0.666666667,0.48507125,0.111111111,0.323380833,0.0,0.0,0.055555556,0.23570226,0.055555556,0.23570226
04_15_03.bmp,2.7777777777777777,0.111111111,0.323380833,0.611111111,0.501631326,0.333333333,0.48507125,0.055555556,0.23570226,0.111111111,0.323380833,0.0,0.0,0.0,0.0
0355.jpg,3.2777777777777777,0.111111111,0.323380833,0.833333333,0.383482494,0.0,0.0,0.055555556,0.23570226,0.0,0.0,0.055555556,0.23570226,0.0,0.0
05_15_04.bmp,3.2777777777777777,0.111111111,0.323380833,0.333333333,0.48507125,0.111111111,0.323380833,0.0,0.0,0.055555556,0.23570226,0.055555556,0.23570226,0.111111111,0.323380833
02_03_03.bmp,2.5,0.055555556,0.23570226,0.777777778,0.427792632,0.0,0.0,0.0,0.0,0.611111111,0.501631326,0.0,0.0,0.0,0.0
02_24_01.bmp,2.888888888888889,0.111111111,0.323380833,0.555555556,0.511309993,0.0,0.0,0.111111111,0.323380833,0.333333333,0.48507125,0.055555556,0.23570226,0.111111111,0.323380833
16_20_05.bmp,1.7777777777777777,0.555555556,0.511309993,0.166666667,0.383482494,0.333333333,0.48507125,0.222222222,0.427792632,0.277777778,0.460888599,0.277777778,0.460888599,0.055555556,0.23570226
0401.jpg,2.6666666666666665,0.111111111,0.323380833,0.777777778,0.427792632,0.0,0.0,0.111111111,0.323380833,0.0,0.0,0.0,0.0,0.055555556,0.23570226
29_18_03.bmp,3.055555555555556,0.111111111,0.323380833,0.666666667,0.48507125,0.0,0.0,0.0,0.0,0.111111111,0.323380833,0.111111111,0.323380833,0.0,0.0
30_07_02.bmp,3.0,0.277777778,0.460888599,0.5,0.514495755,0.0,0.0,0.055555556,0.23570226,0.333333333,0.48507125,0.111111111,0.323380833,0.0,0.0
14_10_05.bmp,2.111111111111111,0.777777778,0.427792632,0.333333333,0.48507125,0.055555556,0.23570226,0.055555556,0.23570226,0.055555556,0.23570226,0.055555556,0.23570226,0.0,0.0
14_05_01.bmp,3.6666666666666665,0.055555556,0.23570226,0.388888889,0.501631326,0.111111111,0.323380833,0.055555556,0.23570226,0.0,0.0,0.111111111,0.323380833,0.111111111,0.323380833
30_02_01.bmp,3.4444444444444446,0.055555556,0.23570226,0.277777778,0.460888599,0.0,0.0,0.0,0.0,0.333333333,0.48507125,0.055555556,0.23570226,0.055555556,0.23570226
33_10_02.bmp,3.0,0.555555556,0.511309993,0.444444444,0.511309993,0.0,0.0,0.0,0.0,0.5,0.514495755,0.0,0.0,0.055555556,0.23570226
18_14_04.bmp,2.1666666666666665,0.166666667,0.383482494,0.222222222,0.427792632,0.166666667,0.383482494,0.611111111,0.501631326,0.0,0.0,0.055555556,0.23570226,0.055555556,0.23570226
25_09_04.bmp,2.2777777777777777,0.777777778,0.427792632,0.333333333,0.48507125,0.111111111,0.323380833,0.0,0.0,0.166666667,0.383482494,0.055555556,0.23570226,0.055555556,0.23570226
0252.jpg,1.4444444444444444,0.111111111,0.323380833,0.444444444,0.511309993,0.0,0.0,1.0,0.0,0.055555556,0.23570226,0.0,0.0,0.0,0.0
0046.jpg,3.2222222222222223,0.055555556,0.23570226,0.277777778,0.460888599,0.833333333,0.383482494,0.0,0.0,0.111111111,0.323380833,0.0,0.0,0.0,0.0
30_20_01.bmp,2.9444444444444446,0.222222222,0.427792632,0.388888889,0.501631326,0.055555556,0.23570226,0.166666667,0.383482494,0.277777778,0.460888599,0.0,0.0,0.0,0.0
1000.jpg,3.388888888888889,0.111111111,0.323380833,0.277777778,0.460888599,0.0,0.0,0.666666667,0.48507125,0.388888889,0.501631326,0.0,0.0,0.0,0.0
20_12_01.bmp,3.2777777777777777,0.444444444,0.511309993,0.277777778,0.460888599,0.055555556,0.23570226,0.055555556,0.23570226,0.166666667,0.383482494,0.111111111,0.323380833,0.0,0.0
0359.jpg,2.1666666666666665,0.055555556,0.23570226,0.944444444,0.23570226,0.0,0.0,0.055555556,0.23570226,0.055555556,0.23570226,0.0,0.0,0.055555556,0.23570226
