filename,mos,noise_mean,noise_std,blur_mean,blur_std,overexposure_mean,overexposure_std,lowlight_mean,lowlight_std,warp_mean,warp_std,stain_mean,stain_std,occlusion_mean,occlusion_std
21_25_04.bmp,2.0,0.055555556,0.23570226,0.111111111,0.323380833,0.0,0.0,0.055555556,0.23570226,0.0,0.0,0.0,0.0,0.833333333,0.383482494
0653.jpg,3.055555555555556,0.0,0.0,0.388888889,0.501631326,0.0,0.0,0.055555556,0.23570226,0.055555556,0.23570226,0.111111111,0.323380833,0.777777778,0.427792632
07_20_01.bmp,2.611111111111111,0.611111111,0.501631326,0.444444444,0.511309993,0.111111111,0.323380833,0.0,0.0,0.111111111,0.323380833,0.055555556,0.23570226,0.055555556,0.23570226
35_05_04.bmp,1.5555555555555556,0.388888889,0.501631326,0.777777778,0.427792632,0.111111111,0.323380833,0.0,0.0,0.0,0.0,0.0,0.0,0.111111111,0.323380833
01192.jpg,3.2222222222222223,0.333333333,0.48507125,0.222222222,0.427792632,0.0,0.0,0.0,0.0,0.222222222,0.427792632,0.055555556,0.23570226,0.833333333,0.383482494
20_16_05.bmp,1.5,0.111111111,0.323380833,0.888888889,0.323380833,0.055555556,0.23570226,0.0,0.0,0.055555556,0.23570226,0.055555556,0.23570226,0.0,0.0
11_09_01.bmp,3.055555555555556,0.555555556,0.511309993,0.333333333,0.48507125,0.0,0.0,0.111111111,0.323380833,0.277777778,0.460888599,0.055555556,0.23570226,0.0,0.0
01179.jpg,3.6666666666666665,0.277777778,0.460888599,0.5,0.514495755,0.055555556,0.23570226,0.0,0.0,0.0,0.0,0.0,0.0,0.0,0.0
02_09_05.bmp,2.055555555555556,0.888888889,0.323380833,0.388888889,0.501631326,0.0,0.0,0.0,0.0,0.388888889,0.501631326,0.111111111,0.323380833,0.055555556,0.23570226
0211.jpg,2.333333333333333,0.166666667,0.383482494,0.388888889,0.501631326,0.055555556,0.23570226,0.722222222,0.460888599,0.222222222,0.427792632,0.111111111,0.323380833,0.0,0.0
37_03_03.bmp,2.9444444444444446,0.111111111,0.323380833,0.666666667,0.48507125,0.0,0.0,0.055555556,0.23570226,0.055555556,0.23570226,0.111111111,0.323380833,0.0,0.0
19_03_04.bmp,2.1666666666666665,0.055555556,0.23570226,0.777777778,0.427792632,0.0,0.0,0.055555556,0.23570226,0.055555556,0.23570226,0.111111111,0.323380833,0.0,0.0
07_15_03.bmp,3.055555555555556,0.166666667,0.383482494,0.388888889,0.501631326,0.166666667,0.383482494,0.055555556,0.23570226,0.111111111,0.323380833,0.055555556,0.23570226,0.055555556,0.23570226
02_22_04.bmp,1.8888888888888888,0.444444444,0.511309993,0.777777778,0.427792632,0.0,0.0,0.055555556,0.23570226,0.333333333,0.48507125,0.111111111,0.323380833,0.0,0.0
30_17_03.bmp,2.388888888888889,0.166666667,0.383482494,0.444444444,0.511309993,0.0,0.0,0.055555556,0.23570226,0.444444444,0.511309993,0.111111111,0.323380833,0.166666667,0.383482494
0960.jpg,3.111111111111111,0.055555556,0.23570226,0.388888889,0.501631326,0.0,0.0,0.666666667,0.48507125,0.055555556,0.23570226,0.055555556,0.23570226,0.0,0.0
03_09_01.bmp,3.0,0.611111111,0.501631326,0.277777778,0.460888599,0.055555556,0.23570226,0.055555556,0.23570226,0.111111111,0.323380833,0.0,0.0,0.055555556,0.23570226
06_16_05.bmp,1.5555555555555556,0.333333333,0.48507125,0.666666667,0.48507125,0.0,0.0,0.055555556,0.23570226,0.0,0.0,0.111111111,0.323380833,0.0,0.0
29_23_02.bmp,2.7777777777777777,0.111111111,0.323380833,0.222222222,0.427792632,0.055555556,0.23570226,0.722222222,0.460888599,0.055555556,0.23570226,0.166666667,0.383482494,0.111111111,0.323380833
0715.jpg,3.555555555555556,0.055555556,0.23570226,0.333333333,0.48507125,0.0,0.0,0.055555556,0.23570226,0.277777778,0.460888599,0.111111111,0.323380833,0.055555556,0.23570226
09_09_03.bmp,2.7222222222222223,0.722222222,0.460888599,0.388888889,0.501631326,0.055555556,0.23570226,0.0,0.0,0.222222222,0.427792632,0.055555556,0.23570226,0.0,0.0
35_13_02.bmp,2.7222222222222223,0.111111111,0.323380833,0.444444444,0.511309993,0.388888889,0.501631326,0.0,0.0,0.055555556,0.23570226,0.0,0.0,0.111111111,0.323380833
12_17_01.bmp,3.333333333333333,0.277777778,0.460888599,0.333333333,0.48507125,0.055555556,0.23570226,0.0,0.0,0.166666667,0.383482494,0.0,0.0,0.166666667,0.383482494
34_18_02.bmp,2.111111111111111,0.111111111,0.323380833,0.888888889,0.323380833,0.166666667,0.383482494,0.0,0.0,0.055555556,0.23570226,0.055555556,0.23570226,0.055555556,0.23570226
12_01_02.bmp,3.7222222222222223,0.111111111,0.323380833,0.222222222,0.427792632,0.222222222,0.427792632,0.0,0.0,0.111111111,0.323380833,0.055555556,0.23570226,0.055555556,0.23570226
01279.jpg,3.0,0.0,0.0,0.611111111,0.501631326,0.0,0.0,0.055555556,0.23570226,0.388888889,0.501631326,0.444444444,0.511309993,0.222222222,0.427792632
12_06_03.bmp,2.611111111111111,0.333333333,0.48507125,0.166666667,0.383482494,0.277777778,0.460888599,0.0,0.0,0.0,0.0,0.166666667,0.383482494,0.055555556,0.23570226
32_08_04.bmp,2.1666666666666665,0.166666667,0.383482494,0.666666667,0.48507125,0.055555556,0.23570226,0.111111111,0.323380833,0.444444444,0.511309993,0.111111111,0.323380833,0.055555556,0.23570226
01_19_02.bmp,3.2777777777777777,0.111111111,0.323380833,0.666666667,0.48507125,0.166666667,0.383482494,0.0,0.0,0.0,0.0,0.0,0.0,0.055555556,0.23570226
0874.jpg,3.611111111111111,0.055555556,0.23570226,0.444444444,0.511309993,0.055555556,0.23570226,0.0,0.0,0.111111111,0.323380833,0.055555556,0.23570226,0.0,0.0
12_22_01.bmp,3.2222222222222223,0.166666667,0.383482494,0.444444444,0.511309993,0.222222222,0.427792632,0.111111111,0.323380833,0.0,0.0,0.0,0.0,0.055555556,0.23570226
36_08_04.bmp,2.388888888888889,0.111111111,0.323380833,0.666666667,0.48507125,0.055555556,0.23570226,0.0,0.0,0.0,0.0,0.055555556,0.23570226,0.055555556,0.23570226
0079.jpg,2.2222222222222223,0.055555556,0.23570226,0.555555556,0.511309993,0.777777778,0.427792632,0.0,0.0,0.055555556,0.23570226,0.055555556,0.23570226,0.166666667,0.383482494
34_17_04.bmp,2.333333333333333,0.111111111,0.323380833,0.555555556,0.511309993,0.166666667,0.383482494,0.0,0.0,0.111111111,0.323380833,0.166666667,0.383482494,0.222222222,0.427792632
08_10_02.bmp,3.611111111111111,0.444444444,0.511309993,0.111111111,0.323380833,0.055555556,0.23570226,0.055555556,0.23570226,0.055555556,0.23570226,0.0,0.0,0.0,0.0
01184.jpg,3.8333333333333335,0.277777778,0.460888599,0.055555556,0.23570226,0.055555556,0.23570226,0.388888889,0.501631326,0.277777778,0.460888599,0.0,0.0,0.0,0.0
0959.jpg,3.388888888888889,0.055555556,0.23570226,0.111111111,0.323380833,0.0,0.0,0.722222222,0.460888599,0.166666667,0.383482494,0.055555556,0.23570226,0.0,0.0
01176.jpg,3.111111111111111,0.277777778,0.460888599,0.666666667,0.48507125,0.5,0.514495755,0.0,0.0,0.111111111,0.323380833,0.222222222,0.427792632,0.166666667,0.383482494
35_20_02.bmp,2.2222222222222223,0.166666667,0.383482494,0.611111111,0.501631326,0.277777778,0.460888599,0.166666667,0.383482494,0.0,0.0,0.0,0.0,0.0,0.0
28_19_03.bmp,2.7777777777777777,0.111111111,0.323380833,0.555555556,0.511309993,0.277777778,0.460888599,0.055555556,0.23570226,0.222222222,0.427792632,0.055555556,0.23570226,0.0,0.0
35_25_04.bmp,2.1666666666666665,0.055555556,0.23570226,0.333333333,0.48507125,0.055555556,0.23570226,0.055555556,0.23570226,0.0,0.0,0.055555556,0.23570226,0.944444444,0.23570226
31_07_02.bmp,2.4444444444444446,0.055555556,0.23570226,0.777777778,0.427792632,0.055555556,0.23570226,0.055555556,0.23570226,0.277777778,0.460888599,0.055555556,0.23570226,0.055555556,0.23570226
22_12_01.bmp,3.388888888888889,0.333333333,0.48507125,0.444444444,0.511309993,0.0,0.0,0.0,0.0,0.166666667,0.383482494,0.111111111,0.323380833,0.0,0.0
02_10_01.bmp,3.2222222222222223,0.333333333,0.48507125,0.277777778,0.460888599,0.055555556,0.23570226,0.0,0.0,0.5,0.514495755,0.055555556,0.23570226,0.0,0.0
04_02_01.bmp,2.888888888888889,0.111111111,0.323380833,0.666666667,0.48507125,0.166666667,0.383482494,0.0,0.0,0.166666667,0.383482494,0.0,0.0,0.055555556,0.23570226
13_21_02.bmp,2.833333333333333,0.111111111,0.323380833,0.277777778,0.460888599,0.5,0.514495755,0.0,0.0,0.111111111,0.323380833,0.055555556,0.23570226,0.055555556,0.23570226
01254.jpg,3.8333333333333335,0.111111111,0.323380833,0.111111111,0.323380833,0.055555556,0.23570226,0.0,0.0,0.388888889,0.501631326,0.0,0.0,0.5,0.514495755
1022.jpg,3.388888888888889,0.111111111,0.323380833,0.5,0.514495755,0.0,0.0,0.166666667,0.383482494,0.166666667,0.383482494,0.055555556,0.23570226,0.055555556,0.23570226
29_09_03.bmp,2.7222222222222223,0.722222222,0.460888599,0.277777778,0.460888599,0.0,0.0,0.055555556,0.23570226,0.111111111,0.323380833,0.111111111,0.323380833,0.0,0.0
0216.jpg,1.4444444444444444,0.222222222,0.427792632,0.444444444,0.511309993,0.0,0.0,0.833333333,0.383482494,0.055555556,0.23570226,0.055555556,0.23570226,0.055555556,0.23570226
35_10_01.bmp,3.0,0.5,0.514495755,0.5,0.514495755,0.055555556,0.23570226,0.055555556,0.23570226,0.0,0.0,0.0,0.0,0.055555556,0.23570226
05_04_03.bmp,2.611111111111111,0.222222222,0.427792632,0.388888889,0.501631326,0.222222222,0.427792632,0.0,0.0,0.0,0.0,0.277777778,0.460888599,0.055555556,0.23570226
36_11_03.bmp,2.388888888888889,0.944444444,0.23570226,0.388888889,0.501631326,0.111111111,0.323380833,0.0,0.0,0.055555556,0.23570226,0.055555556,0.23570226,0.055555556,0.23570226
08_08_05.bmp,2.1666666666666665,0.444444444,0.511309993,0.611111111,0.501631326,0.055555556,0.23570226,0.166666667,0.383482494,0.0,0.0,0.055555556,0.23570226,0.111111111,0.323380833
05_20_03.bmp,2.055555555555556,0.722222222,0.460888599,0.333333333,0.48507125,0.166666667,0.383482494,0.111111111,0.323380833,0.055555556,0.23570226,0.0,0.0,0.055555556,0.23570226
32_05_02.bmp,2.5,0.166666667,0.383482494,0.666666667,0.48507125,0.111111111,0.323380833,0.111111111,0.323380833,0.444444444,0.511309993,0.055555556,0.23570226,0.0,0.0
25_18_05.bmp,1.5555555555555556,0.055555556,0.23570226,0.833333333,0.383482494,0.055555556,0.23570226,0.055555556,0.23570226,0.166666667,0.383482494,0.111111111,0.323380833,0.055555556,0.23570226
19_14_02.bmp,3.1666666666666665,0.111111111,0.323380833,0.111111111,0.323380833,0.055555556,0.23570226,0.333333333,0.48507125,0.111111111,0.323380833,0.111111111,0.323380833,0.055555556,0.23570226
0654.jpg,3.611111111111111,0.055555556,0.23570226,0.5,0.514495755,0.055555556,0.23570226,0.111111111,0.323380833,0.055555556,0.23570226,0.0,0.0,0.055555556,0.23570226
20_23_02.bmp,2.7777777777777777,0.111111111,0.323380833,0.166666667,0.383482494,0.0,0.0,0.722222222,0.460888599,0.111111111,0.323380833,0.0,0.0,0.111111111,0.323380833
0019.jpg,2.9444444444444446,0.055555556,0.23570226,0.444444444,0.511309993,0.833333333,0.383482494,0.0,0.0,0.055555556,0.23570226,0.055555556,0.23570226,0.0,0.0
05_04_02.bmp,3.2777777777777777,0.222222222,0.427792632,0.388888889,0.501631326,0.166666667,0.383482494,0.0,0.0,0.0,0.0,0.166666667,0.383482494,0.111111111,0.323380833
07_05_03.bmp,2.2222222222222223,0.277777778,0.460888599,0.722222222,0.460888599,0.055555556,0.23570226,0.0,0.0,0.111111111,0.323380833,0.111111111,0.323380833,0.111111111,0.323380833
33_20_01.bmp,2.833333333333333,0.333333333,0.48507125,0.444444444,0.511309993,0.111111111,0.323380833,0.111111111,0.323380833,0.388888889,0.501631326,0.055555556,0.23570226,0.0,0.0
0876.jpg,3.6666666666666665,0.055555556,0.23570226,0.5,0.514495755,0.0,0.0,0.055555556,0.23570226,0.111111111,0.323380833,0.055555556,0.23570226,0.0,0.0
04_25_04.bmp,2.2222222222222223,0.166666667,0.383482494,0.388888889,0.501631326,0.111111111,0.323380833,0.0,0.0,0.111111111,0.323380833,0.0,0.0,0.888888889,0.323380833
13_14_01.bmp,3.8333333333333335,0.111111111,0.323380833,0.222222222,0.427792632,0.111111111,0.323380833,0.111111111,0.323380833,0.111111111,0.323380833,0.055555556,0.23570226,0.055555556,0.23570226
22_10_04.bmp,2.111111111111111,0.777777778,0.427792632,0.388888889,0.501631326,0.0,0.0,0.055555556,0.23570226,0.166666667,0.383482494,0.111111111,0.323380833,0.0,0.0
30_09_05.bmp,2.388888888888889,0.833333333,0.383482494,0.222222222,0.427792632,0.0,0.0,0.0,0.0,0.222222222,0.427792632,0.055555556,0.23570226,0.055555556,0.23570226
33_25_01.bmp,3.388888888888889,0.055555556,0.23570226,0.166666667,0.383482494,0.0,0.0,0.055555556,0.23570226,0.333333333,0.48507125,0.055555556,0.23570226,0.555555556,0.511309993
27_01_01.bmp,3.111111111111111,0.0,0.0,0.388888889,0.501631326,0.055555556,0.23570226,0.055555556,0.23570226,0.611111111,0.501631326,0.0,0.0,0.0,0.0
14_05_01.bmp,3.6666666666666665,0.055555556,0.23570226,0.388888889,0.501631326,0.111111111,0.323380833,0.055555556,0.23570226,0.0,0.0,0.111111111,0.323380833,0.111111111,0.323380833
26_22_05.bmp,1.8333333333333333,0.277777778,0.460888599,0.722222222,0.460888599,0.111111111,0.323380833,0.111111111,0.323380833,0.055555556,0.23570226,0.0,0.0,0.0,0.0
01_16_04.bmp,1.8333333333333333,0.388888889,0.501631326,0.833333333,0.383482494,0.0,0.0,0.111111111,0.323380833,0.055555556,0.23570226,0.0,0.0,0.111111111,0.323380833
19_05_02.bmp,2.9444444444444446,0.222222222,0.427792632,0.611111111,0.501631326,0.166666667,0.383482494,0.0,0.0,0.111111111,0.323380833,0.055555556,0.23570226,0.111111111,0.323380833
22_24_03.bmp,2.111111111111111,0.055555556,0.23570226,0.833333333,0.383482494,0.055555556,0.23570226,0.0,0.0,0.111111111,0.323380833,0.055555556,0.23570226,0.0,0.0
0160.jpg,2.6666666666666665,0.055555556,0.23570226,0.444444444,0.511309993,0.888888889,0.323380833,0.0,0.0,0.166666667,0.383482494,0.0,0.0,0.055555556,0.23570226
0284.jpg,2.055555555555556,0.111111111,0.323380833,0.277777778,0.460888599,0.055555556,0.23570226,0.888888889,0.323380833,0.111111111,0.323380833,0.0,0.0,0.055555556,0.23570226
01252.jpg,3.388888888888889,0.444444444,0.511309993,0.388888889,0.501631326,0.055555556,0.23570226,0.055555556,0.23570226,0.111111111,0.323380833,0.0,0.0,0.0,0.0
17_04_01.bmp,3.388888888888889,0.222222222,0.427792632,0.444444444,0.511309993,0.0,0.0,0.055555556,0.23570226,0.166666667,0.383482494,0.055555556,0.23570226,0.055555556,0.23570226
0873.jpg,3.611111111111111,0.111111111,0.323380833,0.444444444,0.511309993,0.0,0.0,0.0,0.0,0.222222222,0.427792632,0.0,0.0,0.0,0.0
0687.jpg,2.9444444444444446,0.055555556,0.23570226,0.444444444,0.511309993,0.0,0.0,0.166666667,0.383482494,0.222222222,0.427792632,0.055555556,0.23570226,0.055555556,0.23570226
17_04_03.bmp,2.2777777777777777,0.166666667,0.383482494,0.333333333,0.48507125,0.222222222,0.427792632,0.111111111,0.323380833,0.166666667,0.383482494,0.166666667,0.383482494,0.055555556,0.23570226
22_25_04.bmp,2.2777777777777777,0.111111111,0.323380833,0.166666667,0.383482494,0.0,0.0,0.055555556,0.23570226,0.0,0.0,0.0,0.0,0.833333333,0.383482494
37_23_05.bmp,1.8888888888888888,0.0,0.0,0.277777778,0.460888599,0.055555556,0.23570226,0.777777778,0.427792632,0.055555556,0.23570226,0.055555556,0.23570226,0.111111111,0.323380833
32_08_01.bmp,3.0,0.0,0.0,0.611111111,0.501631326,0.111111111,0.323380833,0.055555556,0.23570226,0.333333333,0.48507125,0.111111111,0.323380833,0.0,0.0
29_20_01.bmp,2.833333333333333,0.277777778,0.460888599,0.333333333,0.48507125,0.111111111,0.323380833,0.222222222,0.427792632,0.166666667,0.383482494,0.111111111,0.323380833,0.055555556,0.23570226
05_06_05.bmp,1.5555555555555556,0.5,0.514495755,0.388888889,0.501631326,0.333333333,0.48507125,0.0,0.0,0.055555556,0.23570226,0.277777778,0.460888599,0.055555556,0.23570226
31_05_05.bmp,1.6666666666666667,0.277777778,0.460888599,0.777777778,0.427792632,0.111111111,0.323380833,0.0,0.0,0.222222222,0.427792632,0.055555556,0.23570226,0.111111111,0.323380833
27_16_03.bmp,2.7777777777777777,0.166666667,0.383482494,0.666666667,0.48507125,0.0,0.0,0.055555556,0.23570226,0.388888889,0.501631326,0.055555556,0.23570226,0.055555556,0.23570226
17_09_01.bmp,2.888888888888889,0.722222222,0.460888599,0.222222222,0.427792632,0.055555556,0.23570226,0.0,0.0,0.166666667,0.383482494,0.055555556,0.23570226,0.0,0.0
02_23_01.bmp,2.9444444444444446,0.111111111,0.323380833,0.111111111,0.323380833,0.0,0.0,0.777777778,0.427792632,0.333333333,0.48507125,0.111111111,0.323380833,0.0,0.0
03_04_04.bmp,3.1666666666666665,0.277777778,0.460888599,0.222222222,0.427792632,0.111111111,0.323380833,0.0,0.0,0.166666667,0.383482494,0.222222222,0.427792632,0.055555556,0.23570226
30_02_05.bmp,1.6111111111111112,0.0,0.0,0.888888889,0.323380833,0.055555556,0.23570226,0.055555556,0.23570226,0.277777778,0.460888599,0.0,0.0,0.0,0.0
0928.jpg,2.833333333333333,0.055555556,0.23570226,0.555555556,0.511309993,0.0,0.0,0.666666667,0.48507125,0.222222222,0.427792632,0.0,0.0,0.055555556,0.23570226
10_06_02.bmp,2.5,0.333333333,0.48507125,0.555555556,0.511309993,0.111111111,0.323380833,0.055555556,0.23570226,0.277777778,0.460888599,0.333333333,0.48507125,0.055555556,0.23570226
0228.jpg,1.7777777777777777,0.166666667,0.383482494,0.333333333,0.48507125,0.0,0.0,0.888888889,0.323380833,0.055555556,0.23570226,0.055555556,0.23570226,0.0,0.0
26_10_03.bmp,3.388888888888889,0.5,0.514495755,0.111111111,0.323380833,0.111111111,0.323380833,0.0,0.0,0.055555556,0.23570226,0.0,0.0,0.0,0.0
08_15_05.bmp,2.388888888888889,0.111111111,0.323380833,0.222222222,0.427792632,0.055555556,0.23570226,0.888888889,0.323380833,0.0,0.0,0.055555556,0.23570226,0.0,0.0
10_08_04.bmp,2.055555555555556,0.388888889,0.501631326,0.611111111,0.501631326,0.0,0.0,0.055555556,0.23570226,0.333333333,0.48507125,0.111111111,0.323380833,0.0,0.0
28_24_03.bmp,2.611111111111111,0.111111111,0.323380833,0.833333333,0.383482494,0.055555556,0.23570226,0.0,0.0,0.166666667,0.383482494,0.055555556,0.23570226,0.0,0.0
28_13_03.bmp,2.9444444444444446,0.111111111,0.323380833,0.333333333,0.48507125,0.555555556,0.511309993,0.055555556,0.23570226,0.166666667,0.383482494,0.111111111,0.323380833,0.0,0.0
08_12_01.bmp,4.111111111111111,0.277777778,0.460888599,0.0,0.0,0.055555556,0.23570226,0.0,0.0,0.055555556,0.23570226,0.0,0.0,0.0,0.0
31_21_02.bmp,2.7777777777777777,0.055555556,0.23570226,0.222222222,0.427792632,0.722222222,0.460888599,0.0,0.0,0.166666667,0.383482494,0.055555556,0.23570226,0.0,0.0
33_06_05.bmp,1.7222222222222223,0.333333333,0.48507125,0.388888889,0.501631326,0.166666667,0.383482494,0.111111111,0.323380833,0.444444444,0.511309993,0.166666667,0.383482494,0.055555556,0.23570226
34_22_02.bmp,2.2777777777777777,0.166666667,0.383482494,0.888888889,0.323380833,0.111111111,0.323380833,0.055555556,0.23570226,0.055555556,0.23570226,0.0,0.0,0.0,0.0
30_23_01.bmp,3.111111111111111,0.0,0.0,0.166666667,0.383482494,0.055555556,0.23570226,0.666666667,0.48507125,0.166666667,0.383482494,0.0,0.0,0.055555556,0.23570226
33_14_01.bmp,3.111111111111111,0.0,0.0,0.444444444,0.511309993,0.055555556,0.23570226,0.388888889,0.501631326,0.444444444,0.511309993,0.0,0.0,0.0,0.0
33_04_03.bmp,2.611111111111111,0.222222222,0.427792632,0.333333333,0.48507125,0.222222222,0.427792632,0.111111111,0.323380833,0.333333333,0.48507125,0.111111111,0.323380833,0.0,0.0
01385.jpg,3.5,0.0,0.0,0.722222222,0.460888599,0.111111111,0.323380833,0.0,0.0,0.0,0.0,0.0,0.0,0.111111111,0.323380833
06_20_01.bmp,3.111111111111111,0.555555556,0.511309993,0.333333333,0.48507125,0.055555556,0.23570226,0.055555556,0.23570226,0.055555556,0.23570226,0.055555556,0.23570226,0.055555556,0.23570226
22_19_04.bmp,2.111111111111111,0.111111111,0.323380833,0.611111111,0.501631326,0.444444444,0.511309993,0.055555556,0.23570226,0.111111111,0.323380833,0.055555556,0.23570226,0.0,0.0
03_08_04.bmp,2.5,0.555555556,0.511309993,0.5,0.514495755,0.111111111,0.323380833,0.055555556,0.23570226,0.166666667,0.383482494,0.0,0.0,0.111111111,0.323380833
10_01_02.bmp,3.0,0.0,0.0,0.555555556,0.511309993,0.055555556,0.23570226,0.055555556,0.23570226,0.5,0.514495755,0.333333333,0.48507125,0.0,0.0
01340.jpg,2.7777777777777777,0.222222222,0.427792632,0.722222222,0.460888599,0.0,0.0,0.5,0.514495755,0.166666667,0.383482494,0.0,0.0,0.0,0.0
01327.jpg,3.2222222222222223,0.111111111,0.323380833,0.666666667,0.48507125,0.055555556,0.23570226,0.055555556,0.23570226,0.0,0.0,0.0,0.0,0.055555556,0.23570226
09_12_03.bmp,2.555555555555556,0.611111111,0.501631326,0.222222222,0.427792632,0.166666667,0.383482494,0.0,0.0,0.166666667,0.383482494,0.111111111,0.323380833,0.055555556,0.23570226
0213.jpg,2.5,0.166666667,0.383482494,0.388888889,0.501631326,0.055555556,0.23570226,0.777777778,0.427792632,0.055555556,0.23570226,0.055555556,0.23570226,0.0,0.0
20_09_02.bmp,2.888888888888889,0.722222222,0.460888599,0.277777778,0.460888599,0.055555556,0.23570226,0.0,0.0,0.111111111,0.323380833,0.111111111,0.323380833,0.055555556,0.23570226
0651.jpg,3.8333333333333335,0.055555556,0.23570226,0.277777778,0.460888599,0.0,0.0,0.111111111,0.323380833,0.055555556,0.23570226,0.0,0.0,0.055555556,0.23570226
05_15_03.bmp,3.1666666666666665,0.111111111,0.323380833,0.333333333,0.48507125,0.277777778,0.460888599,0.0,0.0,0.055555556,0.23570226,0.055555556,0.23570226,0.055555556,0.23570226
03_18_02.bmp,3.1666666666666665,0.277777778,0.460888599,0.333333333,0.48507125,0.111111111,0.323380833,0.0,0.0,0.166666667,0.383482494,0.055555556,0.23570226,0.055555556,0.23570226
11_01_01.bmp,3.111111111111111,0.111111111,0.323380833,0.388888889,0.501631326,0.0,0.0,0.055555556,0.23570226,0.388888889,0.501631326,0.222222222,0.427792632,0.0,0.0
36_05_02.bmp,2.7777777777777777,0.222222222,0.427792632,0.777777778,0.427792632,0.111111111,0.323380833,0.0,0.0,0.0,0.0,0.0,0.0,0.055555556,0.23570226
21_01_01.bmp,3.6666666666666665,0.055555556,0.23570226,0.444444444,0.511309993,0.0,0.0,0.0,0.0,0.0,0.0,0.0,0.0,0.055555556,0.23570226
18_21_01.bmp,2.611111111111111,0.111111111,0.323380833,0.166666667,0.383482494,0.833333333,0.383482494,0.055555556,0.23570226,0.0,0.0,0.0,0.0,0.055555556,0.23570226
27_12_05.bmp,2.2222222222222223,0.722222222,0.460888599,0.388888889,0.501631326,0.055555556,0.23570226,0.0,0.0,0.444444444,0.511309993,0.111111111,0.323380833,0.055555556,0.23570226
03_02_04.bmp,1.8888888888888888,0.055555556,0.23570226,0.888888889,0.323380833,0.0,0.0,0.0,0.0,0.166666667,0.383482494,0.0,0.0,0.055555556,0.23570226
01376.jpg,3.388888888888889,0.0,0.0,0.722222222,0.460888599,0.055555556,0.23570226,0.0,0.0,0.0,0.0,0.0,0.0,0.055555556,0.23570226
01307.jpg,3.1666666666666665,0.222222222,0.427792632,0.444444444,0.511309993,0.0,0.0,0.0,0.0,0.388888889,0.501631326,0.444444444,0.511309993,0.055555556,0.23570226
0701.jpg,3.4444444444444446,0.055555556,0.23570226,0.333333333,0.48507125,0.0,0.0,0.055555556,0.23570226,0.277777778,0.460888599,0.111111111,0.323380833,0.055555556,0.23570226
31_01_02.bmp,3.1666666666666665,0.055555556,0.23570226,0.5,0.514495755,0.0,0.0,0.0,0.0,0.333333333,0.48507125,0.055555556,0.23570226,0.055555556,0.23570226
01245.jpg,2.611111111111111,0.333333333,0.48507125,0.666666667,0.48507125,0.055555556,0.23570226,0.444444444,0.511309993,0.222222222,0.427792632,0.0,0.0,0.055555556,0.23570226
33_24_03.bmp,2.833333333333333,0.0,0.0,0.444444444,0.511309993,0.111111111,0.323380833,0.055555556,0.23570226,0.444444444,0.511309993,0.055555556,0.23570226,0.0,0.0
18_02_05.bmp,1.1666666666666667,0.0,0.0,0.944444444,0.23570226,0.055555556,0.23570226,0.0,0.0,0.111111111,0.323380833,0.0,0.0,0.0,0.0
29_12_03.bmp,2.833333333333333,0.5,0.514495755,0.333333333,0.48507125,0.0,0.0,0.0,0.0,0.111111111,0.323380833,0.111111111,0.323380833,0.055555556,0.23570226
0411.jpg,2.611111111111111,0.055555556,0.23570226,0.833333333,0.383482494,0.0,0.0,0.111111111,0.323380833,0.055555556,0.23570226,0.0,0.0,0.111111111,0.323380833
27_25_05.bmp,1.7777777777777777,0.055555556,0.23570226,0.333333333,0.48507125,0.0,0.0,0.0,0.0,0.388888889,0.501631326,0.0,0.0,0.944444444,0.23570226
10_14_02.bmp,3.055555555555556,0.0,0.0,0.388888889,0.501631326,0.166666667,0.383482494,0.444444444,0.511309993,0.388888889,0.501631326,0.222222222,0.427792632,0.0,0.0
01418.jpg,3.4444444444444446,0.0,0.0,0.5,0.514495755,0.055555556,0.23570226,0.0,0.0,0.055555556,0.23570226,0.055555556,0.23570226,0.111111111,0.323380833
11_24_01.bmp,2.888888888888889,0.055555556,0.23570226,0.722222222,0.460888599,0.055555556,0.23570226,0.055555556,0.23570226,0.222222222,0.427792632,0.055555556,0.23570226,0.055555556,0.23570226
12_17_05.bmp,2.333333333333333,0.111111111,0.323380833,0.444444444,0.511309993,0.111111111,0.323380833,0.0,0.0,0.166666667,0.383482494,0.166666667,0.383482494,0.166666667,0.383482494
10_05_01.bmp,2.9444444444444446,0.111111111,0.323380833,0.611111111,0.501631326,0.0,0.0,0.0,0.0,0.388888889,0.501631326,0.222222222,0.427792632,0.111111111,0.323380833
15_19_05.bmp,2.0,0.055555556,0.23570226,0.222222222,0.427792632,0.888888889,0.323380833,0.0,0.0,0.111111111,0.323380833,0.055555556,0.23570226,0.0,0.0
35_09_04.bmp,1.8333333333333333,0.777777778,0.427792632,0.388888889,0.501631326,0.111111111,0.323380833,0.0,0.0,0.055555556,0.23570226,0.0,0.0,0.055555556,0.23570226
08_10_04.bmp,2.611111111111111,0.777777778,0.427792632,0.055555556,0.23570226,0.0,0.0,0.0,0.0,0.111111111,0.323380833,0.055555556,0.23570226,0.0,0.0
01319.jpg,2.833333333333333,0.333333333,0.48507125,0.666666667,0.48507125,0.0,0.0,0.0,0.0,0.555555556,0.511309993,0.055555556,0.23570226,0.055555556,0.23570226
01158.jpg,3.2777777777777777,0.055555556,0.23570226,0.222222222,0.427792632,0.055555556,0.23570226,0.111111111,0.323380833,0.555555556,0.511309993,0.722222222,0.460888599,0.0,0.0
0214.jpg,1.6111111111111112,0.166666667,0.383482494,0.333333333,0.48507125,0.0,0.0,0.888888889,0.323380833,0.055555556,0.23570226,0.055555556,0.23570226,0.0,0.0
32_17_02.bmp,2.5,0.111111111,0.323380833,0.611111111,0.501631326,0.111111111,0.323380833,0.0,0.0,0.5,0.514495755,0.111111111,0.323380833,0.166666667,0.383482494
1036.jpg,3.6666666666666665,0.111111111,0.323380833,0.166666667,0.383482494,0.0,0.0,0.5,0.514495755,0.111111111,0.323380833,0.0,0.0,0.0,0.0
08_19_02.bmp,3.333333333333333,0.222222222,0.427792632,0.166666667,0.383482494,0.333333333,0.48507125,0.0,0.0,0.055555556,0.23570226,0.111111111,0.323380833,0.0,0.0
03_15_03.bmp,3.4444444444444446,0.055555556,0.23570226,0.222222222,0.427792632,0.166666667,0.383482494,0.111111111,0.323380833,0.111111111,0.323380833,0.0,0.0,0.055555556,0.23570226
18_21_05.bmp,1.5,0.277777778,0.460888599,0.222222222,0.427792632,0.055555556,0.23570226,0.611111111,0.501631326,0.055555556,0.23570226,0.055555556,0.23570226,0.055555556,0.23570226
0309.jpg,2.0,0.055555556,0.23570226,0.888888889,0.323380833,0.0,0.0,0.166666667,0.383482494,0.111111111,0.323380833,0.055555556,0.23570226,0.0,0.0
1030.jpg,3.055555555555556,0.111111111,0.323380833,0.222222222,0.427792632,0.0,0.0,0.555555556,0.511309993,0.277777778,0.460888599,0.0,0.0,0.055555556,0.23570226
0032.jpg,2.1666666666666665,0.0,0.0,0.333333333,0.48507125,0.888888889,0.323380833,0.0,0.0,0.111111111,0.323380833,0.055555556,0.23570226,0.055555556,0.23570226
28_08_02.bmp,3.055555555555556,0.111111111,0.323380833,0.611111111,0.501631326,0.055555556,0.23570226,0.0,0.0,0.222222222,0.427792632,0.111111111,0.323380833,0.0,0.0
0947.jpg,2.611111111111111,0.055555556,0.23570226,0.555555556,0.511309993,0.055555556,0.23570226,0.611111111,0.501631326,0.111111111,0.323380833,0.055555556,0.23570226,0.055555556,0.23570226
34_24_01.bmp,2.9444444444444446,0.0,0.0,0.666666667,0.48507125,0.222222222,0.427792632,0.0,0.0,0.055555556,0.23570226,0.0,0.0,0.055555556,0.23570226
01209.jpg,3.1666666666666665,0.166666667,0.383482494,0.611111111,0.501631326,0.055555556,0.23570226,0.111111111,0.323380833,0.333333333,0.48507125,0.0,0.0,0.277777778,0.460888599
20_20_01.bmp,2.5,0.5,0.514495755,0.222222222,0.427792632,0.222222222,0.427792632,0.277777778,0.460888599,0.111111111,0.323380833,0.055555556,0.23570226,0.0,0.0
17_05_01.bmp,3.611111111111111,0.055555556,0.23570226,0.444444444,0.511309993,0.111111111,0.323380833,0.0,0.0,0.222222222,0.427792632,0.055555556,0.23570226,0.0,0.0
33_15_02.bmp,3.055555555555556,0.111111111,0.323380833,0.5,0.514495755,0.277777778,0.460888599,0.0,0.0,0.388888889,0.501631326,0.0,0.0,0.0,0.0
37_06_01.bmp,3.333333333333333,0.277777778,0.460888599,0.5,0.514495755,0.111111111,0.323380833,0.055555556,0.23570226,0.055555556,0.23570226,0.111111111,0.323380833,0.0,0.0
19_16_04.bmp,2.2222222222222223,0.277777778,0.460888599,0.722222222,0.460888599,0.055555556,0.23570226,0.0,0.0,0.055555556,0.23570226,0.055555556,0.23570226,0.0,0.0
1105.jpg,2.9444444444444446,0.0,0.0,0.388888889,0.501631326,0.111111111,0.323380833,0.111111111,0.323380833,0.5,0.514495755,0.166666667,0.383482494,0.0,0.0
30_20_05.bmp,1.7777777777777777,0.611111111,0.501631326,0.444444444,0.511309993,0.111111111,0.323380833,0.222222222,0.427792632,0.277777778,0.460888599,0.055555556,0.23570226,0.0,0.0
20_01_01.bmp,3.333333333333333,0.055555556,0.23570226,0.388888889,0.501631326,0.055555556,0.23570226,0.0,0.0,0.222222222,0.427792632,0.055555556,0.23570226,0.055555556,0.23570226
17_02_04.bmp,1.7222222222222223,0.0,0.0,0.944444444,0.23570226,0.055555556,0.23570226,0.0,0.0,0.166666667,0.383482494,0.055555556,0.23570226,0.0,0.0
0775.jpg,3.4444444444444446,0.111111111,0.323380833,0.388888889,0.501631326,0.0,0.0,0.0,0.0,0.111111111,0.323380833,0.166666667,0.383482494,0.111111111,0.323380833
24_16_01.bmp,3.388888888888889,0.055555556,0.23570226,0.5,0.514495755,0.222222222,0.427792632,0.055555556,0.23570226,0.055555556,0.23570226,0.0,0.0,0.0,0.0
03_25_02.bmp,3.0,0.055555556,0.23570226,0.111111111,0.323380833,0.0,0.0,0.0,0.0,0.111111111,0.323380833,0.0,0.0,0.944444444,0.23570226
15_06_05.bmp,1.5555555555555556,0.388888889,0.501631326,0.333333333,0.48507125,0.222222222,0.427792632,0.111111111,0.323380833,0.277777778,0.460888599,0.111111111,0.323380833,0.0,0.0
21_11_03.bmp,2.833333333333333,0.722222222,0.460888599,0.277777778,0.460888599,0.055555556,0.23570226,0.0,0.0,0.055555556,0.23570226,0.055555556,0.23570226,0.0,0.0
12_24_03.bmp,2.4444444444444446,0.277777778,0.460888599,0.777777778,0.427792632,0.055555556,0.23570226,0.0,0.0,0.111111111,0.323380833,0.111111111,0.323380833,0.055555556,0.23570226
06_05_02.bmp,3.1666666666666665,0.222222222,0.427792632,0.722222222,0.460888599,0.055555556,0.23570226,0.055555556,0.23570226,0.0,0.0,0.111111111,0.323380833,0.055555556,0.23570226
0665.jpg,3.4444444444444446,0.111111111,0.323380833,0.611111111,0.501631326,0.0,0.0,0.055555556,0.23570226,0.111111111,0.323380833,0.055555556,0.23570226,0.055555556,0.23570226
21_11_04.bmp,2.4444444444444446,0.833333333,0.383482494,0.222222222,0.427792632,0.0,0.0,0.055555556,0.23570226,0.055555556,0.23570226,0.055555556,0.23570226,0.055555556,0.23570226
31_19_05.bmp,2.333333333333333,0.055555556,0.23570226,0.222222222,0.427792632,0.722222222,0.460888599,0.111111111,0.323380833,0.111111111,0.323380833,0.0,0.0,0.0,0.0
23_19_04.bmp,1.9444444444444444,0.166666667,0.383482494,0.222222222,0.427792632,0.611111111,0.501631326,0.055555556,0.23570226,0.333333333,0.48507125,0.0,0.0,0.0,0.0
32_14_02.bmp,2.5,0.0,0.0,0.277777778,0.460888599,0.055555556,0.23570226,0.722222222,0.460888599,0.277777778,0.460888599,0.111111111,0.323380833,0.055555556,0.23570226
25_01_05.bmp,1.2222222222222223,0.0,0.0,0.833333333,0.383482494,0.055555556,0.23570226,0.0,0.0,0.166666667,0.383482494,0.0,0.0,0.055555556,0.23570226
15_08_01.bmp,3.388888888888889,0.222222222,0.427792632,0.333333333,0.48507125,0.055555556,0.23570226,0.055555556,0.23570226,0.222222222,0.427792632,0.055555556,0.23570226,0.055555556,0.23570226
28_12_04.bmp,2.2222222222222223,0.722222222,0.460888599,0.388888889,0.501631326,0.111111111,0.323380833,0.0,0.0,0.222222222,0.427792632,0.111111111,0.323380833,0.0,0.0
32_12_02.bmp,2.888888888888889,0.277777778,0.460888599,0.611111111,0.501631326,0.111111111,0.323380833,0.055555556,0.23570226,0.333333333,0.48507125,0.111111111,0.323380833,0.0,0.0
35_06_04.bmp,1.6666666666666667,0.444444444,0.511309993,0.5,0.514495755,0.277777778,0.460888599,0.111111111,0.323380833,0.0,0.0,0.166666667,0.383482494,0.055555556,0.23570226
08_02_04.bmp,2.1666666666666665,0.0,0.0,0.944444444,0.23570226,0.0,0.0,0.055555556,0.23570226,0.111111111,0.323380833,0.055555556,0.23570226,0.0,0.0
12_07_02.bmp,2.5,0.055555556,0.23570226,0.833333333,0.383482494,0.055555556,0.23570226,0.055555556,0.23570226,0.055555556,0.23570226,0.055555556,0.23570226,0.0,0.0
30_17_05.bmp,2.2777777777777777,0.111111111,0.323380833,0.444444444,0.511309993,0.055555556,0.23570226,0.0,0.0,0.333333333,0.48507125,0.111111111,0.323380833,0.166666667,0.383482494
34_10_03.bmp,2.6666666666666665,0.555555556,0.511309993,0.444444444,0.511309993,0.055555556,0.23570226,0.055555556,0.23570226,0.055555556,0.23570226,0.0,0.0,0.111111111,0.323380833
12_05_05.bmp,1.7777777777777777,0.277777778,0.460888599,0.611111111,0.501631326,0.055555556,0.23570226,0.0,0.0,0.111111111,0.323380833,0.055555556,0.23570226,0.055555556,0.23570226
0692.jpg,3.055555555555556,0.111111111,0.323380833,0.5,0.514495755,0.055555556,0.23570226,0.0,0.0,0.222222222,0.427792632,0.166666667,0.383482494,0.055555556,0.23570226
21_01_02.bmp,3.6666666666666665,0.055555556,0.23570226,0.444444444,0.511309993,0.055555556,0.23570226,0.0,0.0,0.0,0.0,0.055555556,0.23570226,0.0,0.0
05_05_05.bmp,1.3888888888888888,0.444444444,0.511309993,0.611111111,0.501631326,0.111111111,0.323380833,0.0,0.0,0.0,0.0,0.111111111,0.323380833,0.055555556,0.23570226
10_22_02.bmp,2.6666666666666665,0.111111111,0.323380833,0.777777778,0.427792632,0.055555556,0.23570226,0.055555556,0.23570226,0.333333333,0.48507125,0.222222222,0.427792632,0.0,0.0
09_02_03.bmp,1.7777777777777777,0.166666667,0.383482494,0.833333333,0.383482494,0.111111111,0.323380833,0.0,0.0,0.111111111,0.323380833,0.055555556,0.23570226,0.0,0.0
0720.jpg,3.333333333333333,0.055555556,0.23570226,0.277777778,0.460888599,0.0,0.0,0.055555556,0.23570226,0.388888889,0.501631326,0.166666667,0.383482494,0.055555556,0.23570226
18_03_01.bmp,3.555555555555556,0.222222222,0.427792632,0.5,0.514495755,0.111111111,0.323380833,0.0,0.0,0.0,0.0,0.0,0.0,0.055555556,0.23570226
07_06_03.bmp,2.4444444444444446,0.444444444,0.511309993,0.444444444,0.511309993,0.166666667,0.383482494,0.0,0.0,0.111111111,0.323380833,0.166666667,0.383482494,0.055555556,0.23570226
14_08_02.bmp,3.055555555555556,0.166666667,0.383482494,0.666666667,0.48507125,0.055555556,0.23570226,0.055555556,0.23570226,0.0,0.0,0.111111111,0.323380833,0.111111111,0.323380833
31_24_02.bmp,2.7777777777777777,0.0,0.0,0.833333333,0.383482494,0.055555556,0.23570226,0.0,0.0,0.166666667,0.383482494,0.0,0.0,0.055555556,0.23570226
17_06_04.bmp,1.8333333333333333,0.277777778,0.460888599,0.333333333,0.48507125,0.166666667,0.383482494,0.111111111,0.323380833,0.166666667,0.383482494,0.222222222,0.427792632,0.0,0.0
13_08_01.bmp,3.5,0.111111111,0.323380833,0.444444444,0.511309993,0.111111111,0.323380833,0.0,0.0,0.111111111,0.323380833,0.0,0.0,0.055555556,0.23570226
29_25_02.bmp,2.6666666666666665,0.055555556,0.23570226,0.055555556,0.23570226,0.0,0.0,0.0,0.0,0.111111111,0.323380833,0.111111111,0.323380833,0.944444444,0.23570226
0556.jpg,2.7222222222222223,0.166666667,0.383482494,0.388888889,0.501631326,0.0,0.0,0.111111111,0.323380833,0.722222222,0.460888599,0.0,0.0,0.0,0.0
28_24_01.bmp,3.055555555555556,0.333333333,0.48507125,0.555555556,0.511309993,0.222222222,0.427792632,0.0,0.0,0.111111111,0.323380833,0.0,0.0,0.0,0.0
05_15_02.bmp,2.1666666666666665,0.111111111,0.323380833,0.277777778,0.460888599,0.833333333,0.383482494,0.055555556,0.23570226,0.0,0.0,0.055555556,0.23570226,0.055555556,0.23570226
35_18_03.bmp,2.055555555555556,0.166666667,0.383482494,0.777777778,0.427792632,0.111111111,0.323380833,0.0,0.0,0.0,0.0,0.0,0.0,0.055555556,0.23570226
0978.jpg,3.2222222222222223,0.055555556,0.23570226,0.333333333,0.48507125,0.055555556,0.23570226,0.666666667,0.48507125,0.166666667,0.383482494,0.0,0.0,0.055555556,0.23570226
02_15_01.bmp,2.055555555555556,0.055555556,0.23570226,0.166666667,0.383482494,1.0,0.0,0.0,0.0,0.388888889,0.501631326,0.0,0.0,0.0,0.0
0734.jpg,3.1666666666666665,0.111111111,0.323380833,0.277777778,0.460888599,0.0,0.0,0.111111111,0.323380833,0.222222222,0.427792632,0.222222222,0.427792632,0.055555556,0.23570226
12_06_05.bmp,1.7222222222222223,0.444444444,0.511309993,0.222222222,0.427792632,0.166666667,0.383482494,0.055555556,0.23570226,0.055555556,0.23570226,0.222222222,0.427792632,0.055555556,0.23570226
0455.jpg,3.055555555555556,0.0,0.0,0.222222222,0.427792632,0.0,0.0,0.111111111,0.323380833,0.944444444,0.23570226,0.0,0.0,0.055555556,0.23570226
25_25_02.bmp,2.4444444444444446,0.055555556,0.23570226,0.111111111,0.323380833,0.111111111,0.323380833,0.0,0.0,0.111111111,0.323380833,0.0,0.0,0.944444444,0.23570226
03_21_05.bmp,1.5555555555555556,0.277777778,0.460888599,0.111111111,0.323380833,0.333333333,0.48507125,0.722222222,0.460888599,0.111111111,0.323380833,0.0,0.0,0.0,0.0
08_16_04.bmp,2.6666666666666665,0.333333333,0.48507125,0.611111111,0.501631326,0.055555556,0.23570226,0.111111111,0.323380833,0.0,0.0,0.0,0.0,0.0,0.0
0479.jpg,3.055555555555556,0.0,0.0,0.388888889,0.501631326,0.0,0.0,0.111111111,0.323380833,0.666666667,0.48507125,0.0,0.0,0.055555556,0.23570226
08_09_01.bmp,3.5,0.555555556,0.511309993,0.055555556,0.23570226,0.0,0.0,0.111111111,0.323380833,0.055555556,0.23570226,0.0,0.0,0.055555556,0.23570226
30_04_04.bmp,2.388888888888889,0.277777778,0.460888599,0.222222222,0.427792632,0.222222222,0.427792632,0.055555556,0.23570226,0.277777778,0.460888599,0.222222222,0.427792632,0.055555556,0.23570226
37_21_04.bmp,2.2777777777777777,0.166666667,0.383482494,0.277777778,0.460888599,0.055555556,0.23570226,0.722222222,0.460888599,0.055555556,0.23570226,0.055555556,0.23570226,0.0,0.0
11_20_01.bmp,2.388888888888889,0.166666667,0.383482494,0.388888889,0.501631326,0.277777778,0.460888599,0.333333333,0.48507125,0.277777778,0.460888599,0.055555556,0.23570226,0.0,0.0
26_20_04.bmp,3.2222222222222223,0.166666667,0.383482494,0.388888889,0.501631326,0.166666667,0.383482494,0.0,0.0,0.055555556,0.23570226,0.055555556,0.23570226,0.055555556,0.23570226
17_10_04.bmp,2.5,0.777777778,0.427792632,0.222222222,0.427792632,0.055555556,0.23570226,0.055555556,0.23570226,0.222222222,0.427792632,0.111111111,0.323380833,0.0,0.0
18_25_03.bmp,2.333333333333333,0.055555556,0.23570226,0.166666667,0.383482494,0.111111111,0.323380833,0.0,0.0,0.0,0.0,0.055555556,0.23570226,1.0,0.0
16_12_03.bmp,2.7777777777777777,0.666666667,0.48507125,0.222222222,0.427792632,0.0,0.0,0.0,0.0,0.333333333,0.48507125,0.333333333,0.48507125,0.0,0.0
27_15_05.bmp,2.1666666666666665,0.111111111,0.323380833,0.388888889,0.501631326,0.055555556,0.23570226,0.888888889,0.323380833,0.277777778,0.460888599,0.111111111,0.323380833,0.0,0.0
02_19_04.bmp,2.2777777777777777,0.388888889,0.501631326,0.333333333,0.48507125,0.611111111,0.501631326,0.0,0.0,0.444444444,0.511309993,0.055555556,0.23570226,0.0,0.0
32_11_03.bmp,2.555555555555556,0.611111111,0.501631326,0.388888889,0.501631326,0.111111111,0.323380833,0.055555556,0.23570226,0.333333333,0.48507125,0.055555556,0.23570226,0.0,0.0
21_13_04.bmp,2.555555555555556,0.055555556,0.23570226,0.222222222,0.427792632,0.777777778,0.427792632,0.055555556,0.23570226,0.0,0.0,0.0,0.0,0.055555556,0.23570226
37_19_02.bmp,3.2777777777777777,0.055555556,0.23570226,0.5,0.514495755,0.055555556,0.23570226,0.0,0.0,0.055555556,0.23570226,0.111111111,0.323380833,0.055555556,0.23570226
01414.jpg,3.5,0.111111111,0.323380833,0.555555556,0.511309993,0.111111111,0.323380833,0.0,0.0,0.0,0.0,0.0,0.0,0.0,0.0
34_01_05.bmp,1.5,0.055555556,0.23570226,0.888888889,0.323380833,0.166666667,0.383482494,0.0,0.0,0.055555556,0.23570226,0.0,0.0,0.0,0.0
08_13_02.bmp,4.166666666666667,0.166666667,0.383482494,0.055555556,0.23570226,0.277777778,0.460888599,0.055555556,0.23570226,0.055555556,0.23570226,0.0,0.0,0.0,0.0
0712.jpg,3.2222222222222223,0.055555556,0.23570226,0.388888889,0.501631326,0.0,0.0,0.111111111,0.323380833,0.5,0.514495755,0.111111111,0.323380833,0.0,0.0
01255.jpg,2.6666666666666665,0.277777778,0.460888599,0.833333333,0.383482494,0.0,0.0,0.055555556,0.23570226,0.333333333,0.48507125,0.0,0.0,0.166666667,0.383482494
12_11_03.bmp,2.833333333333333,0.666666667,0.48507125,0.166666667,0.383482494,0.111111111,0.323380833,0.0,0.0,0.111111111,0.323380833,0.0,0.0,0.0,0.0
0176.jpg,3.055555555555556,0.055555556,0.23570226,0.333333333,0.48507125,0.777777778,0.427792632,0.0,0.0,0.055555556,0.23570226,0.055555556,0.23570226,0.055555556,0.23570226
0061.jpg,3.333333333333333,0.055555556,0.23570226,0.555555556,0.511309993,0.5,0.514495755,0.0,0.0,0.055555556,0.23570226,0.055555556,0.23570226,0.055555556,0.23570226
30_16_02.bmp,3.2777777777777777,0.0,0.0,0.5,0.514495755,0.166666667,0.383482494,0.0,0.0,0.277777778,0.460888599,0.055555556,0.23570226,0.0,0.0
08_05_02.bmp,3.888888888888889,0.222222222,0.427792632,0.333333333,0.48507125,0.0,0.0,0.0,0.0,0.222222222,0.427792632,0.0,0.0,0.0,0.0
1103.jpg,2.7222222222222223,0.0,0.0,0.555555556,0.511309993,0.0,0.0,0.611111111,0.501631326,0.055555556,0.23570226,0.0,0.0,0.0,0.0
0912.jpg,3.7777777777777777,0.111111111,0.323380833,0.388888889,0.501631326,0.055555556,0.23570226,0.055555556,0.23570226,0.166666667,0.383482494,0.0,0.0,0.0,0.0
27_18_04.bmp,2.833333333333333,0.111111111,0.323380833,0.666666667,0.48507125,0.0,0.0,0.0,0.0,0.388888889,0.501631326,0.111111111,0.323380833,0.0,0.0
11_01_04.bmp,2.055555555555556,0.0,0.0,0.888888889,0.323380833,0.0,0.0,0.055555556,0.23570226,0.166666667,0.383482494,0.166666667,0.383482494,0.0,0.0
01479.jpg,3.888888888888889,0.166666667,0.383482494,0.333333333,0.48507125,0.166666667,0.383482494,0.0,0.0,0.0,0.0,0.055555556,0.23570226,0.111111111,0.323380833
14_21_04.bmp,2.6666666666666665,0.166666667,0.383482494,0.388888889,0.501631326,0.055555556,0.23570226,0.388888889,0.501631326,0.055555556,0.23570226,0.111111111,0.323380833,0.0,0.0
24_04_04.bmp,2.333333333333333,0.388888889,0.501631326,0.388888889,0.501631326,0.222222222,0.427792632,0.0,0.0,0.0,0.0,0.055555556,0.23570226,0.0,0.0
22_07_04.bmp,1.7222222222222223,0.111111111,0.323380833,0.888888889,0.323380833,0.055555556,0.23570226,0.0,0.0,0.111111111,0.323380833,0.111111111,0.323380833,0.0,0.0
09_22_05.bmp,1.6111111111111112,0.277777778,0.460888599,0.722222222,0.460888599,0.111111111,0.323380833,0.111111111,0.323380833,0.222222222,0.427792632,0.055555556,0.23570226,0.0,0.0
0205.jpg,1.7777777777777777,0.055555556,0.23570226,0.222222222,0.427792632,0.055555556,0.23570226,0.944444444,0.23570226,0.166666667,0.383482494,0.0,0.0,0.0,0.0
25_14_03.bmp,2.888888888888889,0.055555556,0.23570226,0.333333333,0.48507125,0.111111111,0.323380833,0.5,0.514495755,0.111111111,0.323380833,0.0,0.0,0.055555556,0.23570226
28_20_02.bmp,2.7222222222222223,0.444444444,0.511309993,0.611111111,0.501631326,0.166666667,0.383482494,0.0,0.0,0.166666667,0.383482494,0.055555556,0.23570226,0.055555556,0.23570226
14_09_02.bmp,2.833333333333333,0.833333333,0.383482494,0.166666667,0.383482494,0.111111111,0.323380833,0.0,0.0,0.055555556,0.23570226,0.055555556,0.23570226,0.111111111,0.323380833
03_23_01.bmp,3.4444444444444446,0.0,0.0,0.055555556,0.23570226,0.055555556,0.23570226,0.722222222,0.460888599,0.111111111,0.323380833,0.055555556,0.23570226,0.055555556,0.23570226
25_06_03.bmp,2.555555555555556,0.277777778,0.460888599,0.444444444,0.511309993,0.277777778,0.460888599,0.055555556,0.23570226,0.111111111,0.323380833,0.055555556,0.23570226,0.111111111,0.323380833
31_06_04.bmp,1.9444444444444444,0.222222222,0.427792632,0.444444444,0.511309993,0.222222222,0.427792632,0.055555556,0.23570226,0.222222222,0.427792632,0.166666667,0.383482494,0.055555556,0.23570226
11_01_05.bmp,1.2777777777777777,0.0,0.0,0.888888889,0.323380833,0.0,0.0,0.0,0.0,0.166666667,0.383482494,0.055555556,0.23570226,0.055555556,0.23570226
20_19_01.bmp,3.4444444444444446,0.111111111,0.323380833,0.5,0.514495755,0.055555556,0.23570226,0.055555556,0.23570226,0.055555556,0.23570226,0.0,0.0,0.0,0.0
03_14_02.bmp,3.555555555555556,0.055555556,0.23570226,0.055555556,0.23570226,0.055555556,0.23570226,0.111111111,0.323380833,0.222222222,0.427792632,0.111111111,0.323380833,0.055555556,0.23570226
1006.jpg,3.0,0.055555556,0.23570226,0.277777778,0.460888599,0.0,0.0,0.611111111,0.501631326,0.333333333,0.48507125,0.0,0.0,0.055555556,0.23570226
35_04_05.bmp,1.7777777777777777,0.277777778,0.460888599,0.555555556,0.511309993,0.277777778,0.460888599,0.0,0.0,0.0,0.0,0.166666667,0.383482494,0.055555556,0.23570226
0453.jpg,2.833333333333333,0.111111111,0.323380833,0.333333333,0.48507125,0.0,0.0,0.111111111,0.323380833,0.833333333,0.383482494,0.111111111,0.323380833,0.055555556,0.23570226
33_22_04.bmp,2.333333333333333,0.166666667,0.383482494,0.777777778,0.427792632,0.055555556,0.23570226,0.0,0.0,0.388888889,0.501631326,0.0,0.0,0.0,0.0
01163.jpg,2.9444444444444446,0.388888889,0.501631326,0.722222222,0.460888599,0.0,0.0,0.0,0.0,0.333333333,0.48507125,0.0,0.0,0.055555556,0.23570226
0881.jpg,3.611111111111111,0.111111111,0.323380833,0.5,0.514495755,0.0,0.0,0.0,0.0,0.111111111,0.323380833,0.0,0.0,0.055555556,0.23570226
29_06_01.bmp,2.2777777777777777,0.388888889,0.501631326,0.333333333,0.48507125,0.222222222,0.427792632,0.055555556,0.23570226,0.111111111,0.323380833,0.222222222,0.427792632,0.055555556,0.23570226
09_01_03.bmp,2.7777777777777777,0.222222222,0.427792632,0.722222222,0.460888599,0.277777778,0.460888599,0.0,0.0,0.111111111,0.323380833,0.0,0.0,0.055555556,0.23570226
04_04_02.bmp,3.388888888888889,0.111111111,0.323380833,0.5,0.514495755,0.111111111,0.323380833,0.0,0.0,0.222222222,0.427792632,0.055555556,0.23570226,0.0,0.0
19_15_01.bmp,1.6111111111111112,0.055555556,0.23570226,0.111111111,0.323380833,0.888888889,0.323380833,0.0,0.0,0.055555556,0.23570226,0.166666667,0.383482494,0.055555556,0.23570226
23_16_05.bmp,1.7777777777777777,0.111111111,0.323380833,0.833333333,0.383482494,0.0,0.0,0.055555556,0.23570226,0.222222222,0.427792632,0.0,0.0,0.0,0.0
0940.jpg,3.0,0.055555556,0.23570226,0.333333333,0.48507125,0.0,0.0,0.666666667,0.48507125,0.166666667,0.383482494,0.0,0.0,0.055555556,0.23570226
30_21_04.bmp,2.1666666666666665,0.166666667,0.383482494,0.277777778,0.460888599,0.055555556,0.23570226,0.722222222,0.460888599,0.166666667,0.383482494,0.0,0.0,0.0,0.0
10_18_05.bmp,1.5,0.111111111,0.323380833,0.777777778,0.427792632,0.055555556,0.23570226,0.055555556,0.23570226,0.5,0.514495755,0.222222222,0.427792632,0.111111111,0.323380833
06_12_03.bmp,2.833333333333333,0.722222222,0.460888599,0.166666667,0.383482494,0.055555556,0.23570226,0.0,0.0,0.055555556,0.23570226,0.111111111,0.323380833,0.055555556,0.23570226
0301.jpg,1.8888888888888888,0.222222222,0.427792632,0.555555556,0.511309993,0.0,0.0,0.666666667,0.48507125,0.166666667,0.383482494,0.0,0.0,0.055555556,0.23570226
34_09_03.bmp,2.611111111111111,0.777777778,0.427792632,0.333333333,0.48507125,0.111111111,0.323380833,0.0,0.0,0.0,0.0,0.0,0.0,0.055555556,0.23570226
02_06_05.bmp,1.2777777777777777,0.5,0.514495755,0.444444444,0.511309993,0.277777778,0.460888599,0.111111111,0.323380833,0.5,0.514495755,0.222222222,0.427792632,0.0,0.0
14_19_04.bmp,2.1666666666666665,0.333333333,0.48507125,0.444444444,0.511309993,0.444444444,0.511309993,0.0,0.0,0.0,0.0,0.055555556,0.23570226,0.055555556,0.23570226
18_18_03.bmp,2.333333333333333,0.055555556,0.23570226,0.777777778,0.427792632,0.055555556,0.23570226,0.055555556,0.23570226,0.055555556,0.23570226,0.0,0.0,0.111111111,0.323380833
01186.jpg,3.2777777777777777,0.277777778,0.460888599,0.611111111,0.501631326,0.055555556,0.23570226,0.111111111,0.323380833,0.444444444,0.511309993,0.0,0.0,0.0,0.0
28_22_03.bmp,2.5,0.055555556,0.23570226,0.777777778,0.427792632,0.111111111,0.323380833,0.0,0.0,0.166666667,0.383482494,0.111111111,0.323380833,0.0,0.0
05_20_04.bmp,2.0,0.777777778,0.427792632,0.388888889,0.501631326,0.222222222,0.427792632,0.111111111,0.323380833,0.111111111,0.323380833,0.0,0.0,0.055555556,0.23570226
03_19_04.bmp,2.611111111111111,0.222222222,0.427792632,0.333333333,0.48507125,0.5,0.514495755,0.055555556,0.23570226,0.111111111,0.323380833,0.111111111,0.323380833,0.055555556,0.23570226
01262.jpg,3.388888888888889,0.055555556,0.23570226,0.388888889,0.501631326,0.055555556,0.23570226,0.0,0.0,0.611111111,0.501631326,0.0,0.0,0.111111111,0.323380833
1005.jpg,3.388888888888889,0.055555556,0.23570226,0.222222222,0.427792632,0.0,0.0,0.666666667,0.48507125,0.222222222,0.427792632,0.0,0.0,0.055555556,0.23570226
01491.jpg,3.555555555555556,0.055555556,0.23570226,0.555555556,0.511309993,0.055555556,0.23570226,0.055555556,0.23570226,0.0,0.0,0.055555556,0.23570226,0.055555556,0.23570226
22_05_01.bmp,3.4444444444444446,0.222222222,0.427792632,0.5,0.514495755,0.055555556,0.23570226,0.0,0.0,0.111111111,0.323380833,0.222222222,0.427792632,0.0,0.0
0482.jpg,3.5,0.111111111,0.323380833,0.333333333,0.48507125,0.0,0.0,0.055555556,0.23570226,0.722222222,0.460888599,0.055555556,0.23570226,0.0,0.0
18_04_02.bmp,3.111111111111111,0.222222222,0.427792632,0.444444444,0.511309993,0.222222222,0.427792632,0.055555556,0.23570226,0.0,0.0,0.055555556,0.23570226,0.055555556,0.23570226
10_11_02.bmp,2.9444444444444446,0.722222222,0.460888599,0.333333333,0.48507125,0.0,0.0,0.0,0.0,0.388888889,0.501631326,0.111111111,0.323380833,0.0,0.0
10_14_04.bmp,1.8333333333333333,0.111111111,0.323380833,0.166666667,0.383482494,0.111111111,0.323380833,0.833333333,0.383482494,0.277777778,0.460888599,0.277777778,0.460888599,0.0,0.0
27_24_01.bmp,3.0,0.0,0.0,0.5,0.514495755,0.0,0.0,0.111111111,0.323380833,0.388888889,0.501631326,0.055555556,0.23570226,0.055555556,0.23570226
19_10_03.bmp,2.7222222222222223,0.722222222,0.460888599,0.333333333,0.48507125,0.055555556,0.23570226,0.0,0.0,0.111111111,0.323380833,0.111111111,0.323380833,0.055555556,0.23570226
1040.jpg,3.111111111111111,0.055555556,0.23570226,0.555555556,0.511309993,0.0,0.0,0.5,0.514495755,0.166666667,0.383482494,0.0,0.0,0.055555556,0.23570226
01_20_05.bmp,2.555555555555556,0.277777778,0.460888599,0.555555556,0.511309993,0.277777778,0.460888599,0.0,0.0,0.055555556,0.23570226,0.111111111,0.323380833,0.055555556,0.23570226
04_14_03.bmp,2.6666666666666665,0.111111111,0.323380833,0.611111111,0.501631326,0.055555556,0.23570226,0.333333333,0.48507125,0.277777778,0.460888599,0.0,0.0,0.0,0.0
16_01_01.bmp,3.2222222222222223,0.055555556,0.23570226,0.055555556,0.23570226,0.0,0.0,0.055555556,0.23570226,0.444444444,0.511309993,0.666666667,0.48507125,0.055555556,0.23570226
0824.jpg,3.333333333333333,0.055555556,0.23570226,0.5,0.514495755,0.055555556,0.23570226,0.0,0.0,0.0,0.0,0.0,0.0,0.055555556,0.23570226
12_02_03.bmp,2.333333333333333,0.0,0.0,0.888888889,0.323380833,0.111111111,0.323380833,0.0,0.0,0.0,0.0,0.0,0.0,0.055555556,0.23570226
23_21_05.bmp,1.5555555555555556,0.111111111,0.323380833,0.277777778,0.460888599,0.055555556,0.23570226,0.888888889,0.323380833,0.166666667,0.383482494,0.0,0.0,0.0,0.0
22_22_01.bmp,3.111111111111111,0.055555556,0.23570226,0.666666667,0.48507125,0.055555556,0.23570226,0.0,0.0,0.111111111,0.323380833,0.111111111,0.323380833,0.0,0.0
34_03_01.bmp,3.4444444444444446,0.111111111,0.323380833,0.388888889,0.501631326,0.222222222,0.427792632,0.0,0.0,0.055555556,0.23570226,0.0,0.0,0.111111111,0.323380833
16_09_03.bmp,2.7222222222222223,0.833333333,0.383482494,0.222222222,0.427792632,0.0,0.0,0.055555556,0.23570226,0.333333333,0.48507125,0.166666667,0.383482494,0.0,0.0
21_06_03.bmp,2.7222222222222223,0.388888889,0.501631326,0.388888889,0.501631326,0.166666667,0.383482494,0.055555556,0.23570226,0.055555556,0.23570226,0.111111111,0.323380833,0.0,0.0
0488.jpg,3.5,0.055555556,0.23570226,0.333333333,0.48507125,0.0,0.0,0.0,0.0,0.722222222,0.460888599,0.0,0.0,0.055555556,0.23570226
17_15_04.bmp,2.833333333333333,0.111111111,0.323380833,0.222222222,0.427792632,0.055555556,0.23570226,0.111111111,0.323380833,0.222222222,0.427792632,0.055555556,0.23570226,0.055555556,0.23570226
20_21_03.bmp,2.2777777777777777,0.055555556,0.23570226,0.277777778,0.460888599,0.666666667,0.48507125,0.055555556,0.23570226,0.111111111,0.323380833,0.055555556,0.23570226,0.0,0.0
01260.jpg,2.9444444444444446,0.166666667,0.383482494,0.444444444,0.511309993,0.0,0.0,0.722222222,0.460888599,0.388888889,0.501631326,0.0,0.0,0.055555556,0.23570226
11_15_01.bmp,2.055555555555556,0.0,0.0,0.222222222,0.427792632,0.888888889,0.323380833,0.055555556,0.23570226,0.166666667,0.383482494,0.055555556,0.23570226,0.055555556,0.23570226
21_19_04.bmp,2.2777777777777777,0.222222222,0.427792632,0.277777778,0.460888599,0.666666667,0.48507125,0.0,0.0,0.055555556,0.23570226,0.0,0.0,0.0,0.0
09_23_05.bmp,1.8888888888888888,0.055555556,0.23570226,0.166666667,0.383482494,0.055555556,0.23570226,0.833333333,0.383482494,0.111111111,0.323380833,0.055555556,0.23570226,0.055555556,0.23570226
24_20_02.bmp,2.833333333333333,0.444444444,0.511309993,0.277777778,0.460888599,0.111111111,0.323380833,0.166666667,0.383482494,0.055555556,0.23570226,0.0,0.0,0.0,0.0
01151.jpg,4.055555555555555,0.111111111,0.323380833,0.277777778,0.460888599,0.0,0.0,0.0,0.0,0.277777778,0.460888599,0.055555556,0.23570226,0.055555556,0.23570226
04_02_02.bmp,2.388888888888889,0.111111111,0.323380833,0.833333333,0.383482494,0.055555556,0.23570226,0.055555556,0.23570226,0.222222222,0.427792632,0.0,0.0,0.055555556,0.23570226
24_14_05.bmp,1.4444444444444444,0.055555556,0.23570226,0.111111111,0.323380833,0.111111111,0.323380833,0.944444444,0.23570226,0.0,0.0,0.0,0.0,0.0,0.0
13_11_03.bmp,2.7777777777777777,0.777777778,0.427792632,0.166666667,0.383482494,0.166666667,0.383482494,0.055555556,0.23570226,0.166666667,0.383482494,0.0,0.0,0.055555556,0.23570226
35_25_01.bmp,2.611111111111111,0.111111111,0.323380833,0.333333333,0.48507125,0.0,0.0,0.055555556,0.23570226,0.055555556,0.23570226,0.0,0.0,0.944444444,0.23570226
17_11_03.bmp,2.888888888888889,0.722222222,0.460888599,0.111111111,0.323380833,0.0,0.0,0.0,0.0,0.277777778,0.460888599,0.166666667,0.383482494,0.0,0.0
0463.jpg,3.2777777777777777,0.111111111,0.323380833,0.222222222,0.427792632,0.0,0.0,0.111111111,0.323380833,0.777777778,0.427792632,0.0,0.0,0.055555556,0.23570226
0408.jpg,2.5,0.055555556,0.23570226,0.833333333,0.383482494,0.055555556,0.23570226,0.055555556,0.23570226,0.055555556,0.23570226,0.0,0.0,0.055555556,0.23570226
21_12_01.bmp,3.333333333333333,0.222222222,0.427792632,0.333333333,0.48507125,0.0,0.0,0.055555556,0.23570226,0.055555556,0.23570226,0.0,0.0,0.055555556,0.23570226
04_20_04.bmp,2.111111111111111,0.611111111,0.501631326,0.555555556,0.511309993,0.277777778,0.460888599,0.055555556,0.23570226,0.166666667,0.383482494,0.0,0.0,0.0,0.0
0837.jpg,2.7222222222222223,0.0,0.0,0.722222222,0.460888599,0.055555556,0.23570226,0.0,0.0,0.111111111,0.323380833,0.111111111,0.323380833,0.055555556,0.23570226
01_08_02.bmp,2.833333333333333,0.111111111,0.323380833,0.722222222,0.460888599,0.111111111,0.323380833,0.055555556,0.23570226,0.0,0.0,0.0,0.0,0.055555556,0.23570226
29_08_02.bmp,3.055555555555556,0.166666667,0.383482494,0.555555556,0.511309993,0.0,0.0,0.0,0.0,0.166666667,0.383482494,0.111111111,0.323380833,0.0,0.0
01174.jpg,2.9444444444444446,0.166666667,0.383482494,0.555555556,0.511309993,0.055555556,0.23570226,0.055555556,0.23570226,0.055555556,0.23570226,0.055555556,0.23570226,0.666666667,0.48507125
25_19_02.bmp,2.833333333333333,0.277777778,0.460888599,0.388888889,0.501631326,0.5,0.514495755,0.0,0.0,0.166666667,0.383482494,0.055555556,0.23570226,0.055555556,0.23570226
0583.jpg,3.111111111111111,0.055555556,0.23570226,0.333333333,0.48507125,0.0,0.0,0.166666667,0.383482494,0.555555556,0.511309993,0.055555556,0.23570226,0.055555556,0.23570226
0542.jpg,2.333333333333333,0.055555556,0.23570226,0.5,0.514495755,0.0,0.0,0.166666667,0.383482494,0.833333333,0.383482494,0.055555556,0.23570226,0.055555556,0.23570226
0398.jpg,3.111111111111111,0.222222222,0.427792632,0.666666667,0.48507125,0.055555556,0.23570226,0.111111111,0.323380833,0.0,0.0,0.0,0.0,0.055555556,0.23570226
06_17_05.bmp,2.2777777777777777,0.222222222,0.427792632,0.5,0.514495755,0.055555556,0.23570226,0.055555556,0.23570226,0.166666667,0.383482494,0.222222222,0.427792632,0.277777778,0.460888599
14_23_04.bmp,2.388888888888889,0.055555556,0.23570226,0.222222222,0.427792632,0.0,0.0,0.833333333,0.383482494,0.055555556,0.23570226,0.0,0.0,0.166666667,0.383482494
15_03_05.bmp,2.111111111111111,0.055555556,0.23570226,0.833333333,0.383482494,0.0,0.0,0.055555556,0.23570226,0.222222222,0.427792632,0.0,0.0,0.0,0.0
08_19_03.bmp,3.2777777777777777,0.222222222,0.427792632,0.166666667,0.383482494,0.333333333,0.48507125,0.055555556,0.23570226,0.055555556,0.23570226,0.055555556,0.23570226,0.0,0.0
35_09_01.bmp,2.6666666666666665,0.666666667,0.48507125,0.5,0.514495755,0.055555556,0.23570226,0.055555556,0.23570226,0.055555556,0.23570226,0.0,0.0,0.055555556,0.23570226
0092.jpg,2.2222222222222223,0.0,0.0,0.555555556,0.511309993,0.944444444,0.23570226,0.055555556,0.23570226,0.0,0.0,0.0,0.0,0.055555556,0.23570226
13_08_03.bmp,2.833333333333333,0.277777778,0.460888599,0.666666667,0.48507125,0.055555556,0.23570226,0.0,0.0,0.055555556,0.23570226,0.111111111,0.323380833,0.055555556,0.23570226
01436.jpg,3.7777777777777777,0.0,0.0,0.5,0.514495755,0.166666667,0.383482494,0.0,0.0,0.0,0.0,0.0,0.0,0.0,0.0
01187.jpg,3.2777777777777777,0.222222222,0.427792632,0.166666667,0.383482494,0.0,0.0,0.055555556,0.23570226,0.055555556,0.23570226,0.5,0.514495755,0.555555556,0.511309993
01370.jpg,3.2777777777777777,0.0,0.0,0.777777778,0.427792632,0.055555556,0.23570226,0.0,0.0,0.055555556,0.23570226,0.0,0.0,0.055555556,0.23570226
22_09_05.bmp,1.8888888888888888,0.888888889,0.323380833,0.333333333,0.48507125,0.055555556,0.23570226,0.0,0.0,0.166666667,0.383482494,0.111111111,0.323380833,0.055555556,0.23570226
0487.jpg,2.6666666666666665,0.166666667,0.383482494,0.555555556,0.511309993,0.055555556,0.23570226,0.055555556,0.23570226,0.777777778,0.427792632,0.0,0.0,0.0,0.0
06_16_03.bmp,3.2222222222222223,0.222222222,0.427792632,0.5,0.514495755,0.111111111,0.323380833,0.055555556,0.23570226,0.0,0.0,0.055555556,0.23570226,0.055555556,0.23570226
17_22_05.bmp,1.6111111111111112,0.222222222,0.427792632,0.833333333,0.383482494,0.0,0.0,0.111111111,0.323380833,0.222222222,0.427792632,0.055555556,0.23570226,0.0,0.0
11_05_01.bmp,3.055555555555556,0.166666667,0.383482494,0.388888889,0.501631326,0.055555556,0.23570226,0.111111111,0.323380833,0.333333333,0.48507125,0.055555556,0.23570226,0.055555556,0.23570226
0785.jpg,3.2777777777777777,0.055555556,0.23570226,0.666666667,0.48507125,0.055555556,0.23570226,0.055555556,0.23570226,0.055555556,0.23570226,0.0,0.0,0.111111111,0.323380833
1017.jpg,3.6666666666666665,0.055555556,0.23570226,0.333333333,0.48507125,0.0,0.0,0.222222222,0.427792632,0.111111111,0.323380833,0.055555556,0.23570226,0.055555556,0.23570226
04_04_01.bmp,3.2222222222222223,0.055555556,0.23570226,0.555555556,0.511309993,0.055555556,0.23570226,0.055555556,0.23570226,0.111111111,0.323380833,0.0,0.0,0.0,0.0
27_09_02.bmp,2.888888888888889,0.611111111,0.501631326,0.388888889,0.501631326,0.0,0.0,0.055555556,0.23570226,0.444444444,0.511309993,0.055555556,0.23570226,0.055555556,0.23570226
17_17_02.bmp,2.888888888888889,0.166666667,0.383482494,0.444444444,0.511309993,0.055555556,0.23570226,0.0,0.0,0.333333333,0.48507125,0.166666667,0.383482494,0.222222222,0.427792632
05_22_01.bmp,2.7222222222222223,0.277777778,0.460888599,0.611111111,0.501631326,0.277777778,0.460888599,0.0,0.0,0.0,0.0,0.111111111,0.323380833,0.055555556,0.23570226
33_04_02.bmp,2.9444444444444446,0.222222222,0.427792632,0.444444444,0.511309993,0.277777778,0.460888599,0.055555556,0.23570226,0.388888889,0.501631326,0.055555556,0.23570226,0.0,0.0
13_10_02.bmp,2.888888888888889,0.777777778,0.427792632,0.166666667,0.383482494,0.055555556,0.23570226,0.0,0.0,0.111111111,0.323380833,0.0,0.0,0.055555556,0.23570226
0562.jpg,2.9444444444444446,0.055555556,0.23570226,0.388888889,0.501631326,0.055555556,0.23570226,0.111111111,0.323380833,0.666666667,0.48507125,0.0,0.0,0.055555556,0.23570226
32_10_05.bmp,2.2222222222222223,0.833333333,0.383482494,0.388888889,0.501631326,0.055555556,0.23570226,0.055555556,0.23570226,0.388888889,0.501631326,0.055555556,0.23570226,0.0,0.0
31_10_04.bmp,2.4444444444444446,0.777777778,0.427792632,0.222222222,0.427792632,0.0,0.0,0.0,0.0,0.111111111,0.323380833,0.0,0.0,0.055555556,0.23570226
01_09_03.bmp,2.555555555555556,0.666666667,0.48507125,0.444444444,0.511309993,0.166666667,0.383482494,0.055555556,0.23570226,0.0,0.0,0.0,0.0,0.055555556,0.23570226
37_15_05.bmp,2.4444444444444446,0.166666667,0.383482494,0.444444444,0.511309993,0.0,0.0,0.722222222,0.460888599,0.166666667,0.383482494,0.055555556,0.23570226,0.055555556,0.23570226
0621.jpg,3.2777777777777777,0.166666667,0.383482494,0.5,0.514495755,0.0,0.0,0.166666667,0.383482494,0.0,0.0,0.0,0.0,0.055555556,0.23570226
14_10_04.bmp,2.1666666666666665,0.833333333,0.383482494,0.277777778,0.460888599,0.111111111,0.323380833,0.0,0.0,0.0,0.0,0.111111111,0.323380833,0.0,0.0
01299.jpg,2.7777777777777777,0.388888889,0.501631326,0.722222222,0.460888599,0.0,0.0,0.0,0.0,0.666666667,0.48507125,0.055555556,0.23570226,0.0,0.0
01197.jpg,3.555555555555556,0.277777778,0.460888599,0.277777778,0.460888599,0.0,0.0,0.0,0.0,0.444444444,0.511309993,0.055555556,0.23570226,0.0,0.0
25_12_04.bmp,2.1666666666666665,0.777777778,0.427792632,0.277777778,0.460888599,0.111111111,0.323380833,0.0,0.0,0.222222222,0.427792632,0.0,0.0,0.055555556,0.23570226
08_18_04.bmp,2.833333333333333,0.444444444,0.511309993,0.555555556,0.511309993,0.055555556,0.23570226,0.0,0.0,0.055555556,0.23570226,0.055555556,0.23570226,0.055555556,0.23570226
30_19_02.bmp,2.888888888888889,0.277777778,0.460888599,0.333333333,0.48507125,0.222222222,0.427792632,0.0,0.0,0.277777778,0.460888599,0.0,0.0,0.0,0.0
12_03_02.bmp,3.111111111111111,0.111111111,0.323380833,0.722222222,0.460888599,0.055555556,0.23570226,0.055555556,0.23570226,0.055555556,0.23570226,0.0,0.0,0.055555556,0.23570226
15_14_02.bmp,3.1666666666666665,0.055555556,0.23570226,0.222222222,0.427792632,0.055555556,0.23570226,0.222222222,0.427792632,0.222222222,0.427792632,0.0,0.0,0.055555556,0.23570226
19_23_02.bmp,3.055555555555556,0.111111111,0.323380833,0.055555556,0.23570226,0.0,0.0,0.666666667,0.48507125,0.055555556,0.23570226,0.055555556,0.23570226,0.166666667,0.383482494
15_03_01.bmp,3.7222222222222223,0.111111111,0.323380833,0.333333333,0.48507125,0.0,0.0,0.0,0.0,0.388888889,0.501631326,0.0,0.0,0.055555556,0.23570226
20_06_01.bmp,3.2222222222222223,0.222222222,0.427792632,0.277777778,0.460888599,0.222222222,0.427792632,0.0,0.0,0.111111111,0.323380833,0.111111111,0.323380833,0.0,0.0
03_16_02.bmp,3.611111111111111,0.055555556,0.23570226,0.111111111,0.323380833,0.055555556,0.23570226,0.111111111,0.323380833,0.166666667,0.383482494,0.0,0.0,0.111111111,0.323380833
34_25_03.bmp,2.4444444444444446,0.055555556,0.23570226,0.166666667,0.383482494,0.111111111,0.323380833,0.0,0.0,0.055555556,0.23570226,0.0,0.0,1.0,0.0
27_04_01.bmp,3.333333333333333,0.166666667,0.383482494,0.222222222,0.427792632,0.055555556,0.23570226,0.0,0.0,0.611111111,0.501631326,0.055555556,0.23570226,0.055555556,0.23570226
37_13_01.bmp,3.6666666666666665,0.0,0.0,0.388888889,0.501631326,0.111111111,0.323380833,0.111111111,0.323380833,0.055555556,0.23570226,0.055555556,0.23570226,0.0,0.0
0834.jpg,3.4444444444444446,0.0,0.0,0.555555556,0.511309993,0.0,0.0,0.111111111,0.323380833,0.111111111,0.323380833,0.0,0.0,0.055555556,0.23570226
01332.jpg,3.555555555555556,0.111111111,0.323380833,0.611111111,0.501631326,0.055555556,0.23570226,0.055555556,0.23570226,0.0,0.0,0.0,0.0,0.055555556,0.23570226
23_05_01.bmp,3.333333333333333,0.055555556,0.23570226,0.5,0.514495755,0.0,0.0,0.055555556,0.23570226,0.333333333,0.48507125,0.055555556,0.23570226,0.0,0.0
12_04_01.bmp,3.7777777777777777,0.111111111,0.323380833,0.277777778,0.460888599,0.055555556,0.23570226,0.0,0.0,0.055555556,0.23570226,0.111111111,0.323380833,0.0,0.0
02_12_05.bmp,2.2777777777777777,0.833333333,0.383482494,0.444444444,0.511309993,0.111111111,0.323380833,0.055555556,0.23570226,0.444444444,0.511309993,0.111111111,0.323380833,0.0,0.0
32_15_01.bmp,2.055555555555556,0.111111111,0.323380833,0.166666667,0.383482494,0.888888889,0.323380833,0.0,0.0,0.333333333,0.48507125,0.0,0.0,0.0,0.0
24_06_04.bmp,2.055555555555556,0.222222222,0.427792632,0.388888889,0.501631326,0.388888889,0.501631326,0.111111111,0.323380833,0.0,0.0,0.0,0.0,0.0,0.0
1136.jpg,3.4444444444444446,0.0,0.0,0.444444444,0.511309993,0.111111111,0.323380833,0.055555556,0.23570226,0.055555556,0.23570226,0.111111111,0.323380833,0.0,0.0
19_16_05.bmp,1.5,0.277777778,0.460888599,0.888888889,0.323380833,0.0,0.0,0.0,0.0,0.055555556,0.23570226,0.055555556,0.23570226,0.0,0.0
19_03_01.bmp,3.555555555555556,0.166666667,0.383482494,0.388888889,0.501631326,0.055555556,0.23570226,0.0,0.0,0.111111111,0.323380833,0.111111111,0.323380833,0.111111111,0.323380833
0971.jpg,3.5,0.055555556,0.23570226,0.111111111,0.323380833,0.0,0.0,0.611111111,0.501631326,0.166666667,0.383482494,0.0,0.0,0.0,0.0
0011.jpg,3.8333333333333335,0.055555556,0.23570226,0.111111111,0.323380833,0.722222222,0.460888599,0.0,0.0,0.0,0.0,0.0,0.0,0.0,0.0
24_02_01.bmp,3.4444444444444446,0.055555556,0.23570226,0.611111111,0.501631326,0.111111111,0.323380833,0.0,0.0,0.0,0.0,0.0,0.0,0.0,0.0
18_05_04.bmp,1.8888888888888888,0.333333333,0.48507125,0.722222222,0.460888599,0.111111111,0.323380833,0.055555556,0.23570226,0.055555556,0.23570226,0.055555556,0.23570226,0.055555556,0.23570226
24_21_02.bmp,2.333333333333333,0.111111111,0.323380833,0.5,0.514495755,0.611111111,0.501631326,0.055555556,0.23570226,0.0,0.0,0.0,0.0,0.0,0.0
0790.jpg,3.1666666666666665,0.055555556,0.23570226,0.388888889,0.501631326,0.055555556,0.23570226,0.0,0.0,0.111111111,0.323380833,0.444444444,0.511309993,0.055555556,0.23570226
0076.jpg,2.7222222222222223,0.111111111,0.323380833,0.722222222,0.460888599,0.333333333,0.48507125,0.222222222,0.427792632,0.0,0.0,0.0,0.0,0.055555556,0.23570226
19_19_03.bmp,2.833333333333333,0.111111111,0.323380833,0.333333333,0.48507125,0.388888889,0.501631326,0.055555556,0.23570226,0.111111111,0.323380833,0.166666667,0.383482494,0.055555556,0.23570226
07_03_05.bmp,1.7222222222222223,0.0,0.0,0.777777778,0.427792632,0.222222222,0.427792632,0.055555556,0.23570226,0.055555556,0.23570226,0.0,0.0,0.0,0.0
1079.jpg,3.388888888888889,0.055555556,0.23570226,0.277777778,0.460888599,0.055555556,0.23570226,0.5,0.514495755,0.055555556,0.23570226,0.055555556,0.23570226,0.055555556,0.23570226
13_04_03.bmp,3.388888888888889,0.222222222,0.427792632,0.333333333,0.48507125,0.111111111,0.323380833,0.055555556,0.23570226,0.166666667,0.383482494,0.055555556,0.23570226,0.055555556,0.23570226
15_17_01.bmp,2.9444444444444446,0.111111111,0.323380833,0.5,0.514495755,0.0,0.0,0.0,0.0,0.388888889,0.501631326,0.0,0.0,0.222222222,0.427792632
31_24_03.bmp,2.2222222222222223,0.055555556,0.23570226,0.777777778,0.427792632,0.0,0.0,0.0,0.0,0.111111111,0.323380833,0.055555556,0.23570226,0.055555556,0.23570226
19_12_02.bmp,2.7777777777777777,0.611111111,0.501631326,0.222222222,0.427792632,0.055555556,0.23570226,0.0,0.0,0.111111111,0.323380833,0.111111111,0.323380833,0.055555556,0.23570226
03_12_03.bmp,2.9444444444444446,0.666666667,0.48507125,0.166666667,0.383482494,0.055555556,0.23570226,0.055555556,0.23570226,0.166666667,0.383482494,0.055555556,0.23570226,0.055555556,0.23570226
30_09_04.bmp,2.555555555555556,0.777777778,0.427792632,0.222222222,0.427792632,0.055555556,0.23570226,0.0,0.0,0.222222222,0.427792632,0.0,0.0,0.0,0.0
35_08_02.bmp,2.7777777777777777,0.0,0.0,0.722222222,0.460888599,0.055555556,0.23570226,0.0,0.0,0.0,0.0,0.055555556,0.23570226,0.055555556,0.23570226
25_15_02.bmp,2.2777777777777777,0.055555556,0.23570226,0.222222222,0.427792632,0.722222222,0.460888599,0.0,0.0,0.111111111,0.323380833,0.055555556,0.23570226,0.111111111,0.323380833
03_17_04.bmp,2.611111111111111,0.111111111,0.323380833,0.444444444,0.511309993,0.0,0.0,0.055555556,0.23570226,0.277777778,0.460888599,0.111111111,0.323380833,0.166666667,0.383482494
0761.jpg,3.611111111111111,0.111111111,0.323380833,0.388888889,0.501631326,0.055555556,0.23570226,0.0,0.0,0.111111111,0.323380833,0.055555556,0.23570226,0.055555556,0.23570226
37_15_02.bmp,3.055555555555556,0.055555556,0.23570226,0.388888889,0.501631326,0.5,0.514495755,0.0,0.0,0.055555556,0.23570226,0.111111111,0.323380833,0.0,0.0
0318.jpg,3.2222222222222223,0.055555556,0.23570226,0.722222222,0.460888599,0.0,0.0,0.111111111,0.323380833,0.111111111,0.323380833,0.055555556,0.23570226,0.0,0.0
04_05_05.bmp,1.5555555555555556,0.388888889,0.501631326,0.777777778,0.427792632,0.166666667,0.383482494,0.0,0.0,0.166666667,0.383482494,0.111111111,0.323380833,0.055555556,0.23570226
22_18_03.bmp,2.2222222222222223,0.111111111,0.323380833,0.777777778,0.427792632,0.0,0.0,0.0,0.0,0.111111111,0.323380833,0.166666667,0.383482494,0.055555556,0.23570226
0830.jpg,3.5,0.166666667,0.383482494,0.388888889,0.501631326,0.0,0.0,0.055555556,0.23570226,0.166666667,0.383482494,0.055555556,0.23570226,0.111111111,0.323380833
02_12_02.bmp,3.0,0.777777778,0.427792632,0.444444444,0.511309993,0.055555556,0.23570226,0.0,0.0,0.555555556,0.511309993,0.055555556,0.23570226,0.111111111,0.323380833
0245.jpg,1.6666666666666667,0.166666667,0.383482494,0.5,0.514495755,0.055555556,0.23570226,0.888888889,0.323380833,0.0,0.0,0.0,0.0,0.0,0.0
24_05_02.bmp,3.1666666666666665,0.111111111,0.323380833,0.777777778,0.427792632,0.055555556,0.23570226,0.0,0.0,0.0,0.0,0.0,0.0,0.0,0.0
25_01_01.bmp,3.388888888888889,0.0,0.0,0.444444444,0.511309993,0.222222222,0.427792632,0.0,0.0,0.222222222,0.427792632,0.0,0.0,0.055555556,0.23570226
01270.jpg,2.888888888888889,0.222222222,0.427792632,0.444444444,0.511309993,0.0,0.0,0.388888889,0.501631326,0.222222222,0.427792632,0.166666667,0.383482494,0.555555556,0.511309993
1130.jpg,3.1666666666666665,0.055555556,0.23570226,0.055555556,0.23570226,0.0,0.0,0.166666667,0.383482494,0.722222222,0.460888599,0.111111111,0.323380833,0.055555556,0.23570226
02_20_02.bmp,2.555555555555556,0.5,0.514495755,0.333333333,0.48507125,0.333333333,0.48507125,0.0,0.0,0.388888889,0.501631326,0.055555556,0.23570226,0.0,0.0
0015.jpg,2.9444444444444446,0.111111111,0.323380833,0.444444444,0.511309993,0.944444444,0.23570226,0.0,0.0,0.0,0.0,0.0,0.0,0.055555556,0.23570226
0352.jpg,2.7222222222222223,0.111111111,0.323380833,0.888888889,0.323380833,0.0,0.0,0.111111111,0.323380833,0.055555556,0.23570226,0.0,0.0,0.0,0.0
01377.jpg,3.333333333333333,0.055555556,0.23570226,0.666666667,0.48507125,0.111111111,0.323380833,0.0,0.0,0.055555556,0.23570226,0.0,0.0,0.055555556,0.23570226
17_09_03.bmp,2.5,0.777777778,0.427792632,0.222222222,0.427792632,0.111111111,0.323380833,0.0,0.0,0.222222222,0.427792632,0.055555556,0.23570226,0.055555556,0.23570226
09_15_04.bmp,3.2222222222222223,0.222222222,0.427792632,0.388888889,0.501631326,0.222222222,0.427792632,0.111111111,0.323380833,0.111111111,0.323380833,0.055555556,0.23570226,0.0,0.0
0175.jpg,3.8333333333333335,0.111111111,0.323380833,0.111111111,0.323380833,0.611111111,0.501631326,0.055555556,0.23570226,0.0,0.0,0.055555556,0.23570226,0.055555556,0.23570226
32_16_01.bmp,2.833333333333333,0.277777778,0.460888599,0.555555556,0.511309993,0.166666667,0.383482494,0.111111111,0.323380833,0.388888889,0.501631326,0.055555556,0.23570226,0.0,0.0
05_19_02.bmp,2.888888888888889,0.333333333,0.48507125,0.444444444,0.511309993,0.166666667,0.383482494,0.0,0.0,0.0,0.0,0.055555556,0.23570226,0.111111111,0.323380833
0589.jpg,3.2222222222222223,0.111111111,0.323380833,0.333333333,0.48507125,0.0,0.0,0.277777778,0.460888599,0.555555556,0.511309993,0.055555556,0.23570226,0.055555556,0.23570226
29_19_04.bmp,2.388888888888889,0.222222222,0.427792632,0.444444444,0.511309993,0.5,0.514495755,0.055555556,0.23570226,0.166666667,0.383482494,0.111111111,0.323380833,0.0,0.0
0802.jpg,3.555555555555556,0.0,0.0,0.5,0.514495755,0.0,0.0,0.0,0.0,0.166666667,0.383482494,0.0,0.0,0.0,0.0
31_15_01.bmp,2.888888888888889,0.111111111,0.323380833,0.166666667,0.383482494,0.777777778,0.427792632,0.0,0.0,0.111111111,0.323380833,0.055555556,0.23570226,0.0,0.0
09_14_04.bmp,2.055555555555556,0.222222222,0.427792632,0.277777778,0.460888599,0.166666667,0.383482494,0.555555556,0.511309993,0.166666667,0.383482494,0.055555556,0.23570226,0.055555556,0.23570226
01189.jpg,3.111111111111111,0.055555556,0.23570226,0.5,0.514495755,0.055555556,0.23570226,0.0,0.0,0.055555556,0.23570226,0.388888889,0.501631326,0.555555556,0.511309993
30_07_02.bmp,3.0,0.277777778,0.460888599,0.5,0.514495755,0.0,0.0,0.055555556,0.23570226,0.333333333,0.48507125,0.111111111,0.323380833,0.0,0.0
31_17_01.bmp,2.833333333333333,0.111111111,0.323380833,0.555555556,0.511309993,0.0,0.0,0.0,0.0,0.277777778,0.460888599,0.111111111,0.323380833,0.277777778,0.460888599
0815.jpg,4.0,0.111111111,0.323380833,0.111111111,0.323380833,0.055555556,0.23570226,0.055555556,0.23570226,0.0,0.0,0.055555556,0.23570226,0.0,0.0
33_14_05.bmp,1.2777777777777777,0.0,0.0,0.333333333,0.48507125,0.111111111,0.323380833,0.888888889,0.323380833,0.333333333,0.48507125,0.0,0.0,0.0,0.0
0997.jpg,3.388888888888889,0.111111111,0.323380833,0.277777778,0.460888599,0.055555556,0.23570226,0.611111111,0.501631326,0.333333333,0.48507125,0.0,0.0,0.055555556,0.23570226
0817.jpg,3.5,0.111111111,0.323380833,0.444444444,0.511309993,0.0,0.0,0.055555556,0.23570226,0.111111111,0.323380833,0.055555556,0.23570226,0.055555556,0.23570226
01_03_02.bmp,2.833333333333333,0.055555556,0.23570226,0.722222222,0.460888599,0.166666667,0.383482494,0.0,0.0,0.0,0.0,0.0,0.0,0.111111111,0.323380833
02_07_02.bmp,2.6666666666666665,0.166666667,0.383482494,0.666666667,0.48507125,0.055555556,0.23570226,0.055555556,0.23570226,0.444444444,0.511309993,0.055555556,0.23570226,0.0,0.0
01160.jpg,2.333333333333333,0.222222222,0.427792632,0.944444444,0.23570226,0.0,0.0,0.111111111,0.323380833,0.111111111,0.323380833,0.0,0.0,0.0,0.0
21_09_04.bmp,2.5,0.888888889,0.323380833,0.222222222,0.427792632,0.0,0.0,0.055555556,0.23570226,0.055555556,0.23570226,0.0,0.0,0.0,0.0
0986.jpg,2.888888888888889,0.055555556,0.23570226,0.444444444,0.511309993,0.0,0.0,0.611111111,0.501631326,0.333333333,0.48507125,0.055555556,0.23570226,0.055555556,0.23570226
26_18_05.bmp,1.8888888888888888,0.055555556,0.23570226,0.777777778,0.427792632,0.166666667,0.383482494,0.0,0.0,0.111111111,0.323380833,0.055555556,0.23570226,0.0,0.0
18_18_05.bmp,1.6666666666666667,0.0,0.0,0.888888889,0.323380833,0.055555556,0.23570226,0.0,0.0,0.0,0.0,0.0,0.0,0.111111111,0.323380833
30_16_04.bmp,2.2222222222222223,0.166666667,0.383482494,0.833333333,0.383482494,0.0,0.0,0.055555556,0.23570226,0.277777778,0.460888599,0.055555556,0.23570226,0.0,0.0
0115.jpg,2.611111111111111,0.0,0.0,0.277777778,0.460888599,0.944444444,0.23570226,0.0,0.0,0.055555556,0.23570226,0.0,0.0,0.166666667,0.383482494
28_13_02.bmp,3.055555555555556,0.166666667,0.383482494,0.388888889,0.501631326,0.277777778,0.460888599,0.0,0.0,0.166666667,0.383482494,0.055555556,0.23570226,0.0,0.0
20_14_01.bmp,3.611111111111111,0.055555556,0.23570226,0.333333333,0.48507125,0.166666667,0.383482494,0.0,0.0,0.166666667,0.383482494,0.111111111,0.323380833,0.0,0.0
0778.jpg,3.6666666666666665,0.0,0.0,0.444444444,0.511309993,0.0,0.0,0.055555556,0.23570226,0.111111111,0.323380833,0.055555556,0.23570226,0.055555556,0.23570226
1033.jpg,3.0,0.055555556,0.23570226,0.277777778,0.460888599,0.0,0.0,0.5,0.514495755,0.111111111,0.323380833,0.111111111,0.323380833,0.111111111,0.323380833
34_14_05.bmp,2.2777777777777777,0.111111111,0.323380833,0.444444444,0.511309993,0.277777778,0.460888599,0.166666667,0.383482494,0.055555556,0.23570226,0.055555556,0.23570226,0.111111111,0.323380833
02_02_01.bmp,3.111111111111111,0.0,0.0,0.333333333,0.48507125,0.055555556,0.23570226,0.0,0.0,0.555555556,0.511309993,0.055555556,0.23570226,0.055555556,0.23570226
01_02_03.bmp,1.7777777777777777,0.055555556,0.23570226,0.944444444,0.23570226,0.166666667,0.383482494,0.055555556,0.23570226,0.0,0.0,0.055555556,0.23570226,0.055555556,0.23570226
19_22_02.bmp,2.555555555555556,0.222222222,0.427792632,0.611111111,0.501631326,0.055555556,0.23570226,0.0,0.0,0.055555556,0.23570226,0.055555556,0.23570226,0.0,0.0
02_14_02.bmp,3.5,0.0,0.0,0.222222222,0.427792632,0.111111111,0.323380833,0.055555556,0.23570226,0.5,0.514495755,0.111111111,0.323380833,0.055555556,0.23570226
28_11_03.bmp,2.6666666666666665,0.666666667,0.48507125,0.333333333,0.48507125,0.111111111,0.323380833,0.0,0.0,0.222222222,0.427792632,0.111111111,0.323380833,0.0,0.0
35_21_03.bmp,1.8888888888888888,0.055555556,0.23570226,0.222222222,0.427792632,0.944444444,0.23570226,0.055555556,0.23570226,0.0,0.0,0.0,0.0,0.055555556,0.23570226
03_03_03.bmp,3.111111111111111,0.055555556,0.23570226,0.666666667,0.48507125,0.111111111,0.323380833,0.0,0.0,0.111111111,0.323380833,0.055555556,0.23570226,0.055555556,0.23570226
01_13_04.bmp,2.6666666666666665,0.055555556,0.23570226,0.777777778,0.427792632,0.277777778,0.460888599,0.055555556,0.23570226,0.0,0.0,0.0,0.0,0.055555556,0.23570226
15_23_03.bmp,2.555555555555556,0.055555556,0.23570226,0.222222222,0.427792632,0.0,0.0,0.722222222,0.460888599,0.166666667,0.383482494,0.0,0.0,0.111111111,0.323380833
28_15_01.bmp,2.388888888888889,0.055555556,0.23570226,0.222222222,0.427792632,0.888888889,0.323380833,0.055555556,0.23570226,0.166666667,0.383482494,0.055555556,0.23570226,0.0,0.0
32_21_05.bmp,1.4444444444444444,0.166666667,0.383482494,0.388888889,0.501631326,0.222222222,0.427792632,0.555555556,0.511309993,0.333333333,0.48507125,0.0,0.0,0.0,0.0
01349.jpg,2.833333333333333,0.166666667,0.383482494,0.777777778,0.427792632,0.055555556,0.23570226,0.055555556,0.23570226,0.0,0.0,0.0,0.0,0.055555556,0.23570226
25_10_05.bmp,1.9444444444444444,0.777777778,0.427792632,0.333333333,0.48507125,0.111111111,0.323380833,0.0,0.0,0.222222222,0.427792632,0.0,0.0,0.0,0.0
14_07_02.bmp,2.4444444444444446,0.166666667,0.383482494,0.777777778,0.427792632,0.111111111,0.323380833,0.0,0.0,0.0,0.0,0.166666667,0.383482494,0.055555556,0.23570226
34_18_03.bmp,1.8888888888888888,0.055555556,0.23570226,0.833333333,0.383482494,0.166666667,0.383482494,0.055555556,0.23570226,0.055555556,0.23570226,0.111111111,0.323380833,0.055555556,0.23570226
13_12_05.bmp,2.333333333333333,0.777777778,0.427792632,0.222222222,0.427792632,0.055555556,0.23570226,0.055555556,0.23570226,0.166666667,0.383482494,0.055555556,0.23570226,0.0,0.0
05_06_03.bmp,2.333333333333333,0.388888889,0.501631326,0.444444444,0.511309993,0.222222222,0.427792632,0.055555556,0.23570226,0.055555556,0.23570226,0.277777778,0.460888599,0.055555556,0.23570226
25_06_04.bmp,2.0,0.277777778,0.460888599,0.5,0.514495755,0.277777778,0.460888599,0.0,0.0,0.166666667,0.383482494,0.055555556,0.23570226,0.055555556,0.23570226
02_12_01.bmp,3.333333333333333,0.333333333,0.48507125,0.5,0.514495755,0.0,0.0,0.055555556,0.23570226,0.5,0.514495755,0.055555556,0.23570226,0.0,0.0
03_25_03.bmp,2.6666666666666665,0.111111111,0.323380833,0.055555556,0.23570226,0.0,0.0,0.0,0.0,0.055555556,0.23570226,0.0,0.0,0.888888889,0.323380833
13_22_05.bmp,1.7222222222222223,0.222222222,0.427792632,0.722222222,0.460888599,0.055555556,0.23570226,0.055555556,0.23570226,0.055555556,0.23570226,0.0,0.0,0.055555556,0.23570226
28_03_01.bmp,3.4444444444444446,0.055555556,0.23570226,0.5,0.514495755,0.166666667,0.383482494,0.0,0.0,0.166666667,0.383482494,0.111111111,0.323380833,0.0,0.0
19_05_01.bmp,3.611111111111111,0.166666667,0.383482494,0.222222222,0.427792632,0.222222222,0.427792632,0.055555556,0.23570226,0.166666667,0.383482494,0.055555556,0.23570226,0.055555556,0.23570226
03_07_04.bmp,2.0,0.388888889,0.501631326,0.777777778,0.427792632,0.055555556,0.23570226,0.0,0.0,0.277777778,0.460888599,0.0,0.0,0.111111111,0.323380833
24_08_05.bmp,1.7222222222222223,0.388888889,0.501631326,0.722222222,0.460888599,0.0,0.0,0.0,0.0,0.0,0.0,0.055555556,0.23570226,0.0,0.0
11_08_01.bmp,3.0,0.055555556,0.23570226,0.444444444,0.511309993,0.0,0.0,0.111111111,0.323380833,0.388888889,0.501631326,0.055555556,0.23570226,0.0,0.0
01492.jpg,3.7222222222222223,0.111111111,0.323380833,0.666666667,0.48507125,0.055555556,0.23570226,0.0,0.0,0.0,0.0,0.0,0.0,0.055555556,0.23570226
33_18_02.bmp,3.0,0.111111111,0.323380833,0.666666667,0.48507125,0.055555556,0.23570226,0.0,0.0,0.5,0.514495755,0.055555556,0.23570226,0.0,0.0
08_20_03.bmp,2.4444444444444446,0.5,0.514495755,0.222222222,0.427792632,0.277777778,0.460888599,0.277777778,0.460888599,0.055555556,0.23570226,0.055555556,0.23570226,0.055555556,0.23570226
18_24_04.bmp,1.4444444444444444,0.166666667,0.383482494,0.833333333,0.383482494,0.111111111,0.323380833,0.0,0.0,0.055555556,0.23570226,0.0,0.0,0.0,0.0
03_12_05.bmp,2.4444444444444446,0.777777778,0.427792632,0.222222222,0.427792632,0.111111111,0.323380833,0.0,0.0,0.222222222,0.427792632,0.055555556,0.23570226,0.0,0.0
0813.jpg,3.555555555555556,0.055555556,0.23570226,0.444444444,0.511309993,0.0,0.0,0.0,0.0,0.333333333,0.48507125,0.055555556,0.23570226,0.0,0.0
15_13_01.bmp,3.555555555555556,0.111111111,0.323380833,0.222222222,0.427792632,0.222222222,0.427792632,0.055555556,0.23570226,0.222222222,0.427792632,0.0,0.0,0.055555556,0.23570226
21_24_03.bmp,1.8333333333333333,0.111111111,0.323380833,0.944444444,0.23570226,0.055555556,0.23570226,0.0,0.0,0.0,0.0,0.0,0.0,0.0,0.0
26_25_03.bmp,2.833333333333333,0.055555556,0.23570226,0.111111111,0.323380833,0.055555556,0.23570226,0.0,0.0,0.055555556,0.23570226,0.055555556,0.23570226,0.722222222,0.460888599
35_01_03.bmp,2.2777777777777777,0.055555556,0.23570226,0.833333333,0.383482494,0.0,0.0,0.055555556,0.23570226,0.0,0.0,0.111111111,0.323380833,0.055555556,0.23570226
27_17_01.bmp,3.1666666666666665,0.166666667,0.383482494,0.555555556,0.511309993,0.0,0.0,0.111111111,0.323380833,0.333333333,0.48507125,0.055555556,0.23570226,0.222222222,0.427792632
03_16_01.bmp,3.611111111111111,0.0,0.0,0.222222222,0.427792632,0.111111111,0.323380833,0.0,0.0,0.111111111,0.323380833,0.055555556,0.23570226,0.055555556,0.23570226
01373.jpg,3.2222222222222223,0.055555556,0.23570226,0.777777778,0.427792632,0.166666667,0.383482494,0.0,0.0,0.055555556,0.23570226,0.0,0.0,0.055555556,0.23570226
19_08_02.bmp,3.0,0.166666667,0.383482494,0.444444444,0.511309993,0.055555556,0.23570226,0.055555556,0.23570226,0.111111111,0.323380833,0.111111111,0.323380833,0.055555556,0.23570226
32_05_01.bmp,2.7777777777777777,0.166666667,0.383482494,0.555555556,0.511309993,0.166666667,0.383482494,0.166666667,0.383482494,0.388888889,0.501631326,0.055555556,0.23570226,0.055555556,0.23570226
21_01_04.bmp,2.111111111111111,0.0,0.0,0.944444444,0.23570226,0.055555556,0.23570226,0.0,0.0,0.0,0.0,0.0,0.0,0.0,0.0
13_17_01.bmp,3.5,0.055555556,0.23570226,0.333333333,0.48507125,0.055555556,0.23570226,0.055555556,0.23570226,0.166666667,0.383482494,0.0,0.0,0.277777778,0.460888599
23_22_02.bmp,3.055555555555556,0.166666667,0.383482494,0.555555556,0.511309993,0.0,0.0,0.111111111,0.323380833,0.166666667,0.383482494,0.055555556,0.23570226,0.0,0.0
14_08_01.bmp,3.7222222222222223,0.055555556,0.23570226,0.555555556,0.511309993,0.166666667,0.383482494,0.0,0.0,0.0,0.0,0.111111111,0.323380833,0.055555556,0.23570226
01410.jpg,3.7222222222222223,0.0,0.0,0.5,0.514495755,0.111111111,0.323380833,0.0,0.0,0.055555556,0.23570226,0.0,0.0,0.111111111,0.323380833
09_23_02.bmp,3.0,0.055555556,0.23570226,0.111111111,0.323380833,0.0,0.0,0.777777778,0.427792632,0.111111111,0.323380833,0.055555556,0.23570226,0.055555556,0.23570226
12_02_05.bmp,1.2777777777777777,0.0,0.0,1.0,0.0,0.055555556,0.23570226,0.055555556,0.23570226,0.0,0.0,0.055555556,0.23570226,0.0,0.0
05_14_05.bmp,1.8888888888888888,0.277777778,0.460888599,0.333333333,0.48507125,0.166666667,0.383482494,0.722222222,0.460888599,0.055555556,0.23570226,0.111111111,0.323380833,0.055555556,0.23570226
01222.jpg,3.555555555555556,0.166666667,0.383482494,0.444444444,0.511309993,0.0,0.0,0.055555556,0.23570226,0.222222222,0.427792632,0.0,0.0,0.111111111,0.323380833
27_01_02.bmp,3.055555555555556,0.0,0.0,0.388888889,0.501631326,0.0,0.0,0.055555556,0.23570226,0.611111111,0.501631326,0.0,0.0,0.111111111,0.323380833
18_01_02.bmp,2.888888888888889,0.166666667,0.383482494,0.666666667,0.48507125,0.055555556,0.23570226,0.055555556,0.23570226,0.0,0.0,0.0,0.0,0.055555556,0.23570226
0917.jpg,3.7222222222222223,0.111111111,0.323380833,0.277777778,0.460888599,0.055555556,0.23570226,0.0,0.0,0.277777778,0.460888599,0.0,0.0,0.0,0.0
29_12_02.bmp,3.111111111111111,0.388888889,0.501631326,0.388888889,0.501631326,0.0,0.0,0.055555556,0.23570226,0.166666667,0.383482494,0.111111111,0.323380833,0.0,0.0
1053.jpg,3.2777777777777777,0.0,0.0,0.388888889,0.501631326,0.0,0.0,0.611111111,0.501631326,0.166666667,0.383482494,0.0,0.0,0.055555556,0.23570226
29_17_01.bmp,2.888888888888889,0.055555556,0.23570226,0.5,0.514495755,0.055555556,0.23570226,0.0,0.0,0.166666667,0.383482494,0.222222222,0.427792632,0.222222222,0.427792632
23_11_05.bmp,2.055555555555556,0.777777778,0.427792632,0.277777778,0.460888599,0.0,0.0,0.055555556,0.23570226,0.333333333,0.48507125,0.111111111,0.323380833,0.0,0.0
37_14_01.bmp,3.333333333333333,0.111111111,0.323380833,0.444444444,0.511309993,0.055555556,0.23570226,0.388888889,0.501631326,0.055555556,0.23570226,0.055555556,0.23570226,0.0,0.0
18_12_05.bmp,1.8333333333333333,0.722222222,0.460888599,0.333333333,0.48507125,0.166666667,0.383482494,0.055555556,0.23570226,0.0,0.0,0.0,0.0,0.0,0.0
24_15_01.bmp,2.333333333333333,0.055555556,0.23570226,0.166666667,0.383482494,0.833333333,0.383482494,0.055555556,0.23570226,0.0,0.0,0.0,0.0,0.0,0.0
31_16_03.bmp,2.4444444444444446,0.333333333,0.48507125,0.611111111,0.501631326,0.0,0.0,0.055555556,0.23570226,0.166666667,0.383482494,0.0,0.0,0.055555556,0.23570226
0182.jpg,3.111111111111111,0.111111111,0.323380833,0.277777778,0.460888599,0.722222222,0.460888599,0.0,0.0,0.055555556,0.23570226,0.055555556,0.23570226,0.055555556,0.23570226
22_04_01.bmp,3.555555555555556,0.111111111,0.323380833,0.388888889,0.501631326,0.055555556,0.23570226,0.0,0.0,0.111111111,0.323380833,0.166666667,0.383482494,0.055555556,0.23570226
05_24_02.bmp,2.555555555555556,0.166666667,0.383482494,0.722222222,0.460888599,0.055555556,0.23570226,0.111111111,0.323380833,0.0,0.0,0.111111111,0.323380833,0.055555556,0.23570226
0976.jpg,3.611111111111111,0.166666667,0.383482494,0.166666667,0.383482494,0.0,0.0,0.666666667,0.48507125,0.166666667,0.383482494,0.055555556,0.23570226,0.055555556,0.23570226
17_12_01.bmp,3.333333333333333,0.388888889,0.501631326,0.333333333,0.48507125,0.055555556,0.23570226,0.0,0.0,0.166666667,0.383482494,0.111111111,0.323380833,0.0,0.0
01360.jpg,4.277777777777778,0.055555556,0.23570226,0.388888889,0.501631326,0.222222222,0.427792632,0.055555556,0.23570226,0.0,0.0,0.0,0.0,0.0,0.0
09_07_02.bmp,2.7222222222222223,0.277777778,0.460888599,0.722222222,0.460888599,0.111111111,0.323380833,0.0,0.0,0.111111111,0.323380833,0.055555556,0.23570226,0.055555556,0.23570226
29_18_03.bmp,3.055555555555556,0.111111111,0.323380833,0.666666667,0.48507125,0.0,0.0,0.0,0.0,0.111111111,0.323380833,0.111111111,0.323380833,0.0,0.0
35_17_02.bmp,2.4444444444444446,0.166666667,0.383482494,0.611111111,0.501631326,0.055555556,0.23570226,0.055555556,0.23570226,0.111111111,0.323380833,0.111111111,0.323380833,0.222222222,0.427792632
28_07_03.bmp,2.7222222222222223,0.111111111,0.323380833,0.611111111,0.501631326,0.166666667,0.383482494,0.0,0.0,0.166666667,0.383482494,0.055555556,0.23570226,0.0,0.0
19_20_04.bmp,1.8888888888888888,0.5,0.514495755,0.222222222,0.427792632,0.166666667,0.383482494,0.277777778,0.460888599,0.111111111,0.323380833,0.111111111,0.323380833,0.0,0.0
01451.jpg,3.9444444444444446,0.055555556,0.23570226,0.555555556,0.511309993,0.055555556,0.23570226,0.0,0.0,0.0,0.0,0.055555556,0.23570226,0.055555556,0.23570226
1102.jpg,2.388888888888889,0.0,0.0,0.555555556,0.511309993,0.055555556,0.23570226,0.555555556,0.511309993,0.0,0.0,0.0,0.0,0.0,0.0
01361.jpg,3.4444444444444446,0.055555556,0.23570226,0.777777778,0.427792632,0.111111111,0.323380833,0.0,0.0,0.0,0.0,0.111111111,0.323380833,0.111111111,0.323380833
27_10_01.bmp,3.0,0.277777778,0.460888599,0.5,0.514495755,0.055555556,0.23570226,0.055555556,0.23570226,0.444444444,0.511309993,0.055555556,0.23570226,0.055555556,0.23570226
0883.jpg,3.7222222222222223,0.166666667,0.383482494,0.333333333,0.48507125,0.055555556,0.23570226,0.111111111,0.323380833,0.111111111,0.323380833,0.055555556,0.23570226,0.0,0.0
01483.jpg,3.388888888888889,0.055555556,0.23570226,0.611111111,0.501631326,0.111111111,0.323380833,0.0,0.0,0.055555556,0.23570226,0.055555556,0.23570226,0.055555556,0.23570226
18_11_04.bmp,2.5,0.777777778,0.427792632,0.222222222,0.427792632,0.166666667,0.383482494,0.055555556,0.23570226,0.055555556,0.23570226,0.0,0.0,0.0,0.0
12_22_02.bmp,2.833333333333333,0.222222222,0.427792632,0.666666667,0.48507125,0.166666667,0.383482494,0.055555556,0.23570226,0.0,0.0,0.0,0.0,0.055555556,0.23570226
05_03_01.bmp,3.5,0.111111111,0.323380833,0.444444444,0.511309993,0.111111111,0.323380833,0.055555556,0.23570226,0.055555556,0.23570226,0.055555556,0.23570226,0.055555556,0.23570226
06_13_04.bmp,3.4444444444444446,0.166666667,0.383482494,0.055555556,0.23570226,0.666666667,0.48507125,0.0,0.0,0.0,0.0,0.0,0.0,0.055555556,0.23570226
0099.jpg,2.2222222222222223,0.0,0.0,0.5,0.514495755,0.888888889,0.323380833,0.055555556,0.23570226,0.0,0.0,0.111111111,0.323380833,0.055555556,0.23570226
09_06_02.bmp,2.555555555555556,0.333333333,0.48507125,0.5,0.514495755,0.166666667,0.383482494,0.055555556,0.23570226,0.111111111,0.323380833,0.166666667,0.383482494,0.0,0.0
22_06_04.bmp,2.1666666666666665,0.444444444,0.511309993,0.333333333,0.48507125,0.111111111,0.323380833,0.111111111,0.323380833,0.111111111,0.323380833,0.277777778,0.460888599,0.0,0.0
29_05_02.bmp,3.055555555555556,0.277777778,0.460888599,0.611111111,0.501631326,0.0,0.0,0.0,0.0,0.055555556,0.23570226,0.166666667,0.383482494,0.0,0.0
34_10_01.bmp,3.2777777777777777,0.277777778,0.460888599,0.277777778,0.460888599,0.222222222,0.427792632,0.0,0.0,0.055555556,0.23570226,0.055555556,0.23570226,0.055555556,0.23570226
0776.jpg,3.555555555555556,0.0,0.0,0.444444444,0.511309993,0.055555556,0.23570226,0.0,0.0,0.111111111,0.323380833,0.055555556,0.23570226,0.055555556,0.23570226
0285.jpg,1.8333333333333333,0.111111111,0.323380833,0.333333333,0.48507125,0.0,0.0,0.833333333,0.383482494,0.055555556,0.23570226,0.0,0.0,0.444444444,0.511309993
03_13_03.bmp,3.611111111111111,0.111111111,0.323380833,0.111111111,0.323380833,0.444444444,0.511309993,0.0,0.0,0.166666667,0.383482494,0.0,0.0,0.055555556,0.23570226
20_11_02.bmp,2.9444444444444446,0.666666667,0.48507125,0.277777778,0.460888599,0.111111111,0.323380833,0.0,0.0,0.111111111,0.323380833,0.0,0.0,0.0,0.0
06_22_05.bmp,1.3333333333333333,0.166666667,0.383482494,0.777777778,0.427792632,0.111111111,0.323380833,0.055555556,0.23570226,0.055555556,0.23570226,0.055555556,0.23570226,0.0,0.0
06_22_01.bmp,3.1666666666666665,0.111111111,0.323380833,0.333333333,0.48507125,0.277777778,0.460888599,0.055555556,0.23570226,0.0,0.0,0.111111111,0.323380833,0.111111111,0.323380833
0074.jpg,3.7777777777777777,0.0,0.0,0.166666667,0.383482494,0.555555556,0.511309993,0.0,0.0,0.166666667,0.383482494,0.0,0.0,0.055555556,0.23570226
11_13_04.bmp,2.611111111111111,0.055555556,0.23570226,0.277777778,0.460888599,0.833333333,0.383482494,0.0,0.0,0.222222222,0.427792632,0.055555556,0.23570226,0.111111111,0.323380833
0700.jpg,3.2777777777777777,0.055555556,0.23570226,0.5,0.514495755,0.0,0.0,0.111111111,0.323380833,0.388888889,0.501631326,0.055555556,0.23570226,0.055555556,0.23570226
24_18_01.bmp,2.888888888888889,0.055555556,0.23570226,0.666666667,0.48507125,0.166666667,0.383482494,0.0,0.0,0.0,0.0,0.055555556,0.23570226,0.055555556,0.23570226
08_18_01.bmp,3.333333333333333,0.222222222,0.427792632,0.444444444,0.511309993,0.055555556,0.23570226,0.0,0.0,0.055555556,0.23570226,0.055555556,0.23570226,0.111111111,0.323380833
02_10_04.bmp,2.388888888888889,0.833333333,0.383482494,0.388888889,0.501631326,0.0,0.0,0.055555556,0.23570226,0.388888889,0.501631326,0.055555556,0.23570226,0.0,0.0
33_20_05.bmp,1.7777777777777777,0.444444444,0.511309993,0.5,0.514495755,0.222222222,0.427792632,0.222222222,0.427792632,0.333333333,0.48507125,0.0,0.0,0.055555556,0.23570226
37_07_01.bmp,3.388888888888889,0.111111111,0.323380833,0.611111111,0.501631326,0.0,0.0,0.055555556,0.23570226,0.111111111,0.323380833,0.111111111,0.323380833,0.0,0.0
26_13_01.bmp,4.055555555555555,0.055555556,0.23570226,0.055555556,0.23570226,0.277777778,0.460888599,0.0,0.0,0.111111111,0.323380833,0.0,0.0,0.055555556,0.23570226
15_07_01.bmp,3.2222222222222223,0.222222222,0.427792632,0.5,0.514495755,0.0,0.0,0.0,0.0,0.333333333,0.48507125,0.0,0.0,0.111111111,0.323380833
0121.jpg,3.2222222222222223,0.055555556,0.23570226,0.222222222,0.427792632,0.833333333,0.383482494,0.055555556,0.23570226,0.111111111,0.323380833,0.0,0.0,0.055555556,0.23570226
04_07_04.bmp,1.7222222222222223,0.388888889,0.501631326,0.666666667,0.48507125,0.055555556,0.23570226,0.0,0.0,0.222222222,0.427792632,0.111111111,0.323380833,0.055555556,0.23570226
23_08_05.bmp,1.6666666666666667,0.222222222,0.427792632,0.777777778,0.427792632,0.0,0.0,0.055555556,0.23570226,0.166666667,0.383482494,0.111111111,0.323380833,0.0,0.0
21_22_04.bmp,1.7222222222222223,0.111111111,0.323380833,0.888888889,0.323380833,0.0,0.0,0.0,0.0,0.055555556,0.23570226,0.0,0.0,0.0,0.0
36_25_04.bmp,2.0,0.055555556,0.23570226,0.222222222,0.427792632,0.166666667,0.383482494,0.0,0.0,0.0,0.0,0.0,0.0,0.944444444,0.23570226
30_05_05.bmp,1.7777777777777777,0.388888889,0.501631326,0.777777778,0.427792632,0.055555556,0.23570226,0.055555556,0.23570226,0.388888889,0.501631326,0.0,0.0,0.055555556,0.23570226
01230.jpg,2.4444444444444446,0.333333333,0.48507125,0.833333333,0.383482494,0.055555556,0.23570226,0.111111111,0.323380833,0.5,0.514495755,0.055555556,0.23570226,0.0,0.0
15_09_03.bmp,2.6666666666666665,0.777777778,0.427792632,0.222222222,0.427792632,0.055555556,0.23570226,0.0,0.0,0.222222222,0.427792632,0.0,0.0,0.055555556,0.23570226
01217.jpg,4.0,0.333333333,0.48507125,0.166666667,0.383482494,0.0,0.0,0.0,0.0,0.055555556,0.23570226,0.055555556,0.23570226,0.111111111,0.323380833
02_03_04.bmp,1.8888888888888888,0.111111111,0.323380833,0.833333333,0.383482494,0.055555556,0.23570226,0.0,0.0,0.555555556,0.511309993,0.0,0.0,0.0,0.0
07_20_05.bmp,1.6111111111111112,0.777777778,0.427792632,0.444444444,0.511309993,0.277777778,0.460888599,0.111111111,0.323380833,0.055555556,0.23570226,0.055555556,0.23570226,0.0,0.0
33_05_02.bmp,3.1666666666666665,0.166666667,0.383482494,0.611111111,0.501631326,0.055555556,0.23570226,0.0,0.0,0.444444444,0.511309993,0.0,0.0,0.055555556,0.23570226
07_13_05.bmp,1.8333333333333333,0.055555556,0.23570226,0.277777778,0.460888599,0.944444444,0.23570226,0.0,0.0,0.111111111,0.323380833,0.0,0.0,0.055555556,0.23570226
06_18_03.bmp,2.2777777777777777,0.222222222,0.427792632,0.777777778,0.427792632,0.055555556,0.23570226,0.0,0.0,0.055555556,0.23570226,0.166666667,0.383482494,0.0,0.0
35_01_02.bmp,2.611111111111111,0.055555556,0.23570226,0.777777778,0.427792632,0.055555556,0.23570226,0.0,0.0,0.0,0.0,0.055555556,0.23570226,0.055555556,0.23570226
06_15_04.bmp,3.7777777777777777,0.111111111,0.323380833,0.166666667,0.383482494,0.111111111,0.323380833,0.0,0.0,0.0,0.0,0.055555556,0.23570226,0.055555556,0.23570226
0966.jpg,3.5,0.111111111,0.323380833,0.222222222,0.427792632,0.0,0.0,0.666666667,0.48507125,0.0,0.0,0.0,0.0,0.0,0.0
22_02_01.bmp,3.1666666666666665,0.111111111,0.323380833,0.611111111,0.501631326,0.055555556,0.23570226,0.055555556,0.23570226,0.111111111,0.323380833,0.111111111,0.323380833,0.0,0.0
01304.jpg,3.1666666666666665,0.444444444,0.511309993,0.388888889,0.501631326,0.055555556,0.23570226,0.166666667,0.383482494,0.277777778,0.460888599,0.0,0.0,0.0,0.0
29_17_05.bmp,2.1666666666666665,0.166666667,0.383482494,0.5,0.514495755,0.0,0.0,0.0,0.0,0.277777778,0.460888599,0.277777778,0.460888599,0.222222222,0.427792632
0732.jpg,3.2777777777777777,0.055555556,0.23570226,0.277777778,0.460888599,0.055555556,0.23570226,0.0,0.0,0.388888889,0.501631326,0.111111111,0.323380833,0.055555556,0.23570226
37_07_03.bmp,2.2777777777777777,0.166666667,0.383482494,0.777777778,0.427792632,0.055555556,0.23570226,0.111111111,0.323380833,0.055555556,0.23570226,0.055555556,0.23570226,0.0,0.0
22_11_04.bmp,2.2222222222222223,0.833333333,0.383482494,0.388888889,0.501631326,0.0,0.0,0.0,0.0,0.166666667,0.383482494,0.166666667,0.383482494,0.055555556,0.23570226
29_25_03.bmp,2.2222222222222223,0.111111111,0.323380833,0.111111111,0.323380833,0.0,0.0,0.055555556,0.23570226,0.055555556,0.23570226,0.111111111,0.323380833,0.888888889,0.323380833
01278.jpg,3.0,0.444444444,0.511309993,0.722222222,0.460888599,0.055555556,0.23570226,0.055555556,0.23570226,0.055555556,0.23570226,0.0,0.0,0.055555556,0.23570226
31_22_04.bmp,1.7222222222222223,0.111111111,0.323380833,0.888888889,0.323380833,0.0,0.0,0.055555556,0.23570226,0.166666667,0.383482494,0.055555556,0.23570226,0.0,0.0
21_15_03.bmp,3.388888888888889,0.055555556,0.23570226,0.388888889,0.501631326,0.166666667,0.383482494,0.055555556,0.23570226,0.0,0.0,0.0,0.0,0.0,0.0
22_24_05.bmp,1.2777777777777777,0.111111111,0.323380833,0.888888889,0.323380833,0.0,0.0,0.0,0.0,0.166666667,0.383482494,0.111111111,0.323380833,0.0,0.0
01405.jpg,3.555555555555556,0.111111111,0.323380833,0.444444444,0.511309993,0.166666667,0.383482494,0.0,0.0,0.055555556,0.23570226,0.0,0.0,0.0,0.0
0627.jpg,3.4444444444444446,0.0,0.0,0.5,0.514495755,0.0,0.0,0.166666667,0.383482494,0.0,0.0,0.0,0.0,0.111111111,0.323380833
20_25_01.bmp,3.111111111111111,0.111111111,0.323380833,0.277777778,0.460888599,0.055555556,0.23570226,0.055555556,0.23570226,0.055555556,0.23570226,0.055555556,0.23570226,0.5,0.514495755
32_01_05.bmp,1.3333333333333333,0.055555556,0.23570226,0.888888889,0.323380833,0.055555556,0.23570226,0.0,0.0,0.333333333,0.48507125,0.0,0.0,0.0,0.0
09_16_01.bmp,3.388888888888889,0.111111111,0.323380833,0.5,0.514495755,0.222222222,0.427792632,0.0,0.0,0.111111111,0.323380833,0.055555556,0.23570226,0.0,0.0
35_22_05.bmp,1.6666666666666667,0.277777778,0.460888599,0.888888889,0.323380833,0.055555556,0.23570226,0.055555556,0.23570226,0.0,0.0,0.055555556,0.23570226,0.0,0.0
0662.jpg,3.9444444444444446,0.111111111,0.323380833,0.222222222,0.427792632,0.0,0.0,0.0,0.0,0.055555556,0.23570226,0.111111111,0.323380833,0.111111111,0.323380833
10_03_02.bmp,3.055555555555556,0.055555556,0.23570226,0.611111111,0.501631326,0.0,0.0,0.055555556,0.23570226,0.388888889,0.501631326,0.277777778,0.460888599,0.0,0.0
10_13_05.bmp,2.1666666666666665,0.055555556,0.23570226,0.222222222,0.427792632,0.944444444,0.23570226,0.055555556,0.23570226,0.388888889,0.501631326,0.111111111,0.323380833,0.055555556,0.23570226
06_19_05.bmp,2.388888888888889,0.111111111,0.323380833,0.333333333,0.48507125,0.833333333,0.383482494,0.0,0.0,0.055555556,0.23570226,0.111111111,0.323380833,0.111111111,0.323380833
03_14_01.bmp,3.7777777777777777,0.055555556,0.23570226,0.055555556,0.23570226,0.0,0.0,0.111111111,0.323380833,0.222222222,0.427792632,0.055555556,0.23570226,0.055555556,0.23570226
02_02_05.bmp,1.2777777777777777,0.055555556,0.23570226,0.888888889,0.323380833,0.0,0.0,0.0,0.0,0.444444444,0.511309993,0.0,0.0,0.055555556,0.23570226
0402.jpg,2.888888888888889,0.055555556,0.23570226,0.833333333,0.383482494,0.0,0.0,0.166666667,0.383482494,0.055555556,0.23570226,0.055555556,0.23570226,0.0,0.0
15_05_05.bmp,1.8888888888888888,0.388888889,0.501631326,0.666666667,0.48507125,0.055555556,0.23570226,0.0,0.0,0.222222222,0.427792632,0.0,0.0,0.111111111,0.323380833
10_14_05.bmp,1.3888888888888888,0.0,0.0,0.222222222,0.427792632,0.111111111,0.323380833,0.944444444,0.23570226,0.166666667,0.383482494,0.111111111,0.323380833,0.0,0.0
14_20_02.bmp,2.555555555555556,0.333333333,0.48507125,0.333333333,0.48507125,0.166666667,0.383482494,0.222222222,0.427792632,0.055555556,0.23570226,0.055555556,0.23570226,0.0,0.0
12_18_04.bmp,2.388888888888889,0.166666667,0.383482494,0.722222222,0.460888599,0.111111111,0.323380833,0.0,0.0,0.055555556,0.23570226,0.055555556,0.23570226,0.055555556,0.23570226
14_22_04.bmp,2.0,0.222222222,0.427792632,0.833333333,0.383482494,0.055555556,0.23570226,0.0,0.0,0.055555556,0.23570226,0.055555556,0.23570226,0.055555556,0.23570226
0750.jpg,3.388888888888889,0.055555556,0.23570226,0.333333333,0.48507125,0.0,0.0,0.0,0.0,0.166666667,0.383482494,0.055555556,0.23570226,0.111111111,0.323380833
1083.jpg,3.4444444444444446,0.111111111,0.323380833,0.388888889,0.501631326,0.0,0.0,0.444444444,0.511309993,0.111111111,0.323380833,0.111111111,0.323380833,0.055555556,0.23570226
10_19_03.bmp,2.7777777777777777,0.333333333,0.48507125,0.333333333,0.48507125,0.388888889,0.501631326,0.0,0.0,0.333333333,0.48507125,0.222222222,0.427792632,0.0,0.0
26_05_01.bmp,3.7777777777777777,0.222222222,0.427792632,0.222222222,0.427792632,0.111111111,0.323380833,0.0,0.0,0.055555556,0.23570226,0.0,0.0,0.055555556,0.23570226
03_17_05.bmp,2.2222222222222223,0.111111111,0.323380833,0.333333333,0.48507125,0.0,0.0,0.055555556,0.23570226,0.222222222,0.427792632,0.111111111,0.323380833,0.333333333,0.48507125
01211.jpg,4.0,0.222222222,0.427792632,0.111111111,0.323380833,0.0,0.0,0.0,0.0,0.333333333,0.48507125,0.055555556,0.23570226,0.0,0.0
37_25_01.bmp,3.055555555555556,0.055555556,0.23570226,0.166666667,0.383482494,0.0,0.0,0.055555556,0.23570226,0.055555556,0.23570226,0.055555556,0.23570226,0.888888889,0.323380833
07_10_05.bmp,2.0,0.833333333,0.383482494,0.333333333,0.48507125,0.111111111,0.323380833,0.0,0.0,0.111111111,0.323380833,0.0,0.0,0.0,0.0
05_16_03.bmp,2.7222222222222223,0.222222222,0.427792632,0.611111111,0.501631326,0.166666667,0.383482494,0.055555556,0.23570226,0.0,0.0,0.111111111,0.323380833,0.0,0.0
01238.jpg,3.6666666666666665,0.222222222,0.427792632,0.5,0.514495755,0.055555556,0.23570226,0.222222222,0.427792632,0.166666667,0.383482494,0.0,0.0,0.0,0.0
17_18_05.bmp,1.6666666666666667,0.055555556,0.23570226,0.833333333,0.383482494,0.0,0.0,0.0,0.0,0.277777778,0.460888599,0.111111111,0.323380833,0.111111111,0.323380833
18_14_04.bmp,2.1666666666666665,0.166666667,0.383482494,0.222222222,0.427792632,0.166666667,0.383482494,0.611111111,0.501631326,0.0,0.0,0.055555556,0.23570226,0.055555556,0.23570226
07_14_05.bmp,2.111111111111111,0.222222222,0.427792632,0.222222222,0.427792632,0.055555556,0.23570226,0.777777778,0.427792632,0.166666667,0.383482494,0.055555556,0.23570226,0.0,0.0
23_01_01.bmp,3.388888888888889,0.055555556,0.23570226,0.555555556,0.511309993,0.055555556,0.23570226,0.0,0.0,0.388888889,0.501631326,0.0,0.0,0.0,0.0
0718.jpg,3.4444444444444446,0.055555556,0.23570226,0.166666667,0.383482494,0.055555556,0.23570226,0.055555556,0.23570226,0.333333333,0.48507125,0.222222222,0.427792632,0.055555556,0.23570226
0674.jpg,3.388888888888889,0.055555556,0.23570226,0.277777778,0.460888599,0.055555556,0.23570226,0.055555556,0.23570226,0.277777778,0.460888599,0.055555556,0.23570226,0.111111111,0.323380833
17_25_05.bmp,1.8333333333333333,0.055555556,0.23570226,0.0,0.0,0.055555556,0.23570226,0.055555556,0.23570226,0.166666667,0.383482494,0.055555556,0.23570226,0.833333333,0.383482494
0996.jpg,2.7777777777777777,0.055555556,0.23570226,0.333333333,0.48507125,0.0,0.0,0.611111111,0.501631326,0.388888889,0.501631326,0.055555556,0.23570226,0.0,0.0
10_09_02.bmp,2.6666666666666665,0.555555556,0.511309993,0.5,0.514495755,0.0,0.0,0.055555556,0.23570226,0.222222222,0.427792632,0.166666667,0.383482494,0.0,0.0
36_12_04.bmp,2.388888888888889,0.888888889,0.323380833,0.333333333,0.48507125,0.166666667,0.383482494,0.0,0.0,0.055555556,0.23570226,0.0,0.0,0.111111111,0.323380833
01_19_05.bmp,2.555555555555556,0.111111111,0.323380833,0.666666667,0.48507125,0.166666667,0.383482494,0.055555556,0.23570226,0.055555556,0.23570226,0.0,0.0,0.0,0.0
17_08_02.bmp,2.888888888888889,0.333333333,0.48507125,0.666666667,0.48507125,0.0,0.0,0.0,0.0,0.222222222,0.427792632,0.111111111,0.323380833,0.055555556,0.23570226
0055.jpg,2.1666666666666665,0.055555556,0.23570226,0.555555556,0.511309993,0.944444444,0.23570226,0.0,0.0,0.166666667,0.383482494,0.055555556,0.23570226,0.0,0.0
11_15_05.bmp,2.5,0.055555556,0.23570226,0.222222222,0.427792632,0.111111111,0.323380833,0.666666667,0.48507125,0.222222222,0.427792632,0.111111111,0.323380833,0.0,0.0
1147.jpg,2.6666666666666665,0.055555556,0.23570226,0.166666667,0.383482494,0.055555556,0.23570226,0.0,0.0,0.111111111,0.323380833,0.777777778,0.427792632,0.166666667,0.383482494
35_23_01.bmp,2.7222222222222223,0.055555556,0.23570226,0.333333333,0.48507125,0.0,0.0,0.666666667,0.48507125,0.0,0.0,0.0,0.0,0.222222222,0.427792632
11_19_03.bmp,2.5,0.166666667,0.383482494,0.333333333,0.48507125,0.444444444,0.511309993,0.0,0.0,0.222222222,0.427792632,0.055555556,0.23570226,0.055555556,0.23570226
13_15_03.bmp,3.611111111111111,0.111111111,0.323380833,0.166666667,0.383482494,0.277777778,0.460888599,0.0,0.0,0.166666667,0.383482494,0.055555556,0.23570226,0.055555556,0.23570226
0736.jpg,3.333333333333333,0.055555556,0.23570226,0.277777778,0.460888599,0.0,0.0,0.055555556,0.23570226,0.333333333,0.48507125,0.111111111,0.323380833,0.111111111,0.323380833
0179.jpg,2.6666666666666665,0.166666667,0.383482494,0.5,0.514495755,0.833333333,0.383482494,0.0,0.0,0.055555556,0.23570226,0.0,0.0,0.055555556,0.23570226
13_04_04.bmp,3.055555555555556,0.333333333,0.48507125,0.166666667,0.383482494,0.111111111,0.323380833,0.0,0.0,0.111111111,0.323380833,0.222222222,0.427792632,0.055555556,0.23570226
0007.jpg,3.4444444444444446,0.0,0.0,0.277777778,0.460888599,0.611111111,0.501631326,0.0,0.0,0.277777778,0.460888599,0.0,0.0,0.055555556,0.23570226
37_13_05.bmp,3.0,0.055555556,0.23570226,0.222222222,0.427792632,0.666666667,0.48507125,0.111111111,0.323380833,0.055555556,0.23570226,0.055555556,0.23570226,0.0,0.0
0013.jpg,3.111111111111111,0.0,0.0,0.277777778,0.460888599,0.777777778,0.427792632,0.0,0.0,0.166666667,0.383482494,0.055555556,0.23570226,0.0,0.0
10_21_04.bmp,1.9444444444444444,0.055555556,0.23570226,0.555555556,0.511309993,0.277777778,0.460888599,0.388888889,0.501631326,0.277777778,0.460888599,0.222222222,0.427792632,0.055555556,0.23570226
21_08_02.bmp,3.055555555555556,0.222222222,0.427792632,0.666666667,0.48507125,0.055555556,0.23570226,0.0,0.0,0.0,0.0,0.0,0.0,0.055555556,0.23570226
0146.jpg,2.2777777777777777,0.166666667,0.383482494,0.5,0.514495755,0.944444444,0.23570226,0.055555556,0.23570226,0.055555556,0.23570226,0.0,0.0,0.0,0.0
01225.jpg,3.6666666666666665,0.333333333,0.48507125,0.277777778,0.460888599,0.0,0.0,0.0,0.0,0.333333333,0.48507125,0.166666667,0.383482494,0.111111111,0.323380833
25_14_02.bmp,3.2777777777777777,0.166666667,0.383482494,0.277777778,0.460888599,0.0,0.0,0.222222222,0.427792632,0.111111111,0.323380833,0.0,0.0,0.111111111,0.323380833
16_07_05.bmp,1.3333333333333333,0.055555556,0.23570226,0.833333333,0.383482494,0.0,0.0,0.055555556,0.23570226,0.166666667,0.383482494,0.166666667,0.383482494,0.0,0.0
26_12_02.bmp,3.7777777777777777,0.388888889,0.501631326,0.166666667,0.383482494,0.111111111,0.323380833,0.111111111,0.323380833,0.055555556,0.23570226,0.055555556,0.23570226,0.0,0.0
09_01_02.bmp,3.5,0.166666667,0.383482494,0.555555556,0.511309993,0.222222222,0.427792632,0.055555556,0.23570226,0.111111111,0.323380833,0.111111111,0.323380833,0.0,0.0
05_24_04.bmp,1.5555555555555556,0.055555556,0.23570226,1.0,0.0,0.111111111,0.323380833,0.0,0.0,0.0,0.0,0.055555556,0.23570226,0.055555556,0.23570226
13_13_03.bmp,3.5,0.055555556,0.23570226,0.111111111,0.323380833,0.5,0.514495755,0.0,0.0,0.111111111,0.323380833,0.0,0.0,0.055555556,0.23570226
02_01_02.bmp,3.333333333333333,0.0,0.0,0.444444444,0.511309993,0.0,0.0,0.0,0.0,0.666666667,0.48507125,0.055555556,0.23570226,0.111111111,0.323380833
30_17_01.bmp,3.2777777777777777,0.111111111,0.323380833,0.5,0.514495755,0.055555556,0.23570226,0.0,0.0,0.277777778,0.460888599,0.055555556,0.23570226,0.111111111,0.323380833
0737.jpg,3.333333333333333,0.055555556,0.23570226,0.388888889,0.501631326,0.0,0.0,0.055555556,0.23570226,0.222222222,0.427792632,0.111111111,0.323380833,0.055555556,0.23570226
19_09_04.bmp,2.4444444444444446,0.666666667,0.48507125,0.333333333,0.48507125,0.055555556,0.23570226,0.055555556,0.23570226,0.111111111,0.323380833,0.055555556,0.23570226,0.0,0.0
0816.jpg,3.6666666666666665,0.055555556,0.23570226,0.5,0.514495755,0.0,0.0,0.0,0.0,0.222222222,0.427792632,0.0,0.0,0.055555556,0.23570226
0913.jpg,4.0,0.222222222,0.427792632,0.277777778,0.460888599,0.0,0.0,0.055555556,0.23570226,0.166666667,0.383482494,0.055555556,0.23570226,0.0,0.0
30_14_03.bmp,2.5,0.055555556,0.23570226,0.444444444,0.511309993,0.0,0.0,0.722222222,0.460888599,0.277777778,0.460888599,0.055555556,0.23570226,0.0,0.0
02_06_03.bmp,2.333333333333333,0.277777778,0.460888599,0.388888889,0.501631326,0.166666667,0.383482494,0.0,0.0,0.555555556,0.511309993,0.111111111,0.323380833,0.0,0.0
03_25_04.bmp,2.7777777777777777,0.055555556,0.23570226,0.055555556,0.23570226,0.0,0.0,0.055555556,0.23570226,0.055555556,0.23570226,0.055555556,0.23570226,0.944444444,0.23570226
04_06_05.bmp,1.8888888888888888,0.444444444,0.511309993,0.722222222,0.460888599,0.222222222,0.427792632,0.0,0.0,0.055555556,0.23570226,0.222222222,0.427792632,0.0,0.0
34_21_05.bmp,1.7777777777777777,0.222222222,0.427792632,0.666666667,0.48507125,0.277777778,0.460888599,0.277777778,0.460888599,0.0,0.0,0.055555556,0.23570226,0.055555556,0.23570226
32_22_03.bmp,2.333333333333333,0.111111111,0.323380833,0.777777778,0.427792632,0.055555556,0.23570226,0.055555556,0.23570226,0.388888889,0.501631326,0.055555556,0.23570226,0.0,0.0
01_04_04.bmp,2.7777777777777777,0.111111111,0.323380833,0.666666667,0.48507125,0.166666667,0.383482494,0.0,0.0,0.0,0.0,0.111111111,0.323380833,0.055555556,0.23570226
06_10_04.bmp,2.611111111111111,0.777777778,0.427792632,0.166666667,0.383482494,0.111111111,0.323380833,0.0,0.0,0.055555556,0.23570226,0.111111111,0.323380833,0.055555556,0.23570226
37_24_05.bmp,1.2777777777777777,0.0,0.0,0.888888889,0.323380833,0.055555556,0.23570226,0.0,0.0,0.055555556,0.23570226,0.0,0.0,0.055555556,0.23570226
32_23_02.bmp,2.5,0.111111111,0.323380833,0.444444444,0.511309993,0.055555556,0.23570226,0.611111111,0.501631326,0.333333333,0.48507125,0.0,0.0,0.055555556,0.23570226
16_19_03.bmp,2.7222222222222223,0.111111111,0.323380833,0.333333333,0.48507125,0.333333333,0.48507125,0.055555556,0.23570226,0.333333333,0.48507125,0.388888889,0.501631326,0.0,0.0
24_12_01.bmp,3.5,0.111111111,0.323380833,0.388888889,0.501631326,0.166666667,0.383482494,0.0,0.0,0.0,0.0,0.055555556,0.23570226,0.055555556,0.23570226
31_03_04.bmp,2.333333333333333,0.055555556,0.23570226,0.833333333,0.383482494,0.0,0.0,0.0,0.0,0.222222222,0.427792632,0.0,0.0,0.055555556,0.23570226
0908.jpg,3.7777777777777777,0.222222222,0.427792632,0.388888889,0.501631326,0.055555556,0.23570226,0.0,0.0,0.222222222,0.427792632,0.0,0.0,0.0,0.0
08_07_01.bmp,3.7777777777777777,0.277777778,0.460888599,0.333333333,0.48507125,0.0,0.0,0.111111111,0.323380833,0.111111111,0.323380833,0.0,0.0,0.0,0.0
1063.jpg,3.6666666666666665,0.055555556,0.23570226,0.388888889,0.501631326,0.055555556,0.23570226,0.277777778,0.460888599,0.111111111,0.323380833,0.055555556,0.23570226,0.055555556,0.23570226
03_03_04.bmp,2.611111111111111,0.055555556,0.23570226,0.777777778,0.427792632,0.055555556,0.23570226,0.0,0.0,0.111111111,0.323380833,0.0,0.0,0.0,0.0
33_18_04.bmp,2.5,0.111111111,0.323380833,0.666666667,0.48507125,0.0,0.0,0.0,0.0,0.5,0.514495755,0.055555556,0.23570226,0.0,0.0
35_21_01.bmp,1.6666666666666667,0.111111111,0.323380833,0.166666667,0.383482494,0.888888889,0.323380833,0.0,0.0,0.055555556,0.23570226,0.0,0.0,0.055555556,0.23570226
25_14_01.bmp,3.388888888888889,0.111111111,0.323380833,0.444444444,0.511309993,0.055555556,0.23570226,0.055555556,0.23570226,0.111111111,0.323380833,0.055555556,0.23570226,0.055555556,0.23570226
0262.jpg,1.3888888888888888,0.111111111,0.323380833,0.444444444,0.511309993,0.055555556,0.23570226,0.888888889,0.323380833,0.0,0.0,0.055555556,0.23570226,0.0,0.0
05_13_04.bmp,2.5,0.0,0.0,0.388888889,0.501631326,0.777777778,0.427792632,0.055555556,0.23570226,0.0,0.0,0.055555556,0.23570226,0.055555556,0.23570226
01386.jpg,3.611111111111111,0.055555556,0.23570226,0.666666667,0.48507125,0.055555556,0.23570226,0.0,0.0,0.055555556,0.23570226,0.0,0.0,0.055555556,0.23570226
35_01_04.bmp,1.7222222222222223,0.055555556,0.23570226,0.944444444,0.23570226,0.055555556,0.23570226,0.0,0.0,0.0,0.0,0.0,0.0,0.055555556,0.23570226
0324.jpg,2.4444444444444446,0.055555556,0.23570226,0.833333333,0.383482494,0.111111111,0.323380833,0.111111111,0.323380833,0.111111111,0.323380833,0.0,0.0,0.0,0.0
02_03_01.bmp,3.555555555555556,0.055555556,0.23570226,0.222222222,0.427792632,0.055555556,0.23570226,0.055555556,0.23570226,0.555555556,0.511309993,0.0,0.0,0.0,0.0
0162.jpg,2.611111111111111,0.111111111,0.323380833,0.444444444,0.511309993,0.833333333,0.383482494,0.0,0.0,0.277777778,0.460888599,0.055555556,0.23570226,0.055555556,0.23570226
02_02_03.bmp,2.0,0.055555556,0.23570226,0.833333333,0.383482494,0.0,0.0,0.0,0.0,0.555555556,0.511309993,0.055555556,0.23570226,0.055555556,0.23570226
0464.jpg,2.555555555555556,0.111111111,0.323380833,0.333333333,0.48507125,0.0,0.0,0.222222222,0.427792632,0.833333333,0.383482494,0.0,0.0,0.0,0.0
03_06_05.bmp,1.7777777777777777,0.388888889,0.501631326,0.333333333,0.48507125,0.333333333,0.48507125,0.0,0.0,0.166666667,0.383482494,0.111111111,0.323380833,0.055555556,0.23570226
33_08_01.bmp,3.2777777777777777,0.055555556,0.23570226,0.388888889,0.501631326,0.0,0.0,0.055555556,0.23570226,0.5,0.514495755,0.0,0.0,0.0,0.0
18_12_04.bmp,2.1666666666666665,0.722222222,0.460888599,0.333333333,0.48507125,0.222222222,0.427792632,0.0,0.0,0.055555556,0.23570226,0.0,0.0,0.055555556,0.23570226
26_11_02.bmp,3.333333333333333,0.666666667,0.48507125,0.055555556,0.23570226,0.166666667,0.383482494,0.0,0.0,0.055555556,0.23570226,0.055555556,0.23570226,0.0,0.0
35_02_02.bmp,2.388888888888889,0.055555556,0.23570226,0.833333333,0.383482494,0.0,0.0,0.0,0.0,0.055555556,0.23570226,0.0,0.0,0.111111111,0.323380833
0577.jpg,3.2222222222222223,0.055555556,0.23570226,0.277777778,0.460888599,0.0,0.0,0.055555556,0.23570226,0.611111111,0.501631326,0.055555556,0.23570226,0.055555556,0.23570226
23_06_04.bmp,1.8888888888888888,0.388888889,0.501631326,0.333333333,0.48507125,0.222222222,0.427792632,0.0,0.0,0.277777778,0.460888599,0.166666667,0.383482494,0.0,0.0
05_19_05.bmp,2.333333333333333,0.055555556,0.23570226,0.444444444,0.511309993,0.555555556,0.511309993,0.0,0.0,0.055555556,0.23570226,0.166666667,0.383482494,0.0,0.0
30_14_02.bmp,3.0,0.111111111,0.323380833,0.388888889,0.501631326,0.0,0.0,0.444444444,0.511309993,0.222222222,0.427792632,0.0,0.0,0.0,0.0
0014.jpg,3.2222222222222223,0.055555556,0.23570226,0.166666667,0.383482494,0.777777778,0.427792632,0.055555556,0.23570226,0.111111111,0.323380833,0.0,0.0,0.0,0.0
25_25_05.bmp,2.0,0.055555556,0.23570226,0.111111111,0.323380833,0.055555556,0.23570226,0.0,0.0,0.111111111,0.323380833,0.111111111,0.323380833,0.777777778,0.427792632
22_01_01.bmp,3.5,0.111111111,0.323380833,0.611111111,0.501631326,0.0,0.0,0.0,0.0,0.111111111,0.323380833,0.166666667,0.383482494,0.0,0.0
03_14_04.bmp,2.7222222222222223,0.111111111,0.323380833,0.166666667,0.383482494,0.055555556,0.23570226,0.777777778,0.427792632,0.111111111,0.323380833,0.055555556,0.23570226,0.0,0.0
29_02_03.bmp,2.1666666666666665,0.055555556,0.23570226,0.888888889,0.323380833,0.055555556,0.23570226,0.0,0.0,0.111111111,0.323380833,0.055555556,0.23570226,0.055555556,0.23570226
01488.jpg,2.9444444444444446,0.111111111,0.323380833,0.666666667,0.48507125,0.111111111,0.323380833,0.0,0.0,0.0,0.0,0.055555556,0.23570226,0.0,0.0
1026.jpg,3.055555555555556,0.055555556,0.23570226,0.388888889,0.501631326,0.0,0.0,0.555555556,0.511309993,0.111111111,0.323380833,0.055555556,0.23570226,0.0,0.0
05_20_01.bmp,2.888888888888889,0.555555556,0.511309993,0.333333333,0.48507125,0.222222222,0.427792632,0.166666667,0.383482494,0.055555556,0.23570226,0.0,0.0,0.055555556,0.23570226
0548.jpg,3.055555555555556,0.111111111,0.323380833,0.388888889,0.501631326,0.055555556,0.23570226,0.055555556,0.23570226,0.777777778,0.427792632,0.0,0.0,0.055555556,0.23570226
1088.jpg,2.2777777777777777,0.055555556,0.23570226,0.055555556,0.23570226,0.0,0.0,0.055555556,0.23570226,0.333333333,0.48507125,0.833333333,0.383482494,0.277777778,0.460888599
0429.jpg,1.7777777777777777,0.055555556,0.23570226,1.0,0.0,0.0,0.0,0.055555556,0.23570226,0.0,0.0,0.0,0.0,0.055555556,0.23570226
19_17_01.bmp,3.555555555555556,0.055555556,0.23570226,0.333333333,0.48507125,0.055555556,0.23570226,0.0,0.0,0.166666667,0.383482494,0.222222222,0.427792632,0.111111111,0.323380833
27_02_02.bmp,3.055555555555556,0.0,0.0,0.666666667,0.48507125,0.0,0.0,0.055555556,0.23570226,0.5,0.514495755,0.0,0.0,0.055555556,0.23570226
01196.jpg,3.333333333333333,0.222222222,0.427792632,0.333333333,0.48507125,0.055555556,0.23570226,0.055555556,0.23570226,0.777777778,0.427792632,0.0,0.0,0.055555556,0.23570226
32_17_01.bmp,2.6666666666666665,0.055555556,0.23570226,0.555555556,0.511309993,0.111111111,0.323380833,0.0,0.0,0.388888889,0.501631326,0.055555556,0.23570226,0.166666667,0.383482494
0590.jpg,3.333333333333333,0.055555556,0.23570226,0.333333333,0.48507125,0.0,0.0,0.222222222,0.427792632,0.5,0.514495755,0.111111111,0.323380833,0.055555556,0.23570226
09_01_04.bmp,1.9444444444444444,0.111111111,0.323380833,0.833333333,0.383482494,0.222222222,0.427792632,0.0,0.0,0.166666667,0.383482494,0.0,0.0,0.0,0.0
0574.jpg,3.1666666666666665,0.111111111,0.323380833,0.277777778,0.460888599,0.0,0.0,0.055555556,0.23570226,0.555555556,0.511309993,0.055555556,0.23570226,0.111111111,0.323380833
18_05_05.bmp,1.8888888888888888,0.388888889,0.501631326,0.722222222,0.460888599,0.111111111,0.323380833,0.0,0.0,0.055555556,0.23570226,0.0,0.0,0.055555556,0.23570226
32_19_05.bmp,1.6111111111111112,0.277777778,0.460888599,0.222222222,0.427792632,0.555555556,0.511309993,0.444444444,0.511309993,0.388888889,0.501631326,0.055555556,0.23570226,0.055555556,0.23570226
0911.jpg,3.9444444444444446,0.166666667,0.383482494,0.444444444,0.511309993,0.0,0.0,0.055555556,0.23570226,0.166666667,0.383482494,0.0,0.0,0.0,0.0
0810.jpg,3.333333333333333,0.0,0.0,0.5,0.514495755,0.055555556,0.23570226,0.0,0.0,0.333333333,0.48507125,0.0,0.0,0.055555556,0.23570226
01_09_05.bmp,2.055555555555556,0.888888889,0.323380833,0.444444444,0.511309993,0.055555556,0.23570226,0.0,0.0,0.055555556,0.23570226,0.0,0.0,0.111111111,0.323380833
26_01_05.bmp,1.6111111111111112,0.055555556,0.23570226,0.888888889,0.323380833,0.055555556,0.23570226,0.0,0.0,0.0,0.0,0.0,0.0,0.0,0.0
04_05_04.bmp,1.7222222222222223,0.444444444,0.511309993,0.666666667,0.48507125,0.166666667,0.383482494,0.0,0.0,0.333333333,0.48507125,0.0,0.0,0.055555556,0.23570226
0124.jpg,2.7777777777777777,0.111111111,0.323380833,0.277777778,0.460888599,0.888888889,0.323380833,0.0,0.0,0.055555556,0.23570226,0.055555556,0.23570226,0.055555556,0.23570226
06_18_05.bmp,1.5,0.166666667,0.383482494,0.777777778,0.427792632,0.055555556,0.23570226,0.055555556,0.23570226,0.0,0.0,0.111111111,0.323380833,0.055555556,0.23570226
26_23_02.bmp,3.055555555555556,0.0,0.0,0.055555556,0.23570226,0.055555556,0.23570226,0.722222222,0.460888599,0.055555556,0.23570226,0.055555556,0.23570226,0.111111111,0.323380833
36_07_01.bmp,3.2222222222222223,0.111111111,0.323380833,0.555555556,0.511309993,0.111111111,0.323380833,0.0,0.0,0.0,0.0,0.055555556,0.23570226,0.111111111,0.323380833
14_13_03.bmp,3.055555555555556,0.111111111,0.323380833,0.222222222,0.427792632,0.722222222,0.460888599,0.0,0.0,0.0,0.0,0.111111111,0.323380833,0.111111111,0.323380833
36_21_01.bmp,2.0,0.111111111,0.323380833,0.444444444,0.511309993,0.722222222,0.460888599,0.055555556,0.23570226,0.055555556,0.23570226,0.055555556,0.23570226,0.055555556,0.23570226
0170.jpg,1.9444444444444444,0.055555556,0.23570226,0.333333333,0.48507125,0.944444444,0.23570226,0.055555556,0.23570226,0.166666667,0.383482494,0.0,0.0,0.0,0.0
1041.jpg,3.2777777777777777,0.0,0.0,0.555555556,0.511309993,0.0,0.0,0.5,0.514495755,0.111111111,0.323380833,0.055555556,0.23570226,0.0,0.0
33_09_02.bmp,2.9444444444444446,0.555555556,0.511309993,0.277777778,0.460888599,0.0,0.0,0.0,0.0,0.388888889,0.501631326,0.055555556,0.23570226,0.0,0.0
0041.jpg,3.5,0.0,0.0,0.333333333,0.48507125,0.666666667,0.48507125,0.0,0.0,0.0,0.0,0.055555556,0.23570226,0.0,0.0
0326.jpg,2.5,0.166666667,0.383482494,0.833333333,0.383482494,0.055555556,0.23570226,0.111111111,0.323380833,0.055555556,0.23570226,0.0,0.0,0.055555556,0.23570226
16_01_03.bmp,2.7222222222222223,0.0,0.0,0.722222222,0.460888599,0.0,0.0,0.055555556,0.23570226,0.388888889,0.501631326,0.555555556,0.511309993,0.0,0.0
17_03_01.bmp,3.5,0.111111111,0.323380833,0.444444444,0.511309993,0.0,0.0,0.055555556,0.23570226,0.166666667,0.383482494,0.111111111,0.323380833,0.055555556,0.23570226
12_15_02.bmp,2.888888888888889,0.055555556,0.23570226,0.111111111,0.323380833,0.722222222,0.460888599,0.0,0.0,0.0,0.0,0.0,0.0,0.055555556,0.23570226
07_14_03.bmp,3.1666666666666665,0.333333333,0.48507125,0.388888889,0.501631326,0.111111111,0.323380833,0.222222222,0.427792632,0.111111111,0.323380833,0.111111111,0.323380833,0.055555556,0.23570226
19_09_03.bmp,2.555555555555556,0.722222222,0.460888599,0.277777778,0.460888599,0.055555556,0.23570226,0.0,0.0,0.111111111,0.323380833,0.055555556,0.23570226,0.111111111,0.323380833
01_05_02.bmp,2.555555555555556,0.277777778,0.460888599,0.722222222,0.460888599,0.166666667,0.383482494,0.0,0.0,0.0,0.0,0.055555556,0.23570226,0.055555556,0.23570226
18_19_03.bmp,2.5,0.111111111,0.323380833,0.555555556,0.511309993,0.5,0.514495755,0.0,0.0,0.0,0.0,0.055555556,0.23570226,0.111111111,0.323380833
12_21_04.bmp,2.111111111111111,0.111111111,0.323380833,0.277777778,0.460888599,0.111111111,0.323380833,0.5,0.514495755,0.111111111,0.323380833,0.111111111,0.323380833,0.055555556,0.23570226
07_24_05.bmp,1.2777777777777777,0.0,0.0,0.888888889,0.323380833,0.111111111,0.323380833,0.055555556,0.23570226,0.055555556,0.23570226,0.0,0.0,0.055555556,0.23570226
30_18_01.bmp,2.888888888888889,0.055555556,0.23570226,0.555555556,0.511309993,0.055555556,0.23570226,0.111111111,0.323380833,0.277777778,0.460888599,0.111111111,0.323380833,0.0,0.0
36_05_04.bmp,2.0,0.222222222,0.427792632,0.888888889,0.323380833,0.166666667,0.383482494,0.0,0.0,0.0,0.0,0.0,0.0,0.111111111,0.323380833
02_01_05.bmp,1.3888888888888888,0.166666667,0.383482494,0.944444444,0.23570226,0.0,0.0,0.0,0.0,0.611111111,0.501631326,0.055555556,0.23570226,0.0,0.0
01398.jpg,3.2777777777777777,0.0,0.0,0.722222222,0.460888599,0.166666667,0.383482494,0.0,0.0,0.0,0.0,0.0,0.0,0.0,0.0
01412.jpg,3.0,0.0,0.0,0.555555556,0.511309993,0.055555556,0.23570226,0.055555556,0.23570226,0.055555556,0.23570226,0.0,0.0,0.055555556,0.23570226
04_19_05.bmp,2.555555555555556,0.166666667,0.383482494,0.611111111,0.501631326,0.166666667,0.383482494,0.0,0.0,0.166666667,0.383482494,0.055555556,0.23570226,0.0,0.0
0029.jpg,2.5,0.0,0.0,0.444444444,0.511309993,0.944444444,0.23570226,0.0,0.0,0.111111111,0.323380833,0.055555556,0.23570226,0.0,0.0
01308.jpg,2.9444444444444446,0.444444444,0.511309993,0.722222222,0.460888599,0.111111111,0.323380833,0.0,0.0,0.111111111,0.323380833,0.055555556,0.23570226,0.0,0.0
05_04_05.bmp,2.333333333333333,0.333333333,0.48507125,0.444444444,0.511309993,0.166666667,0.383482494,0.0,0.0,0.0,0.0,0.333333333,0.48507125,0.055555556,0.23570226
20_13_03.bmp,3.0,0.111111111,0.323380833,0.277777778,0.460888599,0.611111111,0.501631326,0.0,0.0,0.111111111,0.323380833,0.111111111,0.323380833,0.0,0.0
01_19_01.bmp,3.111111111111111,0.055555556,0.23570226,0.666666667,0.48507125,0.055555556,0.23570226,0.0,0.0,0.055555556,0.23570226,0.055555556,0.23570226,0.055555556,0.23570226
06_18_02.bmp,2.4444444444444446,0.222222222,0.427792632,0.666666667,0.48507125,0.111111111,0.323380833,0.0,0.0,0.0,0.0,0.222222222,0.427792632,0.277777778,0.460888599
16_03_04.bmp,2.055555555555556,0.055555556,0.23570226,0.833333333,0.383482494,0.0,0.0,0.0,0.0,0.333333333,0.48507125,0.388888889,0.501631326,0.055555556,0.23570226
0723.jpg,3.7222222222222223,0.111111111,0.323380833,0.222222222,0.427792632,0.0,0.0,0.0,0.0,0.166666667,0.383482494,0.055555556,0.23570226,0.111111111,0.323380833
11_23_04.bmp,2.2777777777777777,0.055555556,0.23570226,0.277777778,0.460888599,0.0,0.0,0.833333333,0.383482494,0.222222222,0.427792632,0.111111111,0.323380833,0.0,0.0
09_06_05.bmp,1.6666666666666667,0.444444444,0.511309993,0.333333333,0.48507125,0.055555556,0.23570226,0.111111111,0.323380833,0.166666667,0.383482494,0.222222222,0.427792632,0.0,0.0
26_22_01.bmp,3.6666666666666665,0.166666667,0.383482494,0.277777778,0.460888599,0.166666667,0.383482494,0.0,0.0,0.111111111,0.323380833,0.055555556,0.23570226,0.0,0.0
17_10_05.bmp,2.1666666666666665,0.722222222,0.460888599,0.222222222,0.427792632,0.055555556,0.23570226,0.0,0.0,0.277777778,0.460888599,0.055555556,0.23570226,0.0,0.0
28_23_02.bmp,2.888888888888889,0.055555556,0.23570226,0.222222222,0.427792632,0.055555556,0.23570226,0.666666667,0.48507125,0.111111111,0.323380833,0.0,0.0,0.055555556,0.23570226
09_17_03.bmp,2.611111111111111,0.166666667,0.383482494,0.444444444,0.511309993,0.055555556,0.23570226,0.0,0.0,0.222222222,0.427792632,0.111111111,0.323380833,0.222222222,0.427792632
27_06_04.bmp,2.333333333333333,0.222222222,0.427792632,0.5,0.514495755,0.222222222,0.427792632,0.0,0.0,0.444444444,0.511309993,0.166666667,0.383482494,0.0,0.0
23_15_05.bmp,2.888888888888889,0.055555556,0.23570226,0.333333333,0.48507125,0.055555556,0.23570226,0.388888889,0.501631326,0.277777778,0.460888599,0.111111111,0.323380833,0.055555556,0.23570226
14_01_03.bmp,2.555555555555556,0.055555556,0.23570226,0.833333333,0.383482494,0.111111111,0.323380833,0.055555556,0.23570226,0.0,0.0,0.111111111,0.323380833,0.111111111,0.323380833
0721.jpg,3.055555555555556,0.111111111,0.323380833,0.388888889,0.501631326,0.0,0.0,0.055555556,0.23570226,0.388888889,0.501631326,0.222222222,0.427792632,0.0,0.0
13_23_02.bmp,3.0,0.0,0.0,0.111111111,0.323380833,0.055555556,0.23570226,0.777777778,0.427792632,0.055555556,0.23570226,0.0,0.0,0.166666667,0.383482494
34_11_04.bmp,2.1666666666666665,0.888888889,0.323380833,0.333333333,0.48507125,0.166666667,0.383482494,0.0,0.0,0.111111111,0.323380833,0.0,0.0,0.055555556,0.23570226
08_17_05.bmp,2.4444444444444446,0.222222222,0.427792632,0.444444444,0.511309993,0.0,0.0,0.055555556,0.23570226,0.166666667,0.383482494,0.166666667,0.383482494,0.277777778,0.460888599
1119.jpg,3.0,0.055555556,0.23570226,0.666666667,0.48507125,0.055555556,0.23570226,0.111111111,0.323380833,0.055555556,0.23570226,0.055555556,0.23570226,0.0,0.0
1070.jpg,3.333333333333333,0.055555556,0.23570226,0.555555556,0.511309993,0.055555556,0.23570226,0.333333333,0.48507125,0.055555556,0.23570226,0.055555556,0.23570226,0.0,0.0
07_16_02.bmp,3.5,0.166666667,0.383482494,0.388888889,0.501631326,0.0,0.0,0.111111111,0.323380833,0.111111111,0.323380833,0.055555556,0.23570226,0.111111111,0.323380833
03_23_02.bmp,3.1666666666666665,0.055555556,0.23570226,0.111111111,0.323380833,0.055555556,0.23570226,0.777777778,0.427792632,0.055555556,0.23570226,0.0,0.0,0.055555556,0.23570226
0600.jpg,3.1666666666666665,0.166666667,0.383482494,0.388888889,0.501631326,0.055555556,0.23570226,0.111111111,0.323380833,0.333333333,0.48507125,0.166666667,0.383482494,0.0,0.0
35_15_05.bmp,2.611111111111111,0.111111111,0.323380833,0.666666667,0.48507125,0.0,0.0,0.222222222,0.427792632,0.055555556,0.23570226,0.0,0.0,0.055555556,0.23570226
25_24_05.bmp,1.3333333333333333,0.166666667,0.383482494,0.888888889,0.323380833,0.055555556,0.23570226,0.0,0.0,0.111111111,0.323380833,0.0,0.0,0.0,0.0
25_01_04.bmp,1.8888888888888888,0.055555556,0.23570226,0.888888889,0.323380833,0.055555556,0.23570226,0.0,0.0,0.166666667,0.383482494,0.055555556,0.23570226,0.0,0.0
26_02_02.bmp,3.611111111111111,0.055555556,0.23570226,0.5,0.514495755,0.055555556,0.23570226,0.0,0.0,0.111111111,0.323380833,0.055555556,0.23570226,0.0,0.0
0316.jpg,2.4444444444444446,0.055555556,0.23570226,0.888888889,0.323380833,0.0,0.0,0.166666667,0.383482494,0.166666667,0.383482494,0.0,0.0,0.0,0.0
32_03_04.bmp,2.111111111111111,0.0,0.0,0.833333333,0.383482494,0.166666667,0.383482494,0.0,0.0,0.444444444,0.511309993,0.055555556,0.23570226,0.0,0.0
0486.jpg,3.111111111111111,0.055555556,0.23570226,0.5,0.514495755,0.0,0.0,0.111111111,0.323380833,0.666666667,0.48507125,0.0,0.0,0.0,0.0
35_08_01.bmp,2.9444444444444446,0.111111111,0.323380833,0.611111111,0.501631326,0.055555556,0.23570226,0.055555556,0.23570226,0.0,0.0,0.055555556,0.23570226,0.055555556,0.23570226
24_07_04.bmp,1.8888888888888888,0.111111111,0.323380833,0.833333333,0.383482494,0.0,0.0,0.055555556,0.23570226,0.055555556,0.23570226,0.055555556,0.23570226,0.0,0.0
36_12_02.bmp,3.0,0.5,0.514495755,0.5,0.514495755,0.111111111,0.323380833,0.055555556,0.23570226,0.055555556,0.23570226,0.0,0.0,0.055555556,0.23570226
01247.jpg,3.5,0.0,0.0,0.333333333,0.48507125,0.0,0.0,0.333333333,0.48507125,0.722222222,0.460888599,0.055555556,0.23570226,0.0,0.0
0027.jpg,2.111111111111111,0.055555556,0.23570226,0.444444444,0.511309993,0.888888889,0.323380833,0.055555556,0.23570226,0.0,0.0,0.0,0.0,0.0,0.0
22_13_05.bmp,1.9444444444444444,0.111111111,0.323380833,0.166666667,0.383482494,0.944444444,0.23570226,0.0,0.0,0.166666667,0.383482494,0.055555556,0.23570226,0.0,0.0
01354.jpg,2.9444444444444446,0.055555556,0.23570226,0.722222222,0.460888599,0.111111111,0.323380833,0.0,0.0,0.0,0.0,0.0,0.0,0.055555556,0.23570226
20_24_01.bmp,3.111111111111111,0.111111111,0.323380833,0.611111111,0.501631326,0.111111111,0.323380833,0.055555556,0.23570226,0.055555556,0.23570226,0.111111111,0.323380833,0.0,0.0
0312.jpg,2.388888888888889,0.166666667,0.383482494,0.777777778,0.427792632,0.0,0.0,0.166666667,0.383482494,0.222222222,0.427792632,0.0,0.0,0.055555556,0.23570226
10_25_02.bmp,2.6666666666666665,0.0,0.0,0.222222222,0.427792632,0.0,0.0,0.0,0.0,0.277777778,0.460888599,0.111111111,0.323380833,0.888888889,0.323380833
23_09_05.bmp,2.0,0.777777778,0.427792632,0.222222222,0.427792632,0.111111111,0.323380833,0.0,0.0,0.166666667,0.383482494,0.055555556,0.23570226,0.0,0.0
01305.jpg,3.055555555555556,0.222222222,0.427792632,0.555555556,0.511309993,0.0,0.0,0.611111111,0.501631326,0.166666667,0.383482494,0.055555556,0.23570226,0.055555556,0.23570226
11_22_02.bmp,2.555555555555556,0.277777778,0.460888599,0.611111111,0.501631326,0.055555556,0.23570226,0.0,0.0,0.277777778,0.460888599,0.055555556,0.23570226,0.0,0.0
0752.jpg,3.333333333333333,0.055555556,0.23570226,0.5,0.514495755,0.0,0.0,0.0,0.0,0.0,0.0,0.055555556,0.23570226,0.111111111,0.323380833
07_05_01.bmp,3.333333333333333,0.055555556,0.23570226,0.555555556,0.511309993,0.166666667,0.383482494,0.0,0.0,0.166666667,0.383482494,0.0,0.0,0.111111111,0.323380833
0101.jpg,2.4444444444444446,0.055555556,0.23570226,0.5,0.514495755,0.944444444,0.23570226,0.0,0.0,0.055555556,0.23570226,0.0,0.0,0.111111111,0.323380833
04_12_03.bmp,2.611111111111111,0.833333333,0.383482494,0.444444444,0.511309993,0.055555556,0.23570226,0.0,0.0,0.222222222,0.427792632,0.055555556,0.23570226,0.055555556,0.23570226
11_18_05.bmp,1.7222222222222223,0.111111111,0.323380833,0.722222222,0.460888599,0.055555556,0.23570226,0.111111111,0.323380833,0.222222222,0.427792632,0.055555556,0.23570226,0.055555556,0.23570226
35_20_05.bmp,1.7222222222222223,0.555555556,0.511309993,0.555555556,0.511309993,0.222222222,0.427792632,0.166666667,0.383482494,0.0,0.0,0.0,0.0,0.0,0.0
0832.jpg,3.2777777777777777,0.055555556,0.23570226,0.5,0.514495755,0.0,0.0,0.055555556,0.23570226,0.166666667,0.383482494,0.055555556,0.23570226,0.055555556,0.23570226
01375.jpg,3.388888888888889,0.0,0.0,0.722222222,0.460888599,0.111111111,0.323380833,0.055555556,0.23570226,0.0,0.0,0.0,0.0,0.055555556,0.23570226
11_12_02.bmp,2.9444444444444446,0.611111111,0.501631326,0.277777778,0.460888599,0.055555556,0.23570226,0.055555556,0.23570226,0.333333333,0.48507125,0.055555556,0.23570226,0.0,0.0
28_05_05.bmp,1.8333333333333333,0.277777778,0.460888599,0.722222222,0.460888599,0.111111111,0.323380833,0.0,0.0,0.222222222,0.427792632,0.111111111,0.323380833,0.0,0.0
21_15_02.bmp,2.7777777777777777,0.111111111,0.323380833,0.277777778,0.460888599,0.666666667,0.48507125,0.0,0.0,0.055555556,0.23570226,0.055555556,0.23570226,0.055555556,0.23570226
24_16_02.bmp,3.2777777777777777,0.055555556,0.23570226,0.666666667,0.48507125,0.055555556,0.23570226,0.0,0.0,0.0,0.0,0.0,0.0,0.0,0.0
1071.jpg,3.333333333333333,0.111111111,0.323380833,0.444444444,0.511309993,0.0,0.0,0.388888889,0.501631326,0.111111111,0.323380833,0.055555556,0.23570226,0.111111111,0.323380833
29_06_03.bmp,1.8333333333333333,0.333333333,0.48507125,0.277777778,0.460888599,0.277777778,0.460888599,0.111111111,0.323380833,0.055555556,0.23570226,0.166666667,0.383482494,0.055555556,0.23570226
05_25_04.bmp,2.111111111111111,0.111111111,0.323380833,0.166666667,0.383482494,0.055555556,0.23570226,0.0,0.0,0.0,0.0,0.111111111,0.323380833,1.0,0.0
0602.jpg,3.2222222222222223,0.055555556,0.23570226,0.333333333,0.48507125,0.0,0.0,0.055555556,0.23570226,0.555555556,0.511309993,0.055555556,0.23570226,0.055555556,0.23570226
13_03_02.bmp,3.333333333333333,0.111111111,0.323380833,0.666666667,0.48507125,0.055555556,0.23570226,0.0,0.0,0.166666667,0.383482494,0.111111111,0.323380833,0.111111111,0.323380833
02_11_04.bmp,2.5,0.833333333,0.383482494,0.333333333,0.48507125,0.055555556,0.23570226,0.0,0.0,0.555555556,0.511309993,0.055555556,0.23570226,0.0,0.0
29_15_05.bmp,2.1666666666666665,0.055555556,0.23570226,0.444444444,0.511309993,0.0,0.0,0.722222222,0.460888599,0.111111111,0.323380833,0.111111111,0.323380833,0.055555556,0.23570226
12_10_04.bmp,2.5,0.777777778,0.427792632,0.166666667,0.383482494,0.055555556,0.23570226,0.055555556,0.23570226,0.111111111,0.323380833,0.0,0.0,0.0,0.0
02_07_04.bmp,1.8333333333333333,0.277777778,0.460888599,0.888888889,0.323380833,0.0,0.0,0.0,0.0,0.388888889,0.501631326,0.055555556,0.23570226,0.055555556,0.23570226
0194.jpg,1.8333333333333333,0.055555556,0.23570226,0.277777778,0.460888599,0.055555556,0.23570226,0.888888889,0.323380833,0.111111111,0.323380833,0.055555556,0.23570226,0.055555556,0.23570226
12_22_04.bmp,1.8333333333333333,0.222222222,0.427792632,0.777777778,0.427792632,0.111111111,0.323380833,0.0,0.0,0.055555556,0.23570226,0.055555556,0.23570226,0.0,0.0
07_15_04.bmp,3.333333333333333,0.222222222,0.427792632,0.277777778,0.460888599,0.111111111,0.323380833,0.0,0.0,0.111111111,0.323380833,0.055555556,0.23570226,0.111111111,0.323380833
22_21_02.bmp,2.7222222222222223,0.111111111,0.323380833,0.166666667,0.383482494,0.722222222,0.460888599,0.0,0.0,0.055555556,0.23570226,0.0,0.0,0.0,0.0
11_07_03.bmp,2.388888888888889,0.277777778,0.460888599,0.888888889,0.323380833,0.0,0.0,0.055555556,0.23570226,0.222222222,0.427792632,0.055555556,0.23570226,0.055555556,0.23570226
0344.jpg,2.4444444444444446,0.166666667,0.383482494,0.833333333,0.383482494,0.055555556,0.23570226,0.055555556,0.23570226,0.055555556,0.23570226,0.0,0.0,0.0,0.0
19_04_05.bmp,2.388888888888889,0.388888889,0.501631326,0.166666667,0.383482494,0.222222222,0.427792632,0.055555556,0.23570226,0.111111111,0.323380833,0.166666667,0.383482494,0.055555556,0.23570226
24_13_03.bmp,2.833333333333333,0.055555556,0.23570226,0.333333333,0.48507125,0.5,0.514495755,0.0,0.0,0.0,0.0,0.0,0.0,0.0,0.0
0755.jpg,3.7777777777777777,0.055555556,0.23570226,0.388888889,0.501631326,0.0,0.0,0.0,0.0,0.111111111,0.323380833,0.0,0.0,0.055555556,0.23570226
02_09_04.bmp,2.4444444444444446,0.888888889,0.323380833,0.388888889,0.501631326,0.055555556,0.23570226,0.0,0.0,0.444444444,0.511309993,0.055555556,0.23570226,0.0,0.0
15_17_04.bmp,2.2777777777777777,0.111111111,0.323380833,0.444444444,0.511309993,0.055555556,0.23570226,0.0,0.0,0.333333333,0.48507125,0.055555556,0.23570226,0.277777778,0.460888599
17_10_02.bmp,2.611111111111111,0.722222222,0.460888599,0.222222222,0.427792632,0.055555556,0.23570226,0.055555556,0.23570226,0.222222222,0.427792632,0.111111111,0.323380833,0.0,0.0
0186.jpg,3.1666666666666665,0.111111111,0.323380833,0.277777778,0.460888599,0.722222222,0.460888599,0.0,0.0,0.0,0.0,0.0,0.0,0.055555556,0.23570226
32_02_05.bmp,1.3888888888888888,0.055555556,0.23570226,0.888888889,0.323380833,0.055555556,0.23570226,0.0,0.0,0.444444444,0.511309993,0.055555556,0.23570226,0.0,0.0
04_15_04.bmp,2.888888888888889,0.222222222,0.427792632,0.611111111,0.501631326,0.222222222,0.427792632,0.055555556,0.23570226,0.166666667,0.383482494,0.0,0.0,0.055555556,0.23570226
28_07_05.bmp,1.5555555555555556,0.111111111,0.323380833,0.833333333,0.383482494,0.055555556,0.23570226,0.055555556,0.23570226,0.277777778,0.460888599,0.111111111,0.323380833,0.0,0.0
19_16_03.bmp,2.888888888888889,0.166666667,0.383482494,0.555555556,0.511309993,0.055555556,0.23570226,0.0,0.0,0.111111111,0.323380833,0.111111111,0.323380833,0.111111111,0.323380833
02_03_03.bmp,2.5,0.055555556,0.23570226,0.777777778,0.427792632,0.0,0.0,0.0,0.0,0.611111111,0.501631326,0.0,0.0,0.0,0.0
01_25_04.bmp,1.8333333333333333,0.055555556,0.23570226,0.333333333,0.48507125,0.111111111,0.323380833,0.0,0.0,0.0,0.0,0.055555556,0.23570226,0.944444444,0.23570226
28_22_04.bmp,2.333333333333333,0.166666667,0.383482494,0.777777778,0.427792632,0.055555556,0.23570226,0.0,0.0,0.277777778,0.460888599,0.0,0.0,0.0,0.0
23_12_05.bmp,2.0,0.777777778,0.427792632,0.277777778,0.460888599,0.111111111,0.323380833,0.0,0.0,0.222222222,0.427792632,0.055555556,0.23570226,0.0,0.0
36_20_02.bmp,2.833333333333333,0.388888889,0.501631326,0.555555556,0.511309993,0.055555556,0.23570226,0.055555556,0.23570226,0.0,0.0,0.055555556,0.23570226,0.0,0.0
1057.jpg,3.555555555555556,0.166666667,0.383482494,0.277777778,0.460888599,0.0,0.0,0.444444444,0.511309993,0.055555556,0.23570226,0.111111111,0.323380833,0.055555556,0.23570226
31_22_02.bmp,2.7222222222222223,0.111111111,0.323380833,0.722222222,0.460888599,0.0,0.0,0.0,0.0,0.222222222,0.427792632,0.0,0.0,0.0,0.0
18_02_04.bmp,1.3333333333333333,0.111111111,0.323380833,0.944444444,0.23570226,0.055555556,0.23570226,0.0,0.0,0.055555556,0.23570226,0.0,0.0,0.0,0.0
17_14_05.bmp,1.8333333333333333,0.055555556,0.23570226,0.166666667,0.383482494,0.055555556,0.23570226,0.833333333,0.383482494,0.277777778,0.460888599,0.111111111,0.323380833,0.0,0.0
33_25_05.bmp,2.055555555555556,0.055555556,0.23570226,0.111111111,0.323380833,0.0,0.0,0.0,0.0,0.333333333,0.48507125,0.0,0.0,0.888888889,0.323380833
06_04_02.bmp,3.611111111111111,0.166666667,0.383482494,0.277777778,0.460888599,0.111111111,0.323380833,0.0,0.0,0.0,0.0,0.166666667,0.383482494,0.111111111,0.323380833
11_25_01.bmp,2.9444444444444446,0.055555556,0.23570226,0.055555556,0.23570226,0.0,0.0,0.055555556,0.23570226,0.166666667,0.383482494,0.111111111,0.323380833,0.888888889,0.323380833
14_18_02.bmp,2.833333333333333,0.111111111,0.323380833,0.666666667,0.48507125,0.055555556,0.23570226,0.0,0.0,0.055555556,0.23570226,0.055555556,0.23570226,0.055555556,0.23570226
15_23_01.bmp,3.055555555555556,0.111111111,0.323380833,0.166666667,0.383482494,0.0,0.0,0.833333333,0.383482494,0.166666667,0.383482494,0.0,0.0,0.055555556,0.23570226
09_03_01.bmp,3.7222222222222223,0.111111111,0.323380833,0.388888889,0.501631326,0.111111111,0.323380833,0.055555556,0.23570226,0.222222222,0.427792632,0.0,0.0,0.055555556,0.23570226
26_05_04.bmp,2.333333333333333,0.222222222,0.427792632,0.611111111,0.501631326,0.111111111,0.323380833,0.055555556,0.23570226,0.111111111,0.323380833,0.0,0.0,0.055555556,0.23570226
36_05_01.bmp,3.2222222222222223,0.277777778,0.460888599,0.5,0.514495755,0.111111111,0.323380833,0.055555556,0.23570226,0.0,0.0,0.055555556,0.23570226,0.055555556,0.23570226
03_07_03.bmp,2.611111111111111,0.388888889,0.501631326,0.555555556,0.511309993,0.111111111,0.323380833,0.0,0.0,0.166666667,0.383482494,0.055555556,0.23570226,0.055555556,0.23570226
37_18_05.bmp,2.111111111111111,0.166666667,0.383482494,0.888888889,0.323380833,0.0,0.0,0.0,0.0,0.055555556,0.23570226,0.055555556,0.23570226,0.055555556,0.23570226
10_05_05.bmp,1.7777777777777777,0.444444444,0.511309993,0.777777778,0.427792632,0.055555556,0.23570226,0.0,0.0,0.277777778,0.460888599,0.222222222,0.427792632,0.055555556,0.23570226
34_21_04.bmp,2.2222222222222223,0.166666667,0.383482494,0.722222222,0.460888599,0.277777778,0.460888599,0.166666667,0.383482494,0.0,0.0,0.055555556,0.23570226,0.111111111,0.323380833
0129.jpg,2.7222222222222223,0.055555556,0.23570226,0.388888889,0.501631326,0.888888889,0.323380833,0.055555556,0.23570226,0.111111111,0.323380833,0.0,0.0,0.0,0.0
23_12_01.bmp,3.4444444444444446,0.277777778,0.460888599,0.388888889,0.501631326,0.0,0.0,0.0,0.0,0.277777778,0.460888599,0.111111111,0.323380833,0.0,0.0
07_21_02.bmp,2.111111111111111,0.111111111,0.323380833,0.388888889,0.501631326,0.722222222,0.460888599,0.055555556,0.23570226,0.111111111,0.323380833,0.0,0.0,0.0,0.0
09_11_03.bmp,2.555555555555556,0.611111111,0.501631326,0.5,0.514495755,0.111111111,0.323380833,0.0,0.0,0.166666667,0.383482494,0.055555556,0.23570226,0.055555556,0.23570226
27_09_04.bmp,2.1666666666666665,0.666666667,0.48507125,0.333333333,0.48507125,0.0,0.0,0.0,0.0,0.388888889,0.501631326,0.055555556,0.23570226,0.111111111,0.323380833
11_04_04.bmp,2.2222222222222223,0.277777778,0.460888599,0.333333333,0.48507125,0.055555556,0.23570226,0.166666667,0.383482494,0.277777778,0.460888599,0.111111111,0.323380833,0.0,0.0
02_24_02.bmp,2.2777777777777777,0.111111111,0.323380833,0.611111111,0.501631326,0.055555556,0.23570226,0.055555556,0.23570226,0.277777778,0.460888599,0.055555556,0.23570226,0.055555556,0.23570226
23_07_02.bmp,3.055555555555556,0.111111111,0.323380833,0.666666667,0.48507125,0.0,0.0,0.0,0.0,0.111111111,0.323380833,0.111111111,0.323380833,0.055555556,0.23570226
0749.jpg,3.7222222222222223,0.0,0.0,0.333333333,0.48507125,0.0,0.0,0.055555556,0.23570226,0.055555556,0.23570226,0.055555556,0.23570226,0.055555556,0.23570226
10_04_04.bmp,2.388888888888889,0.333333333,0.48507125,0.277777778,0.460888599,0.055555556,0.23570226,0.166666667,0.383482494,0.333333333,0.48507125,0.388888889,0.501631326,0.111111111,0.323380833
17_22_03.bmp,2.333333333333333,0.222222222,0.427792632,0.833333333,0.383482494,0.055555556,0.23570226,0.0,0.0,0.222222222,0.427792632,0.0,0.0,0.055555556,0.23570226
23_17_03.bmp,2.833333333333333,0.111111111,0.323380833,0.388888889,0.501631326,0.0,0.0,0.0,0.0,0.333333333,0.48507125,0.111111111,0.323380833,0.111111111,0.323380833
05_09_01.bmp,2.833333333333333,0.666666667,0.48507125,0.5,0.514495755,0.055555556,0.23570226,0.0,0.0,0.0,0.0,0.111111111,0.323380833,0.055555556,0.23570226
16_09_02.bmp,2.6666666666666665,0.833333333,0.383482494,0.166666667,0.383482494,0.055555556,0.23570226,0.0,0.0,0.333333333,0.48507125,0.222222222,0.427792632,0.055555556,0.23570226
01216.jpg,3.7222222222222223,0.333333333,0.48507125,0.222222222,0.427792632,0.111111111,0.323380833,0.111111111,0.323380833,0.166666667,0.383482494,0.0,0.0,0.0,0.0
30_02_04.bmp,1.6666666666666667,0.055555556,0.23570226,0.888888889,0.323380833,0.111111111,0.323380833,0.0,0.0,0.333333333,0.48507125,0.0,0.0,0.0,0.0
34_05_03.bmp,2.888888888888889,0.222222222,0.427792632,0.611111111,0.501631326,0.111111111,0.323380833,0.055555556,0.23570226,0.0,0.0,0.0,0.0,0.055555556,0.23570226
36_13_05.bmp,2.055555555555556,0.111111111,0.323380833,0.444444444,0.511309993,0.833333333,0.383482494,0.0,0.0,0.0,0.0,0.055555556,0.23570226,0.0,0.0
26_05_05.bmp,2.111111111111111,0.222222222,0.427792632,0.777777778,0.427792632,0.111111111,0.323380833,0.0,0.0,0.111111111,0.323380833,0.0,0.0,0.111111111,0.323380833
14_01_04.bmp,1.6666666666666667,0.055555556,0.23570226,0.888888889,0.323380833,0.055555556,0.23570226,0.055555556,0.23570226,0.0,0.0,0.111111111,0.323380833,0.0,0.0
13_17_02.bmp,2.888888888888889,0.055555556,0.23570226,0.444444444,0.511309993,0.111111111,0.323380833,0.055555556,0.23570226,0.222222222,0.427792632,0.166666667,0.383482494,0.222222222,0.427792632
01_21_04.bmp,2.5,0.111111111,0.323380833,0.777777778,0.427792632,0.111111111,0.323380833,0.055555556,0.23570226,0.0,0.0,0.0,0.0,0.0,0.0
21_14_02.bmp,3.2222222222222223,0.055555556,0.23570226,0.222222222,0.427792632,0.055555556,0.23570226,0.333333333,0.48507125,0.0,0.0,0.055555556,0.23570226,0.0,0.0
08_25_01.bmp,3.055555555555556,0.166666667,0.383482494,0.111111111,0.323380833,0.0,0.0,0.055555556,0.23570226,0.055555556,0.23570226,0.0,0.0,0.777777778,0.427792632
01_01_01.bmp,3.2777777777777777,0.111111111,0.323380833,0.555555556,0.511309993,0.166666667,0.383482494,0.055555556,0.23570226,0.055555556,0.23570226,0.111111111,0.323380833,0.111111111,0.323380833
12_10_03.bmp,2.833333333333333,0.722222222,0.460888599,0.166666667,0.383482494,0.111111111,0.323380833,0.0,0.0,0.111111111,0.323380833,0.055555556,0.23570226,0.055555556,0.23570226
0102.jpg,2.0,0.0,0.0,0.611111111,0.501631326,0.944444444,0.23570226,0.0,0.0,0.111111111,0.323380833,0.055555556,0.23570226,0.055555556,0.23570226
09_20_04.bmp,1.8333333333333333,0.722222222,0.460888599,0.611111111,0.501631326,0.166666667,0.383482494,0.055555556,0.23570226,0.166666667,0.383482494,0.055555556,0.23570226,0.055555556,0.23570226
0381.jpg,1.9444444444444444,0.055555556,0.23570226,0.888888889,0.323380833,0.055555556,0.23570226,0.055555556,0.23570226,0.055555556,0.23570226,0.0,0.0,0.055555556,0.23570226
05_09_04.bmp,2.055555555555556,0.888888889,0.323380833,0.333333333,0.48507125,0.055555556,0.23570226,0.055555556,0.23570226,0.055555556,0.23570226,0.055555556,0.23570226,0.111111111,0.323380833
25_11_05.bmp,1.9444444444444444,0.777777778,0.427792632,0.166666667,0.383482494,0.055555556,0.23570226,0.0,0.0,0.222222222,0.427792632,0.055555556,0.23570226,0.0,0.0
07_11_04.bmp,2.111111111111111,0.944444444,0.23570226,0.222222222,0.427792632,0.055555556,0.23570226,0.0,0.0,0.166666667,0.383482494,0.055555556,0.23570226,0.0,0.0
0725.jpg,3.5,0.111111111,0.323380833,0.166666667,0.383482494,0.0,0.0,0.0,0.0,0.333333333,0.48507125,0.166666667,0.383482494,0.055555556,0.23570226
10_03_05.bmp,1.6666666666666667,0.055555556,0.23570226,0.888888889,0.323380833,0.0,0.0,0.055555556,0.23570226,0.388888889,0.501631326,0.222222222,0.427792632,0.0,0.0
10_17_02.bmp,3.055555555555556,0.055555556,0.23570226,0.555555556,0.511309993,0.055555556,0.23570226,0.0,0.0,0.444444444,0.511309993,0.166666667,0.383482494,0.166666667,0.383482494
36_01_05.bmp,1.5,0.0,0.0,0.944444444,0.23570226,0.166666667,0.383482494,0.055555556,0.23570226,0.0,0.0,0.0,0.0,0.0,0.0
07_01_02.bmp,3.1666666666666665,0.055555556,0.23570226,0.611111111,0.501631326,0.333333333,0.48507125,0.0,0.0,0.055555556,0.23570226,0.0,0.0,0.055555556,0.23570226
07_16_04.bmp,2.388888888888889,0.333333333,0.48507125,0.666666667,0.48507125,0.055555556,0.23570226,0.055555556,0.23570226,0.055555556,0.23570226,0.0,0.0,0.0,0.0
14_20_03.bmp,2.5,0.333333333,0.48507125,0.277777778,0.460888599,0.166666667,0.383482494,0.277777778,0.460888599,0.055555556,0.23570226,0.055555556,0.23570226,0.0,0.0
01_14_02.bmp,3.2222222222222223,0.055555556,0.23570226,0.666666667,0.48507125,0.111111111,0.323380833,0.0,0.0,0.055555556,0.23570226,0.0,0.0,0.111111111,0.323380833
01343.jpg,3.333333333333333,0.055555556,0.23570226,0.666666667,0.48507125,0.0,0.0,0.166666667,0.383482494,0.0,0.0,0.0,0.0,0.055555556,0.23570226
09_20_02.bmp,2.555555555555556,0.555555556,0.511309993,0.333333333,0.48507125,0.222222222,0.427792632,0.0,0.0,0.222222222,0.427792632,0.111111111,0.323380833,0.0,0.0
11_25_05.bmp,1.9444444444444444,0.055555556,0.23570226,0.111111111,0.323380833,0.0,0.0,0.111111111,0.323380833,0.222222222,0.427792632,0.055555556,0.23570226,0.888888889,0.323380833
14_25_04.bmp,2.111111111111111,0.055555556,0.23570226,0.166666667,0.383482494,0.111111111,0.323380833,0.055555556,0.23570226,0.0,0.0,0.055555556,0.23570226,1.0,0.0
36_22_02.bmp,2.555555555555556,0.111111111,0.323380833,0.722222222,0.460888599,0.277777778,0.460888599,0.055555556,0.23570226,0.0,0.0,0.0,0.0,0.0,0.0
13_13_04.bmp,3.0,0.0,0.0,0.111111111,0.323380833,0.833333333,0.383482494,0.055555556,0.23570226,0.055555556,0.23570226,0.0,0.0,0.055555556,0.23570226
0952.jpg,2.9444444444444446,0.0,0.0,0.388888889,0.501631326,0.055555556,0.23570226,0.611111111,0.501631326,0.111111111,0.323380833,0.0,0.0,0.0,0.0
0781.jpg,3.555555555555556,0.0,0.0,0.444444444,0.511309993,0.0,0.0,0.0,0.0,0.111111111,0.323380833,0.0,0.0,0.055555556,0.23570226
32_22_01.bmp,2.611111111111111,0.111111111,0.323380833,0.555555556,0.511309993,0.111111111,0.323380833,0.055555556,0.23570226,0.444444444,0.511309993,0.055555556,0.23570226,0.055555556,0.23570226
32_25_05.bmp,1.6666666666666667,0.111111111,0.323380833,0.222222222,0.427792632,0.111111111,0.323380833,0.0,0.0,0.277777778,0.460888599,0.055555556,0.23570226,0.833333333,0.383482494
04_19_01.bmp,2.7777777777777777,0.166666667,0.383482494,0.666666667,0.48507125,0.055555556,0.23570226,0.055555556,0.23570226,0.166666667,0.383482494,0.0,0.0,0.055555556,0.23570226
01_15_05.bmp,2.888888888888889,0.111111111,0.323380833,0.611111111,0.501631326,0.222222222,0.427792632,0.111111111,0.323380833,0.0,0.0,0.0,0.0,0.055555556,0.23570226
01457.jpg,3.388888888888889,0.055555556,0.23570226,0.611111111,0.501631326,0.166666667,0.383482494,0.055555556,0.23570226,0.0,0.0,0.055555556,0.23570226,0.444444444,0.511309993
0384.jpg,1.9444444444444444,0.111111111,0.323380833,0.888888889,0.323380833,0.0,0.0,0.111111111,0.323380833,0.055555556,0.23570226,0.0,0.0,0.055555556,0.23570226
17_14_01.bmp,3.2777777777777777,0.055555556,0.23570226,0.444444444,0.511309993,0.055555556,0.23570226,0.166666667,0.383482494,0.166666667,0.383482494,0.166666667,0.383482494,0.055555556,0.23570226
1051.jpg,3.2777777777777777,0.0,0.0,0.555555556,0.511309993,0.055555556,0.23570226,0.5,0.514495755,0.111111111,0.323380833,0.0,0.0,0.111111111,0.323380833
01287.jpg,2.2222222222222223,0.388888889,0.501631326,0.833333333,0.383482494,0.111111111,0.323380833,0.0,0.0,0.111111111,0.323380833,0.055555556,0.23570226,0.0,0.0
37_08_04.bmp,2.4444444444444446,0.333333333,0.48507125,0.5,0.514495755,0.111111111,0.323380833,0.055555556,0.23570226,0.055555556,0.23570226,0.111111111,0.323380833,0.0,0.0
0088.jpg,1.8888888888888888,0.0,0.0,0.5,0.514495755,1.0,0.0,0.0,0.0,0.0,0.0,0.0,0.0,0.055555556,0.23570226
08_13_01.bmp,4.222222222222222,0.111111111,0.323380833,0.055555556,0.23570226,0.111111111,0.323380833,0.0,0.0,0.111111111,0.323380833,0.0,0.0,0.055555556,0.23570226
13_05_05.bmp,1.9444444444444444,0.277777778,0.460888599,0.611111111,0.501631326,0.111111111,0.323380833,0.0,0.0,0.222222222,0.427792632,0.055555556,0.23570226,0.055555556,0.23570226
0617.jpg,2.9444444444444446,0.111111111,0.323380833,0.5,0.514495755,0.0,0.0,0.166666667,0.383482494,0.222222222,0.427792632,0.055555556,0.23570226,0.055555556,0.23570226
0661.jpg,3.388888888888889,0.111111111,0.323380833,0.611111111,0.501631326,0.0,0.0,0.055555556,0.23570226,0.111111111,0.323380833,0.0,0.0,0.055555556,0.23570226
1058.jpg,3.7222222222222223,0.055555556,0.23570226,0.277777778,0.460888599,0.055555556,0.23570226,0.333333333,0.48507125,0.055555556,0.23570226,0.111111111,0.323380833,0.111111111,0.323380833
32_03_03.bmp,2.2222222222222223,0.055555556,0.23570226,0.777777778,0.427792632,0.166666667,0.383482494,0.0,0.0,0.444444444,0.511309993,0.055555556,0.23570226,0.055555556,0.23570226
20_08_04.bmp,2.111111111111111,0.277777778,0.460888599,0.722222222,0.460888599,0.055555556,0.23570226,0.0,0.0,0.055555556,0.23570226,0.166666667,0.383482494,0.0,0.0
01239.jpg,2.111111111111111,0.388888889,0.501631326,0.833333333,0.383482494,0.055555556,0.23570226,0.0,0.0,0.055555556,0.23570226,0.055555556,0.23570226,0.0,0.0
31_03_05.bmp,1.7777777777777777,0.0,0.0,0.888888889,0.323380833,0.0,0.0,0.055555556,0.23570226,0.111111111,0.323380833,0.0,0.0,0.0,0.0
0560.jpg,2.4444444444444446,0.0,0.0,0.555555556,0.511309993,0.0,0.0,0.555555556,0.511309993,0.666666667,0.48507125,0.0,0.0,0.0,0.0
0244.jpg,1.6666666666666667,0.222222222,0.427792632,0.333333333,0.48507125,0.0,0.0,0.888888889,0.323380833,0.055555556,0.23570226,0.055555556,0.23570226,0.055555556,0.23570226
30_21_03.bmp,3.055555555555556,0.111111111,0.323380833,0.444444444,0.511309993,0.277777778,0.460888599,0.055555556,0.23570226,0.277777778,0.460888599,0.0,0.0,0.055555556,0.23570226
05_15_05.bmp,3.4444444444444446,0.166666667,0.383482494,0.444444444,0.511309993,0.055555556,0.23570226,0.166666667,0.383482494,0.0,0.0,0.055555556,0.23570226,0.055555556,0.23570226
35_24_04.bmp,1.3888888888888888,0.0,0.0,0.888888889,0.323380833,0.111111111,0.323380833,0.0,0.0,0.0,0.0,0.0,0.0,0.0,0.0
01_17_03.bmp,2.2777777777777777,0.111111111,0.323380833,0.611111111,0.501631326,0.166666667,0.383482494,0.0,0.0,0.277777778,0.460888599,0.055555556,0.23570226,0.277777778,0.460888599
01190.jpg,3.0,0.222222222,0.427792632,0.555555556,0.511309993,0.055555556,0.23570226,0.166666667,0.383482494,0.222222222,0.427792632,0.055555556,0.23570226,0.222222222,0.427792632
03_05_04.bmp,1.9444444444444444,0.388888889,0.501631326,0.777777778,0.427792632,0.055555556,0.23570226,0.0,0.0,0.166666667,0.383482494,0.111111111,0.323380833,0.055555556,0.23570226
22_17_04.bmp,2.333333333333333,0.111111111,0.323380833,0.611111111,0.501631326,0.0,0.0,0.0,0.0,0.166666667,0.383482494,0.277777778,0.460888599,0.111111111,0.323380833
22_13_01.bmp,3.2222222222222223,0.055555556,0.23570226,0.555555556,0.511309993,0.055555556,0.23570226,0.055555556,0.23570226,0.111111111,0.323380833,0.111111111,0.323380833,0.0,0.0
32_21_02.bmp,2.0,0.277777778,0.460888599,0.444444444,0.511309993,0.444444444,0.511309993,0.277777778,0.460888599,0.333333333,0.48507125,0.0,0.0,0.055555556,0.23570226
33_04_01.bmp,3.2777777777777777,0.055555556,0.23570226,0.333333333,0.48507125,0.0,0.0,0.0,0.0,0.555555556,0.511309993,0.0,0.0,0.055555556,0.23570226
0798.jpg,3.1666666666666665,0.055555556,0.23570226,0.611111111,0.501631326,0.0,0.0,0.055555556,0.23570226,0.111111111,0.323380833,0.055555556,0.23570226,0.055555556,0.23570226
11_18_03.bmp,2.5,0.055555556,0.23570226,0.666666667,0.48507125,0.0,0.0,0.055555556,0.23570226,0.277777778,0.460888599,0.055555556,0.23570226,0.055555556,0.23570226
26_19_05.bmp,3.611111111111111,0.111111111,0.323380833,0.277777778,0.460888599,0.222222222,0.427792632,0.0,0.0,0.055555556,0.23570226,0.055555556,0.23570226,0.0,0.0
21_23_02.bmp,2.7777777777777777,0.055555556,0.23570226,0.111111111,0.323380833,0.0,0.0,0.666666667,0.48507125,0.055555556,0.23570226,0.055555556,0.23570226,0.055555556,0.23570226
18_01_05.bmp,1.4444444444444444,0.0,0.0,0.888888889,0.323380833,0.055555556,0.23570226,0.0,0.0,0.055555556,0.23570226,0.0,0.0,0.055555556,0.23570226
32_14_03.bmp,1.7222222222222223,0.055555556,0.23570226,0.333333333,0.48507125,0.111111111,0.323380833,0.833333333,0.383482494,0.277777778,0.460888599,0.055555556,0.23570226,0.0,0.0
0766.jpg,3.2777777777777777,0.055555556,0.23570226,0.444444444,0.511309993,0.0,0.0,0.055555556,0.23570226,0.277777778,0.460888599,0.0,0.0,0.055555556,0.23570226
26_02_03.bmp,2.611111111111111,0.055555556,0.23570226,0.888888889,0.323380833,0.055555556,0.23570226,0.0,0.0,0.055555556,0.23570226,0.0,0.0,0.0,0.0
19_11_02.bmp,3.2222222222222223,0.666666667,0.48507125,0.166666667,0.383482494,0.111111111,0.323380833,0.055555556,0.23570226,0.055555556,0.23570226,0.055555556,0.23570226,0.055555556,0.23570226
34_12_03.bmp,3.0,0.5,0.514495755,0.333333333,0.48507125,0.166666667,0.383482494,0.0,0.0,0.055555556,0.23570226,0.055555556,0.23570226,0.055555556,0.23570226
08_06_02.bmp,3.6666666666666665,0.277777778,0.460888599,0.111111111,0.323380833,0.166666667,0.383482494,0.055555556,0.23570226,0.166666667,0.383482494,0.111111111,0.323380833,0.0,0.0
25_11_03.bmp,2.6666666666666665,0.722222222,0.460888599,0.166666667,0.383482494,0.166666667,0.383482494,0.0,0.0,0.166666667,0.383482494,0.111111111,0.323380833,0.055555556,0.23570226
25_16_05.bmp,1.3333333333333333,0.166666667,0.383482494,0.888888889,0.323380833,0.055555556,0.23570226,0.055555556,0.23570226,0.111111111,0.323380833,0.0,0.0,0.0,0.0
04_03_01.bmp,3.111111111111111,0.111111111,0.323380833,0.722222222,0.460888599,0.055555556,0.23570226,0.055555556,0.23570226,0.166666667,0.383482494,0.0,0.0,0.0,0.0
0738.jpg,3.2222222222222223,0.111111111,0.323380833,0.444444444,0.511309993,0.0,0.0,0.0,0.0,0.388888889,0.501631326,0.166666667,0.383482494,0.055555556,0.23570226
09_15_03.bmp,3.333333333333333,0.333333333,0.48507125,0.444444444,0.511309993,0.166666667,0.383482494,0.0,0.0,0.166666667,0.383482494,0.111111111,0.323380833,0.0,0.0
34_12_01.bmp,3.5,0.222222222,0.427792632,0.388888889,0.501631326,0.222222222,0.427792632,0.0,0.0,0.0,0.0,0.0,0.0,0.055555556,0.23570226
37_13_02.bmp,3.5,0.0,0.0,0.277777778,0.460888599,0.166666667,0.383482494,0.055555556,0.23570226,0.055555556,0.23570226,0.111111111,0.323380833,0.0,0.0
29_01_01.bmp,3.388888888888889,0.166666667,0.383482494,0.555555556,0.511309993,0.0,0.0,0.055555556,0.23570226,0.055555556,0.23570226,0.055555556,0.23570226,0.111111111,0.323380833
29_14_04.bmp,1.5,0.166666667,0.383482494,0.111111111,0.323380833,0.0,0.0,0.722222222,0.460888599,0.166666667,0.383482494,0.111111111,0.323380833,0.055555556,0.23570226
27_05_04.bmp,1.9444444444444444,0.277777778,0.460888599,0.722222222,0.460888599,0.055555556,0.23570226,0.055555556,0.23570226,0.388888889,0.501631326,0.055555556,0.23570226,0.055555556,0.23570226
32_02_02.bmp,2.5,0.0,0.0,0.722222222,0.460888599,0.166666667,0.383482494,0.0,0.0,0.5,0.514495755,0.055555556,0.23570226,0.0,0.0
11_08_03.bmp,2.388888888888889,0.277777778,0.460888599,0.555555556,0.511309993,0.055555556,0.23570226,0.055555556,0.23570226,0.222222222,0.427792632,0.111111111,0.323380833,0.055555556,0.23570226
24_21_01.bmp,2.2777777777777777,0.222222222,0.427792632,0.333333333,0.48507125,0.611111111,0.501631326,0.055555556,0.23570226,0.111111111,0.323380833,0.055555556,0.23570226,0.0,0.0
07_25_03.bmp,2.2777777777777777,0.055555556,0.23570226,0.166666667,0.383482494,0.055555556,0.23570226,0.0,0.0,0.055555556,0.23570226,0.055555556,0.23570226,0.833333333,0.383482494
02_22_03.bmp,2.2222222222222223,0.5,0.514495755,0.722222222,0.460888599,0.0,0.0,0.055555556,0.23570226,0.277777778,0.460888599,0.055555556,0.23570226,0.0,0.0
16_14_05.bmp,1.4444444444444444,0.055555556,0.23570226,0.055555556,0.23570226,0.055555556,0.23570226,0.833333333,0.383482494,0.277777778,0.460888599,0.277777778,0.460888599,0.0,0.0
0001.jpg,3.0588235294117645,0.058823529,0.242535625,0.411764706,0.507299656,0.882352941,0.332105582,0.0,0.0,0.176470588,0.392952624,0.0,0.0,0.0,0.0
1077.jpg,3.4444444444444446,0.166666667,0.383482494,0.444444444,0.511309993,0.0,0.0,0.388888889,0.501631326,0.055555556,0.23570226,0.055555556,0.23570226,0.055555556,0.23570226
03_22_05.bmp,2.1666666666666665,0.388888889,0.501631326,0.777777778,0.427792632,0.055555556,0.23570226,0.0,0.0,0.055555556,0.23570226,0.0,0.0,0.055555556,0.23570226
01_20_04.bmp,2.7777777777777777,0.055555556,0.23570226,0.722222222,0.460888599,0.222222222,0.427792632,0.055555556,0.23570226,0.0,0.0,0.0,0.0,0.0,0.0
26_20_05.bmp,3.111111111111111,0.277777778,0.460888599,0.388888889,0.501631326,0.166666667,0.383482494,0.0,0.0,0.055555556,0.23570226,0.166666667,0.383482494,0.0,0.0
29_03_01.bmp,3.4444444444444446,0.222222222,0.427792632,0.444444444,0.511309993,0.0,0.0,0.055555556,0.23570226,0.055555556,0.23570226,0.055555556,0.23570226,0.055555556,0.23570226
0823.jpg,3.1666666666666665,0.055555556,0.23570226,0.555555556,0.511309993,0.0,0.0,0.0,0.0,0.166666667,0.383482494,0.111111111,0.323380833,0.0,0.0
34_11_02.bmp,2.833333333333333,0.722222222,0.460888599,0.444444444,0.511309993,0.166666667,0.383482494,0.0,0.0,0.0,0.0,0.055555556,0.23570226,0.055555556,0.23570226
03_20_03.bmp,2.333333333333333,0.555555556,0.511309993,0.166666667,0.383482494,0.277777778,0.460888599,0.111111111,0.323380833,0.222222222,0.427792632,0.055555556,0.23570226,0.0,0.0
23_15_01.bmp,2.388888888888889,0.055555556,0.23570226,0.111111111,0.323380833,0.888888889,0.323380833,0.055555556,0.23570226,0.055555556,0.23570226,0.0,0.0,0.0,0.0
35_19_05.bmp,2.333333333333333,0.166666667,0.383482494,0.555555556,0.511309993,0.444444444,0.511309993,0.111111111,0.323380833,0.0,0.0,0.0,0.0,0.055555556,0.23570226
03_06_02.bmp,3.0,0.388888889,0.501631326,0.166666667,0.383482494,0.166666667,0.383482494,0.055555556,0.23570226,0.166666667,0.383482494,0.222222222,0.427792632,0.055555556,0.23570226
27_20_04.bmp,1.9444444444444444,0.555555556,0.511309993,0.388888889,0.501631326,0.222222222,0.427792632,0.222222222,0.427792632,0.444444444,0.511309993,0.0,0.0,0.0,0.0
0582.jpg,3.1666666666666665,0.055555556,0.23570226,0.333333333,0.48507125,0.0,0.0,0.055555556,0.23570226,0.611111111,0.501631326,0.111111111,0.323380833,0.055555556,0.23570226
0696.jpg,3.611111111111111,0.055555556,0.23570226,0.444444444,0.511309993,0.0,0.0,0.055555556,0.23570226,0.222222222,0.427792632,0.055555556,0.23570226,0.055555556,0.23570226
12_15_01.bmp,2.5,0.055555556,0.23570226,0.111111111,0.323380833,0.944444444,0.23570226,0.0,0.0,0.055555556,0.23570226,0.0,0.0,0.055555556,0.23570226
18_04_04.bmp,2.5,0.333333333,0.48507125,0.333333333,0.48507125,0.222222222,0.427792632,0.055555556,0.23570226,0.055555556,0.23570226,0.166666667,0.383482494,0.111111111,0.323380833
04_18_04.bmp,2.055555555555556,0.277777778,0.460888599,0.777777778,0.427792632,0.111111111,0.323380833,0.0,0.0,0.222222222,0.427792632,0.055555556,0.23570226,0.0,0.0
08_05_03.bmp,3.111111111111111,0.333333333,0.48507125,0.611111111,0.501631326,0.055555556,0.23570226,0.0,0.0,0.166666667,0.383482494,0.111111111,0.323380833,0.0,0.0
25_09_03.bmp,2.388888888888889,0.722222222,0.460888599,0.388888889,0.501631326,0.111111111,0.323380833,0.0,0.0,0.166666667,0.383482494,0.0,0.0,0.0,0.0
22_20_05.bmp,1.5,0.333333333,0.48507125,0.333333333,0.48507125,0.222222222,0.427792632,0.388888889,0.501631326,0.111111111,0.323380833,0.166666667,0.383482494,0.055555556,0.23570226
0716.jpg,3.4444444444444446,0.055555556,0.23570226,0.333333333,0.48507125,0.0,0.0,0.055555556,0.23570226,0.222222222,0.427792632,0.166666667,0.383482494,0.166666667,0.383482494
0518.jpg,2.833333333333333,0.166666667,0.383482494,0.444444444,0.511309993,0.0,0.0,0.5,0.514495755,0.444444444,0.511309993,0.0,0.0,0.0,0.0
34_05_05.bmp,2.4444444444444446,0.388888889,0.501631326,0.666666667,0.48507125,0.222222222,0.427792632,0.0,0.0,0.055555556,0.23570226,0.0,0.0,0.055555556,0.23570226
36_07_03.bmp,2.333333333333333,0.166666667,0.383482494,0.722222222,0.460888599,0.111111111,0.323380833,0.0,0.0,0.0,0.0,0.055555556,0.23570226,0.055555556,0.23570226
19_04_01.bmp,3.555555555555556,0.111111111,0.323380833,0.333333333,0.48507125,0.111111111,0.323380833,0.0,0.0,0.055555556,0.23570226,0.166666667,0.383482494,0.111111111,0.323380833
01293.jpg,3.1666666666666665,0.333333333,0.48507125,0.444444444,0.511309993,0.055555556,0.23570226,0.055555556,0.23570226,0.388888889,0.501631326,0.0,0.0,0.0,0.0
16_15_04.bmp,3.2222222222222223,0.055555556,0.23570226,0.111111111,0.323380833,0.0,0.0,0.388888889,0.501631326,0.222222222,0.427792632,0.333333333,0.48507125,0.111111111,0.323380833
22_11_05.bmp,1.9444444444444444,0.833333333,0.383482494,0.388888889,0.501631326,0.055555556,0.23570226,0.055555556,0.23570226,0.166666667,0.383482494,0.111111111,0.323380833,0.0,0.0
0831.jpg,3.333333333333333,0.055555556,0.23570226,0.5,0.514495755,0.055555556,0.23570226,0.0,0.0,0.222222222,0.427792632,0.055555556,0.23570226,0.055555556,0.23570226
05_10_02.bmp,2.555555555555556,0.722222222,0.460888599,0.444444444,0.511309993,0.055555556,0.23570226,0.0,0.0,0.055555556,0.23570226,0.111111111,0.323380833,0.055555556,0.23570226
18_15_01.bmp,1.8333333333333333,0.055555556,0.23570226,0.166666667,0.383482494,0.888888889,0.323380833,0.055555556,0.23570226,0.055555556,0.23570226,0.055555556,0.23570226,0.055555556,0.23570226
37_12_01.bmp,3.611111111111111,0.166666667,0.383482494,0.5,0.514495755,0.055555556,0.23570226,0.0,0.0,0.055555556,0.23570226,0.111111111,0.323380833,0.0,0.0
01388.jpg,3.055555555555556,0.055555556,0.23570226,0.666666667,0.48507125,0.111111111,0.323380833,0.0,0.0,0.0,0.0,0.055555556,0.23570226,0.055555556,0.23570226
37_07_04.bmp,1.8333333333333333,0.111111111,0.323380833,0.888888889,0.323380833,0.0,0.0,0.055555556,0.23570226,0.055555556,0.23570226,0.055555556,0.23570226,0.055555556,0.23570226
35_09_03.bmp,1.9444444444444444,0.722222222,0.460888599,0.5,0.514495755,0.055555556,0.23570226,0.0,0.0,0.111111111,0.323380833,0.0,0.0,0.055555556,0.23570226
1135.jpg,2.833333333333333,0.055555556,0.23570226,0.444444444,0.511309993,0.055555556,0.23570226,0.0,0.0,0.333333333,0.48507125,0.444444444,0.511309993,0.0,0.0
15_12_04.bmp,2.5,0.666666667,0.48507125,0.222222222,0.427792632,0.111111111,0.323380833,0.0,0.0,0.277777778,0.460888599,0.0,0.0,0.0,0.0
04_12_05.bmp,2.055555555555556,0.722222222,0.460888599,0.5,0.514495755,0.111111111,0.323380833,0.0,0.0,0.222222222,0.427792632,0.055555556,0.23570226,0.0,0.0
0711.jpg,3.7222222222222223,0.055555556,0.23570226,0.222222222,0.427792632,0.0,0.0,0.0,0.0,0.222222222,0.427792632,0.166666667,0.383482494,0.055555556,0.23570226
23_02_01.bmp,3.4444444444444446,0.111111111,0.323380833,0.5,0.514495755,0.0,0.0,0.055555556,0.23570226,0.277777778,0.460888599,0.0,0.0,0.0,0.0
32_04_03.bmp,2.2777777777777777,0.277777778,0.460888599,0.5,0.514495755,0.166666667,0.383482494,0.055555556,0.23570226,0.444444444,0.511309993,0.222222222,0.427792632,0.055555556,0.23570226
15_18_02.bmp,3.111111111111111,0.111111111,0.323380833,0.611111111,0.501631326,0.055555556,0.23570226,0.0,0.0,0.222222222,0.427792632,0.0,0.0,0.0,0.0
26_09_01.bmp,3.7222222222222223,0.333333333,0.48507125,0.166666667,0.383482494,0.055555556,0.23570226,0.0,0.0,0.055555556,0.23570226,0.055555556,0.23570226,0.0,0.0
37_24_04.bmp,2.0,0.055555556,0.23570226,0.888888889,0.323380833,0.0,0.0,0.055555556,0.23570226,0.055555556,0.23570226,0.111111111,0.323380833,0.0,0.0
21_10_01.bmp,3.388888888888889,0.388888889,0.501631326,0.444444444,0.511309993,0.0,0.0,0.0,0.0,0.0,0.0,0.055555556,0.23570226,0.0,0.0
26_03_05.bmp,2.111111111111111,0.055555556,0.23570226,0.833333333,0.383482494,0.055555556,0.23570226,0.055555556,0.23570226,0.111111111,0.323380833,0.0,0.0,0.0,0.0
28_16_01.bmp,3.2222222222222223,0.055555556,0.23570226,0.388888889,0.501631326,0.222222222,0.427792632,0.055555556,0.23570226,0.222222222,0.427792632,0.055555556,0.23570226,0.0,0.0
26_02_01.bmp,4.111111111111111,0.055555556,0.23570226,0.222222222,0.427792632,0.111111111,0.323380833,0.055555556,0.23570226,0.055555556,0.23570226,0.0,0.0,0.111111111,0.323380833
01150.jpg,4.166666666666667,0.0,0.0,0.0,0.0,0.055555556,0.23570226,0.0,0.0,0.666666667,0.48507125,0.055555556,0.23570226,0.0,0.0
01224.jpg,3.611111111111111,0.166666667,0.383482494,0.222222222,0.427792632,0.055555556,0.23570226,0.388888889,0.501631326,0.166666667,0.383482494,0.055555556,0.23570226,0.055555556,0.23570226
0570.jpg,3.1666666666666665,0.055555556,0.23570226,0.277777778,0.460888599,0.055555556,0.23570226,0.111111111,0.323380833,0.555555556,0.511309993,0.055555556,0.23570226,0.055555556,0.23570226
17_01_02.bmp,3.055555555555556,0.055555556,0.23570226,0.444444444,0.511309993,0.111111111,0.323380833,0.0,0.0,0.166666667,0.383482494,0.055555556,0.23570226,0.166666667,0.383482494
20_17_02.bmp,2.833333333333333,0.111111111,0.323380833,0.444444444,0.511309993,0.111111111,0.323380833,0.0,0.0,0.166666667,0.383482494,0.166666667,0.383482494,0.166666667,0.383482494
35_05_05.bmp,1.5,0.333333333,0.48507125,0.833333333,0.383482494,0.111111111,0.323380833,0.0,0.0,0.0,0.0,0.055555556,0.23570226,0.055555556,0.23570226
21_21_03.bmp,2.888888888888889,0.111111111,0.323380833,0.277777778,0.460888599,0.555555556,0.511309993,0.0,0.0,0.055555556,0.23570226,0.0,0.0,0.0,0.0
08_14_04.bmp,1.8333333333333333,0.111111111,0.323380833,0.222222222,0.427792632,0.111111111,0.323380833,0.777777778,0.427792632,0.0,0.0,0.055555556,0.23570226,0.0,0.0
13_24_02.bmp,2.9444444444444446,0.0,0.0,0.777777778,0.427792632,0.166666667,0.383482494,0.0,0.0,0.111111111,0.323380833,0.055555556,0.23570226,0.111111111,0.323380833
01168.jpg,3.333333333333333,0.055555556,0.23570226,0.444444444,0.511309993,0.0,0.0,0.0,0.0,0.0,0.0,0.111111111,0.323380833,0.722222222,0.460888599
06_08_05.bmp,2.0,0.388888889,0.501631326,0.777777778,0.427792632,0.0,0.0,0.055555556,0.23570226,0.0,0.0,0.111111111,0.323380833,0.111111111,0.323380833
05_14_02.bmp,3.1666666666666665,0.111111111,0.323380833,0.277777778,0.460888599,0.055555556,0.23570226,0.222222222,0.427792632,0.0,0.0,0.111111111,0.323380833,0.111111111,0.323380833
14_17_05.bmp,2.333333333333333,0.166666667,0.383482494,0.444444444,0.511309993,0.055555556,0.23570226,0.0,0.0,0.166666667,0.383482494,0.166666667,0.383482494,0.277777778,0.460888599
06_20_04.bmp,2.2222222222222223,0.833333333,0.383482494,0.222222222,0.427792632,0.111111111,0.323380833,0.055555556,0.23570226,0.111111111,0.323380833,0.055555556,0.23570226,0.111111111,0.323380833
01155.jpg,3.555555555555556,0.277777778,0.460888599,0.333333333,0.48507125,0.0,0.0,0.111111111,0.323380833,0.333333333,0.48507125,0.0,0.0,0.0,0.0
22_04_04.bmp,2.2777777777777777,0.444444444,0.511309993,0.444444444,0.511309993,0.166666667,0.383482494,0.0,0.0,0.111111111,0.323380833,0.222222222,0.427792632,0.0,0.0
18_25_01.bmp,3.055555555555556,0.055555556,0.23570226,0.166666667,0.383482494,0.055555556,0.23570226,0.055555556,0.23570226,0.0,0.0,0.055555556,0.23570226,0.944444444,0.23570226
0294.jpg,2.555555555555556,0.111111111,0.323380833,0.222222222,0.427792632,0.055555556,0.23570226,0.833333333,0.383482494,0.055555556,0.23570226,0.0,0.0,0.055555556,0.23570226
31_07_04.bmp,1.5555555555555556,0.055555556,0.23570226,0.888888889,0.323380833,0.0,0.0,0.0,0.0,0.111111111,0.323380833,0.055555556,0.23570226,0.0,0.0
07_07_05.bmp,1.4444444444444444,0.222222222,0.427792632,0.777777778,0.427792632,0.055555556,0.23570226,0.0,0.0,0.111111111,0.323380833,0.0,0.0,0.111111111,0.323380833
13_19_01.bmp,3.6666666666666665,0.222222222,0.427792632,0.222222222,0.427792632,0.277777778,0.460888599,0.0,0.0,0.111111111,0.323380833,0.0,0.0,0.111111111,0.323380833
07_09_02.bmp,2.611111111111111,0.722222222,0.460888599,0.388888889,0.501631326,0.055555556,0.23570226,0.0,0.0,0.111111111,0.323380833,0.0,0.0,0.055555556,0.23570226
03_18_03.bmp,3.0,0.222222222,0.427792632,0.5,0.514495755,0.0,0.0,0.111111111,0.323380833,0.111111111,0.323380833,0.055555556,0.23570226,0.0,0.0
36_02_01.bmp,3.111111111111111,0.111111111,0.323380833,0.5,0.514495755,0.111111111,0.323380833,0.0,0.0,0.0,0.0,0.055555556,0.23570226,0.111111111,0.323380833
08_20_04.bmp,1.9444444444444444,0.555555556,0.511309993,0.166666667,0.383482494,0.277777778,0.460888599,0.277777778,0.460888599,0.111111111,0.323380833,0.111111111,0.323380833,0.0,0.0
15_18_03.bmp,2.7222222222222223,0.111111111,0.323380833,0.666666667,0.48507125,0.0,0.0,0.055555556,0.23570226,0.222222222,0.427792632,0.0,0.0,0.0,0.0
09_07_01.bmp,3.055555555555556,0.166666667,0.383482494,0.611111111,0.501631326,0.055555556,0.23570226,0.055555556,0.23570226,0.166666667,0.383482494,0.055555556,0.23570226,0.0,0.0
17_12_02.bmp,2.888888888888889,0.722222222,0.460888599,0.222222222,0.427792632,0.055555556,0.23570226,0.055555556,0.23570226,0.222222222,0.427792632,0.055555556,0.23570226,0.055555556,0.23570226
13_12_01.bmp,3.2777777777777777,0.222222222,0.427792632,0.222222222,0.427792632,0.111111111,0.323380833,0.0,0.0,0.111111111,0.323380833,0.055555556,0.23570226,0.111111111,0.323380833
02_17_01.bmp,2.7777777777777777,0.111111111,0.323380833,0.333333333,0.48507125,0.055555556,0.23570226,0.0,0.0,0.444444444,0.511309993,0.111111111,0.323380833,0.166666667,0.383482494
28_19_02.bmp,2.888888888888889,0.166666667,0.383482494,0.666666667,0.48507125,0.111111111,0.323380833,0.055555556,0.23570226,0.166666667,0.383482494,0.0,0.0,0.0,0.0
14_05_05.bmp,1.9444444444444444,0.111111111,0.323380833,0.888888889,0.323380833,0.111111111,0.323380833,0.0,0.0,0.0,0.0,0.055555556,0.23570226,0.111111111,0.323380833
0068.jpg,3.055555555555556,0.0,0.0,0.388888889,0.501631326,0.722222222,0.460888599,0.0,0.0,0.055555556,0.23570226,0.0,0.0,0.055555556,0.23570226
29_11_01.bmp,3.2777777777777777,0.5,0.514495755,0.333333333,0.48507125,0.0,0.0,0.0,0.0,0.111111111,0.323380833,0.111111111,0.323380833,0.055555556,0.23570226
19_06_02.bmp,2.9444444444444446,0.333333333,0.48507125,0.277777778,0.460888599,0.222222222,0.427792632,0.055555556,0.23570226,0.111111111,0.323380833,0.166666667,0.383482494,0.055555556,0.23570226
14_11_05.bmp,2.0,0.833333333,0.383482494,0.277777778,0.460888599,0.055555556,0.23570226,0.0,0.0,0.111111111,0.323380833,0.111111111,0.323380833,0.0,0.0
0895.jpg,3.7777777777777777,0.111111111,0.323380833,0.555555556,0.511309993,0.0,0.0,0.0,0.0,0.111111111,0.323380833,0.0,0.0,0.0,0.0
05_09_05.bmp,2.055555555555556,0.833333333,0.383482494,0.333333333,0.48507125,0.111111111,0.323380833,0.0,0.0,0.111111111,0.323380833,0.055555556,0.23570226,0.0,0.0
0108.jpg,1.5555555555555556,0.055555556,0.23570226,0.555555556,0.511309993,0.944444444,0.23570226,0.0,0.0,0.166666667,0.383482494,0.055555556,0.23570226,0.0,0.0
11_04_02.bmp,2.888888888888889,0.277777778,0.460888599,0.444444444,0.511309993,0.111111111,0.323380833,0.111111111,0.323380833,0.166666667,0.383482494,0.166666667,0.383482494,0.055555556,0.23570226
01318.jpg,2.9444444444444446,0.444444444,0.511309993,0.777777778,0.427792632,0.055555556,0.23570226,0.0,0.0,0.333333333,0.48507125,0.0,0.0,0.0,0.0
06_08_01.bmp,3.555555555555556,0.166666667,0.383482494,0.388888889,0.501631326,0.055555556,0.23570226,0.0,0.0,0.0,0.0,0.111111111,0.323380833,0.055555556,0.23570226
24_15_05.bmp,2.2222222222222223,0.055555556,0.23570226,0.277777778,0.460888599,0.111111111,0.323380833,0.777777778,0.427792632,0.0,0.0,0.0,0.0,0.0,0.0
0529.jpg,2.7777777777777777,0.166666667,0.383482494,0.444444444,0.511309993,0.0,0.0,0.222222222,0.427792632,0.777777778,0.427792632,0.055555556,0.23570226,0.055555556,0.23570226
0972.jpg,3.5,0.111111111,0.323380833,0.166666667,0.383482494,0.0,0.0,0.611111111,0.501631326,0.166666667,0.383482494,0.0,0.0,0.055555556,0.23570226
22_19_01.bmp,3.333333333333333,0.111111111,0.323380833,0.444444444,0.511309993,0.055555556,0.23570226,0.0,0.0,0.111111111,0.323380833,0.111111111,0.323380833,0.0,0.0
04_05_02.bmp,2.611111111111111,0.277777778,0.460888599,0.722222222,0.460888599,0.166666667,0.383482494,0.0,0.0,0.166666667,0.383482494,0.055555556,0.23570226,0.055555556,0.23570226
01311.jpg,3.333333333333333,0.388888889,0.501631326,0.333333333,0.48507125,0.0,0.0,0.111111111,0.323380833,0.333333333,0.48507125,0.388888889,0.501631326,0.0,0.0
19_15_04.bmp,3.0,0.055555556,0.23570226,0.111111111,0.323380833,0.0,0.0,0.166666667,0.383482494,0.111111111,0.323380833,0.111111111,0.323380833,0.055555556,0.23570226
1140.jpg,2.555555555555556,0.0,0.0,0.444444444,0.511309993,0.0,0.0,0.055555556,0.23570226,0.055555556,0.23570226,0.722222222,0.460888599,0.055555556,0.23570226
08_01_05.bmp,2.055555555555556,0.0,0.0,0.944444444,0.23570226,0.055555556,0.23570226,0.0,0.0,0.055555556,0.23570226,0.0,0.0,0.055555556,0.23570226
32_10_03.bmp,2.555555555555556,0.666666667,0.48507125,0.444444444,0.511309993,0.055555556,0.23570226,0.111111111,0.323380833,0.333333333,0.48507125,0.055555556,0.23570226,0.0,0.0
20_23_01.bmp,3.055555555555556,0.0,0.0,0.166666667,0.383482494,0.0,0.0,0.722222222,0.460888599,0.166666667,0.383482494,0.0,0.0,0.055555556,0.23570226
33_06_03.bmp,2.0,0.277777778,0.460888599,0.388888889,0.501631326,0.222222222,0.427792632,0.0,0.0,0.388888889,0.501631326,0.055555556,0.23570226,0.111111111,0.323380833
12_09_05.bmp,2.4444444444444446,0.833333333,0.383482494,0.277777778,0.460888599,0.055555556,0.23570226,0.0,0.0,0.111111111,0.323380833,0.0,0.0,0.055555556,0.23570226
13_10_05.bmp,2.055555555555556,0.833333333,0.383482494,0.166666667,0.383482494,0.055555556,0.23570226,0.055555556,0.23570226,0.222222222,0.427792632,0.0,0.0,0.0,0.0
0787.jpg,3.611111111111111,0.111111111,0.323380833,0.444444444,0.511309993,0.0,0.0,0.0,0.0,0.055555556,0.23570226,0.222222222,0.427792632,0.055555556,0.23570226
25_05_03.bmp,2.2222222222222223,0.444444444,0.511309993,0.555555556,0.511309993,0.111111111,0.323380833,0.055555556,0.23570226,0.111111111,0.323380833,0.0,0.0,0.055555556,0.23570226
0522.jpg,2.833333333333333,0.055555556,0.23570226,0.555555556,0.511309993,0.055555556,0.23570226,0.444444444,0.511309993,0.5,0.514495755,0.0,0.0,0.0,0.0
36_07_05.bmp,1.5,0.055555556,0.23570226,0.833333333,0.383482494,0.055555556,0.23570226,0.055555556,0.23570226,0.0,0.0,0.055555556,0.23570226,0.055555556,0.23570226
01378.jpg,3.555555555555556,0.0,0.0,0.666666667,0.48507125,0.055555556,0.23570226,0.055555556,0.23570226,0.0,0.0,0.055555556,0.23570226,0.055555556,0.23570226
23_06_01.bmp,3.055555555555556,0.277777778,0.460888599,0.444444444,0.511309993,0.222222222,0.427792632,0.0,0.0,0.277777778,0.460888599,0.111111111,0.323380833,0.0,0.0
0568.jpg,3.6666666666666665,0.111111111,0.323380833,0.166666667,0.383482494,0.0,0.0,0.111111111,0.323380833,0.5,0.514495755,0.0,0.0,0.055555556,0.23570226
29_13_04.bmp,2.9444444444444446,0.055555556,0.23570226,0.277777778,0.460888599,0.666666667,0.48507125,0.0,0.0,0.111111111,0.323380833,0.055555556,0.23570226,0.111111111,0.323380833
01485.jpg,2.333333333333333,0.222222222,0.427792632,0.777777778,0.427792632,0.111111111,0.323380833,0.111111111,0.323380833,0.0,0.0,0.111111111,0.323380833,0.222222222,0.427792632
0226.jpg,2.0,0.111111111,0.323380833,0.5,0.514495755,0.055555556,0.23570226,0.888888889,0.323380833,0.055555556,0.23570226,0.0,0.0,0.055555556,0.23570226
04_25_03.bmp,2.5,0.166666667,0.383482494,0.388888889,0.501631326,0.055555556,0.23570226,0.0,0.0,0.166666667,0.383482494,0.055555556,0.23570226,0.888888889,0.323380833
0779.jpg,3.2777777777777777,0.055555556,0.23570226,0.388888889,0.501631326,0.0,0.0,0.055555556,0.23570226,0.111111111,0.323380833,0.222222222,0.427792632,0.055555556,0.23570226
35_04_01.bmp,3.0,0.166666667,0.383482494,0.666666667,0.48507125,0.0,0.0,0.0,0.0,0.055555556,0.23570226,0.0,0.0,0.111111111,0.323380833
0078.jpg,3.333333333333333,0.0,0.0,0.388888889,0.501631326,0.444444444,0.511309993,0.0,0.0,0.388888889,0.501631326,0.0,0.0,0.055555556,0.23570226
17_11_05.bmp,2.111111111111111,0.777777778,0.427792632,0.222222222,0.427792632,0.055555556,0.23570226,0.055555556,0.23570226,0.222222222,0.427792632,0.166666667,0.383482494,0.0,0.0
27_09_01.bmp,3.2222222222222223,0.611111111,0.501631326,0.5,0.514495755,0.0,0.0,0.0,0.0,0.333333333,0.48507125,0.055555556,0.23570226,0.055555556,0.23570226
37_06_02.bmp,2.833333333333333,0.333333333,0.48507125,0.5,0.514495755,0.111111111,0.323380833,0.111111111,0.323380833,0.055555556,0.23570226,0.222222222,0.427792632,0.055555556,0.23570226
0417.jpg,2.9444444444444446,0.055555556,0.23570226,0.777777778,0.427792632,0.0,0.0,0.111111111,0.323380833,0.0,0.0,0.055555556,0.23570226,0.111111111,0.323380833
30_13_03.bmp,3.2777777777777777,0.055555556,0.23570226,0.222222222,0.427792632,0.333333333,0.48507125,0.0,0.0,0.333333333,0.48507125,0.0,0.0,0.0,0.0
09_10_05.bmp,2.111111111111111,0.777777778,0.427792632,0.444444444,0.511309993,0.111111111,0.323380833,0.0,0.0,0.166666667,0.383482494,0.111111111,0.323380833,0.0,0.0
25_16_02.bmp,2.7777777777777777,0.111111111,0.323380833,0.555555556,0.511309993,0.055555556,0.23570226,0.055555556,0.23570226,0.166666667,0.383482494,0.0,0.0,0.055555556,0.23570226
0122.jpg,2.6666666666666665,0.055555556,0.23570226,0.388888889,0.501631326,0.944444444,0.23570226,0.0,0.0,0.055555556,0.23570226,0.0,0.0,0.0,0.0
02_23_03.bmp,2.833333333333333,0.0,0.0,0.111111111,0.323380833,0.055555556,0.23570226,0.722222222,0.460888599,0.277777778,0.460888599,0.055555556,0.23570226,0.166666667,0.383482494
33_18_01.bmp,3.055555555555556,0.111111111,0.323380833,0.5,0.514495755,0.0,0.0,0.055555556,0.23570226,0.444444444,0.511309993,0.111111111,0.323380833,0.055555556,0.23570226
31_19_02.bmp,2.833333333333333,0.222222222,0.427792632,0.5,0.514495755,0.166666667,0.383482494,0.0,0.0,0.222222222,0.427792632,0.0,0.0,0.055555556,0.23570226
17_16_05.bmp,1.7777777777777777,0.166666667,0.383482494,0.777777778,0.427792632,0.0,0.0,0.055555556,0.23570226,0.166666667,0.383482494,0.055555556,0.23570226,0.0,0.0
01248.jpg,2.6666666666666665,0.333333333,0.48507125,0.833333333,0.383482494,0.0,0.0,0.111111111,0.323380833,0.166666667,0.383482494,0.055555556,0.23570226,0.055555556,0.23570226
29_11_02.bmp,3.0,0.777777778,0.427792632,0.277777778,0.460888599,0.0,0.0,0.0,0.0,0.111111111,0.323380833,0.111111111,0.323380833,0.0,0.0
31_09_02.bmp,2.611111111111111,0.666666667,0.48507125,0.222222222,0.427792632,0.0,0.0,0.0,0.0,0.222222222,0.427792632,0.0,0.0,0.111111111,0.323380833
31_01_05.bmp,1.5,0.0,0.0,0.944444444,0.23570226,0.055555556,0.23570226,0.0,0.0,0.111111111,0.323380833,0.055555556,0.23570226,0.0,0.0
27_08_04.bmp,2.333333333333333,0.222222222,0.427792632,0.777777778,0.427792632,0.0,0.0,0.111111111,0.323380833,0.388888889,0.501631326,0.055555556,0.23570226,0.111111111,0.323380833
10_17_03.bmp,2.7777777777777777,0.0,0.0,0.555555556,0.511309993,0.0,0.0,0.055555556,0.23570226,0.388888889,0.501631326,0.277777778,0.460888599,0.166666667,0.383482494
01487.jpg,3.611111111111111,0.055555556,0.23570226,0.666666667,0.48507125,0.111111111,0.323380833,0.0,0.0,0.0,0.0,0.0,0.0,0.055555556,0.23570226
28_12_01.bmp,3.111111111111111,0.277777778,0.460888599,0.555555556,0.511309993,0.111111111,0.323380833,0.0,0.0,0.222222222,0.427792632,0.055555556,0.23570226,0.0,0.0
10_14_03.bmp,2.555555555555556,0.055555556,0.23570226,0.277777778,0.460888599,0.166666667,0.383482494,0.722222222,0.460888599,0.333333333,0.48507125,0.277777778,0.460888599,0.055555556,0.23570226
08_05_05.bmp,2.111111111111111,0.444444444,0.511309993,0.611111111,0.501631326,0.055555556,0.23570226,0.0,0.0,0.166666667,0.383482494,0.055555556,0.23570226,0.0,0.0
01182.jpg,3.388888888888889,0.166666667,0.383482494,0.5,0.514495755,0.0,0.0,0.166666667,0.383482494,0.666666667,0.48507125,0.0,0.0,0.055555556,0.23570226
1116.jpg,1.8333333333333333,0.0,0.0,0.777777778,0.427792632,0.0,0.0,0.388888889,0.501631326,0.611111111,0.501631326,0.055555556,0.23570226,0.0,0.0
19_21_05.bmp,1.5555555555555556,0.111111111,0.323380833,0.277777778,0.460888599,0.055555556,0.23570226,0.777777778,0.427792632,0.111111111,0.323380833,0.166666667,0.383482494,0.0,0.0
31_14_05.bmp,1.6111111111111112,0.0,0.0,0.222222222,0.427792632,0.0,0.0,0.944444444,0.23570226,0.111111111,0.323380833,0.055555556,0.23570226,0.055555556,0.23570226
0569.jpg,3.2222222222222223,0.055555556,0.23570226,0.277777778,0.460888599,0.0,0.0,0.222222222,0.427792632,0.666666667,0.48507125,0.0,0.0,0.055555556,0.23570226
0713.jpg,3.333333333333333,0.055555556,0.23570226,0.222222222,0.427792632,0.111111111,0.323380833,0.055555556,0.23570226,0.277777778,0.460888599,0.111111111,0.323380833,0.111111111,0.323380833
19_13_03.bmp,3.055555555555556,0.055555556,0.23570226,0.166666667,0.383482494,0.555555556,0.511309993,0.055555556,0.23570226,0.111111111,0.323380833,0.111111111,0.323380833,0.055555556,0.23570226
11_10_03.bmp,2.4444444444444446,0.777777778,0.427792632,0.333333333,0.48507125,0.0,0.0,0.055555556,0.23570226,0.166666667,0.383482494,0.055555556,0.23570226,0.0,0.0
19_16_01.bmp,3.2222222222222223,0.055555556,0.23570226,0.388888889,0.501631326,0.222222222,0.427792632,0.0,0.0,0.166666667,0.383482494,0.111111111,0.323380833,0.055555556,0.23570226
14_13_01.bmp,3.5,0.055555556,0.23570226,0.555555556,0.511309993,0.166666667,0.383482494,0.0,0.0,0.0,0.0,0.055555556,0.23570226,0.055555556,0.23570226
36_16_01.bmp,3.055555555555556,0.111111111,0.323380833,0.555555556,0.511309993,0.222222222,0.427792632,0.111111111,0.323380833,0.0,0.0,0.055555556,0.23570226,0.111111111,0.323380833
27_11_02.bmp,2.9444444444444446,0.611111111,0.501631326,0.166666667,0.383482494,0.055555556,0.23570226,0.0,0.0,0.444444444,0.511309993,0.111111111,0.323380833,0.111111111,0.323380833
0949.jpg,2.6666666666666665,0.055555556,0.23570226,0.444444444,0.511309993,0.0,0.0,0.666666667,0.48507125,0.166666667,0.383482494,0.055555556,0.23570226,0.0,0.0
08_20_02.bmp,2.1666666666666665,0.611111111,0.501631326,0.277777778,0.460888599,0.333333333,0.48507125,0.166666667,0.383482494,0.055555556,0.23570226,0.055555556,0.23570226,0.0,0.0
0239.jpg,2.2222222222222223,0.277777778,0.460888599,0.333333333,0.48507125,0.0,0.0,0.833333333,0.383482494,0.055555556,0.23570226,0.0,0.0,0.111111111,0.323380833
01_06_01.bmp,3.055555555555556,0.0,0.0,0.722222222,0.460888599,0.166666667,0.383482494,0.0,0.0,0.055555556,0.23570226,0.055555556,0.23570226,0.055555556,0.23570226
10_24_05.bmp,1.3333333333333333,0.0,0.0,0.888888889,0.323380833,0.0,0.0,0.055555556,0.23570226,0.166666667,0.383482494,0.111111111,0.323380833,0.055555556,0.23570226
25_24_03.bmp,1.7777777777777777,0.111111111,0.323380833,0.833333333,0.383482494,0.111111111,0.323380833,0.0,0.0,0.111111111,0.323380833,0.055555556,0.23570226,0.0,0.0
26_17_01.bmp,3.2777777777777777,0.055555556,0.23570226,0.222222222,0.427792632,0.222222222,0.427792632,0.055555556,0.23570226,0.055555556,0.23570226,0.0,0.0,0.166666667,0.383482494
11_24_05.bmp,1.5,0.0,0.0,0.944444444,0.23570226,0.0,0.0,0.055555556,0.23570226,0.277777778,0.460888599,0.0,0.0,0.055555556,0.23570226
07_23_05.bmp,2.055555555555556,0.111111111,0.323380833,0.333333333,0.48507125,0.0,0.0,0.833333333,0.383482494,0.0,0.0,0.055555556,0.23570226,0.0,0.0
02_21_02.bmp,2.4444444444444446,0.055555556,0.23570226,0.166666667,0.383482494,0.777777778,0.427792632,0.0,0.0,0.277777778,0.460888599,0.166666667,0.383482494,0.0,0.0
21_04_02.bmp,3.2222222222222223,0.111111111,0.323380833,0.388888889,0.501631326,0.055555556,0.23570226,0.055555556,0.23570226,0.055555556,0.23570226,0.0,0.0,0.0,0.0
02_09_01.bmp,2.9444444444444446,0.666666667,0.48507125,0.333333333,0.48507125,0.0,0.0,0.055555556,0.23570226,0.5,0.514495755,0.055555556,0.23570226,0.0,0.0
35_24_03.bmp,1.7777777777777777,0.0,0.0,0.833333333,0.383482494,0.055555556,0.23570226,0.111111111,0.323380833,0.0,0.0,0.0,0.0,0.055555556,0.23570226
06_18_01.bmp,2.611111111111111,0.222222222,0.427792632,0.611111111,0.501631326,0.055555556,0.23570226,0.0,0.0,0.055555556,0.23570226,0.277777778,0.460888599,0.222222222,0.427792632
14_14_01.bmp,3.4444444444444446,0.111111111,0.323380833,0.333333333,0.48507125,0.111111111,0.323380833,0.111111111,0.323380833,0.0,0.0,0.055555556,0.23570226,0.055555556,0.23570226
18_21_04.bmp,2.333333333333333,0.222222222,0.427792632,0.444444444,0.511309993,0.111111111,0.323380833,0.5,0.514495755,0.0,0.0,0.055555556,0.23570226,0.0,0.0
0866.jpg,3.611111111111111,0.111111111,0.323380833,0.444444444,0.511309993,0.055555556,0.23570226,0.0,0.0,0.166666667,0.383482494,0.0,0.0,0.0,0.0
03_18_05.bmp,1.9444444444444444,0.277777778,0.460888599,0.722222222,0.460888599,0.0,0.0,0.055555556,0.23570226,0.166666667,0.383482494,0.055555556,0.23570226,0.111111111,0.323380833
11_03_04.bmp,2.1666666666666665,0.0,0.0,0.777777778,0.427792632,0.0,0.0,0.111111111,0.323380833,0.222222222,0.427792632,0.111111111,0.323380833,0.0,0.0
30_24_02.bmp,3.1666666666666665,0.0,0.0,0.5,0.514495755,0.0,0.0,0.055555556,0.23570226,0.277777778,0.460888599,0.055555556,0.23570226,0.055555556,0.23570226
13_12_03.bmp,2.888888888888889,0.722222222,0.460888599,0.222222222,0.427792632,0.111111111,0.323380833,0.0,0.0,0.166666667,0.383482494,0.0,0.0,0.111111111,0.323380833
05_01_02.bmp,3.2222222222222223,0.111111111,0.323380833,0.555555556,0.511309993,0.166666667,0.383482494,0.055555556,0.23570226,0.0,0.0,0.055555556,0.23570226,0.055555556,0.23570226
0198.jpg,1.7222222222222223,0.111111111,0.323380833,0.166666667,0.383482494,0.0,0.0,0.888888889,0.323380833,0.055555556,0.23570226,0.055555556,0.23570226,0.0,0.0
23_10_03.bmp,2.7222222222222223,0.722222222,0.460888599,0.277777778,0.460888599,0.055555556,0.23570226,0.0,0.0,0.222222222,0.427792632,0.055555556,0.23570226,0.0,0.0
15_13_02.bmp,3.111111111111111,0.0,0.0,0.222222222,0.427792632,0.5,0.514495755,0.0,0.0,0.222222222,0.427792632,0.0,0.0,0.111111111,0.323380833
33_05_05.bmp,2.2222222222222223,0.222222222,0.427792632,0.777777778,0.427792632,0.055555556,0.23570226,0.055555556,0.23570226,0.444444444,0.511309993,0.0,0.0,0.0,0.0
34_23_04.bmp,2.333333333333333,0.055555556,0.23570226,0.111111111,0.323380833,0.0,0.0,0.777777778,0.427792632,0.0,0.0,0.055555556,0.23570226,0.166666667,0.383482494
22_10_05.bmp,2.055555555555556,0.722222222,0.460888599,0.388888889,0.501631326,0.055555556,0.23570226,0.0,0.0,0.166666667,0.383482494,0.055555556,0.23570226,0.055555556,0.23570226
12_25_01.bmp,2.9444444444444446,0.055555556,0.23570226,0.111111111,0.323380833,0.055555556,0.23570226,0.055555556,0.23570226,0.055555556,0.23570226,0.0,0.0,0.888888889,0.323380833
22_14_01.bmp,3.333333333333333,0.0,0.0,0.388888889,0.501631326,0.111111111,0.323380833,0.277777778,0.460888599,0.111111111,0.323380833,0.111111111,0.323380833,0.055555556,0.23570226
15_04_03.bmp,2.7222222222222223,0.388888889,0.501631326,0.166666667,0.383482494,0.222222222,0.427792632,0.055555556,0.23570226,0.166666667,0.383482494,0.166666667,0.383482494,0.055555556,0.23570226
17_25_02.bmp,2.888888888888889,0.055555556,0.23570226,0.0,0.0,0.0,0.0,0.0,0.0,0.222222222,0.427792632,0.055555556,0.23570226,0.777777778,0.427792632
26_23_04.bmp,2.4444444444444446,0.0,0.0,0.0,0.0,0.0,0.0,0.722222222,0.460888599,0.111111111,0.323380833,0.0,0.0,0.111111111,0.323380833
17_04_05.bmp,1.9444444444444444,0.333333333,0.48507125,0.333333333,0.48507125,0.166666667,0.383482494,0.055555556,0.23570226,0.166666667,0.383482494,0.222222222,0.427792632,0.111111111,0.323380833
01256.jpg,3.0,0.388888889,0.501631326,0.833333333,0.383482494,0.0,0.0,0.0,0.0,0.555555556,0.511309993,0.0,0.0,0.0,0.0
05_09_03.bmp,2.333333333333333,0.777777778,0.427792632,0.388888889,0.501631326,0.111111111,0.323380833,0.0,0.0,0.055555556,0.23570226,0.055555556,0.23570226,0.055555556,0.23570226
18_21_03.bmp,2.4444444444444446,0.055555556,0.23570226,0.333333333,0.48507125,0.666666667,0.48507125,0.055555556,0.23570226,0.0,0.0,0.0,0.0,0.055555556,0.23570226
35_16_01.bmp,2.9444444444444446,0.111111111,0.323380833,0.555555556,0.511309993,0.277777778,0.460888599,0.0,0.0,0.0,0.0,0.0,0.0,0.055555556,0.23570226
13_23_04.bmp,2.555555555555556,0.055555556,0.23570226,0.166666667,0.383482494,0.055555556,0.23570226,0.777777778,0.427792632,0.055555556,0.23570226,0.0,0.0,0.166666667,0.383482494
01164.jpg,4.055555555555555,0.166666667,0.383482494,0.111111111,0.323380833,0.111111111,0.323380833,0.055555556,0.23570226,0.111111111,0.323380833,0.277777778,0.460888599,0.055555556,0.23570226
05_01_05.bmp,1.4444444444444444,0.111111111,0.323380833,1.0,0.0,0.055555556,0.23570226,0.0,0.0,0.055555556,0.23570226,0.111111111,0.323380833,0.0,0.0
0862.jpg,3.388888888888889,0.111111111,0.323380833,0.444444444,0.511309993,0.055555556,0.23570226,0.055555556,0.23570226,0.166666667,0.383482494,0.0,0.0,0.055555556,0.23570226
0141.jpg,3.2222222222222223,0.055555556,0.23570226,0.222222222,0.427792632,0.833333333,0.383482494,0.055555556,0.23570226,0.055555556,0.23570226,0.055555556,0.23570226,0.055555556,0.23570226
22_12_04.bmp,2.111111111111111,0.888888889,0.323380833,0.388888889,0.501631326,0.055555556,0.23570226,0.0,0.0,0.166666667,0.383482494,0.111111111,0.323380833,0.0,0.0
04_01_04.bmp,1.7222222222222223,0.166666667,0.383482494,0.888888889,0.323380833,0.222222222,0.427792632,0.0,0.0,0.111111111,0.323380833,0.0,0.0,0.111111111,0.323380833
23_03_02.bmp,3.1666666666666665,0.055555556,0.23570226,0.666666667,0.48507125,0.055555556,0.23570226,0.0,0.0,0.222222222,0.427792632,0.0,0.0,0.055555556,0.23570226
0510.jpg,2.388888888888889,0.0,0.0,0.444444444,0.511309993,0.0,0.0,0.611111111,0.501631326,0.722222222,0.460888599,0.0,0.0,0.0,0.0
12_07_01.bmp,2.888888888888889,0.111111111,0.323380833,0.611111111,0.501631326,0.055555556,0.23570226,0.0,0.0,0.111111111,0.323380833,0.055555556,0.23570226,0.111111111,0.323380833
34_09_04.bmp,2.2777777777777777,0.777777778,0.427792632,0.333333333,0.48507125,0.055555556,0.23570226,0.055555556,0.23570226,0.055555556,0.23570226,0.055555556,0.23570226,0.055555556,0.23570226
08_12_04.bmp,3.111111111111111,0.833333333,0.383482494,0.055555556,0.23570226,0.055555556,0.23570226,0.0,0.0,0.111111111,0.323380833,0.055555556,0.23570226,0.0,0.0
0393.jpg,3.2222222222222223,0.055555556,0.23570226,0.777777778,0.427792632,0.055555556,0.23570226,0.166666667,0.383482494,0.0,0.0,0.0,0.0,0.0,0.0
10_17_05.bmp,2.4444444444444446,0.0,0.0,0.555555556,0.511309993,0.055555556,0.23570226,0.055555556,0.23570226,0.444444444,0.511309993,0.222222222,0.427792632,0.222222222,0.427792632
36_17_03.bmp,2.611111111111111,0.111111111,0.323380833,0.611111111,0.501631326,0.166666667,0.383482494,0.0,0.0,0.166666667,0.383482494,0.166666667,0.383482494,0.222222222,0.427792632
06_17_03.bmp,2.5,0.166666667,0.383482494,0.444444444,0.511309993,0.055555556,0.23570226,0.0,0.0,0.055555556,0.23570226,0.333333333,0.48507125,0.333333333,0.48507125
0870.jpg,3.5,0.055555556,0.23570226,0.444444444,0.511309993,0.055555556,0.23570226,0.0,0.0,0.277777778,0.460888599,0.0,0.0,0.0,0.0
0225.jpg,1.7222222222222223,0.055555556,0.23570226,0.444444444,0.511309993,0.055555556,0.23570226,0.888888889,0.323380833,0.111111111,0.323380833,0.055555556,0.23570226,0.0,0.0
01437.jpg,3.6666666666666665,0.0,0.0,0.555555556,0.511309993,0.111111111,0.323380833,0.055555556,0.23570226,0.0,0.0,0.055555556,0.23570226,0.0,0.0
16_16_04.bmp,2.2222222222222223,0.277777778,0.460888599,0.611111111,0.501631326,0.055555556,0.23570226,0.111111111,0.323380833,0.333333333,0.48507125,0.277777778,0.460888599,0.0,0.0
01391.jpg,3.7222222222222223,0.055555556,0.23570226,0.611111111,0.501631326,0.111111111,0.323380833,0.055555556,0.23570226,0.0,0.0,0.055555556,0.23570226,0.055555556,0.23570226
1004.jpg,3.2777777777777777,0.055555556,0.23570226,0.222222222,0.427792632,0.055555556,0.23570226,0.611111111,0.501631326,0.055555556,0.23570226,0.055555556,0.23570226,0.0,0.0
0763.jpg,3.333333333333333,0.0,0.0,0.555555556,0.511309993,0.0,0.0,0.055555556,0.23570226,0.222222222,0.427792632,0.055555556,0.23570226,0.111111111,0.323380833
32_24_04.bmp,1.7777777777777777,0.111111111,0.323380833,0.944444444,0.23570226,0.0,0.0,0.055555556,0.23570226,0.333333333,0.48507125,0.055555556,0.23570226,0.0,0.0
13_18_05.bmp,1.6111111111111112,0.055555556,0.23570226,0.833333333,0.383482494,0.055555556,0.23570226,0.055555556,0.23570226,0.222222222,0.427792632,0.055555556,0.23570226,0.111111111,0.323380833
01149.jpg,3.8333333333333335,0.111111111,0.323380833,0.222222222,0.427792632,0.0,0.0,0.111111111,0.323380833,0.166666667,0.383482494,0.0,0.0,0.555555556,0.511309993
1015.jpg,3.7777777777777777,0.111111111,0.323380833,0.333333333,0.48507125,0.055555556,0.23570226,0.277777778,0.460888599,0.055555556,0.23570226,0.055555556,0.23570226,0.0,0.0
0492.jpg,3.5,0.055555556,0.23570226,0.333333333,0.48507125,0.055555556,0.23570226,0.0,0.0,0.611111111,0.501631326,0.0,0.0,0.055555556,0.23570226
34_07_04.bmp,1.3888888888888888,0.166666667,0.383482494,0.888888889,0.323380833,0.055555556,0.23570226,0.055555556,0.23570226,0.0,0.0,0.0,0.0,0.055555556,0.23570226
02_01_04.bmp,2.055555555555556,0.055555556,0.23570226,0.944444444,0.23570226,0.0,0.0,0.055555556,0.23570226,0.555555556,0.511309993,0.0,0.0,0.055555556,0.23570226
35_22_04.bmp,1.7222222222222223,0.222222222,0.427792632,0.888888889,0.323380833,0.166666667,0.383482494,0.055555556,0.23570226,0.0,0.0,0.0,0.0,0.0,0.0
0533.jpg,2.833333333333333,0.055555556,0.23570226,0.444444444,0.511309993,0.055555556,0.23570226,0.222222222,0.427792632,0.777777778,0.427792632,0.055555556,0.23570226,0.055555556,0.23570226
0043.jpg,3.055555555555556,0.0,0.0,0.333333333,0.48507125,0.833333333,0.383482494,0.0,0.0,0.166666667,0.383482494,0.055555556,0.23570226,0.055555556,0.23570226
0382.jpg,2.333333333333333,0.111111111,0.323380833,0.888888889,0.323380833,0.0,0.0,0.166666667,0.383482494,0.111111111,0.323380833,0.0,0.0,0.0,0.0
28_20_01.bmp,2.6666666666666665,0.388888889,0.501631326,0.666666667,0.48507125,0.111111111,0.323380833,0.0,0.0,0.166666667,0.383482494,0.111111111,0.323380833,0.0,0.0
18_25_02.bmp,2.6666666666666665,0.111111111,0.323380833,0.111111111,0.323380833,0.055555556,0.23570226,0.0,0.0,0.0,0.0,0.111111111,0.323380833,0.944444444,0.23570226
0378.jpg,2.2222222222222223,0.111111111,0.323380833,0.888888889,0.323380833,0.0,0.0,0.111111111,0.323380833,0.0,0.0,0.0,0.0,0.0,0.0
23_14_03.bmp,2.611111111111111,0.055555556,0.23570226,0.277777778,0.460888599,0.055555556,0.23570226,0.666666667,0.48507125,0.222222222,0.427792632,0.111111111,0.323380833,0.0,0.0
33_22_02.bmp,3.1666666666666665,0.055555556,0.23570226,0.611111111,0.501631326,0.0,0.0,0.111111111,0.323380833,0.388888889,0.501631326,0.0,0.0,0.055555556,0.23570226
0525.jpg,3.333333333333333,0.055555556,0.23570226,0.444444444,0.511309993,0.0,0.0,0.388888889,0.501631326,0.5,0.514495755,0.0,0.0,0.0,0.0
0982.jpg,3.2777777777777777,0.055555556,0.23570226,0.277777778,0.460888599,0.055555556,0.23570226,0.666666667,0.48507125,0.111111111,0.323380833,0.0,0.0,0.055555556,0.23570226
0234.jpg,1.8333333333333333,0.166666667,0.383482494,0.388888889,0.501631326,0.0,0.0,0.944444444,0.23570226,0.0,0.0,0.055555556,0.23570226,0.0,0.0
0138.jpg,2.611111111111111,0.111111111,0.323380833,0.388888889,0.501631326,0.888888889,0.323380833,0.0,0.0,0.0,0.0,0.055555556,0.23570226,0.055555556,0.23570226
01358.jpg,3.055555555555556,0.055555556,0.23570226,0.833333333,0.383482494,0.111111111,0.323380833,0.055555556,0.23570226,0.0,0.0,0.055555556,0.23570226,0.055555556,0.23570226
17_20_04.bmp,2.0,0.444444444,0.511309993,0.277777778,0.460888599,0.222222222,0.427792632,0.277777778,0.460888599,0.166666667,0.383482494,0.0,0.0,0.055555556,0.23570226
17_21_05.bmp,1.8333333333333333,0.166666667,0.383482494,0.222222222,0.427792632,0.055555556,0.23570226,0.666666667,0.48507125,0.222222222,0.427792632,0.055555556,0.23570226,0.055555556,0.23570226
17_14_03.bmp,2.7777777777777777,0.055555556,0.23570226,0.222222222,0.427792632,0.166666667,0.383482494,0.444444444,0.511309993,0.222222222,0.427792632,0.111111111,0.323380833,0.111111111,0.323380833
0392.jpg,2.611111111111111,0.111111111,0.323380833,0.777777778,0.427792632,0.0,0.0,0.166666667,0.383482494,0.111111111,0.323380833,0.055555556,0.23570226,0.0,0.0
12_12_01.bmp,3.388888888888889,0.388888889,0.501631326,0.277777778,0.460888599,0.111111111,0.323380833,0.055555556,0.23570226,0.055555556,0.23570226,0.0,0.0,0.055555556,0.23570226
01428.jpg,3.7777777777777777,0.0,0.0,0.444444444,0.511309993,0.111111111,0.323380833,0.055555556,0.23570226,0.0,0.0,0.0,0.0,0.0,0.0
24_03_05.bmp,1.7777777777777777,0.111111111,0.323380833,0.833333333,0.383482494,0.0,0.0,0.055555556,0.23570226,0.055555556,0.23570226,0.0,0.0,0.0,0.0
0458.jpg,2.888888888888889,0.055555556,0.23570226,0.277777778,0.460888599,0.0,0.0,0.111111111,0.323380833,0.777777778,0.427792632,0.0,0.0,0.055555556,0.23570226
02_23_04.bmp,2.555555555555556,0.055555556,0.23570226,0.222222222,0.427792632,0.055555556,0.23570226,0.777777778,0.427792632,0.222222222,0.427792632,0.055555556,0.23570226,0.111111111,0.323380833
09_04_04.bmp,2.611111111111111,0.222222222,0.427792632,0.388888889,0.501631326,0.277777778,0.460888599,0.055555556,0.23570226,0.111111111,0.323380833,0.166666667,0.383482494,0.0,0.0
01371.jpg,3.388888888888889,0.055555556,0.23570226,0.666666667,0.48507125,0.055555556,0.23570226,0.055555556,0.23570226,0.0,0.0,0.0,0.0,0.055555556,0.23570226
35_15_03.bmp,2.555555555555556,0.055555556,0.23570226,0.611111111,0.501631326,0.277777778,0.460888599,0.055555556,0.23570226,0.0,0.0,0.0,0.0,0.055555556,0.23570226
37_17_03.bmp,2.611111111111111,0.111111111,0.323380833,0.5,0.514495755,0.055555556,0.23570226,0.055555556,0.23570226,0.166666667,0.383482494,0.222222222,0.427792632,0.166666667,0.383482494
06_06_05.bmp,1.8888888888888888,0.555555556,0.511309993,0.222222222,0.427792632,0.222222222,0.427792632,0.055555556,0.23570226,0.055555556,0.23570226,0.222222222,0.427792632,0.111111111,0.323380833
16_10_03.bmp,2.6666666666666665,0.722222222,0.460888599,0.166666667,0.383482494,0.055555556,0.23570226,0.0,0.0,0.333333333,0.48507125,0.388888889,0.501631326,0.0,0.0
16_15_05.bmp,2.611111111111111,0.0,0.0,0.166666667,0.383482494,0.0,0.0,0.555555556,0.511309993,0.388888889,0.501631326,0.333333333,0.48507125,0.055555556,0.23570226
01_07_05.bmp,1.6666666666666667,0.388888889,0.501631326,0.777777778,0.427792632,0.166666667,0.383482494,0.0,0.0,0.055555556,0.23570226,0.166666667,0.383482494,0.111111111,0.323380833
10_17_01.bmp,3.055555555555556,0.111111111,0.323380833,0.5,0.514495755,0.0,0.0,0.0,0.0,0.388888889,0.501631326,0.222222222,0.427792632,0.111111111,0.323380833
01475.jpg,3.4444444444444446,0.055555556,0.23570226,0.666666667,0.48507125,0.111111111,0.323380833,0.055555556,0.23570226,0.055555556,0.23570226,0.0,0.0,0.055555556,0.23570226
35_04_04.bmp,2.2777777777777777,0.277777778,0.460888599,0.5,0.514495755,0.277777778,0.460888599,0.0,0.0,0.0,0.0,0.166666667,0.383482494,0.111111111,0.323380833
13_11_04.bmp,2.5,0.888888889,0.323380833,0.222222222,0.427792632,0.111111111,0.323380833,0.0,0.0,0.222222222,0.427792632,0.0,0.0,0.0,0.0
08_14_02.bmp,3.611111111111111,0.111111111,0.323380833,0.055555556,0.23570226,0.111111111,0.323380833,0.555555556,0.511309993,0.111111111,0.323380833,0.0,0.0,0.0,0.0
0954.jpg,2.9444444444444446,0.0,0.0,0.333333333,0.48507125,0.055555556,0.23570226,0.666666667,0.48507125,0.166666667,0.383482494,0.0,0.0,0.0,0.0
0436.jpg,2.7777777777777777,0.0,0.0,0.833333333,0.383482494,0.0,0.0,0.111111111,0.323380833,0.055555556,0.23570226,0.055555556,0.23570226,0.055555556,0.23570226
13_09_01.bmp,3.1666666666666665,0.666666667,0.48507125,0.222222222,0.427792632,0.055555556,0.23570226,0.055555556,0.23570226,0.166666667,0.383482494,0.0,0.0,0.055555556,0.23570226
03_13_04.bmp,3.5,0.055555556,0.23570226,0.222222222,0.427792632,0.666666667,0.48507125,0.0,0.0,0.055555556,0.23570226,0.0,0.0,0.111111111,0.323380833
34_24_04.bmp,1.5,0.0,0.0,1.0,0.0,0.166666667,0.383482494,0.055555556,0.23570226,0.0,0.0,0.0,0.0,0.0,0.0
26_04_01.bmp,3.9444444444444446,0.055555556,0.23570226,0.222222222,0.427792632,0.111111111,0.323380833,0.0,0.0,0.055555556,0.23570226,0.0,0.0,0.111111111,0.323380833
36_03_04.bmp,1.8888888888888888,0.0,0.0,0.833333333,0.383482494,0.055555556,0.23570226,0.0,0.0,0.0,0.0,0.055555556,0.23570226,0.055555556,0.23570226
33_24_05.bmp,1.6666666666666667,0.055555556,0.23570226,0.833333333,0.383482494,0.055555556,0.23570226,0.0,0.0,0.333333333,0.48507125,0.0,0.0,0.055555556,0.23570226
0414.jpg,2.9444444444444446,0.055555556,0.23570226,0.777777778,0.427792632,0.0,0.0,0.111111111,0.323380833,0.0,0.0,0.0,0.0,0.055555556,0.23570226
01355.jpg,3.1666666666666665,0.111111111,0.323380833,0.666666667,0.48507125,0.111111111,0.323380833,0.0,0.0,0.055555556,0.23570226,0.055555556,0.23570226,0.0,0.0
26_08_05.bmp,2.888888888888889,0.277777778,0.460888599,0.555555556,0.511309993,0.111111111,0.323380833,0.055555556,0.23570226,0.055555556,0.23570226,0.0,0.0,0.0,0.0
35_07_03.bmp,2.055555555555556,0.111111111,0.323380833,0.833333333,0.383482494,0.111111111,0.323380833,0.0,0.0,0.0,0.0,0.055555556,0.23570226,0.055555556,0.23570226
21_21_02.bmp,2.611111111111111,0.111111111,0.323380833,0.388888889,0.501631326,0.666666667,0.48507125,0.0,0.0,0.0,0.0,0.0,0.0,0.111111111,0.323380833
32_07_05.bmp,1.3333333333333333,0.055555556,0.23570226,0.833333333,0.383482494,0.0,0.0,0.055555556,0.23570226,0.333333333,0.48507125,0.055555556,0.23570226,0.0,0.0
01339.jpg,3.0,0.055555556,0.23570226,0.777777778,0.427792632,0.055555556,0.23570226,0.055555556,0.23570226,0.055555556,0.23570226,0.111111111,0.323380833,0.055555556,0.23570226
17_11_04.bmp,2.388888888888889,0.777777778,0.427792632,0.277777778,0.460888599,0.0,0.0,0.0,0.0,0.222222222,0.427792632,0.166666667,0.383482494,0.0,0.0
0853.jpg,3.6666666666666665,0.111111111,0.323380833,0.5,0.514495755,0.055555556,0.23570226,0.0,0.0,0.277777778,0.460888599,0.0,0.0,0.055555556,0.23570226
31_12_02.bmp,2.833333333333333,0.611111111,0.501631326,0.166666667,0.383482494,0.0,0.0,0.0,0.0,0.166666667,0.383482494,0.055555556,0.23570226,0.055555556,0.23570226
11_12_05.bmp,2.055555555555556,0.833333333,0.383482494,0.333333333,0.48507125,0.055555556,0.23570226,0.111111111,0.323380833,0.277777778,0.460888599,0.055555556,0.23570226,0.0,0.0
28_01_05.bmp,1.6666666666666667,0.0,0.0,0.888888889,0.323380833,0.111111111,0.323380833,0.0,0.0,0.277777778,0.460888599,0.055555556,0.23570226,0.0,0.0
01_07_03.bmp,2.7777777777777777,0.222222222,0.427792632,0.722222222,0.460888599,0.111111111,0.323380833,0.0,0.0,0.0,0.0,0.0,0.0,0.111111111,0.323380833
13_25_03.bmp,2.555555555555556,0.111111111,0.323380833,0.055555556,0.23570226,0.111111111,0.323380833,0.111111111,0.323380833,0.055555556,0.23570226,0.0,0.0,1.0,0.0
11_14_01.bmp,3.111111111111111,0.111111111,0.323380833,0.277777778,0.460888599,0.055555556,0.23570226,0.388888889,0.501631326,0.277777778,0.460888599,0.055555556,0.23570226,0.0,0.0
11_20_05.bmp,1.5555555555555556,0.444444444,0.511309993,0.166666667,0.383482494,0.333333333,0.48507125,0.388888889,0.501631326,0.222222222,0.427792632,0.055555556,0.23570226,0.111111111,0.323380833
0633.jpg,3.388888888888889,0.111111111,0.323380833,0.444444444,0.511309993,0.0,0.0,0.166666667,0.383482494,0.166666667,0.383482494,0.055555556,0.23570226,0.055555556,0.23570226
12_06_01.bmp,3.5,0.388888889,0.501631326,0.222222222,0.427792632,0.166666667,0.383482494,0.0,0.0,0.111111111,0.323380833,0.111111111,0.323380833,0.0,0.0
04_10_02.bmp,2.7222222222222223,0.555555556,0.511309993,0.388888889,0.501631326,0.111111111,0.323380833,0.0,0.0,0.277777778,0.460888599,0.0,0.0,0.055555556,0.23570226
03_08_03.bmp,3.333333333333333,0.333333333,0.48507125,0.5,0.514495755,0.055555556,0.23570226,0.0,0.0,0.111111111,0.323380833,0.0,0.0,0.055555556,0.23570226
15_02_01.bmp,3.333333333333333,0.055555556,0.23570226,0.444444444,0.511309993,0.0,0.0,0.0,0.0,0.222222222,0.427792632,0.0,0.0,0.055555556,0.23570226
16_18_04.bmp,2.2777777777777777,0.055555556,0.23570226,0.666666667,0.48507125,0.0,0.0,0.0,0.0,0.333333333,0.48507125,0.333333333,0.48507125,0.0,0.0
22_13_04.bmp,2.6666666666666665,0.055555556,0.23570226,0.277777778,0.460888599,0.888888889,0.323380833,0.0,0.0,0.111111111,0.323380833,0.055555556,0.23570226,0.055555556,0.23570226
22_18_02.bmp,2.7222222222222223,0.055555556,0.23570226,0.722222222,0.460888599,0.055555556,0.23570226,0.0,0.0,0.111111111,0.323380833,0.222222222,0.427792632,0.0,0.0
29_23_05.bmp,1.9444444444444444,0.055555556,0.23570226,0.222222222,0.427792632,0.0,0.0,0.722222222,0.460888599,0.111111111,0.323380833,0.166666667,0.383482494,0.055555556,0.23570226
17_10_01.bmp,3.4444444444444446,0.5,0.514495755,0.333333333,0.48507125,0.0,0.0,0.0,0.0,0.166666667,0.383482494,0.166666667,0.383482494,0.0,0.0
10_04_01.bmp,3.2777777777777777,0.111111111,0.323380833,0.388888889,0.501631326,0.0,0.0,0.0,0.0,0.5,0.514495755,0.166666667,0.383482494,0.0,0.0
21_14_03.bmp,3.0,0.055555556,0.23570226,0.277777778,0.460888599,0.166666667,0.383482494,0.555555556,0.511309993,0.0,0.0,0.0,0.0,0.0,0.0
12_14_01.bmp,3.388888888888889,0.111111111,0.323380833,0.222222222,0.427792632,0.222222222,0.427792632,0.111111111,0.323380833,0.055555556,0.23570226,0.055555556,0.23570226,0.055555556,0.23570226
34_01_02.bmp,3.333333333333333,0.166666667,0.383482494,0.666666667,0.48507125,0.277777778,0.460888599,0.055555556,0.23570226,0.055555556,0.23570226,0.0,0.0,0.055555556,0.23570226
16_10_04.bmp,2.7222222222222223,0.777777778,0.427792632,0.166666667,0.383482494,0.0,0.0,0.055555556,0.23570226,0.277777778,0.460888599,0.444444444,0.511309993,0.0,0.0
0030.jpg,1.9444444444444444,0.055555556,0.23570226,0.5,0.514495755,0.888888889,0.323380833,0.0,0.0,0.222222222,0.427792632,0.0,0.0,0.0,0.0
16_18_03.bmp,2.5,0.055555556,0.23570226,0.611111111,0.501631326,0.0,0.0,0.055555556,0.23570226,0.333333333,0.48507125,0.388888889,0.501631326,0.0,0.0
03_03_02.bmp,3.4444444444444446,0.111111111,0.323380833,0.555555556,0.511309993,0.055555556,0.23570226,0.055555556,0.23570226,0.111111111,0.323380833,0.055555556,0.23570226,0.055555556,0.23570226
0638.jpg,3.0,0.111111111,0.323380833,0.444444444,0.511309993,0.055555556,0.23570226,0.055555556,0.23570226,0.111111111,0.323380833,0.055555556,0.23570226,0.055555556,0.23570226
13_24_03.bmp,2.333333333333333,0.0,0.0,0.888888889,0.323380833,0.055555556,0.23570226,0.055555556,0.23570226,0.055555556,0.23570226,0.055555556,0.23570226,0.0,0.0
21_14_05.bmp,1.7777777777777777,0.111111111,0.323380833,0.222222222,0.427792632,0.055555556,0.23570226,0.944444444,0.23570226,0.0,0.0,0.111111111,0.323380833,0.0,0.0
35_19_02.bmp,2.611111111111111,0.166666667,0.383482494,0.722222222,0.460888599,0.222222222,0.427792632,0.0,0.0,0.055555556,0.23570226,0.0,0.0,0.055555556,0.23570226
01288.jpg,2.833333333333333,0.277777778,0.460888599,0.777777778,0.427792632,0.055555556,0.23570226,0.0,0.0,0.611111111,0.501631326,0.0,0.0,0.0,0.0
20_24_03.bmp,2.0,0.0,0.0,0.888888889,0.323380833,0.111111111,0.323380833,0.0,0.0,0.055555556,0.23570226,0.111111111,0.323380833,0.055555556,0.23570226
27_14_01.bmp,3.1666666666666665,0.055555556,0.23570226,0.277777778,0.460888599,0.0,0.0,0.333333333,0.48507125,0.5,0.514495755,0.0,0.0,0.055555556,0.23570226
08_15_02.bmp,3.1666666666666665,0.166666667,0.383482494,0.166666667,0.383482494,0.555555556,0.511309993,0.055555556,0.23570226,0.055555556,0.23570226,0.0,0.0,0.0,0.0
14_04_04.bmp,2.2222222222222223,0.388888889,0.501631326,0.333333333,0.48507125,0.222222222,0.427792632,0.0,0.0,0.0,0.0,0.277777778,0.460888599,0.055555556,0.23570226
27_18_02.bmp,2.9444444444444446,0.166666667,0.383482494,0.611111111,0.501631326,0.055555556,0.23570226,0.0,0.0,0.5,0.514495755,0.055555556,0.23570226,0.055555556,0.23570226
01404.jpg,4.055555555555555,0.0,0.0,0.555555556,0.511309993,0.111111111,0.323380833,0.0,0.0,0.0,0.0,0.0,0.0,0.055555556,0.23570226
09_24_05.bmp,1.3888888888888888,0.0,0.0,0.833333333,0.383482494,0.0,0.0,0.0,0.0,0.055555556,0.23570226,0.111111111,0.323380833,0.111111111,0.323380833
03_13_05.bmp,2.9444444444444446,0.111111111,0.323380833,0.166666667,0.383482494,0.722222222,0.460888599,0.0,0.0,0.055555556,0.23570226,0.0,0.0,0.055555556,0.23570226
09_15_02.bmp,2.7777777777777777,0.055555556,0.23570226,0.222222222,0.427792632,0.611111111,0.501631326,0.055555556,0.23570226,0.111111111,0.323380833,0.0,0.0,0.0,0.0
23_25_01.bmp,3.1666666666666665,0.055555556,0.23570226,0.111111111,0.323380833,0.0,0.0,0.0,0.0,0.166666667,0.383482494,0.055555556,0.23570226,0.777777778,0.427792632
0613.jpg,2.833333333333333,0.166666667,0.383482494,0.666666667,0.48507125,0.0,0.0,0.111111111,0.323380833,0.055555556,0.23570226,0.055555556,0.23570226,0.111111111,0.323380833
01383.jpg,3.611111111111111,0.055555556,0.23570226,0.777777778,0.427792632,0.055555556,0.23570226,0.0,0.0,0.0,0.0,0.0,0.0,0.055555556,0.23570226
25_12_03.bmp,2.388888888888889,0.777777778,0.427792632,0.333333333,0.48507125,0.055555556,0.23570226,0.0,0.0,0.166666667,0.383482494,0.0,0.0,0.055555556,0.23570226
17_19_03.bmp,2.9444444444444446,0.166666667,0.383482494,0.388888889,0.501631326,0.444444444,0.511309993,0.0,0.0,0.222222222,0.427792632,0.111111111,0.323380833,0.0,0.0
0856.jpg,3.555555555555556,0.111111111,0.323380833,0.444444444,0.511309993,0.0,0.0,0.0,0.0,0.222222222,0.427792632,0.055555556,0.23570226,0.0,0.0
0807.jpg,3.388888888888889,0.055555556,0.23570226,0.444444444,0.511309993,0.0,0.0,0.055555556,0.23570226,0.166666667,0.383482494,0.0,0.0,0.0,0.0
17_16_02.bmp,3.055555555555556,0.0,0.0,0.444444444,0.511309993,0.166666667,0.383482494,0.111111111,0.323380833,0.166666667,0.383482494,0.055555556,0.23570226,0.0,0.0
0530.jpg,3.111111111111111,0.111111111,0.323380833,0.5,0.514495755,0.0,0.0,0.111111111,0.323380833,0.833333333,0.383482494,0.055555556,0.23570226,0.0,0.0
0849.jpg,3.388888888888889,0.166666667,0.383482494,0.444444444,0.511309993,0.0,0.0,0.0,0.0,0.333333333,0.48507125,0.055555556,0.23570226,0.0,0.0
19_23_05.bmp,2.055555555555556,0.055555556,0.23570226,0.055555556,0.23570226,0.0,0.0,0.777777778,0.427792632,0.055555556,0.23570226,0.055555556,0.23570226,0.166666667,0.383482494
16_17_03.bmp,2.7222222222222223,0.166666667,0.383482494,0.444444444,0.511309993,0.0,0.0,0.0,0.0,0.388888889,0.501631326,0.333333333,0.48507125,0.111111111,0.323380833
01181.jpg,3.111111111111111,0.277777778,0.460888599,0.555555556,0.511309993,0.055555556,0.23570226,0.0,0.0,0.611111111,0.501631326,0.166666667,0.383482494,0.0,0.0
11_20_03.bmp,1.9444444444444444,0.333333333,0.48507125,0.277777778,0.460888599,0.222222222,0.427792632,0.277777778,0.460888599,0.222222222,0.427792632,0.055555556,0.23570226,0.055555556,0.23570226
17_22_01.bmp,2.9444444444444446,0.222222222,0.427792632,0.611111111,0.501631326,0.055555556,0.23570226,0.055555556,0.23570226,0.166666667,0.383482494,0.0,0.0,0.0,0.0
06_12_05.bmp,2.111111111111111,0.888888889,0.323380833,0.166666667,0.383482494,0.111111111,0.323380833,0.0,0.0,0.055555556,0.23570226,0.055555556,0.23570226,0.111111111,0.323380833
13_18_02.bmp,2.7777777777777777,0.055555556,0.23570226,0.722222222,0.460888599,0.111111111,0.323380833,0.0,0.0,0.222222222,0.427792632,0.0,0.0,0.055555556,0.23570226
0901.jpg,3.5,0.166666667,0.383482494,0.444444444,0.511309993,0.0,0.0,0.111111111,0.323380833,0.111111111,0.323380833,0.0,0.0,0.0,0.0
31_10_01.bmp,3.333333333333333,0.388888889,0.501631326,0.444444444,0.511309993,0.0,0.0,0.0,0.0,0.111111111,0.323380833,0.055555556,0.23570226,0.055555556,0.23570226
08_22_03.bmp,2.7777777777777777,0.333333333,0.48507125,0.555555556,0.511309993,0.0,0.0,0.0,0.0,0.055555556,0.23570226,0.0,0.0,0.055555556,0.23570226
12_14_03.bmp,2.9444444444444446,0.111111111,0.323380833,0.166666667,0.383482494,0.111111111,0.323380833,0.5,0.514495755,0.111111111,0.323380833,0.111111111,0.323380833,0.055555556,0.23570226
24_13_01.bmp,3.4444444444444446,0.111111111,0.323380833,0.333333333,0.48507125,0.222222222,0.427792632,0.0,0.0,0.0,0.0,0.0,0.0,0.0,0.0
04_14_01.bmp,3.055555555555556,0.111111111,0.323380833,0.5,0.514495755,0.222222222,0.427792632,0.0,0.0,0.166666667,0.383482494,0.0,0.0,0.055555556,0.23570226
11_19_05.bmp,1.8888888888888888,0.166666667,0.383482494,0.166666667,0.383482494,0.777777778,0.427792632,0.055555556,0.23570226,0.166666667,0.383482494,0.055555556,0.23570226,0.055555556,0.23570226
35_02_01.bmp,2.7222222222222223,0.166666667,0.383482494,0.666666667,0.48507125,0.055555556,0.23570226,0.0,0.0,0.0,0.0,0.0,0.0,0.055555556,0.23570226
06_14_01.bmp,3.6666666666666665,0.222222222,0.427792632,0.166666667,0.383482494,0.166666667,0.383482494,0.0,0.0,0.0,0.0,0.055555556,0.23570226,0.055555556,0.23570226
0424.jpg,2.2222222222222223,0.0,0.0,0.777777778,0.427792632,0.0,0.0,0.055555556,0.23570226,0.111111111,0.323380833,0.0,0.0,0.111111111,0.323380833
0277.jpg,2.2222222222222223,0.166666667,0.383482494,0.333333333,0.48507125,0.055555556,0.23570226,0.888888889,0.323380833,0.055555556,0.23570226,0.0,0.0,0.0,0.0
05_23_02.bmp,2.7777777777777777,0.055555556,0.23570226,0.277777778,0.460888599,0.0,0.0,0.833333333,0.383482494,0.0,0.0,0.055555556,0.23570226,0.111111111,0.323380833
34_19_03.bmp,3.0,0.111111111,0.323380833,0.611111111,0.501631326,0.166666667,0.383482494,0.0,0.0,0.055555556,0.23570226,0.0,0.0,0.055555556,0.23570226
20_07_03.bmp,2.388888888888889,0.166666667,0.383482494,0.777777778,0.427792632,0.111111111,0.323380833,0.0,0.0,0.111111111,0.323380833,0.111111111,0.323380833,0.0,0.0
14_25_01.bmp,2.888888888888889,0.055555556,0.23570226,0.166666667,0.383482494,0.111111111,0.323380833,0.0,0.0,0.0,0.0,0.111111111,0.323380833,1.0,0.0
21_16_01.bmp,3.388888888888889,0.111111111,0.323380833,0.388888889,0.501631326,0.111111111,0.323380833,0.111111111,0.323380833,0.0,0.0,0.055555556,0.23570226,0.0,0.0
08_09_02.bmp,3.2777777777777777,0.666666667,0.48507125,0.0,0.0,0.055555556,0.23570226,0.055555556,0.23570226,0.055555556,0.23570226,0.0,0.0,0.0,0.0
01_13_03.bmp,3.055555555555556,0.0,0.0,0.777777778,0.427792632,0.166666667,0.383482494,0.055555556,0.23570226,0.0,0.0,0.055555556,0.23570226,0.055555556,0.23570226
0536.jpg,2.7222222222222223,0.055555556,0.23570226,0.5,0.514495755,0.0,0.0,0.111111111,0.323380833,0.833333333,0.383482494,0.0,0.0,0.055555556,0.23570226
27_04_05.bmp,2.0,0.277777778,0.460888599,0.444444444,0.511309993,0.166666667,0.383482494,0.055555556,0.23570226,0.333333333,0.48507125,0.166666667,0.383482494,0.055555556,0.23570226
09_12_05.bmp,2.1666666666666665,0.777777778,0.427792632,0.333333333,0.48507125,0.111111111,0.323380833,0.055555556,0.23570226,0.166666667,0.383482494,0.111111111,0.323380833,0.0,0.0
0922.jpg,1.8333333333333333,0.0,0.0,0.833333333,0.383482494,0.055555556,0.23570226,0.388888889,0.501631326,0.333333333,0.48507125,0.0,0.0,0.0,0.0
04_23_01.bmp,2.9444444444444446,0.166666667,0.383482494,0.5,0.514495755,0.0,0.0,0.777777778,0.427792632,0.111111111,0.323380833,0.0,0.0,0.0,0.0
0241.jpg,1.8888888888888888,0.166666667,0.383482494,0.388888889,0.501631326,0.0,0.0,0.888888889,0.323380833,0.111111111,0.323380833,0.0,0.0,0.0,0.0
13_07_04.bmp,1.7222222222222223,0.166666667,0.383482494,0.944444444,0.23570226,0.055555556,0.23570226,0.0,0.0,0.055555556,0.23570226,0.111111111,0.323380833,0.0,0.0
20_22_05.bmp,1.7222222222222223,0.111111111,0.323380833,0.777777778,0.427792632,0.055555556,0.23570226,0.055555556,0.23570226,0.166666667,0.383482494,0.0,0.0,0.055555556,0.23570226
12_04_04.bmp,2.833333333333333,0.388888889,0.501631326,0.277777778,0.460888599,0.222222222,0.427792632,0.0,0.0,0.0,0.0,0.166666667,0.383482494,0.0,0.0
14_13_02.bmp,3.2222222222222223,0.055555556,0.23570226,0.222222222,0.427792632,0.5,0.514495755,0.055555556,0.23570226,0.0,0.0,0.055555556,0.23570226,0.055555556,0.23570226
0112.jpg,2.5,0.055555556,0.23570226,0.5,0.514495755,0.944444444,0.23570226,0.055555556,0.23570226,0.055555556,0.23570226,0.055555556,0.23570226,0.055555556,0.23570226
33_01_02.bmp,3.388888888888889,0.055555556,0.23570226,0.388888889,0.501631326,0.055555556,0.23570226,0.055555556,0.23570226,0.5,0.514495755,0.0,0.0,0.0,0.0
27_01_05.bmp,1.5555555555555556,0.055555556,0.23570226,0.888888889,0.323380833,0.0,0.0,0.0,0.0,0.444444444,0.511309993,0.055555556,0.23570226,0.0,0.0
0690.jpg,3.388888888888889,0.055555556,0.23570226,0.333333333,0.48507125,0.0,0.0,0.0,0.0,0.333333333,0.48507125,0.055555556,0.23570226,0.111111111,0.323380833
06_06_02.bmp,2.9444444444444446,0.5,0.514495755,0.166666667,0.383482494,0.166666667,0.383482494,0.055555556,0.23570226,0.0,0.0,0.222222222,0.427792632,0.055555556,0.23570226
01467.jpg,3.388888888888889,0.055555556,0.23570226,0.666666667,0.48507125,0.222222222,0.427792632,0.0,0.0,0.0,0.0,0.0,0.0,0.055555556,0.23570226
20_21_04.bmp,2.333333333333333,0.111111111,0.323380833,0.222222222,0.427792632,0.055555556,0.23570226,0.5,0.514495755,0.111111111,0.323380833,0.055555556,0.23570226,0.055555556,0.23570226
26_16_02.bmp,3.5,0.055555556,0.23570226,0.111111111,0.323380833,0.0,0.0,0.444444444,0.511309993,0.055555556,0.23570226,0.055555556,0.23570226,0.055555556,0.23570226
0765.jpg,3.333333333333333,0.111111111,0.323380833,0.388888889,0.501631326,0.0,0.0,0.0,0.0,0.277777778,0.460888599,0.0,0.0,0.055555556,0.23570226
27_23_05.bmp,2.055555555555556,0.0,0.0,0.277777778,0.460888599,0.055555556,0.23570226,0.722222222,0.460888599,0.222222222,0.427792632,0.0,0.0,0.111111111,0.323380833
0685.jpg,3.2222222222222223,0.055555556,0.23570226,0.277777778,0.460888599,0.0,0.0,0.111111111,0.323380833,0.277777778,0.460888599,0.166666667,0.383482494,0.055555556,0.23570226
11_17_02.bmp,2.7222222222222223,0.111111111,0.323380833,0.444444444,0.511309993,0.0,0.0,0.055555556,0.23570226,0.277777778,0.460888599,0.166666667,0.383482494,0.333333333,0.48507125
18_15_04.bmp,3.2777777777777777,0.111111111,0.323380833,0.277777778,0.460888599,0.055555556,0.23570226,0.111111111,0.323380833,0.0,0.0,0.055555556,0.23570226,0.111111111,0.323380833
13_22_01.bmp,3.055555555555556,0.166666667,0.383482494,0.555555556,0.511309993,0.166666667,0.383482494,0.0,0.0,0.111111111,0.323380833,0.0,0.0,0.111111111,0.323380833
27_01_04.bmp,2.4444444444444446,0.055555556,0.23570226,0.888888889,0.323380833,0.0,0.0,0.0,0.0,0.5,0.514495755,0.0,0.0,0.0,0.0
0559.jpg,2.7222222222222223,0.111111111,0.323380833,0.444444444,0.511309993,0.0,0.0,0.055555556,0.23570226,0.722222222,0.460888599,0.0,0.0,0.0,0.0
1031.jpg,3.0,0.055555556,0.23570226,0.555555556,0.511309993,0.0,0.0,0.555555556,0.511309993,0.055555556,0.23570226,0.055555556,0.23570226,0.0,0.0
0466.jpg,3.333333333333333,0.055555556,0.23570226,0.333333333,0.48507125,0.0,0.0,0.111111111,0.323380833,0.666666667,0.48507125,0.0,0.0,0.055555556,0.23570226
33_14_03.bmp,2.2777777777777777,0.055555556,0.23570226,0.444444444,0.511309993,0.055555556,0.23570226,0.777777778,0.427792632,0.333333333,0.48507125,0.0,0.0,0.0,0.0
09_16_04.bmp,2.111111111111111,0.166666667,0.383482494,0.888888889,0.323380833,0.0,0.0,0.0,0.0,0.111111111,0.323380833,0.111111111,0.323380833,0.0,0.0
09_05_02.bmp,2.9444444444444446,0.166666667,0.383482494,0.777777778,0.427792632,0.055555556,0.23570226,0.055555556,0.23570226,0.111111111,0.323380833,0.055555556,0.23570226,0.0,0.0
16_25_03.bmp,2.333333333333333,0.055555556,0.23570226,0.111111111,0.323380833,0.0,0.0,0.0,0.0,0.388888889,0.501631326,0.222222222,0.427792632,0.888888889,0.323380833
10_19_02.bmp,3.111111111111111,0.111111111,0.323380833,0.388888889,0.501631326,0.277777778,0.460888599,0.055555556,0.23570226,0.388888889,0.501631326,0.166666667,0.383482494,0.0,0.0
03_08_05.bmp,2.111111111111111,0.555555556,0.511309993,0.611111111,0.501631326,0.055555556,0.23570226,0.0,0.0,0.166666667,0.383482494,0.055555556,0.23570226,0.166666667,0.383482494
0199.jpg,1.8888888888888888,0.055555556,0.23570226,0.166666667,0.383482494,0.055555556,0.23570226,0.888888889,0.323380833,0.0,0.0,0.0,0.0,0.0,0.0
01421.jpg,3.5,0.055555556,0.23570226,0.611111111,0.501631326,0.055555556,0.23570226,0.0,0.0,0.055555556,0.23570226,0.0,0.0,0.0,0.0
17_19_05.bmp,1.6111111111111112,0.055555556,0.23570226,0.166666667,0.383482494,0.833333333,0.383482494,0.055555556,0.23570226,0.111111111,0.323380833,0.055555556,0.23570226,0.0,0.0
07_23_01.bmp,2.833333333333333,0.055555556,0.23570226,0.166666667,0.383482494,0.0,0.0,0.777777778,0.427792632,0.055555556,0.23570226,0.055555556,0.23570226,0.111111111,0.323380833
0934.jpg,2.611111111111111,0.111111111,0.323380833,0.5,0.514495755,0.055555556,0.23570226,0.611111111,0.501631326,0.222222222,0.427792632,0.0,0.0,0.055555556,0.23570226
0448.jpg,2.7777777777777777,0.111111111,0.323380833,0.833333333,0.383482494,0.0,0.0,0.111111111,0.323380833,0.055555556,0.23570226,0.0,0.0,0.055555556,0.23570226
15_09_04.bmp,2.4444444444444446,0.722222222,0.460888599,0.222222222,0.427792632,0.055555556,0.23570226,0.055555556,0.23570226,0.277777778,0.460888599,0.0,0.0,0.0,0.0
35_08_05.bmp,1.6111111111111112,0.111111111,0.323380833,0.944444444,0.23570226,0.055555556,0.23570226,0.055555556,0.23570226,0.0,0.0,0.055555556,0.23570226,0.111111111,0.323380833
28_10_01.bmp,3.111111111111111,0.444444444,0.511309993,0.333333333,0.48507125,0.111111111,0.323380833,0.0,0.0,0.277777778,0.460888599,0.055555556,0.23570226,0.0,0.0
34_13_01.bmp,3.2777777777777777,0.111111111,0.323380833,0.333333333,0.48507125,0.333333333,0.48507125,0.0,0.0,0.055555556,0.23570226,0.0,0.0,0.055555556,0.23570226
23_20_04.bmp,1.7777777777777777,0.444444444,0.511309993,0.277777778,0.460888599,0.222222222,0.427792632,0.277777778,0.460888599,0.166666667,0.383482494,0.0,0.0,0.0,0.0
0669.jpg,3.111111111111111,0.0,0.0,0.388888889,0.501631326,0.055555556,0.23570226,0.111111111,0.323380833,0.555555556,0.511309993,0.166666667,0.383482494,0.055555556,0.23570226
35_21_04.bmp,2.555555555555556,0.111111111,0.323380833,0.444444444,0.511309993,0.111111111,0.323380833,0.444444444,0.511309993,0.055555556,0.23570226,0.0,0.0,0.0,0.0
30_16_05.bmp,1.7222222222222223,0.222222222,0.427792632,0.888888889,0.323380833,0.0,0.0,0.0,0.0,0.222222222,0.427792632,0.0,0.0,0.0,0.0
27_05_02.bmp,3.0,0.277777778,0.460888599,0.5,0.514495755,0.055555556,0.23570226,0.0,0.0,0.5,0.514495755,0.0,0.0,0.111111111,0.323380833
09_13_01.bmp,3.4444444444444446,0.166666667,0.383482494,0.388888889,0.501631326,0.166666667,0.383482494,0.0,0.0,0.111111111,0.323380833,0.111111111,0.323380833,0.0,0.0
30_06_01.bmp,3.2222222222222223,0.277777778,0.460888599,0.333333333,0.48507125,0.166666667,0.383482494,0.055555556,0.23570226,0.388888889,0.501631326,0.111111111,0.323380833,0.0,0.0
35_23_05.bmp,1.8888888888888888,0.0,0.0,0.277777778,0.460888599,0.0,0.0,0.833333333,0.383482494,0.0,0.0,0.0,0.0,0.166666667,0.383482494
20_06_04.bmp,1.8333333333333333,0.333333333,0.48507125,0.333333333,0.48507125,0.166666667,0.383482494,0.055555556,0.23570226,0.055555556,0.23570226,0.277777778,0.460888599,0.0,0.0
30_05_03.bmp,2.611111111111111,0.388888889,0.501631326,0.611111111,0.501631326,0.111111111,0.323380833,0.0,0.0,0.333333333,0.48507125,0.0,0.0,0.0,0.0
11_03_03.bmp,2.5,0.055555556,0.23570226,0.833333333,0.383482494,0.0,0.0,0.055555556,0.23570226,0.333333333,0.48507125,0.055555556,0.23570226,0.055555556,0.23570226
0418.jpg,3.2777777777777777,0.0,0.0,0.833333333,0.383482494,0.0,0.0,0.055555556,0.23570226,0.055555556,0.23570226,0.0,0.0,0.0,0.0
04_21_05.bmp,1.6111111111111112,0.444444444,0.511309993,0.666666667,0.48507125,0.055555556,0.23570226,0.333333333,0.48507125,0.222222222,0.427792632,0.055555556,0.23570226,0.0,0.0
09_11_04.bmp,2.2222222222222223,0.722222222,0.460888599,0.388888889,0.501631326,0.055555556,0.23570226,0.055555556,0.23570226,0.222222222,0.427792632,0.055555556,0.23570226,0.0,0.0
24_20_05.bmp,1.6666666666666667,0.611111111,0.501631326,0.444444444,0.511309993,0.166666667,0.383482494,0.166666667,0.383482494,0.055555556,0.23570226,0.0,0.0,0.0,0.0
0343.jpg,3.1666666666666665,0.111111111,0.323380833,0.555555556,0.511309993,0.0,0.0,0.055555556,0.23570226,0.0,0.0,0.055555556,0.23570226,0.0,0.0
01306.jpg,3.388888888888889,0.388888889,0.501631326,0.611111111,0.501631326,0.055555556,0.23570226,0.0,0.0,0.055555556,0.23570226,0.0,0.0,0.0,0.0
32_12_04.bmp,2.333333333333333,0.722222222,0.460888599,0.611111111,0.501631326,0.055555556,0.23570226,0.111111111,0.323380833,0.333333333,0.48507125,0.055555556,0.23570226,0.0,0.0
13_05_03.bmp,2.388888888888889,0.277777778,0.460888599,0.722222222,0.460888599,0.111111111,0.323380833,0.0,0.0,0.166666667,0.383482494,0.055555556,0.23570226,0.111111111,0.323380833
25_11_01.bmp,3.2222222222222223,0.555555556,0.511309993,0.222222222,0.427792632,0.055555556,0.23570226,0.0,0.0,0.111111111,0.323380833,0.055555556,0.23570226,0.055555556,0.23570226
06_24_05.bmp,1.5555555555555556,0.111111111,0.323380833,0.944444444,0.23570226,0.111111111,0.323380833,0.0,0.0,0.055555556,0.23570226,0.055555556,0.23570226,0.0,0.0
23_21_04.bmp,1.9444444444444444,0.055555556,0.23570226,0.277777778,0.460888599,0.111111111,0.323380833,0.722222222,0.460888599,0.111111111,0.323380833,0.0,0.0,0.055555556,0.23570226
35_12_02.bmp,2.611111111111111,0.722222222,0.460888599,0.5,0.514495755,0.055555556,0.23570226,0.055555556,0.23570226,0.055555556,0.23570226,0.055555556,0.23570226,0.055555556,0.23570226
29_22_04.bmp,2.333333333333333,0.166666667,0.383482494,0.888888889,0.323380833,0.0,0.0,0.0,0.0,0.166666667,0.383482494,0.111111111,0.323380833,0.0,0.0
19_15_05.bmp,2.833333333333333,0.055555556,0.23570226,0.222222222,0.427792632,0.0,0.0,0.333333333,0.48507125,0.111111111,0.323380833,0.111111111,0.323380833,0.111111111,0.323380833
23_22_05.bmp,1.8333333333333333,0.222222222,0.427792632,0.833333333,0.383482494,0.055555556,0.23570226,0.055555556,0.23570226,0.222222222,0.427792632,0.0,0.0,0.055555556,0.23570226
06_03_04.bmp,2.388888888888889,0.055555556,0.23570226,0.888888889,0.323380833,0.055555556,0.23570226,0.055555556,0.23570226,0.0,0.0,0.111111111,0.323380833,0.0,0.0
19_24_03.bmp,2.111111111111111,0.0,0.0,0.888888889,0.323380833,0.0,0.0,0.0,0.0,0.111111111,0.323380833,0.055555556,0.23570226,0.0,0.0
10_07_03.bmp,2.111111111111111,0.277777778,0.460888599,0.833333333,0.383482494,0.0,0.0,0.0,0.0,0.333333333,0.48507125,0.111111111,0.323380833,0.055555556,0.23570226
25_13_04.bmp,2.1666666666666665,0.055555556,0.23570226,0.222222222,0.427792632,0.833333333,0.383482494,0.055555556,0.23570226,0.111111111,0.323380833,0.0,0.0,0.055555556,0.23570226
22_22_05.bmp,1.6111111111111112,0.333333333,0.48507125,0.833333333,0.383482494,0.0,0.0,0.0,0.0,0.111111111,0.323380833,0.111111111,0.323380833,0.0,0.0
23_04_04.bmp,2.5,0.277777778,0.460888599,0.444444444,0.511309993,0.111111111,0.323380833,0.166666667,0.383482494,0.166666667,0.383482494,0.166666667,0.383482494,0.055555556,0.23570226
30_08_01.bmp,3.5,0.166666667,0.383482494,0.388888889,0.501631326,0.055555556,0.23570226,0.0,0.0,0.277777778,0.460888599,0.0,0.0,0.0,0.0
01333.jpg,3.888888888888889,0.111111111,0.323380833,0.388888889,0.501631326,0.111111111,0.323380833,0.0,0.0,0.055555556,0.23570226,0.0,0.0,0.055555556,0.23570226
29_16_04.bmp,2.4444444444444446,0.222222222,0.427792632,0.888888889,0.323380833,0.0,0.0,0.0,0.0,0.055555556,0.23570226,0.055555556,0.23570226,0.0,0.0
0325.jpg,3.0,0.111111111,0.323380833,0.777777778,0.427792632,0.055555556,0.23570226,0.111111111,0.323380833,0.111111111,0.323380833,0.0,0.0,0.0,0.0
15_18_01.bmp,3.333333333333333,0.222222222,0.427792632,0.611111111,0.501631326,0.0,0.0,0.0,0.0,0.222222222,0.427792632,0.0,0.0,0.0,0.0
37_19_01.bmp,3.555555555555556,0.055555556,0.23570226,0.555555556,0.511309993,0.055555556,0.23570226,0.0,0.0,0.111111111,0.323380833,0.055555556,0.23570226,0.0,0.0
0606.jpg,3.4444444444444446,0.111111111,0.323380833,0.388888889,0.501631326,0.0,0.0,0.055555556,0.23570226,0.277777778,0.460888599,0.111111111,0.323380833,0.055555556,0.23570226
0462.jpg,3.555555555555556,0.055555556,0.23570226,0.277777778,0.460888599,0.0,0.0,0.055555556,0.23570226,0.666666667,0.48507125,0.0,0.0,0.0,0.0
01169.jpg,3.6666666666666665,0.222222222,0.427792632,0.277777778,0.460888599,0.055555556,0.23570226,0.0,0.0,0.611111111,0.501631326,0.0,0.0,0.055555556,0.23570226
09_07_03.bmp,2.2777777777777777,0.277777778,0.460888599,0.888888889,0.323380833,0.111111111,0.323380833,0.0,0.0,0.111111111,0.323380833,0.055555556,0.23570226,0.0,0.0
03_20_05.bmp,1.7777777777777777,0.666666667,0.48507125,0.166666667,0.383482494,0.277777778,0.460888599,0.166666667,0.383482494,0.166666667,0.383482494,0.055555556,0.23570226,0.055555556,0.23570226
17_07_02.bmp,3.0,0.277777778,0.460888599,0.611111111,0.501631326,0.055555556,0.23570226,0.055555556,0.23570226,0.166666667,0.383482494,0.111111111,0.323380833,0.055555556,0.23570226
37_17_01.bmp,3.111111111111111,0.111111111,0.323380833,0.555555556,0.511309993,0.0,0.0,0.0,0.0,0.111111111,0.323380833,0.111111111,0.323380833,0.222222222,0.427792632
15_01_02.bmp,3.388888888888889,0.166666667,0.383482494,0.444444444,0.511309993,0.0,0.0,0.0,0.0,0.333333333,0.48507125,0.0,0.0,0.055555556,0.23570226
37_21_02.bmp,3.055555555555556,0.111111111,0.323380833,0.055555556,0.23570226,0.666666667,0.48507125,0.0,0.0,0.111111111,0.323380833,0.055555556,0.23570226,0.055555556,0.23570226
07_12_01.bmp,3.2777777777777777,0.388888889,0.501631326,0.388888889,0.501631326,0.055555556,0.23570226,0.0,0.0,0.111111111,0.323380833,0.055555556,0.23570226,0.111111111,0.323380833
15_14_04.bmp,2.388888888888889,0.111111111,0.323380833,0.166666667,0.383482494,0.055555556,0.23570226,0.888888889,0.323380833,0.277777778,0.460888599,0.055555556,0.23570226,0.0,0.0
18_15_02.bmp,2.611111111111111,0.111111111,0.323380833,0.277777778,0.460888599,0.722222222,0.460888599,0.0,0.0,0.0,0.0,0.0,0.0,0.055555556,0.23570226
01_22_04.bmp,1.7222222222222223,0.5,0.514495755,0.833333333,0.383482494,0.111111111,0.323380833,0.055555556,0.23570226,0.0,0.0,0.0,0.0,0.0,0.0
0668.jpg,3.5,0.055555556,0.23570226,0.444444444,0.511309993,0.0,0.0,0.055555556,0.23570226,0.222222222,0.427792632,0.0,0.0,0.111111111,0.323380833
36_08_03.bmp,2.6666666666666665,0.333333333,0.48507125,0.611111111,0.501631326,0.055555556,0.23570226,0.055555556,0.23570226,0.0,0.0,0.111111111,0.323380833,0.055555556,0.23570226
0072.jpg,3.333333333333333,0.055555556,0.23570226,0.222222222,0.427792632,0.722222222,0.460888599,0.0,0.0,0.111111111,0.323380833,0.0,0.0,0.0,0.0
37_06_04.bmp,1.9444444444444444,0.5,0.514495755,0.444444444,0.511309993,0.277777778,0.460888599,0.111111111,0.323380833,0.055555556,0.23570226,0.222222222,0.427792632,0.055555556,0.23570226
09_25_04.bmp,2.111111111111111,0.055555556,0.23570226,0.111111111,0.323380833,0.055555556,0.23570226,0.0,0.0,0.055555556,0.23570226,0.0,0.0,0.944444444,0.23570226
11_16_02.bmp,2.833333333333333,0.222222222,0.427792632,0.388888889,0.501631326,0.333333333,0.48507125,0.055555556,0.23570226,0.222222222,0.427792632,0.055555556,0.23570226,0.055555556,0.23570226
29_01_04.bmp,2.388888888888889,0.055555556,0.23570226,0.833333333,0.383482494,0.055555556,0.23570226,0.111111111,0.323380833,0.055555556,0.23570226,0.0,0.0,0.0,0.0
33_12_04.bmp,2.611111111111111,0.444444444,0.511309993,0.5,0.514495755,0.0,0.0,0.0,0.0,0.5,0.514495755,0.055555556,0.23570226,0.0,0.0
17_06_01.bmp,2.388888888888889,0.444444444,0.511309993,0.333333333,0.48507125,0.222222222,0.427792632,0.055555556,0.23570226,0.166666667,0.383482494,0.166666667,0.383482494,0.0,0.0
01246.jpg,3.611111111111111,0.388888889,0.501631326,0.444444444,0.511309993,0.0,0.0,0.0,0.0,0.0,0.0,0.055555556,0.23570226,0.0,0.0
26_21_02.bmp,3.9444444444444446,0.055555556,0.23570226,0.166666667,0.383482494,0.222222222,0.427792632,0.111111111,0.323380833,0.055555556,0.23570226,0.0,0.0,0.055555556,0.23570226
06_22_02.bmp,2.7222222222222223,0.222222222,0.427792632,0.722222222,0.460888599,0.222222222,0.427792632,0.055555556,0.23570226,0.0,0.0,0.055555556,0.23570226,0.0,0.0
37_20_02.bmp,2.555555555555556,0.222222222,0.427792632,0.444444444,0.511309993,0.111111111,0.323380833,0.333333333,0.48507125,0.055555556,0.23570226,0.055555556,0.23570226,0.055555556,0.23570226
20_23_03.bmp,2.4444444444444446,0.055555556,0.23570226,0.277777778,0.460888599,0.055555556,0.23570226,0.722222222,0.460888599,0.111111111,0.323380833,0.0,0.0,0.055555556,0.23570226
29_02_04.bmp,1.5555555555555556,0.055555556,0.23570226,1.0,0.0,0.0,0.0,0.0,0.0,0.111111111,0.323380833,0.0,0.0,0.055555556,0.23570226
35_24_01.bmp,2.388888888888889,0.111111111,0.323380833,0.777777778,0.427792632,0.111111111,0.323380833,0.111111111,0.323380833,0.0,0.0,0.055555556,0.23570226,0.111111111,0.323380833
19_02_05.bmp,1.3333333333333333,0.0,0.0,0.888888889,0.323380833,0.0,0.0,0.0,0.0,0.0,0.0,0.055555556,0.23570226,0.0,0.0
12_16_01.bmp,3.2777777777777777,0.055555556,0.23570226,0.333333333,0.48507125,0.277777778,0.460888599,0.111111111,0.323380833,0.111111111,0.323380833,0.055555556,0.23570226,0.055555556,0.23570226
02_05_03.bmp,2.4444444444444446,0.333333333,0.48507125,0.555555556,0.511309993,0.111111111,0.323380833,0.0,0.0,0.666666667,0.48507125,0.0,0.0,0.0,0.0
20_02_03.bmp,1.7777777777777777,0.111111111,0.323380833,0.833333333,0.383482494,0.111111111,0.323380833,0.0,0.0,0.055555556,0.23570226,0.055555556,0.23570226,0.0,0.0
01266.jpg,3.7222222222222223,0.222222222,0.427792632,0.388888889,0.501631326,0.0,0.0,0.111111111,0.323380833,0.055555556,0.23570226,0.166666667,0.383482494,0.055555556,0.23570226
08_04_03.bmp,3.5,0.388888889,0.501631326,0.166666667,0.383482494,0.222222222,0.427792632,0.0,0.0,0.166666667,0.383482494,0.0,0.0,0.0,0.0
22_24_01.bmp,2.9444444444444446,0.111111111,0.323380833,0.777777778,0.427792632,0.0,0.0,0.055555556,0.23570226,0.055555556,0.23570226,0.111111111,0.323380833,0.055555556,0.23570226
0722.jpg,3.5,0.055555556,0.23570226,0.277777778,0.460888599,0.055555556,0.23570226,0.222222222,0.427792632,0.277777778,0.460888599,0.111111111,0.323380833,0.0,0.0
1132.jpg,2.7222222222222223,0.055555556,0.23570226,0.388888889,0.501631326,0.0,0.0,0.055555556,0.23570226,0.5,0.514495755,0.388888889,0.501631326,0.055555556,0.23570226
20_18_01.bmp,3.111111111111111,0.166666667,0.383482494,0.611111111,0.501631326,0.055555556,0.23570226,0.055555556,0.23570226,0.111111111,0.323380833,0.111111111,0.323380833,0.0,0.0
0580.jpg,2.9444444444444446,0.055555556,0.23570226,0.222222222,0.427792632,0.055555556,0.23570226,0.111111111,0.323380833,0.611111111,0.501631326,0.055555556,0.23570226,0.055555556,0.23570226
09_06_04.bmp,1.8333333333333333,0.222222222,0.427792632,0.5,0.514495755,0.166666667,0.383482494,0.111111111,0.323380833,0.222222222,0.427792632,0.166666667,0.383482494,0.055555556,0.23570226
30_23_02.bmp,2.888888888888889,0.0,0.0,0.166666667,0.383482494,0.0,0.0,0.722222222,0.460888599,0.222222222,0.427792632,0.0,0.0,0.166666667,0.383482494
0120.jpg,2.9444444444444446,0.111111111,0.323380833,0.277777778,0.460888599,0.944444444,0.23570226,0.0,0.0,0.111111111,0.323380833,0.055555556,0.23570226,0.0,0.0
08_07_03.bmp,2.4444444444444446,0.277777778,0.460888599,0.777777778,0.427792632,0.0,0.0,0.055555556,0.23570226,0.055555556,0.23570226,0.055555556,0.23570226,0.0,0.0
27_19_03.bmp,2.611111111111111,0.166666667,0.383482494,0.444444444,0.511309993,0.444444444,0.511309993,0.055555556,0.23570226,0.388888889,0.501631326,0.111111111,0.323380833,0.055555556,0.23570226
36_02_04.bmp,1.6666666666666667,0.055555556,0.23570226,0.888888889,0.323380833,0.111111111,0.323380833,0.055555556,0.23570226,0.0,0.0,0.0,0.0,0.0,0.0
33_14_02.bmp,2.9444444444444446,0.0,0.0,0.5,0.514495755,0.0,0.0,0.5,0.514495755,0.444444444,0.511309993,0.0,0.0,0.0,0.0
29_05_03.bmp,2.555555555555556,0.333333333,0.48507125,0.666666667,0.48507125,0.0,0.0,0.0,0.0,0.111111111,0.323380833,0.111111111,0.323380833,0.055555556,0.23570226
02_08_02.bmp,2.9444444444444446,0.111111111,0.323380833,0.5,0.514495755,0.0,0.0,0.0,0.0,0.5,0.514495755,0.055555556,0.23570226,0.055555556,0.23570226
29_10_03.bmp,3.055555555555556,0.5,0.514495755,0.222222222,0.427792632,0.0,0.0,0.055555556,0.23570226,0.111111111,0.323380833,0.111111111,0.323380833,0.0,0.0
1000.jpg,3.388888888888889,0.111111111,0.323380833,0.277777778,0.460888599,0.0,0.0,0.666666667,0.48507125,0.388888889,0.501631326,0.0,0.0,0.0,0.0
37_16_05.bmp,1.6666666666666667,0.166666667,0.383482494,0.888888889,0.323380833,0.0,0.0,0.0,0.0,0.055555556,0.23570226,0.055555556,0.23570226,0.0,0.0
05_23_01.bmp,3.0,0.055555556,0.23570226,0.277777778,0.460888599,0.0,0.0,0.888888889,0.323380833,0.0,0.0,0.055555556,0.23570226,0.111111111,0.323380833
04_09_04.bmp,2.4444444444444446,0.833333333,0.383482494,0.388888889,0.501631326,0.111111111,0.323380833,0.055555556,0.23570226,0.222222222,0.427792632,0.0,0.0,0.055555556,0.23570226
35_06_05.bmp,1.3333333333333333,0.444444444,0.511309993,0.555555556,0.511309993,0.166666667,0.383482494,0.055555556,0.23570226,0.055555556,0.23570226,0.166666667,0.383482494,0.055555556,0.23570226
0126.jpg,3.055555555555556,0.055555556,0.23570226,0.166666667,0.383482494,0.944444444,0.23570226,0.0,0.0,0.0,0.0,0.055555556,0.23570226,0.055555556,0.23570226
01152.jpg,3.611111111111111,0.055555556,0.23570226,0.388888889,0.501631326,0.444444444,0.511309993,0.0,0.0,0.277777778,0.460888599,0.055555556,0.23570226,0.111111111,0.323380833
17_22_04.bmp,2.2222222222222223,0.277777778,0.460888599,0.777777778,0.427792632,0.0,0.0,0.055555556,0.23570226,0.166666667,0.383482494,0.055555556,0.23570226,0.0,0.0
17_03_05.bmp,2.055555555555556,0.055555556,0.23570226,0.833333333,0.383482494,0.0,0.0,0.0,0.0,0.222222222,0.427792632,0.0,0.0,0.055555556,0.23570226
03_15_05.bmp,3.388888888888889,0.111111111,0.323380833,0.111111111,0.323380833,0.055555556,0.23570226,0.333333333,0.48507125,0.111111111,0.323380833,0.055555556,0.23570226,0.0,0.0
01433.jpg,3.7777777777777777,0.111111111,0.323380833,0.444444444,0.511309993,0.055555556,0.23570226,0.055555556,0.23570226,0.0,0.0,0.0,0.0,0.0,0.0
22_09_01.bmp,3.2222222222222223,0.5,0.514495755,0.388888889,0.501631326,0.055555556,0.23570226,0.0,0.0,0.166666667,0.383482494,0.111111111,0.323380833,0.0,0.0
34_03_02.bmp,3.0,0.055555556,0.23570226,0.666666667,0.48507125,0.166666667,0.383482494,0.0,0.0,0.0,0.0,0.0,0.0,0.055555556,0.23570226
13_16_02.bmp,3.333333333333333,0.166666667,0.383482494,0.388888889,0.501631326,0.0,0.0,0.055555556,0.23570226,0.166666667,0.383482494,0.055555556,0.23570226,0.055555556,0.23570226
05_19_03.bmp,2.7777777777777777,0.388888889,0.501631326,0.388888889,0.501631326,0.277777778,0.460888599,0.0,0.0,0.0,0.0,0.055555556,0.23570226,0.055555556,0.23570226
32_10_04.bmp,2.2777777777777777,0.777777778,0.427792632,0.444444444,0.511309993,0.055555556,0.23570226,0.055555556,0.23570226,0.333333333,0.48507125,0.055555556,0.23570226,0.055555556,0.23570226
09_21_03.bmp,2.888888888888889,0.111111111,0.323380833,0.222222222,0.427792632,0.5,0.514495755,0.055555556,0.23570226,0.111111111,0.323380833,0.0,0.0,0.055555556,0.23570226
32_04_04.bmp,2.1666666666666665,0.333333333,0.48507125,0.444444444,0.511309993,0.111111111,0.323380833,0.055555556,0.23570226,0.333333333,0.48507125,0.166666667,0.383482494,0.0,0.0
16_03_05.bmp,1.7222222222222223,0.0,0.0,0.833333333,0.383482494,0.0,0.0,0.055555556,0.23570226,0.388888889,0.501631326,0.444444444,0.511309993,0.0,0.0
0474.jpg,3.388888888888889,0.055555556,0.23570226,0.388888889,0.501631326,0.0,0.0,0.222222222,0.427792632,0.611111111,0.501631326,0.055555556,0.23570226,0.055555556,0.23570226
14_19_02.bmp,3.111111111111111,0.166666667,0.383482494,0.333333333,0.48507125,0.277777778,0.460888599,0.0,0.0,0.055555556,0.23570226,0.055555556,0.23570226,0.111111111,0.323380833
36_04_01.bmp,3.5,0.111111111,0.323380833,0.444444444,0.511309993,0.166666667,0.383482494,0.055555556,0.23570226,0.0,0.0,0.0,0.0,0.055555556,0.23570226
31_20_04.bmp,1.8888888888888888,0.5,0.514495755,0.555555556,0.511309993,0.166666667,0.383482494,0.277777778,0.460888599,0.111111111,0.323380833,0.0,0.0,0.0,0.0
0921.jpg,3.9444444444444446,0.111111111,0.323380833,0.333333333,0.48507125,0.055555556,0.23570226,0.055555556,0.23570226,0.055555556,0.23570226,0.0,0.0,0.055555556,0.23570226
10_19_01.bmp,3.2777777777777777,0.055555556,0.23570226,0.444444444,0.511309993,0.111111111,0.323380833,0.055555556,0.23570226,0.388888889,0.501631326,0.277777778,0.460888599,0.055555556,0.23570226
28_11_02.bmp,3.0,0.555555556,0.511309993,0.166666667,0.383482494,0.166666667,0.383482494,0.055555556,0.23570226,0.277777778,0.460888599,0.0,0.0,0.0,0.0
30_12_05.bmp,2.4444444444444446,0.722222222,0.460888599,0.222222222,0.427792632,0.055555556,0.23570226,0.055555556,0.23570226,0.277777778,0.460888599,0.0,0.0,0.0,0.0
05_21_01.bmp,2.388888888888889,0.055555556,0.23570226,0.277777778,0.460888599,0.722222222,0.460888599,0.0,0.0,0.055555556,0.23570226,0.055555556,0.23570226,0.055555556,0.23570226
33_21_04.bmp,2.0,0.111111111,0.323380833,0.555555556,0.511309993,0.222222222,0.427792632,0.444444444,0.511309993,0.333333333,0.48507125,0.0,0.0,0.0,0.0
31_24_04.bmp,1.8888888888888888,0.0,0.0,0.833333333,0.383482494,0.0,0.0,0.0,0.0,0.111111111,0.323380833,0.055555556,0.23570226,0.055555556,0.23570226
11_09_03.bmp,2.4444444444444446,0.833333333,0.383482494,0.277777778,0.460888599,0.0,0.0,0.111111111,0.323380833,0.277777778,0.460888599,0.055555556,0.23570226,0.055555556,0.23570226
37_18_03.bmp,3.2222222222222223,0.222222222,0.427792632,0.722222222,0.460888599,0.0,0.0,0.0,0.0,0.055555556,0.23570226,0.055555556,0.23570226,0.0,0.0
0183.jpg,2.9444444444444446,0.055555556,0.23570226,0.388888889,0.501631326,0.666666667,0.48507125,0.055555556,0.23570226,0.055555556,0.23570226,0.055555556,0.23570226,0.055555556,0.23570226
20_01_04.bmp,1.9444444444444444,0.0,0.0,0.944444444,0.23570226,0.055555556,0.23570226,0.0,0.0,0.055555556,0.23570226,0.111111111,0.323380833,0.0,0.0
32_08_03.bmp,2.4444444444444446,0.222222222,0.427792632,0.666666667,0.48507125,0.055555556,0.23570226,0.166666667,0.383482494,0.444444444,0.511309993,0.055555556,0.23570226,0.0,0.0
34_15_02.bmp,2.333333333333333,0.166666667,0.383482494,0.333333333,0.48507125,0.833333333,0.383482494,0.0,0.0,0.0,0.0,0.055555556,0.23570226,0.055555556,0.23570226
26_14_02.bmp,4.111111111111111,0.111111111,0.323380833,0.055555556,0.23570226,0.055555556,0.23570226,0.111111111,0.323380833,0.055555556,0.23570226,0.055555556,0.23570226,0.055555556,0.23570226
18_06_03.bmp,2.5,0.333333333,0.48507125,0.444444444,0.511309993,0.277777778,0.460888599,0.055555556,0.23570226,0.055555556,0.23570226,0.166666667,0.383482494,0.055555556,0.23570226
05_18_03.bmp,1.9444444444444444,0.222222222,0.427792632,0.777777778,0.427792632,0.111111111,0.323380833,0.0,0.0,0.055555556,0.23570226,0.111111111,0.323380833,0.166666667,0.383482494
23_14_01.bmp,3.2777777777777777,0.0,0.0,0.5,0.514495755,0.055555556,0.23570226,0.166666667,0.383482494,0.222222222,0.427792632,0.055555556,0.23570226,0.0,0.0
27_07_01.bmp,3.2222222222222223,0.111111111,0.323380833,0.444444444,0.511309993,0.0,0.0,0.111111111,0.323380833,0.5,0.514495755,0.111111111,0.323380833,0.055555556,0.23570226
29_05_01.bmp,3.2222222222222223,0.333333333,0.48507125,0.388888889,0.501631326,0.0,0.0,0.0,0.0,0.111111111,0.323380833,0.111111111,0.323380833,0.0,0.0
1034.jpg,3.055555555555556,0.055555556,0.23570226,0.388888889,0.501631326,0.055555556,0.23570226,0.444444444,0.511309993,0.111111111,0.323380833,0.055555556,0.23570226,0.055555556,0.23570226
25_23_03.bmp,2.388888888888889,0.0,0.0,0.222222222,0.427792632,0.0,0.0,0.722222222,0.460888599,0.055555556,0.23570226,0.0,0.0,0.111111111,0.323380833
02_16_03.bmp,2.611111111111111,0.333333333,0.48507125,0.666666667,0.48507125,0.055555556,0.23570226,0.0,0.0,0.333333333,0.48507125,0.055555556,0.23570226,0.055555556,0.23570226
06_05_05.bmp,1.7777777777777777,0.333333333,0.48507125,0.722222222,0.460888599,0.055555556,0.23570226,0.0,0.0,0.055555556,0.23570226,0.166666667,0.383482494,0.055555556,0.23570226
26_03_01.bmp,4.166666666666667,0.055555556,0.23570226,0.166666667,0.383482494,0.111111111,0.323380833,0.055555556,0.23570226,0.055555556,0.23570226,0.0,0.0,0.111111111,0.323380833
05_21_02.bmp,2.333333333333333,0.055555556,0.23570226,0.222222222,0.427792632,0.888888889,0.323380833,0.055555556,0.23570226,0.0,0.0,0.055555556,0.23570226,0.055555556,0.23570226
25_19_05.bmp,1.7222222222222223,0.055555556,0.23570226,0.555555556,0.511309993,0.611111111,0.501631326,0.055555556,0.23570226,0.166666667,0.383482494,0.055555556,0.23570226,0.0,0.0
01473.jpg,3.8333333333333335,0.055555556,0.23570226,0.444444444,0.511309993,0.111111111,0.323380833,0.0,0.0,0.055555556,0.23570226,0.0,0.0,0.055555556,0.23570226
31_16_04.bmp,2.0,0.222222222,0.427792632,0.722222222,0.460888599,0.0,0.0,0.0,0.0,0.166666667,0.383482494,0.0,0.0,0.055555556,0.23570226
01_18_05.bmp,1.5,0.166666667,0.383482494,0.833333333,0.383482494,0.222222222,0.427792632,0.0,0.0,0.0,0.0,0.0,0.0,0.111111111,0.323380833
01_18_01.bmp,2.555555555555556,0.111111111,0.323380833,0.666666667,0.48507125,0.222222222,0.427792632,0.0,0.0,0.055555556,0.23570226,0.0,0.0,0.111111111,0.323380833
30_04_02.bmp,3.1666666666666665,0.388888889,0.501631326,0.222222222,0.427792632,0.222222222,0.427792632,0.055555556,0.23570226,0.222222222,0.427792632,0.166666667,0.383482494,0.0,0.0
30_11_03.bmp,2.888888888888889,0.666666667,0.48507125,0.055555556,0.23570226,0.111111111,0.323380833,0.0,0.0,0.333333333,0.48507125,0.0,0.0,0.055555556,0.23570226
30_17_04.bmp,2.388888888888889,0.111111111,0.323380833,0.555555556,0.511309993,0.0,0.0,0.0,0.0,0.388888889,0.501631326,0.166666667,0.383482494,0.222222222,0.427792632
20_04_01.bmp,3.1666666666666665,0.111111111,0.323380833,0.444444444,0.511309993,0.055555556,0.23570226,0.055555556,0.23570226,0.166666667,0.383482494,0.111111111,0.323380833,0.055555556,0.23570226
12_18_02.bmp,2.555555555555556,0.166666667,0.383482494,0.777777778,0.427792632,0.055555556,0.23570226,0.0,0.0,0.111111111,0.323380833,0.055555556,0.23570226,0.0,0.0
29_16_01.bmp,3.1666666666666665,0.222222222,0.427792632,0.5,0.514495755,0.0,0.0,0.055555556,0.23570226,0.055555556,0.23570226,0.166666667,0.383482494,0.055555556,0.23570226
10_22_01.bmp,2.833333333333333,0.055555556,0.23570226,0.722222222,0.460888599,0.0,0.0,0.055555556,0.23570226,0.388888889,0.501631326,0.277777778,0.460888599,0.055555556,0.23570226
0904.jpg,3.7222222222222223,0.111111111,0.323380833,0.555555556,0.511309993,0.055555556,0.23570226,0.0,0.0,0.166666667,0.383482494,0.0,0.0,0.0,0.0
15_08_02.bmp,3.055555555555556,0.444444444,0.511309993,0.333333333,0.48507125,0.0,0.0,0.0,0.0,0.222222222,0.427792632,0.111111111,0.323380833,0.111111111,0.323380833
13_18_04.bmp,2.2222222222222223,0.111111111,0.323380833,0.777777778,0.427792632,0.055555556,0.23570226,0.0,0.0,0.166666667,0.383482494,0.111111111,0.323380833,0.055555556,0.23570226
20_14_04.bmp,2.611111111111111,0.055555556,0.23570226,0.222222222,0.427792632,0.055555556,0.23570226,0.666666667,0.48507125,0.111111111,0.323380833,0.055555556,0.23570226,0.055555556,0.23570226
21_17_05.bmp,2.0,0.111111111,0.323380833,0.444444444,0.511309993,0.055555556,0.23570226,0.0,0.0,0.111111111,0.323380833,0.166666667,0.383482494,0.222222222,0.427792632
11_24_03.bmp,2.2222222222222223,0.0,0.0,0.888888889,0.323380833,0.055555556,0.23570226,0.055555556,0.23570226,0.222222222,0.427792632,0.055555556,0.23570226,0.0,0.0
31_07_01.bmp,3.1666666666666665,0.111111111,0.323380833,0.666666667,0.48507125,0.0,0.0,0.111111111,0.323380833,0.166666667,0.383482494,0.055555556,0.23570226,0.111111111,0.323380833
05_16_02.bmp,3.111111111111111,0.111111111,0.323380833,0.388888889,0.501631326,0.111111111,0.323380833,0.0,0.0,0.055555556,0.23570226,0.111111111,0.323380833,0.055555556,0.23570226
1013.jpg,3.5,0.055555556,0.23570226,0.277777778,0.460888599,0.0,0.0,0.333333333,0.48507125,0.166666667,0.383482494,0.055555556,0.23570226,0.111111111,0.323380833
29_08_01.bmp,3.388888888888889,0.166666667,0.383482494,0.5,0.514495755,0.055555556,0.23570226,0.0,0.0,0.055555556,0.23570226,0.111111111,0.323380833,0.0,0.0
11_23_03.bmp,2.5,0.111111111,0.323380833,0.222222222,0.427792632,0.0,0.0,0.777777778,0.427792632,0.277777778,0.460888599,0.055555556,0.23570226,0.055555556,0.23570226
30_21_01.bmp,2.9444444444444446,0.055555556,0.23570226,0.111111111,0.323380833,0.611111111,0.501631326,0.055555556,0.23570226,0.222222222,0.427792632,0.0,0.0,0.055555556,0.23570226
1112.jpg,1.8333333333333333,0.0,0.0,0.777777778,0.427792632,0.055555556,0.23570226,0.444444444,0.511309993,0.388888889,0.501631326,0.0,0.0,0.0,0.0
0675.jpg,3.388888888888889,0.111111111,0.323380833,0.277777778,0.460888599,0.055555556,0.23570226,0.111111111,0.323380833,0.333333333,0.48507125,0.166666667,0.383482494,0.0,0.0
21_04_04.bmp,2.5,0.277777778,0.460888599,0.444444444,0.511309993,0.166666667,0.383482494,0.0,0.0,0.111111111,0.323380833,0.055555556,0.23570226,0.0,0.0
02_18_01.bmp,2.388888888888889,0.055555556,0.23570226,0.666666667,0.48507125,0.055555556,0.23570226,0.0,0.0,0.5,0.514495755,0.111111111,0.323380833,0.166666667,0.383482494
04_24_03.bmp,1.8333333333333333,0.055555556,0.23570226,0.888888889,0.323380833,0.111111111,0.323380833,0.0,0.0,0.166666667,0.383482494,0.055555556,0.23570226,0.0,0.0
15_15_03.bmp,3.2777777777777777,0.166666667,0.383482494,0.166666667,0.383482494,0.166666667,0.383482494,0.055555556,0.23570226,0.333333333,0.48507125,0.0,0.0,0.111111111,0.323380833
0118.jpg,2.111111111111111,0.0,0.0,0.444444444,0.511309993,0.944444444,0.23570226,0.055555556,0.23570226,0.055555556,0.23570226,0.166666667,0.383482494,0.055555556,0.23570226
20_15_02.bmp,2.333333333333333,0.055555556,0.23570226,0.222222222,0.427792632,0.833333333,0.383482494,0.055555556,0.23570226,0.055555556,0.23570226,0.055555556,0.23570226,0.0,0.0
22_23_05.bmp,1.7222222222222223,0.0,0.0,0.333333333,0.48507125,0.055555556,0.23570226,0.722222222,0.460888599,0.0,0.0,0.0,0.0,0.111111111,0.323380833
15_03_04.bmp,2.2777777777777777,0.111111111,0.323380833,0.777777778,0.427792632,0.0,0.0,0.0,0.0,0.277777778,0.460888599,0.0,0.0,0.055555556,0.23570226
14_13_05.bmp,1.6111111111111112,0.0,0.0,0.222222222,0.427792632,0.888888889,0.323380833,0.111111111,0.323380833,0.0,0.0,0.055555556,0.23570226,0.111111111,0.323380833
30_23_03.bmp,2.611111111111111,0.055555556,0.23570226,0.166666667,0.383482494,0.055555556,0.23570226,0.666666667,0.48507125,0.166666667,0.383482494,0.0,0.0,0.166666667,0.383482494
01_25_05.bmp,2.0,0.055555556,0.23570226,0.333333333,0.48507125,0.055555556,0.23570226,0.055555556,0.23570226,0.055555556,0.23570226,0.0,0.0,0.888888889,0.323380833
0360.jpg,2.333333333333333,0.111111111,0.323380833,0.888888889,0.323380833,0.0,0.0,0.055555556,0.23570226,0.0,0.0,0.055555556,0.23570226,0.0,0.0
01250.jpg,2.833333333333333,0.222222222,0.427792632,0.833333333,0.383482494,0.111111111,0.323380833,0.055555556,0.23570226,0.277777778,0.460888599,0.0,0.0,0.0,0.0
18_18_04.bmp,1.9444444444444444,0.0,0.0,0.777777778,0.427792632,0.111111111,0.323380833,0.0,0.0,0.0,0.0,0.055555556,0.23570226,0.055555556,0.23570226
04_12_04.bmp,2.333333333333333,0.777777778,0.427792632,0.444444444,0.511309993,0.111111111,0.323380833,0.055555556,0.23570226,0.277777778,0.460888599,0.055555556,0.23570226,0.0,0.0
29_04_05.bmp,1.8333333333333333,0.333333333,0.48507125,0.166666667,0.383482494,0.333333333,0.48507125,0.055555556,0.23570226,0.055555556,0.23570226,0.277777778,0.460888599,0.0,0.0
18_04_03.bmp,2.7777777777777777,0.388888889,0.501631326,0.222222222,0.427792632,0.166666667,0.383482494,0.111111111,0.323380833,0.0,0.0,0.055555556,0.23570226,0.166666667,0.383482494
11_20_04.bmp,1.5555555555555556,0.388888889,0.501631326,0.166666667,0.383482494,0.277777778,0.460888599,0.444444444,0.511309993,0.166666667,0.383482494,0.111111111,0.323380833,0.055555556,0.23570226
21_13_02.bmp,3.2777777777777777,0.055555556,0.23570226,0.277777778,0.460888599,0.333333333,0.48507125,0.0,0.0,0.055555556,0.23570226,0.055555556,0.23570226,0.055555556,0.23570226
30_03_05.bmp,2.0,0.055555556,0.23570226,0.777777778,0.427792632,0.0,0.0,0.0,0.0,0.277777778,0.460888599,0.0,0.0,0.055555556,0.23570226
03_10_05.bmp,2.333333333333333,0.777777778,0.427792632,0.166666667,0.383482494,0.055555556,0.23570226,0.0,0.0,0.222222222,0.427792632,0.0,0.0,0.0,0.0
36_05_05.bmp,1.4444444444444444,0.277777778,0.460888599,0.833333333,0.383482494,0.111111111,0.323380833,0.0,0.0,0.055555556,0.23570226,0.0,0.0,0.055555556,0.23570226
13_17_05.bmp,2.2222222222222223,0.055555556,0.23570226,0.444444444,0.511309993,0.055555556,0.23570226,0.0,0.0,0.222222222,0.427792632,0.111111111,0.323380833,0.277777778,0.460888599
19_25_05.bmp,1.9444444444444444,0.055555556,0.23570226,0.111111111,0.323380833,0.111111111,0.323380833,0.055555556,0.23570226,0.055555556,0.23570226,0.055555556,0.23570226,0.777777778,0.427792632
1098.jpg,2.833333333333333,0.055555556,0.23570226,0.166666667,0.383482494,0.0,0.0,0.0,0.0,0.055555556,0.23570226,0.833333333,0.383482494,0.222222222,0.427792632
01453.jpg,3.333333333333333,0.111111111,0.323380833,0.666666667,0.48507125,0.111111111,0.323380833,0.0,0.0,0.0,0.0,0.0,0.0,0.055555556,0.23570226
35_22_02.bmp,2.2222222222222223,0.222222222,0.427792632,0.777777778,0.427792632,0.166666667,0.383482494,0.0,0.0,0.0,0.0,0.055555556,0.23570226,0.111111111,0.323380833
15_01_05.bmp,1.5555555555555556,0.055555556,0.23570226,0.888888889,0.323380833,0.0,0.0,0.055555556,0.23570226,0.222222222,0.427792632,0.0,0.0,0.0,0.0
15_24_03.bmp,2.2777777777777777,0.055555556,0.23570226,0.833333333,0.383482494,0.0,0.0,0.0,0.0,0.222222222,0.427792632,0.0,0.0,0.0,0.0
0888.jpg,3.6666666666666665,0.166666667,0.383482494,0.444444444,0.511309993,0.055555556,0.23570226,0.055555556,0.23570226,0.111111111,0.323380833,0.055555556,0.23570226,0.055555556,0.23570226
0915.jpg,3.9444444444444446,0.111111111,0.323380833,0.277777778,0.460888599,0.055555556,0.23570226,0.055555556,0.23570226,0.166666667,0.383482494,0.0,0.0,0.055555556,0.23570226
12_25_03.bmp,2.555555555555556,0.055555556,0.23570226,0.111111111,0.323380833,0.111111111,0.323380833,0.055555556,0.23570226,0.055555556,0.23570226,0.0,0.0,0.888888889,0.323380833
27_13_04.bmp,2.833333333333333,0.055555556,0.23570226,0.222222222,0.427792632,0.555555556,0.511309993,0.055555556,0.23570226,0.444444444,0.511309993,0.0,0.0,0.055555556,0.23570226
24_17_04.bmp,2.4444444444444446,0.111111111,0.323380833,0.5,0.514495755,0.055555556,0.23570226,0.0,0.0,0.055555556,0.23570226,0.111111111,0.323380833,0.222222222,0.427792632
0551.jpg,2.7222222222222223,0.111111111,0.323380833,0.5,0.514495755,0.0,0.0,0.055555556,0.23570226,0.777777778,0.427792632,0.0,0.0,0.055555556,0.23570226
03_24_01.bmp,3.5,0.111111111,0.323380833,0.444444444,0.511309993,0.055555556,0.23570226,0.0,0.0,0.055555556,0.23570226,0.111111111,0.323380833,0.111111111,0.323380833
37_16_04.bmp,2.2777777777777777,0.166666667,0.383482494,0.888888889,0.323380833,0.055555556,0.23570226,0.0,0.0,0.055555556,0.23570226,0.111111111,0.323380833,0.0,0.0
23_17_01.bmp,3.4444444444444446,0.111111111,0.323380833,0.5,0.514495755,0.055555556,0.23570226,0.0,0.0,0.222222222,0.427792632,0.0,0.0,0.0,0.0
04_11_05.bmp,2.055555555555556,0.833333333,0.383482494,0.333333333,0.48507125,0.055555556,0.23570226,0.055555556,0.23570226,0.222222222,0.427792632,0.055555556,0.23570226,0.0,0.0
25_17_05.bmp,2.055555555555556,0.111111111,0.323380833,0.611111111,0.501631326,0.055555556,0.23570226,0.0,0.0,0.277777778,0.460888599,0.222222222,0.427792632,0.222222222,0.427792632
12_18_05.bmp,1.6666666666666667,0.277777778,0.460888599,0.777777778,0.427792632,0.055555556,0.23570226,0.055555556,0.23570226,0.055555556,0.23570226,0.055555556,0.23570226,0.055555556,0.23570226
07_17_02.bmp,2.7777777777777777,0.222222222,0.427792632,0.555555556,0.511309993,0.055555556,0.23570226,0.0,0.0,0.222222222,0.427792632,0.166666667,0.383482494,0.277777778,0.460888599
0984.jpg,3.2222222222222223,0.111111111,0.323380833,0.444444444,0.511309993,0.0,0.0,0.666666667,0.48507125,0.055555556,0.23570226,0.0,0.0,0.055555556,0.23570226
29_10_05.bmp,2.1666666666666665,0.722222222,0.460888599,0.166666667,0.383482494,0.055555556,0.23570226,0.0,0.0,0.166666667,0.383482494,0.111111111,0.323380833,0.0,0.0
29_13_03.bmp,3.4444444444444446,0.055555556,0.23570226,0.388888889,0.501631326,0.277777778,0.460888599,0.0,0.0,0.055555556,0.23570226,0.166666667,0.383482494,0.0,0.0
07_25_05.bmp,1.7777777777777777,0.055555556,0.23570226,0.166666667,0.383482494,0.111111111,0.323380833,0.055555556,0.23570226,0.055555556,0.23570226,0.0,0.0,0.888888889,0.323380833
20_16_01.bmp,3.055555555555556,0.055555556,0.23570226,0.277777778,0.460888599,0.333333333,0.48507125,0.055555556,0.23570226,0.166666667,0.383482494,0.111111111,0.323380833,0.0,0.0
03_10_04.bmp,2.5,0.666666667,0.48507125,0.222222222,0.427792632,0.166666667,0.383482494,0.0,0.0,0.166666667,0.383482494,0.0,0.0,0.055555556,0.23570226
17_13_01.bmp,3.4444444444444446,0.0,0.0,0.388888889,0.501631326,0.166666667,0.383482494,0.055555556,0.23570226,0.222222222,0.427792632,0.055555556,0.23570226,0.0,0.0
18_20_05.bmp,1.5555555555555556,0.5,0.514495755,0.277777778,0.460888599,0.222222222,0.427792632,0.333333333,0.48507125,0.055555556,0.23570226,0.0,0.0,0.111111111,0.323380833
0028.jpg,2.611111111111111,0.0,0.0,0.388888889,0.501631326,0.944444444,0.23570226,0.0,0.0,0.222222222,0.427792632,0.0,0.0,0.0,0.0
33_19_04.bmp,2.388888888888889,0.166666667,0.383482494,0.388888889,0.501631326,0.666666667,0.48507125,0.0,0.0,0.444444444,0.511309993,0.0,0.0,0.0,0.0
18_23_05.bmp,2.0,0.055555556,0.23570226,0.277777778,0.460888599,0.055555556,0.23570226,0.722222222,0.460888599,0.0,0.0,0.055555556,0.23570226,0.166666667,0.383482494
21_05_03.bmp,2.1666666666666665,0.111111111,0.323380833,0.833333333,0.383482494,0.111111111,0.323380833,0.0,0.0,0.055555556,0.23570226,0.0,0.0,0.0,0.0
07_18_02.bmp,2.555555555555556,0.111111111,0.323380833,0.722222222,0.460888599,0.111111111,0.323380833,0.0,0.0,0.055555556,0.23570226,0.166666667,0.383482494,0.111111111,0.323380833
36_04_03.bmp,2.833333333333333,0.222222222,0.427792632,0.444444444,0.511309993,0.277777778,0.460888599,0.055555556,0.23570226,0.0,0.0,0.055555556,0.23570226,0.055555556,0.23570226
22_11_02.bmp,3.1666666666666665,0.777777778,0.427792632,0.333333333,0.48507125,0.0,0.0,0.055555556,0.23570226,0.111111111,0.323380833,0.111111111,0.323380833,0.0,0.0
36_19_02.bmp,3.333333333333333,0.055555556,0.23570226,0.611111111,0.501631326,0.166666667,0.383482494,0.055555556,0.23570226,0.0,0.0,0.0,0.0,0.055555556,0.23570226
01_10_01.bmp,3.055555555555556,0.166666667,0.383482494,0.555555556,0.511309993,0.111111111,0.323380833,0.0,0.0,0.055555556,0.23570226,0.0,0.0,0.055555556,0.23570226
03_19_02.bmp,3.611111111111111,0.111111111,0.323380833,0.222222222,0.427792632,0.055555556,0.23570226,0.055555556,0.23570226,0.111111111,0.323380833,0.055555556,0.23570226,0.055555556,0.23570226
32_09_02.bmp,2.7222222222222223,0.5,0.514495755,0.333333333,0.48507125,0.055555556,0.23570226,0.055555556,0.23570226,0.333333333,0.48507125,0.111111111,0.323380833,0.0,0.0
27_22_03.bmp,2.111111111111111,0.222222222,0.427792632,0.833333333,0.383482494,0.0,0.0,0.0,0.0,0.388888889,0.501631326,0.111111111,0.323380833,0.0,0.0
33_15_03.bmp,2.9444444444444446,0.0,0.0,0.388888889,0.501631326,0.0,0.0,0.222222222,0.427792632,0.444444444,0.511309993,0.0,0.0,0.0,0.0
09_13_05.bmp,2.5,0.055555556,0.23570226,0.444444444,0.511309993,0.833333333,0.383482494,0.0,0.0,0.166666667,0.383482494,0.0,0.0,0.0,0.0
11_23_01.bmp,2.7777777777777777,0.055555556,0.23570226,0.277777778,0.460888599,0.055555556,0.23570226,0.777777778,0.427792632,0.166666667,0.383482494,0.055555556,0.23570226,0.0,0.0
35_06_03.bmp,1.8888888888888888,0.333333333,0.48507125,0.555555556,0.511309993,0.277777778,0.460888599,0.0,0.0,0.0,0.0,0.222222222,0.427792632,0.111111111,0.323380833
01500.jpg,3.055555555555556,0.111111111,0.323380833,0.666666667,0.48507125,0.166666667,0.383482494,0.0,0.0,0.0,0.0,0.055555556,0.23570226,0.0,0.0
14_04_03.bmp,2.4444444444444446,0.333333333,0.48507125,0.388888889,0.501631326,0.222222222,0.427792632,0.055555556,0.23570226,0.055555556,0.23570226,0.166666667,0.383482494,0.055555556,0.23570226
29_04_02.bmp,2.6666666666666665,0.388888889,0.501631326,0.222222222,0.427792632,0.277777778,0.460888599,0.055555556,0.23570226,0.111111111,0.323380833,0.222222222,0.427792632,0.055555556,0.23570226
17_25_01.bmp,3.2777777777777777,0.055555556,0.23570226,0.055555556,0.23570226,0.055555556,0.23570226,0.055555556,0.23570226,0.166666667,0.383482494,0.055555556,0.23570226,0.777777778,0.427792632
14_06_05.bmp,1.3333333333333333,0.333333333,0.48507125,0.388888889,0.501631326,0.277777778,0.460888599,0.055555556,0.23570226,0.055555556,0.23570226,0.055555556,0.23570226,0.055555556,0.23570226
21_18_01.bmp,2.5,0.111111111,0.323380833,0.666666667,0.48507125,0.055555556,0.23570226,0.0,0.0,0.111111111,0.323380833,0.166666667,0.383482494,0.0,0.0
21_11_02.bmp,3.2222222222222223,0.5,0.514495755,0.222222222,0.427792632,0.0,0.0,0.0,0.0,0.0,0.0,0.055555556,0.23570226,0.055555556,0.23570226
09_04_02.bmp,3.2777777777777777,0.333333333,0.48507125,0.444444444,0.511309993,0.222222222,0.427792632,0.0,0.0,0.111111111,0.323380833,0.111111111,0.323380833,0.055555556,0.23570226
0797.jpg,3.5,0.055555556,0.23570226,0.666666667,0.48507125,0.0,0.0,0.055555556,0.23570226,0.111111111,0.323380833,0.055555556,0.23570226,0.0,0.0
20_17_05.bmp,2.055555555555556,0.111111111,0.323380833,0.5,0.514495755,0.055555556,0.23570226,0.0,0.0,0.222222222,0.427792632,0.222222222,0.427792632,0.111111111,0.323380833
0496.jpg,2.7222222222222223,0.111111111,0.323380833,0.388888889,0.501631326,0.0,0.0,0.5,0.514495755,0.611111111,0.501631326,0.0,0.0,0.0,0.0
26_06_05.bmp,2.5,0.333333333,0.48507125,0.055555556,0.23570226,0.333333333,0.48507125,0.055555556,0.23570226,0.055555556,0.23570226,0.222222222,0.427792632,0.111111111,0.323380833
1142.jpg,2.1666666666666665,0.0,0.0,0.277777778,0.460888599,0.0,0.0,0.166666667,0.383482494,0.055555556,0.23570226,0.888888889,0.323380833,0.166666667,0.383482494
01364.jpg,4.111111111111111,0.055555556,0.23570226,0.388888889,0.501631326,0.055555556,0.23570226,0.055555556,0.23570226,0.055555556,0.23570226,0.0,0.0,0.055555556,0.23570226
14_04_05.bmp,2.111111111111111,0.333333333,0.48507125,0.388888889,0.501631326,0.222222222,0.427792632,0.055555556,0.23570226,0.0,0.0,0.222222222,0.427792632,0.055555556,0.23570226
24_10_02.bmp,2.9444444444444446,0.611111111,0.501631326,0.333333333,0.48507125,0.055555556,0.23570226,0.0,0.0,0.055555556,0.23570226,0.0,0.0,0.055555556,0.23570226
02_16_05.bmp,1.5,0.444444444,0.511309993,0.833333333,0.383482494,0.0,0.0,0.0,0.0,0.444444444,0.511309993,0.055555556,0.23570226,0.0,0.0
0306.jpg,2.388888888888889,0.055555556,0.23570226,0.944444444,0.23570226,0.055555556,0.23570226,0.222222222,0.427792632,0.222222222,0.427792632,0.055555556,0.23570226,0.0,0.0
0860.jpg,3.388888888888889,0.055555556,0.23570226,0.555555556,0.511309993,0.0,0.0,0.0,0.0,0.222222222,0.427792632,0.0,0.0,0.0,0.0
19_06_05.bmp,1.8333333333333333,0.333333333,0.48507125,0.222222222,0.427792632,0.222222222,0.427792632,0.166666667,0.383482494,0.111111111,0.323380833,0.222222222,0.427792632,0.055555556,0.23570226
28_22_05.bmp,1.7777777777777777,0.166666667,0.383482494,0.777777778,0.427792632,0.111111111,0.323380833,0.055555556,0.23570226,0.222222222,0.427792632,0.0,0.0,0.0,0.0
27_14_02.bmp,2.888888888888889,0.055555556,0.23570226,0.277777778,0.460888599,0.055555556,0.23570226,0.666666667,0.48507125,0.333333333,0.48507125,0.111111111,0.323380833,0.0,0.0
10_13_03.bmp,3.055555555555556,0.166666667,0.383482494,0.277777778,0.460888599,0.444444444,0.511309993,0.055555556,0.23570226,0.388888889,0.501631326,0.166666667,0.383482494,0.0,0.0
22_21_05.bmp,1.3888888888888888,0.111111111,0.323380833,0.222222222,0.427792632,0.055555556,0.23570226,0.777777778,0.427792632,0.055555556,0.23570226,0.055555556,0.23570226,0.0,0.0
19_07_01.bmp,3.055555555555556,0.111111111,0.323380833,0.444444444,0.511309993,0.166666667,0.383482494,0.0,0.0,0.111111111,0.323380833,0.111111111,0.323380833,0.111111111,0.323380833
0851.jpg,3.555555555555556,0.111111111,0.323380833,0.5,0.514495755,0.0,0.0,0.0,0.0,0.333333333,0.48507125,0.0,0.0,0.0,0.0
01280.jpg,3.7222222222222223,0.055555556,0.23570226,0.222222222,0.427792632,0.055555556,0.23570226,0.0,0.0,0.611111111,0.501631326,0.055555556,0.23570226,0.0,0.0
36_17_04.bmp,2.2777777777777777,0.055555556,0.23570226,0.555555556,0.511309993,0.166666667,0.383482494,0.0,0.0,0.277777778,0.460888599,0.222222222,0.427792632,0.166666667,0.383482494
0962.jpg,3.388888888888889,0.111111111,0.323380833,0.166666667,0.383482494,0.0,0.0,0.666666667,0.48507125,0.111111111,0.323380833,0.055555556,0.23570226,0.0,0.0
12_19_01.bmp,3.4444444444444446,0.111111111,0.323380833,0.333333333,0.48507125,0.166666667,0.383482494,0.0,0.0,0.055555556,0.23570226,0.0,0.0,0.0,0.0
1089.jpg,3.4444444444444446,0.055555556,0.23570226,0.555555556,0.511309993,0.0,0.0,0.0,0.0,0.0,0.0,0.055555556,0.23570226,0.0,0.0
01_23_03.bmp,2.611111111111111,0.0,0.0,0.555555556,0.511309993,0.055555556,0.23570226,0.833333333,0.383482494,0.055555556,0.23570226,0.055555556,0.23570226,0.111111111,0.323380833
17_02_03.bmp,2.2777777777777777,0.0,0.0,0.833333333,0.383482494,0.055555556,0.23570226,0.0,0.0,0.166666667,0.383482494,0.166666667,0.383482494,0.0,0.0
18_16_04.bmp,1.8888888888888888,0.222222222,0.427792632,0.777777778,0.427792632,0.0,0.0,0.0,0.0,0.055555556,0.23570226,0.0,0.0,0.0,0.0
24_06_05.bmp,1.8888888888888888,0.222222222,0.427792632,0.333333333,0.48507125,0.388888889,0.501631326,0.055555556,0.23570226,0.0,0.0,0.055555556,0.23570226,0.0,0.0
01494.jpg,3.7777777777777777,0.166666667,0.383482494,0.5,0.514495755,0.111111111,0.323380833,0.0,0.0,0.055555556,0.23570226,0.055555556,0.23570226,0.0,0.0
19_07_04.bmp,1.5555555555555556,0.222222222,0.427792632,0.777777778,0.427792632,0.055555556,0.23570226,0.055555556,0.23570226,0.055555556,0.23570226,0.111111111,0.323380833,0.0,0.0
23_16_04.bmp,2.2777777777777777,0.166666667,0.383482494,0.833333333,0.383482494,0.0,0.0,0.0,0.0,0.166666667,0.383482494,0.0,0.0,0.0,0.0
13_22_04.bmp,1.9444444444444444,0.222222222,0.427792632,0.777777778,0.427792632,0.111111111,0.323380833,0.0,0.0,0.055555556,0.23570226,0.055555556,0.23570226,0.0,0.0
01394.jpg,3.9444444444444446,0.055555556,0.23570226,0.444444444,0.511309993,0.166666667,0.383482494,0.055555556,0.23570226,0.0,0.0,0.0,0.0,0.111111111,0.323380833
22_17_01.bmp,3.333333333333333,0.166666667,0.383482494,0.555555556,0.511309993,0.055555556,0.23570226,0.0,0.0,0.055555556,0.23570226,0.166666667,0.383482494,0.055555556,0.23570226
01_25_02.bmp,2.111111111111111,0.055555556,0.23570226,0.388888889,0.501631326,0.111111111,0.323380833,0.055555556,0.23570226,0.055555556,0.23570226,0.055555556,0.23570226,0.944444444,0.23570226
16_06_02.bmp,2.2777777777777777,0.277777778,0.460888599,0.111111111,0.323380833,0.222222222,0.427792632,0.111111111,0.323380833,0.277777778,0.460888599,0.555555556,0.511309993,0.111111111,0.323380833
01362.jpg,4.333333333333333,0.111111111,0.323380833,0.388888889,0.501631326,0.055555556,0.23570226,0.0,0.0,0.0,0.0,0.0,0.0,0.055555556,0.23570226
0596.jpg,3.5,0.055555556,0.23570226,0.222222222,0.427792632,0.055555556,0.23570226,0.166666667,0.383482494,0.388888889,0.501631326,0.055555556,0.23570226,0.055555556,0.23570226
14_16_04.bmp,1.9444444444444444,0.277777778,0.460888599,0.777777778,0.427792632,0.055555556,0.23570226,0.0,0.0,0.0,0.0,0.055555556,0.23570226,0.0,0.0
26_18_03.bmp,2.888888888888889,0.111111111,0.323380833,0.722222222,0.460888599,0.111111111,0.323380833,0.0,0.0,0.111111111,0.323380833,0.055555556,0.23570226,0.055555556,0.23570226
0230.jpg,1.4444444444444444,0.111111111,0.323380833,0.444444444,0.511309993,0.0,0.0,0.944444444,0.23570226,0.0,0.0,0.0,0.0,0.0,0.0
14_18_04.bmp,2.111111111111111,0.055555556,0.23570226,0.666666667,0.48507125,0.111111111,0.323380833,0.055555556,0.23570226,0.055555556,0.23570226,0.111111111,0.323380833,0.055555556,0.23570226
02_17_03.bmp,2.4444444444444446,0.111111111,0.323380833,0.277777778,0.460888599,0.0,0.0,0.0,0.0,0.555555556,0.511309993,0.055555556,0.23570226,0.388888889,0.501631326
32_06_05.bmp,1.3888888888888888,0.333333333,0.48507125,0.388888889,0.501631326,0.166666667,0.383482494,0.055555556,0.23570226,0.333333333,0.48507125,0.166666667,0.383482494,0.0,0.0
23_02_02.bmp,3.0,0.111111111,0.323380833,0.666666667,0.48507125,0.055555556,0.23570226,0.0,0.0,0.333333333,0.48507125,0.0,0.0,0.0,0.0
01_02_04.bmp,1.5555555555555556,0.055555556,0.23570226,1.0,0.0,0.111111111,0.323380833,0.0,0.0,0.055555556,0.23570226,0.0,0.0,0.0,0.0
37_17_02.bmp,2.7777777777777777,0.166666667,0.383482494,0.444444444,0.511309993,0.0,0.0,0.0,0.0,0.222222222,0.427792632,0.222222222,0.427792632,0.166666667,0.383482494
08_02_01.bmp,4.222222222222222,0.111111111,0.323380833,0.111111111,0.323380833,0.0,0.0,0.055555556,0.23570226,0.166666667,0.383482494,0.055555556,0.23570226,0.0,0.0
18_03_03.bmp,2.611111111111111,0.111111111,0.323380833,0.777777778,0.427792632,0.055555556,0.23570226,0.055555556,0.23570226,0.0,0.0,0.0,0.0,0.055555556,0.23570226
07_21_03.bmp,2.388888888888889,0.055555556,0.23570226,0.388888889,0.501631326,0.666666667,0.48507125,0.111111111,0.323380833,0.0,0.0,0.055555556,0.23570226,0.055555556,0.23570226
25_21_03.bmp,2.388888888888889,0.111111111,0.323380833,0.5,0.514495755,0.611111111,0.501631326,0.055555556,0.23570226,0.111111111,0.323380833,0.055555556,0.23570226,0.111111111,0.323380833
23_04_03.bmp,2.9444444444444446,0.333333333,0.48507125,0.388888889,0.501631326,0.166666667,0.383482494,0.0,0.0,0.277777778,0.460888599,0.166666667,0.383482494,0.0,0.0
14_12_03.bmp,2.4444444444444446,0.722222222,0.460888599,0.388888889,0.501631326,0.055555556,0.23570226,0.0,0.0,0.055555556,0.23570226,0.055555556,0.23570226,0.111111111,0.323380833
12_03_05.bmp,1.7222222222222223,0.166666667,0.383482494,0.833333333,0.383482494,0.055555556,0.23570226,0.055555556,0.23570226,0.055555556,0.23570226,0.0,0.0,0.0,0.0
13_19_04.bmp,3.333333333333333,0.055555556,0.23570226,0.111111111,0.323380833,0.555555556,0.511309993,0.0,0.0,0.111111111,0.323380833,0.111111111,0.323380833,0.0,0.0
28_22_02.bmp,2.888888888888889,0.111111111,0.323380833,0.555555556,0.511309993,0.333333333,0.48507125,0.111111111,0.323380833,0.111111111,0.323380833,0.055555556,0.23570226,0.0,0.0
18_11_05.bmp,2.1666666666666665,0.833333333,0.383482494,0.222222222,0.427792632,0.222222222,0.427792632,0.0,0.0,0.055555556,0.23570226,0.0,0.0,0.0,0.0
21_02_03.bmp,2.1666666666666665,0.0,0.0,0.944444444,0.23570226,0.0,0.0,0.055555556,0.23570226,0.0,0.0,0.0,0.0,0.055555556,0.23570226
03_22_03.bmp,2.888888888888889,0.333333333,0.48507125,0.722222222,0.460888599,0.055555556,0.23570226,0.0,0.0,0.055555556,0.23570226,0.055555556,0.23570226,0.0,0.0
33_24_02.bmp,3.2777777777777777,0.055555556,0.23570226,0.5,0.514495755,0.055555556,0.23570226,0.055555556,0.23570226,0.444444444,0.511309993,0.0,0.0,0.055555556,0.23570226
02_25_03.bmp,2.4444444444444446,0.166666667,0.383482494,0.111111111,0.323380833,0.055555556,0.23570226,0.0,0.0,0.222222222,0.427792632,0.055555556,0.23570226,0.888888889,0.323380833
0608.jpg,3.055555555555556,0.055555556,0.23570226,0.611111111,0.501631326,0.0,0.0,0.055555556,0.23570226,0.277777778,0.460888599,0.055555556,0.23570226,0.055555556,0.23570226
33_10_05.bmp,2.333333333333333,0.722222222,0.460888599,0.333333333,0.48507125,0.055555556,0.23570226,0.0,0.0,0.444444444,0.511309993,0.0,0.0,0.0,0.0
11_10_02.bmp,3.0,0.666666667,0.48507125,0.333333333,0.48507125,0.0,0.0,0.055555556,0.23570226,0.222222222,0.427792632,0.055555556,0.23570226,0.111111111,0.323380833
30_15_02.bmp,3.111111111111111,0.055555556,0.23570226,0.277777778,0.460888599,0.444444444,0.511309993,0.0,0.0,0.222222222,0.427792632,0.0,0.0,0.0,0.0
36_23_04.bmp,2.333333333333333,0.055555556,0.23570226,0.111111111,0.323380833,0.0,0.0,0.666666667,0.48507125,0.055555556,0.23570226,0.055555556,0.23570226,0.222222222,0.427792632
0992.jpg,3.0,0.0,0.0,0.388888889,0.501631326,0.0,0.0,0.666666667,0.48507125,0.333333333,0.48507125,0.0,0.0,0.111111111,0.323380833
36_24_04.bmp,1.5555555555555556,0.0,0.0,0.944444444,0.23570226,0.222222222,0.427792632,0.0,0.0,0.055555556,0.23570226,0.0,0.0,0.0,0.0
12_05_01.bmp,3.555555555555556,0.111111111,0.323380833,0.222222222,0.427792632,0.166666667,0.383482494,0.0,0.0,0.111111111,0.323380833,0.111111111,0.323380833,0.055555556,0.23570226
29_17_03.bmp,2.555555555555556,0.111111111,0.323380833,0.5,0.514495755,0.0,0.0,0.0,0.0,0.222222222,0.427792632,0.222222222,0.427792632,0.222222222,0.427792632
1106.jpg,2.6666666666666665,0.055555556,0.23570226,0.5,0.514495755,0.555555556,0.511309993,0.055555556,0.23570226,0.055555556,0.23570226,0.0,0.0,0.055555556,0.23570226
27_25_04.bmp,2.111111111111111,0.055555556,0.23570226,0.277777778,0.460888599,0.0,0.0,0.0,0.0,0.333333333,0.48507125,0.0,0.0,1.0,0.0
1008.jpg,3.0,0.111111111,0.323380833,0.333333333,0.48507125,0.055555556,0.23570226,0.611111111,0.501631326,0.277777778,0.460888599,0.055555556,0.23570226,0.055555556,0.23570226
02_16_01.bmp,3.2222222222222223,0.0,0.0,0.222222222,0.427792632,0.222222222,0.427792632,0.111111111,0.323380833,0.5,0.514495755,0.111111111,0.323380833,0.055555556,0.23570226
03_23_04.bmp,2.555555555555556,0.055555556,0.23570226,0.166666667,0.383482494,0.0,0.0,0.888888889,0.323380833,0.055555556,0.23570226,0.055555556,0.23570226,0.055555556,0.23570226
0444.jpg,2.833333333333333,0.055555556,0.23570226,0.722222222,0.460888599,0.0,0.0,0.055555556,0.23570226,0.222222222,0.427792632,0.111111111,0.323380833,0.111111111,0.323380833
0272.jpg,1.9444444444444444,0.166666667,0.383482494,0.277777778,0.460888599,0.055555556,0.23570226,0.888888889,0.323380833,0.166666667,0.383482494,0.0,0.0,0.0,0.0
0350.jpg,2.7777777777777777,0.111111111,0.323380833,0.722222222,0.460888599,0.0,0.0,0.055555556,0.23570226,0.222222222,0.427792632,0.0,0.0,0.055555556,0.23570226
10_05_02.bmp,2.833333333333333,0.111111111,0.323380833,0.611111111,0.501631326,0.0,0.0,0.111111111,0.323380833,0.277777778,0.460888599,0.222222222,0.427792632,0.055555556,0.23570226
25_09_02.bmp,2.7222222222222223,0.666666667,0.48507125,0.333333333,0.48507125,0.111111111,0.323380833,0.055555556,0.23570226,0.166666667,0.383482494,0.055555556,0.23570226,0.055555556,0.23570226
0018.jpg,3.111111111111111,0.0,0.0,0.333333333,0.48507125,0.666666667,0.48507125,0.0,0.0,0.055555556,0.23570226,0.0,0.0,0.0,0.0
23_13_03.bmp,2.833333333333333,0.0,0.0,0.333333333,0.48507125,0.611111111,0.501631326,0.0,0.0,0.277777778,0.460888599,0.0,0.0,0.055555556,0.23570226
05_06_01.bmp,3.0,0.333333333,0.48507125,0.5,0.514495755,0.166666667,0.383482494,0.0,0.0,0.0,0.0,0.111111111,0.323380833,0.055555556,0.23570226
21_05_02.bmp,2.833333333333333,0.222222222,0.427792632,0.722222222,0.460888599,0.0,0.0,0.055555556,0.23570226,0.055555556,0.23570226,0.055555556,0.23570226,0.055555556,0.23570226
21_17_02.bmp,2.888888888888889,0.222222222,0.427792632,0.5,0.514495755,0.0,0.0,0.0,0.0,0.055555556,0.23570226,0.111111111,0.323380833,0.111111111,0.323380833
19_09_02.bmp,2.888888888888889,0.722222222,0.460888599,0.222222222,0.427792632,0.111111111,0.323380833,0.055555556,0.23570226,0.111111111,0.323380833,0.055555556,0.23570226,0.055555556,0.23570226
0576.jpg,3.2777777777777777,0.055555556,0.23570226,0.277777778,0.460888599,0.0,0.0,0.055555556,0.23570226,0.555555556,0.511309993,0.0,0.0,0.111111111,0.323380833
24_13_02.bmp,3.333333333333333,0.055555556,0.23570226,0.333333333,0.48507125,0.333333333,0.48507125,0.0,0.0,0.055555556,0.23570226,0.0,0.0,0.055555556,0.23570226
32_21_03.bmp,2.333333333333333,0.166666667,0.383482494,0.444444444,0.511309993,0.388888889,0.501631326,0.222222222,0.427792632,0.388888889,0.501631326,0.055555556,0.23570226,0.0,0.0
0311.jpg,3.055555555555556,0.166666667,0.383482494,0.666666667,0.48507125,0.055555556,0.23570226,0.166666667,0.383482494,0.222222222,0.427792632,0.0,0.0,0.055555556,0.23570226
01_09_02.bmp,2.6666666666666665,0.611111111,0.501631326,0.555555556,0.511309993,0.111111111,0.323380833,0.0,0.0,0.111111111,0.323380833,0.0,0.0,0.055555556,0.23570226
0008.jpg,3.5,0.055555556,0.23570226,0.277777778,0.460888599,0.722222222,0.460888599,0.0,0.0,0.166666667,0.383482494,0.0,0.0,0.0,0.0
0024.jpg,3.6666666666666665,0.0,0.0,0.222222222,0.427792632,0.611111111,0.501631326,0.055555556,0.23570226,0.111111111,0.323380833,0.0,0.0,0.0,0.0
32_11_01.bmp,3.111111111111111,0.388888889,0.501631326,0.444444444,0.511309993,0.111111111,0.323380833,0.055555556,0.23570226,0.333333333,0.48507125,0.055555556,0.23570226,0.0,0.0
24_14_03.bmp,2.7222222222222223,0.055555556,0.23570226,0.222222222,0.427792632,0.055555556,0.23570226,0.722222222,0.460888599,0.0,0.0,0.0,0.0,0.055555556,0.23570226
29_06_02.bmp,2.055555555555556,0.388888889,0.501631326,0.333333333,0.48507125,0.222222222,0.427792632,0.0,0.0,0.055555556,0.23570226,0.166666667,0.383482494,0.111111111,0.323380833
11_17_03.bmp,2.2222222222222223,0.111111111,0.323380833,0.444444444,0.511309993,0.055555556,0.23570226,0.055555556,0.23570226,0.277777778,0.460888599,0.111111111,0.323380833,0.222222222,0.427792632
26_20_02.bmp,3.8333333333333335,0.055555556,0.23570226,0.277777778,0.460888599,0.055555556,0.23570226,0.055555556,0.23570226,0.055555556,0.23570226,0.055555556,0.23570226,0.111111111,0.323380833
15_15_04.bmp,3.0,0.222222222,0.427792632,0.222222222,0.427792632,0.055555556,0.23570226,0.166666667,0.383482494,0.222222222,0.427792632,0.0,0.0,0.055555556,0.23570226
0783.jpg,3.388888888888889,0.055555556,0.23570226,0.555555556,0.511309993,0.0,0.0,0.055555556,0.23570226,0.111111111,0.323380833,0.111111111,0.323380833,0.111111111,0.323380833
0811.jpg,3.555555555555556,0.0,0.0,0.555555556,0.511309993,0.0,0.0,0.055555556,0.23570226,0.277777778,0.460888599,0.0,0.0,0.0,0.0
02_10_05.bmp,2.111111111111111,0.833333333,0.383482494,0.444444444,0.511309993,0.0,0.0,0.0,0.0,0.388888889,0.501631326,0.111111111,0.323380833,0.0,0.0
01285.jpg,4.166666666666667,0.166666667,0.383482494,0.111111111,0.323380833,0.055555556,0.23570226,0.0,0.0,0.111111111,0.323380833,0.055555556,0.23570226,0.0,0.0
29_24_04.bmp,2.2222222222222223,0.0,0.0,0.777777778,0.427792632,0.0,0.0,0.055555556,0.23570226,0.111111111,0.323380833,0.111111111,0.323380833,0.055555556,0.23570226
19_08_05.bmp,1.6666666666666667,0.333333333,0.48507125,0.722222222,0.460888599,0.0,0.0,0.055555556,0.23570226,0.055555556,0.23570226,0.111111111,0.323380833,0.055555556,0.23570226
37_09_01.bmp,3.2222222222222223,0.555555556,0.511309993,0.5,0.514495755,0.055555556,0.23570226,0.0,0.0,0.055555556,0.23570226,0.055555556,0.23570226,0.0,0.0
20_22_01.bmp,3.0,0.055555556,0.23570226,0.5,0.514495755,0.277777778,0.460888599,0.055555556,0.23570226,0.111111111,0.323380833,0.055555556,0.23570226,0.0,0.0
06_25_05.bmp,1.8888888888888888,0.055555556,0.23570226,0.055555556,0.23570226,0.111111111,0.323380833,0.0,0.0,0.0,0.0,0.0,0.0,0.944444444,0.23570226
0251.jpg,2.2222222222222223,0.166666667,0.383482494,0.222222222,0.427792632,0.055555556,0.23570226,0.888888889,0.323380833,0.111111111,0.323380833,0.0,0.0,0.055555556,0.23570226
11_25_04.bmp,2.1666666666666665,0.055555556,0.23570226,0.166666667,0.383482494,0.0,0.0,0.055555556,0.23570226,0.166666667,0.383482494,0.055555556,0.23570226,0.888888889,0.323380833
20_05_04.bmp,2.055555555555556,0.222222222,0.427792632,0.666666667,0.48507125,0.111111111,0.323380833,0.0,0.0,0.166666667,0.383482494,0.111111111,0.323380833,0.055555556,0.23570226
0641.jpg,3.333333333333333,0.0,0.0,0.5,0.514495755,0.0,0.0,0.055555556,0.23570226,0.055555556,0.23570226,0.055555556,0.23570226,0.055555556,0.23570226
28_06_05.bmp,2.111111111111111,0.388888889,0.501631326,0.388888889,0.501631326,0.166666667,0.383482494,0.111111111,0.323380833,0.222222222,0.427792632,0.166666667,0.383482494,0.0,0.0
36_08_01.bmp,3.333333333333333,0.111111111,0.323380833,0.555555556,0.511309993,0.111111111,0.323380833,0.0,0.0,0.0,0.0,0.0,0.0,0.055555556,0.23570226
01208.jpg,4.055555555555555,0.388888889,0.501631326,0.333333333,0.48507125,0.055555556,0.23570226,0.222222222,0.427792632,0.055555556,0.23570226,0.0,0.0,0.0,0.0
0188.jpg,3.7777777777777777,0.055555556,0.23570226,0.166666667,0.383482494,0.666666667,0.48507125,0.055555556,0.23570226,0.055555556,0.23570226,0.0,0.0,0.055555556,0.23570226
0410.jpg,2.4444444444444446,0.111111111,0.323380833,0.777777778,0.427792632,0.055555556,0.23570226,0.055555556,0.23570226,0.0,0.0,0.055555556,0.23570226,0.777777778,0.427792632
0483.jpg,3.2222222222222223,0.111111111,0.323380833,0.333333333,0.48507125,0.0,0.0,0.111111111,0.323380833,0.722222222,0.460888599,0.0,0.0,0.055555556,0.23570226
05_10_01.bmp,2.9444444444444446,0.444444444,0.511309993,0.388888889,0.501631326,0.055555556,0.23570226,0.0,0.0,0.0,0.0,0.055555556,0.23570226,0.111111111,0.323380833
01380.jpg,3.333333333333333,0.0,0.0,0.722222222,0.460888599,0.111111111,0.323380833,0.055555556,0.23570226,0.0,0.0,0.0,0.0,0.055555556,0.23570226
1047.jpg,3.111111111111111,0.0,0.0,0.611111111,0.501631326,0.0,0.0,0.444444444,0.511309993,0.222222222,0.427792632,0.0,0.0,0.111111111,0.323380833
30_07_01.bmp,3.555555555555556,0.111111111,0.323380833,0.333333333,0.48507125,0.055555556,0.23570226,0.111111111,0.323380833,0.333333333,0.48507125,0.055555556,0.23570226,0.0,0.0
22_07_05.bmp,1.3888888888888888,0.055555556,0.23570226,0.944444444,0.23570226,0.0,0.0,0.055555556,0.23570226,0.111111111,0.323380833,0.111111111,0.323380833,0.0,0.0
04_10_05.bmp,2.2222222222222223,0.777777778,0.427792632,0.388888889,0.501631326,0.055555556,0.23570226,0.055555556,0.23570226,0.222222222,0.427792632,0.0,0.0,0.055555556,0.23570226
33_18_05.bmp,2.111111111111111,0.0,0.0,0.777777778,0.427792632,0.0,0.0,0.055555556,0.23570226,0.444444444,0.511309993,0.055555556,0.23570226,0.0,0.0
0794.jpg,3.555555555555556,0.0,0.0,0.611111111,0.501631326,0.0,0.0,0.055555556,0.23570226,0.222222222,0.427792632,0.0,0.0,0.055555556,0.23570226
19_20_05.bmp,1.7222222222222223,0.555555556,0.511309993,0.166666667,0.383482494,0.277777778,0.460888599,0.222222222,0.427792632,0.111111111,0.323380833,0.111111111,0.323380833,0.055555556,0.23570226
0584.jpg,3.0,0.055555556,0.23570226,0.222222222,0.427792632,0.0,0.0,0.388888889,0.501631326,0.388888889,0.501631326,0.111111111,0.323380833,0.055555556,0.23570226
0751.jpg,3.1666666666666665,0.055555556,0.23570226,0.5,0.514495755,0.0,0.0,0.0,0.0,0.0,0.0,0.055555556,0.23570226,0.055555556,0.23570226
0827.jpg,3.5,0.055555556,0.23570226,0.444444444,0.511309993,0.0,0.0,0.111111111,0.323380833,0.0,0.0,0.055555556,0.23570226,0.055555556,0.23570226
26_24_01.bmp,3.8333333333333335,0.111111111,0.323380833,0.388888889,0.501631326,0.166666667,0.383482494,0.0,0.0,0.055555556,0.23570226,0.0,0.0,0.111111111,0.323380833
20_04_04.bmp,2.2222222222222223,0.333333333,0.48507125,0.277777778,0.460888599,0.166666667,0.383482494,0.0,0.0,0.111111111,0.323380833,0.333333333,0.48507125,0.0,0.0
27_24_03.bmp,2.4444444444444446,0.0,0.0,0.722222222,0.460888599,0.055555556,0.23570226,0.0,0.0,0.388888889,0.501631326,0.055555556,0.23570226,0.0,0.0
0494.jpg,3.4444444444444446,0.055555556,0.23570226,0.277777778,0.460888599,0.0,0.0,0.055555556,0.23570226,0.722222222,0.460888599,0.0,0.0,0.055555556,0.23570226
26_07_02.bmp,3.1666666666666665,0.055555556,0.23570226,0.666666667,0.48507125,0.111111111,0.323380833,0.0,0.0,0.055555556,0.23570226,0.0,0.0,0.055555556,0.23570226
34_17_01.bmp,2.9444444444444446,0.111111111,0.323380833,0.5,0.514495755,0.333333333,0.48507125,0.0,0.0,0.055555556,0.23570226,0.111111111,0.323380833,0.222222222,0.427792632
0203.jpg,2.0,0.055555556,0.23570226,0.166666667,0.383482494,0.0,0.0,0.888888889,0.323380833,0.166666667,0.383482494,0.055555556,0.23570226,0.0,0.0
21_02_05.bmp,1.2777777777777777,0.055555556,0.23570226,0.944444444,0.23570226,0.055555556,0.23570226,0.0,0.0,0.0,0.0,0.0,0.0,0.0,0.0
0727.jpg,3.2777777777777777,0.111111111,0.323380833,0.111111111,0.323380833,0.055555556,0.23570226,0.0,0.0,0.277777778,0.460888599,0.166666667,0.383482494,0.055555556,0.23570226
28_18_01.bmp,2.7777777777777777,0.111111111,0.323380833,0.611111111,0.501631326,0.166666667,0.383482494,0.0,0.0,0.333333333,0.48507125,0.055555556,0.23570226,0.111111111,0.323380833
30_10_02.bmp,2.9444444444444446,0.611111111,0.501631326,0.333333333,0.48507125,0.0,0.0,0.0,0.0,0.277777778,0.460888599,0.0,0.0,0.0,0.0
01_15_04.bmp,3.0,0.166666667,0.383482494,0.666666667,0.48507125,0.166666667,0.383482494,0.055555556,0.23570226,0.055555556,0.23570226,0.0,0.0,0.055555556,0.23570226
21_10_04.bmp,2.388888888888889,0.777777778,0.427792632,0.277777778,0.460888599,0.0,0.0,0.111111111,0.323380833,0.055555556,0.23570226,0.055555556,0.23570226,0.0,0.0
1110.jpg,1.7777777777777777,0.055555556,0.23570226,0.888888889,0.323380833,0.055555556,0.23570226,0.0,0.0,0.444444444,0.511309993,0.0,0.0,0.0,0.0
15_02_04.bmp,1.5555555555555556,0.055555556,0.23570226,0.944444444,0.23570226,0.055555556,0.23570226,0.0,0.0,0.222222222,0.427792632,0.055555556,0.23570226,0.0,0.0
17_24_02.bmp,2.888888888888889,0.0,0.0,0.777777778,0.427792632,0.055555556,0.23570226,0.055555556,0.23570226,0.166666667,0.383482494,0.111111111,0.323380833,0.0,0.0
05_14_03.bmp,2.888888888888889,0.166666667,0.383482494,0.5,0.514495755,0.111111111,0.323380833,0.333333333,0.48507125,0.055555556,0.23570226,0.0,0.0,0.055555556,0.23570226
23_09_03.bmp,2.555555555555556,0.777777778,0.427792632,0.222222222,0.427792632,0.055555556,0.23570226,0.055555556,0.23570226,0.166666667,0.383482494,0.111111111,0.323380833,0.055555556,0.23570226
09_12_01.bmp,3.0,0.222222222,0.427792632,0.5,0.514495755,0.111111111,0.323380833,0.0,0.0,0.166666667,0.383482494,0.055555556,0.23570226,0.0,0.0
21_14_01.bmp,3.388888888888889,0.111111111,0.323380833,0.277777778,0.460888599,0.111111111,0.323380833,0.222222222,0.427792632,0.0,0.0,0.0,0.0,0.0,0.0
36_01_04.bmp,1.7777777777777777,0.055555556,0.23570226,1.0,0.0,0.111111111,0.323380833,0.055555556,0.23570226,0.0,0.0,0.055555556,0.23570226,0.055555556,0.23570226
23_25_02.bmp,2.555555555555556,0.111111111,0.323380833,0.166666667,0.383482494,0.0,0.0,0.0,0.0,0.166666667,0.383482494,0.0,0.0,0.888888889,0.323380833
24_13_04.bmp,2.611111111111111,0.055555556,0.23570226,0.277777778,0.460888599,0.666666667,0.48507125,0.111111111,0.323380833,0.0,0.0,0.0,0.0,0.0,0.0
0642.jpg,3.4444444444444446,0.166666667,0.383482494,0.444444444,0.511309993,0.0,0.0,0.111111111,0.323380833,0.055555556,0.23570226,0.055555556,0.23570226,0.0,0.0
05_11_05.bmp,1.7777777777777777,0.777777778,0.427792632,0.388888889,0.501631326,0.055555556,0.23570226,0.0,0.0,0.111111111,0.323380833,0.111111111,0.323380833,0.055555556,0.23570226
29_22_01.bmp,3.2222222222222223,0.111111111,0.323380833,0.555555556,0.511309993,0.0,0.0,0.111111111,0.323380833,0.055555556,0.23570226,0.111111111,0.323380833,0.0,0.0
0511.jpg,2.388888888888889,0.0,0.0,0.5,0.514495755,0.0,0.0,0.555555556,0.511309993,0.666666667,0.48507125,0.055555556,0.23570226,0.055555556,0.23570226
19_03_03.bmp,2.5,0.055555556,0.23570226,0.722222222,0.460888599,0.0,0.0,0.0,0.0,0.111111111,0.323380833,0.055555556,0.23570226,0.0,0.0
22_11_01.bmp,3.388888888888889,0.277777778,0.460888599,0.333333333,0.48507125,0.055555556,0.23570226,0.0,0.0,0.111111111,0.323380833,0.222222222,0.427792632,0.0,0.0
12_12_03.bmp,2.6666666666666665,0.666666667,0.48507125,0.277777778,0.460888599,0.055555556,0.23570226,0.055555556,0.23570226,0.111111111,0.323380833,0.055555556,0.23570226,0.055555556,0.23570226
34_18_05.bmp,1.3888888888888888,0.111111111,0.323380833,0.888888889,0.323380833,0.166666667,0.383482494,0.055555556,0.23570226,0.0,0.0,0.055555556,0.23570226,0.111111111,0.323380833
02_07_01.bmp,3.2777777777777777,0.111111111,0.323380833,0.555555556,0.511309993,0.0,0.0,0.0,0.0,0.444444444,0.511309993,0.055555556,0.23570226,0.0,0.0
0523.jpg,2.888888888888889,0.111111111,0.323380833,0.5,0.514495755,0.055555556,0.23570226,0.388888889,0.501631326,0.444444444,0.511309993,0.0,0.0,0.111111111,0.323380833
09_11_01.bmp,3.2222222222222223,0.333333333,0.48507125,0.5,0.514495755,0.055555556,0.23570226,0.0,0.0,0.111111111,0.323380833,0.055555556,0.23570226,0.055555556,0.23570226
26_04_05.bmp,3.2777777777777777,0.166666667,0.383482494,0.111111111,0.323380833,0.333333333,0.48507125,0.055555556,0.23570226,0.055555556,0.23570226,0.111111111,0.323380833,0.055555556,0.23570226
12_02_04.bmp,1.7222222222222223,0.111111111,0.323380833,0.944444444,0.23570226,0.055555556,0.23570226,0.0,0.0,0.0,0.0,0.055555556,0.23570226,0.0,0.0
0672.jpg,3.611111111111111,0.055555556,0.23570226,0.166666667,0.383482494,0.055555556,0.23570226,0.111111111,0.323380833,0.277777778,0.460888599,0.111111111,0.323380833,0.055555556,0.23570226
25_14_05.bmp,1.7777777777777777,0.111111111,0.323380833,0.333333333,0.48507125,0.111111111,0.323380833,0.777777778,0.427792632,0.222222222,0.427792632,0.055555556,0.23570226,0.0,0.0
24_15_02.bmp,2.9444444444444446,0.055555556,0.23570226,0.166666667,0.383482494,0.611111111,0.501631326,0.0,0.0,0.055555556,0.23570226,0.0,0.0,0.0,0.0
36_24_01.bmp,2.888888888888889,0.055555556,0.23570226,0.777777778,0.427792632,0.277777778,0.460888599,0.0,0.0,0.0,0.0,0.055555556,0.23570226,0.055555556,0.23570226
30_18_03.bmp,3.055555555555556,0.111111111,0.323380833,0.611111111,0.501631326,0.055555556,0.23570226,0.055555556,0.23570226,0.277777778,0.460888599,0.0,0.0,0.0,0.0
30_05_02.bmp,3.2777777777777777,0.277777778,0.460888599,0.5,0.514495755,0.111111111,0.323380833,0.0,0.0,0.333333333,0.48507125,0.0,0.0,0.0,0.0
37_05_03.bmp,2.7777777777777777,0.333333333,0.48507125,0.777777778,0.427792632,0.055555556,0.23570226,0.055555556,0.23570226,0.055555556,0.23570226,0.055555556,0.23570226,0.0,0.0
12_13_05.bmp,2.2222222222222223,0.0,0.0,0.111111111,0.323380833,0.777777778,0.427792632,0.055555556,0.23570226,0.055555556,0.23570226,0.055555556,0.23570226,0.0,0.0
08_17_03.bmp,2.9444444444444446,0.166666667,0.383482494,0.388888889,0.501631326,0.0,0.0,0.0,0.0,0.166666667,0.383482494,0.111111111,0.323380833,0.333333333,0.48507125
11_15_04.bmp,2.833333333333333,0.055555556,0.23570226,0.277777778,0.460888599,0.111111111,0.323380833,0.444444444,0.511309993,0.277777778,0.460888599,0.055555556,0.23570226,0.0,0.0
08_18_03.bmp,3.333333333333333,0.333333333,0.48507125,0.388888889,0.501631326,0.0,0.0,0.055555556,0.23570226,0.166666667,0.383482494,0.055555556,0.23570226,0.0,0.0
27_18_01.bmp,2.9444444444444446,0.111111111,0.323380833,0.611111111,0.501631326,0.055555556,0.23570226,0.0,0.0,0.388888889,0.501631326,0.055555556,0.23570226,0.055555556,0.23570226
10_25_03.bmp,2.2777777777777777,0.055555556,0.23570226,0.222222222,0.427792632,0.055555556,0.23570226,0.0,0.0,0.277777778,0.460888599,0.111111111,0.323380833,0.944444444,0.23570226
08_18_02.bmp,3.5,0.333333333,0.48507125,0.444444444,0.511309993,0.055555556,0.23570226,0.0,0.0,0.055555556,0.23570226,0.055555556,0.23570226,0.0,0.0
07_04_02.bmp,3.1666666666666665,0.333333333,0.48507125,0.388888889,0.501631326,0.166666667,0.383482494,0.0,0.0,0.111111111,0.323380833,0.055555556,0.23570226,0.055555556,0.23570226
04_09_03.bmp,2.7222222222222223,0.777777778,0.427792632,0.388888889,0.501631326,0.055555556,0.23570226,0.055555556,0.23570226,0.222222222,0.427792632,0.055555556,0.23570226,0.055555556,0.23570226
16_09_04.bmp,2.4444444444444446,0.833333333,0.383482494,0.166666667,0.383482494,0.0,0.0,0.055555556,0.23570226,0.333333333,0.48507125,0.277777778,0.460888599,0.0,0.0
28_14_03.bmp,2.6666666666666665,0.111111111,0.323380833,0.5,0.514495755,0.111111111,0.323380833,0.388888889,0.501631326,0.222222222,0.427792632,0.055555556,0.23570226,0.0,0.0
19_06_03.bmp,2.555555555555556,0.388888889,0.501631326,0.222222222,0.427792632,0.277777778,0.460888599,0.055555556,0.23570226,0.111111111,0.323380833,0.277777778,0.460888599,0.055555556,0.23570226
35_15_04.bmp,2.888888888888889,0.055555556,0.23570226,0.555555556,0.511309993,0.0,0.0,0.166666667,0.383482494,0.0,0.0,0.055555556,0.23570226,0.111111111,0.323380833
10_05_04.bmp,1.9444444444444444,0.388888889,0.501631326,0.777777778,0.427792632,0.0,0.0,0.055555556,0.23570226,0.277777778,0.460888599,0.222222222,0.427792632,0.0,0.0
10_12_03.bmp,2.6666666666666665,0.611111111,0.501631326,0.444444444,0.511309993,0.111111111,0.323380833,0.055555556,0.23570226,0.333333333,0.48507125,0.166666667,0.383482494,0.0,0.0
32_13_01.bmp,2.7777777777777777,0.0,0.0,0.555555556,0.511309993,0.222222222,0.427792632,0.055555556,0.23570226,0.388888889,0.501631326,0.111111111,0.323380833,0.0,0.0
26_09_05.bmp,2.555555555555556,0.666666667,0.48507125,0.222222222,0.427792632,0.055555556,0.23570226,0.055555556,0.23570226,0.055555556,0.23570226,0.0,0.0,0.0,0.0
0686.jpg,2.2222222222222223,0.111111111,0.323380833,0.722222222,0.460888599,0.0,0.0,0.111111111,0.323380833,0.166666667,0.383482494,0.111111111,0.323380833,0.0,0.0
06_22_04.bmp,1.7777777777777777,0.166666667,0.383482494,0.777777778,0.427792632,0.111111111,0.323380833,0.055555556,0.23570226,0.055555556,0.23570226,0.055555556,0.23570226,0.0,0.0
07_17_04.bmp,2.388888888888889,0.111111111,0.323380833,0.555555556,0.511309993,0.055555556,0.23570226,0.0,0.0,0.277777778,0.460888599,0.111111111,0.323380833,0.277777778,0.460888599
19_21_04.bmp,2.1666666666666665,0.111111111,0.323380833,0.333333333,0.48507125,0.166666667,0.383482494,0.611111111,0.501631326,0.111111111,0.323380833,0.111111111,0.323380833,0.0,0.0
28_14_02.bmp,3.1666666666666665,0.111111111,0.323380833,0.388888889,0.501631326,0.055555556,0.23570226,0.166666667,0.383482494,0.277777778,0.460888599,0.111111111,0.323380833,0.0,0.0
15_20_02.bmp,2.7222222222222223,0.333333333,0.48507125,0.333333333,0.48507125,0.222222222,0.427792632,0.277777778,0.460888599,0.166666667,0.383482494,0.0,0.0,0.0,0.0
12_17_03.bmp,2.555555555555556,0.166666667,0.383482494,0.444444444,0.511309993,0.111111111,0.323380833,0.0,0.0,0.111111111,0.323380833,0.111111111,0.323380833,0.333333333,0.48507125
17_25_03.bmp,2.555555555555556,0.0,0.0,0.0,0.0,0.0,0.0,0.055555556,0.23570226,0.166666667,0.383482494,0.111111111,0.323380833,0.777777778,0.427792632
23_12_03.bmp,2.7222222222222223,0.5,0.514495755,0.277777778,0.460888599,0.0,0.0,0.0,0.0,0.277777778,0.460888599,0.111111111,0.323380833,0.0,0.0
30_19_03.bmp,2.7222222222222223,0.277777778,0.460888599,0.444444444,0.511309993,0.444444444,0.511309993,0.055555556,0.23570226,0.277777778,0.460888599,0.055555556,0.23570226,0.0,0.0
11_05_02.bmp,2.888888888888889,0.166666667,0.383482494,0.5,0.514495755,0.0,0.0,0.111111111,0.323380833,0.388888889,0.501631326,0.055555556,0.23570226,0.055555556,0.23570226
1114.jpg,1.4444444444444444,0.0,0.0,0.666666667,0.48507125,0.0,0.0,0.777777778,0.427792632,0.111111111,0.323380833,0.055555556,0.23570226,0.0,0.0
23_12_04.bmp,2.4444444444444446,0.722222222,0.460888599,0.277777778,0.460888599,0.111111111,0.323380833,0.0,0.0,0.222222222,0.427792632,0.055555556,0.23570226,0.0,0.0
22_02_02.bmp,2.555555555555556,0.055555556,0.23570226,0.777777778,0.427792632,0.055555556,0.23570226,0.055555556,0.23570226,0.111111111,0.323380833,0.111111111,0.323380833,0.0,0.0
04_17_05.bmp,2.0,0.111111111,0.323380833,0.666666667,0.48507125,0.166666667,0.383482494,0.0,0.0,0.277777778,0.460888599,0.111111111,0.323380833,0.222222222,0.427792632
27_13_05.bmp,2.7222222222222223,0.111111111,0.323380833,0.166666667,0.383482494,0.888888889,0.323380833,0.0,0.0,0.277777778,0.460888599,0.0,0.0,0.055555556,0.23570226
05_20_05.bmp,1.6666666666666667,0.777777778,0.427792632,0.277777778,0.460888599,0.222222222,0.427792632,0.111111111,0.323380833,0.055555556,0.23570226,0.055555556,0.23570226,0.111111111,0.323380833
03_04_03.bmp,3.4444444444444446,0.388888889,0.501631326,0.166666667,0.383482494,0.166666667,0.383482494,0.055555556,0.23570226,0.111111111,0.323380833,0.166666667,0.383482494,0.055555556,0.23570226
08_11_05.bmp,2.4444444444444446,0.888888889,0.323380833,0.111111111,0.323380833,0.055555556,0.23570226,0.0,0.0,0.055555556,0.23570226,0.055555556,0.23570226,0.0,0.0
1012.jpg,3.6666666666666665,0.111111111,0.323380833,0.222222222,0.427792632,0.0,0.0,0.333333333,0.48507125,0.111111111,0.323380833,0.111111111,0.323380833,0.0,0.0
0219.jpg,2.1666666666666665,0.055555556,0.23570226,0.277777778,0.460888599,0.0,0.0,0.888888889,0.323380833,0.111111111,0.323380833,0.0,0.0,0.0,0.0
26_13_03.bmp,3.7222222222222223,0.111111111,0.323380833,0.111111111,0.323380833,0.111111111,0.323380833,0.0,0.0,0.055555556,0.23570226,0.055555556,0.23570226,0.055555556,0.23570226
19_25_02.bmp,2.5,0.055555556,0.23570226,0.055555556,0.23570226,0.055555556,0.23570226,0.055555556,0.23570226,0.111111111,0.323380833,0.055555556,0.23570226,0.888888889,0.323380833
01365.jpg,3.4444444444444446,0.055555556,0.23570226,0.722222222,0.460888599,0.055555556,0.23570226,0.0,0.0,0.0,0.0,0.0,0.0,0.055555556,0.23570226
13_05_01.bmp,3.4444444444444446,0.222222222,0.427792632,0.444444444,0.511309993,0.055555556,0.23570226,0.0,0.0,0.166666667,0.383482494,0.0,0.0,0.055555556,0.23570226
16_15_01.bmp,2.6666666666666665,0.055555556,0.23570226,0.166666667,0.383482494,0.888888889,0.323380833,0.0,0.0,0.277777778,0.460888599,0.222222222,0.427792632,0.0,0.0
06_23_02.bmp,3.2222222222222223,0.055555556,0.23570226,0.0,0.0,0.055555556,0.23570226,0.777777778,0.427792632,0.0,0.0,0.0,0.0,0.055555556,0.23570226
01153.jpg,4.055555555555555,0.222222222,0.427792632,0.222222222,0.427792632,0.0,0.0,0.055555556,0.23570226,0.333333333,0.48507125,0.0,0.0,0.055555556,0.23570226
14_16_05.bmp,1.5555555555555556,0.222222222,0.427792632,0.888888889,0.323380833,0.0,0.0,0.0,0.0,0.055555556,0.23570226,0.055555556,0.23570226,0.055555556,0.23570226
30_24_01.bmp,3.333333333333333,0.055555556,0.23570226,0.5,0.514495755,0.0,0.0,0.111111111,0.323380833,0.166666667,0.383482494,0.055555556,0.23570226,0.055555556,0.23570226
31_23_02.bmp,2.9444444444444446,0.055555556,0.23570226,0.111111111,0.323380833,0.055555556,0.23570226,0.722222222,0.460888599,0.166666667,0.383482494,0.0,0.0,0.111111111,0.323380833
18_09_05.bmp,2.2222222222222223,0.777777778,0.427792632,0.333333333,0.48507125,0.111111111,0.323380833,0.0,0.0,0.0,0.0,0.0,0.0,0.055555556,0.23570226
30_06_04.bmp,2.2222222222222223,0.333333333,0.48507125,0.222222222,0.427792632,0.222222222,0.427792632,0.111111111,0.323380833,0.333333333,0.48507125,0.166666667,0.383482494,0.0,0.0
0545.jpg,3.2222222222222223,0.055555556,0.23570226,0.333333333,0.48507125,0.0,0.0,0.166666667,0.383482494,0.777777778,0.427792632,0.0,0.0,0.0,0.0
04_24_05.bmp,1.3888888888888888,0.055555556,0.23570226,1.0,0.0,0.166666667,0.383482494,0.0,0.0,0.111111111,0.323380833,0.0,0.0,0.0,0.0
28_16_05.bmp,1.8888888888888888,0.166666667,0.383482494,0.888888889,0.323380833,0.0,0.0,0.055555556,0.23570226,0.166666667,0.383482494,0.0,0.0,0.055555556,0.23570226
31_08_05.bmp,1.8333333333333333,0.333333333,0.48507125,0.722222222,0.460888599,0.0,0.0,0.055555556,0.23570226,0.166666667,0.383482494,0.111111111,0.323380833,0.055555556,0.23570226
0803.jpg,3.555555555555556,0.0,0.0,0.388888889,0.501631326,0.0,0.0,0.0,0.0,0.111111111,0.323380833,0.055555556,0.23570226,0.055555556,0.23570226
06_13_03.bmp,4.0,0.111111111,0.323380833,0.111111111,0.323380833,0.333333333,0.48507125,0.0,0.0,0.055555556,0.23570226,0.0,0.0,0.055555556,0.23570226
0973.jpg,2.9444444444444446,0.111111111,0.323380833,0.5,0.514495755,0.0,0.0,0.611111111,0.501631326,0.222222222,0.427792632,0.0,0.0,0.055555556,0.23570226
18_11_01.bmp,3.0,0.444444444,0.511309993,0.388888889,0.501631326,0.111111111,0.323380833,0.0,0.0,0.055555556,0.23570226,0.111111111,0.323380833,0.055555556,0.23570226
31_07_03.bmp,2.0,0.055555556,0.23570226,0.833333333,0.383482494,0.0,0.0,0.0,0.0,0.111111111,0.323380833,0.055555556,0.23570226,0.111111111,0.323380833
16_20_05.bmp,1.7777777777777777,0.555555556,0.511309993,0.166666667,0.383482494,0.333333333,0.48507125,0.222222222,0.427792632,0.277777778,0.460888599,0.277777778,0.460888599,0.055555556,0.23570226
12_19_03.bmp,3.111111111111111,0.111111111,0.323380833,0.277777778,0.460888599,0.333333333,0.48507125,0.0,0.0,0.055555556,0.23570226,0.0,0.0,0.111111111,0.323380833
17_22_02.bmp,2.388888888888889,0.222222222,0.427792632,0.666666667,0.48507125,0.111111111,0.323380833,0.055555556,0.23570226,0.222222222,0.427792632,0.0,0.0,0.0,0.0
28_23_04.bmp,2.333333333333333,0.0,0.0,0.277777778,0.460888599,0.0,0.0,0.722222222,0.460888599,0.166666667,0.383482494,0.0,0.0,0.055555556,0.23570226
0680.jpg,3.333333333333333,0.055555556,0.23570226,0.277777778,0.460888599,0.055555556,0.23570226,0.111111111,0.323380833,0.277777778,0.460888599,0.055555556,0.23570226,0.111111111,0.323380833
20_03_03.bmp,2.5,0.0,0.0,0.833333333,0.383482494,0.111111111,0.323380833,0.0,0.0,0.111111111,0.323380833,0.111111111,0.323380833,0.0,0.0
24_20_03.bmp,2.2777777777777777,0.444444444,0.511309993,0.388888889,0.501631326,0.111111111,0.323380833,0.055555556,0.23570226,0.055555556,0.23570226,0.0,0.0,0.055555556,0.23570226
35_24_02.bmp,2.2777777777777777,0.055555556,0.23570226,0.833333333,0.383482494,0.166666667,0.383482494,0.055555556,0.23570226,0.055555556,0.23570226,0.0,0.0,0.0,0.0
0164.jpg,2.4444444444444446,0.111111111,0.323380833,0.611111111,0.501631326,0.888888889,0.323380833,0.0,0.0,0.111111111,0.323380833,0.0,0.0,0.055555556,0.23570226
32_24_05.bmp,1.5,0.0,0.0,0.888888889,0.323380833,0.055555556,0.23570226,0.055555556,0.23570226,0.277777778,0.460888599,0.0,0.0,0.0,0.0
04_10_01.bmp,3.111111111111111,0.611111111,0.501631326,0.444444444,0.511309993,0.055555556,0.23570226,0.0,0.0,0.166666667,0.383482494,0.0,0.0,0.055555556,0.23570226
0906.jpg,3.8333333333333335,0.111111111,0.323380833,0.5,0.514495755,0.0,0.0,0.055555556,0.23570226,0.166666667,0.383482494,0.0,0.0,0.055555556,0.23570226
0604.jpg,3.388888888888889,0.055555556,0.23570226,0.333333333,0.48507125,0.0,0.0,0.166666667,0.383482494,0.277777778,0.460888599,0.0,0.0,0.0,0.0
27_18_05.bmp,1.7777777777777777,0.222222222,0.427792632,0.722222222,0.460888599,0.0,0.0,0.0,0.0,0.333333333,0.48507125,0.055555556,0.23570226,0.111111111,0.323380833
03_17_03.bmp,2.7777777777777777,0.055555556,0.23570226,0.444444444,0.511309993,0.0,0.0,0.111111111,0.323380833,0.277777778,0.460888599,0.166666667,0.383482494,0.277777778,0.460888599
0789.jpg,3.6666666666666665,0.111111111,0.323380833,0.444444444,0.511309993,0.0,0.0,0.055555556,0.23570226,0.055555556,0.23570226,0.111111111,0.323380833,0.055555556,0.23570226
26_07_04.bmp,1.7777777777777777,0.055555556,0.23570226,0.777777778,0.427792632,0.055555556,0.23570226,0.055555556,0.23570226,0.055555556,0.23570226,0.111111111,0.323380833,0.0,0.0
24_10_05.bmp,1.9444444444444444,0.777777778,0.427792632,0.333333333,0.48507125,0.055555556,0.23570226,0.0,0.0,0.111111111,0.323380833,0.0,0.0,0.0,0.0
37_19_04.bmp,2.2222222222222223,0.277777778,0.460888599,0.5,0.514495755,0.555555556,0.511309993,0.055555556,0.23570226,0.166666667,0.383482494,0.055555556,0.23570226,0.0,0.0
29_10_04.bmp,2.6666666666666665,0.833333333,0.383482494,0.166666667,0.383482494,0.0,0.0,0.0,0.0,0.111111111,0.323380833,0.166666667,0.383482494,0.0,0.0
01489.jpg,3.5,0.111111111,0.323380833,0.611111111,0.501631326,0.166666667,0.383482494,0.0,0.0,0.0,0.0,0.0,0.0,0.0,0.0
21_25_01.bmp,3.055555555555556,0.055555556,0.23570226,0.111111111,0.323380833,0.0,0.0,0.0,0.0,0.0,0.0,0.0,0.0,0.944444444,0.23570226
01_19_03.bmp,3.111111111111111,0.055555556,0.23570226,0.666666667,0.48507125,0.111111111,0.323380833,0.0,0.0,0.0,0.0,0.0,0.0,0.055555556,0.23570226
32_12_01.bmp,2.7222222222222223,0.166666667,0.383482494,0.444444444,0.511309993,0.055555556,0.23570226,0.111111111,0.323380833,0.333333333,0.48507125,0.055555556,0.23570226,0.0,0.0
30_21_05.bmp,2.055555555555556,0.055555556,0.23570226,0.277777778,0.460888599,0.055555556,0.23570226,0.722222222,0.460888599,0.166666667,0.383482494,0.055555556,0.23570226,0.0,0.0
0903.jpg,3.611111111111111,0.166666667,0.383482494,0.444444444,0.511309993,0.055555556,0.23570226,0.0,0.0,0.277777778,0.460888599,0.0,0.0,0.0,0.0
23_05_03.bmp,2.2222222222222223,0.333333333,0.48507125,0.666666667,0.48507125,0.055555556,0.23570226,0.0,0.0,0.277777778,0.460888599,0.166666667,0.383482494,0.0,0.0
13_20_03.bmp,2.4444444444444446,0.5,0.514495755,0.111111111,0.323380833,0.166666667,0.383482494,0.222222222,0.427792632,0.111111111,0.323380833,0.0,0.0,0.055555556,0.23570226
1062.jpg,3.7222222222222223,0.111111111,0.323380833,0.444444444,0.511309993,0.0,0.0,0.277777778,0.460888599,0.055555556,0.23570226,0.0,0.0,0.111111111,0.323380833
15_20_03.bmp,2.388888888888889,0.444444444,0.511309993,0.277777778,0.460888599,0.166666667,0.383482494,0.388888889,0.501631326,0.222222222,0.427792632,0.055555556,0.23570226,0.0,0.0
16_03_03.bmp,2.388888888888889,0.0,0.0,0.722222222,0.460888599,0.055555556,0.23570226,0.055555556,0.23570226,0.388888889,0.501631326,0.444444444,0.511309993,0.0,0.0
17_23_04.bmp,2.555555555555556,0.0,0.0,0.111111111,0.323380833,0.0,0.0,0.722222222,0.460888599,0.277777778,0.460888599,0.055555556,0.23570226,0.055555556,0.23570226
37_09_05.bmp,2.333333333333333,0.888888889,0.323380833,0.277777778,0.460888599,0.0,0.0,0.0,0.0,0.055555556,0.23570226,0.055555556,0.23570226,0.055555556,0.23570226
25_09_01.bmp,2.9444444444444446,0.666666667,0.48507125,0.444444444,0.511309993,0.166666667,0.383482494,0.0,0.0,0.111111111,0.323380833,0.0,0.0,0.055555556,0.23570226
36_04_05.bmp,2.2222222222222223,0.333333333,0.48507125,0.388888889,0.501631326,0.333333333,0.48507125,0.055555556,0.23570226,0.055555556,0.23570226,0.166666667,0.383482494,0.111111111,0.323380833
30_07_04.bmp,2.111111111111111,0.277777778,0.460888599,0.722222222,0.460888599,0.055555556,0.23570226,0.0,0.0,0.333333333,0.48507125,0.055555556,0.23570226,0.0,0.0
0054.jpg,2.2777777777777777,0.111111111,0.323380833,0.611111111,0.501631326,0.944444444,0.23570226,0.0,0.0,0.0,0.0,0.0,0.0,0.055555556,0.23570226
09_19_03.bmp,2.9444444444444446,0.333333333,0.48507125,0.5,0.514495755,0.333333333,0.48507125,0.0,0.0,0.166666667,0.383482494,0.055555556,0.23570226,0.0,0.0
18_08_05.bmp,2.111111111111111,0.277777778,0.460888599,0.555555556,0.511309993,0.055555556,0.23570226,0.055555556,0.23570226,0.055555556,0.23570226,0.055555556,0.23570226,0.055555556,0.23570226
01_01_04.bmp,2.055555555555556,0.166666667,0.383482494,1.0,0.0,0.111111111,0.323380833,0.0,0.0,0.0,0.0,0.0,0.0,0.055555556,0.23570226
0861.jpg,3.555555555555556,0.166666667,0.383482494,0.444444444,0.511309993,0.0,0.0,0.0,0.0,0.166666667,0.383482494,0.0,0.0,0.0,0.0
30_22_03.bmp,2.5,0.111111111,0.323380833,0.777777778,0.427792632,0.055555556,0.23570226,0.111111111,0.323380833,0.277777778,0.460888599,0.055555556,0.23570226,0.0,0.0
1067.jpg,3.333333333333333,0.111111111,0.323380833,0.444444444,0.511309993,0.055555556,0.23570226,0.277777778,0.460888599,0.111111111,0.323380833,0.055555556,0.23570226,0.055555556,0.23570226
06_07_02.bmp,2.9444444444444446,0.5,0.514495755,0.444444444,0.511309993,0.055555556,0.23570226,0.055555556,0.23570226,0.0,0.0,0.055555556,0.23570226,0.111111111,0.323380833
18_05_03.bmp,2.333333333333333,0.333333333,0.48507125,0.611111111,0.501631326,0.166666667,0.383482494,0.055555556,0.23570226,0.055555556,0.23570226,0.0,0.0,0.111111111,0.323380833
0795.jpg,3.5,0.055555556,0.23570226,0.611111111,0.501631326,0.0,0.0,0.111111111,0.323380833,0.222222222,0.427792632,0.0,0.0,0.0,0.0
0062.jpg,3.0,0.111111111,0.323380833,0.444444444,0.511309993,0.333333333,0.48507125,0.055555556,0.23570226,0.277777778,0.460888599,0.0,0.0,0.0,0.0
21_03_05.bmp,1.3888888888888888,0.0,0.0,0.888888889,0.323380833,0.0,0.0,0.055555556,0.23570226,0.055555556,0.23570226,0.0,0.0,0.0,0.0
34_10_02.bmp,3.111111111111111,0.444444444,0.511309993,0.333333333,0.48507125,0.222222222,0.427792632,0.055555556,0.23570226,0.0,0.0,0.0,0.0,0.055555556,0.23570226
01_14_05.bmp,2.5,0.166666667,0.383482494,0.5,0.514495755,0.222222222,0.427792632,0.111111111,0.323380833,0.055555556,0.23570226,0.111111111,0.323380833,0.0,0.0
36_06_01.bmp,3.2222222222222223,0.111111111,0.323380833,0.555555556,0.511309993,0.111111111,0.323380833,0.055555556,0.23570226,0.055555556,0.23570226,0.0,0.0,0.055555556,0.23570226
20_01_03.bmp,2.555555555555556,0.0,0.0,0.666666667,0.48507125,0.055555556,0.23570226,0.055555556,0.23570226,0.166666667,0.383482494,0.111111111,0.323380833,0.0,0.0
0896.jpg,3.7777777777777777,0.111111111,0.323380833,0.555555556,0.511309993,0.0,0.0,0.055555556,0.23570226,0.111111111,0.323380833,0.0,0.0,0.0,0.0
06_14_05.bmp,2.111111111111111,0.333333333,0.48507125,0.333333333,0.48507125,0.055555556,0.23570226,0.666666667,0.48507125,0.055555556,0.23570226,0.166666667,0.383482494,0.055555556,0.23570226
27_08_03.bmp,2.5,0.166666667,0.383482494,0.611111111,0.501631326,0.055555556,0.23570226,0.0,0.0,0.5,0.514495755,0.0,0.0,0.055555556,0.23570226
20_09_03.bmp,2.611111111111111,0.777777778,0.427792632,0.333333333,0.48507125,0.111111111,0.323380833,0.0,0.0,0.055555556,0.23570226,0.055555556,0.23570226,0.0,0.0
33_14_04.bmp,1.7777777777777777,0.111111111,0.323380833,0.333333333,0.48507125,0.055555556,0.23570226,0.888888889,0.323380833,0.333333333,0.48507125,0.055555556,0.23570226,0.0,0.0
28_20_04.bmp,2.1666666666666665,0.666666667,0.48507125,0.611111111,0.501631326,0.111111111,0.323380833,0.055555556,0.23570226,0.166666667,0.383482494,0.055555556,0.23570226,0.0,0.0
01351.jpg,3.055555555555556,0.0,0.0,0.777777778,0.427792632,0.166666667,0.383482494,0.0,0.0,0.0,0.0,0.0,0.0,0.0,0.0
0477.jpg,3.1666666666666665,0.111111111,0.323380833,0.5,0.514495755,0.0,0.0,0.166666667,0.383482494,0.666666667,0.48507125,0.0,0.0,0.055555556,0.23570226
32_25_02.bmp,2.4444444444444446,0.111111111,0.323380833,0.222222222,0.427792632,0.055555556,0.23570226,0.0,0.0,0.277777778,0.460888599,0.111111111,0.323380833,0.833333333,0.383482494
05_12_05.bmp,1.7777777777777777,0.833333333,0.383482494,0.333333333,0.48507125,0.166666667,0.383482494,0.0,0.0,0.055555556,0.23570226,0.055555556,0.23570226,0.111111111,0.323380833
21_15_04.bmp,3.111111111111111,0.055555556,0.23570226,0.333333333,0.48507125,0.0,0.0,0.111111111,0.323380833,0.055555556,0.23570226,0.0,0.0,0.055555556,0.23570226
25_13_05.bmp,1.8333333333333333,0.055555556,0.23570226,0.166666667,0.383482494,0.888888889,0.323380833,0.0,0.0,0.111111111,0.323380833,0.0,0.0,0.0,0.0
0222.jpg,2.055555555555556,0.111111111,0.323380833,0.388888889,0.501631326,0.0,0.0,0.833333333,0.383482494,0.166666667,0.383482494,0.0,0.0,0.0,0.0
0314.jpg,2.555555555555556,0.111111111,0.323380833,0.888888889,0.323380833,0.0,0.0,0.111111111,0.323380833,0.222222222,0.427792632,0.0,0.0,0.055555556,0.23570226
0470.jpg,3.2777777777777777,0.055555556,0.23570226,0.388888889,0.501631326,0.0,0.0,0.111111111,0.323380833,0.611111111,0.501631326,0.0,0.0,0.0,0.0
37_08_03.bmp,2.9444444444444446,0.388888889,0.501631326,0.611111111,0.501631326,0.111111111,0.323380833,0.0,0.0,0.111111111,0.323380833,0.111111111,0.323380833,0.0,0.0
37_22_05.bmp,1.7222222222222223,0.277777778,0.460888599,0.888888889,0.323380833,0.0,0.0,0.111111111,0.323380833,0.055555556,0.23570226,0.055555556,0.23570226,0.0,0.0
0731.jpg,3.8333333333333335,0.111111111,0.323380833,0.166666667,0.383482494,0.0,0.0,0.0,0.0,0.277777778,0.460888599,0.111111111,0.323380833,0.055555556,0.23570226
0119.jpg,2.388888888888889,0.055555556,0.23570226,0.277777778,0.460888599,0.944444444,0.23570226,0.0,0.0,0.166666667,0.383482494,0.0,0.0,0.055555556,0.23570226
01_12_05.bmp,1.8333333333333333,0.777777778,0.427792632,0.666666667,0.48507125,0.111111111,0.323380833,0.055555556,0.23570226,0.055555556,0.23570226,0.0,0.0,0.111111111,0.323380833
32_09_03.bmp,2.6666666666666665,0.555555556,0.511309993,0.333333333,0.48507125,0.111111111,0.323380833,0.055555556,0.23570226,0.333333333,0.48507125,0.055555556,0.23570226,0.0,0.0
35_16_04.bmp,1.7222222222222223,0.222222222,0.427792632,0.888888889,0.323380833,0.055555556,0.23570226,0.055555556,0.23570226,0.0,0.0,0.0,0.0,0.0,0.0
34_16_03.bmp,2.6666666666666665,0.166666667,0.383482494,0.5,0.514495755,0.055555556,0.23570226,0.388888889,0.501631326,0.055555556,0.23570226,0.0,0.0,0.0,0.0
01297.jpg,3.5,0.277777778,0.460888599,0.277777778,0.460888599,0.055555556,0.23570226,0.0,0.0,0.277777778,0.460888599,0.166666667,0.383482494,0.0,0.0
22_06_02.bmp,2.7222222222222223,0.388888889,0.501631326,0.444444444,0.511309993,0.222222222,0.427792632,0.0,0.0,0.166666667,0.383482494,0.222222222,0.427792632,0.0,0.0
16_03_02.bmp,2.833333333333333,0.055555556,0.23570226,0.5,0.514495755,0.0,0.0,0.0,0.0,0.277777778,0.460888599,0.388888889,0.501631326,0.0,0.0
16_14_03.bmp,2.888888888888889,0.055555556,0.23570226,0.111111111,0.323380833,0.166666667,0.383482494,0.5,0.514495755,0.277777778,0.460888599,0.388888889,0.501631326,0.0,0.0
01368.jpg,3.2777777777777777,0.055555556,0.23570226,0.666666667,0.48507125,0.111111111,0.323380833,0.0,0.0,0.0,0.0,0.0,0.0,0.055555556,0.23570226
16_07_02.bmp,2.833333333333333,0.222222222,0.427792632,0.611111111,0.501631326,0.0,0.0,0.055555556,0.23570226,0.388888889,0.501631326,0.388888889,0.501631326,0.0,0.0
03_13_02.bmp,3.888888888888889,0.166666667,0.383482494,0.111111111,0.323380833,0.222222222,0.427792632,0.0,0.0,0.111111111,0.323380833,0.055555556,0.23570226,0.055555556,0.23570226
06_01_04.bmp,2.1666666666666665,0.0,0.0,0.888888889,0.323380833,0.111111111,0.323380833,0.055555556,0.23570226,0.0,0.0,0.055555556,0.23570226,0.055555556,0.23570226
12_10_01.bmp,3.388888888888889,0.444444444,0.511309993,0.333333333,0.48507125,0.055555556,0.23570226,0.0,0.0,0.0,0.0,0.0,0.0,0.055555556,0.23570226
12_01_04.bmp,2.2777777777777777,0.0,0.0,0.888888889,0.323380833,0.111111111,0.323380833,0.0,0.0,0.055555556,0.23570226,0.0,0.0,0.055555556,0.23570226
0100.jpg,2.611111111111111,0.0,0.0,0.5,0.514495755,1.0,0.0,0.0,0.0,0.0,0.0,0.0,0.0,0.055555556,0.23570226
21_22_02.bmp,2.555555555555556,0.222222222,0.427792632,0.777777778,0.427792632,0.055555556,0.23570226,0.0,0.0,0.0,0.0,0.0,0.0,0.055555556,0.23570226
35_21_02.bmp,1.6666666666666667,0.055555556,0.23570226,0.166666667,0.383482494,1.0,0.0,0.055555556,0.23570226,0.0,0.0,0.055555556,0.23570226,0.055555556,0.23570226
03_18_04.bmp,2.9444444444444446,0.277777778,0.460888599,0.5,0.514495755,0.0,0.0,0.055555556,0.23570226,0.166666667,0.383482494,0.055555556,0.23570226,0.055555556,0.23570226
0829.jpg,3.555555555555556,0.055555556,0.23570226,0.444444444,0.511309993,0.0,0.0,0.0,0.0,0.222222222,0.427792632,0.055555556,0.23570226,0.055555556,0.23570226
23_17_04.bmp,2.5,0.111111111,0.323380833,0.5,0.514495755,0.0,0.0,0.055555556,0.23570226,0.333333333,0.48507125,0.111111111,0.323380833,0.111111111,0.323380833
0386.jpg,3.111111111111111,0.055555556,0.23570226,0.722222222,0.460888599,0.0,0.0,0.055555556,0.23570226,0.055555556,0.23570226,0.0,0.0,0.0,0.0
17_18_02.bmp,2.7222222222222223,0.222222222,0.427792632,0.777777778,0.427792632,0.0,0.0,0.0,0.0,0.222222222,0.427792632,0.166666667,0.383482494,0.0,0.0
11_14_05.bmp,1.3333333333333333,0.055555556,0.23570226,0.111111111,0.323380833,0.111111111,0.323380833,0.777777778,0.427792632,0.222222222,0.427792632,0.055555556,0.23570226,0.055555556,0.23570226
24_01_01.bmp,3.555555555555556,0.055555556,0.23570226,0.444444444,0.511309993,0.166666667,0.383482494,0.0,0.0,0.0,0.0,0.0,0.0,0.055555556,0.23570226
22_15_01.bmp,2.388888888888889,0.055555556,0.23570226,0.277777778,0.460888599,0.888888889,0.323380833,0.0,0.0,0.111111111,0.323380833,0.111111111,0.323380833,0.055555556,0.23570226
1087.jpg,2.611111111111111,0.0,0.0,0.055555556,0.23570226,0.0,0.0,0.0,0.0,0.388888889,0.501631326,0.833333333,0.383482494,0.111111111,0.323380833
07_10_03.bmp,2.555555555555556,0.833333333,0.383482494,0.333333333,0.48507125,0.055555556,0.23570226,0.0,0.0,0.166666667,0.383482494,0.0,0.0,0.0,0.0
36_20_05.bmp,1.8333333333333333,0.555555556,0.511309993,0.5,0.514495755,0.055555556,0.23570226,0.111111111,0.323380833,0.055555556,0.23570226,0.055555556,0.23570226,0.0,0.0
23_08_02.bmp,2.833333333333333,0.333333333,0.48507125,0.5,0.514495755,0.055555556,0.23570226,0.055555556,0.23570226,0.166666667,0.383482494,0.111111111,0.323380833,0.0,0.0
13_02_01.bmp,3.6666666666666665,0.111111111,0.323380833,0.5,0.514495755,0.111111111,0.323380833,0.0,0.0,0.166666667,0.383482494,0.0,0.0,0.055555556,0.23570226
21_18_03.bmp,2.055555555555556,0.111111111,0.323380833,0.777777778,0.427792632,0.0,0.0,0.055555556,0.23570226,0.055555556,0.23570226,0.111111111,0.323380833,0.0,0.0
01454.jpg,3.333333333333333,0.0,0.0,0.777777778,0.427792632,0.166666667,0.383482494,0.0,0.0,0.0,0.0,0.0,0.0,0.0,0.0
01275.jpg,3.111111111111111,0.333333333,0.48507125,0.666666667,0.48507125,0.0,0.0,0.055555556,0.23570226,0.166666667,0.383482494,0.0,0.0,0.0,0.0
28_01_03.bmp,2.7777777777777777,0.055555556,0.23570226,0.722222222,0.460888599,0.166666667,0.383482494,0.0,0.0,0.166666667,0.383482494,0.0,0.0,0.0,0.0
07_06_05.bmp,1.6666666666666667,0.5,0.514495755,0.388888889,0.501631326,0.388888889,0.501631326,0.0,0.0,0.055555556,0.23570226,0.166666667,0.383482494,0.055555556,0.23570226
12_20_04.bmp,2.111111111111111,0.388888889,0.501631326,0.277777778,0.460888599,0.277777778,0.460888599,0.277777778,0.460888599,0.055555556,0.23570226,0.055555556,0.23570226,0.0,0.0
1124.jpg,2.888888888888889,0.0,0.0,0.388888889,0.501631326,0.055555556,0.23570226,0.0,0.0,0.666666667,0.48507125,0.277777778,0.460888599,0.055555556,0.23570226
01221.jpg,3.055555555555556,0.333333333,0.48507125,0.555555556,0.511309993,0.055555556,0.23570226,0.055555556,0.23570226,0.611111111,0.501631326,0.0,0.0,0.055555556,0.23570226
14_09_04.bmp,2.2777777777777777,0.833333333,0.383482494,0.222222222,0.427792632,0.111111111,0.323380833,0.055555556,0.23570226,0.055555556,0.23570226,0.055555556,0.23570226,0.0,0.0
22_21_01.bmp,2.6666666666666665,0.055555556,0.23570226,0.333333333,0.48507125,0.722222222,0.460888599,0.0,0.0,0.111111111,0.323380833,0.0,0.0,0.0,0.0
19_25_04.bmp,2.111111111111111,0.111111111,0.323380833,0.055555556,0.23570226,0.055555556,0.23570226,0.0,0.0,0.055555556,0.23570226,0.111111111,0.323380833,0.833333333,0.383482494
0745.jpg,2.9444444444444446,0.111111111,0.323380833,0.666666667,0.48507125,0.055555556,0.23570226,0.0,0.0,0.0,0.0,0.111111111,0.323380833,0.055555556,0.23570226
24_10_03.bmp,2.6666666666666665,0.722222222,0.460888599,0.333333333,0.48507125,0.111111111,0.323380833,0.055555556,0.23570226,0.055555556,0.23570226,0.0,0.0,0.0,0.0
29_07_05.bmp,1.3333333333333333,0.166666667,0.383482494,0.722222222,0.460888599,0.0,0.0,0.0,0.0,0.166666667,0.383482494,0.111111111,0.323380833,0.0,0.0
1068.jpg,3.555555555555556,0.166666667,0.383482494,0.388888889,0.501631326,0.055555556,0.23570226,0.166666667,0.383482494,0.111111111,0.323380833,0.222222222,0.427792632,0.055555556,0.23570226
01_02_01.bmp,3.055555555555556,0.111111111,0.323380833,0.666666667,0.48507125,0.111111111,0.323380833,0.0,0.0,0.0,0.0,0.055555556,0.23570226,0.055555556,0.23570226
10_07_05.bmp,1.4444444444444444,0.111111111,0.323380833,0.888888889,0.323380833,0.0,0.0,0.0,0.0,0.166666667,0.383482494,0.111111111,0.323380833,0.0,0.0
31_09_05.bmp,2.2777777777777777,0.777777778,0.427792632,0.222222222,0.427792632,0.111111111,0.323380833,0.0,0.0,0.166666667,0.383482494,0.0,0.0,0.055555556,0.23570226
32_18_01.bmp,2.555555555555556,0.111111111,0.323380833,0.555555556,0.511309993,0.111111111,0.323380833,0.0,0.0,0.444444444,0.511309993,0.222222222,0.427792632,0.055555556,0.23570226
0515.jpg,2.5,0.0,0.0,0.5,0.514495755,0.0,0.0,0.5,0.514495755,0.666666667,0.48507125,0.055555556,0.23570226,0.055555556,0.23570226
34_23_01.bmp,3.0,0.055555556,0.23570226,0.166666667,0.383482494,0.111111111,0.323380833,0.722222222,0.460888599,0.0,0.0,0.0,0.0,0.166666667,0.383482494
02_14_04.bmp,2.0,0.111111111,0.323380833,0.388888889,0.501631326,0.0,0.0,0.888888889,0.323380833,0.388888889,0.501631326,0.111111111,0.323380833,0.0,0.0
28_23_01.bmp,2.9444444444444446,0.055555556,0.23570226,0.222222222,0.427792632,0.0,0.0,0.777777778,0.427792632,0.111111111,0.323380833,0.055555556,0.23570226,0.055555556,0.23570226
37_01_02.bmp,3.555555555555556,0.055555556,0.23570226,0.555555556,0.511309993,0.0,0.0,0.055555556,0.23570226,0.055555556,0.23570226,0.055555556,0.23570226,0.0,0.0
24_24_01.bmp,3.2222222222222223,0.111111111,0.323380833,0.611111111,0.501631326,0.111111111,0.323380833,0.0,0.0,0.055555556,0.23570226,0.0,0.0,0.0,0.0
18_05_01.bmp,3.2222222222222223,0.222222222,0.427792632,0.555555556,0.511309993,0.055555556,0.23570226,0.0,0.0,0.0,0.0,0.055555556,0.23570226,0.055555556,0.23570226
18_09_01.bmp,3.111111111111111,0.777777778,0.427792632,0.222222222,0.427792632,0.055555556,0.23570226,0.055555556,0.23570226,0.0,0.0,0.055555556,0.23570226,0.111111111,0.323380833
1073.jpg,3.2222222222222223,0.055555556,0.23570226,0.444444444,0.511309993,0.0,0.0,0.388888889,0.501631326,0.111111111,0.323380833,0.055555556,0.23570226,0.055555556,0.23570226
27_14_03.bmp,2.2777777777777777,0.0,0.0,0.333333333,0.48507125,0.055555556,0.23570226,0.777777778,0.427792632,0.388888889,0.501631326,0.055555556,0.23570226,0.0,0.0
37_25_03.bmp,2.4444444444444446,0.0,0.0,0.166666667,0.383482494,0.0,0.0,0.055555556,0.23570226,0.055555556,0.23570226,0.111111111,0.323380833,0.944444444,0.23570226
26_19_04.bmp,4.111111111111111,0.055555556,0.23570226,0.222222222,0.427792632,0.166666667,0.383482494,0.0,0.0,0.0,0.0,0.055555556,0.23570226,0.0,0.0
14_03_02.bmp,3.1666666666666665,0.055555556,0.23570226,0.722222222,0.460888599,0.111111111,0.323380833,0.0,0.0,0.055555556,0.23570226,0.055555556,0.23570226,0.055555556,0.23570226
36_10_01.bmp,3.2222222222222223,0.166666667,0.383482494,0.5,0.514495755,0.166666667,0.383482494,0.0,0.0,0.055555556,0.23570226,0.0,0.0,0.055555556,0.23570226
01303.jpg,3.2222222222222223,0.222222222,0.427792632,0.333333333,0.48507125,0.055555556,0.23570226,0.111111111,0.323380833,0.722222222,0.460888599,0.0,0.0,0.0,0.0
19_25_03.bmp,2.388888888888889,0.0,0.0,0.111111111,0.323380833,0.055555556,0.23570226,0.0,0.0,0.111111111,0.323380833,0.055555556,0.23570226,0.888888889,0.323380833
08_05_01.bmp,4.055555555555555,0.111111111,0.323380833,0.111111111,0.323380833,0.055555556,0.23570226,0.111111111,0.323380833,0.166666667,0.383482494,0.0,0.0,0.055555556,0.23570226
03_24_03.bmp,2.611111111111111,0.055555556,0.23570226,0.888888889,0.323380833,0.0,0.0,0.0,0.0,0.055555556,0.23570226,0.0,0.0,0.055555556,0.23570226
0664.jpg,3.388888888888889,0.111111111,0.323380833,0.611111111,0.501631326,0.0,0.0,0.111111111,0.323380833,0.055555556,0.23570226,0.0,0.0,0.055555556,0.23570226
01_03_05.bmp,1.7222222222222223,0.0,0.0,0.833333333,0.383482494,0.111111111,0.323380833,0.0,0.0,0.055555556,0.23570226,0.0,0.0,0.055555556,0.23570226
13_08_02.bmp,3.388888888888889,0.222222222,0.427792632,0.444444444,0.511309993,0.055555556,0.23570226,0.055555556,0.23570226,0.166666667,0.383482494,0.0,0.0,0.111111111,0.323380833
22_10_03.bmp,2.4444444444444446,0.777777778,0.427792632,0.333333333,0.48507125,0.0,0.0,0.0,0.0,0.222222222,0.427792632,0.166666667,0.383482494,0.0,0.0
13_12_04.bmp,2.611111111111111,0.777777778,0.427792632,0.222222222,0.427792632,0.055555556,0.23570226,0.0,0.0,0.277777778,0.460888599,0.0,0.0,0.055555556,0.23570226
17_02_01.bmp,3.2777777777777777,0.0,0.0,0.555555556,0.511309993,0.055555556,0.23570226,0.0,0.0,0.222222222,0.427792632,0.055555556,0.23570226,0.111111111,0.323380833
0425.jpg,2.333333333333333,0.0,0.0,0.888888889,0.323380833,0.0,0.0,0.111111111,0.323380833,0.055555556,0.23570226,0.0,0.0,0.055555556,0.23570226
18_03_02.bmp,2.888888888888889,0.111111111,0.323380833,0.666666667,0.48507125,0.111111111,0.323380833,0.0,0.0,0.0,0.0,0.055555556,0.23570226,0.111111111,0.323380833
13_10_01.bmp,3.333333333333333,0.388888889,0.501631326,0.333333333,0.48507125,0.111111111,0.323380833,0.055555556,0.23570226,0.111111111,0.323380833,0.055555556,0.23570226,0.055555556,0.23570226
02_04_03.bmp,3.055555555555556,0.222222222,0.427792632,0.222222222,0.427792632,0.222222222,0.427792632,0.0,0.0,0.555555556,0.511309993,0.166666667,0.383482494,0.055555556,0.23570226
27_24_02.bmp,2.833333333333333,0.111111111,0.323380833,0.666666667,0.48507125,0.0,0.0,0.0,0.0,0.388888889,0.501631326,0.111111111,0.323380833,0.055555556,0.23570226
01229.jpg,2.888888888888889,0.388888889,0.501631326,0.777777778,0.427792632,0.0,0.0,0.111111111,0.323380833,0.055555556,0.23570226,0.0,0.0,0.055555556,0.23570226
31_02_03.bmp,2.111111111111111,0.0,0.0,0.944444444,0.23570226,0.0,0.0,0.0,0.0,0.166666667,0.383482494,0.055555556,0.23570226,0.055555556,0.23570226
12_08_05.bmp,1.8888888888888888,0.444444444,0.511309993,0.666666667,0.48507125,0.111111111,0.323380833,0.055555556,0.23570226,0.0,0.0,0.0,0.0,0.055555556,0.23570226
33_23_01.bmp,2.833333333333333,0.055555556,0.23570226,0.166666667,0.383482494,0.0,0.0,0.722222222,0.460888599,0.388888889,0.501631326,0.0,0.0,0.111111111,0.323380833
21_15_01.bmp,2.555555555555556,0.055555556,0.23570226,0.277777778,0.460888599,0.777777778,0.427792632,0.0,0.0,0.0,0.0,0.0,0.0,0.111111111,0.323380833
23_24_05.bmp,1.3333333333333333,0.0,0.0,0.944444444,0.23570226,0.055555556,0.23570226,0.0,0.0,0.166666667,0.383482494,0.0,0.0,0.055555556,0.23570226
25_16_01.bmp,3.111111111111111,0.111111111,0.323380833,0.444444444,0.511309993,0.222222222,0.427792632,0.055555556,0.23570226,0.166666667,0.383482494,0.0,0.0,0.055555556,0.23570226
01193.jpg,3.611111111111111,0.277777778,0.460888599,0.5,0.514495755,0.055555556,0.23570226,0.111111111,0.323380833,0.388888889,0.501631326,0.055555556,0.23570226,0.0,0.0
14_18_05.bmp,1.5555555555555556,0.055555556,0.23570226,0.888888889,0.323380833,0.111111111,0.323380833,0.055555556,0.23570226,0.0,0.0,0.055555556,0.23570226,0.055555556,0.23570226
0946.jpg,2.833333333333333,0.111111111,0.323380833,0.5,0.514495755,0.055555556,0.23570226,0.666666667,0.48507125,0.166666667,0.383482494,0.0,0.0,0.055555556,0.23570226
33_16_05.bmp,1.9444444444444444,0.166666667,0.383482494,0.944444444,0.23570226,0.055555556,0.23570226,0.0,0.0,0.333333333,0.48507125,0.0,0.0,0.0,0.0
16_11_01.bmp,3.555555555555556,0.333333333,0.48507125,0.166666667,0.383482494,0.0,0.0,0.0,0.0,0.277777778,0.460888599,0.277777778,0.460888599,0.055555556,0.23570226
0777.jpg,3.611111111111111,0.0,0.0,0.444444444,0.511309993,0.0,0.0,0.0,0.0,0.111111111,0.323380833,0.055555556,0.23570226,0.111111111,0.323380833
35_05_01.bmp,2.611111111111111,0.388888889,0.501631326,0.722222222,0.460888599,0.055555556,0.23570226,0.055555556,0.23570226,0.0,0.0,0.0,0.0,0.055555556,0.23570226
09_22_02.bmp,2.611111111111111,0.166666667,0.383482494,0.611111111,0.501631326,0.166666667,0.383482494,0.055555556,0.23570226,0.166666667,0.383482494,0.111111111,0.323380833,0.0,0.0
14_12_02.bmp,2.9444444444444446,0.777777778,0.427792632,0.222222222,0.427792632,0.055555556,0.23570226,0.055555556,0.23570226,0.0,0.0,0.111111111,0.323380833,0.055555556,0.23570226
32_02_01.bmp,2.7777777777777777,0.055555556,0.23570226,0.5,0.514495755,0.222222222,0.427792632,0.055555556,0.23570226,0.5,0.514495755,0.055555556,0.23570226,0.0,0.0
13_01_04.bmp,2.2777777777777777,0.0,0.0,0.888888889,0.323380833,0.055555556,0.23570226,0.055555556,0.23570226,0.166666667,0.383482494,0.055555556,0.23570226,0.111111111,0.323380833
14_23_03.bmp,2.833333333333333,0.111111111,0.323380833,0.166666667,0.383482494,0.055555556,0.23570226,0.777777778,0.427792632,0.055555556,0.23570226,0.0,0.0,0.222222222,0.427792632
23_05_02.bmp,3.0,0.222222222,0.427792632,0.666666667,0.48507125,0.0,0.0,0.055555556,0.23570226,0.388888889,0.501631326,0.111111111,0.323380833,0.0,0.0
11_21_03.bmp,2.6666666666666665,0.166666667,0.383482494,0.5,0.514495755,0.388888889,0.501631326,0.0,0.0,0.277777778,0.460888599,0.055555556,0.23570226,0.0,0.0
17_12_04.bmp,2.2777777777777777,0.666666667,0.48507125,0.333333333,0.48507125,0.111111111,0.323380833,0.0,0.0,0.222222222,0.427792632,0.055555556,0.23570226,0.0,0.0
20_07_05.bmp,1.3333333333333333,0.055555556,0.23570226,0.944444444,0.23570226,0.055555556,0.23570226,0.0,0.0,0.111111111,0.323380833,0.111111111,0.323380833,0.0,0.0
09_02_05.bmp,1.3888888888888888,0.111111111,0.323380833,0.833333333,0.383482494,0.055555556,0.23570226,0.0,0.0,0.111111111,0.323380833,0.0,0.0,0.0,0.0
01400.jpg,3.4444444444444446,0.0,0.0,0.611111111,0.501631326,0.111111111,0.323380833,0.0,0.0,0.0,0.0,0.055555556,0.23570226,0.111111111,0.323380833
0489.jpg,3.055555555555556,0.111111111,0.323380833,0.388888889,0.501631326,0.0,0.0,0.055555556,0.23570226,0.722222222,0.460888599,0.055555556,0.23570226,0.055555556,0.23570226
13_15_04.bmp,3.611111111111111,0.111111111,0.323380833,0.166666667,0.383482494,0.111111111,0.323380833,0.111111111,0.323380833,0.111111111,0.323380833,0.055555556,0.23570226,0.055555556,0.23570226
18_21_02.bmp,2.5,0.0,0.0,0.222222222,0.427792632,0.777777778,0.427792632,0.0,0.0,0.0,0.0,0.055555556,0.23570226,0.055555556,0.23570226
36_10_05.bmp,2.2222222222222223,0.888888889,0.323380833,0.444444444,0.511309993,0.055555556,0.23570226,0.055555556,0.23570226,0.055555556,0.23570226,0.0,0.0,0.0,0.0
08_22_05.bmp,2.0,0.333333333,0.48507125,0.666666667,0.48507125,0.055555556,0.23570226,0.0,0.0,0.055555556,0.23570226,0.055555556,0.23570226,0.0,0.0
07_04_01.bmp,3.555555555555556,0.055555556,0.23570226,0.388888889,0.501631326,0.166666667,0.383482494,0.0,0.0,0.166666667,0.383482494,0.055555556,0.23570226,0.055555556,0.23570226
36_13_04.bmp,2.2777777777777777,0.055555556,0.23570226,0.444444444,0.511309993,0.777777778,0.427792632,0.0,0.0,0.0,0.0,0.0,0.0,0.111111111,0.323380833
0956.jpg,2.7222222222222223,0.0,0.0,0.444444444,0.511309993,0.0,0.0,0.666666667,0.48507125,0.111111111,0.323380833,0.055555556,0.23570226,0.0,0.0
30_25_04.bmp,2.111111111111111,0.0,0.0,0.111111111,0.323380833,0.055555556,0.23570226,0.055555556,0.23570226,0.166666667,0.383482494,0.0,0.0,0.888888889,0.323380833
16_17_02.bmp,3.0,0.055555556,0.23570226,0.444444444,0.511309993,0.0,0.0,0.0,0.0,0.333333333,0.48507125,0.444444444,0.511309993,0.055555556,0.23570226
0684.jpg,3.333333333333333,0.055555556,0.23570226,0.333333333,0.48507125,0.055555556,0.23570226,0.111111111,0.323380833,0.333333333,0.48507125,0.055555556,0.23570226,0.055555556,0.23570226
15_14_03.bmp,2.7222222222222223,0.111111111,0.323380833,0.277777778,0.460888599,0.055555556,0.23570226,0.388888889,0.501631326,0.277777778,0.460888599,0.0,0.0,0.0,0.0
37_03_04.bmp,2.388888888888889,0.111111111,0.323380833,0.833333333,0.383482494,0.0,0.0,0.055555556,0.23570226,0.055555556,0.23570226,0.055555556,0.23570226,0.055555556,0.23570226
0467.jpg,2.888888888888889,0.0,0.0,0.388888889,0.501631326,0.0,0.0,0.166666667,0.383482494,0.666666667,0.48507125,0.055555556,0.23570226,0.055555556,0.23570226
08_03_02.bmp,3.7777777777777777,0.111111111,0.323380833,0.444444444,0.511309993,0.111111111,0.323380833,0.0,0.0,0.166666667,0.383482494,0.0,0.0,0.0,0.0
0514.jpg,2.2222222222222223,0.111111111,0.323380833,0.555555556,0.511309993,0.0,0.0,0.555555556,0.511309993,0.722222222,0.460888599,0.0,0.0,0.0,0.0
32_20_04.bmp,1.6666666666666667,0.5,0.514495755,0.5,0.514495755,0.222222222,0.427792632,0.111111111,0.323380833,0.333333333,0.48507125,0.055555556,0.23570226,0.055555556,0.23570226
0498.jpg,2.388888888888889,0.111111111,0.323380833,0.444444444,0.511309993,0.0,0.0,0.5,0.514495755,0.666666667,0.48507125,0.055555556,0.23570226,0.0,0.0
08_24_05.bmp,1.5555555555555556,0.0,0.0,0.944444444,0.23570226,0.0,0.0,0.0,0.0,0.055555556,0.23570226,0.0,0.0,0.0,0.0
32_16_04.bmp,2.0,0.222222222,0.427792632,0.833333333,0.383482494,0.055555556,0.23570226,0.055555556,0.23570226,0.333333333,0.48507125,0.055555556,0.23570226,0.0,0.0
0096.jpg,2.6666666666666665,0.0,0.0,0.277777778,0.460888599,0.888888889,0.323380833,0.0,0.0,0.111111111,0.323380833,0.055555556,0.23570226,0.055555556,0.23570226
08_25_04.bmp,2.333333333333333,0.111111111,0.323380833,0.055555556,0.23570226,0.055555556,0.23570226,0.0,0.0,0.055555556,0.23570226,0.0,0.0,0.888888889,0.323380833
30_24_04.bmp,2.2222222222222223,0.055555556,0.23570226,0.888888889,0.323380833,0.0,0.0,0.0,0.0,0.277777778,0.460888599,0.0,0.0,0.111111111,0.323380833
0292.jpg,2.7222222222222223,0.222222222,0.427792632,0.333333333,0.48507125,0.0,0.0,0.777777778,0.427792632,0.0,0.0,0.0,0.0,0.0,0.0
19_21_03.bmp,2.611111111111111,0.055555556,0.23570226,0.222222222,0.427792632,0.777777778,0.427792632,0.055555556,0.23570226,0.055555556,0.23570226,0.055555556,0.23570226,0.055555556,0.23570226
0671.jpg,3.6666666666666665,0.111111111,0.323380833,0.277777778,0.460888599,0.0,0.0,0.111111111,0.323380833,0.166666667,0.383482494,0.055555556,0.23570226,0.055555556,0.23570226
27_25_01.bmp,3.0,0.0,0.0,0.222222222,0.427792632,0.055555556,0.23570226,0.055555556,0.23570226,0.333333333,0.48507125,0.055555556,0.23570226,0.777777778,0.427792632
12_15_05.bmp,2.9444444444444446,0.111111111,0.323380833,0.222222222,0.427792632,0.055555556,0.23570226,0.388888889,0.501631326,0.166666667,0.383482494,0.055555556,0.23570226,0.055555556,0.23570226
28_15_02.bmp,2.7777777777777777,0.055555556,0.23570226,0.277777778,0.460888599,0.611111111,0.501631326,0.0,0.0,0.222222222,0.427792632,0.0,0.0,0.0,0.0
24_19_03.bmp,2.6666666666666665,0.277777778,0.460888599,0.722222222,0.460888599,0.0,0.0,0.0,0.0,0.0,0.0,0.0,0.0,0.055555556,0.23570226
34_08_04.bmp,2.388888888888889,0.111111111,0.323380833,0.777777778,0.427792632,0.111111111,0.323380833,0.0,0.0,0.055555556,0.23570226,0.0,0.0,0.111111111,0.323380833
20_09_05.bmp,1.9444444444444444,0.833333333,0.383482494,0.277777778,0.460888599,0.055555556,0.23570226,0.055555556,0.23570226,0.055555556,0.23570226,0.055555556,0.23570226,0.0,0.0
37_25_04.bmp,2.333333333333333,0.055555556,0.23570226,0.166666667,0.383482494,0.0,0.0,0.111111111,0.323380833,0.055555556,0.23570226,0.055555556,0.23570226,0.888888889,0.323380833
37_07_02.bmp,2.833333333333333,0.222222222,0.427792632,0.833333333,0.383482494,0.0,0.0,0.055555556,0.23570226,0.055555556,0.23570226,0.111111111,0.323380833,0.055555556,0.23570226
24_25_01.bmp,2.9444444444444446,0.111111111,0.323380833,0.055555556,0.23570226,0.055555556,0.23570226,0.0,0.0,0.0,0.0,0.0,0.0,0.833333333,0.383482494
33_11_05.bmp,2.2222222222222223,0.833333333,0.383482494,0.222222222,0.427792632,0.055555556,0.23570226,0.0,0.0,0.444444444,0.511309993,0.055555556,0.23570226,0.0,0.0
13_02_03.bmp,1.8333333333333333,0.055555556,0.23570226,0.944444444,0.23570226,0.055555556,0.23570226,0.0,0.0,0.111111111,0.323380833,0.0,0.0,0.055555556,0.23570226
0925.jpg,1.3888888888888888,0.0,0.0,0.944444444,0.23570226,0.0,0.0,0.166666667,0.383482494,0.333333333,0.48507125,0.0,0.0,0.0,0.0
31_25_04.bmp,2.1666666666666665,0.111111111,0.323380833,0.111111111,0.323380833,0.055555556,0.23570226,0.0,0.0,0.111111111,0.323380833,0.0,0.0,0.722222222,0.460888599
22_24_02.bmp,2.555555555555556,0.166666667,0.383482494,0.833333333,0.383482494,0.0,0.0,0.0,0.0,0.055555556,0.23570226,0.166666667,0.383482494,0.0,0.0
31_24_01.bmp,3.111111111111111,0.0,0.0,0.555555556,0.511309993,0.055555556,0.23570226,0.055555556,0.23570226,0.166666667,0.383482494,0.0,0.0,0.055555556,0.23570226
10_08_02.bmp,2.7777777777777777,0.222222222,0.427792632,0.722222222,0.460888599,0.111111111,0.323380833,0.0,0.0,0.333333333,0.48507125,0.166666667,0.383482494,0.055555556,0.23570226
28_15_04.bmp,3.055555555555556,0.055555556,0.23570226,0.388888889,0.501631326,0.0,0.0,0.222222222,0.427792632,0.222222222,0.427792632,0.055555556,0.23570226,0.0,0.0
19_10_04.bmp,2.388888888888889,0.722222222,0.460888599,0.333333333,0.48507125,0.111111111,0.323380833,0.0,0.0,0.111111111,0.323380833,0.055555556,0.23570226,0.0,0.0
01_15_02.bmp,2.333333333333333,0.166666667,0.383482494,0.777777778,0.427792632,0.444444444,0.511309993,0.0,0.0,0.0,0.0,0.0,0.0,0.111111111,0.323380833
16_10_02.bmp,3.055555555555556,0.666666667,0.48507125,0.222222222,0.427792632,0.055555556,0.23570226,0.0,0.0,0.333333333,0.48507125,0.333333333,0.48507125,0.0,0.0
0747.jpg,3.333333333333333,0.055555556,0.23570226,0.5,0.514495755,0.0,0.0,0.055555556,0.23570226,0.055555556,0.23570226,0.055555556,0.23570226,0.055555556,0.23570226
08_15_04.bmp,3.333333333333333,0.111111111,0.323380833,0.333333333,0.48507125,0.0,0.0,0.5,0.514495755,0.111111111,0.323380833,0.0,0.0,0.0,0.0
35_21_05.bmp,1.7777777777777777,0.166666667,0.383482494,0.5,0.514495755,0.111111111,0.323380833,0.611111111,0.501631326,0.0,0.0,0.055555556,0.23570226,0.0,0.0
01482.jpg,3.6666666666666665,0.166666667,0.383482494,0.5,0.514495755,0.111111111,0.323380833,0.0,0.0,0.0,0.0,0.055555556,0.23570226,0.055555556,0.23570226
36_11_02.bmp,2.9444444444444446,0.722222222,0.460888599,0.388888889,0.501631326,0.111111111,0.323380833,0.055555556,0.23570226,0.0,0.0,0.055555556,0.23570226,0.111111111,0.323380833
23_22_03.bmp,2.555555555555556,0.166666667,0.383482494,0.777777778,0.427792632,0.0,0.0,0.055555556,0.23570226,0.166666667,0.383482494,0.0,0.0,0.0,0.0
0839.jpg,3.5,0.166666667,0.383482494,0.333333333,0.48507125,0.0,0.0,0.055555556,0.23570226,0.166666667,0.383482494,0.055555556,0.23570226,0.0,0.0
16_13_03.bmp,3.111111111111111,0.111111111,0.323380833,0.166666667,0.383482494,0.555555556,0.511309993,0.0,0.0,0.333333333,0.48507125,0.333333333,0.48507125,0.0,0.0
01283.jpg,2.9444444444444446,0.444444444,0.511309993,0.722222222,0.460888599,0.055555556,0.23570226,0.0,0.0,0.333333333,0.48507125,0.0,0.0,0.055555556,0.23570226
25_03_04.bmp,2.0,0.055555556,0.23570226,0.888888889,0.323380833,0.111111111,0.323380833,0.0,0.0,0.111111111,0.323380833,0.0,0.0,0.055555556,0.23570226
0330.jpg,2.6666666666666665,0.111111111,0.323380833,0.833333333,0.383482494,0.0,0.0,0.111111111,0.323380833,0.111111111,0.323380833,0.055555556,0.23570226,0.0,0.0
33_15_05.bmp,1.8888888888888888,0.111111111,0.323380833,0.333333333,0.48507125,0.055555556,0.23570226,0.833333333,0.383482494,0.333333333,0.48507125,0.0,0.0,0.0,0.0
32_22_04.bmp,2.055555555555556,0.166666667,0.383482494,0.722222222,0.460888599,0.055555556,0.23570226,0.0,0.0,0.388888889,0.501631326,0.055555556,0.23570226,0.0,0.0
31_01_03.bmp,2.833333333333333,0.0,0.0,0.833333333,0.383482494,0.0,0.0,0.055555556,0.23570226,0.222222222,0.427792632,0.0,0.0,0.055555556,0.23570226
18_18_01.bmp,3.111111111111111,0.055555556,0.23570226,0.666666667,0.48507125,0.055555556,0.23570226,0.0,0.0,0.0,0.0,0.0,0.0,0.055555556,0.23570226
03_23_03.bmp,3.0,0.111111111,0.323380833,0.055555556,0.23570226,0.055555556,0.23570226,0.777777778,0.427792632,0.055555556,0.23570226,0.0,0.0,0.055555556,0.23570226
27_10_03.bmp,2.7222222222222223,0.555555556,0.511309993,0.333333333,0.48507125,0.0,0.0,0.0,0.0,0.5,0.514495755,0.055555556,0.23570226,0.055555556,0.23570226
32_02_03.bmp,2.0,0.055555556,0.23570226,0.944444444,0.23570226,0.166666667,0.383482494,0.0,0.0,0.444444444,0.511309993,0.055555556,0.23570226,0.0,0.0
34_20_04.bmp,2.388888888888889,0.333333333,0.48507125,0.611111111,0.501631326,0.166666667,0.383482494,0.111111111,0.323380833,0.0,0.0,0.111111111,0.323380833,0.0,0.0
11_06_05.bmp,2.055555555555556,0.277777778,0.460888599,0.333333333,0.48507125,0.222222222,0.427792632,0.166666667,0.383482494,0.222222222,0.427792632,0.166666667,0.383482494,0.055555556,0.23570226
05_17_04.bmp,2.333333333333333,0.166666667,0.383482494,0.5,0.514495755,0.055555556,0.23570226,0.0,0.0,0.111111111,0.323380833,0.277777778,0.460888599,0.277777778,0.460888599
33_22_03.bmp,2.7222222222222223,0.111111111,0.323380833,0.722222222,0.460888599,0.0,0.0,0.0,0.0,0.444444444,0.511309993,0.0,0.0,0.0,0.0
34_09_02.bmp,2.7222222222222223,0.666666667,0.48507125,0.388888889,0.501631326,0.166666667,0.383482494,0.0,0.0,0.0,0.0,0.0,0.0,0.055555556,0.23570226
18_04_05.bmp,2.388888888888889,0.277777778,0.460888599,0.333333333,0.48507125,0.111111111,0.323380833,0.055555556,0.23570226,0.0,0.0,0.166666667,0.383482494,0.166666667,0.383482494
23_01_02.bmp,3.111111111111111,0.111111111,0.323380833,0.444444444,0.511309993,0.0,0.0,0.0,0.0,0.333333333,0.48507125,0.0,0.0,0.055555556,0.23570226
36_16_02.bmp,2.9444444444444446,0.055555556,0.23570226,0.611111111,0.501631326,0.055555556,0.23570226,0.277777778,0.460888599,0.0,0.0,0.0,0.0,0.055555556,0.23570226
01272.jpg,3.4444444444444446,0.277777778,0.460888599,0.444444444,0.511309993,0.055555556,0.23570226,0.055555556,0.23570226,0.333333333,0.48507125,0.0,0.0,0.0,0.0
03_11_01.bmp,3.5,0.444444444,0.511309993,0.111111111,0.323380833,0.055555556,0.23570226,0.0,0.0,0.055555556,0.23570226,0.0,0.0,0.055555556,0.23570226
18_02_03.bmp,1.7777777777777777,0.055555556,0.23570226,0.944444444,0.23570226,0.055555556,0.23570226,0.055555556,0.23570226,0.055555556,0.23570226,0.0,0.0,0.055555556,0.23570226
08_09_04.bmp,2.7222222222222223,0.722222222,0.460888599,0.166666667,0.383482494,0.0,0.0,0.0,0.0,0.111111111,0.323380833,0.0,0.0,0.0,0.0
25_11_04.bmp,2.2777777777777777,0.722222222,0.460888599,0.222222222,0.427792632,0.166666667,0.383482494,0.0,0.0,0.166666667,0.383482494,0.055555556,0.23570226,0.055555556,0.23570226
05_17_05.bmp,2.333333333333333,0.111111111,0.323380833,0.555555556,0.511309993,0.111111111,0.323380833,0.0,0.0,0.166666667,0.383482494,0.222222222,0.427792632,0.277777778,0.460888599
09_09_05.bmp,2.055555555555556,0.722222222,0.460888599,0.444444444,0.511309993,0.111111111,0.323380833,0.0,0.0,0.166666667,0.383482494,0.055555556,0.23570226,0.0,0.0
26_16_04.bmp,2.333333333333333,0.166666667,0.383482494,0.777777778,0.427792632,0.055555556,0.23570226,0.222222222,0.427792632,0.055555556,0.23570226,0.0,0.0,0.0,0.0
10_16_04.bmp,2.2777777777777777,0.111111111,0.323380833,0.722222222,0.460888599,0.055555556,0.23570226,0.0,0.0,0.333333333,0.48507125,0.111111111,0.323380833,0.0,0.0
0066.jpg,3.888888888888889,0.055555556,0.23570226,0.222222222,0.427792632,0.611111111,0.501631326,0.0,0.0,0.055555556,0.23570226,0.055555556,0.23570226,0.0,0.0
0592.jpg,3.4444444444444446,0.055555556,0.23570226,0.222222222,0.427792632,0.055555556,0.23570226,0.111111111,0.323380833,0.444444444,0.511309993,0.055555556,0.23570226,0.055555556,0.23570226
36_20_03.bmp,2.555555555555556,0.444444444,0.511309993,0.444444444,0.511309993,0.111111111,0.323380833,0.111111111,0.323380833,0.0,0.0,0.055555556,0.23570226,0.0,0.0
15_02_05.bmp,1.7222222222222223,0.055555556,0.23570226,0.944444444,0.23570226,0.055555556,0.23570226,0.0,0.0,0.111111111,0.323380833,0.0,0.0,0.0,0.0
25_03_01.bmp,3.388888888888889,0.111111111,0.323380833,0.555555556,0.511309993,0.111111111,0.323380833,0.055555556,0.23570226,0.111111111,0.323380833,0.055555556,0.23570226,0.055555556,0.23570226
1049.jpg,3.055555555555556,0.055555556,0.23570226,0.5,0.514495755,0.0,0.0,0.555555556,0.511309993,0.166666667,0.383482494,0.0,0.0,0.0,0.0
0757.jpg,3.888888888888889,0.111111111,0.323380833,0.333333333,0.48507125,0.0,0.0,0.0,0.0,0.166666667,0.383482494,0.055555556,0.23570226,0.055555556,0.23570226
01470.jpg,3.5,0.055555556,0.23570226,0.444444444,0.511309993,0.111111111,0.323380833,0.055555556,0.23570226,0.0,0.0,0.055555556,0.23570226,0.055555556,0.23570226
06_24_03.bmp,2.1666666666666665,0.055555556,0.23570226,0.777777778,0.427792632,0.222222222,0.427792632,0.0,0.0,0.0,0.0,0.055555556,0.23570226,0.0,0.0
22_14_05.bmp,1.2222222222222223,0.055555556,0.23570226,0.166666667,0.383482494,0.111111111,0.323380833,0.888888889,0.323380833,0.055555556,0.23570226,0.055555556,0.23570226,0.0,0.0
11_01_02.bmp,3.0,0.0,0.0,0.5,0.514495755,0.0,0.0,0.055555556,0.23570226,0.388888889,0.501631326,0.277777778,0.460888599,0.055555556,0.23570226
33_24_01.bmp,3.388888888888889,0.111111111,0.323380833,0.444444444,0.511309993,0.0,0.0,0.055555556,0.23570226,0.5,0.514495755,0.0,0.0,0.0,0.0
0252.jpg,1.4444444444444444,0.111111111,0.323380833,0.444444444,0.511309993,0.0,0.0,1.0,0.0,0.055555556,0.23570226,0.0,0.0,0.0,0.0
01_23_01.bmp,3.0,0.055555556,0.23570226,0.555555556,0.511309993,0.055555556,0.23570226,0.777777778,0.427792632,0.0,0.0,0.055555556,0.23570226,0.111111111,0.323380833
0377.jpg,2.2777777777777777,0.111111111,0.323380833,0.833333333,0.383482494,0.0,0.0,0.055555556,0.23570226,0.055555556,0.23570226,0.0,0.0,0.055555556,0.23570226
36_09_05.bmp,2.2222222222222223,0.777777778,0.427792632,0.388888889,0.501631326,0.111111111,0.323380833,0.055555556,0.23570226,0.055555556,0.23570226,0.0,0.0,0.0,0.0
01484.jpg,3.333333333333333,0.055555556,0.23570226,0.777777778,0.427792632,0.166666667,0.383482494,0.0,0.0,0.0,0.0,0.0,0.0,0.0,0.0
13_07_05.bmp,1.3333333333333333,0.055555556,0.23570226,0.888888889,0.323380833,0.055555556,0.23570226,0.055555556,0.23570226,0.055555556,0.23570226,0.111111111,0.323380833,0.0,0.0
12_03_01.bmp,3.8333333333333335,0.055555556,0.23570226,0.277777778,0.460888599,0.055555556,0.23570226,0.0,0.0,0.055555556,0.23570226,0.111111111,0.323380833,0.055555556,0.23570226
30_01_03.bmp,3.4444444444444446,0.055555556,0.23570226,0.333333333,0.48507125,0.111111111,0.323380833,0.055555556,0.23570226,0.333333333,0.48507125,0.0,0.0,0.0,0.0
27_21_05.bmp,1.7777777777777777,0.166666667,0.383482494,0.277777778,0.460888599,0.277777778,0.460888599,0.555555556,0.511309993,0.277777778,0.460888599,0.055555556,0.23570226,0.111111111,0.323380833
33_09_05.bmp,2.388888888888889,0.888888889,0.323380833,0.388888889,0.501631326,0.0,0.0,0.0,0.0,0.333333333,0.48507125,0.0,0.0,0.0,0.0
10_08_01.bmp,3.055555555555556,0.166666667,0.383482494,0.611111111,0.501631326,0.055555556,0.23570226,0.0,0.0,0.333333333,0.48507125,0.222222222,0.427792632,0.055555556,0.23570226
12_02_01.bmp,3.388888888888889,0.055555556,0.23570226,0.611111111,0.501631326,0.111111111,0.323380833,0.0,0.0,0.055555556,0.23570226,0.055555556,0.23570226,0.055555556,0.23570226
0319.jpg,1.7777777777777777,0.055555556,0.23570226,0.944444444,0.23570226,0.055555556,0.23570226,0.111111111,0.323380833,0.222222222,0.427792632,0.0,0.0,0.055555556,0.23570226
0650.jpg,3.388888888888889,0.111111111,0.323380833,0.444444444,0.511309993,0.0,0.0,0.055555556,0.23570226,0.166666667,0.383482494,0.0,0.0,0.111111111,0.323380833
0172.jpg,2.833333333333333,0.111111111,0.323380833,0.277777778,0.460888599,0.777777778,0.427792632,0.0,0.0,0.222222222,0.427792632,0.0,0.0,0.0,0.0
01472.jpg,3.6666666666666665,0.0,0.0,0.444444444,0.511309993,0.111111111,0.323380833,0.0,0.0,0.0,0.0,0.0,0.0,0.111111111,0.323380833
11_16_05.bmp,1.4444444444444444,0.388888889,0.501631326,0.833333333,0.383482494,0.111111111,0.323380833,0.0,0.0,0.222222222,0.427792632,0.0,0.0,0.055555556,0.23570226
32_01_03.bmp,2.555555555555556,0.0,0.0,0.611111111,0.501631326,0.222222222,0.427792632,0.0,0.0,0.555555556,0.511309993,0.111111111,0.323380833,0.0,0.0
18_02_01.bmp,3.1666666666666665,0.277777778,0.460888599,0.666666667,0.48507125,0.055555556,0.23570226,0.0,0.0,0.055555556,0.23570226,0.0,0.0,0.055555556,0.23570226
02_19_01.bmp,2.888888888888889,0.166666667,0.383482494,0.5,0.514495755,0.166666667,0.383482494,0.055555556,0.23570226,0.444444444,0.511309993,0.055555556,0.23570226,0.055555556,0.23570226
33_09_01.bmp,3.1666666666666665,0.5,0.514495755,0.444444444,0.511309993,0.0,0.0,0.0,0.0,0.388888889,0.501631326,0.0,0.0,0.0,0.0
20_12_02.bmp,2.9444444444444446,0.722222222,0.460888599,0.388888889,0.501631326,0.055555556,0.23570226,0.0,0.0,0.055555556,0.23570226,0.055555556,0.23570226,0.0,0.0
10_02_04.bmp,1.6111111111111112,0.055555556,0.23570226,0.833333333,0.383482494,0.0,0.0,0.055555556,0.23570226,0.388888889,0.501631326,0.166666667,0.383482494,0.0,0.0
17_05_05.bmp,1.8333333333333333,0.333333333,0.48507125,0.722222222,0.460888599,0.055555556,0.23570226,0.0,0.0,0.222222222,0.427792632,0.111111111,0.323380833,0.0,0.0
32_19_03.bmp,2.2777777777777777,0.333333333,0.48507125,0.444444444,0.511309993,0.222222222,0.427792632,0.0,0.0,0.388888889,0.501631326,0.111111111,0.323380833,0.055555556,0.23570226
09_18_01.bmp,2.833333333333333,0.111111111,0.323380833,0.666666667,0.48507125,0.111111111,0.323380833,0.055555556,0.23570226,0.111111111,0.323380833,0.055555556,0.23570226,0.111111111,0.323380833
37_24_03.bmp,2.4444444444444446,0.0,0.0,0.944444444,0.23570226,0.0,0.0,0.055555556,0.23570226,0.055555556,0.23570226,0.111111111,0.323380833,0.0,0.0
0748.jpg,3.388888888888889,0.111111111,0.323380833,0.388888889,0.501631326,0.0,0.0,0.0,0.0,0.055555556,0.23570226,0.166666667,0.383482494,0.055555556,0.23570226
08_20_05.bmp,1.8888888888888888,0.611111111,0.501631326,0.166666667,0.383482494,0.277777778,0.460888599,0.388888889,0.501631326,0.055555556,0.23570226,0.055555556,0.23570226,0.0,0.0
01267.jpg,3.555555555555556,0.333333333,0.48507125,0.611111111,0.501631326,0.055555556,0.23570226,0.0,0.0,0.222222222,0.427792632,0.055555556,0.23570226,0.055555556,0.23570226
07_16_05.bmp,1.7222222222222223,0.333333333,0.48507125,0.722222222,0.460888599,0.0,0.0,0.0,0.0,0.111111111,0.323380833,0.0,0.0,0.0,0.0
32_19_04.bmp,1.9444444444444444,0.277777778,0.460888599,0.333333333,0.48507125,0.5,0.514495755,0.111111111,0.323380833,0.388888889,0.501631326,0.111111111,0.323380833,0.0,0.0
0113.jpg,2.2222222222222223,0.055555556,0.23570226,0.555555556,0.511309993,1.0,0.0,0.0,0.0,0.055555556,0.23570226,0.055555556,0.23570226,0.055555556,0.23570226
37_12_02.bmp,3.333333333333333,0.611111111,0.501631326,0.444444444,0.511309993,0.0,0.0,0.0,0.0,0.111111111,0.323380833,0.055555556,0.23570226,0.055555556,0.23570226
28_02_02.bmp,3.055555555555556,0.0,0.0,0.666666667,0.48507125,0.166666667,0.383482494,0.0,0.0,0.166666667,0.383482494,0.111111111,0.323380833,0.0,0.0
19_11_04.bmp,2.555555555555556,0.777777778,0.427792632,0.277777778,0.460888599,0.055555556,0.23570226,0.0,0.0,0.166666667,0.383482494,0.111111111,0.323380833,0.055555556,0.23570226
34_13_02.bmp,3.111111111111111,0.166666667,0.383482494,0.388888889,0.501631326,0.277777778,0.460888599,0.055555556,0.23570226,0.0,0.0,0.0,0.0,0.055555556,0.23570226
06_24_01.bmp,2.888888888888889,0.166666667,0.383482494,0.5,0.514495755,0.166666667,0.383482494,0.111111111,0.323380833,0.0,0.0,0.111111111,0.323380833,0.055555556,0.23570226
29_03_04.bmp,2.5,0.111111111,0.323380833,0.777777778,0.427792632,0.0,0.0,0.111111111,0.323380833,0.055555556,0.23570226,0.055555556,0.23570226,0.0,0.0
15_03_02.bmp,3.055555555555556,0.0,0.0,0.777777778,0.427792632,0.0,0.0,0.0,0.0,0.333333333,0.48507125,0.055555556,0.23570226,0.055555556,0.23570226
11_13_05.bmp,2.111111111111111,0.055555556,0.23570226,0.166666667,0.383482494,0.944444444,0.23570226,0.0,0.0,0.222222222,0.427792632,0.111111111,0.323380833,0.055555556,0.23570226
22_02_05.bmp,1.2777777777777777,0.0,0.0,0.888888889,0.323380833,0.0,0.0,0.0,0.0,0.111111111,0.323380833,0.111111111,0.323380833,0.055555556,0.23570226
0782.jpg,3.5,0.055555556,0.23570226,0.444444444,0.511309993,0.0,0.0,0.0,0.0,0.111111111,0.323380833,0.0,0.0,0.055555556,0.23570226
12_02_02.bmp,2.9444444444444446,0.055555556,0.23570226,0.722222222,0.460888599,0.111111111,0.323380833,0.055555556,0.23570226,0.0,0.0,0.055555556,0.23570226,0.055555556,0.23570226
0315.jpg,2.555555555555556,0.055555556,0.23570226,0.833333333,0.383482494,0.111111111,0.323380833,0.111111111,0.323380833,0.055555556,0.23570226,0.055555556,0.23570226,0.0,0.0
06_23_03.bmp,3.0,0.055555556,0.23570226,0.0,0.0,0.0,0.0,0.777777778,0.427792632,0.0,0.0,0.055555556,0.23570226,0.166666667,0.383482494
05_22_04.bmp,1.5,0.277777778,0.460888599,0.777777778,0.427792632,0.166666667,0.383482494,0.0,0.0,0.0,0.0,0.111111111,0.323380833,0.055555556,0.23570226
36_06_04.bmp,2.5,0.333333333,0.48507125,0.5,0.514495755,0.277777778,0.460888599,0.055555556,0.23570226,0.0,0.0,0.166666667,0.383482494,0.055555556,0.23570226
0246.jpg,1.8888888888888888,0.277777778,0.460888599,0.333333333,0.48507125,0.0,0.0,0.888888889,0.323380833,0.055555556,0.23570226,0.0,0.0,0.055555556,0.23570226
1075.jpg,3.2777777777777777,0.111111111,0.323380833,0.444444444,0.511309993,0.055555556,0.23570226,0.388888889,0.501631326,0.055555556,0.23570226,0.111111111,0.323380833,0.055555556,0.23570226
24_11_02.bmp,3.1666666666666665,0.666666667,0.48507125,0.222222222,0.427792632,0.055555556,0.23570226,0.055555556,0.23570226,0.055555556,0.23570226,0.111111111,0.323380833,0.0,0.0
18_16_05.bmp,1.6111111111111112,0.277777778,0.460888599,0.833333333,0.383482494,0.055555556,0.23570226,0.0,0.0,0.0,0.0,0.055555556,0.23570226,0.0,0.0
30_04_05.bmp,2.333333333333333,0.333333333,0.48507125,0.222222222,0.427792632,0.222222222,0.427792632,0.111111111,0.323380833,0.222222222,0.427792632,0.166666667,0.383482494,0.0,0.0
06_10_03.bmp,2.888888888888889,0.722222222,0.460888599,0.166666667,0.383482494,0.111111111,0.323380833,0.0,0.0,0.055555556,0.23570226,0.055555556,0.23570226,0.055555556,0.23570226
23_01_05.bmp,1.3888888888888888,0.0,0.0,0.888888889,0.323380833,0.0,0.0,0.055555556,0.23570226,0.222222222,0.427792632,0.0,0.0,0.0,0.0
17_24_01.bmp,3.111111111111111,0.055555556,0.23570226,0.555555556,0.511309993,0.222222222,0.427792632,0.055555556,0.23570226,0.166666667,0.383482494,0.055555556,0.23570226,0.055555556,0.23570226
0726.jpg,3.2222222222222223,0.055555556,0.23570226,0.277777778,0.460888599,0.055555556,0.23570226,0.0,0.0,0.277777778,0.460888599,0.222222222,0.427792632,0.055555556,0.23570226
19_24_02.bmp,2.4444444444444446,0.0,0.0,0.722222222,0.460888599,0.055555556,0.23570226,0.0,0.0,0.111111111,0.323380833,0.111111111,0.323380833,0.055555556,0.23570226
0157.jpg,2.5,0.055555556,0.23570226,0.333333333,0.48507125,0.888888889,0.323380833,0.0,0.0,0.111111111,0.323380833,0.055555556,0.23570226,0.111111111,0.323380833
0575.jpg,3.2777777777777777,0.055555556,0.23570226,0.222222222,0.427792632,0.0,0.0,0.111111111,0.323380833,0.555555556,0.511309993,0.055555556,0.23570226,0.055555556,0.23570226
25_04_05.bmp,2.2777777777777777,0.277777778,0.460888599,0.5,0.514495755,0.222222222,0.427792632,0.0,0.0,0.111111111,0.323380833,0.111111111,0.323380833,0.055555556,0.23570226
33_13_05.bmp,2.555555555555556,0.111111111,0.323380833,0.277777778,0.460888599,0.777777778,0.427792632,0.055555556,0.23570226,0.333333333,0.48507125,0.0,0.0,0.0,0.0
02_01_03.bmp,2.7222222222222223,0.0,0.0,0.722222222,0.460888599,0.055555556,0.23570226,0.0,0.0,0.611111111,0.501631326,0.055555556,0.23570226,0.055555556,0.23570226
01_08_01.bmp,2.833333333333333,0.111111111,0.323380833,0.611111111,0.501631326,0.111111111,0.323380833,0.0,0.0,0.0,0.0,0.055555556,0.23570226,0.055555556,0.23570226
01312.jpg,2.0,0.5,0.514495755,0.777777778,0.427792632,0.055555556,0.23570226,0.055555556,0.23570226,0.055555556,0.23570226,0.0,0.0,0.0,0.0
07_09_04.bmp,2.2222222222222223,0.833333333,0.383482494,0.277777778,0.460888599,0.055555556,0.23570226,0.0,0.0,0.111111111,0.323380833,0.0,0.0,0.0,0.0
25_25_03.bmp,2.111111111111111,0.111111111,0.323380833,0.111111111,0.323380833,0.055555556,0.23570226,0.0,0.0,0.166666667,0.383482494,0.055555556,0.23570226,0.888888889,0.323380833
37_11_01.bmp,3.333333333333333,0.444444444,0.511309993,0.388888889,0.501631326,0.055555556,0.23570226,0.0,0.0,0.055555556,0.23570226,0.055555556,0.23570226,0.055555556,0.23570226
30_10_04.bmp,2.5,0.666666667,0.48507125,0.166666667,0.383482494,0.0,0.0,0.055555556,0.23570226,0.277777778,0.460888599,0.055555556,0.23570226,0.0,0.0
11_11_01.bmp,3.1666666666666665,0.555555556,0.511309993,0.277777778,0.460888599,0.0,0.0,0.055555556,0.23570226,0.277777778,0.460888599,0.111111111,0.323380833,0.0,0.0
16_16_02.bmp,3.111111111111111,0.055555556,0.23570226,0.166666667,0.383482494,0.111111111,0.323380833,0.166666667,0.383482494,0.277777778,0.460888599,0.277777778,0.460888599,0.0,0.0
01_01_05.bmp,1.3888888888888888,0.111111111,0.323380833,0.944444444,0.23570226,0.055555556,0.23570226,0.055555556,0.23570226,0.055555556,0.23570226,0.0,0.0,0.0,0.0
32_18_05.bmp,1.6111111111111112,0.111111111,0.323380833,0.777777778,0.427792632,0.055555556,0.23570226,0.0,0.0,0.444444444,0.511309993,0.055555556,0.23570226,0.055555556,0.23570226
05_21_05.bmp,1.6111111111111112,0.333333333,0.48507125,0.555555556,0.511309993,0.055555556,0.23570226,0.722222222,0.460888599,0.055555556,0.23570226,0.0,0.0,0.0,0.0
37_08_02.bmp,3.2777777777777777,0.111111111,0.323380833,0.611111111,0.501631326,0.0,0.0,0.055555556,0.23570226,0.055555556,0.23570226,0.111111111,0.323380833,0.0,0.0
21_09_02.bmp,2.833333333333333,0.722222222,0.460888599,0.277777778,0.460888599,0.0,0.0,0.055555556,0.23570226,0.055555556,0.23570226,0.055555556,0.23570226,0.0,0.0
11_04_01.bmp,3.388888888888889,0.055555556,0.23570226,0.444444444,0.511309993,0.055555556,0.23570226,0.111111111,0.323380833,0.333333333,0.48507125,0.055555556,0.23570226,0.0,0.0
01198.jpg,3.611111111111111,0.277777778,0.460888599,0.166666667,0.383482494,0.055555556,0.23570226,0.0,0.0,0.611111111,0.501631326,0.0,0.0,0.0,0.0
01_19_04.bmp,3.055555555555556,0.055555556,0.23570226,0.611111111,0.501631326,0.111111111,0.323380833,0.055555556,0.23570226,0.0,0.0,0.0,0.0,0.111111111,0.323380833
26_24_04.bmp,2.0,0.0,0.0,0.833333333,0.383482494,0.166666667,0.383482494,0.055555556,0.23570226,0.0,0.0,0.0,0.0,0.055555556,0.23570226
10_09_05.bmp,1.9444444444444444,0.777777778,0.427792632,0.333333333,0.48507125,0.0,0.0,0.0,0.0,0.333333333,0.48507125,0.166666667,0.383482494,0.0,0.0
0063.jpg,2.333333333333333,0.055555556,0.23570226,0.777777778,0.427792632,0.666666667,0.48507125,0.0,0.0,0.222222222,0.427792632,0.0,0.0,0.055555556,0.23570226
0336.jpg,3.0,0.166666667,0.383482494,0.666666667,0.48507125,0.0,0.0,0.111111111,0.323380833,0.055555556,0.23570226,0.0,0.0,0.055555556,0.23570226
05_25_05.bmp,1.8888888888888888,0.166666667,0.383482494,0.166666667,0.383482494,0.111111111,0.323380833,0.0,0.0,0.0,0.0,0.0,0.0,0.944444444,0.23570226
29_18_04.bmp,3.111111111111111,0.111111111,0.323380833,0.611111111,0.501631326,0.055555556,0.23570226,0.0,0.0,0.055555556,0.23570226,0.111111111,0.323380833,0.0,0.0
1134.jpg,2.7222222222222223,0.0,0.0,0.166666667,0.383482494,0.055555556,0.23570226,0.055555556,0.23570226,0.666666667,0.48507125,0.444444444,0.511309993,0.0,0.0
0561.jpg,3.111111111111111,0.055555556,0.23570226,0.333333333,0.48507125,0.0,0.0,0.055555556,0.23570226,0.777777778,0.427792632,0.0,0.0,0.055555556,0.23570226
0935.jpg,2.7777777777777777,0.111111111,0.323380833,0.444444444,0.511309993,0.055555556,0.23570226,0.611111111,0.501631326,0.111111111,0.323380833,0.0,0.0,0.055555556,0.23570226
0419.jpg,2.2222222222222223,0.111111111,0.323380833,0.888888889,0.323380833,0.055555556,0.23570226,0.166666667,0.383482494,0.055555556,0.23570226,0.0,0.0,0.0,0.0
01204.jpg,3.888888888888889,0.166666667,0.383482494,0.055555556,0.23570226,0.055555556,0.23570226,0.0,0.0,0.555555556,0.511309993,0.111111111,0.323380833,0.055555556,0.23570226
09_14_05.bmp,1.3888888888888888,0.277777778,0.460888599,0.277777778,0.460888599,0.055555556,0.23570226,0.611111111,0.501631326,0.166666667,0.383482494,0.111111111,0.323380833,0.0,0.0
01290.jpg,2.888888888888889,0.333333333,0.48507125,0.722222222,0.460888599,0.055555556,0.23570226,0.0,0.0,0.055555556,0.23570226,0.166666667,0.383482494,0.0,0.0
20_25_03.bmp,2.2777777777777777,0.055555556,0.23570226,0.111111111,0.323380833,0.055555556,0.23570226,0.111111111,0.323380833,0.055555556,0.23570226,0.0,0.0,0.888888889,0.323380833
13_08_04.bmp,2.5,0.388888889,0.501631326,0.722222222,0.460888599,0.055555556,0.23570226,0.055555556,0.23570226,0.111111111,0.323380833,0.0,0.0,0.055555556,0.23570226
18_02_02.bmp,2.4444444444444446,0.111111111,0.323380833,0.888888889,0.323380833,0.111111111,0.323380833,0.0,0.0,0.0,0.0,0.0,0.0,0.111111111,0.323380833
0257.jpg,1.7777777777777777,0.111111111,0.323380833,0.388888889,0.501631326,0.055555556,0.23570226,0.833333333,0.383482494,0.055555556,0.23570226,0.0,0.0,0.055555556,0.23570226
12_20_03.bmp,2.2777777777777777,0.388888889,0.501631326,0.222222222,0.427792632,0.277777778,0.460888599,0.222222222,0.427792632,0.055555556,0.23570226,0.055555556,0.23570226,0.055555556,0.23570226
36_10_03.bmp,2.7777777777777777,0.833333333,0.383482494,0.444444444,0.511309993,0.111111111,0.323380833,0.0,0.0,0.0,0.0,0.0,0.0,0.055555556,0.23570226
01244.jpg,3.4444444444444446,0.055555556,0.23570226,0.5,0.514495755,0.055555556,0.23570226,0.111111111,0.323380833,0.444444444,0.511309993,0.055555556,0.23570226,0.111111111,0.323380833
21_11_05.bmp,2.2222222222222223,0.777777778,0.427792632,0.222222222,0.427792632,0.055555556,0.23570226,0.0,0.0,0.055555556,0.23570226,0.055555556,0.23570226,0.0,0.0
37_02_04.bmp,1.8333333333333333,0.0,0.0,0.944444444,0.23570226,0.055555556,0.23570226,0.0,0.0,0.111111111,0.323380833,0.0,0.0,0.0,0.0
34_04_02.bmp,2.833333333333333,0.222222222,0.427792632,0.388888889,0.501631326,0.333333333,0.48507125,0.0,0.0,0.055555556,0.23570226,0.055555556,0.23570226,0.166666667,0.383482494
11_02_02.bmp,2.6666666666666665,0.055555556,0.23570226,0.722222222,0.460888599,0.055555556,0.23570226,0.055555556,0.23570226,0.333333333,0.48507125,0.055555556,0.23570226,0.0,0.0
0760.jpg,3.6666666666666665,0.055555556,0.23570226,0.444444444,0.511309993,0.0,0.0,0.0,0.0,0.166666667,0.383482494,0.055555556,0.23570226,0.055555556,0.23570226
24_22_03.bmp,2.388888888888889,0.222222222,0.427792632,0.777777778,0.427792632,0.0,0.0,0.0,0.0,0.055555556,0.23570226,0.0,0.0,0.0,0.0
11_02_01.bmp,2.888888888888889,0.111111111,0.323380833,0.555555556,0.511309993,0.0,0.0,0.111111111,0.323380833,0.277777778,0.460888599,0.055555556,0.23570226,0.055555556,0.23570226
26_06_01.bmp,4.0,0.111111111,0.323380833,0.055555556,0.23570226,0.111111111,0.323380833,0.055555556,0.23570226,0.055555556,0.23570226,0.0,0.0,0.055555556,0.23570226
10_18_02.bmp,2.333333333333333,0.055555556,0.23570226,0.722222222,0.460888599,0.055555556,0.23570226,0.055555556,0.23570226,0.444444444,0.511309993,0.277777778,0.460888599,0.111111111,0.323380833
28_21_03.bmp,2.7777777777777777,0.055555556,0.23570226,0.111111111,0.323380833,0.555555556,0.511309993,0.0,0.0,0.166666667,0.383482494,0.0,0.0,0.055555556,0.23570226
04_12_01.bmp,3.055555555555556,0.444444444,0.511309993,0.444444444,0.511309993,0.055555556,0.23570226,0.0,0.0,0.166666667,0.383482494,0.0,0.0,0.055555556,0.23570226
0250.jpg,1.8333333333333333,0.166666667,0.383482494,0.444444444,0.511309993,0.0,0.0,0.944444444,0.23570226,0.055555556,0.23570226,0.111111111,0.323380833,0.0,0.0
0449.jpg,2.7222222222222223,0.111111111,0.323380833,0.833333333,0.383482494,0.055555556,0.23570226,0.055555556,0.23570226,0.111111111,0.323380833,0.055555556,0.23570226,0.055555556,0.23570226
19_13_04.bmp,2.4444444444444446,0.0,0.0,0.166666667,0.383482494,0.833333333,0.383482494,0.0,0.0,0.055555556,0.23570226,0.111111111,0.323380833,0.055555556,0.23570226
34_23_02.bmp,2.7777777777777777,0.111111111,0.323380833,0.111111111,0.323380833,0.055555556,0.23570226,0.777777778,0.427792632,0.055555556,0.23570226,0.0,0.0,0.111111111,0.323380833
0635.jpg,3.4444444444444446,0.055555556,0.23570226,0.5,0.514495755,0.055555556,0.23570226,0.111111111,0.323380833,0.111111111,0.323380833,0.055555556,0.23570226,0.055555556,0.23570226
34_17_05.bmp,2.2777777777777777,0.055555556,0.23570226,0.555555556,0.511309993,0.222222222,0.427792632,0.055555556,0.23570226,0.111111111,0.323380833,0.166666667,0.383482494,0.222222222,0.427792632
13_13_05.bmp,2.555555555555556,0.055555556,0.23570226,0.166666667,0.383482494,0.888888889,0.323380833,0.0,0.0,0.055555556,0.23570226,0.0,0.0,0.055555556,0.23570226
01206.jpg,4.0,0.111111111,0.323380833,0.222222222,0.427792632,0.0,0.0,0.0,0.0,0.666666667,0.48507125,0.0,0.0,0.111111111,0.323380833
34_03_05.bmp,1.5555555555555556,0.055555556,0.23570226,0.888888889,0.323380833,0.166666667,0.383482494,0.0,0.0,0.0,0.0,0.0,0.0,0.055555556,0.23570226
0438.jpg,3.0,0.055555556,0.23570226,0.777777778,0.427792632,0.055555556,0.23570226,0.055555556,0.23570226,0.111111111,0.323380833,0.0,0.0,0.111111111,0.323380833
29_12_05.bmp,2.4444444444444446,0.666666667,0.48507125,0.388888889,0.501631326,0.111111111,0.323380833,0.0,0.0,0.111111111,0.323380833,0.111111111,0.323380833,0.0,0.0
15_17_05.bmp,2.1666666666666665,0.111111111,0.323380833,0.444444444,0.511309993,0.0,0.0,0.0,0.0,0.388888889,0.501631326,0.111111111,0.323380833,0.222222222,0.427792632
24_12_04.bmp,2.611111111111111,0.666666667,0.48507125,0.333333333,0.48507125,0.055555556,0.23570226,0.0,0.0,0.055555556,0.23570226,0.111111111,0.323380833,0.0,0.0
0405.jpg,2.888888888888889,0.055555556,0.23570226,0.833333333,0.383482494,0.0,0.0,0.055555556,0.23570226,0.111111111,0.323380833,0.0,0.0,0.055555556,0.23570226
0020.jpg,2.055555555555556,0.055555556,0.23570226,0.5,0.514495755,0.833333333,0.383482494,0.0,0.0,0.333333333,0.48507125,0.111111111,0.323380833,0.055555556,0.23570226
09_02_04.bmp,1.3888888888888888,0.111111111,0.323380833,0.944444444,0.23570226,0.111111111,0.323380833,0.055555556,0.23570226,0.222222222,0.427792632,0.0,0.0,0.055555556,0.23570226
34_05_01.bmp,3.2777777777777777,0.111111111,0.323380833,0.444444444,0.511309993,0.111111111,0.323380833,0.0,0.0,0.0,0.0,0.0,0.0,0.111111111,0.323380833
08_24_01.bmp,3.7777777777777777,0.111111111,0.323380833,0.388888889,0.501631326,0.0,0.0,0.166666667,0.383482494,0.055555556,0.23570226,0.0,0.0,0.0,0.0
02_06_02.bmp,2.6666666666666665,0.277777778,0.460888599,0.333333333,0.48507125,0.111111111,0.323380833,0.0,0.0,0.611111111,0.501631326,0.111111111,0.323380833,0.111111111,0.323380833
0707.jpg,3.2222222222222223,0.111111111,0.323380833,0.388888889,0.501631326,0.0,0.0,0.055555556,0.23570226,0.444444444,0.511309993,0.111111111,0.323380833,0.0,0.0
16_04_03.bmp,2.333333333333333,0.388888889,0.501631326,0.111111111,0.323380833,0.277777778,0.460888599,0.111111111,0.323380833,0.277777778,0.460888599,0.444444444,0.511309993,0.111111111,0.323380833
1120.jpg,3.2222222222222223,0.055555556,0.23570226,0.611111111,0.501631326,0.0,0.0,0.0,0.0,0.055555556,0.23570226,0.111111111,0.323380833,0.0,0.0
30_22_05.bmp,1.9444444444444444,0.166666667,0.383482494,0.833333333,0.383482494,0.0,0.0,0.111111111,0.323380833,0.333333333,0.48507125,0.055555556,0.23570226,0.0,0.0
02_14_05.bmp,1.2222222222222223,0.055555556,0.23570226,0.277777778,0.460888599,0.055555556,0.23570226,0.944444444,0.23570226,0.444444444,0.511309993,0.055555556,0.23570226,0.0,0.0
32_24_03.bmp,2.2777777777777777,0.0,0.0,0.777777778,0.427792632,0.055555556,0.23570226,0.111111111,0.323380833,0.388888889,0.501631326,0.111111111,0.323380833,0.0,0.0
25_24_04.bmp,1.2222222222222223,0.055555556,0.23570226,0.888888889,0.323380833,0.111111111,0.323380833,0.0,0.0,0.166666667,0.383482494,0.0,0.0,0.055555556,0.23570226
04_19_02.bmp,2.555555555555556,0.277777778,0.460888599,0.777777778,0.427792632,0.166666667,0.383482494,0.055555556,0.23570226,0.166666667,0.383482494,0.055555556,0.23570226,0.055555556,0.23570226
31_13_01.bmp,3.2777777777777777,0.055555556,0.23570226,0.388888889,0.501631326,0.0,0.0,0.0,0.0,0.277777778,0.460888599,0.0,0.0,0.111111111,0.323380833
34_04_03.bmp,2.2777777777777777,0.222222222,0.427792632,0.444444444,0.511309993,0.277777778,0.460888599,0.055555556,0.23570226,0.0,0.0,0.166666667,0.383482494,0.111111111,0.323380833
01458.jpg,3.6666666666666665,0.111111111,0.323380833,0.555555556,0.511309993,0.277777778,0.460888599,0.0,0.0,0.0,0.0,0.0,0.0,0.388888889,0.501631326
09_04_03.bmp,3.0,0.388888889,0.501631326,0.388888889,0.501631326,0.222222222,0.427792632,0.0,0.0,0.166666667,0.383482494,0.222222222,0.427792632,0.0,0.0
06_06_03.bmp,2.5,0.611111111,0.501631326,0.111111111,0.323380833,0.166666667,0.383482494,0.111111111,0.323380833,0.0,0.0,0.222222222,0.427792632,0.111111111,0.323380833
26_02_04.bmp,2.055555555555556,0.0,0.0,0.944444444,0.23570226,0.055555556,0.23570226,0.055555556,0.23570226,0.055555556,0.23570226,0.055555556,0.23570226,0.0,0.0
26_06_04.bmp,2.9444444444444446,0.277777778,0.460888599,0.111111111,0.323380833,0.333333333,0.48507125,0.111111111,0.323380833,0.055555556,0.23570226,0.166666667,0.383482494,0.055555556,0.23570226
1010.jpg,3.6666666666666665,0.055555556,0.23570226,0.166666667,0.383482494,0.0,0.0,0.611111111,0.501631326,0.277777778,0.460888599,0.0,0.0,0.0,0.0
33_22_01.bmp,3.055555555555556,0.055555556,0.23570226,0.444444444,0.511309993,0.055555556,0.23570226,0.111111111,0.323380833,0.388888889,0.501631326,0.0,0.0,0.0,0.0
07_11_02.bmp,2.7777777777777777,0.777777778,0.427792632,0.388888889,0.501631326,0.111111111,0.323380833,0.0,0.0,0.111111111,0.323380833,0.055555556,0.23570226,0.055555556,0.23570226
0702.jpg,3.388888888888889,0.055555556,0.23570226,0.333333333,0.48507125,0.055555556,0.23570226,0.055555556,0.23570226,0.388888889,0.501631326,0.055555556,0.23570226,0.055555556,0.23570226
27_17_05.bmp,2.2222222222222223,0.166666667,0.383482494,0.555555556,0.511309993,0.0,0.0,0.0,0.0,0.444444444,0.511309993,0.222222222,0.427792632,0.166666667,0.383482494
35_17_01.bmp,2.7777777777777777,0.166666667,0.383482494,0.5,0.514495755,0.055555556,0.23570226,0.0,0.0,0.166666667,0.383482494,0.111111111,0.323380833,0.277777778,0.460888599
01159.jpg,4.222222222222222,0.166666667,0.383482494,0.166666667,0.383482494,0.0,0.0,0.0,0.0,0.0,0.0,0.111111111,0.323380833,0.055555556,0.23570226
32_05_04.bmp,1.8888888888888888,0.444444444,0.511309993,0.666666667,0.48507125,0.055555556,0.23570226,0.055555556,0.23570226,0.388888889,0.501631326,0.055555556,0.23570226,0.111111111,0.323380833
27_12_01.bmp,3.388888888888889,0.222222222,0.427792632,0.388888889,0.501631326,0.111111111,0.323380833,0.055555556,0.23570226,0.444444444,0.511309993,0.111111111,0.323380833,0.0,0.0
37_09_03.bmp,2.7777777777777777,0.833333333,0.383482494,0.333333333,0.48507125,0.0,0.0,0.0,0.0,0.055555556,0.23570226,0.111111111,0.323380833,0.0,0.0
08_19_05.bmp,2.333333333333333,0.166666667,0.383482494,0.166666667,0.383482494,0.777777778,0.427792632,0.055555556,0.23570226,0.0,0.0,0.166666667,0.383482494,0.0,0.0
01_01_02.bmp,3.055555555555556,0.055555556,0.23570226,0.611111111,0.501631326,0.111111111,0.323380833,0.055555556,0.23570226,0.055555556,0.23570226,0.0,0.0,0.055555556,0.23570226
29_01_05.bmp,1.5555555555555556,0.055555556,0.23570226,0.944444444,0.23570226,0.0,0.0,0.055555556,0.23570226,0.055555556,0.23570226,0.0,0.0,0.0,0.0
21_02_01.bmp,3.388888888888889,0.111111111,0.323380833,0.5,0.514495755,0.055555556,0.23570226,0.0,0.0,0.055555556,0.23570226,0.055555556,0.23570226,0.055555556,0.23570226
0930.jpg,3.2777777777777777,0.111111111,0.323380833,0.333333333,0.48507125,0.0,0.0,0.611111111,0.501631326,0.222222222,0.427792632,0.055555556,0.23570226,0.055555556,0.23570226
05_21_03.bmp,2.6666666666666665,0.111111111,0.323380833,0.388888889,0.501631326,0.611111111,0.501631326,0.055555556,0.23570226,0.0,0.0,0.111111111,0.323380833,0.055555556,0.23570226
0082.jpg,2.2222222222222223,0.055555556,0.23570226,0.611111111,0.501631326,0.888888889,0.323380833,0.0,0.0,0.0,0.0,0.0,0.0,0.055555556,0.23570226
23_17_02.bmp,3.0,0.055555556,0.23570226,0.555555556,0.511309993,0.055555556,0.23570226,0.0,0.0,0.277777778,0.460888599,0.055555556,0.23570226,0.055555556,0.23570226
03_04_02.bmp,3.7777777777777777,0.111111111,0.323380833,0.222222222,0.427792632,0.166666667,0.383482494,0.055555556,0.23570226,0.111111111,0.323380833,0.055555556,0.23570226,0.055555556,0.23570226
25_05_02.bmp,2.5,0.5,0.514495755,0.5,0.514495755,0.166666667,0.383482494,0.0,0.0,0.111111111,0.323380833,0.055555556,0.23570226,0.055555556,0.23570226
0067.jpg,1.8888888888888888,0.0,0.0,0.611111111,0.501631326,1.0,0.0,0.055555556,0.23570226,0.055555556,0.23570226,0.055555556,0.23570226,0.166666667,0.383482494
31_06_05.bmp,1.7777777777777777,0.333333333,0.48507125,0.5,0.514495755,0.277777778,0.460888599,0.055555556,0.23570226,0.166666667,0.383482494,0.111111111,0.323380833,0.055555556,0.23570226
36_06_03.bmp,2.833333333333333,0.388888889,0.501631326,0.5,0.514495755,0.222222222,0.427792632,0.0,0.0,0.0,0.0,0.0,0.0,0.055555556,0.23570226
0714.jpg,3.4444444444444446,0.111111111,0.323380833,0.277777778,0.460888599,0.0,0.0,0.166666667,0.383482494,0.277777778,0.460888599,0.111111111,0.323380833,0.055555556,0.23570226
07_16_03.bmp,3.2222222222222223,0.333333333,0.48507125,0.5,0.514495755,0.0,0.0,0.055555556,0.23570226,0.055555556,0.23570226,0.0,0.0,0.0,0.0
08_16_05.bmp,2.111111111111111,0.444444444,0.511309993,0.722222222,0.460888599,0.0,0.0,0.0,0.0,0.055555556,0.23570226,0.0,0.0,0.0,0.0
37_01_04.bmp,2.6666666666666665,0.0,0.0,0.833333333,0.383482494,0.055555556,0.23570226,0.055555556,0.23570226,0.055555556,0.23570226,0.055555556,0.23570226,0.055555556,0.23570226
10_07_04.bmp,1.6666666666666667,0.277777778,0.460888599,0.833333333,0.383482494,0.0,0.0,0.055555556,0.23570226,0.277777778,0.460888599,0.166666667,0.383482494,0.0,0.0
08_08_01.bmp,4.055555555555555,0.222222222,0.427792632,0.166666667,0.383482494,0.0,0.0,0.055555556,0.23570226,0.055555556,0.23570226,0.0,0.0,0.0,0.0
0468.jpg,3.2222222222222223,0.055555556,0.23570226,0.388888889,0.501631326,0.055555556,0.23570226,0.166666667,0.383482494,0.666666667,0.48507125,0.0,0.0,0.0,0.0
0852.jpg,3.5,0.055555556,0.23570226,0.388888889,0.501631326,0.0,0.0,0.055555556,0.23570226,0.388888889,0.501631326,0.0,0.0,0.0,0.0
0365.jpg,2.055555555555556,0.055555556,0.23570226,0.888888889,0.323380833,0.0,0.0,0.055555556,0.23570226,0.111111111,0.323380833,0.055555556,0.23570226,0.0,0.0
33_19_02.bmp,2.9444444444444446,0.166666667,0.383482494,0.444444444,0.511309993,0.333333333,0.48507125,0.0,0.0,0.388888889,0.501631326,0.055555556,0.23570226,0.055555556,0.23570226
37_19_05.bmp,2.7777777777777777,0.055555556,0.23570226,0.166666667,0.383482494,0.722222222,0.460888599,0.055555556,0.23570226,0.055555556,0.23570226,0.055555556,0.23570226,0.0,0.0
10_08_03.bmp,2.611111111111111,0.444444444,0.511309993,0.666666667,0.48507125,0.0,0.0,0.0,0.0,0.333333333,0.48507125,0.166666667,0.383482494,0.0,0.0
0461.jpg,3.1666666666666665,0.055555556,0.23570226,0.277777778,0.460888599,0.0,0.0,0.166666667,0.383482494,0.777777778,0.427792632,0.0,0.0,0.111111111,0.323380833
13_18_03.bmp,2.5,0.0,0.0,0.722222222,0.460888599,0.055555556,0.23570226,0.0,0.0,0.277777778,0.460888599,0.055555556,0.23570226,0.111111111,0.323380833
21_23_03.bmp,2.555555555555556,0.111111111,0.323380833,0.166666667,0.383482494,0.0,0.0,0.722222222,0.460888599,0.0,0.0,0.0,0.0,0.055555556,0.23570226
36_08_05.bmp,2.0,0.222222222,0.427792632,0.833333333,0.383482494,0.166666667,0.383482494,0.0,0.0,0.0,0.0,0.055555556,0.23570226,0.111111111,0.323380833
32_04_02.bmp,2.611111111111111,0.277777778,0.460888599,0.555555556,0.511309993,0.166666667,0.383482494,0.0,0.0,0.444444444,0.511309993,0.055555556,0.23570226,0.055555556,0.23570226
05_07_03.bmp,2.111111111111111,0.277777778,0.460888599,0.777777778,0.427792632,0.111111111,0.323380833,0.0,0.0,0.0,0.0,0.055555556,0.23570226,0.166666667,0.383482494
0541.jpg,2.888888888888889,0.055555556,0.23570226,0.388888889,0.501631326,0.0,0.0,0.111111111,0.323380833,0.833333333,0.383482494,0.0,0.0,0.0,0.0
12_07_04.bmp,1.6666666666666667,0.055555556,0.23570226,0.944444444,0.23570226,0.111111111,0.323380833,0.055555556,0.23570226,0.0,0.0,0.055555556,0.23570226,0.0,0.0
0095.jpg,1.6666666666666667,0.0,0.0,0.611111111,0.501631326,1.0,0.0,0.055555556,0.23570226,0.055555556,0.23570226,0.0,0.0,0.055555556,0.23570226
0770.jpg,3.7777777777777777,0.111111111,0.323380833,0.277777778,0.460888599,0.0,0.0,0.0,0.0,0.111111111,0.323380833,0.055555556,0.23570226,0.0,0.0
34_05_02.bmp,3.333333333333333,0.222222222,0.427792632,0.5,0.514495755,0.166666667,0.383482494,0.111111111,0.323380833,0.0,0.0,0.055555556,0.23570226,0.055555556,0.23570226
0073.jpg,3.2222222222222223,0.0,0.0,0.333333333,0.48507125,0.555555556,0.511309993,0.055555556,0.23570226,0.055555556,0.23570226,0.0,0.0,0.0,0.0
03_21_03.bmp,3.333333333333333,0.0,0.0,0.055555556,0.23570226,0.388888889,0.501631326,0.0,0.0,0.055555556,0.23570226,0.055555556,0.23570226,0.055555556,0.23570226
31_25_05.bmp,1.8333333333333333,0.055555556,0.23570226,0.111111111,0.323380833,0.0,0.0,0.055555556,0.23570226,0.222222222,0.427792632,0.0,0.0,0.944444444,0.23570226
28_10_05.bmp,2.111111111111111,0.777777778,0.427792632,0.277777778,0.460888599,0.055555556,0.23570226,0.0,0.0,0.222222222,0.427792632,0.111111111,0.323380833,0.055555556,0.23570226
0335.jpg,2.888888888888889,0.111111111,0.323380833,0.666666667,0.48507125,0.055555556,0.23570226,0.166666667,0.383482494,0.055555556,0.23570226,0.0,0.0,0.0,0.0
19_17_03.bmp,2.611111111111111,0.055555556,0.23570226,0.444444444,0.511309993,0.055555556,0.23570226,0.0,0.0,0.277777778,0.460888599,0.277777778,0.460888599,0.222222222,0.427792632
05_18_05.bmp,1.5555555555555556,0.222222222,0.427792632,0.777777778,0.427792632,0.166666667,0.383482494,0.055555556,0.23570226,0.0,0.0,0.055555556,0.23570226,0.111111111,0.323380833
19_01_04.bmp,1.9444444444444444,0.0,0.0,0.944444444,0.23570226,0.0,0.0,0.0,0.0,0.111111111,0.323380833,0.055555556,0.23570226,0.111111111,0.323380833
0387.jpg,2.6666666666666665,0.166666667,0.383482494,0.888888889,0.323380833,0.055555556,0.23570226,0.055555556,0.23570226,0.055555556,0.23570226,0.0,0.0,0.0,0.0
11_07_01.bmp,2.7777777777777777,0.055555556,0.23570226,0.611111111,0.501631326,0.0,0.0,0.111111111,0.323380833,0.388888889,0.501631326,0.055555556,0.23570226,0.0,0.0
07_02_04.bmp,1.6666666666666667,0.0,0.0,1.0,0.0,0.111111111,0.323380833,0.055555556,0.23570226,0.0,0.0,0.0,0.0,0.0,0.0
29_02_01.bmp,3.4444444444444446,0.111111111,0.323380833,0.5,0.514495755,0.0,0.0,0.055555556,0.23570226,0.111111111,0.323380833,0.055555556,0.23570226,0.055555556,0.23570226
0197.jpg,2.0,0.055555556,0.23570226,0.222222222,0.427792632,0.055555556,0.23570226,0.833333333,0.383482494,0.055555556,0.23570226,0.0,0.0,0.0,0.0
33_23_03.bmp,2.5,0.111111111,0.323380833,0.111111111,0.323380833,0.0,0.0,0.833333333,0.383482494,0.388888889,0.501631326,0.0,0.0,0.055555556,0.23570226
25_21_02.bmp,2.2222222222222223,0.166666667,0.383482494,0.333333333,0.48507125,0.777777778,0.427792632,0.0,0.0,0.111111111,0.323380833,0.0,0.0,0.0,0.0
15_08_05.bmp,1.6666666666666667,0.388888889,0.501631326,0.722222222,0.460888599,0.0,0.0,0.055555556,0.23570226,0.222222222,0.427792632,0.111111111,0.323380833,0.055555556,0.23570226
22_15_03.bmp,3.2777777777777777,0.055555556,0.23570226,0.555555556,0.511309993,0.111111111,0.323380833,0.055555556,0.23570226,0.111111111,0.323380833,0.111111111,0.323380833,0.0,0.0
02_21_03.bmp,2.7222222222222223,0.055555556,0.23570226,0.222222222,0.427792632,0.666666667,0.48507125,0.0,0.0,0.333333333,0.48507125,0.055555556,0.23570226,0.055555556,0.23570226
33_21_02.bmp,2.5,0.222222222,0.427792632,0.444444444,0.511309993,0.5,0.514495755,0.277777778,0.460888599,0.333333333,0.48507125,0.0,0.0,0.0,0.0
09_09_04.bmp,2.4444444444444446,0.722222222,0.460888599,0.333333333,0.48507125,0.055555556,0.23570226,0.055555556,0.23570226,0.166666667,0.383482494,0.111111111,0.323380833,0.0,0.0
26_23_03.bmp,2.7777777777777777,0.055555556,0.23570226,0.0,0.0,0.166666667,0.383482494,0.666666667,0.48507125,0.055555556,0.23570226,0.0,0.0,0.166666667,0.383482494
14_13_04.bmp,2.555555555555556,0.0,0.0,0.166666667,0.383482494,0.944444444,0.23570226,0.0,0.0,0.055555556,0.23570226,0.055555556,0.23570226,0.055555556,0.23570226
0923.jpg,3.2222222222222223,0.111111111,0.323380833,0.277777778,0.460888599,0.0,0.0,0.277777778,0.460888599,0.722222222,0.460888599,0.0,0.0,0.0,0.0
12_17_02.bmp,2.888888888888889,0.111111111,0.323380833,0.388888889,0.501631326,0.055555556,0.23570226,0.0,0.0,0.111111111,0.323380833,0.111111111,0.323380833,0.222222222,0.427792632
0631.jpg,3.555555555555556,0.111111111,0.323380833,0.388888889,0.501631326,0.0,0.0,0.166666667,0.383482494,0.055555556,0.23570226,0.0,0.0,0.055555556,0.23570226
01_14_01.bmp,3.111111111111111,0.111111111,0.323380833,0.611111111,0.501631326,0.166666667,0.383482494,0.0,0.0,0.0,0.0,0.0,0.0,0.055555556,0.23570226
0025.jpg,2.2777777777777777,0.055555556,0.23570226,0.444444444,0.511309993,0.944444444,0.23570226,0.0,0.0,0.055555556,0.23570226,0.222222222,0.427792632,0.0,0.0
31_23_04.bmp,2.1666666666666665,0.111111111,0.323380833,0.222222222,0.427792632,0.0,0.0,0.777777778,0.427792632,0.166666667,0.383482494,0.0,0.0,0.166666667,0.383482494
0281.jpg,1.8888888888888888,0.166666667,0.383482494,0.388888889,0.501631326,0.0,0.0,0.888888889,0.323380833,0.055555556,0.23570226,0.0,0.0,0.055555556,0.23570226
36_16_05.bmp,1.6111111111111112,0.222222222,0.427792632,0.888888889,0.323380833,0.055555556,0.23570226,0.055555556,0.23570226,0.0,0.0,0.0,0.0,0.0,0.0
23_12_02.bmp,3.111111111111111,0.5,0.514495755,0.277777778,0.460888599,0.055555556,0.23570226,0.0,0.0,0.277777778,0.460888599,0.055555556,0.23570226,0.055555556,0.23570226
25_20_05.bmp,1.7777777777777777,0.722222222,0.460888599,0.444444444,0.511309993,0.277777778,0.460888599,0.166666667,0.383482494,0.222222222,0.427792632,0.055555556,0.23570226,0.0,0.0
0180.jpg,2.833333333333333,0.055555556,0.23570226,0.388888889,0.501631326,0.777777778,0.427792632,0.0,0.0,0.0,0.0,0.0,0.0,0.0,0.0
13_23_01.bmp,3.333333333333333,0.055555556,0.23570226,0.055555556,0.23570226,0.0,0.0,0.777777778,0.427792632,0.166666667,0.383482494,0.055555556,0.23570226,0.166666667,0.383482494
14_05_03.bmp,2.611111111111111,0.111111111,0.323380833,0.777777778,0.427792632,0.111111111,0.323380833,0.0,0.0,0.0,0.0,0.055555556,0.23570226,0.055555556,0.23570226
01_17_01.bmp,2.7777777777777777,0.166666667,0.383482494,0.666666667,0.48507125,0.111111111,0.323380833,0.0,0.0,0.166666667,0.383482494,0.055555556,0.23570226,0.166666667,0.383482494
20_10_05.bmp,2.111111111111111,0.722222222,0.460888599,0.222222222,0.427792632,0.111111111,0.323380833,0.055555556,0.23570226,0.111111111,0.323380833,0.055555556,0.23570226,0.0,0.0
13_24_04.bmp,1.8888888888888888,0.0,0.0,0.944444444,0.23570226,0.055555556,0.23570226,0.055555556,0.23570226,0.055555556,0.23570226,0.055555556,0.23570226,0.0,0.0
29_21_02.bmp,2.6666666666666665,0.055555556,0.23570226,0.277777778,0.460888599,0.666666667,0.48507125,0.0,0.0,0.055555556,0.23570226,0.111111111,0.323380833,0.055555556,0.23570226
0659.jpg,3.2777777777777777,0.111111111,0.323380833,0.5,0.514495755,0.055555556,0.23570226,0.055555556,0.23570226,0.0,0.0,0.0,0.0,0.055555556,0.23570226
16_25_02.bmp,2.888888888888889,0.055555556,0.23570226,0.055555556,0.23570226,0.0,0.0,0.055555556,0.23570226,0.333333333,0.48507125,0.222222222,0.427792632,0.833333333,0.383482494
24_18_05.bmp,1.4444444444444444,0.0,0.0,0.777777778,0.427792632,0.055555556,0.23570226,0.055555556,0.23570226,0.0,0.0,0.0,0.0,0.0,0.0
21_11_01.bmp,3.5,0.444444444,0.511309993,0.388888889,0.501631326,0.0,0.0,0.0,0.0,0.055555556,0.23570226,0.0,0.0,0.0,0.0
26_10_04.bmp,2.888888888888889,0.611111111,0.501631326,0.111111111,0.323380833,0.055555556,0.23570226,0.055555556,0.23570226,0.055555556,0.23570226,0.055555556,0.23570226,0.0,0.0
10_24_04.bmp,1.7222222222222223,0.055555556,0.23570226,0.888888889,0.323380833,0.0,0.0,0.055555556,0.23570226,0.277777778,0.460888599,0.111111111,0.323380833,0.055555556,0.23570226
10_02_03.bmp,1.9444444444444444,0.055555556,0.23570226,0.888888889,0.323380833,0.0,0.0,0.0,0.0,0.388888889,0.501631326,0.166666667,0.383482494,0.0,0.0
0593.jpg,3.2222222222222223,0.111111111,0.323380833,0.166666667,0.383482494,0.0,0.0,0.111111111,0.323380833,0.555555556,0.511309993,0.166666667,0.383482494,0.055555556,0.23570226
0196.jpg,1.9444444444444444,0.055555556,0.23570226,0.222222222,0.427792632,0.0,0.0,0.888888889,0.323380833,0.0,0.0,0.0,0.0,0.0,0.0
05_06_04.bmp,1.6666666666666667,0.555555556,0.511309993,0.333333333,0.48507125,0.222222222,0.427792632,0.055555556,0.23570226,0.055555556,0.23570226,0.277777778,0.460888599,0.055555556,0.23570226
07_22_04.bmp,1.7777777777777777,0.388888889,0.501631326,0.611111111,0.501631326,0.166666667,0.383482494,0.0,0.0,0.0,0.0,0.055555556,0.23570226,0.0,0.0
31_19_04.bmp,2.388888888888889,0.166666667,0.383482494,0.5,0.514495755,0.666666667,0.48507125,0.0,0.0,0.111111111,0.323380833,0.0,0.0,0.055555556,0.23570226
0670.jpg,3.4444444444444446,0.055555556,0.23570226,0.277777778,0.460888599,0.0,0.0,0.111111111,0.323380833,0.277777778,0.460888599,0.055555556,0.23570226,0.055555556,0.23570226
14_02_03.bmp,2.0,0.0,0.0,0.888888889,0.323380833,0.111111111,0.323380833,0.0,0.0,0.055555556,0.23570226,0.055555556,0.23570226,0.0,0.0
07_01_03.bmp,2.555555555555556,0.055555556,0.23570226,0.777777778,0.427792632,0.277777778,0.460888599,0.055555556,0.23570226,0.111111111,0.323380833,0.0,0.0,0.055555556,0.23570226
14_14_03.bmp,2.833333333333333,0.111111111,0.323380833,0.222222222,0.427792632,0.111111111,0.323380833,0.444444444,0.511309993,0.055555556,0.23570226,0.111111111,0.323380833,0.055555556,0.23570226
28_13_04.bmp,2.611111111111111,0.055555556,0.23570226,0.333333333,0.48507125,0.666666667,0.48507125,0.0,0.0,0.277777778,0.460888599,0.055555556,0.23570226,0.0,0.0
32_11_04.bmp,2.333333333333333,0.611111111,0.501631326,0.444444444,0.511309993,0.055555556,0.23570226,0.055555556,0.23570226,0.333333333,0.48507125,0.055555556,0.23570226,0.0,0.0
12_20_01.bmp,2.888888888888889,0.333333333,0.48507125,0.111111111,0.323380833,0.388888889,0.501631326,0.222222222,0.427792632,0.111111111,0.323380833,0.0,0.0,0.0,0.0
15_18_04.bmp,2.611111111111111,0.222222222,0.427792632,0.611111111,0.501631326,0.0,0.0,0.0,0.0,0.222222222,0.427792632,0.055555556,0.23570226,0.0,0.0
36_11_04.bmp,2.2222222222222223,0.833333333,0.383482494,0.333333333,0.48507125,0.166666667,0.383482494,0.0,0.0,0.111111111,0.323380833,0.055555556,0.23570226,0.0,0.0
0916.jpg,3.888888888888889,0.222222222,0.427792632,0.277777778,0.460888599,0.0,0.0,0.055555556,0.23570226,0.166666667,0.383482494,0.0,0.0,0.0,0.0
23_13_02.bmp,3.2222222222222223,0.0,0.0,0.277777778,0.460888599,0.333333333,0.48507125,0.0,0.0,0.222222222,0.427792632,0.055555556,0.23570226,0.0,0.0
20_10_03.bmp,2.555555555555556,0.611111111,0.501631326,0.222222222,0.427792632,0.055555556,0.23570226,0.0,0.0,0.111111111,0.323380833,0.055555556,0.23570226,0.055555556,0.23570226
05_01_03.bmp,2.6666666666666665,0.111111111,0.323380833,0.666666667,0.48507125,0.222222222,0.427792632,0.055555556,0.23570226,0.0,0.0,0.055555556,0.23570226,0.055555556,0.23570226
13_09_02.bmp,3.0,0.833333333,0.383482494,0.222222222,0.427792632,0.055555556,0.23570226,0.0,0.0,0.222222222,0.427792632,0.0,0.0,0.111111111,0.323380833
11_12_01.bmp,3.111111111111111,0.222222222,0.427792632,0.388888889,0.501631326,0.0,0.0,0.055555556,0.23570226,0.277777778,0.460888599,0.111111111,0.323380833,0.0,0.0
34_08_02.bmp,3.055555555555556,0.055555556,0.23570226,0.666666667,0.48507125,0.111111111,0.323380833,0.0,0.0,0.0,0.0,0.0,0.0,0.055555556,0.23570226
05_20_02.bmp,2.5,0.666666667,0.48507125,0.277777778,0.460888599,0.166666667,0.383482494,0.166666667,0.383482494,0.111111111,0.323380833,0.0,0.0,0.055555556,0.23570226
03_03_05.bmp,2.1666666666666665,0.111111111,0.323380833,0.833333333,0.383482494,0.055555556,0.23570226,0.0,0.0,0.111111111,0.323380833,0.0,0.0,0.055555556,0.23570226
04_23_05.bmp,1.8888888888888888,0.055555556,0.23570226,0.444444444,0.511309993,0.055555556,0.23570226,0.833333333,0.383482494,0.111111111,0.323380833,0.0,0.0,0.111111111,0.323380833
0207.jpg,1.7222222222222223,0.055555556,0.23570226,0.222222222,0.427792632,0.0,0.0,0.944444444,0.23570226,0.222222222,0.427792632,0.0,0.0,0.0,0.0
0818.jpg,3.5,0.055555556,0.23570226,0.388888889,0.501631326,0.0,0.0,0.0,0.0,0.166666667,0.383482494,0.111111111,0.323380833,0.055555556,0.23570226
28_18_03.bmp,3.0,0.111111111,0.323380833,0.722222222,0.460888599,0.055555556,0.23570226,0.055555556,0.23570226,0.222222222,0.427792632,0.055555556,0.23570226,0.0,0.0
27_08_02.bmp,3.0,0.111111111,0.323380833,0.444444444,0.511309993,0.0,0.0,0.055555556,0.23570226,0.444444444,0.511309993,0.055555556,0.23570226,0.055555556,0.23570226
0353.jpg,2.4444444444444446,0.055555556,0.23570226,0.888888889,0.323380833,0.055555556,0.23570226,0.111111111,0.323380833,0.0,0.0,0.0,0.0,0.0,0.0
05_11_01.bmp,3.055555555555556,0.5,0.514495755,0.333333333,0.48507125,0.055555556,0.23570226,0.0,0.0,0.0,0.0,0.111111111,0.323380833,0.055555556,0.23570226
27_19_04.bmp,2.111111111111111,0.277777778,0.460888599,0.333333333,0.48507125,0.611111111,0.501631326,0.0,0.0,0.388888889,0.501631326,0.055555556,0.23570226,0.055555556,0.23570226
36_03_01.bmp,3.333333333333333,0.111111111,0.323380833,0.5,0.514495755,0.055555556,0.23570226,0.055555556,0.23570226,0.0,0.0,0.0,0.0,0.111111111,0.323380833
0249.jpg,1.7777777777777777,0.277777778,0.460888599,0.388888889,0.501631326,0.0,0.0,0.944444444,0.23570226,0.111111111,0.323380833,0.0,0.0,0.0,0.0
20_15_01.bmp,1.4444444444444444,0.055555556,0.23570226,0.222222222,0.427792632,0.833333333,0.383482494,0.0,0.0,0.055555556,0.23570226,0.055555556,0.23570226,0.0,0.0
09_19_05.bmp,2.7222222222222223,0.055555556,0.23570226,0.277777778,0.460888599,0.666666667,0.48507125,0.055555556,0.23570226,0.111111111,0.323380833,0.0,0.0,0.0,0.0
30_15_03.bmp,3.1666666666666665,0.166666667,0.383482494,0.222222222,0.427792632,0.055555556,0.23570226,0.166666667,0.383482494,0.333333333,0.48507125,0.055555556,0.23570226,0.0,0.0
01263.jpg,3.1666666666666665,0.333333333,0.48507125,0.555555556,0.511309993,0.222222222,0.427792632,0.055555556,0.23570226,0.388888889,0.501631326,0.0,0.0,0.0,0.0
34_14_03.bmp,3.1666666666666665,0.166666667,0.383482494,0.444444444,0.511309993,0.333333333,0.48507125,0.055555556,0.23570226,0.055555556,0.23570226,0.0,0.0,0.055555556,0.23570226
0134.jpg,3.611111111111111,0.055555556,0.23570226,0.111111111,0.323380833,0.611111111,0.501631326,0.0,0.0,0.055555556,0.23570226,0.111111111,0.323380833,0.055555556,0.23570226
02_09_02.bmp,2.7777777777777777,0.722222222,0.460888599,0.388888889,0.501631326,0.0,0.0,0.0,0.0,0.5,0.514495755,0.055555556,0.23570226,0.111111111,0.323380833
07_21_05.bmp,1.7222222222222223,0.166666667,0.383482494,0.444444444,0.511309993,0.055555556,0.23570226,0.555555556,0.511309993,0.055555556,0.23570226,0.111111111,0.323380833,0.055555556,0.23570226
10_18_01.bmp,2.611111111111111,0.0,0.0,0.555555556,0.511309993,0.055555556,0.23570226,0.055555556,0.23570226,0.444444444,0.511309993,0.222222222,0.427792632,0.166666667,0.383482494
21_13_03.bmp,3.055555555555556,0.111111111,0.323380833,0.444444444,0.511309993,0.388888889,0.501631326,0.0,0.0,0.0,0.0,0.0,0.0,0.055555556,0.23570226
29_20_03.bmp,2.2222222222222223,0.5,0.514495755,0.388888889,0.501631326,0.111111111,0.323380833,0.277777778,0.460888599,0.166666667,0.383482494,0.166666667,0.383482494,0.055555556,0.23570226
08_11_01.bmp,3.8333333333333335,0.444444444,0.511309993,0.055555556,0.23570226,0.055555556,0.23570226,0.111111111,0.323380833,0.055555556,0.23570226,0.0,0.0,0.0,0.0
19_23_03.bmp,2.6666666666666665,0.055555556,0.23570226,0.055555556,0.23570226,0.0,0.0,0.722222222,0.460888599,0.111111111,0.323380833,0.111111111,0.323380833,0.111111111,0.323380833
02_05_01.bmp,3.333333333333333,0.111111111,0.323380833,0.277777778,0.460888599,0.0,0.0,0.055555556,0.23570226,0.611111111,0.501631326,0.0,0.0,0.111111111,0.323380833
21_03_04.bmp,2.055555555555556,0.111111111,0.323380833,0.888888889,0.323380833,0.0,0.0,0.0,0.0,0.0,0.0,0.0,0.0,0.0,0.0
33_08_02.bmp,3.111111111111111,0.166666667,0.383482494,0.5,0.514495755,0.055555556,0.23570226,0.0,0.0,0.5,0.514495755,0.0,0.0,0.0,0.0
15_12_05.bmp,2.111111111111111,0.777777778,0.427792632,0.166666667,0.383482494,0.111111111,0.323380833,0.0,0.0,0.222222222,0.427792632,0.055555556,0.23570226,0.055555556,0.23570226
0454.jpg,2.888888888888889,0.0,0.0,0.333333333,0.48507125,0.0,0.0,0.055555556,0.23570226,0.833333333,0.383482494,0.0,0.0,0.666666667,0.48507125
35_03_02.bmp,2.611111111111111,0.166666667,0.383482494,0.833333333,0.383482494,0.0,0.0,0.0,0.0,0.0,0.0,0.055555556,0.23570226,0.055555556,0.23570226
1129.jpg,2.833333333333333,0.0,0.0,0.388888889,0.501631326,0.0,0.0,0.111111111,0.323380833,0.722222222,0.460888599,0.166666667,0.383482494,0.055555556,0.23570226
33_07_01.bmp,3.055555555555556,0.055555556,0.23570226,0.666666667,0.48507125,0.0,0.0,0.0,0.0,0.388888889,0.501631326,0.0,0.0,0.0,0.0
1097.jpg,2.833333333333333,0.111111111,0.323380833,0.111111111,0.323380833,0.0,0.0,0.055555556,0.23570226,0.222222222,0.427792632,0.055555556,0.23570226,0.833333333,0.383482494
0271.jpg,2.2777777777777777,0.222222222,0.427792632,0.277777778,0.460888599,0.0,0.0,0.833333333,0.383482494,0.0,0.0,0.0,0.0,0.055555556,0.23570226
03_15_01.bmp,2.7777777777777777,0.055555556,0.23570226,0.166666667,0.383482494,0.888888889,0.323380833,0.0,0.0,0.111111111,0.323380833,0.0,0.0,0.055555556,0.23570226
20_18_03.bmp,2.4444444444444446,0.222222222,0.427792632,0.722222222,0.460888599,0.055555556,0.23570226,0.0,0.0,0.111111111,0.323380833,0.055555556,0.23570226,0.0,0.0
15_06_01.bmp,2.7777777777777777,0.222222222,0.427792632,0.166666667,0.383482494,0.166666667,0.383482494,0.111111111,0.323380833,0.222222222,0.427792632,0.0,0.0,0.055555556,0.23570226
12_13_03.bmp,3.0,0.111111111,0.323380833,0.166666667,0.383482494,0.555555556,0.511309993,0.0,0.0,0.111111111,0.323380833,0.055555556,0.23570226,0.0,0.0
11_22_01.bmp,2.833333333333333,0.277777778,0.460888599,0.388888889,0.501631326,0.055555556,0.23570226,0.222222222,0.427792632,0.222222222,0.427792632,0.055555556,0.23570226,0.055555556,0.23570226
0920.jpg,3.9444444444444446,0.111111111,0.323380833,0.277777778,0.460888599,0.055555556,0.23570226,0.055555556,0.23570226,0.166666667,0.383482494,0.0,0.0,0.0,0.0
23_23_03.bmp,2.555555555555556,0.055555556,0.23570226,0.277777778,0.460888599,0.0,0.0,0.722222222,0.460888599,0.111111111,0.323380833,0.055555556,0.23570226,0.111111111,0.323380833
11_11_04.bmp,2.555555555555556,0.888888889,0.323380833,0.222222222,0.427792632,0.111111111,0.323380833,0.055555556,0.23570226,0.222222222,0.427792632,0.055555556,0.23570226,0.0,0.0
14_10_03.bmp,2.5,0.833333333,0.383482494,0.277777778,0.460888599,0.055555556,0.23570226,0.0,0.0,0.111111111,0.323380833,0.055555556,0.23570226,0.055555556,0.23570226
1044.jpg,3.333333333333333,0.055555556,0.23570226,0.444444444,0.511309993,0.0,0.0,0.555555556,0.511309993,0.055555556,0.23570226,0.055555556,0.23570226,0.055555556,0.23570226
08_19_04.bmp,2.6666666666666665,0.333333333,0.48507125,0.277777778,0.460888599,0.611111111,0.501631326,0.0,0.0,0.0,0.0,0.111111111,0.323380833,0.055555556,0.23570226
01443.jpg,3.611111111111111,0.111111111,0.323380833,0.444444444,0.511309993,0.111111111,0.323380833,0.055555556,0.23570226,0.0,0.0,0.0,0.0,0.055555556,0.23570226
22_17_05.bmp,2.2222222222222223,0.055555556,0.23570226,0.611111111,0.501631326,0.0,0.0,0.055555556,0.23570226,0.166666667,0.383482494,0.222222222,0.427792632,0.055555556,0.23570226
11_17_05.bmp,2.2222222222222223,0.111111111,0.323380833,0.5,0.514495755,0.0,0.0,0.055555556,0.23570226,0.277777778,0.460888599,0.166666667,0.383482494,0.277777778,0.460888599
0248.jpg,1.3333333333333333,0.111111111,0.323380833,0.277777778,0.460888599,0.0,0.0,0.944444444,0.23570226,0.055555556,0.23570226,0.0,0.0,0.0,0.0
18_10_02.bmp,2.9444444444444446,0.611111111,0.501631326,0.333333333,0.48507125,0.111111111,0.323380833,0.0,0.0,0.055555556,0.23570226,0.0,0.0,0.055555556,0.23570226
19_09_01.bmp,3.333333333333333,0.555555556,0.511309993,0.277777778,0.460888599,0.055555556,0.23570226,0.0,0.0,0.055555556,0.23570226,0.111111111,0.323380833,0.055555556,0.23570226
24_22_04.bmp,1.9444444444444444,0.111111111,0.323380833,0.888888889,0.323380833,0.0,0.0,0.055555556,0.23570226,0.055555556,0.23570226,0.0,0.0,0.0,0.0
0358.jpg,2.2222222222222223,0.055555556,0.23570226,0.888888889,0.323380833,0.055555556,0.23570226,0.111111111,0.323380833,0.055555556,0.23570226,0.0,0.0,0.0,0.0
0517.jpg,2.7222222222222223,0.111111111,0.323380833,0.388888889,0.501631326,0.055555556,0.23570226,0.444444444,0.511309993,0.666666667,0.48507125,0.055555556,0.23570226,0.055555556,0.23570226
31_11_01.bmp,3.2777777777777777,0.333333333,0.48507125,0.277777778,0.460888599,0.0,0.0,0.055555556,0.23570226,0.222222222,0.427792632,0.0,0.0,0.055555556,0.23570226
33_13_02.bmp,3.2222222222222223,0.111111111,0.323380833,0.333333333,0.48507125,0.111111111,0.323380833,0.0,0.0,0.5,0.514495755,0.0,0.0,0.0,0.0
28_10_04.bmp,2.7222222222222223,0.722222222,0.460888599,0.222222222,0.427792632,0.111111111,0.323380833,0.055555556,0.23570226,0.222222222,0.427792632,0.055555556,0.23570226,0.0,0.0
0346.jpg,3.0,0.111111111,0.323380833,0.777777778,0.427792632,0.0,0.0,0.111111111,0.323380833,0.0,0.0,0.055555556,0.23570226,0.055555556,0.23570226
24_17_05.bmp,2.4444444444444446,0.111111111,0.323380833,0.555555556,0.511309993,0.111111111,0.323380833,0.0,0.0,0.055555556,0.23570226,0.111111111,0.323380833,0.166666667,0.383482494
15_09_05.bmp,2.1666666666666665,0.722222222,0.460888599,0.222222222,0.427792632,0.111111111,0.323380833,0.0,0.0,0.333333333,0.48507125,0.0,0.0,0.0,0.0
31_13_02.bmp,3.555555555555556,0.055555556,0.23570226,0.388888889,0.501631326,0.166666667,0.383482494,0.055555556,0.23570226,0.166666667,0.383482494,0.0,0.0,0.055555556,0.23570226
31_05_03.bmp,2.5,0.277777778,0.460888599,0.833333333,0.383482494,0.055555556,0.23570226,0.0,0.0,0.333333333,0.48507125,0.0,0.0,0.0,0.0
11_17_01.bmp,2.833333333333333,0.055555556,0.23570226,0.555555556,0.511309993,0.055555556,0.23570226,0.055555556,0.23570226,0.333333333,0.48507125,0.111111111,0.323380833,0.166666667,0.383482494
23_23_02.bmp,2.9444444444444446,0.111111111,0.323380833,0.222222222,0.427792632,0.0,0.0,0.722222222,0.460888599,0.166666667,0.383482494,0.0,0.0,0.111111111,0.323380833
28_15_05.bmp,2.833333333333333,0.055555556,0.23570226,0.333333333,0.48507125,0.111111111,0.323380833,0.388888889,0.501631326,0.222222222,0.427792632,0.055555556,0.23570226,0.055555556,0.23570226
23_25_05.bmp,2.1666666666666665,0.111111111,0.323380833,0.055555556,0.23570226,0.0,0.0,0.0,0.0,0.111111111,0.323380833,0.055555556,0.23570226,0.777777778,0.427792632
37_18_04.bmp,3.0,0.111111111,0.323380833,0.666666667,0.48507125,0.0,0.0,0.055555556,0.23570226,0.111111111,0.323380833,0.055555556,0.23570226,0.0,0.0
07_09_01.bmp,2.888888888888889,0.666666667,0.48507125,0.388888889,0.501631326,0.111111111,0.323380833,0.0,0.0,0.111111111,0.323380833,0.0,0.0,0.055555556,0.23570226
28_17_05.bmp,2.2222222222222223,0.055555556,0.23570226,0.5,0.514495755,0.111111111,0.323380833,0.055555556,0.23570226,0.277777778,0.460888599,0.166666667,0.383482494,0.166666667,0.383482494
24_20_01.bmp,2.9444444444444446,0.333333333,0.48507125,0.388888889,0.501631326,0.166666667,0.383482494,0.055555556,0.23570226,0.111111111,0.323380833,0.0,0.0,0.0,0.0
34_07_02.bmp,2.333333333333333,0.222222222,0.427792632,0.833333333,0.383482494,0.111111111,0.323380833,0.0,0.0,0.0,0.0,0.055555556,0.23570226,0.055555556,0.23570226
09_06_01.bmp,2.888888888888889,0.277777778,0.460888599,0.5,0.514495755,0.111111111,0.323380833,0.055555556,0.23570226,0.111111111,0.323380833,0.166666667,0.383482494,0.055555556,0.23570226
32_23_04.bmp,1.9444444444444444,0.055555556,0.23570226,0.388888889,0.501631326,0.0,0.0,0.722222222,0.460888599,0.277777778,0.460888599,0.055555556,0.23570226,0.111111111,0.323380833
0532.jpg,3.2777777777777777,0.111111111,0.323380833,0.5,0.514495755,0.0,0.0,0.111111111,0.323380833,0.777777778,0.427792632,0.0,0.0,0.055555556,0.23570226
01411.jpg,3.4444444444444446,0.055555556,0.23570226,0.555555556,0.511309993,0.055555556,0.23570226,0.0,0.0,0.0,0.0,0.055555556,0.23570226,0.055555556,0.23570226
22_05_03.bmp,2.111111111111111,0.277777778,0.460888599,0.722222222,0.460888599,0.111111111,0.323380833,0.0,0.0,0.111111111,0.323380833,0.111111111,0.323380833,0.0,0.0
04_11_03.bmp,2.4444444444444446,0.722222222,0.460888599,0.388888889,0.501631326,0.111111111,0.323380833,0.0,0.0,0.222222222,0.427792632,0.111111111,0.323380833,0.055555556,0.23570226
1081.jpg,3.611111111111111,0.055555556,0.23570226,0.333333333,0.48507125,0.055555556,0.23570226,0.444444444,0.511309993,0.111111111,0.323380833,0.055555556,0.23570226,0.055555556,0.23570226
04_21_02.bmp,2.5,0.222222222,0.427792632,0.444444444,0.511309993,0.444444444,0.511309993,0.0,0.0,0.111111111,0.323380833,0.055555556,0.23570226,0.055555556,0.23570226
16_01_04.bmp,2.1666666666666665,0.055555556,0.23570226,0.777777778,0.427792632,0.055555556,0.23570226,0.0,0.0,0.333333333,0.48507125,0.555555556,0.511309993,0.0,0.0
28_02_04.bmp,2.0,0.111111111,0.323380833,0.833333333,0.383482494,0.055555556,0.23570226,0.055555556,0.23570226,0.222222222,0.427792632,0.0,0.0,0.0,0.0
18_12_03.bmp,2.5,0.722222222,0.460888599,0.388888889,0.501631326,0.166666667,0.383482494,0.0,0.0,0.0,0.0,0.055555556,0.23570226,0.055555556,0.23570226
21_07_04.bmp,1.6666666666666667,0.222222222,0.427792632,0.833333333,0.383482494,0.055555556,0.23570226,0.0,0.0,0.0,0.0,0.055555556,0.23570226,0.055555556,0.23570226
09_13_02.bmp,3.333333333333333,0.111111111,0.323380833,0.333333333,0.48507125,0.277777778,0.460888599,0.0,0.0,0.166666667,0.383482494,0.111111111,0.323380833,0.0,0.0
05_16_04.bmp,2.055555555555556,0.277777778,0.460888599,0.833333333,0.383482494,0.0,0.0,0.0,0.0,0.0,0.0,0.055555556,0.23570226,0.055555556,0.23570226
14_11_03.bmp,2.555555555555556,0.777777778,0.427792632,0.222222222,0.427792632,0.111111111,0.323380833,0.0,0.0,0.111111111,0.323380833,0.111111111,0.323380833,0.055555556,0.23570226
01_08_04.bmp,2.2777777777777777,0.333333333,0.48507125,0.777777778,0.427792632,0.111111111,0.323380833,0.0,0.0,0.0,0.0,0.0,0.0,0.055555556,0.23570226
27_07_05.bmp,1.2777777777777777,0.055555556,0.23570226,0.888888889,0.323380833,0.055555556,0.23570226,0.0,0.0,0.222222222,0.427792632,0.055555556,0.23570226,0.0,0.0
04_20_05.bmp,1.9444444444444444,0.611111111,0.501631326,0.5,0.514495755,0.166666667,0.383482494,0.0,0.0,0.222222222,0.427792632,0.0,0.0,0.0,0.0
31_02_05.bmp,1.2222222222222223,0.055555556,0.23570226,0.833333333,0.383482494,0.0,0.0,0.0,0.0,0.166666667,0.383482494,0.0,0.0,0.0,0.0
0964.jpg,2.5,0.111111111,0.323380833,0.666666667,0.48507125,0.055555556,0.23570226,0.611111111,0.501631326,0.222222222,0.427792632,0.0,0.0,0.055555556,0.23570226
01480.jpg,3.6666666666666665,0.055555556,0.23570226,0.666666667,0.48507125,0.111111111,0.323380833,0.055555556,0.23570226,0.0,0.0,0.0,0.0,0.055555556,0.23570226
0089.jpg,1.4444444444444444,0.0,0.0,0.666666667,0.48507125,0.944444444,0.23570226,0.055555556,0.23570226,0.0,0.0,0.0,0.0,0.0,0.0
07_22_01.bmp,2.7222222222222223,0.222222222,0.427792632,0.388888889,0.501631326,0.5,0.514495755,0.0,0.0,0.0,0.0,0.055555556,0.23570226,0.055555556,0.23570226
21_19_03.bmp,2.611111111111111,0.166666667,0.383482494,0.388888889,0.501631326,0.5,0.514495755,0.0,0.0,0.0,0.0,0.0,0.0,0.055555556,0.23570226
01455.jpg,3.2222222222222223,0.055555556,0.23570226,0.722222222,0.460888599,0.111111111,0.323380833,0.055555556,0.23570226,0.0,0.0,0.0,0.0,0.0,0.0
11_24_02.bmp,2.7222222222222223,0.055555556,0.23570226,0.722222222,0.460888599,0.055555556,0.23570226,0.111111111,0.323380833,0.222222222,0.427792632,0.055555556,0.23570226,0.0,0.0
18_08_01.bmp,3.0,0.222222222,0.427792632,0.5,0.514495755,0.055555556,0.23570226,0.0,0.0,0.0,0.0,0.0,0.0,0.055555556,0.23570226
10_04_02.bmp,3.055555555555556,0.166666667,0.383482494,0.388888889,0.501631326,0.111111111,0.323380833,0.222222222,0.427792632,0.333333333,0.48507125,0.444444444,0.511309993,0.055555556,0.23570226
28_15_03.bmp,3.2777777777777777,0.055555556,0.23570226,0.388888889,0.501631326,0.222222222,0.427792632,0.0,0.0,0.111111111,0.323380833,0.111111111,0.323380833,0.055555556,0.23570226
33_12_01.bmp,3.2222222222222223,0.055555556,0.23570226,0.555555556,0.511309993,0.055555556,0.23570226,0.0,0.0,0.444444444,0.511309993,0.0,0.0,0.0,0.0
31_12_03.bmp,2.833333333333333,0.666666667,0.48507125,0.333333333,0.48507125,0.055555556,0.23570226,0.0,0.0,0.111111111,0.323380833,0.0,0.0,0.111111111,0.323380833
01462.jpg,3.7222222222222223,0.0,0.0,0.611111111,0.501631326,0.055555556,0.23570226,0.0,0.0,0.0,0.0,0.055555556,0.23570226,0.111111111,0.323380833
1133.jpg,2.9444444444444446,0.0,0.0,0.111111111,0.323380833,0.055555556,0.23570226,0.055555556,0.23570226,0.611111111,0.501631326,0.444444444,0.511309993,0.111111111,0.323380833
35_02_03.bmp,1.8333333333333333,0.055555556,0.23570226,0.944444444,0.23570226,0.111111111,0.323380833,0.0,0.0,0.0,0.0,0.0,0.0,0.055555556,0.23570226
20_23_05.bmp,2.0,0.111111111,0.323380833,0.166666667,0.383482494,0.0,0.0,0.722222222,0.460888599,0.111111111,0.323380833,0.0,0.0,0.111111111,0.323380833
17_15_03.bmp,3.111111111111111,0.0,0.0,0.388888889,0.501631326,0.222222222,0.427792632,0.111111111,0.323380833,0.166666667,0.383482494,0.111111111,0.323380833,0.055555556,0.23570226
30_10_01.bmp,3.5,0.333333333,0.48507125,0.388888889,0.501631326,0.055555556,0.23570226,0.055555556,0.23570226,0.222222222,0.427792632,0.0,0.0,0.0,0.0
11_07_05.bmp,1.5,0.166666667,0.383482494,0.888888889,0.323380833,0.055555556,0.23570226,0.0,0.0,0.166666667,0.383482494,0.055555556,0.23570226,0.0,0.0
01_13_05.bmp,2.1666666666666665,0.055555556,0.23570226,0.722222222,0.460888599,0.388888889,0.501631326,0.0,0.0,0.0,0.0,0.055555556,0.23570226,0.111111111,0.323380833
0868.jpg,3.555555555555556,0.111111111,0.323380833,0.444444444,0.511309993,0.0,0.0,0.0,0.0,0.166666667,0.383482494,0.055555556,0.23570226,0.0,0.0
01203.jpg,3.5,0.277777778,0.460888599,0.388888889,0.501631326,0.0,0.0,0.166666667,0.383482494,0.333333333,0.48507125,0.055555556,0.23570226,0.0,0.0
01_08_05.bmp,1.8333333333333333,0.444444444,0.511309993,0.666666667,0.48507125,0.166666667,0.383482494,0.0,0.0,0.055555556,0.23570226,0.111111111,0.323380833,0.111111111,0.323380833
32_11_05.bmp,2.1666666666666665,0.611111111,0.501631326,0.388888889,0.501631326,0.055555556,0.23570226,0.055555556,0.23570226,0.388888889,0.501631326,0.111111111,0.323380833,0.0,0.0
01460.jpg,3.2777777777777777,0.055555556,0.23570226,0.555555556,0.511309993,0.222222222,0.427792632,0.055555556,0.23570226,0.0,0.0,0.055555556,0.23570226,0.388888889,0.501631326
16_21_05.bmp,1.7777777777777777,0.222222222,0.427792632,0.333333333,0.48507125,0.111111111,0.323380833,0.555555556,0.511309993,0.333333333,0.48507125,0.277777778,0.460888599,0.0,0.0
01178.jpg,4.111111111111111,0.166666667,0.383482494,0.111111111,0.323380833,0.0,0.0,0.0,0.0,0.555555556,0.511309993,0.0,0.0,0.055555556,0.23570226
0280.jpg,1.9444444444444444,0.166666667,0.383482494,0.333333333,0.48507125,0.0,0.0,0.944444444,0.23570226,0.055555556,0.23570226,0.0,0.0,0.0,0.0
0485.jpg,2.888888888888889,0.055555556,0.23570226,0.444444444,0.511309993,0.0,0.0,0.222222222,0.427792632,0.722222222,0.460888599,0.055555556,0.23570226,0.111111111,0.323380833
1016.jpg,3.555555555555556,0.055555556,0.23570226,0.277777778,0.460888599,0.055555556,0.23570226,0.222222222,0.427792632,0.166666667,0.383482494,0.0,0.0,0.055555556,0.23570226
02_24_01.bmp,2.888888888888889,0.111111111,0.323380833,0.555555556,0.511309993,0.0,0.0,0.111111111,0.323380833,0.333333333,0.48507125,0.055555556,0.23570226,0.111111111,0.323380833
35_23_04.bmp,2.1666666666666665,0.0,0.0,0.333333333,0.48507125,0.055555556,0.23570226,0.722222222,0.460888599,0.0,0.0,0.0,0.0,0.166666667,0.383482494
04_14_05.bmp,1.9444444444444444,0.166666667,0.383482494,0.611111111,0.501631326,0.111111111,0.323380833,0.555555556,0.511309993,0.277777778,0.460888599,0.055555556,0.23570226,0.0,0.0
06_05_04.bmp,2.0,0.388888889,0.501631326,0.722222222,0.460888599,0.111111111,0.323380833,0.0,0.0,0.0,0.0,0.111111111,0.323380833,0.111111111,0.323380833
13_01_03.bmp,3.055555555555556,0.111111111,0.323380833,0.888888889,0.323380833,0.055555556,0.23570226,0.0,0.0,0.111111111,0.323380833,0.055555556,0.23570226,0.055555556,0.23570226
0994.jpg,2.833333333333333,0.0,0.0,0.388888889,0.501631326,0.055555556,0.23570226,0.666666667,0.48507125,0.444444444,0.511309993,0.0,0.0,0.055555556,0.23570226
12_19_04.bmp,2.7777777777777777,0.111111111,0.323380833,0.222222222,0.427792632,0.722222222,0.460888599,0.111111111,0.323380833,0.0,0.0,0.0,0.0,0.0,0.0
0963.jpg,2.888888888888889,0.0,0.0,0.388888889,0.501631326,0.055555556,0.23570226,0.666666667,0.48507125,0.111111111,0.323380833,0.0,0.0,0.055555556,0.23570226
32_17_04.bmp,2.055555555555556,0.0,0.0,0.666666667,0.48507125,0.055555556,0.23570226,0.0,0.0,0.555555556,0.511309993,0.166666667,0.383482494,0.166666667,0.383482494
16_02_01.bmp,3.2222222222222223,0.0,0.0,0.388888889,0.501631326,0.055555556,0.23570226,0.0,0.0,0.333333333,0.48507125,0.555555556,0.511309993,0.055555556,0.23570226
01_06_03.bmp,2.4444444444444446,0.111111111,0.323380833,0.666666667,0.48507125,0.111111111,0.323380833,0.0,0.0,0.055555556,0.23570226,0.444444444,0.511309993,0.111111111,0.323380833
36_07_02.bmp,2.833333333333333,0.111111111,0.323380833,0.722222222,0.460888599,0.055555556,0.23570226,0.0,0.0,0.055555556,0.23570226,0.111111111,0.323380833,0.055555556,0.23570226
03_01_05.bmp,1.7222222222222223,0.055555556,0.23570226,0.944444444,0.23570226,0.0,0.0,0.055555556,0.23570226,0.166666667,0.383482494,0.0,0.0,0.0,0.0
14_05_02.bmp,3.111111111111111,0.0,0.0,0.777777778,0.427792632,0.055555556,0.23570226,0.0,0.0,0.055555556,0.23570226,0.055555556,0.23570226,0.055555556,0.23570226
32_20_05.bmp,1.3888888888888888,0.5,0.514495755,0.555555556,0.511309993,0.166666667,0.383482494,0.166666667,0.383482494,0.333333333,0.48507125,0.055555556,0.23570226,0.111111111,0.323380833
28_03_03.bmp,3.1666666666666665,0.055555556,0.23570226,0.722222222,0.460888599,0.055555556,0.23570226,0.055555556,0.23570226,0.166666667,0.383482494,0.0,0.0,0.0,0.0
26_22_02.bmp,2.888888888888889,0.166666667,0.383482494,0.666666667,0.48507125,0.166666667,0.383482494,0.0,0.0,0.055555556,0.23570226,0.0,0.0,0.0,0.0
19_10_02.bmp,3.0,0.666666667,0.48507125,0.333333333,0.48507125,0.111111111,0.323380833,0.0,0.0,0.111111111,0.323380833,0.055555556,0.23570226,0.055555556,0.23570226
23_07_04.bmp,1.9444444444444444,0.111111111,0.323380833,0.944444444,0.23570226,0.0,0.0,0.0,0.0,0.222222222,0.427792632,0.055555556,0.23570226,0.055555556,0.23570226
06_02_04.bmp,1.4444444444444444,0.0,0.0,0.888888889,0.323380833,0.111111111,0.323380833,0.055555556,0.23570226,0.055555556,0.23570226,0.055555556,0.23570226,0.0,0.0
35_23_02.bmp,2.6666666666666665,0.055555556,0.23570226,0.222222222,0.427792632,0.0,0.0,0.722222222,0.460888599,0.055555556,0.23570226,0.0,0.0,0.166666667,0.383482494
10_20_01.bmp,2.555555555555556,0.388888889,0.501631326,0.333333333,0.48507125,0.388888889,0.501631326,0.055555556,0.23570226,0.222222222,0.427792632,0.111111111,0.323380833,0.055555556,0.23570226
28_25_04.bmp,2.055555555555556,0.111111111,0.323380833,0.222222222,0.427792632,0.055555556,0.23570226,0.055555556,0.23570226,0.166666667,0.383482494,0.055555556,0.23570226,0.777777778,0.427792632
34_13_05.bmp,2.0,0.111111111,0.323380833,0.277777778,0.460888599,0.777777778,0.427792632,0.0,0.0,0.0,0.0,0.055555556,0.23570226,0.111111111,0.323380833
31_20_05.bmp,1.7222222222222223,0.611111111,0.501631326,0.5,0.514495755,0.166666667,0.383482494,0.222222222,0.427792632,0.111111111,0.323380833,0.055555556,0.23570226,0.0,0.0
28_05_03.bmp,2.388888888888889,0.222222222,0.427792632,0.777777778,0.427792632,0.166666667,0.383482494,0.0,0.0,0.222222222,0.427792632,0.055555556,0.23570226,0.0,0.0
31_05_04.bmp,2.2222222222222223,0.277777778,0.460888599,0.722222222,0.460888599,0.111111111,0.323380833,0.0,0.0,0.166666667,0.383482494,0.0,0.0,0.055555556,0.23570226
0566.jpg,3.1666666666666665,0.111111111,0.323380833,0.277777778,0.460888599,0.055555556,0.23570226,0.111111111,0.323380833,0.722222222,0.460888599,0.0,0.0,0.0,0.0
06_11_04.bmp,2.4444444444444446,0.722222222,0.460888599,0.222222222,0.427792632,0.055555556,0.23570226,0.055555556,0.23570226,0.055555556,0.23570226,0.111111111,0.323380833,0.0,0.0
0957.jpg,2.888888888888889,0.111111111,0.323380833,0.333333333,0.48507125,0.055555556,0.23570226,0.666666667,0.48507125,0.111111111,0.323380833,0.0,0.0,0.0,0.0
09_03_05.bmp,1.6111111111111112,0.055555556,0.23570226,0.888888889,0.323380833,0.166666667,0.383482494,0.0,0.0,0.166666667,0.383482494,0.0,0.0,0.0,0.0
26_21_05.bmp,2.4444444444444446,0.166666667,0.383482494,0.722222222,0.460888599,0.111111111,0.323380833,0.111111111,0.323380833,0.055555556,0.23570226,0.055555556,0.23570226,0.055555556,0.23570226
26_21_01.bmp,3.8333333333333335,0.111111111,0.323380833,0.222222222,0.427792632,0.333333333,0.48507125,0.0,0.0,0.055555556,0.23570226,0.0,0.0,0.0,0.0
06_23_05.bmp,2.055555555555556,0.055555556,0.23570226,0.111111111,0.323380833,0.0,0.0,0.833333333,0.383482494,0.0,0.0,0.0,0.0,0.166666667,0.383482494
13_21_03.bmp,3.5,0.055555556,0.23570226,0.166666667,0.383482494,0.5,0.514495755,0.055555556,0.23570226,0.055555556,0.23570226,0.111111111,0.323380833,0.055555556,0.23570226
13_06_02.bmp,3.111111111111111,0.222222222,0.427792632,0.333333333,0.48507125,0.166666667,0.383482494,0.055555556,0.23570226,0.166666667,0.383482494,0.166666667,0.383482494,0.055555556,0.23570226
05_24_01.bmp,2.833333333333333,0.222222222,0.427792632,0.666666667,0.48507125,0.055555556,0.23570226,0.055555556,0.23570226,0.0,0.0,0.055555556,0.23570226,0.111111111,0.323380833
01464.jpg,3.555555555555556,0.055555556,0.23570226,0.666666667,0.48507125,0.055555556,0.23570226,0.0,0.0,0.055555556,0.23570226,0.0,0.0,0.0,0.0
33_06_01.bmp,2.6666666666666665,0.277777778,0.460888599,0.388888889,0.501631326,0.166666667,0.383482494,0.0,0.0,0.555555556,0.511309993,0.0,0.0,0.055555556,0.23570226
15_08_04.bmp,2.2222222222222223,0.388888889,0.501631326,0.611111111,0.501631326,0.0,0.0,0.111111111,0.323380833,0.277777778,0.460888599,0.0,0.0,0.055555556,0.23570226
0900.jpg,3.7777777777777777,0.111111111,0.323380833,0.5,0.514495755,0.0,0.0,0.0,0.0,0.111111111,0.323380833,0.0,0.0,0.055555556,0.23570226
23_07_05.bmp,1.3333333333333333,0.222222222,0.427792632,0.888888889,0.323380833,0.0,0.0,0.055555556,0.23570226,0.166666667,0.383482494,0.055555556,0.23570226,0.0,0.0
28_12_05.bmp,2.055555555555556,0.722222222,0.460888599,0.444444444,0.511309993,0.111111111,0.323380833,0.0,0.0,0.222222222,0.427792632,0.0,0.0,0.055555556,0.23570226
0759.jpg,3.555555555555556,0.055555556,0.23570226,0.333333333,0.48507125,0.0,0.0,0.055555556,0.23570226,0.111111111,0.323380833,0.055555556,0.23570226,0.111111111,0.323380833
0728.jpg,3.4444444444444446,0.055555556,0.23570226,0.277777778,0.460888599,0.0,0.0,0.111111111,0.323380833,0.166666667,0.383482494,0.111111111,0.323380833,0.055555556,0.23570226
07_08_03.bmp,2.333333333333333,0.5,0.514495755,0.722222222,0.460888599,0.055555556,0.23570226,0.055555556,0.23570226,0.055555556,0.23570226,0.055555556,0.23570226,0.111111111,0.323380833
0389.jpg,2.2777777777777777,0.111111111,0.323380833,0.833333333,0.383482494,0.0,0.0,0.111111111,0.323380833,0.055555556,0.23570226,0.0,0.0,0.055555556,0.23570226
06_10_05.bmp,2.2222222222222223,0.777777778,0.427792632,0.166666667,0.383482494,0.055555556,0.23570226,0.0,0.0,0.111111111,0.323380833,0.055555556,0.23570226,0.055555556,0.23570226
11_10_04.bmp,2.333333333333333,0.833333333,0.383482494,0.222222222,0.427792632,0.0,0.0,0.111111111,0.323380833,0.222222222,0.427792632,0.055555556,0.23570226,0.0,0.0
21_08_04.bmp,2.111111111111111,0.277777778,0.460888599,0.666666667,0.48507125,0.055555556,0.23570226,0.111111111,0.323380833,0.055555556,0.23570226,0.055555556,0.23570226,0.055555556,0.23570226
0158.jpg,2.388888888888889,0.111111111,0.323380833,0.333333333,0.48507125,0.888888889,0.323380833,0.055555556,0.23570226,0.111111111,0.323380833,0.0,0.0,0.055555556,0.23570226
25_23_04.bmp,2.055555555555556,0.055555556,0.23570226,0.222222222,0.427792632,0.111111111,0.323380833,0.666666667,0.48507125,0.111111111,0.323380833,0.0,0.0,0.166666667,0.383482494
01_16_01.bmp,2.9444444444444446,0.166666667,0.383482494,0.611111111,0.501631326,0.055555556,0.23570226,0.111111111,0.323380833,0.0,0.0,0.055555556,0.23570226,0.111111111,0.323380833
1065.jpg,3.055555555555556,0.166666667,0.383482494,0.666666667,0.48507125,0.0,0.0,0.222222222,0.427792632,0.111111111,0.323380833,0.055555556,0.23570226,0.055555556,0.23570226
01242.jpg,3.333333333333333,0.222222222,0.427792632,0.277777778,0.460888599,0.388888889,0.501631326,0.0,0.0,0.555555556,0.511309993,0.0,0.0,0.0,0.0
0567.jpg,3.388888888888889,0.055555556,0.23570226,0.388888889,0.501631326,0.0,0.0,0.055555556,0.23570226,0.555555556,0.511309993,0.111111111,0.323380833,0.111111111,0.323380833
01336.jpg,3.111111111111111,0.111111111,0.323380833,0.666666667,0.48507125,0.111111111,0.323380833,0.0,0.0,0.0,0.0,0.0,0.0,0.0,0.0
27_03_05.bmp,1.8888888888888888,0.0,0.0,0.833333333,0.383482494,0.0,0.0,0.0,0.0,0.444444444,0.511309993,0.055555556,0.23570226,0.0,0.0
37_24_01.bmp,3.333333333333333,0.055555556,0.23570226,0.555555556,0.511309993,0.0,0.0,0.0,0.0,0.111111111,0.323380833,0.055555556,0.23570226,0.0,0.0
03_20_01.bmp,2.611111111111111,0.388888889,0.501631326,0.166666667,0.383482494,0.277777778,0.460888599,0.111111111,0.323380833,0.055555556,0.23570226,0.0,0.0,0.0,0.0
22_09_03.bmp,2.4444444444444446,0.833333333,0.383482494,0.277777778,0.460888599,0.0,0.0,0.0,0.0,0.166666667,0.383482494,0.166666667,0.383482494,0.0,0.0
24_24_04.bmp,1.6111111111111112,0.166666667,0.383482494,0.833333333,0.383482494,0.0,0.0,0.0,0.0,0.055555556,0.23570226,0.0,0.0,0.0,0.0
26_01_04.bmp,2.7777777777777777,0.0,0.0,0.888888889,0.323380833,0.055555556,0.23570226,0.0,0.0,0.055555556,0.23570226,0.0,0.0,0.0,0.0
29_04_03.bmp,2.388888888888889,0.277777778,0.460888599,0.166666667,0.383482494,0.222222222,0.427792632,0.055555556,0.23570226,0.111111111,0.323380833,0.222222222,0.427792632,0.111111111,0.323380833
0047.jpg,3.333333333333333,0.055555556,0.23570226,0.222222222,0.427792632,0.833333333,0.383482494,0.0,0.0,0.055555556,0.23570226,0.055555556,0.23570226,0.0,0.0
26_08_02.bmp,3.6666666666666665,0.0,0.0,0.222222222,0.427792632,0.111111111,0.323380833,0.0,0.0,0.111111111,0.323380833,0.055555556,0.23570226,0.0,0.0
15_13_05.bmp,2.055555555555556,0.111111111,0.323380833,0.111111111,0.323380833,0.888888889,0.323380833,0.0,0.0,0.166666667,0.383482494,0.055555556,0.23570226,0.0,0.0
32_22_05.bmp,1.7777777777777777,0.166666667,0.383482494,0.833333333,0.383482494,0.111111111,0.323380833,0.055555556,0.23570226,0.388888889,0.501631326,0.0,0.0,0.0,0.0
01_10_04.bmp,2.2777777777777777,0.888888889,0.323380833,0.444444444,0.511309993,0.111111111,0.323380833,0.055555556,0.23570226,0.055555556,0.23570226,0.0,0.0,0.055555556,0.23570226
37_18_02.bmp,2.9444444444444446,0.111111111,0.323380833,0.777777778,0.427792632,0.055555556,0.23570226,0.0,0.0,0.111111111,0.323380833,0.055555556,0.23570226,0.055555556,0.23570226
0266.jpg,2.333333333333333,0.111111111,0.323380833,0.277777778,0.460888599,0.0,0.0,0.888888889,0.323380833,0.055555556,0.23570226,0.0,0.0,0.055555556,0.23570226
10_16_01.bmp,2.9444444444444446,0.0,0.0,0.333333333,0.48507125,0.388888889,0.501631326,0.055555556,0.23570226,0.333333333,0.48507125,0.166666667,0.383482494,0.0,0.0
11_11_02.bmp,3.111111111111111,0.611111111,0.501631326,0.277777778,0.460888599,0.055555556,0.23570226,0.055555556,0.23570226,0.222222222,0.427792632,0.055555556,0.23570226,0.0,0.0
01261.jpg,3.611111111111111,0.166666667,0.383482494,0.611111111,0.501631326,0.0,0.0,0.111111111,0.323380833,0.277777778,0.460888599,0.0,0.0,0.055555556,0.23570226
0682.jpg,3.4444444444444446,0.055555556,0.23570226,0.277777778,0.460888599,0.0,0.0,0.222222222,0.427792632,0.222222222,0.427792632,0.111111111,0.323380833,0.055555556,0.23570226
0473.jpg,3.2222222222222223,0.055555556,0.23570226,0.444444444,0.511309993,0.055555556,0.23570226,0.222222222,0.427792632,0.666666667,0.48507125,0.0,0.0,0.0,0.0
1045.jpg,2.7222222222222223,0.0,0.0,0.555555556,0.511309993,0.0,0.0,0.555555556,0.511309993,0.055555556,0.23570226,0.0,0.0,0.055555556,0.23570226
24_19_04.bmp,2.2777777777777777,0.333333333,0.48507125,0.666666667,0.48507125,0.055555556,0.23570226,0.055555556,0.23570226,0.055555556,0.23570226,0.0,0.0,0.0,0.0
06_23_04.bmp,2.5,0.055555556,0.23570226,0.166666667,0.383482494,0.0,0.0,0.722222222,0.460888599,0.0,0.0,0.055555556,0.23570226,0.055555556,0.23570226
24_07_01.bmp,3.2777777777777777,0.055555556,0.23570226,0.611111111,0.501631326,0.111111111,0.323380833,0.0,0.0,0.055555556,0.23570226,0.0,0.0,0.0,0.0
20_25_02.bmp,2.555555555555556,0.111111111,0.323380833,0.111111111,0.323380833,0.055555556,0.23570226,0.0,0.0,0.055555556,0.23570226,0.055555556,0.23570226,0.888888889,0.323380833
29_18_05.bmp,2.055555555555556,0.055555556,0.23570226,0.833333333,0.383482494,0.0,0.0,0.0,0.0,0.111111111,0.323380833,0.166666667,0.383482494,0.0,0.0
13_06_05.bmp,2.111111111111111,0.388888889,0.501631326,0.222222222,0.427792632,0.388888889,0.501631326,0.055555556,0.23570226,0.222222222,0.427792632,0.166666667,0.383482494,0.055555556,0.23570226
31_22_03.bmp,2.1666666666666665,0.166666667,0.383482494,0.833333333,0.383482494,0.0,0.0,0.0,0.0,0.222222222,0.427792632,0.0,0.0,0.0,0.0
29_15_02.bmp,3.333333333333333,0.055555556,0.23570226,0.388888889,0.501631326,0.222222222,0.427792632,0.0,0.0,0.055555556,0.23570226,0.111111111,0.323380833,0.111111111,0.323380833
0504.jpg,2.2222222222222223,0.055555556,0.23570226,0.388888889,0.501631326,0.055555556,0.23570226,0.555555556,0.511309993,0.722222222,0.460888599,0.0,0.0,0.0,0.0
18_09_02.bmp,2.888888888888889,0.777777778,0.427792632,0.277777778,0.460888599,0.055555556,0.23570226,0.0,0.0,0.055555556,0.23570226,0.0,0.0,0.055555556,0.23570226
19_14_05.bmp,1.6666666666666667,0.055555556,0.23570226,0.166666667,0.383482494,0.055555556,0.23570226,0.777777778,0.427792632,0.166666667,0.383482494,0.111111111,0.323380833,0.0,0.0
0950.jpg,3.111111111111111,0.111111111,0.323380833,0.222222222,0.427792632,0.0,0.0,0.666666667,0.48507125,0.111111111,0.323380833,0.055555556,0.23570226,0.0,0.0
0220.jpg,1.8333333333333333,0.166666667,0.383482494,0.444444444,0.511309993,0.0,0.0,0.888888889,0.323380833,0.0,0.0,0.0,0.0,0.0,0.0
06_01_02.bmp,3.7222222222222223,0.111111111,0.323380833,0.111111111,0.323380833,0.166666667,0.383482494,0.055555556,0.23570226,0.0,0.0,0.055555556,0.23570226,0.055555556,0.23570226
25_08_01.bmp,3.1666666666666665,0.111111111,0.323380833,0.666666667,0.48507125,0.055555556,0.23570226,0.0,0.0,0.111111111,0.323380833,0.055555556,0.23570226,0.055555556,0.23570226
20_25_05.bmp,1.9444444444444444,0.111111111,0.323380833,0.222222222,0.427792632,0.055555556,0.23570226,0.055555556,0.23570226,0.055555556,0.23570226,0.0,0.0,0.833333333,0.383482494
05_10_03.bmp,2.2777777777777777,0.722222222,0.460888599,0.388888889,0.501631326,0.111111111,0.323380833,0.0,0.0,0.055555556,0.23570226,0.055555556,0.23570226,0.055555556,0.23570226
08_03_05.bmp,2.555555555555556,0.055555556,0.23570226,0.777777778,0.427792632,0.0,0.0,0.055555556,0.23570226,0.166666667,0.383482494,0.0,0.0,0.0,0.0
16_08_02.bmp,3.055555555555556,0.222222222,0.427792632,0.444444444,0.511309993,0.055555556,0.23570226,0.0,0.0,0.388888889,0.501631326,0.333333333,0.48507125,0.0,0.0
28_14_04.bmp,2.2777777777777777,0.166666667,0.383482494,0.444444444,0.511309993,0.055555556,0.23570226,0.555555556,0.511309993,0.222222222,0.427792632,0.055555556,0.23570226,0.0,0.0
05_05_03.bmp,2.2222222222222223,0.444444444,0.511309993,0.5,0.514495755,0.111111111,0.323380833,0.0,0.0,0.055555556,0.23570226,0.055555556,0.23570226,0.055555556,0.23570226
0427.jpg,2.555555555555556,0.055555556,0.23570226,0.777777778,0.427792632,0.0,0.0,0.055555556,0.23570226,0.055555556,0.23570226,0.055555556,0.23570226,0.0,0.0
0359.jpg,2.1666666666666665,0.055555556,0.23570226,0.944444444,0.23570226,0.0,0.0,0.055555556,0.23570226,0.055555556,0.23570226,0.0,0.0,0.055555556,0.23570226
16_12_02.bmp,3.2222222222222223,0.722222222,0.460888599,0.111111111,0.323380833,0.0,0.0,0.055555556,0.23570226,0.277777778,0.460888599,0.333333333,0.48507125,0.0,0.0
27_05_01.bmp,3.111111111111111,0.222222222,0.427792632,0.555555556,0.511309993,0.055555556,0.23570226,0.055555556,0.23570226,0.5,0.514495755,0.0,0.0,0.055555556,0.23570226
06_13_02.bmp,3.888888888888889,0.111111111,0.323380833,0.222222222,0.427792632,0.277777778,0.460888599,0.0,0.0,0.0,0.0,0.0,0.0,0.111111111,0.323380833
06_11_05.bmp,2.055555555555556,0.777777778,0.427792632,0.222222222,0.427792632,0.055555556,0.23570226,0.0,0.0,0.055555556,0.23570226,0.166666667,0.383482494,0.0,0.0
07_25_04.bmp,2.055555555555556,0.055555556,0.23570226,0.222222222,0.427792632,0.055555556,0.23570226,0.055555556,0.23570226,0.0,0.0,0.0,0.0,0.888888889,0.323380833
24_09_03.bmp,2.7777777777777777,0.777777778,0.427792632,0.277777778,0.460888599,0.055555556,0.23570226,0.0,0.0,0.055555556,0.23570226,0.055555556,0.23570226,0.0,0.0
02_06_04.bmp,1.6111111111111112,0.5,0.514495755,0.388888889,0.501631326,0.222222222,0.427792632,0.055555556,0.23570226,0.666666667,0.48507125,0.111111111,0.323380833,0.0,0.0
36_25_05.bmp,1.7777777777777777,0.111111111,0.323380833,0.166666667,0.383482494,0.111111111,0.323380833,0.055555556,0.23570226,0.055555556,0.23570226,0.0,0.0,0.944444444,0.23570226
0699.jpg,2.888888888888889,0.111111111,0.323380833,0.444444444,0.511309993,0.0,0.0,0.111111111,0.323380833,0.388888889,0.501631326,0.055555556,0.23570226,0.055555556,0.23570226
25_09_04.bmp,2.2777777777777777,0.777777778,0.427792632,0.333333333,0.48507125,0.111111111,0.323380833,0.0,0.0,0.166666667,0.383482494,0.055555556,0.23570226,0.055555556,0.23570226
17_12_05.bmp,2.111111111111111,0.833333333,0.383482494,0.222222222,0.427792632,0.111111111,0.323380833,0.0,0.0,0.277777778,0.460888599,0.055555556,0.23570226,0.0,0.0
01170.jpg,3.6666666666666665,0.166666667,0.383482494,0.166666667,0.383482494,0.055555556,0.23570226,0.0,0.0,0.055555556,0.23570226,0.444444444,0.511309993,0.111111111,0.323380833
25_05_01.bmp,2.9444444444444446,0.166666667,0.383482494,0.555555556,0.511309993,0.111111111,0.323380833,0.0,0.0,0.111111111,0.323380833,0.0,0.0,0.111111111,0.323380833
32_21_01.bmp,1.3888888888888888,0.166666667,0.383482494,0.444444444,0.511309993,0.444444444,0.511309993,0.333333333,0.48507125,0.277777778,0.460888599,0.0,0.0,0.0,0.0
07_11_05.bmp,1.7222222222222223,0.888888889,0.323380833,0.277777778,0.460888599,0.111111111,0.323380833,0.0,0.0,0.111111111,0.323380833,0.111111111,0.323380833,0.0,0.0
11_02_04.bmp,1.5555555555555556,0.055555556,0.23570226,0.944444444,0.23570226,0.0,0.0,0.055555556,0.23570226,0.166666667,0.383482494,0.055555556,0.23570226,0.0,0.0
33_03_05.bmp,2.111111111111111,0.111111111,0.323380833,0.777777778,0.427792632,0.0,0.0,0.0,0.0,0.388888889,0.501631326,0.0,0.0,0.0,0.0
11_09_05.bmp,1.9444444444444444,0.944444444,0.23570226,0.222222222,0.427792632,0.0,0.0,0.055555556,0.23570226,0.222222222,0.427792632,0.111111111,0.323380833,0.0,0.0
0632.jpg,3.333333333333333,0.055555556,0.23570226,0.444444444,0.511309993,0.055555556,0.23570226,0.166666667,0.383482494,0.111111111,0.323380833,0.0,0.0,0.055555556,0.23570226
12_06_04.bmp,2.1666666666666665,0.388888889,0.501631326,0.222222222,0.427792632,0.277777778,0.460888599,0.111111111,0.323380833,0.0,0.0,0.222222222,0.427792632,0.055555556,0.23570226
26_11_05.bmp,2.4444444444444446,0.777777778,0.427792632,0.166666667,0.383482494,0.111111111,0.323380833,0.055555556,0.23570226,0.055555556,0.23570226,0.0,0.0,0.0,0.0
21_04_05.bmp,2.388888888888889,0.333333333,0.48507125,0.5,0.514495755,0.222222222,0.427792632,0.0,0.0,0.055555556,0.23570226,0.055555556,0.23570226,0.0,0.0
0460.jpg,2.6666666666666665,0.055555556,0.23570226,0.388888889,0.501631326,0.055555556,0.23570226,0.0,0.0,0.833333333,0.383482494,0.0,0.0,0.0,0.0
36_12_05.bmp,2.1666666666666665,0.888888889,0.323380833,0.444444444,0.511309993,0.055555556,0.23570226,0.0,0.0,0.111111111,0.323380833,0.0,0.0,0.0,0.0
23_14_04.bmp,2.055555555555556,0.055555556,0.23570226,0.277777778,0.460888599,0.055555556,0.23570226,0.777777778,0.427792632,0.166666667,0.383482494,0.111111111,0.323380833,0.0,0.0
13_17_04.bmp,2.5,0.055555556,0.23570226,0.5,0.514495755,0.055555556,0.23570226,0.0,0.0,0.166666667,0.383482494,0.166666667,0.383482494,0.222222222,0.427792632
09_15_05.bmp,2.833333333333333,0.222222222,0.427792632,0.444444444,0.511309993,0.111111111,0.323380833,0.277777778,0.460888599,0.166666667,0.383482494,0.055555556,0.23570226,0.055555556,0.23570226
15_20_04.bmp,1.9444444444444444,0.388888889,0.501631326,0.166666667,0.383482494,0.277777778,0.460888599,0.388888889,0.501631326,0.166666667,0.383482494,0.0,0.0,0.0,0.0
14_24_04.bmp,1.7222222222222223,0.055555556,0.23570226,1.0,0.0,0.055555556,0.23570226,0.055555556,0.23570226,0.055555556,0.23570226,0.111111111,0.323380833,0.0,0.0
13_16_01.bmp,3.555555555555556,0.055555556,0.23570226,0.222222222,0.427792632,0.222222222,0.427792632,0.055555556,0.23570226,0.111111111,0.323380833,0.0,0.0,0.111111111,0.323380833
24_23_01.bmp,3.055555555555556,0.111111111,0.323380833,0.166666667,0.383482494,0.0,0.0,0.666666667,0.48507125,0.0,0.0,0.0,0.0,0.111111111,0.323380833
0026.jpg,2.388888888888889,0.055555556,0.23570226,0.444444444,0.511309993,0.944444444,0.23570226,0.0,0.0,0.0,0.0,0.0,0.0,0.055555556,0.23570226
33_05_01.bmp,3.4444444444444446,0.055555556,0.23570226,0.388888889,0.501631326,0.0,0.0,0.0,0.0,0.5,0.514495755,0.0,0.0,0.0,0.0
1108.jpg,3.611111111111111,0.0,0.0,0.444444444,0.511309993,0.111111111,0.323380833,0.0,0.0,0.055555556,0.23570226,0.0,0.0,0.055555556,0.23570226
13_09_03.bmp,2.6666666666666665,0.833333333,0.383482494,0.111111111,0.323380833,0.055555556,0.23570226,0.0,0.0,0.277777778,0.460888599,0.0,0.0,0.055555556,0.23570226
02_02_04.bmp,1.3888888888888888,0.055555556,0.23570226,0.888888889,0.323380833,0.055555556,0.23570226,0.055555556,0.23570226,0.555555556,0.511309993,0.0,0.0,0.0,0.0
21_21_01.bmp,2.7777777777777777,0.055555556,0.23570226,0.277777778,0.460888599,0.666666667,0.48507125,0.055555556,0.23570226,0.055555556,0.23570226,0.0,0.0,0.055555556,0.23570226
02_15_02.bmp,2.333333333333333,0.111111111,0.323380833,0.111111111,0.323380833,0.722222222,0.460888599,0.055555556,0.23570226,0.444444444,0.511309993,0.055555556,0.23570226,0.055555556,0.23570226
34_09_01.bmp,3.2222222222222223,0.444444444,0.511309993,0.444444444,0.511309993,0.111111111,0.323380833,0.0,0.0,0.0,0.0,0.055555556,0.23570226,0.055555556,0.23570226
0140.jpg,2.9444444444444446,0.111111111,0.323380833,0.333333333,0.48507125,0.611111111,0.501631326,0.0,0.0,0.055555556,0.23570226,0.111111111,0.323380833,0.111111111,0.323380833
16_10_05.bmp,2.2222222222222223,0.833333333,0.383482494,0.222222222,0.427792632,0.0,0.0,0.0,0.0,0.333333333,0.48507125,0.388888889,0.501631326,0.0,0.0
10_23_03.bmp,2.7777777777777777,0.111111111,0.323380833,0.222222222,0.427792632,0.0,0.0,0.777777778,0.427792632,0.333333333,0.48507125,0.166666667,0.383482494,0.055555556,0.23570226
20_13_05.bmp,1.8333333333333333,0.055555556,0.23570226,0.166666667,0.383482494,0.944444444,0.23570226,0.0,0.0,0.055555556,0.23570226,0.0,0.0,0.0,0.0
18_06_01.bmp,3.055555555555556,0.166666667,0.383482494,0.611111111,0.501631326,0.111111111,0.323380833,0.111111111,0.323380833,0.055555556,0.23570226,0.0,0.0,0.055555556,0.23570226
26_25_02.bmp,2.7777777777777777,0.111111111,0.323380833,0.055555556,0.23570226,0.111111111,0.323380833,0.0,0.0,0.055555556,0.23570226,0.0,0.0,0.944444444,0.23570226
28_13_01.bmp,3.111111111111111,0.055555556,0.23570226,0.388888889,0.501631326,0.333333333,0.48507125,0.0,0.0,0.111111111,0.323380833,0.055555556,0.23570226,0.0,0.0
22_04_05.bmp,2.111111111111111,0.388888889,0.501631326,0.5,0.514495755,0.166666667,0.383482494,0.055555556,0.23570226,0.111111111,0.323380833,0.222222222,0.427792632,0.0,0.0
19_01_01.bmp,3.611111111111111,0.055555556,0.23570226,0.444444444,0.511309993,0.111111111,0.323380833,0.0,0.0,0.055555556,0.23570226,0.277777778,0.460888599,0.055555556,0.23570226
07_05_02.bmp,2.7222222222222223,0.222222222,0.427792632,0.666666667,0.48507125,0.055555556,0.23570226,0.0,0.0,0.111111111,0.323380833,0.055555556,0.23570226,0.055555556,0.23570226
15_13_03.bmp,2.888888888888889,0.0,0.0,0.111111111,0.323380833,0.722222222,0.460888599,0.055555556,0.23570226,0.222222222,0.427792632,0.0,0.0,0.055555556,0.23570226
0704.jpg,3.4444444444444446,0.055555556,0.23570226,0.388888889,0.501631326,0.0,0.0,0.055555556,0.23570226,0.277777778,0.460888599,0.055555556,0.23570226,0.111111111,0.323380833
22_08_05.bmp,1.6111111111111112,0.333333333,0.48507125,0.833333333,0.383482494,0.0,0.0,0.0,0.0,0.111111111,0.323380833,0.111111111,0.323380833,0.0,0.0
21_05_04.bmp,1.8888888888888888,0.277777778,0.460888599,0.722222222,0.460888599,0.055555556,0.23570226,0.0,0.0,0.055555556,0.23570226,0.055555556,0.23570226,0.055555556,0.23570226
33_07_05.bmp,1.5,0.0,0.0,0.944444444,0.23570226,0.0,0.0,0.0,0.0,0.333333333,0.48507125,0.055555556,0.23570226,0.0,0.0
27_03_04.bmp,2.611111111111111,0.055555556,0.23570226,0.777777778,0.427792632,0.0,0.0,0.111111111,0.323380833,0.388888889,0.501631326,0.0,0.0,0.0,0.0
04_23_02.bmp,2.5,0.111111111,0.323380833,0.611111111,0.501631326,0.0,0.0,0.833333333,0.383482494,0.111111111,0.323380833,0.0,0.0,0.055555556,0.23570226
19_12_03.bmp,2.7222222222222223,0.833333333,0.383482494,0.222222222,0.427792632,0.055555556,0.23570226,0.0,0.0,0.111111111,0.323380833,0.111111111,0.323380833,0.055555556,0.23570226
0071.jpg,3.2777777777777777,0.0,0.0,0.333333333,0.48507125,0.666666667,0.48507125,0.0,0.0,0.055555556,0.23570226,0.055555556,0.23570226,0.0,0.0
06_16_04.bmp,1.8888888888888888,0.388888889,0.501631326,0.777777778,0.427792632,0.0,0.0,0.0,0.0,0.055555556,0.23570226,0.055555556,0.23570226,0.0,0.0
0955.jpg,3.055555555555556,0.0,0.0,0.333333333,0.48507125,0.0,0.0,0.666666667,0.48507125,0.222222222,0.427792632,0.0,0.0,0.111111111,0.323380833
03_22_02.bmp,3.111111111111111,0.277777778,0.460888599,0.5,0.514495755,0.111111111,0.323380833,0.055555556,0.23570226,0.111111111,0.323380833,0.0,0.0,0.0,0.0
08_04_04.bmp,3.2777777777777777,0.277777778,0.460888599,0.222222222,0.427792632,0.166666667,0.383482494,0.111111111,0.323380833,0.166666667,0.383482494,0.166666667,0.383482494,0.0,0.0
01321.jpg,2.7777777777777777,0.333333333,0.48507125,0.611111111,0.501631326,0.055555556,0.23570226,0.0,0.0,0.666666667,0.48507125,0.0,0.0,0.0,0.0
20_16_03.bmp,2.9444444444444446,0.166666667,0.383482494,0.611111111,0.501631326,0.0,0.0,0.055555556,0.23570226,0.055555556,0.23570226,0.111111111,0.323380833,0.055555556,0.23570226
17_23_02.bmp,2.833333333333333,0.0,0.0,0.166666667,0.383482494,0.111111111,0.323380833,0.777777778,0.427792632,0.166666667,0.383482494,0.055555556,0.23570226,0.0,0.0
0708.jpg,3.7777777777777777,0.0,0.0,0.222222222,0.427792632,0.055555556,0.23570226,0.0,0.0,0.111111111,0.323380833,0.055555556,0.23570226,0.055555556,0.23570226
02_09_03.bmp,2.6666666666666665,0.777777778,0.427792632,0.333333333,0.48507125,0.0,0.0,0.0,0.0,0.555555556,0.511309993,0.055555556,0.23570226,0.055555556,0.23570226
11_19_01.bmp,2.9444444444444446,0.111111111,0.323380833,0.444444444,0.511309993,0.166666667,0.383482494,0.111111111,0.323380833,0.222222222,0.427792632,0.055555556,0.23570226,0.0,0.0
12_17_04.bmp,2.5,0.111111111,0.323380833,0.555555556,0.511309993,0.055555556,0.23570226,0.0,0.0,0.166666667,0.383482494,0.111111111,0.323380833,0.222222222,0.427792632
03_11_04.bmp,2.7222222222222223,0.722222222,0.460888599,0.222222222,0.427792632,0.055555556,0.23570226,0.0,0.0,0.166666667,0.383482494,0.055555556,0.23570226,0.111111111,0.323380833
13_07_01.bmp,3.333333333333333,0.277777778,0.460888599,0.333333333,0.48507125,0.055555556,0.23570226,0.055555556,0.23570226,0.111111111,0.323380833,0.0,0.0,0.0,0.0
0555.jpg,2.833333333333333,0.111111111,0.323380833,0.333333333,0.48507125,0.0,0.0,0.055555556,0.23570226,0.722222222,0.460888599,0.0,0.0,0.055555556,0.23570226
34_19_02.bmp,3.055555555555556,0.055555556,0.23570226,0.611111111,0.501631326,0.222222222,0.427792632,0.0,0.0,0.0,0.0,0.0,0.0,0.055555556,0.23570226
08_20_01.bmp,2.5,0.5,0.514495755,0.277777778,0.460888599,0.333333333,0.48507125,0.111111111,0.323380833,0.055555556,0.23570226,0.111111111,0.323380833,0.0,0.0
08_04_01.bmp,4.388888888888889,0.055555556,0.23570226,0.277777778,0.460888599,0.055555556,0.23570226,0.055555556,0.23570226,0.166666667,0.383482494,0.0,0.0,0.0,0.0
03_06_04.bmp,2.1666666666666665,0.388888889,0.501631326,0.333333333,0.48507125,0.277777778,0.460888599,0.055555556,0.23570226,0.111111111,0.323380833,0.111111111,0.323380833,0.055555556,0.23570226
01235.jpg,3.4444444444444446,0.388888889,0.501631326,0.444444444,0.511309993,0.0,0.0,0.111111111,0.323380833,0.222222222,0.427792632,0.055555556,0.23570226,0.0,0.0
10_06_03.bmp,2.388888888888889,0.388888889,0.501631326,0.388888889,0.501631326,0.111111111,0.323380833,0.166666667,0.383482494,0.333333333,0.48507125,0.277777778,0.460888599,0.0,0.0
35_08_03.bmp,2.2222222222222223,0.055555556,0.23570226,0.777777778,0.427792632,0.055555556,0.23570226,0.0,0.0,0.0,0.0,0.055555556,0.23570226,0.111111111,0.323380833
30_20_04.bmp,2.055555555555556,0.555555556,0.511309993,0.333333333,0.48507125,0.111111111,0.323380833,0.277777778,0.460888599,0.277777778,0.460888599,0.0,0.0,0.0,0.0
07_04_05.bmp,2.555555555555556,0.388888889,0.501631326,0.388888889,0.501631326,0.277777778,0.460888599,0.0,0.0,0.055555556,0.23570226,0.166666667,0.383482494,0.055555556,0.23570226
0035.jpg,2.7777777777777777,0.0,0.0,0.555555556,0.511309993,0.888888889,0.323380833,0.055555556,0.23570226,0.055555556,0.23570226,0.055555556,0.23570226,0.0,0.0
24_14_04.bmp,2.055555555555556,0.111111111,0.323380833,0.166666667,0.383482494,0.055555556,0.23570226,0.833333333,0.383482494,0.055555556,0.23570226,0.055555556,0.23570226,0.0,0.0
03_22_04.bmp,2.5,0.388888889,0.501631326,0.722222222,0.460888599,0.055555556,0.23570226,0.0,0.0,0.111111111,0.323380833,0.0,0.0,0.0,0.0
05_24_05.bmp,1.2777777777777777,0.055555556,0.23570226,0.944444444,0.23570226,0.055555556,0.23570226,0.0,0.0,0.111111111,0.323380833,0.055555556,0.23570226,0.055555556,0.23570226
16_23_01.bmp,3.0,0.055555556,0.23570226,0.166666667,0.383482494,0.055555556,0.23570226,0.722222222,0.460888599,0.277777778,0.460888599,0.277777778,0.460888599,0.0,0.0
20_02_01.bmp,3.2777777777777777,0.055555556,0.23570226,0.555555556,0.511309993,0.111111111,0.323380833,0.0,0.0,0.222222222,0.427792632,0.055555556,0.23570226,0.0,0.0
0340.jpg,3.611111111111111,0.055555556,0.23570226,0.444444444,0.511309993,0.055555556,0.23570226,0.055555556,0.23570226,0.111111111,0.323380833,0.0,0.0,0.0,0.0
35_05_03.bmp,1.8888888888888888,0.388888889,0.501631326,0.833333333,0.383482494,0.055555556,0.23570226,0.055555556,0.23570226,0.0,0.0,0.0,0.0,0.055555556,0.23570226
01157.jpg,4.111111111111111,0.166666667,0.383482494,0.166666667,0.383482494,0.055555556,0.23570226,0.0,0.0,0.222222222,0.427792632,0.055555556,0.23570226,0.0,0.0
21_19_05.bmp,1.9444444444444444,0.111111111,0.323380833,0.166666667,0.383482494,0.722222222,0.460888599,0.055555556,0.23570226,0.0,0.0,0.055555556,0.23570226,0.0,0.0
08_15_01.bmp,3.2222222222222223,0.055555556,0.23570226,0.055555556,0.23570226,0.666666667,0.48507125,0.055555556,0.23570226,0.055555556,0.23570226,0.055555556,0.23570226,0.0,0.0
35_09_02.bmp,2.611111111111111,0.555555556,0.511309993,0.611111111,0.501631326,0.055555556,0.23570226,0.0,0.0,0.055555556,0.23570226,0.0,0.0,0.055555556,0.23570226
35_12_04.bmp,2.111111111111111,0.666666667,0.48507125,0.555555556,0.511309993,0.055555556,0.23570226,0.055555556,0.23570226,0.055555556,0.23570226,0.0,0.0,0.055555556,0.23570226
29_04_04.bmp,2.2222222222222223,0.333333333,0.48507125,0.277777778,0.460888599,0.277777778,0.460888599,0.055555556,0.23570226,0.055555556,0.23570226,0.277777778,0.460888599,0.055555556,0.23570226
17_08_01.bmp,3.388888888888889,0.222222222,0.427792632,0.5,0.514495755,0.0,0.0,0.055555556,0.23570226,0.166666667,0.383482494,0.166666667,0.383482494,0.055555556,0.23570226
0391.jpg,2.333333333333333,0.166666667,0.383482494,0.888888889,0.323380833,0.0,0.0,0.111111111,0.323380833,0.055555556,0.23570226,0.055555556,0.23570226,0.055555556,0.23570226
04_19_04.bmp,2.6666666666666665,0.111111111,0.323380833,0.611111111,0.501631326,0.277777778,0.460888599,0.0,0.0,0.222222222,0.427792632,0.0,0.0,0.055555556,0.23570226
14_20_04.bmp,2.2222222222222223,0.5,0.514495755,0.388888889,0.501631326,0.222222222,0.427792632,0.222222222,0.427792632,0.055555556,0.23570226,0.0,0.0,0.0,0.0
29_16_03.bmp,3.055555555555556,0.111111111,0.323380833,0.611111111,0.501631326,0.0,0.0,0.0,0.0,0.111111111,0.323380833,0.111111111,0.323380833,0.055555556,0.23570226
03_07_01.bmp,3.7222222222222223,0.166666667,0.383482494,0.277777778,0.460888599,0.055555556,0.23570226,0.0,0.0,0.166666667,0.383482494,0.0,0.0,0.111111111,0.323380833
31_12_01.bmp,3.388888888888889,0.333333333,0.48507125,0.277777778,0.460888599,0.055555556,0.23570226,0.0,0.0,0.222222222,0.427792632,0.0,0.0,0.055555556,0.23570226
20_16_04.bmp,2.2777777777777777,0.111111111,0.323380833,0.722222222,0.460888599,0.0,0.0,0.055555556,0.23570226,0.111111111,0.323380833,0.055555556,0.23570226,0.0,0.0
0625.jpg,3.333333333333333,0.055555556,0.23570226,0.5,0.514495755,0.0,0.0,0.166666667,0.383482494,0.0,0.0,0.111111111,0.323380833,0.0,0.0
09_08_02.bmp,3.2222222222222223,0.388888889,0.501631326,0.555555556,0.511309993,0.111111111,0.323380833,0.0,0.0,0.111111111,0.323380833,0.055555556,0.23570226,0.055555556,0.23570226
0297.jpg,1.9444444444444444,0.277777778,0.460888599,0.555555556,0.511309993,0.0,0.0,0.777777778,0.427792632,0.055555556,0.23570226,0.055555556,0.23570226,0.0,0.0
04_06_01.bmp,3.1666666666666665,0.166666667,0.383482494,0.555555556,0.511309993,0.166666667,0.383482494,0.0,0.0,0.222222222,0.427792632,0.166666667,0.383482494,0.111111111,0.323380833
02_22_02.bmp,2.611111111111111,0.388888889,0.501631326,0.444444444,0.511309993,0.0,0.0,0.055555556,0.23570226,0.333333333,0.48507125,0.055555556,0.23570226,0.0,0.0
29_07_03.bmp,2.888888888888889,0.222222222,0.427792632,0.666666667,0.48507125,0.0,0.0,0.055555556,0.23570226,0.111111111,0.323380833,0.111111111,0.323380833,0.0,0.0
22_12_03.bmp,2.4444444444444446,0.722222222,0.460888599,0.444444444,0.511309993,0.055555556,0.23570226,0.0,0.0,0.166666667,0.383482494,0.111111111,0.323380833,0.0,0.0
25_18_04.bmp,2.0,0.111111111,0.323380833,0.722222222,0.460888599,0.111111111,0.323380833,0.0,0.0,0.166666667,0.383482494,0.111111111,0.323380833,0.0,0.0
0209.jpg,1.6666666666666667,0.611111111,0.501631326,0.444444444,0.511309993,0.0,0.0,0.666666667,0.48507125,0.111111111,0.323380833,0.055555556,0.23570226,0.0,0.0
0002.jpg,3.0,0.0,0.0,0.166666667,0.383482494,0.777777778,0.427792632,0.055555556,0.23570226,0.555555556,0.511309993,0.0,0.0,0.0,0.0
20_19_02.bmp,3.055555555555556,0.222222222,0.427792632,0.333333333,0.48507125,0.444444444,0.511309993,0.055555556,0.23570226,0.055555556,0.23570226,0.0,0.0,0.0,0.0
26_15_04.bmp,3.888888888888889,0.055555556,0.23570226,0.166666667,0.383482494,0.166666667,0.383482494,0.0,0.0,0.055555556,0.23570226,0.111111111,0.323380833,0.111111111,0.323380833
08_10_03.bmp,3.111111111111111,0.722222222,0.460888599,0.055555556,0.23570226,0.0,0.0,0.0,0.0,0.055555556,0.23570226,0.0,0.0,0.055555556,0.23570226
0290.jpg,2.7222222222222223,0.166666667,0.383482494,0.222222222,0.427792632,0.0,0.0,0.777777778,0.427792632,0.055555556,0.23570226,0.055555556,0.23570226,0.055555556,0.23570226
17_16_04.bmp,2.333333333333333,0.277777778,0.460888599,0.777777778,0.427792632,0.055555556,0.23570226,0.0,0.0,0.222222222,0.427792632,0.0,0.0,0.0,0.0
04_24_04.bmp,1.6111111111111112,0.111111111,0.323380833,0.833333333,0.383482494,0.166666667,0.383482494,0.0,0.0,0.222222222,0.427792632,0.0,0.0,0.0,0.0
27_16_02.bmp,2.888888888888889,0.055555556,0.23570226,0.5,0.514495755,0.166666667,0.383482494,0.055555556,0.23570226,0.388888889,0.501631326,0.055555556,0.23570226,0.111111111,0.323380833
0965.jpg,2.833333333333333,0.0,0.0,0.555555556,0.511309993,0.055555556,0.23570226,0.611111111,0.501631326,0.055555556,0.23570226,0.0,0.0,0.055555556,0.23570226
25_16_03.bmp,2.388888888888889,0.111111111,0.323380833,0.833333333,0.383482494,0.0,0.0,0.0,0.0,0.111111111,0.323380833,0.055555556,0.23570226,0.0,0.0
21_16_03.bmp,2.833333333333333,0.111111111,0.323380833,0.722222222,0.460888599,0.0,0.0,0.055555556,0.23570226,0.0,0.0,0.055555556,0.23570226,0.0,0.0
01180.jpg,3.555555555555556,0.222222222,0.427792632,0.388888889,0.501631326,0.0,0.0,0.055555556,0.23570226,0.388888889,0.501631326,0.0,0.0,0.111111111,0.323380833
24_02_02.bmp,3.0,0.111111111,0.323380833,0.777777778,0.427792632,0.111111111,0.323380833,0.0,0.0,0.0,0.0,0.0,0.0,0.055555556,0.23570226
23_24_04.bmp,2.0,0.055555556,0.23570226,0.888888889,0.323380833,0.0,0.0,0.0,0.0,0.166666667,0.383482494,0.055555556,0.23570226,0.0,0.0
32_10_02.bmp,2.7222222222222223,0.611111111,0.501631326,0.444444444,0.511309993,0.055555556,0.23570226,0.055555556,0.23570226,0.333333333,0.48507125,0.055555556,0.23570226,0.055555556,0.23570226
30_16_03.bmp,2.833333333333333,0.111111111,0.323380833,0.555555556,0.511309993,0.0,0.0,0.111111111,0.323380833,0.222222222,0.427792632,0.0,0.0,0.0,0.0
32_10_01.bmp,2.833333333333333,0.388888889,0.501631326,0.444444444,0.511309993,0.166666667,0.383482494,0.111111111,0.323380833,0.333333333,0.48507125,0.055555556,0.23570226,0.0,0.0
24_23_03.bmp,2.2222222222222223,0.055555556,0.23570226,0.222222222,0.427792632,0.0,0.0,0.722222222,0.460888599,0.055555556,0.23570226,0.0,0.0,0.055555556,0.23570226
25_04_01.bmp,3.4444444444444446,0.055555556,0.23570226,0.388888889,0.501631326,0.111111111,0.323380833,0.055555556,0.23570226,0.166666667,0.383482494,0.0,0.0,0.055555556,0.23570226
31_17_05.bmp,2.055555555555556,0.111111111,0.323380833,0.666666667,0.48507125,0.0,0.0,0.0,0.0,0.277777778,0.460888599,0.111111111,0.323380833,0.166666667,0.383482494
34_10_04.bmp,2.2222222222222223,0.777777778,0.427792632,0.388888889,0.501631326,0.055555556,0.23570226,0.111111111,0.323380833,0.055555556,0.23570226,0.0,0.0,0.055555556,0.23570226
0549.jpg,3.2222222222222223,0.055555556,0.23570226,0.388888889,0.501631326,0.0,0.0,0.055555556,0.23570226,0.777777778,0.427792632,0.055555556,0.23570226,0.111111111,0.323380833
28_01_01.bmp,3.333333333333333,0.111111111,0.323380833,0.555555556,0.511309993,0.166666667,0.383482494,0.0,0.0,0.166666667,0.383482494,0.0,0.0,0.055555556,0.23570226
0828.jpg,3.333333333333333,0.055555556,0.23570226,0.5,0.514495755,0.055555556,0.23570226,0.111111111,0.323380833,0.0,0.0,0.0,0.0,0.055555556,0.23570226
23_19_05.bmp,2.5,0.055555556,0.23570226,0.222222222,0.427792632,0.666666667,0.48507125,0.0,0.0,0.055555556,0.23570226,0.0,0.0,0.055555556,0.23570226
14_25_02.bmp,2.611111111111111,0.111111111,0.323380833,0.166666667,0.383482494,0.055555556,0.23570226,0.055555556,0.23570226,0.0,0.0,0.055555556,0.23570226,0.944444444,0.23570226
1001.jpg,2.9444444444444446,0.055555556,0.23570226,0.388888889,0.501631326,0.0,0.0,0.611111111,0.501631326,0.277777778,0.460888599,0.0,0.0,0.166666667,0.383482494
25_22_01.bmp,2.7222222222222223,0.111111111,0.323380833,0.611111111,0.501631326,0.277777778,0.460888599,0.0,0.0,0.111111111,0.323380833,0.055555556,0.23570226,0.055555556,0.23570226
0317.jpg,2.5,0.111111111,0.323380833,0.833333333,0.383482494,0.0,0.0,0.166666667,0.383482494,0.111111111,0.323380833,0.055555556,0.23570226,0.055555556,0.23570226
04_20_02.bmp,2.6666666666666665,0.555555556,0.511309993,0.666666667,0.48507125,0.166666667,0.383482494,0.0,0.0,0.222222222,0.427792632,0.0,0.0,0.055555556,0.23570226
0929.jpg,3.333333333333333,0.111111111,0.323380833,0.388888889,0.501631326,0.0,0.0,0.666666667,0.48507125,0.222222222,0.427792632,0.0,0.0,0.055555556,0.23570226
03_06_03.bmp,2.888888888888889,0.222222222,0.427792632,0.333333333,0.48507125,0.166666667,0.383482494,0.0,0.0,0.111111111,0.323380833,0.222222222,0.427792632,0.055555556,0.23570226
0144.jpg,2.888888888888889,0.111111111,0.323380833,0.222222222,0.427792632,0.777777778,0.427792632,0.111111111,0.323380833,0.111111111,0.323380833,0.222222222,0.427792632,0.055555556,0.23570226
04_11_04.bmp,2.388888888888889,0.777777778,0.427792632,0.388888889,0.501631326,0.055555556,0.23570226,0.0,0.0,0.277777778,0.460888599,0.055555556,0.23570226,0.0,0.0
30_09_01.bmp,3.055555555555556,0.611111111,0.501631326,0.277777778,0.460888599,0.0,0.0,0.0,0.0,0.277777778,0.460888599,0.0,0.0,0.0,0.0
0924.jpg,1.4444444444444444,0.0,0.0,0.833333333,0.383482494,0.0,0.0,0.166666667,0.383482494,0.222222222,0.427792632,0.055555556,0.23570226,0.0,0.0
03_05_01.bmp,3.8333333333333335,0.055555556,0.23570226,0.277777778,0.460888599,0.111111111,0.323380833,0.055555556,0.23570226,0.111111111,0.323380833,0.0,0.0,0.111111111,0.323380833
33_04_05.bmp,2.055555555555556,0.166666667,0.383482494,0.388888889,0.501631326,0.277777778,0.460888599,0.055555556,0.23570226,0.333333333,0.48507125,0.166666667,0.383482494,0.055555556,0.23570226
01_06_02.bmp,2.888888888888889,0.055555556,0.23570226,0.777777778,0.427792632,0.111111111,0.323380833,0.055555556,0.23570226,0.0,0.0,0.166666667,0.383482494,0.055555556,0.23570226
04_16_05.bmp,1.7777777777777777,0.277777778,0.460888599,0.944444444,0.23570226,0.0,0.0,0.0,0.0,0.166666667,0.383482494,0.0,0.0,0.0,0.0
33_13_03.bmp,3.2222222222222223,0.055555556,0.23570226,0.333333333,0.48507125,0.222222222,0.427792632,0.055555556,0.23570226,0.5,0.514495755,0.0,0.0,0.0,0.0
31_16_01.bmp,3.111111111111111,0.055555556,0.23570226,0.388888889,0.501631326,0.222222222,0.427792632,0.0,0.0,0.166666667,0.383482494,0.055555556,0.23570226,0.055555556,0.23570226
0261.jpg,1.6111111111111112,0.222222222,0.427792632,0.222222222,0.427792632,0.111111111,0.323380833,0.833333333,0.383482494,0.055555556,0.23570226,0.0,0.0,0.0,0.0
06_20_03.bmp,2.333333333333333,0.611111111,0.501631326,0.277777778,0.460888599,0.111111111,0.323380833,0.0,0.0,0.055555556,0.23570226,0.0,0.0,0.055555556,0.23570226
10_13_02.bmp,3.055555555555556,0.055555556,0.23570226,0.388888889,0.501631326,0.166666667,0.383482494,0.0,0.0,0.388888889,0.501631326,0.222222222,0.427792632,0.111111111,0.323380833
12_05_03.bmp,2.555555555555556,0.277777778,0.460888599,0.722222222,0.460888599,0.055555556,0.23570226,0.055555556,0.23570226,0.055555556,0.23570226,0.055555556,0.23570226,0.0,0.0
01427.jpg,3.7777777777777777,0.055555556,0.23570226,0.555555556,0.511309993,0.111111111,0.323380833,0.0,0.0,0.0,0.0,0.0,0.0,0.0,0.0
32_24_02.bmp,2.6666666666666665,0.055555556,0.23570226,0.722222222,0.460888599,0.111111111,0.323380833,0.111111111,0.323380833,0.333333333,0.48507125,0.055555556,0.23570226,0.055555556,0.23570226
18_19_04.bmp,2.4444444444444446,0.277777778,0.460888599,0.444444444,0.511309993,0.444444444,0.511309993,0.111111111,0.323380833,0.055555556,0.23570226,0.0,0.0,0.0,0.0
01212.jpg,3.388888888888889,0.222222222,0.427792632,0.611111111,0.501631326,0.111111111,0.323380833,0.111111111,0.323380833,0.333333333,0.48507125,0.055555556,0.23570226,0.055555556,0.23570226
01497.jpg,3.8333333333333335,0.111111111,0.323380833,0.555555556,0.511309993,0.111111111,0.323380833,0.0,0.0,0.0,0.0,0.0,0.0,0.055555556,0.23570226
12_16_04.bmp,2.0,0.277777778,0.460888599,0.888888889,0.323380833,0.055555556,0.23570226,0.0,0.0,0.055555556,0.23570226,0.055555556,0.23570226,0.0,0.0
27_17_03.bmp,2.611111111111111,0.055555556,0.23570226,0.555555556,0.511309993,0.0,0.0,0.0,0.0,0.555555556,0.511309993,0.166666667,0.383482494,0.222222222,0.427792632
01471.jpg,3.611111111111111,0.0,0.0,0.444444444,0.511309993,0.166666667,0.383482494,0.0,0.0,0.0,0.0,0.055555556,0.23570226,0.055555556,0.23570226
27_09_05.bmp,2.1666666666666665,0.777777778,0.427792632,0.277777778,0.460888599,0.0,0.0,0.055555556,0.23570226,0.388888889,0.501631326,0.111111111,0.323380833,0.0,0.0
02_05_02.bmp,2.9444444444444446,0.277777778,0.460888599,0.555555556,0.511309993,0.0,0.0,0.055555556,0.23570226,0.611111111,0.501631326,0.0,0.0,0.055555556,0.23570226
25_23_02.bmp,2.611111111111111,0.055555556,0.23570226,0.111111111,0.323380833,0.111111111,0.323380833,0.722222222,0.460888599,0.055555556,0.23570226,0.0,0.0,0.111111111,0.323380833
1137.jpg,2.9444444444444446,0.0,0.0,0.333333333,0.48507125,0.055555556,0.23570226,0.0,0.0,0.111111111,0.323380833,0.833333333,0.383482494,0.0,0.0
30_03_04.bmp,2.4444444444444446,0.0,0.0,0.833333333,0.383482494,0.0,0.0,0.055555556,0.23570226,0.277777778,0.460888599,0.0,0.0,0.0,0.0
01300.jpg,3.5,0.388888889,0.501631326,0.388888889,0.501631326,0.0,0.0,0.0,0.0,0.055555556,0.23570226,0.0,0.0,0.111111111,0.323380833
0656.jpg,3.333333333333333,0.111111111,0.323380833,0.333333333,0.48507125,0.0,0.0,0.055555556,0.23570226,0.111111111,0.323380833,0.111111111,0.323380833,0.722222222,0.460888599
09_01_01.bmp,3.611111111111111,0.222222222,0.427792632,0.333333333,0.48507125,0.222222222,0.427792632,0.111111111,0.323380833,0.111111111,0.323380833,0.111111111,0.323380833,0.0,0.0
05_01_04.bmp,1.9444444444444444,0.166666667,0.383482494,0.833333333,0.383482494,0.111111111,0.323380833,0.055555556,0.23570226,0.0,0.0,0.111111111,0.323380833,0.0,0.0
10_03_04.bmp,1.9444444444444444,0.111111111,0.323380833,0.944444444,0.23570226,0.055555556,0.23570226,0.0,0.0,0.333333333,0.48507125,0.222222222,0.427792632,0.055555556,0.23570226
18_10_05.bmp,1.9444444444444444,0.888888889,0.323380833,0.222222222,0.427792632,0.055555556,0.23570226,0.0,0.0,0.055555556,0.23570226,0.0,0.0,0.0,0.0
18_07_01.bmp,3.0,0.222222222,0.427792632,0.666666667,0.48507125,0.055555556,0.23570226,0.055555556,0.23570226,0.0,0.0,0.0,0.0,0.055555556,0.23570226
16_15_03.bmp,3.333333333333333,0.055555556,0.23570226,0.222222222,0.427792632,0.111111111,0.323380833,0.055555556,0.23570226,0.333333333,0.48507125,0.333333333,0.48507125,0.0,0.0
01448.jpg,3.5,0.111111111,0.323380833,0.611111111,0.501631326,0.055555556,0.23570226,0.0,0.0,0.0,0.0,0.0,0.0,0.0,0.0
35_14_02.bmp,2.888888888888889,0.222222222,0.427792632,0.611111111,0.501631326,0.055555556,0.23570226,0.111111111,0.323380833,0.0,0.0,0.0,0.0,0.111111111,0.323380833
02_08_04.bmp,2.055555555555556,0.555555556,0.511309993,0.777777778,0.427792632,0.166666667,0.383482494,0.055555556,0.23570226,0.444444444,0.511309993,0.055555556,0.23570226,0.111111111,0.323380833
27_20_05.bmp,1.7777777777777777,0.611111111,0.501631326,0.277777778,0.460888599,0.277777778,0.460888599,0.166666667,0.383482494,0.388888889,0.501631326,0.055555556,0.23570226,0.0,0.0
18_15_03.bmp,3.111111111111111,0.166666667,0.383482494,0.333333333,0.48507125,0.277777778,0.460888599,0.055555556,0.23570226,0.055555556,0.23570226,0.0,0.0,0.055555556,0.23570226
09_17_05.bmp,2.0,0.166666667,0.383482494,0.388888889,0.501631326,0.055555556,0.23570226,0.0,0.0,0.222222222,0.427792632,0.166666667,0.383482494,0.222222222,0.427792632
0299.jpg,2.5,0.166666667,0.383482494,0.222222222,0.427792632,0.055555556,0.23570226,0.833333333,0.383482494,0.0,0.0,0.0,0.0,0.055555556,0.23570226
0412.jpg,2.555555555555556,0.055555556,0.23570226,0.833333333,0.383482494,0.0,0.0,0.055555556,0.23570226,0.0,0.0,0.0,0.0,0.0,0.0
28_03_02.bmp,3.111111111111111,0.111111111,0.323380833,0.666666667,0.48507125,0.055555556,0.23570226,0.0,0.0,0.166666667,0.383482494,0.0,0.0,0.0,0.0
18_10_04.bmp,2.5,0.777777778,0.427792632,0.222222222,0.427792632,0.055555556,0.23570226,0.055555556,0.23570226,0.0,0.0,0.0,0.0,0.0,0.0
1064.jpg,3.4444444444444446,0.166666667,0.383482494,0.388888889,0.501631326,0.0,0.0,0.222222222,0.427792632,0.222222222,0.427792632,0.0,0.0,0.111111111,0.323380833
0366.jpg,2.111111111111111,0.111111111,0.323380833,0.944444444,0.23570226,0.0,0.0,0.055555556,0.23570226,0.111111111,0.323380833,0.0,0.0,0.0,0.0
36_10_02.bmp,3.055555555555556,0.444444444,0.511309993,0.555555556,0.511309993,0.055555556,0.23570226,0.055555556,0.23570226,0.0,0.0,0.055555556,0.23570226,0.055555556,0.23570226
34_24_05.bmp,1.2777777777777777,0.055555556,0.23570226,0.888888889,0.323380833,0.166666667,0.383482494,0.0,0.0,0.055555556,0.23570226,0.055555556,0.23570226,0.055555556,0.23570226
05_03_02.bmp,2.9444444444444446,0.055555556,0.23570226,0.722222222,0.460888599,0.111111111,0.323380833,0.0,0.0,0.0,0.0,0.055555556,0.23570226,0.111111111,0.323380833
1131.jpg,2.6666666666666665,0.055555556,0.23570226,0.277777778,0.460888599,0.0,0.0,0.166666667,0.383482494,0.611111111,0.501631326,0.444444444,0.511309993,0.055555556,0.23570226
30_10_03.bmp,2.7777777777777777,0.666666667,0.48507125,0.166666667,0.383482494,0.055555556,0.23570226,0.0,0.0,0.333333333,0.48507125,0.0,0.0,0.0,0.0
14_18_03.bmp,2.2777777777777777,0.166666667,0.383482494,0.666666667,0.48507125,0.166666667,0.383482494,0.055555556,0.23570226,0.055555556,0.23570226,0.055555556,0.23570226,0.0,0.0
01393.jpg,4.277777777777778,0.111111111,0.323380833,0.444444444,0.511309993,0.055555556,0.23570226,0.0,0.0,0.0,0.0,0.0,0.0,0.055555556,0.23570226
0135.jpg,3.4444444444444446,0.055555556,0.23570226,0.222222222,0.427792632,0.666666667,0.48507125,0.0,0.0,0.055555556,0.23570226,0.111111111,0.323380833,0.055555556,0.23570226
25_13_02.bmp,3.0,0.055555556,0.23570226,0.333333333,0.48507125,0.388888889,0.501631326,0.055555556,0.23570226,0.111111111,0.323380833,0.055555556,0.23570226,0.055555556,0.23570226
20_12_01.bmp,3.2777777777777777,0.444444444,0.511309993,0.277777778,0.460888599,0.055555556,0.23570226,0.055555556,0.23570226,0.166666667,0.383482494,0.111111111,0.323380833,0.0,0.0
0193.jpg,2.611111111111111,0.055555556,0.23570226,0.444444444,0.511309993,0.777777778,0.427792632,0.055555556,0.23570226,0.111111111,0.323380833,0.0,0.0,0.111111111,0.323380833
14_15_05.bmp,3.388888888888889,0.111111111,0.323380833,0.277777778,0.460888599,0.0,0.0,0.222222222,0.427792632,0.055555556,0.23570226,0.055555556,0.23570226,0.055555556,0.23570226
37_14_05.bmp,1.2777777777777777,0.166666667,0.383482494,0.444444444,0.511309993,0.111111111,0.323380833,0.833333333,0.383482494,0.0,0.0,0.055555556,0.23570226,0.0,0.0
0814.jpg,3.388888888888889,0.055555556,0.23570226,0.444444444,0.511309993,0.0,0.0,0.0,0.0,0.111111111,0.323380833,0.111111111,0.323380833,0.055555556,0.23570226
0806.jpg,3.5,0.0,0.0,0.444444444,0.511309993,0.055555556,0.23570226,0.0,0.0,0.166666667,0.383482494,0.0,0.0,0.0,0.0
17_05_02.bmp,3.1666666666666665,0.222222222,0.427792632,0.666666667,0.48507125,0.055555556,0.23570226,0.055555556,0.23570226,0.222222222,0.427792632,0.111111111,0.323380833,0.0,0.0
05_12_03.bmp,2.333333333333333,0.777777778,0.427792632,0.388888889,0.501631326,0.111111111,0.323380833,0.0,0.0,0.111111111,0.323380833,0.055555556,0.23570226,0.055555556,0.23570226
20_13_01.bmp,3.5,0.166666667,0.383482494,0.444444444,0.511309993,0.111111111,0.323380833,0.0,0.0,0.166666667,0.383482494,0.111111111,0.323380833,0.0,0.0
1029.jpg,3.0,0.055555556,0.23570226,0.388888889,0.501631326,0.0,0.0,0.611111111,0.501631326,0.166666667,0.383482494,0.0,0.0,0.0,0.0
01207.jpg,3.4444444444444446,0.222222222,0.427792632,0.444444444,0.511309993,0.0,0.0,0.0,0.0,0.555555556,0.511309993,0.055555556,0.23570226,0.055555556,0.23570226
25_08_02.bmp,2.555555555555556,0.166666667,0.383482494,0.777777778,0.427792632,0.055555556,0.23570226,0.0,0.0,0.166666667,0.383482494,0.055555556,0.23570226,0.055555556,0.23570226
05_14_04.bmp,2.6666666666666665,0.222222222,0.427792632,0.388888889,0.501631326,0.166666667,0.383482494,0.611111111,0.501631326,0.0,0.0,0.055555556,0.23570226,0.055555556,0.23570226
06_21_02.bmp,2.9444444444444446,0.055555556,0.23570226,0.277777778,0.460888599,0.666666667,0.48507125,0.055555556,0.23570226,0.0,0.0,0.055555556,0.23570226,0.055555556,0.23570226
07_22_03.bmp,1.9444444444444444,0.277777778,0.460888599,0.666666667,0.48507125,0.166666667,0.383482494,0.055555556,0.23570226,0.0,0.0,0.0,0.0,0.0,0.0
0495.jpg,3.055555555555556,0.055555556,0.23570226,0.444444444,0.511309993,0.055555556,0.23570226,0.0,0.0,0.722222222,0.460888599,0.0,0.0,0.0,0.0
06_11_01.bmp,3.4444444444444446,0.555555556,0.511309993,0.055555556,0.23570226,0.055555556,0.23570226,0.055555556,0.23570226,0.0,0.0,0.111111111,0.323380833,0.055555556,0.23570226
04_08_05.bmp,1.8333333333333333,0.5,0.514495755,0.722222222,0.460888599,0.166666667,0.383482494,0.0,0.0,0.222222222,0.427792632,0.055555556,0.23570226,0.111111111,0.323380833
09_05_01.bmp,3.555555555555556,0.222222222,0.427792632,0.5,0.514495755,0.166666667,0.383482494,0.0,0.0,0.111111111,0.323380833,0.055555556,0.23570226,0.0,0.0
01191.jpg,3.6666666666666665,0.222222222,0.427792632,0.333333333,0.48507125,0.055555556,0.23570226,0.0,0.0,0.388888889,0.501631326,0.0,0.0,0.0,0.0
14_24_02.bmp,2.611111111111111,0.111111111,0.323380833,0.833333333,0.383482494,0.111111111,0.323380833,0.055555556,0.23570226,0.0,0.0,0.055555556,0.23570226,0.055555556,0.23570226
24_18_03.bmp,2.6666666666666665,0.055555556,0.23570226,0.777777778,0.427792632,0.055555556,0.23570226,0.0,0.0,0.0,0.0,0.055555556,0.23570226,0.055555556,0.23570226
06_01_03.bmp,3.1666666666666665,0.0,0.0,0.722222222,0.460888599,0.166666667,0.383482494,0.0,0.0,0.0,0.0,0.111111111,0.323380833,0.055555556,0.23570226
09_24_03.bmp,1.9444444444444444,0.111111111,0.323380833,0.888888889,0.323380833,0.055555556,0.23570226,0.0,0.0,0.111111111,0.323380833,0.055555556,0.23570226,0.0,0.0
28_09_03.bmp,2.7777777777777777,0.722222222,0.460888599,0.277777778,0.460888599,0.055555556,0.23570226,0.055555556,0.23570226,0.222222222,0.427792632,0.0,0.0,0.0,0.0
30_06_03.bmp,2.5,0.277777778,0.460888599,0.222222222,0.427792632,0.222222222,0.427792632,0.055555556,0.23570226,0.333333333,0.48507125,0.166666667,0.383482494,0.055555556,0.23570226
04_17_01.bmp,2.7222222222222223,0.166666667,0.383482494,0.666666667,0.48507125,0.111111111,0.323380833,0.055555556,0.23570226,0.166666667,0.383482494,0.055555556,0.23570226,0.055555556,0.23570226
16_11_03.bmp,2.833333333333333,0.833333333,0.383482494,0.166666667,0.383482494,0.0,0.0,0.0,0.0,0.277777778,0.460888599,0.222222222,0.427792632,0.055555556,0.23570226
06_19_01.bmp,3.6666666666666665,0.277777778,0.460888599,0.222222222,0.427792632,0.166666667,0.383482494,0.0,0.0,0.055555556,0.23570226,0.055555556,0.23570226,0.055555556,0.23570226
01434.jpg,3.888888888888889,0.0,0.0,0.5,0.514495755,0.055555556,0.23570226,0.0,0.0,0.0,0.0,0.055555556,0.23570226,0.0,0.0
20_12_05.bmp,2.1666666666666665,0.666666667,0.48507125,0.444444444,0.511309993,0.055555556,0.23570226,0.055555556,0.23570226,0.055555556,0.23570226,0.111111111,0.323380833,0.0,0.0
01429.jpg,3.6666666666666665,0.055555556,0.23570226,0.555555556,0.511309993,0.055555556,0.23570226,0.0,0.0,0.0,0.0,0.055555556,0.23570226,0.055555556,0.23570226
27_24_04.bmp,2.0,0.055555556,0.23570226,0.777777778,0.427792632,0.0,0.0,0.0,0.0,0.444444444,0.511309993,0.0,0.0,0.055555556,0.23570226
09_12_04.bmp,2.555555555555556,0.666666667,0.48507125,0.277777778,0.460888599,0.111111111,0.323380833,0.055555556,0.23570226,0.166666667,0.383482494,0.055555556,0.23570226,0.0,0.0
33_08_04.bmp,2.5,0.166666667,0.383482494,0.722222222,0.460888599,0.055555556,0.23570226,0.055555556,0.23570226,0.388888889,0.501631326,0.0,0.0,0.0,0.0
19_03_02.bmp,3.0,0.055555556,0.23570226,0.722222222,0.460888599,0.055555556,0.23570226,0.055555556,0.23570226,0.111111111,0.323380833,0.055555556,0.23570226,0.055555556,0.23570226
16_22_03.bmp,2.388888888888889,0.277777778,0.460888599,0.722222222,0.460888599,0.055555556,0.23570226,0.055555556,0.23570226,0.333333333,0.48507125,0.277777778,0.460888599,0.0,0.0
09_21_01.bmp,2.7222222222222223,0.111111111,0.323380833,0.222222222,0.427792632,0.722222222,0.460888599,0.0,0.0,0.111111111,0.323380833,0.0,0.0,0.0,0.0
18_12_02.bmp,2.833333333333333,0.5,0.514495755,0.388888889,0.501631326,0.166666667,0.383482494,0.055555556,0.23570226,0.0,0.0,0.0,0.0,0.111111111,0.323380833
0987.jpg,2.833333333333333,0.111111111,0.323380833,0.388888889,0.501631326,0.055555556,0.23570226,0.666666667,0.48507125,0.277777778,0.460888599,0.055555556,0.23570226,0.055555556,0.23570226
14_21_03.bmp,2.388888888888889,0.055555556,0.23570226,0.222222222,0.427792632,0.888888889,0.323380833,0.0,0.0,0.0,0.0,0.055555556,0.23570226,0.111111111,0.323380833
1002.jpg,3.1666666666666665,0.055555556,0.23570226,0.444444444,0.511309993,0.055555556,0.23570226,0.611111111,0.501631326,0.111111111,0.323380833,0.055555556,0.23570226,0.055555556,0.23570226
0688.jpg,3.111111111111111,0.055555556,0.23570226,0.277777778,0.460888599,0.0,0.0,0.222222222,0.427792632,0.111111111,0.323380833,0.055555556,0.23570226,0.611111111,0.501631326
35_11_04.bmp,1.9444444444444444,0.722222222,0.460888599,0.388888889,0.501631326,0.055555556,0.23570226,0.0,0.0,0.055555556,0.23570226,0.111111111,0.323380833,0.055555556,0.23570226
24_01_03.bmp,2.7777777777777777,0.055555556,0.23570226,0.833333333,0.383482494,0.166666667,0.383482494,0.0,0.0,0.0,0.0,0.0,0.0,0.0,0.0
27_06_05.bmp,1.8888888888888888,0.222222222,0.427792632,0.388888889,0.501631326,0.277777778,0.460888599,0.166666667,0.383482494,0.333333333,0.48507125,0.166666667,0.383482494,0.0,0.0
1035.jpg,3.5,0.0,0.0,0.333333333,0.48507125,0.0,0.0,0.5,0.514495755,0.277777778,0.460888599,0.055555556,0.23570226,0.055555556,0.23570226
14_10_05.bmp,2.111111111111111,0.777777778,0.427792632,0.333333333,0.48507125,0.055555556,0.23570226,0.055555556,0.23570226,0.055555556,0.23570226,0.055555556,0.23570226,0.0,0.0
02_20_01.bmp,2.4444444444444446,0.333333333,0.48507125,0.388888889,0.501631326,0.388888889,0.501631326,0.0,0.0,0.333333333,0.48507125,0.166666667,0.383482494,0.0,0.0
20_21_05.bmp,1.7777777777777777,0.166666667,0.383482494,0.222222222,0.427792632,0.055555556,0.23570226,0.611111111,0.501631326,0.166666667,0.383482494,0.055555556,0.23570226,0.0,0.0
0857.jpg,3.5,0.111111111,0.323380833,0.5,0.514495755,0.055555556,0.23570226,0.055555556,0.23570226,0.222222222,0.427792632,0.0,0.0,0.0,0.0
05_11_02.bmp,2.833333333333333,0.777777778,0.427792632,0.333333333,0.48507125,0.055555556,0.23570226,0.055555556,0.23570226,0.0,0.0,0.111111111,0.323380833,0.0,0.0
0753.jpg,3.7777777777777777,0.055555556,0.23570226,0.444444444,0.511309993,0.055555556,0.23570226,0.0,0.0,0.0,0.0,0.055555556,0.23570226,0.055555556,0.23570226
0646.jpg,3.555555555555556,0.166666667,0.383482494,0.5,0.514495755,0.0,0.0,0.111111111,0.323380833,0.0,0.0,0.055555556,0.23570226,0.0,0.0
18_14_01.bmp,3.333333333333333,0.166666667,0.383482494,0.333333333,0.48507125,0.055555556,0.23570226,0.166666667,0.383482494,0.0,0.0,0.0,0.0,0.111111111,0.323380833
08_23_02.bmp,3.1666666666666665,0.111111111,0.323380833,0.111111111,0.323380833,0.0,0.0,0.777777778,0.427792632,0.0,0.0,0.055555556,0.23570226,0.0,0.0
0871.jpg,3.6666666666666665,0.055555556,0.23570226,0.388888889,0.501631326,0.0,0.0,0.055555556,0.23570226,0.277777778,0.460888599,0.0,0.0,0.0,0.0
20_07_02.bmp,2.555555555555556,0.166666667,0.383482494,0.722222222,0.460888599,0.055555556,0.23570226,0.055555556,0.23570226,0.111111111,0.323380833,0.166666667,0.383482494,0.0,0.0
35_12_03.bmp,2.388888888888889,0.833333333,0.383482494,0.5,0.514495755,0.055555556,0.23570226,0.0,0.0,0.055555556,0.23570226,0.0,0.0,0.055555556,0.23570226
18_07_04.bmp,1.5555555555555556,0.166666667,0.383482494,0.833333333,0.383482494,0.111111111,0.323380833,0.0,0.0,0.0,0.0,0.111111111,0.323380833,0.055555556,0.23570226
23_02_04.bmp,1.5,0.0,0.0,0.944444444,0.23570226,0.0,0.0,0.0,0.0,0.222222222,0.427792632,0.0,0.0,0.0,0.0
0114.jpg,3.6666666666666665,0.0,0.0,0.277777778,0.460888599,0.5,0.514495755,0.0,0.0,0.111111111,0.323380833,0.0,0.0,0.0,0.0
07_20_03.bmp,2.111111111111111,0.555555556,0.511309993,0.555555556,0.511309993,0.166666667,0.383482494,0.111111111,0.323380833,0.111111111,0.323380833,0.055555556,0.23570226,0.0,0.0
19_23_01.bmp,3.111111111111111,0.055555556,0.23570226,0.055555556,0.23570226,0.055555556,0.23570226,0.555555556,0.511309993,0.055555556,0.23570226,0.055555556,0.23570226,0.166666667,0.383482494
31_17_02.bmp,2.4444444444444446,0.055555556,0.23570226,0.5,0.514495755,0.055555556,0.23570226,0.0,0.0,0.333333333,0.48507125,0.166666667,0.383482494,0.222222222,0.427792632
08_24_02.bmp,3.2222222222222223,0.111111111,0.323380833,0.5,0.514495755,0.0,0.0,0.055555556,0.23570226,0.0,0.0,0.0,0.0,0.055555556,0.23570226
25_10_03.bmp,2.5,0.722222222,0.460888599,0.388888889,0.501631326,0.111111111,0.323380833,0.055555556,0.23570226,0.166666667,0.383482494,0.0,0.0,0.055555556,0.23570226
13_25_02.bmp,2.7777777777777777,0.0,0.0,0.111111111,0.323380833,0.111111111,0.323380833,0.0,0.0,0.055555556,0.23570226,0.0,0.0,0.833333333,0.383482494
20_14_03.bmp,3.055555555555556,0.055555556,0.23570226,0.277777778,0.460888599,0.0,0.0,0.277777778,0.460888599,0.166666667,0.383482494,0.111111111,0.323380833,0.0,0.0
07_12_03.bmp,2.5,0.777777778,0.427792632,0.388888889,0.501631326,0.111111111,0.323380833,0.0,0.0,0.111111111,0.323380833,0.0,0.0,0.055555556,0.23570226
36_14_03.bmp,3.111111111111111,0.222222222,0.427792632,0.333333333,0.48507125,0.166666667,0.383482494,0.166666667,0.383482494,0.0,0.0,0.055555556,0.23570226,0.111111111,0.323380833
26_12_04.bmp,2.888888888888889,0.666666667,0.48507125,0.166666667,0.383482494,0.055555556,0.23570226,0.0,0.0,0.055555556,0.23570226,0.0,0.0,0.055555556,0.23570226
0833.jpg,3.6666666666666665,0.111111111,0.323380833,0.5,0.514495755,0.0,0.0,0.0,0.0,0.055555556,0.23570226,0.0,0.0,0.0,0.0
01195.jpg,3.4444444444444446,0.333333333,0.48507125,0.444444444,0.511309993,0.055555556,0.23570226,0.111111111,0.323380833,0.055555556,0.23570226,0.055555556,0.23570226,0.0,0.0
24_08_01.bmp,3.555555555555556,0.111111111,0.323380833,0.5,0.514495755,0.055555556,0.23570226,0.055555556,0.23570226,0.055555556,0.23570226,0.0,0.0,0.0,0.0
36_12_01.bmp,3.4444444444444446,0.166666667,0.383482494,0.388888889,0.501631326,0.166666667,0.383482494,0.0,0.0,0.0,0.0,0.055555556,0.23570226,0.055555556,0.23570226
02_22_01.bmp,2.7222222222222223,0.166666667,0.383482494,0.5,0.514495755,0.055555556,0.23570226,0.055555556,0.23570226,0.333333333,0.48507125,0.055555556,0.23570226,0.055555556,0.23570226
36_21_04.bmp,2.388888888888889,0.388888889,0.501631326,0.555555556,0.511309993,0.111111111,0.323380833,0.222222222,0.427792632,0.0,0.0,0.111111111,0.323380833,0.055555556,0.23570226
10_12_01.bmp,2.9444444444444446,0.222222222,0.427792632,0.5,0.514495755,0.0,0.0,0.0,0.0,0.444444444,0.511309993,0.222222222,0.427792632,0.0,0.0
13_12_02.bmp,3.111111111111111,0.555555556,0.511309993,0.166666667,0.383482494,0.111111111,0.323380833,0.0,0.0,0.111111111,0.323380833,0.0,0.0,0.055555556,0.23570226
0836.jpg,3.4444444444444446,0.166666667,0.383482494,0.5,0.514495755,0.055555556,0.23570226,0.0,0.0,0.277777778,0.460888599,0.055555556,0.23570226,0.0,0.0
17_10_03.bmp,2.7222222222222223,0.777777778,0.427792632,0.222222222,0.427792632,0.111111111,0.323380833,0.0,0.0,0.222222222,0.427792632,0.111111111,0.323380833,0.055555556,0.23570226
0799.jpg,3.333333333333333,0.0,0.0,0.555555556,0.511309993,0.055555556,0.23570226,0.111111111,0.323380833,0.111111111,0.323380833,0.0,0.0,0.0,0.0
31_03_03.bmp,2.555555555555556,0.166666667,0.383482494,0.833333333,0.383482494,0.055555556,0.23570226,0.0,0.0,0.222222222,0.427792632,0.0,0.0,0.055555556,0.23570226
22_21_03.bmp,3.055555555555556,0.055555556,0.23570226,0.388888889,0.501631326,0.444444444,0.511309993,0.0,0.0,0.055555556,0.23570226,0.166666667,0.383482494,0.0,0.0
04_25_02.bmp,2.555555555555556,0.111111111,0.323380833,0.388888889,0.501631326,0.055555556,0.23570226,0.0,0.0,0.111111111,0.323380833,0.0,0.0,0.944444444,0.23570226
16_20_03.bmp,2.1666666666666665,0.333333333,0.48507125,0.333333333,0.48507125,0.222222222,0.427792632,0.166666667,0.383482494,0.277777778,0.460888599,0.277777778,0.460888599,0.0,0.0
22_09_02.bmp,2.888888888888889,0.722222222,0.460888599,0.388888889,0.501631326,0.0,0.0,0.0,0.0,0.222222222,0.427792632,0.111111111,0.323380833,0.055555556,0.23570226
27_23_04.bmp,2.055555555555556,0.0,0.0,0.222222222,0.427792632,0.0,0.0,0.777777778,0.427792632,0.222222222,0.427792632,0.0,0.0,0.166666667,0.383482494
34_25_01.bmp,3.0,0.055555556,0.23570226,0.055555556,0.23570226,0.111111111,0.323380833,0.055555556,0.23570226,0.055555556,0.23570226,0.0,0.0,0.944444444,0.23570226
12_07_05.bmp,1.4444444444444444,0.055555556,0.23570226,0.888888889,0.323380833,0.111111111,0.323380833,0.111111111,0.323380833,0.0,0.0,0.111111111,0.323380833,0.0,0.0
16_07_01.bmp,3.0,0.055555556,0.23570226,0.333333333,0.48507125,0.111111111,0.323380833,0.0,0.0,0.277777778,0.460888599,0.444444444,0.511309993,0.055555556,0.23570226
01_18_02.bmp,2.333333333333333,0.111111111,0.323380833,0.722222222,0.460888599,0.166666667,0.383482494,0.0,0.0,0.055555556,0.23570226,0.0,0.0,0.111111111,0.323380833
13_03_04.bmp,2.333333333333333,0.055555556,0.23570226,0.888888889,0.323380833,0.055555556,0.23570226,0.0,0.0,0.166666667,0.383482494,0.055555556,0.23570226,0.055555556,0.23570226
01154.jpg,2.7777777777777777,0.111111111,0.323380833,0.888888889,0.323380833,0.111111111,0.323380833,0.0,0.0,0.277777778,0.460888599,0.0,0.0,0.111111111,0.323380833
28_21_05.bmp,1.5555555555555556,0.444444444,0.511309993,0.5,0.514495755,0.055555556,0.23570226,0.611111111,0.501631326,0.166666667,0.383482494,0.055555556,0.23570226,0.0,0.0
23_05_04.bmp,2.055555555555556,0.333333333,0.48507125,0.722222222,0.460888599,0.055555556,0.23570226,0.0,0.0,0.277777778,0.460888599,0.0,0.0,0.055555556,0.23570226
0610.jpg,3.333333333333333,0.055555556,0.23570226,0.555555556,0.511309993,0.0,0.0,0.166666667,0.383482494,0.222222222,0.427792632,0.111111111,0.323380833,0.055555556,0.23570226
15_23_02.bmp,3.111111111111111,0.055555556,0.23570226,0.166666667,0.383482494,0.055555556,0.23570226,0.722222222,0.460888599,0.166666667,0.383482494,0.055555556,0.23570226,0.055555556,0.23570226
20_07_04.bmp,1.4444444444444444,0.111111111,0.323380833,0.777777778,0.427792632,0.055555556,0.23570226,0.0,0.0,0.055555556,0.23570226,0.055555556,0.23570226,0.055555556,0.23570226
25_03_02.bmp,2.833333333333333,0.055555556,0.23570226,0.777777778,0.427792632,0.055555556,0.23570226,0.0,0.0,0.166666667,0.383482494,0.0,0.0,0.055555556,0.23570226
30_25_01.bmp,2.9444444444444446,0.0,0.0,0.166666667,0.383482494,0.0,0.0,0.055555556,0.23570226,0.222222222,0.427792632,0.0,0.0,0.888888889,0.323380833
06_10_01.bmp,3.388888888888889,0.388888889,0.501631326,0.166666667,0.383482494,0.111111111,0.323380833,0.0,0.0,0.0,0.0,0.055555556,0.23570226,0.055555556,0.23570226
05_11_03.bmp,2.333333333333333,0.833333333,0.383482494,0.333333333,0.48507125,0.055555556,0.23570226,0.0,0.0,0.111111111,0.323380833,0.166666667,0.383482494,0.0,0.0
18_03_04.bmp,2.111111111111111,0.055555556,0.23570226,0.888888889,0.323380833,0.055555556,0.23570226,0.055555556,0.23570226,0.0,0.0,0.055555556,0.23570226,0.0,0.0
10_07_02.bmp,2.388888888888889,0.222222222,0.427792632,0.722222222,0.460888599,0.055555556,0.23570226,0.0,0.0,0.277777778,0.460888599,0.166666667,0.383482494,0.0,0.0
06_02_05.bmp,1.1666666666666667,0.0,0.0,0.944444444,0.23570226,0.055555556,0.23570226,0.055555556,0.23570226,0.0,0.0,0.111111111,0.323380833,0.055555556,0.23570226
0167.jpg,2.7222222222222223,0.055555556,0.23570226,0.277777778,0.460888599,0.944444444,0.23570226,0.0,0.0,0.055555556,0.23570226,0.055555556,0.23570226,0.055555556,0.23570226
18_17_03.bmp,2.7222222222222223,0.166666667,0.383482494,0.5,0.514495755,0.055555556,0.23570226,0.0,0.0,0.111111111,0.323380833,0.166666667,0.383482494,0.277777778,0.460888599
0937.jpg,3.0,0.166666667,0.383482494,0.611111111,0.501631326,0.0,0.0,0.555555556,0.511309993,0.222222222,0.427792632,0.0,0.0,0.0,0.0
19_07_02.bmp,2.555555555555556,0.222222222,0.427792632,0.777777778,0.427792632,0.111111111,0.323380833,0.0,0.0,0.111111111,0.323380833,0.166666667,0.383482494,0.0,0.0
12_09_04.bmp,2.4444444444444446,0.722222222,0.460888599,0.166666667,0.383482494,0.055555556,0.23570226,0.055555556,0.23570226,0.111111111,0.323380833,0.0,0.0,0.055555556,0.23570226
21_13_01.bmp,3.7777777777777777,0.166666667,0.383482494,0.333333333,0.48507125,0.055555556,0.23570226,0.0,0.0,0.0,0.0,0.0,0.0,0.111111111,0.323380833
05_12_02.bmp,2.7222222222222223,0.722222222,0.460888599,0.444444444,0.511309993,0.055555556,0.23570226,0.055555556,0.23570226,0.055555556,0.23570226,0.055555556,0.23570226,0.055555556,0.23570226
13_06_01.bmp,3.7222222222222223,0.166666667,0.383482494,0.166666667,0.383482494,0.055555556,0.23570226,0.0,0.0,0.222222222,0.427792632,0.166666667,0.383482494,0.055555556,0.23570226
28_04_01.bmp,3.2222222222222223,0.111111111,0.323380833,0.555555556,0.511309993,0.111111111,0.323380833,0.0,0.0,0.222222222,0.427792632,0.0,0.0,0.0,0.0
14_22_02.bmp,2.6666666666666665,0.166666667,0.383482494,0.611111111,0.501631326,0.277777778,0.460888599,0.055555556,0.23570226,0.0,0.0,0.055555556,0.23570226,0.055555556,0.23570226
09_16_03.bmp,2.9444444444444446,0.111111111,0.323380833,0.555555556,0.511309993,0.055555556,0.23570226,0.0,0.0,0.166666667,0.383482494,0.0,0.0,0.0,0.0
07_07_01.bmp,2.833333333333333,0.055555556,0.23570226,0.555555556,0.511309993,0.055555556,0.23570226,0.055555556,0.23570226,0.111111111,0.323380833,0.0,0.0,0.055555556,0.23570226
37_07_05.bmp,1.6111111111111112,0.111111111,0.323380833,0.944444444,0.23570226,0.0,0.0,0.055555556,0.23570226,0.055555556,0.23570226,0.055555556,0.23570226,0.0,0.0
04_15_02.bmp,2.2222222222222223,0.111111111,0.323380833,0.5,0.514495755,0.777777778,0.427792632,0.0,0.0,0.166666667,0.383482494,0.055555556,0.23570226,0.0,0.0
17_08_04.bmp,1.8888888888888888,0.5,0.514495755,0.555555556,0.511309993,0.0,0.0,0.0,0.0,0.166666667,0.383482494,0.166666667,0.383482494,0.0,0.0
28_01_02.bmp,3.1666666666666665,0.055555556,0.23570226,0.611111111,0.501631326,0.111111111,0.323380833,0.0,0.0,0.166666667,0.383482494,0.055555556,0.23570226,0.055555556,0.23570226
29_13_05.bmp,2.5,0.055555556,0.23570226,0.277777778,0.460888599,0.833333333,0.383482494,0.055555556,0.23570226,0.055555556,0.23570226,0.055555556,0.23570226,0.055555556,0.23570226
01452.jpg,3.5,0.0,0.0,0.777777778,0.427792632,0.055555556,0.23570226,0.055555556,0.23570226,0.055555556,0.23570226,0.0,0.0,0.0,0.0
1048.jpg,3.111111111111111,0.055555556,0.23570226,0.555555556,0.511309993,0.0,0.0,0.666666667,0.48507125,0.166666667,0.383482494,0.055555556,0.23570226,0.0,0.0
20_05_02.bmp,3.055555555555556,0.166666667,0.383482494,0.555555556,0.511309993,0.055555556,0.23570226,0.055555556,0.23570226,0.166666667,0.383482494,0.111111111,0.323380833,0.0,0.0
02_04_04.bmp,2.7777777777777777,0.222222222,0.427792632,0.222222222,0.427792632,0.166666667,0.383482494,0.055555556,0.23570226,0.5,0.514495755,0.111111111,0.323380833,0.055555556,0.23570226
36_19_05.bmp,3.0,0.166666667,0.383482494,0.611111111,0.501631326,0.277777778,0.460888599,0.111111111,0.323380833,0.055555556,0.23570226,0.0,0.0,0.0,0.0
30_24_03.bmp,2.555555555555556,0.0,0.0,0.666666667,0.48507125,0.0,0.0,0.055555556,0.23570226,0.222222222,0.427792632,0.0,0.0,0.111111111,0.323380833
11_19_02.bmp,2.6666666666666665,0.111111111,0.323380833,0.333333333,0.48507125,0.388888889,0.501631326,0.0,0.0,0.222222222,0.427792632,0.111111111,0.323380833,0.055555556,0.23570226
09_05_04.bmp,1.9444444444444444,0.333333333,0.48507125,0.777777778,0.427792632,0.055555556,0.23570226,0.055555556,0.23570226,0.111111111,0.323380833,0.111111111,0.323380833,0.0,0.0
21_06_05.bmp,1.4444444444444444,0.388888889,0.501631326,0.444444444,0.511309993,0.166666667,0.383482494,0.055555556,0.23570226,0.055555556,0.23570226,0.166666667,0.383482494,0.0,0.0
01_06_05.bmp,2.111111111111111,0.166666667,0.383482494,0.722222222,0.460888599,0.222222222,0.427792632,0.0,0.0,0.0,0.0,0.444444444,0.511309993,0.111111111,0.323380833
0006.jpg,2.7222222222222223,0.055555556,0.23570226,0.388888889,0.501631326,0.888888889,0.323380833,0.111111111,0.323380833,0.111111111,0.323380833,0.277777778,0.460888599,0.055555556,0.23570226
33_15_01.bmp,2.888888888888889,0.055555556,0.23570226,0.388888889,0.501631326,0.777777778,0.427792632,0.0,0.0,0.333333333,0.48507125,0.0,0.0,0.055555556,0.23570226
23_21_02.bmp,2.4444444444444446,0.055555556,0.23570226,0.166666667,0.383482494,0.777777778,0.427792632,0.111111111,0.323380833,0.055555556,0.23570226,0.0,0.0,0.0,0.0
0838.jpg,4.055555555555555,0.111111111,0.323380833,0.277777778,0.460888599,0.0,0.0,0.0,0.0,0.222222222,0.427792632,0.111111111,0.323380833,0.0,0.0
30_02_01.bmp,3.4444444444444446,0.055555556,0.23570226,0.277777778,0.460888599,0.0,0.0,0.0,0.0,0.333333333,0.48507125,0.055555556,0.23570226,0.055555556,0.23570226
07_13_01.bmp,3.333333333333333,0.222222222,0.427792632,0.444444444,0.511309993,0.166666667,0.383482494,0.055555556,0.23570226,0.111111111,0.323380833,0.0,0.0,0.055555556,0.23570226
10_23_02.bmp,2.888888888888889,0.055555556,0.23570226,0.222222222,0.427792632,0.0,0.0,0.777777778,0.427792632,0.333333333,0.48507125,0.166666667,0.383482494,0.166666667,0.383482494
01426.jpg,3.7777777777777777,0.0,0.0,0.444444444,0.511309993,0.166666667,0.383482494,0.055555556,0.23570226,0.0,0.0,0.0,0.0,0.0,0.0
01_22_03.bmp,1.7777777777777777,0.444444444,0.511309993,0.833333333,0.383482494,0.222222222,0.427792632,0.0,0.0,0.0,0.0,0.055555556,0.23570226,0.055555556,0.23570226
04_11_01.bmp,2.833333333333333,0.333333333,0.48507125,0.388888889,0.501631326,0.055555556,0.23570226,0.0,0.0,0.222222222,0.427792632,0.055555556,0.23570226,0.055555556,0.23570226
0206.jpg,2.0,0.111111111,0.323380833,0.222222222,0.427792632,0.0,0.0,0.888888889,0.323380833,0.055555556,0.23570226,0.0,0.0,0.0,0.0
04_18_05.bmp,1.5555555555555556,0.222222222,0.427792632,0.888888889,0.323380833,0.111111111,0.323380833,0.0,0.0,0.166666667,0.383482494,0.111111111,0.323380833,0.055555556,0.23570226
0630.jpg,3.2222222222222223,0.111111111,0.323380833,0.5,0.514495755,0.0,0.0,0.166666667,0.383482494,0.055555556,0.23570226,0.111111111,0.323380833,0.055555556,0.23570226
0373.jpg,2.055555555555556,0.222222222,0.427792632,0.888888889,0.323380833,0.0,0.0,0.055555556,0.23570226,0.166666667,0.383482494,0.0,0.0,0.0,0.0
36_14_04.bmp,2.611111111111111,0.166666667,0.383482494,0.5,0.514495755,0.222222222,0.427792632,0.277777778,0.460888599,0.0,0.0,0.055555556,0.23570226,0.055555556,0.23570226
02_24_04.bmp,1.6666666666666667,0.055555556,0.23570226,0.944444444,0.23570226,0.0,0.0,0.0,0.0,0.277777778,0.460888599,0.055555556,0.23570226,0.055555556,0.23570226
23_21_03.bmp,2.611111111111111,0.055555556,0.23570226,0.388888889,0.501631326,0.611111111,0.501631326,0.055555556,0.23570226,0.055555556,0.23570226,0.055555556,0.23570226,0.0,0.0
30_08_02.bmp,3.4444444444444446,0.222222222,0.427792632,0.5,0.514495755,0.0,0.0,0.055555556,0.23570226,0.333333333,0.48507125,0.0,0.0,0.055555556,0.23570226
23_11_03.bmp,2.5,0.777777778,0.427792632,0.166666667,0.383482494,0.055555556,0.23570226,0.0,0.0,0.388888889,0.501631326,0.055555556,0.23570226,0.0,0.0
01356.jpg,3.1666666666666665,0.0,0.0,0.722222222,0.460888599,0.222222222,0.427792632,0.0,0.0,0.0,0.0,0.0,0.0,0.0,0.0
1143.jpg,3.055555555555556,0.0,0.0,0.277777778,0.460888599,0.0,0.0,0.055555556,0.23570226,0.166666667,0.383482494,0.777777778,0.427792632,0.0,0.0
16_04_04.bmp,2.2222222222222223,0.222222222,0.427792632,0.166666667,0.383482494,0.222222222,0.427792632,0.055555556,0.23570226,0.277777778,0.460888599,0.388888889,0.501631326,0.166666667,0.383482494
37_11_02.bmp,3.1666666666666665,0.666666667,0.48507125,0.333333333,0.48507125,0.0,0.0,0.0,0.0,0.111111111,0.323380833,0.111111111,0.323380833,0.0,0.0
36_08_02.bmp,3.055555555555556,0.055555556,0.23570226,0.555555556,0.511309993,0.111111111,0.323380833,0.0,0.0,0.055555556,0.23570226,0.055555556,0.23570226,0.111111111,0.323380833
11_18_04.bmp,2.333333333333333,0.055555556,0.23570226,0.666666667,0.48507125,0.111111111,0.323380833,0.055555556,0.23570226,0.222222222,0.427792632,0.055555556,0.23570226,0.0,0.0
25_07_01.bmp,2.888888888888889,0.055555556,0.23570226,0.611111111,0.501631326,0.055555556,0.23570226,0.0,0.0,0.111111111,0.323380833,0.055555556,0.23570226,0.055555556,0.23570226
1024.jpg,2.7777777777777777,0.055555556,0.23570226,0.555555556,0.511309993,0.055555556,0.23570226,0.555555556,0.511309993,0.111111111,0.323380833,0.055555556,0.23570226,0.0,0.0
16_08_01.bmp,3.611111111111111,0.111111111,0.323380833,0.166666667,0.383482494,0.0,0.0,0.0,0.0,0.277777778,0.460888599,0.5,0.514495755,0.0,0.0
25_12_01.bmp,3.055555555555556,0.5,0.514495755,0.388888889,0.501631326,0.055555556,0.23570226,0.0,0.0,0.111111111,0.323380833,0.111111111,0.323380833,0.055555556,0.23570226
12_16_02.bmp,3.2777777777777777,0.166666667,0.383482494,0.444444444,0.511309993,0.055555556,0.23570226,0.0,0.0,0.0,0.0,0.055555556,0.23570226,0.055555556,0.23570226
18_04_01.bmp,3.5,0.111111111,0.323380833,0.555555556,0.511309993,0.111111111,0.323380833,0.0,0.0,0.055555556,0.23570226,0.055555556,0.23570226,0.055555556,0.23570226
09_10_03.bmp,2.6666666666666665,0.611111111,0.501631326,0.5,0.514495755,0.055555556,0.23570226,0.055555556,0.23570226,0.166666667,0.383482494,0.055555556,0.23570226,0.0,0.0
33_19_03.bmp,2.7777777777777777,0.277777778,0.460888599,0.444444444,0.511309993,0.5,0.514495755,0.0,0.0,0.333333333,0.48507125,0.0,0.0,0.0,0.0
01381.jpg,4.388888888888889,0.111111111,0.323380833,0.444444444,0.511309993,0.055555556,0.23570226,0.0,0.0,0.0,0.0,0.055555556,0.23570226,0.0,0.0
10_21_05.bmp,1.6111111111111112,0.111111111,0.323380833,0.444444444,0.511309993,0.055555556,0.23570226,0.555555556,0.511309993,0.277777778,0.460888599,0.166666667,0.383482494,0.055555556,0.23570226
18_13_05.bmp,2.055555555555556,0.166666667,0.383482494,0.166666667,0.383482494,0.888888889,0.323380833,0.055555556,0.23570226,0.0,0.0,0.055555556,0.23570226,0.055555556,0.23570226
24_15_03.bmp,3.1666666666666665,0.111111111,0.323380833,0.444444444,0.511309993,0.111111111,0.323380833,0.111111111,0.323380833,0.0,0.0,0.055555556,0.23570226,0.0,0.0
09_21_05.bmp,1.5,0.333333333,0.48507125,0.5,0.514495755,0.111111111,0.323380833,0.5,0.514495755,0.222222222,0.427792632,0.055555556,0.23570226,0.0,0.0
06_13_05.bmp,2.9444444444444446,0.111111111,0.323380833,0.055555556,0.23570226,0.722222222,0.460888599,0.0,0.0,0.0,0.0,0.055555556,0.23570226,0.111111111,0.323380833
07_02_01.bmp,3.055555555555556,0.055555556,0.23570226,0.666666667,0.48507125,0.166666667,0.383482494,0.0,0.0,0.111111111,0.323380833,0.055555556,0.23570226,0.055555556,0.23570226
0258.jpg,2.888888888888889,0.222222222,0.427792632,0.222222222,0.427792632,0.0,0.0,0.833333333,0.383482494,0.166666667,0.383482494,0.055555556,0.23570226,0.0,0.0
11_15_03.bmp,3.055555555555556,0.055555556,0.23570226,0.333333333,0.48507125,0.111111111,0.323380833,0.166666667,0.383482494,0.333333333,0.48507125,0.055555556,0.23570226,0.055555556,0.23570226
0907.jpg,3.7777777777777777,0.166666667,0.383482494,0.333333333,0.48507125,0.0,0.0,0.166666667,0.383482494,0.166666667,0.383482494,0.055555556,0.23570226,0.0,0.0
30_10_05.bmp,2.2777777777777777,0.722222222,0.460888599,0.166666667,0.383482494,0.0,0.0,0.0,0.0,0.333333333,0.48507125,0.0,0.0,0.055555556,0.23570226
16_25_05.bmp,2.1666666666666665,0.0,0.0,0.111111111,0.323380833,0.055555556,0.23570226,0.0,0.0,0.277777778,0.460888599,0.222222222,0.427792632,0.777777778,0.427792632
16_13_05.bmp,2.4444444444444446,0.0,0.0,0.166666667,0.383482494,0.777777778,0.427792632,0.0,0.0,0.277777778,0.460888599,0.333333333,0.48507125,0.055555556,0.23570226
1126.jpg,3.9444444444444446,0.0,0.0,0.166666667,0.383482494,0.0,0.0,0.055555556,0.23570226,0.333333333,0.48507125,0.055555556,0.23570226,0.055555556,0.23570226
0649.jpg,3.7777777777777777,0.111111111,0.323380833,0.277777778,0.460888599,0.0,0.0,0.055555556,0.23570226,0.055555556,0.23570226,0.111111111,0.323380833,0.055555556,0.23570226
04_01_05.bmp,1.4444444444444444,0.055555556,0.23570226,1.0,0.0,0.055555556,0.23570226,0.0,0.0,0.055555556,0.23570226,0.0,0.0,0.0,0.0
36_17_02.bmp,2.7222222222222223,0.055555556,0.23570226,0.666666667,0.48507125,0.222222222,0.427792632,0.0,0.0,0.166666667,0.383482494,0.111111111,0.323380833,0.222222222,0.427792632
04_07_03.bmp,1.8333333333333333,0.388888889,0.501631326,0.722222222,0.460888599,0.055555556,0.23570226,0.055555556,0.23570226,0.222222222,0.427792632,0.055555556,0.23570226,0.055555556,0.23570226
0667.jpg,3.611111111111111,0.111111111,0.323380833,0.333333333,0.48507125,0.0,0.0,0.0,0.0,0.111111111,0.323380833,0.0,0.0,0.055555556,0.23570226
23_24_02.bmp,2.7777777777777777,0.111111111,0.323380833,0.722222222,0.460888599,0.0,0.0,0.0,0.0,0.222222222,0.427792632,0.0,0.0,0.0,0.0
31_03_01.bmp,3.611111111111111,0.055555556,0.23570226,0.166666667,0.383482494,0.055555556,0.23570226,0.055555556,0.23570226,0.222222222,0.427792632,0.055555556,0.23570226,0.055555556,0.23570226
28_06_03.bmp,2.555555555555556,0.277777778,0.460888599,0.5,0.514495755,0.277777778,0.460888599,0.055555556,0.23570226,0.166666667,0.383482494,0.166666667,0.383482494,0.0,0.0
11_06_03.bmp,2.2222222222222223,0.222222222,0.427792632,0.333333333,0.48507125,0.111111111,0.323380833,0.111111111,0.323380833,0.166666667,0.383482494,0.111111111,0.323380833,0.0,0.0
17_05_03.bmp,2.611111111111111,0.444444444,0.511309993,0.777777778,0.427792632,0.111111111,0.323380833,0.0,0.0,0.166666667,0.383482494,0.111111111,0.323380833,0.0,0.0
01337.jpg,3.2777777777777777,0.111111111,0.323380833,0.722222222,0.460888599,0.055555556,0.23570226,0.055555556,0.23570226,0.0,0.0,0.0,0.0,0.166666667,0.383482494
17_18_01.bmp,3.0,0.0,0.0,0.777777778,0.427792632,0.0,0.0,0.055555556,0.23570226,0.166666667,0.383482494,0.166666667,0.383482494,0.0,0.0
31_15_02.bmp,3.0,0.055555556,0.23570226,0.166666667,0.383482494,0.611111111,0.501631326,0.0,0.0,0.222222222,0.427792632,0.0,0.0,0.0,0.0
26_11_04.bmp,2.4444444444444446,0.777777778,0.427792632,0.111111111,0.323380833,0.166666667,0.383482494,0.0,0.0,0.055555556,0.23570226,0.0,0.0,0.0,0.0
18_19_02.bmp,2.833333333333333,0.222222222,0.427792632,0.5,0.514495755,0.388888889,0.501631326,0.0,0.0,0.0,0.0,0.0,0.0,0.055555556,0.23570226
10_16_02.bmp,3.0,0.055555556,0.23570226,0.444444444,0.511309993,0.222222222,0.427792632,0.0,0.0,0.333333333,0.48507125,0.222222222,0.427792632,0.055555556,0.23570226
08_17_02.bmp,3.1666666666666665,0.166666667,0.383482494,0.333333333,0.48507125,0.0,0.0,0.055555556,0.23570226,0.111111111,0.323380833,0.166666667,0.383482494,0.277777778,0.460888599
32_09_05.bmp,1.9444444444444444,0.777777778,0.427792632,0.222222222,0.427792632,0.111111111,0.323380833,0.055555556,0.23570226,0.333333333,0.48507125,0.055555556,0.23570226,0.0,0.0
0506.jpg,2.7222222222222223,0.055555556,0.23570226,0.388888889,0.501631326,0.0,0.0,0.611111111,0.501631326,0.666666667,0.48507125,0.055555556,0.23570226,0.0,0.0
36_14_02.bmp,3.1666666666666665,0.111111111,0.323380833,0.444444444,0.511309993,0.166666667,0.383482494,0.111111111,0.323380833,0.0,0.0,0.0,0.0,0.055555556,0.23570226
23_23_05.bmp,1.8333333333333333,0.055555556,0.23570226,0.277777778,0.460888599,0.055555556,0.23570226,0.777777778,0.427792632,0.111111111,0.323380833,0.0,0.0,0.111111111,0.323380833
01456.jpg,3.4444444444444446,0.055555556,0.23570226,0.666666667,0.48507125,0.111111111,0.323380833,0.0,0.0,0.055555556,0.23570226,0.111111111,0.323380833,0.444444444,0.511309993
24_17_02.bmp,2.888888888888889,0.111111111,0.323380833,0.5,0.514495755,0.055555556,0.23570226,0.055555556,0.23570226,0.111111111,0.323380833,0.166666667,0.383482494,0.111111111,0.323380833
36_18_04.bmp,2.2777777777777777,0.055555556,0.23570226,0.777777778,0.427792632,0.222222222,0.427792632,0.055555556,0.23570226,0.055555556,0.23570226,0.0,0.0,0.055555556,0.23570226
01432.jpg,3.888888888888889,0.0,0.0,0.388888889,0.501631326,0.166666667,0.383482494,0.0,0.0,0.055555556,0.23570226,0.0,0.0,0.111111111,0.323380833
27_15_03.bmp,2.9444444444444446,0.055555556,0.23570226,0.333333333,0.48507125,0.111111111,0.323380833,0.222222222,0.427792632,0.444444444,0.511309993,0.0,0.0,0.0,0.0
20_12_04.bmp,2.388888888888889,0.722222222,0.460888599,0.388888889,0.501631326,0.055555556,0.23570226,0.0,0.0,0.055555556,0.23570226,0.111111111,0.323380833,0.055555556,0.23570226
11_15_02.bmp,2.4444444444444446,0.111111111,0.323380833,0.166666667,0.383482494,0.777777778,0.427792632,0.0,0.0,0.222222222,0.427792632,0.055555556,0.23570226,0.0,0.0
22_13_02.bmp,3.333333333333333,0.111111111,0.323380833,0.388888889,0.501631326,0.222222222,0.427792632,0.055555556,0.23570226,0.111111111,0.323380833,0.222222222,0.427792632,0.0,0.0
29_10_02.bmp,3.1666666666666665,0.611111111,0.501631326,0.333333333,0.48507125,0.0,0.0,0.0,0.0,0.166666667,0.383482494,0.055555556,0.23570226,0.0,0.0
18_14_02.bmp,3.055555555555556,0.166666667,0.383482494,0.444444444,0.511309993,0.055555556,0.23570226,0.166666667,0.383482494,0.0,0.0,0.0,0.0,0.055555556,0.23570226
21_10_05.bmp,2.0,0.888888889,0.323380833,0.333333333,0.48507125,0.055555556,0.23570226,0.055555556,0.23570226,0.111111111,0.323380833,0.0,0.0,0.0,0.0
08_16_01.bmp,3.611111111111111,0.166666667,0.383482494,0.222222222,0.427792632,0.222222222,0.427792632,0.0,0.0,0.055555556,0.23570226,0.0,0.0,0.055555556,0.23570226
29_17_02.bmp,2.611111111111111,0.166666667,0.383482494,0.5,0.514495755,0.0,0.0,0.055555556,0.23570226,0.222222222,0.427792632,0.166666667,0.383482494,0.222222222,0.427792632
12_25_05.bmp,2.111111111111111,0.111111111,0.323380833,0.111111111,0.323380833,0.055555556,0.23570226,0.0,0.0,0.0,0.0,0.055555556,0.23570226,0.944444444,0.23570226
13_19_02.bmp,3.1666666666666665,0.222222222,0.427792632,0.333333333,0.48507125,0.444444444,0.511309993,0.0,0.0,0.111111111,0.323380833,0.0,0.0,0.055555556,0.23570226
32_19_01.bmp,2.7777777777777777,0.111111111,0.323380833,0.555555556,0.511309993,0.166666667,0.383482494,0.0,0.0,0.388888889,0.501631326,0.111111111,0.323380833,0.0,0.0
15_10_02.bmp,2.7777777777777777,0.666666667,0.48507125,0.166666667,0.383482494,0.055555556,0.23570226,0.0,0.0,0.222222222,0.427792632,0.0,0.0,0.111111111,0.323380833
24_09_02.bmp,3.055555555555556,0.722222222,0.460888599,0.277777778,0.460888599,0.055555556,0.23570226,0.055555556,0.23570226,0.055555556,0.23570226,0.0,0.0,0.0,0.0
0136.jpg,3.111111111111111,0.055555556,0.23570226,0.222222222,0.427792632,0.888888889,0.323380833,0.0,0.0,0.111111111,0.323380833,0.0,0.0,0.055555556,0.23570226
0177.jpg,2.888888888888889,0.055555556,0.23570226,0.333333333,0.48507125,0.722222222,0.460888599,0.0,0.0,0.055555556,0.23570226,0.0,0.0,0.111111111,0.323380833
04_22_01.bmp,2.6666666666666665,0.166666667,0.383482494,0.555555556,0.511309993,0.222222222,0.427792632,0.055555556,0.23570226,0.111111111,0.323380833,0.055555556,0.23570226,0.055555556,0.23570226
32_11_02.bmp,2.7222222222222223,0.611111111,0.501631326,0.333333333,0.48507125,0.055555556,0.23570226,0.055555556,0.23570226,0.333333333,0.48507125,0.111111111,0.323380833,0.111111111,0.323380833
18_14_03.bmp,2.7222222222222223,0.222222222,0.427792632,0.333333333,0.48507125,0.055555556,0.23570226,0.388888889,0.501631326,0.055555556,0.23570226,0.0,0.0,0.111111111,0.323380833
13_04_01.bmp,3.888888888888889,0.055555556,0.23570226,0.277777778,0.460888599,0.055555556,0.23570226,0.055555556,0.23570226,0.166666667,0.383482494,0.055555556,0.23570226,0.055555556,0.23570226
01302.jpg,2.7222222222222223,0.444444444,0.511309993,0.888888889,0.323380833,0.0,0.0,0.0,0.0,0.166666667,0.383482494,0.055555556,0.23570226,0.0,0.0
1019.jpg,3.555555555555556,0.055555556,0.23570226,0.277777778,0.460888599,0.055555556,0.23570226,0.166666667,0.383482494,0.166666667,0.383482494,0.111111111,0.323380833,0.055555556,0.23570226
07_04_03.bmp,3.0,0.333333333,0.48507125,0.5,0.514495755,0.277777778,0.460888599,0.0,0.0,0.111111111,0.323380833,0.055555556,0.23570226,0.055555556,0.23570226
33_21_01.bmp,2.2777777777777777,0.111111111,0.323380833,0.388888889,0.501631326,0.888888889,0.323380833,0.277777778,0.460888599,0.333333333,0.48507125,0.055555556,0.23570226,0.0,0.0
37_05_04.bmp,2.1666666666666665,0.444444444,0.511309993,0.722222222,0.460888599,0.055555556,0.23570226,0.0,0.0,0.111111111,0.323380833,0.055555556,0.23570226,0.0,0.0
30_20_02.bmp,2.611111111111111,0.388888889,0.501631326,0.444444444,0.511309993,0.222222222,0.427792632,0.222222222,0.427792632,0.222222222,0.427792632,0.0,0.0,0.0,0.0
25_09_05.bmp,1.8888888888888888,0.833333333,0.383482494,0.277777778,0.460888599,0.166666667,0.383482494,0.0,0.0,0.222222222,0.427792632,0.0,0.0,0.0,0.0
24_24_02.bmp,2.6666666666666665,0.111111111,0.323380833,0.888888889,0.323380833,0.0,0.0,0.0,0.0,0.0,0.0,0.0,0.0,0.055555556,0.23570226
01_16_03.bmp,2.2222222222222223,0.277777778,0.460888599,0.666666667,0.48507125,0.055555556,0.23570226,0.166666667,0.383482494,0.0,0.0,0.0,0.0,0.055555556,0.23570226
21_21_05.bmp,1.3888888888888888,0.111111111,0.323380833,0.277777778,0.460888599,0.055555556,0.23570226,0.611111111,0.501631326,0.0,0.0,0.055555556,0.23570226,0.0,0.0
32_18_03.bmp,2.5,0.055555556,0.23570226,0.833333333,0.383482494,0.111111111,0.323380833,0.0,0.0,0.388888889,0.501631326,0.055555556,0.23570226,0.0,0.0
14_23_02.bmp,2.9444444444444446,0.111111111,0.323380833,0.222222222,0.427792632,0.055555556,0.23570226,0.666666667,0.48507125,0.0,0.0,0.0,0.0,0.111111111,0.323380833
1052.jpg,3.1666666666666665,0.111111111,0.323380833,0.444444444,0.511309993,0.0,0.0,0.5,0.514495755,0.111111111,0.323380833,0.055555556,0.23570226,0.055555556,0.23570226
28_05_01.bmp,3.0,0.277777778,0.460888599,0.5,0.514495755,0.111111111,0.323380833,0.0,0.0,0.166666667,0.383482494,0.055555556,0.23570226,0.0,0.0
31_21_04.bmp,2.111111111111111,0.055555556,0.23570226,0.333333333,0.48507125,0.055555556,0.23570226,0.777777778,0.427792632,0.166666667,0.383482494,0.055555556,0.23570226,0.055555556,0.23570226
01399.jpg,3.5,0.166666667,0.383482494,0.555555556,0.511309993,0.111111111,0.323380833,0.055555556,0.23570226,0.0,0.0,0.0,0.0,0.111111111,0.323380833
12_10_05.bmp,2.2222222222222223,0.777777778,0.427792632,0.166666667,0.383482494,0.055555556,0.23570226,0.0,0.0,0.111111111,0.323380833,0.0,0.0,0.0,0.0
01313.jpg,3.055555555555556,0.388888889,0.501631326,0.444444444,0.511309993,0.0,0.0,0.333333333,0.48507125,0.333333333,0.48507125,0.222222222,0.427792632,0.0,0.0
31_20_02.bmp,2.4444444444444446,0.5,0.514495755,0.5,0.514495755,0.222222222,0.427792632,0.166666667,0.383482494,0.166666667,0.383482494,0.0,0.0,0.055555556,0.23570226
28_10_02.bmp,2.555555555555556,0.666666667,0.48507125,0.277777778,0.460888599,0.111111111,0.323380833,0.055555556,0.23570226,0.222222222,0.427792632,0.111111111,0.323380833,0.0,0.0
24_21_04.bmp,1.7777777777777777,0.166666667,0.383482494,0.388888889,0.501631326,0.166666667,0.383482494,0.611111111,0.501631326,0.0,0.0,0.0,0.0,0.0,0.0
20_06_05.bmp,1.7777777777777777,0.388888889,0.501631326,0.277777778,0.460888599,0.166666667,0.383482494,0.055555556,0.23570226,0.111111111,0.323380833,0.222222222,0.427792632,0.0,0.0
09_18_04.bmp,2.2222222222222223,0.166666667,0.383482494,0.777777778,0.427792632,0.111111111,0.323380833,0.0,0.0,0.111111111,0.323380833,0.055555556,0.23570226,0.0,0.0
14_21_05.bmp,1.9444444444444444,0.166666667,0.383482494,0.222222222,0.427792632,0.166666667,0.383482494,0.611111111,0.501631326,0.055555556,0.23570226,0.055555556,0.23570226,0.0,0.0
0499.jpg,2.7777777777777777,0.055555556,0.23570226,0.611111111,0.501631326,0.055555556,0.23570226,0.5,0.514495755,0.666666667,0.48507125,0.0,0.0,0.111111111,0.323380833
08_11_03.bmp,3.0,0.888888889,0.323380833,0.055555556,0.23570226,0.0,0.0,0.111111111,0.323380833,0.055555556,0.23570226,0.055555556,0.23570226,0.0,0.0
0273.jpg,1.8333333333333333,0.333333333,0.48507125,0.388888889,0.501631326,0.0,0.0,0.888888889,0.323380833,0.222222222,0.427792632,0.0,0.0,0.0,0.0
26_22_04.bmp,2.2777777777777777,0.222222222,0.427792632,0.833333333,0.383482494,0.166666667,0.383482494,0.0,0.0,0.055555556,0.23570226,0.0,0.0,0.0,0.0
21_10_03.bmp,2.7777777777777777,0.722222222,0.460888599,0.277777778,0.460888599,0.111111111,0.323380833,0.055555556,0.23570226,0.055555556,0.23570226,0.0,0.0,0.0,0.0
0139.jpg,2.7222222222222223,0.055555556,0.23570226,0.5,0.514495755,0.944444444,0.23570226,0.055555556,0.23570226,0.055555556,0.23570226,0.0,0.0,0.055555556,0.23570226
26_22_03.bmp,2.7222222222222223,0.222222222,0.427792632,0.777777778,0.427792632,0.111111111,0.323380833,0.0,0.0,0.111111111,0.323380833,0.0,0.0,0.055555556,0.23570226
15_25_05.bmp,2.055555555555556,0.055555556,0.23570226,0.055555556,0.23570226,0.055555556,0.23570226,0.0,0.0,0.166666667,0.383482494,0.055555556,0.23570226,0.888888889,0.323380833
01357.jpg,3.2222222222222223,0.0,0.0,0.666666667,0.48507125,0.222222222,0.427792632,0.0,0.0,0.055555556,0.23570226,0.0,0.0,0.055555556,0.23570226
07_17_03.bmp,2.5,0.111111111,0.323380833,0.5,0.514495755,0.111111111,0.323380833,0.0,0.0,0.333333333,0.48507125,0.111111111,0.323380833,0.277777778,0.460888599
22_16_01.bmp,3.2777777777777777,0.055555556,0.23570226,0.5,0.514495755,0.277777778,0.460888599,0.055555556,0.23570226,0.055555556,0.23570226,0.111111111,0.323380833,0.0,0.0
0527.jpg,3.388888888888889,0.111111111,0.323380833,0.333333333,0.48507125,0.055555556,0.23570226,0.333333333,0.48507125,0.444444444,0.511309993,0.0,0.0,0.111111111,0.323380833
01407.jpg,4.0,0.111111111,0.323380833,0.444444444,0.511309993,0.055555556,0.23570226,0.055555556,0.23570226,0.0,0.0,0.0,0.0,0.0,0.0
0558.jpg,2.7222222222222223,0.055555556,0.23570226,0.444444444,0.511309993,0.0,0.0,0.055555556,0.23570226,0.722222222,0.460888599,0.055555556,0.23570226,0.0,0.0
15_18_05.bmp,1.8333333333333333,0.111111111,0.323380833,0.722222222,0.460888599,0.0,0.0,0.0,0.0,0.277777778,0.460888599,0.055555556,0.23570226,0.111111111,0.323380833
13_11_02.bmp,3.0,0.833333333,0.383482494,0.111111111,0.323380833,0.166666667,0.383482494,0.0,0.0,0.111111111,0.323380833,0.0,0.0,0.055555556,0.23570226
16_19_02.bmp,3.2222222222222223,0.111111111,0.323380833,0.277777778,0.460888599,0.055555556,0.23570226,0.0,0.0,0.333333333,0.48507125,0.333333333,0.48507125,0.111111111,0.323380833
20_08_05.bmp,1.6111111111111112,0.222222222,0.427792632,0.777777778,0.427792632,0.055555556,0.23570226,0.055555556,0.23570226,0.111111111,0.323380833,0.0,0.0,0.0,0.0
33_13_04.bmp,2.7777777777777777,0.055555556,0.23570226,0.222222222,0.427792632,0.666666667,0.48507125,0.0,0.0,0.388888889,0.501631326,0.055555556,0.23570226,0.055555556,0.23570226
1145.jpg,2.4444444444444446,0.055555556,0.23570226,0.333333333,0.48507125,0.0,0.0,0.0,0.0,0.166666667,0.383482494,0.833333333,0.383482494,0.222222222,0.427792632
17_09_05.bmp,2.2777777777777777,0.833333333,0.383482494,0.166666667,0.383482494,0.111111111,0.323380833,0.0,0.0,0.277777778,0.460888599,0.055555556,0.23570226,0.0,0.0
34_01_01.bmp,3.2777777777777777,0.111111111,0.323380833,0.555555556,0.511309993,0.277777778,0.460888599,0.055555556,0.23570226,0.055555556,0.23570226,0.0,0.0,0.111111111,0.323380833
0513.jpg,2.6666666666666665,0.111111111,0.323380833,0.444444444,0.511309993,0.055555556,0.23570226,0.555555556,0.511309993,0.611111111,0.501631326,0.0,0.0,0.055555556,0.23570226
01253.jpg,3.555555555555556,0.444444444,0.511309993,0.277777778,0.460888599,0.0,0.0,0.166666667,0.383482494,0.111111111,0.323380833,0.055555556,0.23570226,0.055555556,0.23570226
25_03_05.bmp,1.4444444444444444,0.0,0.0,0.888888889,0.323380833,0.111111111,0.323380833,0.0,0.0,0.166666667,0.383482494,0.0,0.0,0.0,0.0
26_01_01.bmp,4.555555555555555,0.0,0.0,0.166666667,0.383482494,0.055555556,0.23570226,0.055555556,0.23570226,0.055555556,0.23570226,0.0,0.0,0.055555556,0.23570226
0240.jpg,1.2777777777777777,0.111111111,0.323380833,0.166666667,0.383482494,0.055555556,0.23570226,0.944444444,0.23570226,0.0,0.0,0.0,0.0,0.0,0.0
13_24_01.bmp,3.388888888888889,0.111111111,0.323380833,0.611111111,0.501631326,0.222222222,0.427792632,0.0,0.0,0.111111111,0.323380833,0.0,0.0,0.055555556,0.23570226
13_13_02.bmp,3.6666666666666665,0.055555556,0.23570226,0.222222222,0.427792632,0.388888889,0.501631326,0.0,0.0,0.166666667,0.383482494,0.0,0.0,0.111111111,0.323380833
28_08_05.bmp,2.111111111111111,0.444444444,0.511309993,0.611111111,0.501631326,0.055555556,0.23570226,0.055555556,0.23570226,0.222222222,0.427792632,0.055555556,0.23570226,0.0,0.0
28_17_04.bmp,2.388888888888889,0.111111111,0.323380833,0.5,0.514495755,0.055555556,0.23570226,0.055555556,0.23570226,0.388888889,0.501631326,0.166666667,0.383482494,0.166666667,0.383482494
08_09_05.bmp,2.611111111111111,0.722222222,0.460888599,0.166666667,0.383482494,0.0,0.0,0.0,0.0,0.0,0.0,0.055555556,0.23570226,0.0,0.0
21_02_02.bmp,2.833333333333333,0.0,0.0,0.833333333,0.383482494,0.111111111,0.323380833,0.0,0.0,0.0,0.0,0.0,0.0,0.055555556,0.23570226
0948.jpg,2.888888888888889,0.0,0.0,0.333333333,0.48507125,0.0,0.0,0.722222222,0.460888599,0.166666667,0.383482494,0.0,0.0,0.055555556,0.23570226
18_22_01.bmp,2.7222222222222223,0.222222222,0.427792632,0.555555556,0.511309993,0.166666667,0.383482494,0.111111111,0.323380833,0.0,0.0,0.111111111,0.323380833,0.055555556,0.23570226
18_01_01.bmp,3.333333333333333,0.166666667,0.383482494,0.5,0.514495755,0.055555556,0.23570226,0.0,0.0,0.055555556,0.23570226,0.0,0.0,0.111111111,0.323380833
35_03_05.bmp,1.3888888888888888,0.055555556,0.23570226,0.888888889,0.323380833,0.055555556,0.23570226,0.0,0.0,0.055555556,0.23570226,0.0,0.0,0.0,0.0
17_23_03.bmp,2.7222222222222223,0.055555556,0.23570226,0.111111111,0.323380833,0.0,0.0,0.777777778,0.427792632,0.222222222,0.427792632,0.0,0.0,0.055555556,0.23570226
01493.jpg,3.7777777777777777,0.055555556,0.23570226,0.611111111,0.501631326,0.055555556,0.23570226,0.055555556,0.23570226,0.0,0.0,0.0,0.0,0.055555556,0.23570226
21_07_03.bmp,2.111111111111111,0.222222222,0.427792632,0.722222222,0.460888599,0.055555556,0.23570226,0.0,0.0,0.0,0.0,0.111111111,0.323380833,0.0,0.0
04_20_03.bmp,2.4444444444444446,0.555555556,0.511309993,0.5,0.514495755,0.222222222,0.427792632,0.0,0.0,0.222222222,0.427792632,0.0,0.0,0.0,0.0
1061.jpg,3.611111111111111,0.055555556,0.23570226,0.5,0.514495755,0.055555556,0.23570226,0.222222222,0.427792632,0.111111111,0.323380833,0.111111111,0.323380833,0.055555556,0.23570226
37_21_03.bmp,3.111111111111111,0.111111111,0.323380833,0.222222222,0.427792632,0.333333333,0.48507125,0.111111111,0.323380833,0.055555556,0.23570226,0.055555556,0.23570226,0.0,0.0
31_18_03.bmp,2.833333333333333,0.111111111,0.323380833,0.777777778,0.427792632,0.0,0.0,0.0,0.0,0.166666667,0.383482494,0.0,0.0,0.0,0.0
26_12_03.bmp,3.2222222222222223,0.555555556,0.511309993,0.166666667,0.383482494,0.055555556,0.23570226,0.0,0.0,0.055555556,0.23570226,0.055555556,0.23570226,0.0,0.0
13_11_05.bmp,2.2222222222222223,0.944444444,0.23570226,0.111111111,0.323380833,0.111111111,0.323380833,0.055555556,0.23570226,0.166666667,0.383482494,0.0,0.0,0.055555556,0.23570226
01309.jpg,3.388888888888889,0.333333333,0.48507125,0.388888889,0.501631326,0.0,0.0,0.055555556,0.23570226,0.5,0.514495755,0.0,0.0,0.055555556,0.23570226
09_14_02.bmp,2.9444444444444446,0.222222222,0.427792632,0.555555556,0.511309993,0.111111111,0.323380833,0.111111111,0.323380833,0.111111111,0.323380833,0.166666667,0.383482494,0.0,0.0
26_04_04.bmp,3.6666666666666665,0.111111111,0.323380833,0.0,0.0,0.277777778,0.460888599,0.055555556,0.23570226,0.055555556,0.23570226,0.055555556,0.23570226,0.055555556,0.23570226
17_01_01.bmp,3.333333333333333,0.055555556,0.23570226,0.5,0.514495755,0.055555556,0.23570226,0.055555556,0.23570226,0.166666667,0.383482494,0.111111111,0.323380833,0.055555556,0.23570226
27_17_04.bmp,2.5,0.111111111,0.323380833,0.5,0.514495755,0.0,0.0,0.055555556,0.23570226,0.444444444,0.511309993,0.277777778,0.460888599,0.166666667,0.383482494
0786.jpg,3.4444444444444446,0.222222222,0.427792632,0.388888889,0.501631326,0.0,0.0,0.0,0.0,0.055555556,0.23570226,0.055555556,0.23570226,0.055555556,0.23570226
31_18_04.bmp,2.333333333333333,0.111111111,0.323380833,0.666666667,0.48507125,0.055555556,0.23570226,0.055555556,0.23570226,0.166666667,0.383482494,0.0,0.0,0.0,0.0
26_10_01.bmp,4.222222222222222,0.166666667,0.383482494,0.111111111,0.323380833,0.111111111,0.323380833,0.0,0.0,0.055555556,0.23570226,0.055555556,0.23570226,0.0,0.0
37_06_05.bmp,1.6111111111111112,0.5,0.514495755,0.444444444,0.511309993,0.277777778,0.460888599,0.111111111,0.323380833,0.111111111,0.323380833,0.277777778,0.460888599,0.055555556,0.23570226
14_16_03.bmp,2.7222222222222223,0.0,0.0,0.555555556,0.511309993,0.166666667,0.383482494,0.111111111,0.323380833,0.0,0.0,0.111111111,0.323380833,0.111111111,0.323380833
18_20_04.bmp,1.7777777777777777,0.611111111,0.501631326,0.277777778,0.460888599,0.222222222,0.427792632,0.333333333,0.48507125,0.0,0.0,0.0,0.0,0.055555556,0.23570226
10_10_01.bmp,3.333333333333333,0.333333333,0.48507125,0.388888889,0.501631326,0.055555556,0.23570226,0.0,0.0,0.333333333,0.48507125,0.111111111,0.323380833,0.0,0.0
26_11_03.bmp,2.888888888888889,0.777777778,0.427792632,0.111111111,0.323380833,0.111111111,0.323380833,0.0,0.0,0.111111111,0.323380833,0.055555556,0.23570226,0.055555556,0.23570226
10_01_01.bmp,2.888888888888889,0.055555556,0.23570226,0.444444444,0.511309993,0.055555556,0.23570226,0.055555556,0.23570226,0.444444444,0.511309993,0.388888889,0.501631326,0.111111111,0.323380833
0497.jpg,2.888888888888889,0.055555556,0.23570226,0.5,0.514495755,0.0,0.0,0.5,0.514495755,0.666666667,0.48507125,0.055555556,0.23570226,0.055555556,0.23570226
0303.jpg,2.7222222222222223,0.166666667,0.383482494,0.222222222,0.427792632,0.055555556,0.23570226,0.833333333,0.383482494,0.111111111,0.323380833,0.0,0.0,0.055555556,0.23570226
01237.jpg,4.166666666666667,0.166666667,0.383482494,0.222222222,0.427792632,0.0,0.0,0.055555556,0.23570226,0.444444444,0.511309993,0.0,0.0,0.0,0.0
34_25_02.bmp,2.6666666666666665,0.055555556,0.23570226,0.111111111,0.323380833,0.166666667,0.383482494,0.0,0.0,0.0,0.0,0.0,0.0,0.944444444,0.23570226
36_13_03.bmp,2.833333333333333,0.111111111,0.323380833,0.444444444,0.511309993,0.5,0.514495755,0.055555556,0.23570226,0.0,0.0,0.0,0.0,0.055555556,0.23570226
29_21_04.bmp,2.0,0.111111111,0.323380833,0.388888889,0.501631326,0.111111111,0.323380833,0.611111111,0.501631326,0.166666667,0.383482494,0.111111111,0.323380833,0.0,0.0
0287.jpg,3.055555555555556,0.111111111,0.323380833,0.222222222,0.427792632,0.0,0.0,0.833333333,0.383482494,0.0,0.0,0.055555556,0.23570226,0.0,0.0
35_19_01.bmp,2.6666666666666665,0.222222222,0.427792632,0.666666667,0.48507125,0.222222222,0.427792632,0.0,0.0,0.0,0.0,0.055555556,0.23570226,0.055555556,0.23570226
34_25_04.bmp,2.2777777777777777,0.111111111,0.323380833,0.111111111,0.323380833,0.111111111,0.323380833,0.055555556,0.23570226,0.0,0.0,0.0,0.0,0.944444444,0.23570226
15_05_03.bmp,2.611111111111111,0.333333333,0.48507125,0.666666667,0.48507125,0.055555556,0.23570226,0.055555556,0.23570226,0.222222222,0.427792632,0.0,0.0,0.0,0.0
32_09_01.bmp,2.833333333333333,0.388888889,0.501631326,0.444444444,0.511309993,0.055555556,0.23570226,0.111111111,0.323380833,0.333333333,0.48507125,0.055555556,0.23570226,0.0,0.0
09_05_05.bmp,1.5,0.277777778,0.460888599,0.833333333,0.383482494,0.055555556,0.23570226,0.0,0.0,0.111111111,0.323380833,0.111111111,0.323380833,0.0,0.0
28_24_04.bmp,2.2222222222222223,0.111111111,0.323380833,0.833333333,0.383482494,0.111111111,0.323380833,0.0,0.0,0.222222222,0.427792632,0.0,0.0,0.0,0.0
12_14_02.bmp,3.5,0.166666667,0.383482494,0.111111111,0.323380833,0.111111111,0.323380833,0.222222222,0.427792632,0.055555556,0.23570226,0.055555556,0.23570226,0.055555556,0.23570226
34_20_01.bmp,2.9444444444444446,0.277777778,0.460888599,0.5,0.514495755,0.277777778,0.460888599,0.111111111,0.323380833,0.055555556,0.23570226,0.055555556,0.23570226,0.0,0.0
01291.jpg,2.7222222222222223,0.388888889,0.501631326,0.722222222,0.460888599,0.0,0.0,0.222222222,0.427792632,0.0,0.0,0.0,0.0,0.055555556,0.23570226
0397.jpg,2.1666666666666665,0.111111111,0.323380833,0.833333333,0.383482494,0.0,0.0,0.111111111,0.323380833,0.0,0.0,0.055555556,0.23570226,0.0,0.0
19_22_05.bmp,1.6111111111111112,0.222222222,0.427792632,0.833333333,0.383482494,0.055555556,0.23570226,0.0,0.0,0.111111111,0.323380833,0.055555556,0.23570226,0.0,0.0
01273.jpg,2.333333333333333,0.277777778,0.460888599,0.722222222,0.460888599,0.0,0.0,0.055555556,0.23570226,0.444444444,0.511309993,0.777777778,0.427792632,0.111111111,0.323380833
37_03_05.bmp,2.2222222222222223,0.055555556,0.23570226,0.833333333,0.383482494,0.0,0.0,0.055555556,0.23570226,0.055555556,0.23570226,0.055555556,0.23570226,0.0,0.0
36_21_03.bmp,2.388888888888889,0.055555556,0.23570226,0.5,0.514495755,0.666666667,0.48507125,0.0,0.0,0.055555556,0.23570226,0.0,0.0,0.055555556,0.23570226
31_08_01.bmp,3.555555555555556,0.166666667,0.383482494,0.388888889,0.501631326,0.055555556,0.23570226,0.055555556,0.23570226,0.222222222,0.427792632,0.0,0.0,0.111111111,0.323380833
28_17_03.bmp,2.6666666666666665,0.055555556,0.23570226,0.555555556,0.511309993,0.055555556,0.23570226,0.055555556,0.23570226,0.333333333,0.48507125,0.277777778,0.460888599,0.166666667,0.383482494
21_15_05.bmp,2.7777777777777777,0.166666667,0.383482494,0.444444444,0.511309993,0.055555556,0.23570226,0.444444444,0.511309993,0.0,0.0,0.0,0.0,0.0,0.0
15_21_04.bmp,2.388888888888889,0.222222222,0.427792632,0.222222222,0.427792632,0.111111111,0.323380833,0.666666667,0.48507125,0.222222222,0.427792632,0.055555556,0.23570226,0.0,0.0
14_17_01.bmp,3.333333333333333,0.222222222,0.427792632,0.277777778,0.460888599,0.055555556,0.23570226,0.055555556,0.23570226,0.111111111,0.323380833,0.111111111,0.323380833,0.166666667,0.383482494
01419.jpg,4.055555555555555,0.055555556,0.23570226,0.333333333,0.48507125,0.111111111,0.323380833,0.0,0.0,0.0,0.0,0.0,0.0,0.055555556,0.23570226
0443.jpg,3.0,0.0,0.0,0.833333333,0.383482494,0.055555556,0.23570226,0.0,0.0,0.111111111,0.323380833,0.055555556,0.23570226,0.055555556,0.23570226
33_04_04.bmp,2.2222222222222223,0.277777778,0.460888599,0.333333333,0.48507125,0.222222222,0.427792632,0.111111111,0.323380833,0.333333333,0.48507125,0.166666667,0.383482494,0.055555556,0.23570226
16_05_02.bmp,3.0,0.277777778,0.460888599,0.388888889,0.501631326,0.055555556,0.23570226,0.0,0.0,0.388888889,0.501631326,0.444444444,0.511309993,0.0,0.0
27_25_02.bmp,2.5,0.055555556,0.23570226,0.222222222,0.427792632,0.0,0.0,0.0,0.0,0.333333333,0.48507125,0.055555556,0.23570226,0.944444444,0.23570226
27_15_02.bmp,3.1666666666666665,0.055555556,0.23570226,0.277777778,0.460888599,0.444444444,0.511309993,0.111111111,0.323380833,0.388888889,0.501631326,0.055555556,0.23570226,0.0,0.0
07_06_01.bmp,3.0,0.277777778,0.460888599,0.555555556,0.511309993,0.055555556,0.23570226,0.0,0.0,0.055555556,0.23570226,0.111111111,0.323380833,0.055555556,0.23570226
22_12_05.bmp,1.9444444444444444,0.777777778,0.427792632,0.388888889,0.501631326,0.0,0.0,0.0,0.0,0.222222222,0.427792632,0.111111111,0.323380833,0.055555556,0.23570226
0880.jpg,3.611111111111111,0.055555556,0.23570226,0.444444444,0.511309993,0.0,0.0,0.055555556,0.23570226,0.277777778,0.460888599,0.0,0.0,0.0,0.0
16_23_02.bmp,2.611111111111111,0.0,0.0,0.277777778,0.460888599,0.0,0.0,0.777777778,0.427792632,0.277777778,0.460888599,0.333333333,0.48507125,0.055555556,0.23570226
12_04_02.bmp,3.555555555555556,0.166666667,0.383482494,0.166666667,0.383482494,0.166666667,0.383482494,0.055555556,0.23570226,0.111111111,0.323380833,0.055555556,0.23570226,0.0,0.0
0191.jpg,3.7777777777777777,0.055555556,0.23570226,0.166666667,0.383482494,0.722222222,0.460888599,0.0,0.0,0.166666667,0.383482494,0.0,0.0,0.055555556,0.23570226
30_06_05.bmp,2.0,0.388888889,0.501631326,0.277777778,0.460888599,0.277777778,0.460888599,0.111111111,0.323380833,0.277777778,0.460888599,0.277777778,0.460888599,0.0,0.0
17_07_05.bmp,1.3888888888888888,0.222222222,0.427792632,0.833333333,0.383482494,0.055555556,0.23570226,0.0,0.0,0.222222222,0.427792632,0.0,0.0,0.0,0.0
27_19_05.bmp,2.055555555555556,0.166666667,0.383482494,0.166666667,0.383482494,0.5,0.514495755,0.277777778,0.460888599,0.277777778,0.460888599,0.111111111,0.323380833,0.055555556,0.23570226
01_11_03.bmp,2.055555555555556,0.833333333,0.383482494,0.388888889,0.501631326,0.222222222,0.427792632,0.0,0.0,0.055555556,0.23570226,0.055555556,0.23570226,0.055555556,0.23570226
17_09_02.bmp,2.6666666666666665,0.722222222,0.460888599,0.166666667,0.383482494,0.055555556,0.23570226,0.055555556,0.23570226,0.277777778,0.460888599,0.055555556,0.23570226,0.0,0.0
28_11_04.bmp,2.5,0.833333333,0.383482494,0.222222222,0.427792632,0.166666667,0.383482494,0.0,0.0,0.222222222,0.427792632,0.055555556,0.23570226,0.055555556,0.23570226
0939.jpg,2.888888888888889,0.055555556,0.23570226,0.333333333,0.48507125,0.055555556,0.23570226,0.666666667,0.48507125,0.166666667,0.383482494,0.055555556,0.23570226,0.055555556,0.23570226
0187.jpg,3.611111111111111,0.055555556,0.23570226,0.166666667,0.383482494,0.666666667,0.48507125,0.0,0.0,0.222222222,0.427792632,0.0,0.0,0.055555556,0.23570226
14_07_01.bmp,3.055555555555556,0.166666667,0.383482494,0.666666667,0.48507125,0.055555556,0.23570226,0.0,0.0,0.055555556,0.23570226,0.111111111,0.323380833,0.055555556,0.23570226
20_16_02.bmp,3.111111111111111,0.166666667,0.383482494,0.444444444,0.511309993,0.166666667,0.383482494,0.055555556,0.23570226,0.111111111,0.323380833,0.111111111,0.323380833,0.0,0.0
24_25_03.bmp,2.5,0.0,0.0,0.055555556,0.23570226,0.0,0.0,0.055555556,0.23570226,0.055555556,0.23570226,0.0,0.0,0.888888889,0.323380833
01199.jpg,3.333333333333333,0.111111111,0.323380833,0.722222222,0.460888599,0.444444444,0.511309993,0.0,0.0,0.111111111,0.323380833,0.055555556,0.23570226,0.0,0.0
25_07_03.bmp,2.388888888888889,0.111111111,0.323380833,0.777777778,0.427792632,0.111111111,0.323380833,0.055555556,0.23570226,0.111111111,0.323380833,0.0,0.0,0.055555556,0.23570226
0550.jpg,3.1666666666666665,0.111111111,0.323380833,0.333333333,0.48507125,0.055555556,0.23570226,0.111111111,0.323380833,0.722222222,0.460888599,0.0,0.0,0.055555556,0.23570226
26_04_03.bmp,3.8333333333333335,0.166666667,0.383482494,0.0,0.0,0.277777778,0.460888599,0.0,0.0,0.055555556,0.23570226,0.111111111,0.323380833,0.055555556,0.23570226
0333.jpg,2.7222222222222223,0.111111111,0.323380833,0.722222222,0.460888599,0.055555556,0.23570226,0.0,0.0,0.055555556,0.23570226,0.0,0.0,0.055555556,0.23570226
23_20_03.bmp,2.0,0.333333333,0.48507125,0.388888889,0.501631326,0.166666667,0.383482494,0.277777778,0.460888599,0.166666667,0.383482494,0.055555556,0.23570226,0.055555556,0.23570226
06_12_02.bmp,3.1666666666666665,0.611111111,0.501631326,0.277777778,0.460888599,0.055555556,0.23570226,0.0,0.0,0.111111111,0.323380833,0.055555556,0.23570226,0.055555556,0.23570226
22_05_02.bmp,2.7222222222222223,0.222222222,0.427792632,0.666666667,0.48507125,0.055555556,0.23570226,0.055555556,0.23570226,0.166666667,0.383482494,0.111111111,0.323380833,0.055555556,0.23570226
15_05_02.bmp,3.2777777777777777,0.222222222,0.427792632,0.388888889,0.501631326,0.055555556,0.23570226,0.0,0.0,0.277777778,0.460888599,0.055555556,0.23570226,0.055555556,0.23570226
20_12_03.bmp,2.7222222222222223,0.666666667,0.48507125,0.388888889,0.501631326,0.111111111,0.323380833,0.0,0.0,0.111111111,0.323380833,0.111111111,0.323380833,0.0,0.0
37_08_01.bmp,3.6666666666666665,0.111111111,0.323380833,0.555555556,0.511309993,0.0,0.0,0.111111111,0.323380833,0.055555556,0.23570226,0.055555556,0.23570226,0.0,0.0
25_19_04.bmp,2.2222222222222223,0.166666667,0.383482494,0.444444444,0.511309993,0.555555556,0.511309993,0.0,0.0,0.166666667,0.383482494,0.0,0.0,0.055555556,0.23570226
11_23_05.bmp,2.0,0.055555556,0.23570226,0.222222222,0.427792632,0.0,0.0,0.777777778,0.427792632,0.222222222,0.427792632,0.055555556,0.23570226,0.166666667,0.383482494
04_16_01.bmp,2.888888888888889,0.111111111,0.323380833,0.666666667,0.48507125,0.0,0.0,0.0,0.0,0.222222222,0.427792632,0.0,0.0,0.055555556,0.23570226
19_02_03.bmp,2.055555555555556,0.055555556,0.23570226,0.888888889,0.323380833,0.055555556,0.23570226,0.0,0.0,0.055555556,0.23570226,0.0,0.0,0.055555556,0.23570226
18_24_05.bmp,1.2777777777777777,0.111111111,0.323380833,0.944444444,0.23570226,0.055555556,0.23570226,0.0,0.0,0.055555556,0.23570226,0.0,0.0,0.055555556,0.23570226
15_22_05.bmp,1.8333333333333333,0.277777778,0.460888599,0.722222222,0.460888599,0.0,0.0,0.111111111,0.323380833,0.166666667,0.383482494,0.0,0.0,0.0,0.0
23_22_01.bmp,3.1666666666666665,0.111111111,0.323380833,0.5,0.514495755,0.111111111,0.323380833,0.111111111,0.323380833,0.333333333,0.48507125,0.0,0.0,0.0,0.0
19_19_04.bmp,2.5,0.166666667,0.383482494,0.388888889,0.501631326,0.611111111,0.501631326,0.0,0.0,0.111111111,0.323380833,0.055555556,0.23570226,0.0,0.0
36_10_04.bmp,2.333333333333333,0.777777778,0.427792632,0.444444444,0.511309993,0.111111111,0.323380833,0.0,0.0,0.055555556,0.23570226,0.055555556,0.23570226,0.111111111,0.323380833
30_13_04.bmp,2.888888888888889,0.111111111,0.323380833,0.111111111,0.323380833,0.611111111,0.501631326,0.0,0.0,0.277777778,0.460888599,0.0,0.0,0.0,0.0
21_12_05.bmp,2.0,0.777777778,0.427792632,0.388888889,0.501631326,0.055555556,0.23570226,0.055555556,0.23570226,0.055555556,0.23570226,0.0,0.0,0.0,0.0
32_05_05.bmp,1.5,0.333333333,0.48507125,0.666666667,0.48507125,0.111111111,0.323380833,0.111111111,0.323380833,0.388888889,0.501631326,0.055555556,0.23570226,0.0,0.0
01_15_01.bmp,1.9444444444444444,0.111111111,0.323380833,0.666666667,0.48507125,0.722222222,0.460888599,0.0,0.0,0.055555556,0.23570226,0.0,0.0,0.055555556,0.23570226
07_07_03.bmp,2.2777777777777777,0.277777778,0.460888599,0.666666667,0.48507125,0.111111111,0.323380833,0.0,0.0,0.055555556,0.23570226,0.055555556,0.23570226,0.111111111,0.323380833
0338.jpg,3.111111111111111,0.166666667,0.383482494,0.555555556,0.511309993,0.0,0.0,0.0,0.0,0.055555556,0.23570226,0.055555556,0.23570226,0.0,0.0
02_03_02.bmp,3.0,0.0,0.0,0.555555556,0.511309993,0.055555556,0.23570226,0.0,0.0,0.611111111,0.501631326,0.0,0.0,0.055555556,0.23570226
21_07_01.bmp,3.2222222222222223,0.222222222,0.427792632,0.611111111,0.501631326,0.0,0.0,0.0,0.0,0.055555556,0.23570226,0.0,0.0,0.0,0.0
31_03_02.bmp,3.111111111111111,0.055555556,0.23570226,0.722222222,0.460888599,0.055555556,0.23570226,0.0,0.0,0.222222222,0.427792632,0.0,0.0,0.055555556,0.23570226
0805.jpg,3.5,0.111111111,0.323380833,0.444444444,0.511309993,0.0,0.0,0.055555556,0.23570226,0.166666667,0.383482494,0.0,0.0,0.055555556,0.23570226
16_08_05.bmp,1.7777777777777777,0.333333333,0.48507125,0.666666667,0.48507125,0.0,0.0,0.055555556,0.23570226,0.277777778,0.460888599,0.166666667,0.383482494,0.0,0.0
05_08_04.bmp,2.1666666666666665,0.333333333,0.48507125,0.611111111,0.501631326,0.0,0.0,0.055555556,0.23570226,0.0,0.0,0.166666667,0.383482494,0.0,0.0
17_01_05.bmp,1.5,0.055555556,0.23570226,0.888888889,0.323380833,0.055555556,0.23570226,0.055555556,0.23570226,0.166666667,0.383482494,0.0,0.0,0.0,0.0
35_13_03.bmp,2.555555555555556,0.111111111,0.323380833,0.444444444,0.511309993,0.666666667,0.48507125,0.0,0.0,0.0,0.0,0.0,0.0,0.055555556,0.23570226
36_22_01.bmp,2.7777777777777777,0.166666667,0.383482494,0.5,0.514495755,0.333333333,0.48507125,0.0,0.0,0.0,0.0,0.0,0.0,0.111111111,0.323380833
04_02_04.bmp,1.5555555555555556,0.055555556,0.23570226,1.0,0.0,0.055555556,0.23570226,0.055555556,0.23570226,0.111111111,0.323380833,0.055555556,0.23570226,0.0,0.0
0475.jpg,2.9444444444444446,0.055555556,0.23570226,0.388888889,0.501631326,0.055555556,0.23570226,0.222222222,0.427792632,0.611111111,0.501631326,0.0,0.0,0.0,0.0
28_18_04.bmp,2.9444444444444446,0.055555556,0.23570226,0.666666667,0.48507125,0.055555556,0.23570226,0.055555556,0.23570226,0.111111111,0.323380833,0.111111111,0.323380833,0.0,0.0
34_02_05.bmp,1.2222222222222223,0.0,0.0,0.888888889,0.323380833,0.111111111,0.323380833,0.0,0.0,0.111111111,0.323380833,0.055555556,0.23570226,0.0,0.0
12_18_01.bmp,2.7777777777777777,0.055555556,0.23570226,0.611111111,0.501631326,0.055555556,0.23570226,0.055555556,0.23570226,0.222222222,0.427792632,0.055555556,0.23570226,0.0,0.0
15_16_05.bmp,1.7222222222222223,0.222222222,0.427792632,0.833333333,0.383482494,0.0,0.0,0.111111111,0.323380833,0.222222222,0.427792632,0.0,0.0,0.0,0.0
23_25_03.bmp,2.1666666666666665,0.055555556,0.23570226,0.055555556,0.23570226,0.0,0.0,0.055555556,0.23570226,0.111111111,0.323380833,0.0,0.0,0.888888889,0.323380833
18_13_03.bmp,2.9444444444444446,0.055555556,0.23570226,0.5,0.514495755,0.388888889,0.501631326,0.0,0.0,0.0,0.0,0.055555556,0.23570226,0.055555556,0.23570226
01240.jpg,2.611111111111111,0.333333333,0.48507125,0.888888889,0.323380833,0.055555556,0.23570226,0.333333333,0.48507125,0.111111111,0.323380833,0.111111111,0.323380833,0.0,0.0
12_23_03.bmp,2.7222222222222223,0.055555556,0.23570226,0.0,0.0,0.0,0.0,0.777777778,0.427792632,0.055555556,0.23570226,0.111111111,0.323380833,0.055555556,0.23570226
06_03_01.bmp,3.888888888888889,0.055555556,0.23570226,0.277777778,0.460888599,0.055555556,0.23570226,0.055555556,0.23570226,0.0,0.0,0.055555556,0.23570226,0.055555556,0.23570226
37_22_01.bmp,3.0,0.166666667,0.383482494,0.555555556,0.511309993,0.0,0.0,0.166666667,0.383482494,0.055555556,0.23570226,0.055555556,0.23570226,0.055555556,0.23570226
27_02_05.bmp,1.3333333333333333,0.0,0.0,0.944444444,0.23570226,0.055555556,0.23570226,0.0,0.0,0.333333333,0.48507125,0.0,0.0,0.0,0.0
1123.jpg,2.888888888888889,0.055555556,0.23570226,0.277777778,0.460888599,0.0,0.0,0.0,0.0,0.166666667,0.383482494,0.055555556,0.23570226,0.833333333,0.383482494
09_20_03.bmp,2.111111111111111,0.666666667,0.48507125,0.444444444,0.511309993,0.222222222,0.427792632,0.0,0.0,0.166666667,0.383482494,0.111111111,0.323380833,0.0,0.0
35_11_05.bmp,1.7777777777777777,0.944444444,0.23570226,0.388888889,0.501631326,0.111111111,0.323380833,0.0,0.0,0.055555556,0.23570226,0.055555556,0.23570226,0.055555556,0.23570226
05_08_01.bmp,3.0,0.222222222,0.427792632,0.555555556,0.511309993,0.055555556,0.23570226,0.0,0.0,0.055555556,0.23570226,0.055555556,0.23570226,0.055555556,0.23570226
07_01_01.bmp,3.333333333333333,0.055555556,0.23570226,0.5,0.514495755,0.388888889,0.501631326,0.055555556,0.23570226,0.166666667,0.383482494,0.0,0.0,0.055555556,0.23570226
37_15_04.bmp,2.888888888888889,0.222222222,0.427792632,0.388888889,0.501631326,0.0,0.0,0.388888889,0.501631326,0.055555556,0.23570226,0.055555556,0.23570226,0.0,0.0
26_17_04.bmp,2.5,0.0,0.0,0.388888889,0.501631326,0.111111111,0.323380833,0.0,0.0,0.166666667,0.383482494,0.222222222,0.427792632,0.222222222,0.427792632
31_20_01.bmp,2.7777777777777777,0.333333333,0.48507125,0.388888889,0.501631326,0.277777778,0.460888599,0.111111111,0.323380833,0.166666667,0.383482494,0.055555556,0.23570226,0.111111111,0.323380833
12_21_05.bmp,1.6111111111111112,0.166666667,0.383482494,0.166666667,0.383482494,0.222222222,0.427792632,0.611111111,0.501631326,0.166666667,0.383482494,0.055555556,0.23570226,0.055555556,0.23570226
15_07_05.bmp,1.4444444444444444,0.055555556,0.23570226,0.888888889,0.323380833,0.0,0.0,0.0,0.0,0.055555556,0.23570226,0.055555556,0.23570226,0.0,0.0
32_18_02.bmp,2.6666666666666665,0.111111111,0.323380833,0.722222222,0.460888599,0.055555556,0.23570226,0.0,0.0,0.444444444,0.511309993,0.111111111,0.323380833,0.0,0.0
32_06_02.bmp,2.4444444444444446,0.277777778,0.460888599,0.5,0.514495755,0.166666667,0.383482494,0.111111111,0.323380833,0.388888889,0.501631326,0.222222222,0.427792632,0.055555556,0.23570226
01_05_05.bmp,1.3888888888888888,0.444444444,0.511309993,0.833333333,0.383482494,0.111111111,0.323380833,0.055555556,0.23570226,0.0,0.0,0.111111111,0.323380833,0.055555556,0.23570226
17_15_01.bmp,1.7777777777777777,0.0,0.0,0.277777778,0.460888599,0.833333333,0.383482494,0.0,0.0,0.166666667,0.383482494,0.0,0.0,0.055555556,0.23570226
37_04_04.bmp,2.555555555555556,0.333333333,0.48507125,0.444444444,0.511309993,0.277777778,0.460888599,0.055555556,0.23570226,0.055555556,0.23570226,0.222222222,0.427792632,0.0,0.0
20_13_02.bmp,3.2777777777777777,0.055555556,0.23570226,0.277777778,0.460888599,0.388888889,0.501631326,0.055555556,0.23570226,0.111111111,0.323380833,0.111111111,0.323380833,0.0,0.0
14_19_05.bmp,1.6666666666666667,0.111111111,0.323380833,0.166666667,0.383482494,0.888888889,0.323380833,0.0,0.0,0.0,0.0,0.111111111,0.323380833,0.0,0.0
14_08_05.bmp,1.6111111111111112,0.222222222,0.427792632,0.888888889,0.323380833,0.0,0.0,0.055555556,0.23570226,0.0,0.0,0.111111111,0.323380833,0.111111111,0.323380833
31_13_05.bmp,2.6666666666666665,0.055555556,0.23570226,0.222222222,0.427792632,0.833333333,0.383482494,0.0,0.0,0.111111111,0.323380833,0.055555556,0.23570226,0.0,0.0
0710.jpg,3.6666666666666665,0.111111111,0.323380833,0.166666667,0.383482494,0.055555556,0.23570226,0.0,0.0,0.222222222,0.427792632,0.111111111,0.323380833,0.055555556,0.23570226
21_05_01.bmp,3.388888888888889,0.222222222,0.427792632,0.555555556,0.511309993,0.055555556,0.23570226,0.0,0.0,0.0,0.0,0.0,0.0,0.055555556,0.23570226
01363.jpg,4.277777777777778,0.055555556,0.23570226,0.388888889,0.501631326,0.111111111,0.323380833,0.0,0.0,0.055555556,0.23570226,0.0,0.0,0.055555556,0.23570226
04_10_04.bmp,2.388888888888889,0.833333333,0.383482494,0.444444444,0.511309993,0.055555556,0.23570226,0.0,0.0,0.222222222,0.427792632,0.0,0.0,0.0,0.0
18_06_04.bmp,2.055555555555556,0.444444444,0.511309993,0.444444444,0.511309993,0.166666667,0.383482494,0.055555556,0.23570226,0.111111111,0.323380833,0.166666667,0.383482494,0.111111111,0.323380833
16_20_02.bmp,2.4444444444444446,0.388888889,0.501631326,0.222222222,0.427792632,0.277777778,0.460888599,0.111111111,0.323380833,0.333333333,0.48507125,0.222222222,0.427792632,0.0,0.0
28_19_04.bmp,2.6666666666666665,0.0,0.0,0.388888889,0.501631326,0.555555556,0.511309993,0.0,0.0,0.166666667,0.383482494,0.055555556,0.23570226,0.0,0.0
19_04_02.bmp,3.2222222222222223,0.277777778,0.460888599,0.277777778,0.460888599,0.166666667,0.383482494,0.166666667,0.383482494,0.111111111,0.323380833,0.055555556,0.23570226,0.055555556,0.23570226
14_03_03.bmp,2.5,0.0,0.0,0.888888889,0.323380833,0.055555556,0.23570226,0.0,0.0,0.0,0.0,0.111111111,0.323380833,0.0,0.0
0648.jpg,3.7777777777777777,0.055555556,0.23570226,0.277777778,0.460888599,0.0,0.0,0.166666667,0.383482494,0.111111111,0.323380833,0.0,0.0,0.055555556,0.23570226
21_08_05.bmp,1.7777777777777777,0.444444444,0.511309993,0.611111111,0.501631326,0.0,0.0,0.166666667,0.383482494,0.055555556,0.23570226,0.055555556,0.23570226,0.0,0.0
01314.jpg,3.333333333333333,0.444444444,0.511309993,0.5,0.514495755,0.0,0.0,0.0,0.0,0.388888889,0.501631326,0.055555556,0.23570226,0.0,0.0
14_12_05.bmp,2.055555555555556,0.888888889,0.323380833,0.277777778,0.460888599,0.166666667,0.383482494,0.0,0.0,0.0,0.0,0.111111111,0.323380833,0.055555556,0.23570226
26_08_01.bmp,3.7222222222222223,0.111111111,0.323380833,0.111111111,0.323380833,0.111111111,0.323380833,0.0,0.0,0.055555556,0.23570226,0.0,0.0,0.111111111,0.323380833
16_04_02.bmp,2.6666666666666665,0.333333333,0.48507125,0.166666667,0.383482494,0.277777778,0.460888599,0.055555556,0.23570226,0.388888889,0.501631326,0.388888889,0.501631326,0.0,0.0
16_22_02.bmp,2.7222222222222223,0.166666667,0.383482494,0.666666667,0.48507125,0.055555556,0.23570226,0.0,0.0,0.277777778,0.460888599,0.277777778,0.460888599,0.0,0.0
06_07_05.bmp,1.3888888888888888,0.333333333,0.48507125,0.777777778,0.427792632,0.055555556,0.23570226,0.055555556,0.23570226,0.055555556,0.23570226,0.111111111,0.323380833,0.055555556,0.23570226
0362.jpg,2.9444444444444446,0.055555556,0.23570226,0.666666667,0.48507125,0.055555556,0.23570226,0.111111111,0.323380833,0.0,0.0,0.0,0.0,0.055555556,0.23570226
35_18_02.bmp,2.111111111111111,0.111111111,0.323380833,0.722222222,0.460888599,0.055555556,0.23570226,0.055555556,0.23570226,0.055555556,0.23570226,0.0,0.0,0.055555556,0.23570226
02_03_05.bmp,1.5,0.055555556,0.23570226,0.833333333,0.383482494,0.0,0.0,0.0,0.0,0.555555556,0.511309993,0.055555556,0.23570226,0.055555556,0.23570226
0626.jpg,3.2222222222222223,0.055555556,0.23570226,0.5,0.514495755,0.055555556,0.23570226,0.222222222,0.427792632,0.0,0.0,0.0,0.0,0.055555556,0.23570226
27_16_01.bmp,3.1666666666666665,0.055555556,0.23570226,0.5,0.514495755,0.055555556,0.23570226,0.166666667,0.383482494,0.333333333,0.48507125,0.055555556,0.23570226,0.055555556,0.23570226
14_02_04.bmp,1.5,0.0,0.0,0.944444444,0.23570226,0.055555556,0.23570226,0.0,0.0,0.111111111,0.323380833,0.055555556,0.23570226,0.055555556,0.23570226
37_21_05.bmp,1.8333333333333333,0.055555556,0.23570226,0.222222222,0.427792632,0.111111111,0.323380833,0.722222222,0.460888599,0.055555556,0.23570226,0.055555556,0.23570226,0.0,0.0
16_03_01.bmp,3.2777777777777777,0.055555556,0.23570226,0.222222222,0.427792632,0.0,0.0,0.055555556,0.23570226,0.333333333,0.48507125,0.5,0.514495755,0.0,0.0
01_08_03.bmp,2.611111111111111,0.222222222,0.427792632,0.833333333,0.383482494,0.111111111,0.323380833,0.055555556,0.23570226,0.055555556,0.23570226,0.166666667,0.383482494,0.055555556,0.23570226
18_23_04.bmp,2.2222222222222223,0.111111111,0.323380833,0.277777778,0.460888599,0.0,0.0,0.666666667,0.48507125,0.0,0.0,0.0,0.0,0.111111111,0.323380833
27_10_05.bmp,2.1666666666666665,0.666666667,0.48507125,0.333333333,0.48507125,0.0,0.0,0.055555556,0.23570226,0.444444444,0.511309993,0.111111111,0.323380833,0.055555556,0.23570226
0087.jpg,1.5555555555555556,0.055555556,0.23570226,0.722222222,0.460888599,0.944444444,0.23570226,0.0,0.0,0.055555556,0.23570226,0.055555556,0.23570226,0.055555556,0.23570226
31_11_02.bmp,3.2777777777777777,0.611111111,0.501631326,0.222222222,0.427792632,0.0,0.0,0.0,0.0,0.166666667,0.383482494,0.055555556,0.23570226,0.055555556,0.23570226
0998.jpg,3.0,0.111111111,0.323380833,0.444444444,0.511309993,0.0,0.0,0.611111111,0.501631326,0.277777778,0.460888599,0.055555556,0.23570226,0.055555556,0.23570226
06_07_04.bmp,1.6666666666666667,0.388888889,0.501631326,0.722222222,0.460888599,0.111111111,0.323380833,0.0,0.0,0.055555556,0.23570226,0.111111111,0.323380833,0.166666667,0.383482494
36_18_02.bmp,2.5,0.111111111,0.323380833,0.777777778,0.427792632,0.111111111,0.323380833,0.0,0.0,0.0,0.0,0.055555556,0.23570226,0.111111111,0.323380833
36_19_03.bmp,3.055555555555556,0.055555556,0.23570226,0.5,0.514495755,0.166666667,0.383482494,0.0,0.0,0.055555556,0.23570226,0.0,0.0,0.111111111,0.323380833
0588.jpg,3.4444444444444446,0.055555556,0.23570226,0.222222222,0.427792632,0.0,0.0,0.166666667,0.383482494,0.333333333,0.48507125,0.111111111,0.323380833,0.055555556,0.23570226
0308.jpg,2.0,0.166666667,0.383482494,0.833333333,0.383482494,0.0,0.0,0.222222222,0.427792632,0.166666667,0.383482494,0.0,0.0,0.055555556,0.23570226
27_16_05.bmp,1.6666666666666667,0.277777778,0.460888599,0.944444444,0.23570226,0.055555556,0.23570226,0.0,0.0,0.277777778,0.460888599,0.0,0.0,0.0,0.0
10_03_03.bmp,2.5,0.055555556,0.23570226,0.833333333,0.383482494,0.055555556,0.23570226,0.0,0.0,0.333333333,0.48507125,0.222222222,0.427792632,0.0,0.0
36_09_01.bmp,3.111111111111111,0.555555556,0.511309993,0.5,0.514495755,0.111111111,0.323380833,0.0,0.0,0.055555556,0.23570226,0.0,0.0,0.111111111,0.323380833
0612.jpg,3.333333333333333,0.055555556,0.23570226,0.444444444,0.511309993,0.055555556,0.23570226,0.055555556,0.23570226,0.277777778,0.460888599,0.055555556,0.23570226,0.055555556,0.23570226
13_09_05.bmp,2.2777777777777777,0.777777778,0.427792632,0.111111111,0.323380833,0.055555556,0.23570226,0.055555556,0.23570226,0.222222222,0.427792632,0.0,0.0,0.0,0.0
01241.jpg,3.333333333333333,0.333333333,0.48507125,0.444444444,0.511309993,0.0,0.0,0.111111111,0.323380833,0.333333333,0.48507125,0.0,0.0,0.0,0.0
20_17_03.bmp,2.5,0.111111111,0.323380833,0.388888889,0.501631326,0.111111111,0.323380833,0.0,0.0,0.277777778,0.460888599,0.222222222,0.427792632,0.111111111,0.323380833
13_25_01.bmp,3.388888888888889,0.0,0.0,0.055555556,0.23570226,0.055555556,0.23570226,0.0,0.0,0.166666667,0.383482494,0.055555556,0.23570226,0.888888889,0.323380833
33_18_03.bmp,2.7777777777777777,0.111111111,0.323380833,0.611111111,0.501631326,0.055555556,0.23570226,0.055555556,0.23570226,0.444444444,0.511309993,0.055555556,0.23570226,0.0,0.0
23_24_03.bmp,2.388888888888889,0.055555556,0.23570226,0.833333333,0.383482494,0.0,0.0,0.055555556,0.23570226,0.222222222,0.427792632,0.0,0.0,0.0,0.0
25_06_01.bmp,3.2777777777777777,0.277777778,0.460888599,0.555555556,0.511309993,0.111111111,0.323380833,0.0,0.0,0.166666667,0.383482494,0.055555556,0.23570226,0.055555556,0.23570226
0431.jpg,1.6666666666666667,0.055555556,0.23570226,0.944444444,0.23570226,0.055555556,0.23570226,0.0,0.0,0.055555556,0.23570226,0.0,0.0,0.0,0.0
24_22_01.bmp,3.1666666666666665,0.055555556,0.23570226,0.666666667,0.48507125,0.0,0.0,0.055555556,0.23570226,0.0,0.0,0.055555556,0.23570226,0.0,0.0
16_02_02.bmp,2.611111111111111,0.0,0.0,0.666666667,0.48507125,0.055555556,0.23570226,0.0,0.0,0.333333333,0.48507125,0.555555556,0.511309993,0.0,0.0
0286.jpg,2.388888888888889,0.277777778,0.460888599,0.333333333,0.48507125,0.055555556,0.23570226,0.722222222,0.460888599,0.111111111,0.323380833,0.0,0.0,0.055555556,0.23570226
07_15_02.bmp,1.8888888888888888,0.111111111,0.323380833,0.277777778,0.460888599,0.777777778,0.427792632,0.0,0.0,0.111111111,0.323380833,0.055555556,0.23570226,0.0,0.0
03_10_01.bmp,3.611111111111111,0.222222222,0.427792632,0.166666667,0.383482494,0.055555556,0.23570226,0.055555556,0.23570226,0.222222222,0.427792632,0.0,0.0,0.055555556,0.23570226
01499.jpg,3.111111111111111,0.055555556,0.23570226,0.611111111,0.501631326,0.222222222,0.427792632,0.0,0.0,0.055555556,0.23570226,0.0,0.0,0.055555556,0.23570226
28_13_05.bmp,2.055555555555556,0.111111111,0.323380833,0.166666667,0.383482494,0.833333333,0.383482494,0.0,0.0,0.222222222,0.427792632,0.0,0.0,0.0,0.0
35_19_04.bmp,2.555555555555556,0.055555556,0.23570226,0.388888889,0.501631326,0.555555556,0.511309993,0.0,0.0,0.055555556,0.23570226,0.055555556,0.23570226,0.055555556,0.23570226
0938.jpg,2.9444444444444446,0.111111111,0.323380833,0.388888889,0.501631326,0.0,0.0,0.722222222,0.460888599,0.222222222,0.427792632,0.055555556,0.23570226,0.055555556,0.23570226
0210.jpg,1.7222222222222223,0.277777778,0.460888599,0.444444444,0.511309993,0.055555556,0.23570226,0.833333333,0.383482494,0.055555556,0.23570226,0.055555556,0.23570226,0.055555556,0.23570226
37_14_02.bmp,3.0,0.111111111,0.323380833,0.444444444,0.511309993,0.0,0.0,0.555555556,0.511309993,0.055555556,0.23570226,0.055555556,0.23570226,0.055555556,0.23570226
31_10_05.bmp,2.388888888888889,0.777777778,0.427792632,0.333333333,0.48507125,0.0,0.0,0.0,0.0,0.111111111,0.323380833,0.0,0.0,0.111111111,0.323380833
04_22_04.bmp,1.5555555555555556,0.166666667,0.383482494,0.833333333,0.383482494,0.111111111,0.323380833,0.0,0.0,0.222222222,0.427792632,0.0,0.0,0.0,0.0
10_06_04.bmp,2.0,0.388888889,0.501631326,0.277777778,0.460888599,0.222222222,0.427792632,0.166666667,0.383482494,0.277777778,0.460888599,0.222222222,0.427792632,0.0,0.0
24_05_03.bmp,2.555555555555556,0.111111111,0.323380833,0.777777778,0.427792632,0.055555556,0.23570226,0.055555556,0.23570226,0.055555556,0.23570226,0.0,0.0,0.0,0.0
0478.jpg,3.2222222222222223,0.0,0.0,0.444444444,0.511309993,0.055555556,0.23570226,0.111111111,0.323380833,0.611111111,0.501631326,0.055555556,0.23570226,0.0,0.0
12_05_04.bmp,2.111111111111111,0.333333333,0.48507125,0.611111111,0.501631326,0.111111111,0.323380833,0.055555556,0.23570226,0.111111111,0.323380833,0.0,0.0,0.0,0.0
0595.jpg,3.0,0.055555556,0.23570226,0.333333333,0.48507125,0.055555556,0.23570226,0.111111111,0.323380833,0.5,0.514495755,0.111111111,0.323380833,0.055555556,0.23570226
10_16_03.bmp,2.833333333333333,0.055555556,0.23570226,0.611111111,0.501631326,0.055555556,0.23570226,0.166666667,0.383482494,0.333333333,0.48507125,0.166666667,0.383482494,0.0,0.0
28_17_02.bmp,2.888888888888889,0.055555556,0.23570226,0.5,0.514495755,0.055555556,0.23570226,0.055555556,0.23570226,0.277777778,0.460888599,0.111111111,0.323380833,0.166666667,0.383482494
26_24_05.bmp,1.4444444444444444,0.0,0.0,0.888888889,0.323380833,0.055555556,0.23570226,0.055555556,0.23570226,0.0,0.0,0.055555556,0.23570226,0.111111111,0.323380833
0385.jpg,2.055555555555556,0.166666667,0.383482494,1.0,0.0,0.0,0.0,0.111111111,0.323380833,0.0,0.0,0.0,0.0,0.0,0.0
01210.jpg,3.611111111111111,0.222222222,0.427792632,0.222222222,0.427792632,0.0,0.0,0.0,0.0,0.444444444,0.511309993,0.055555556,0.23570226,0.222222222,0.427792632
07_18_05.bmp,1.7777777777777777,0.111111111,0.323380833,0.666666667,0.48507125,0.111111111,0.323380833,0.055555556,0.23570226,0.222222222,0.427792632,0.055555556,0.23570226,0.111111111,0.323380833
0717.jpg,2.888888888888889,0.111111111,0.323380833,0.444444444,0.511309993,0.0,0.0,0.111111111,0.323380833,0.333333333,0.48507125,0.166666667,0.383482494,0.055555556,0.23570226
0887.jpg,3.8333333333333335,0.166666667,0.383482494,0.444444444,0.511309993,0.055555556,0.23570226,0.0,0.0,0.111111111,0.323380833,0.055555556,0.23570226,0.0,0.0
09_10_01.bmp,3.2777777777777777,0.388888889,0.501631326,0.277777778,0.460888599,0.166666667,0.383482494,0.055555556,0.23570226,0.111111111,0.323380833,0.0,0.0,0.0,0.0
14_21_02.bmp,2.1666666666666665,0.111111111,0.323380833,0.166666667,0.383482494,0.888888889,0.323380833,0.0,0.0,0.0,0.0,0.111111111,0.323380833,0.055555556,0.23570226
16_23_03.bmp,2.7222222222222223,0.111111111,0.323380833,0.111111111,0.323380833,0.0,0.0,0.722222222,0.460888599,0.277777778,0.460888599,0.277777778,0.460888599,0.111111111,0.323380833
21_03_02.bmp,3.0,0.055555556,0.23570226,0.833333333,0.383482494,0.055555556,0.23570226,0.055555556,0.23570226,0.0,0.0,0.0,0.0,0.111111111,0.323380833
16_19_01.bmp,3.333333333333333,0.055555556,0.23570226,0.222222222,0.427792632,0.111111111,0.323380833,0.0,0.0,0.388888889,0.501631326,0.388888889,0.501631326,0.0,0.0
03_18_01.bmp,3.388888888888889,0.333333333,0.48507125,0.166666667,0.383482494,0.055555556,0.23570226,0.0,0.0,0.111111111,0.323380833,0.055555556,0.23570226,0.055555556,0.23570226
18_17_01.bmp,3.055555555555556,0.111111111,0.323380833,0.5,0.514495755,0.111111111,0.323380833,0.0,0.0,0.055555556,0.23570226,0.055555556,0.23570226,0.222222222,0.427792632
34_24_03.bmp,1.9444444444444444,0.055555556,0.23570226,0.888888889,0.323380833,0.222222222,0.427792632,0.0,0.0,0.0,0.0,0.0,0.0,0.055555556,0.23570226
23_15_02.bmp,3.0,0.111111111,0.323380833,0.166666667,0.383482494,0.777777778,0.427792632,0.0,0.0,0.166666667,0.383482494,0.0,0.0,0.0,0.0
26_02_05.bmp,1.3333333333333333,0.055555556,0.23570226,0.833333333,0.383482494,0.111111111,0.323380833,0.0,0.0,0.0,0.0,0.0,0.0,0.0,0.0
37_05_02.bmp,3.333333333333333,0.222222222,0.427792632,0.722222222,0.460888599,0.055555556,0.23570226,0.055555556,0.23570226,0.055555556,0.23570226,0.055555556,0.23570226,0.0,0.0
16_11_05.bmp,2.388888888888889,0.888888889,0.323380833,0.166666667,0.383482494,0.055555556,0.23570226,0.055555556,0.23570226,0.333333333,0.48507125,0.333333333,0.48507125,0.0,0.0
25_08_03.bmp,2.111111111111111,0.277777778,0.460888599,0.777777778,0.427792632,0.111111111,0.323380833,0.0,0.0,0.111111111,0.323380833,0.055555556,0.23570226,0.111111111,0.323380833
02_21_04.bmp,2.111111111111111,0.166666667,0.383482494,0.5,0.514495755,0.222222222,0.427792632,0.555555556,0.511309993,0.277777778,0.460888599,0.055555556,0.23570226,0.055555556,0.23570226
0882.jpg,3.8333333333333335,0.222222222,0.427792632,0.388888889,0.501631326,0.055555556,0.23570226,0.0,0.0,0.111111111,0.323380833,0.0,0.0,0.0,0.0
09_09_01.bmp,3.111111111111111,0.555555556,0.511309993,0.444444444,0.511309993,0.055555556,0.23570226,0.0,0.0,0.166666667,0.383482494,0.111111111,0.323380833,0.055555556,0.23570226
34_07_03.bmp,1.8888888888888888,0.222222222,0.427792632,0.777777778,0.427792632,0.166666667,0.383482494,0.0,0.0,0.055555556,0.23570226,0.0,0.0,0.111111111,0.323380833
23_02_05.bmp,1.3333333333333333,0.055555556,0.23570226,0.833333333,0.383482494,0.055555556,0.23570226,0.055555556,0.23570226,0.166666667,0.383482494,0.0,0.0,0.0,0.0
31_06_03.bmp,2.4444444444444446,0.277777778,0.460888599,0.388888889,0.501631326,0.222222222,0.427792632,0.055555556,0.23570226,0.166666667,0.383482494,0.166666667,0.383482494,0.055555556,0.23570226
05_07_02.bmp,2.6666666666666665,0.388888889,0.501631326,0.611111111,0.501631326,0.055555556,0.23570226,0.0,0.0,0.055555556,0.23570226,0.055555556,0.23570226,0.055555556,0.23570226
30_04_03.bmp,2.6666666666666665,0.333333333,0.48507125,0.166666667,0.383482494,0.277777778,0.460888599,0.111111111,0.323380833,0.222222222,0.427792632,0.222222222,0.427792632,0.0,0.0
31_16_05.bmp,1.5,0.166666667,0.383482494,0.833333333,0.383482494,0.055555556,0.23570226,0.0,0.0,0.111111111,0.323380833,0.0,0.0,0.0,0.0
09_13_03.bmp,3.1666666666666665,0.055555556,0.23570226,0.333333333,0.48507125,0.555555556,0.511309993,0.0,0.0,0.111111111,0.323380833,0.0,0.0,0.0,0.0
37_22_04.bmp,2.2777777777777777,0.222222222,0.427792632,0.833333333,0.383482494,0.111111111,0.323380833,0.111111111,0.323380833,0.111111111,0.323380833,0.055555556,0.23570226,0.0,0.0
37_11_04.bmp,2.4444444444444446,0.722222222,0.460888599,0.333333333,0.48507125,0.111111111,0.323380833,0.0,0.0,0.055555556,0.23570226,0.055555556,0.23570226,0.0,0.0
20_24_05.bmp,1.1666666666666667,0.0,0.0,0.944444444,0.23570226,0.055555556,0.23570226,0.0,0.0,0.111111111,0.323380833,0.111111111,0.323380833,0.0,0.0
04_15_01.bmp,2.055555555555556,0.111111111,0.323380833,0.444444444,0.511309993,0.888888889,0.323380833,0.0,0.0,0.222222222,0.427792632,0.0,0.0,0.0,0.0
01296.jpg,2.4444444444444446,0.277777778,0.460888599,0.833333333,0.383482494,0.166666667,0.383482494,0.055555556,0.23570226,0.111111111,0.323380833,0.0,0.0,0.055555556,0.23570226
01_04_01.bmp,3.1666666666666665,0.055555556,0.23570226,0.666666667,0.48507125,0.111111111,0.323380833,0.055555556,0.23570226,0.0,0.0,0.0,0.0,0.055555556,0.23570226
08_17_01.bmp,3.7222222222222223,0.277777778,0.460888599,0.111111111,0.323380833,0.111111111,0.323380833,0.055555556,0.23570226,0.166666667,0.383482494,0.055555556,0.23570226,0.055555556,0.23570226
01442.jpg,3.4444444444444446,0.166666667,0.383482494,0.555555556,0.511309993,0.222222222,0.427792632,0.0,0.0,0.0,0.0,0.0,0.0,0.0,0.0
22_07_03.bmp,2.1666666666666665,0.055555556,0.23570226,0.833333333,0.383482494,0.0,0.0,0.0,0.0,0.166666667,0.383482494,0.111111111,0.323380833,0.055555556,0.23570226
21_23_04.bmp,2.2222222222222223,0.055555556,0.23570226,0.222222222,0.427792632,0.0,0.0,0.777777778,0.427792632,0.0,0.0,0.055555556,0.23570226,0.055555556,0.23570226
0289.jpg,2.111111111111111,0.111111111,0.323380833,0.444444444,0.511309993,0.0,0.0,0.888888889,0.323380833,0.055555556,0.23570226,0.0,0.0,0.0,0.0
27_23_01.bmp,2.888888888888889,0.055555556,0.23570226,0.166666667,0.383482494,0.055555556,0.23570226,0.722222222,0.460888599,0.222222222,0.427792632,0.055555556,0.23570226,0.055555556,0.23570226
28_23_03.bmp,2.4444444444444446,0.111111111,0.323380833,0.222222222,0.427792632,0.0,0.0,0.722222222,0.460888599,0.111111111,0.323380833,0.0,0.0,0.111111111,0.323380833
0081.jpg,2.2222222222222223,0.055555556,0.23570226,0.722222222,0.460888599,0.777777778,0.427792632,0.055555556,0.23570226,0.166666667,0.383482494,0.0,0.0,0.0,0.0
29_24_03.bmp,2.555555555555556,0.0,0.0,0.833333333,0.383482494,0.055555556,0.23570226,0.0,0.0,0.111111111,0.323380833,0.111111111,0.323380833,0.0,0.0
14_05_04.bmp,2.2777777777777777,0.055555556,0.23570226,0.833333333,0.383482494,0.055555556,0.23570226,0.0,0.0,0.0,0.0,0.111111111,0.323380833,0.0,0.0
33_05_04.bmp,2.2777777777777777,0.222222222,0.427792632,0.722222222,0.460888599,0.111111111,0.323380833,0.055555556,0.23570226,0.444444444,0.511309993,0.0,0.0,0.0,0.0
0914.jpg,3.6666666666666665,0.166666667,0.383482494,0.388888889,0.501631326,0.0,0.0,0.0,0.0,0.222222222,0.427792632,0.055555556,0.23570226,0.0,0.0
1085.jpg,2.7222222222222223,0.055555556,0.23570226,0.222222222,0.427792632,0.0,0.0,0.055555556,0.23570226,0.666666667,0.48507125,0.611111111,0.501631326,0.222222222,0.427792632
0313.jpg,2.4444444444444446,0.111111111,0.323380833,0.944444444,0.23570226,0.0,0.0,0.222222222,0.427792632,0.222222222,0.427792632,0.055555556,0.23570226,0.111111111,0.323380833
15_23_04.bmp,2.611111111111111,0.055555556,0.23570226,0.166666667,0.383482494,0.0,0.0,0.666666667,0.48507125,0.166666667,0.383482494,0.0,0.0,0.111111111,0.323380833
1139.jpg,2.7222222222222223,0.111111111,0.323380833,0.166666667,0.383482494,0.0,0.0,0.055555556,0.23570226,0.611111111,0.501631326,0.388888889,0.501631326,0.055555556,0.23570226
0137.jpg,2.6666666666666665,0.055555556,0.23570226,0.555555556,0.511309993,0.944444444,0.23570226,0.055555556,0.23570226,0.055555556,0.23570226,0.0,0.0,0.0,0.0
1037.jpg,3.4444444444444446,0.0,0.0,0.388888889,0.501631326,0.055555556,0.23570226,0.388888889,0.501631326,0.166666667,0.383482494,0.055555556,0.23570226,0.0,0.0
18_10_03.bmp,2.7777777777777777,0.722222222,0.460888599,0.166666667,0.383482494,0.055555556,0.23570226,0.0,0.0,0.055555556,0.23570226,0.0,0.0,0.111111111,0.323380833
24_19_05.bmp,1.5555555555555556,0.222222222,0.427792632,0.444444444,0.511309993,0.611111111,0.501631326,0.055555556,0.23570226,0.0,0.0,0.055555556,0.23570226,0.0,0.0
30_11_04.bmp,2.611111111111111,0.833333333,0.383482494,0.166666667,0.383482494,0.0,0.0,0.0,0.0,0.333333333,0.48507125,0.055555556,0.23570226,0.0,0.0
01_03_04.bmp,2.0,0.0,0.0,0.888888889,0.323380833,0.166666667,0.383482494,0.0,0.0,0.111111111,0.323380833,0.0,0.0,0.0,0.0
0520.jpg,3.0,0.0,0.0,0.444444444,0.511309993,0.0,0.0,0.444444444,0.511309993,0.5,0.514495755,0.0,0.0,0.111111111,0.323380833
36_23_01.bmp,2.9444444444444446,0.055555556,0.23570226,0.111111111,0.323380833,0.055555556,0.23570226,0.666666667,0.48507125,0.0,0.0,0.055555556,0.23570226,0.277777778,0.460888599
0298.jpg,2.2222222222222223,0.277777778,0.460888599,0.388888889,0.501631326,0.0,0.0,0.888888889,0.323380833,0.055555556,0.23570226,0.0,0.0,0.055555556,0.23570226
12_22_05.bmp,1.6111111111111112,0.222222222,0.427792632,0.722222222,0.460888599,0.111111111,0.323380833,0.111111111,0.323380833,0.055555556,0.23570226,0.0,0.0,0.0,0.0
36_24_05.bmp,1.3333333333333333,0.0,0.0,0.944444444,0.23570226,0.166666667,0.383482494,0.0,0.0,0.0,0.0,0.055555556,0.23570226,0.055555556,0.23570226
26_10_02.bmp,3.7222222222222223,0.444444444,0.511309993,0.111111111,0.323380833,0.111111111,0.323380833,0.0,0.0,0.111111111,0.323380833,0.0,0.0,0.0,0.0
01_21_03.bmp,2.6666666666666665,0.111111111,0.323380833,0.722222222,0.460888599,0.222222222,0.427792632,0.0,0.0,0.0,0.0,0.0,0.0,0.111111111,0.323380833
01_05_01.bmp,2.7777777777777777,0.111111111,0.323380833,0.611111111,0.501631326,0.111111111,0.323380833,0.055555556,0.23570226,0.055555556,0.23570226,0.0,0.0,0.055555556,0.23570226
0491.jpg,3.4444444444444446,0.055555556,0.23570226,0.333333333,0.48507125,0.055555556,0.23570226,0.055555556,0.23570226,0.722222222,0.460888599,0.055555556,0.23570226,0.055555556,0.23570226
35_16_05.bmp,1.4444444444444444,0.111111111,0.323380833,0.777777778,0.427792632,0.055555556,0.23570226,0.0,0.0,0.111111111,0.323380833,0.0,0.0,0.0,0.0
25_04_03.bmp,2.888888888888889,0.277777778,0.460888599,0.444444444,0.511309993,0.222222222,0.427792632,0.055555556,0.23570226,0.166666667,0.383482494,0.111111111,0.323380833,0.055555556,0.23570226
0666.jpg,3.333333333333333,0.055555556,0.23570226,0.5,0.514495755,0.055555556,0.23570226,0.055555556,0.23570226,0.166666667,0.383482494,0.055555556,0.23570226,0.055555556,0.23570226
22_18_01.bmp,3.055555555555556,0.111111111,0.323380833,0.666666667,0.48507125,0.0,0.0,0.0,0.0,0.166666667,0.383482494,0.277777778,0.460888599,0.0,0.0
20_11_05.bmp,1.7777777777777777,0.611111111,0.501631326,0.5,0.514495755,0.055555556,0.23570226,0.0,0.0,0.055555556,0.23570226,0.111111111,0.323380833,0.0,0.0
31_19_03.bmp,2.7777777777777777,0.277777778,0.460888599,0.555555556,0.511309993,0.333333333,0.48507125,0.0,0.0,0.166666667,0.383482494,0.055555556,0.23570226,0.055555556,0.23570226
22_14_02.bmp,3.111111111111111,0.0,0.0,0.277777778,0.460888599,0.055555556,0.23570226,0.444444444,0.511309993,0.166666667,0.383482494,0.111111111,0.323380833,0.0,0.0
20_03_02.bmp,2.7777777777777777,0.166666667,0.383482494,0.722222222,0.460888599,0.055555556,0.23570226,0.0,0.0,0.111111111,0.323380833,0.111111111,0.323380833,0.055555556,0.23570226
12_13_01.bmp,3.4444444444444446,0.111111111,0.323380833,0.166666667,0.383482494,0.166666667,0.383482494,0.055555556,0.23570226,0.111111111,0.323380833,0.055555556,0.23570226,0.055555556,0.23570226
35_11_03.bmp,2.333333333333333,0.722222222,0.460888599,0.333333333,0.48507125,0.055555556,0.23570226,0.0,0.0,0.055555556,0.23570226,0.055555556,0.23570226,0.111111111,0.323380833
0889.jpg,3.888888888888889,0.222222222,0.427792632,0.444444444,0.511309993,0.0,0.0,0.0,0.0,0.166666667,0.383482494,0.055555556,0.23570226,0.0,0.0
19_17_05.bmp,2.111111111111111,0.166666667,0.383482494,0.333333333,0.48507125,0.055555556,0.23570226,0.055555556,0.23570226,0.277777778,0.460888599,0.222222222,0.427792632,0.111111111,0.323380833
01_02_02.bmp,2.555555555555556,0.055555556,0.23570226,0.777777778,0.427792632,0.166666667,0.383482494,0.055555556,0.23570226,0.0,0.0,0.0,0.0,0.055555556,0.23570226
06_03_03.bmp,2.7222222222222223,0.111111111,0.323380833,0.777777778,0.427792632,0.055555556,0.23570226,0.0,0.0,0.055555556,0.23570226,0.055555556,0.23570226,0.111111111,0.323380833
32_14_04.bmp,1.4444444444444444,0.0,0.0,0.277777778,0.460888599,0.166666667,0.383482494,0.888888889,0.323380833,0.277777778,0.460888599,0.055555556,0.23570226,0.0,0.0
01292.jpg,3.4444444444444446,0.333333333,0.48507125,0.555555556,0.511309993,0.111111111,0.323380833,0.0,0.0,0.388888889,0.501631326,0.0,0.0,0.0,0.0
0459.jpg,2.6666666666666665,0.111111111,0.323380833,0.388888889,0.501631326,0.0,0.0,0.055555556,0.23570226,0.777777778,0.427792632,0.055555556,0.23570226,0.055555556,0.23570226
18_23_01.bmp,3.0,0.111111111,0.323380833,0.222222222,0.427792632,0.055555556,0.23570226,0.722222222,0.460888599,0.0,0.0,0.0,0.0,0.111111111,0.323380833
05_13_05.bmp,2.055555555555556,0.111111111,0.323380833,0.444444444,0.511309993,0.777777778,0.427792632,0.0,0.0,0.0,0.0,0.111111111,0.323380833,0.055555556,0.23570226
27_08_01.bmp,3.111111111111111,0.055555556,0.23570226,0.5,0.514495755,0.0,0.0,0.111111111,0.323380833,0.444444444,0.511309993,0.0,0.0,0.055555556,0.23570226
06_14_03.bmp,3.555555555555556,0.277777778,0.460888599,0.111111111,0.323380833,0.055555556,0.23570226,0.222222222,0.427792632,0.055555556,0.23570226,0.055555556,0.23570226,0.055555556,0.23570226
02_01_01.bmp,3.2777777777777777,0.055555556,0.23570226,0.222222222,0.427792632,0.0,0.0,0.055555556,0.23570226,0.611111111,0.501631326,0.055555556,0.23570226,0.0,0.0
07_04_04.bmp,2.7222222222222223,0.277777778,0.460888599,0.444444444,0.511309993,0.222222222,0.427792632,0.055555556,0.23570226,0.111111111,0.323380833,0.222222222,0.427792632,0.055555556,0.23570226
0893.jpg,3.888888888888889,0.055555556,0.23570226,0.5,0.514495755,0.0,0.0,0.0,0.0,0.166666667,0.383482494,0.0,0.0,0.0,0.0
36_25_01.bmp,2.6666666666666665,0.111111111,0.323380833,0.055555556,0.23570226,0.111111111,0.323380833,0.0,0.0,0.055555556,0.23570226,0.0,0.0,0.944444444,0.23570226
35_07_04.bmp,1.5,0.055555556,0.23570226,0.888888889,0.323380833,0.055555556,0.23570226,0.0,0.0,0.055555556,0.23570226,0.055555556,0.23570226,0.111111111,0.323380833
33_25_02.bmp,2.6666666666666665,0.055555556,0.23570226,0.111111111,0.323380833,0.0,0.0,0.0,0.0,0.333333333,0.48507125,0.0,0.0,0.888888889,0.323380833
31_22_01.bmp,2.9444444444444446,0.111111111,0.323380833,0.722222222,0.460888599,0.055555556,0.23570226,0.0,0.0,0.166666667,0.383482494,0.0,0.0,0.111111111,0.323380833
0524.jpg,2.9444444444444446,0.166666667,0.383482494,0.444444444,0.511309993,0.0,0.0,0.333333333,0.48507125,0.444444444,0.511309993,0.055555556,0.23570226,0.055555556,0.23570226
22_18_04.bmp,2.0,0.055555556,0.23570226,0.944444444,0.23570226,0.055555556,0.23570226,0.0,0.0,0.055555556,0.23570226,0.166666667,0.383482494,0.0,0.0
36_23_05.bmp,1.8888888888888888,0.055555556,0.23570226,0.166666667,0.383482494,0.0,0.0,0.833333333,0.383482494,0.0,0.0,0.0,0.0,0.222222222,0.427792632
27_09_03.bmp,2.611111111111111,0.611111111,0.501631326,0.277777778,0.460888599,0.055555556,0.23570226,0.0,0.0,0.388888889,0.501631326,0.111111111,0.323380833,0.055555556,0.23570226
30_15_04.bmp,3.111111111111111,0.0,0.0,0.333333333,0.48507125,0.0,0.0,0.388888889,0.501631326,0.333333333,0.48507125,0.055555556,0.23570226,0.0,0.0
19_13_05.bmp,2.0,0.0,0.0,0.111111111,0.323380833,0.944444444,0.23570226,0.055555556,0.23570226,0.055555556,0.23570226,0.111111111,0.323380833,0.0,0.0
30_25_05.bmp,2.111111111111111,0.0,0.0,0.166666667,0.383482494,0.111111111,0.323380833,0.055555556,0.23570226,0.222222222,0.427792632,0.0,0.0,0.777777778,0.427792632
22_01_02.bmp,3.1666666666666665,0.055555556,0.23570226,0.555555556,0.511309993,0.055555556,0.23570226,0.0,0.0,0.166666667,0.383482494,0.166666667,0.383482494,0.055555556,0.23570226
31_14_03.bmp,2.7777777777777777,0.222222222,0.427792632,0.277777778,0.460888599,0.055555556,0.23570226,0.5,0.514495755,0.166666667,0.383482494,0.0,0.0,0.055555556,0.23570226
26_08_04.bmp,3.0,0.166666667,0.383482494,0.555555556,0.511309993,0.055555556,0.23570226,0.0,0.0,0.055555556,0.23570226,0.0,0.0,0.0,0.0
23_03_01.bmp,3.5,0.111111111,0.323380833,0.333333333,0.48507125,0.055555556,0.23570226,0.055555556,0.23570226,0.277777778,0.460888599,0.055555556,0.23570226,0.0,0.0
15_02_03.bmp,2.055555555555556,0.0,0.0,0.888888889,0.323380833,0.0,0.0,0.055555556,0.23570226,0.222222222,0.427792632,0.0,0.0,0.0,0.0
06_07_03.bmp,2.4444444444444446,0.444444444,0.511309993,0.666666667,0.48507125,0.111111111,0.323380833,0.0,0.0,0.0,0.0,0.055555556,0.23570226,0.111111111,0.323380833
01486.jpg,3.333333333333333,0.055555556,0.23570226,0.611111111,0.501631326,0.222222222,0.427792632,0.0,0.0,0.055555556,0.23570226,0.0,0.0,0.055555556,0.23570226
05_03_05.bmp,1.5,0.0,0.0,0.833333333,0.383482494,0.055555556,0.23570226,0.0,0.0,0.055555556,0.23570226,0.111111111,0.323380833,0.0,0.0
0977.jpg,3.555555555555556,0.055555556,0.23570226,0.222222222,0.427792632,0.0,0.0,0.666666667,0.48507125,0.166666667,0.383482494,0.0,0.0,0.0,0.0
11_12_03.bmp,2.611111111111111,0.777777778,0.427792632,0.333333333,0.48507125,0.055555556,0.23570226,0.055555556,0.23570226,0.166666667,0.383482494,0.055555556,0.23570226,0.055555556,0.23570226
09_01_05.bmp,1.2222222222222223,0.111111111,0.323380833,0.833333333,0.383482494,0.111111111,0.323380833,0.055555556,0.23570226,0.166666667,0.383482494,0.0,0.0,0.0,0.0
0236.jpg,1.8333333333333333,0.388888889,0.501631326,0.444444444,0.511309993,0.0,0.0,0.888888889,0.323380833,0.111111111,0.323380833,0.0,0.0,0.0,0.0
14_21_01.bmp,2.111111111111111,0.055555556,0.23570226,0.222222222,0.427792632,0.888888889,0.323380833,0.055555556,0.23570226,0.0,0.0,0.111111111,0.323380833,0.0,0.0
01425.jpg,3.9444444444444446,0.0,0.0,0.444444444,0.511309993,0.111111111,0.323380833,0.0,0.0,0.055555556,0.23570226,0.0,0.0,0.0,0.0
37_13_03.bmp,3.555555555555556,0.111111111,0.323380833,0.388888889,0.501631326,0.222222222,0.427792632,0.055555556,0.23570226,0.111111111,0.323380833,0.055555556,0.23570226,0.0,0.0
0039.jpg,2.7222222222222223,0.111111111,0.323380833,0.5,0.514495755,0.777777778,0.427792632,0.0,0.0,0.111111111,0.323380833,0.0,0.0,0.0,0.0
01183.jpg,2.388888888888889,0.333333333,0.48507125,0.833333333,0.383482494,0.0,0.0,0.055555556,0.23570226,0.444444444,0.511309993,0.0,0.0,0.0,0.0
17_07_01.bmp,3.388888888888889,0.055555556,0.23570226,0.555555556,0.511309993,0.111111111,0.323380833,0.055555556,0.23570226,0.166666667,0.383482494,0.111111111,0.323380833,0.0,0.0
22_19_03.bmp,2.833333333333333,0.166666667,0.383482494,0.5,0.514495755,0.444444444,0.511309993,0.0,0.0,0.055555556,0.23570226,0.055555556,0.23570226,0.055555556,0.23570226
26_18_02.bmp,2.888888888888889,0.055555556,0.23570226,0.722222222,0.460888599,0.111111111,0.323380833,0.055555556,0.23570226,0.111111111,0.323380833,0.111111111,0.323380833,0.0,0.0
24_21_03.bmp,2.7222222222222223,0.111111111,0.323380833,0.388888889,0.501631326,0.333333333,0.48507125,0.111111111,0.323380833,0.055555556,0.23570226,0.0,0.0,0.0,0.0
33_17_05.bmp,2.333333333333333,0.055555556,0.23570226,0.611111111,0.501631326,0.0,0.0,0.055555556,0.23570226,0.444444444,0.511309993,0.166666667,0.383482494,0.166666667,0.383482494
19_07_03.bmp,2.111111111111111,0.222222222,0.427792632,0.833333333,0.383482494,0.055555556,0.23570226,0.0,0.0,0.166666667,0.383482494,0.111111111,0.323380833,0.0,0.0
25_20_03.bmp,2.0,0.5,0.514495755,0.444444444,0.511309993,0.222222222,0.427792632,0.222222222,0.427792632,0.166666667,0.383482494,0.055555556,0.23570226,0.0,0.0
1055.jpg,3.611111111111111,0.111111111,0.323380833,0.444444444,0.511309993,0.0,0.0,0.388888889,0.501631326,0.055555556,0.23570226,0.055555556,0.23570226,0.055555556,0.23570226
29_07_01.bmp,3.388888888888889,0.222222222,0.427792632,0.444444444,0.511309993,0.0,0.0,0.055555556,0.23570226,0.055555556,0.23570226,0.111111111,0.323380833,0.055555556,0.23570226
25_24_02.bmp,2.1666666666666665,0.055555556,0.23570226,0.888888889,0.323380833,0.111111111,0.323380833,0.055555556,0.23570226,0.111111111,0.323380833,0.0,0.0,0.055555556,0.23570226
0347.jpg,3.0,0.166666667,0.383482494,0.777777778,0.427792632,0.0,0.0,0.055555556,0.23570226,0.0,0.0,0.0,0.0,0.055555556,0.23570226
0647.jpg,3.888888888888889,0.055555556,0.23570226,0.166666667,0.383482494,0.055555556,0.23570226,0.111111111,0.323380833,0.111111111,0.323380833,0.0,0.0,0.055555556,0.23570226
15_07_02.bmp,2.9444444444444446,0.166666667,0.383482494,0.611111111,0.501631326,0.055555556,0.23570226,0.0,0.0,0.222222222,0.427792632,0.055555556,0.23570226,0.0,0.0
31_04_03.bmp,2.888888888888889,0.277777778,0.460888599,0.277777778,0.460888599,0.166666667,0.383482494,0.055555556,0.23570226,0.166666667,0.383482494,0.166666667,0.383482494,0.111111111,0.323380833
21_23_05.bmp,2.055555555555556,0.055555556,0.23570226,0.166666667,0.383482494,0.055555556,0.23570226,0.722222222,0.460888599,0.0,0.0,0.0,0.0,0.111111111,0.323380833
1093.jpg,2.388888888888889,0.055555556,0.23570226,0.111111111,0.323380833,0.0,0.0,0.111111111,0.323380833,0.722222222,0.460888599,0.222222222,0.427792632,0.111111111,0.323380833
10_20_03.bmp,2.2222222222222223,0.555555556,0.511309993,0.222222222,0.427792632,0.333333333,0.48507125,0.111111111,0.323380833,0.277777778,0.460888599,0.111111111,0.323380833,0.0,0.0
27_13_01.bmp,3.0,0.166666667,0.383482494,0.444444444,0.511309993,0.0,0.0,0.0,0.0,0.444444444,0.511309993,0.0,0.0,0.0,0.0
17_03_04.bmp,2.4444444444444446,0.111111111,0.323380833,0.722222222,0.460888599,0.055555556,0.23570226,0.0,0.0,0.166666667,0.383482494,0.0,0.0,0.0,0.0
0897.jpg,3.555555555555556,0.166666667,0.383482494,0.444444444,0.511309993,0.0,0.0,0.0,0.0,0.166666667,0.383482494,0.055555556,0.23570226,0.0,0.0
02_04_02.bmp,3.555555555555556,0.166666667,0.383482494,0.388888889,0.501631326,0.055555556,0.23570226,0.0,0.0,0.555555556,0.511309993,0.111111111,0.323380833,0.0,0.0
34_11_01.bmp,3.1666666666666665,0.555555556,0.511309993,0.333333333,0.48507125,0.277777778,0.460888599,0.055555556,0.23570226,0.0,0.0,0.0,0.0,0.055555556,0.23570226
34_12_04.bmp,2.333333333333333,0.611111111,0.501631326,0.388888889,0.501631326,0.222222222,0.427792632,0.0,0.0,0.055555556,0.23570226,0.0,0.0,0.055555556,0.23570226
25_25_01.bmp,2.888888888888889,0.055555556,0.23570226,0.111111111,0.323380833,0.055555556,0.23570226,0.055555556,0.23570226,0.166666667,0.383482494,0.0,0.0,0.888888889,0.323380833
11_07_04.bmp,1.8333333333333333,0.222222222,0.427792632,0.833333333,0.383482494,0.0,0.0,0.055555556,0.23570226,0.222222222,0.427792632,0.111111111,0.323380833,0.0,0.0
37_17_04.bmp,2.2222222222222223,0.111111111,0.323380833,0.555555556,0.511309993,0.0,0.0,0.055555556,0.23570226,0.166666667,0.383482494,0.222222222,0.427792632,0.166666667,0.383482494
0820.jpg,3.2777777777777777,0.166666667,0.383482494,0.444444444,0.511309993,0.055555556,0.23570226,0.0,0.0,0.166666667,0.383482494,0.055555556,0.23570226,0.0,0.0
0154.jpg,2.111111111111111,0.055555556,0.23570226,0.388888889,0.501631326,0.888888889,0.323380833,0.0,0.0,0.166666667,0.383482494,0.0,0.0,0.055555556,0.23570226
24_25_05.bmp,2.0,0.111111111,0.323380833,0.111111111,0.323380833,0.0,0.0,0.0,0.0,0.111111111,0.323380833,0.0,0.0,0.833333333,0.383482494
0395.jpg,2.388888888888889,0.055555556,0.23570226,0.722222222,0.460888599,0.055555556,0.23570226,0.166666667,0.383482494,0.055555556,0.23570226,0.0,0.0,0.055555556,0.23570226
29_09_05.bmp,2.333333333333333,0.833333333,0.383482494,0.222222222,0.427792632,0.0,0.0,0.055555556,0.23570226,0.111111111,0.323380833,0.111111111,0.323380833,0.0,0.0
0609.jpg,3.1666666666666665,0.111111111,0.323380833,0.555555556,0.511309993,0.055555556,0.23570226,0.055555556,0.23570226,0.277777778,0.460888599,0.055555556,0.23570226,0.055555556,0.23570226
0847.jpg,3.4444444444444446,0.111111111,0.323380833,0.444444444,0.511309993,0.0,0.0,0.0,0.0,0.388888889,0.501631326,0.055555556,0.23570226,0.055555556,0.23570226
34_23_03.bmp,2.555555555555556,0.055555556,0.23570226,0.166666667,0.383482494,0.0,0.0,0.777777778,0.427792632,0.0,0.0,0.055555556,0.23570226,0.111111111,0.323380833
36_11_05.bmp,1.8888888888888888,0.888888889,0.323380833,0.388888889,0.501631326,0.222222222,0.427792632,0.0,0.0,0.055555556,0.23570226,0.055555556,0.23570226,0.055555556,0.23570226
01326.jpg,3.8333333333333335,0.0,0.0,0.611111111,0.501631326,0.055555556,0.23570226,0.0,0.0,0.055555556,0.23570226,0.0,0.0,0.111111111,0.323380833
15_22_02.bmp,2.888888888888889,0.333333333,0.48507125,0.722222222,0.460888599,0.0,0.0,0.0,0.0,0.222222222,0.427792632,0.0,0.0,0.0,0.0
0094.jpg,2.555555555555556,0.0,0.0,0.555555556,0.511309993,0.944444444,0.23570226,0.0,0.0,0.0,0.0,0.0,0.0,0.111111111,0.323380833
0910.jpg,3.7222222222222223,0.277777778,0.460888599,0.388888889,0.501631326,0.055555556,0.23570226,0.0,0.0,0.222222222,0.427792632,0.0,0.0,0.0,0.0
06_09_05.bmp,2.1666666666666665,0.833333333,0.383482494,0.166666667,0.383482494,0.111111111,0.323380833,0.055555556,0.23570226,0.055555556,0.23570226,0.055555556,0.23570226,0.111111111,0.323380833
26_25_01.bmp,3.6666666666666665,0.055555556,0.23570226,0.166666667,0.383482494,0.055555556,0.23570226,0.0,0.0,0.111111111,0.323380833,0.055555556,0.23570226,0.444444444,0.511309993
0615.jpg,2.888888888888889,0.055555556,0.23570226,0.611111111,0.501631326,0.055555556,0.23570226,0.111111111,0.323380833,0.111111111,0.323380833,0.055555556,0.23570226,0.055555556,0.23570226
30_03_02.bmp,3.4444444444444446,0.055555556,0.23570226,0.5,0.514495755,0.111111111,0.323380833,0.0,0.0,0.333333333,0.48507125,0.055555556,0.23570226,0.0,0.0
0375.jpg,2.2222222222222223,0.055555556,0.23570226,0.888888889,0.323380833,0.055555556,0.23570226,0.111111111,0.323380833,0.055555556,0.23570226,0.0,0.0,0.0,0.0
36_01_01.bmp,3.2777777777777777,0.055555556,0.23570226,0.5,0.514495755,0.166666667,0.383482494,0.0,0.0,0.0,0.0,0.0,0.0,0.111111111,0.323380833
03_05_02.bmp,3.1666666666666665,0.111111111,0.323380833,0.666666667,0.48507125,0.055555556,0.23570226,0.0,0.0,0.111111111,0.323380833,0.0,0.0,0.055555556,0.23570226
36_17_05.bmp,1.9444444444444444,0.055555556,0.23570226,0.555555556,0.511309993,0.166666667,0.383482494,0.055555556,0.23570226,0.166666667,0.383482494,0.166666667,0.383482494,0.222222222,0.427792632
36_02_05.bmp,1.3333333333333333,0.0,0.0,0.833333333,0.383482494,0.166666667,0.383482494,0.0,0.0,0.0,0.0,0.055555556,0.23570226,0.0,0.0
15_15_01.bmp,1.7222222222222223,0.111111111,0.323380833,0.166666667,0.383482494,0.888888889,0.323380833,0.0,0.0,0.222222222,0.427792632,0.0,0.0,0.0,0.0
0367.jpg,2.055555555555556,0.166666667,0.383482494,0.888888889,0.323380833,0.055555556,0.23570226,0.277777778,0.460888599,0.055555556,0.23570226,0.0,0.0,0.055555556,0.23570226
19_08_04.bmp,2.1666666666666665,0.277777778,0.460888599,0.722222222,0.460888599,0.055555556,0.23570226,0.055555556,0.23570226,0.055555556,0.23570226,0.166666667,0.383482494,0.055555556,0.23570226
08_22_02.bmp,3.1666666666666665,0.333333333,0.48507125,0.333333333,0.48507125,0.0,0.0,0.166666667,0.383482494,0.111111111,0.323380833,0.0,0.0,0.0,0.0
20_19_05.bmp,1.4444444444444444,0.055555556,0.23570226,0.166666667,0.383482494,0.833333333,0.383482494,0.0,0.0,0.055555556,0.23570226,0.111111111,0.323380833,0.0,0.0
34_23_05.bmp,1.9444444444444444,0.111111111,0.323380833,0.111111111,0.323380833,0.166666667,0.383482494,0.722222222,0.460888599,0.0,0.0,0.0,0.0,0.277777778,0.460888599
01441.jpg,3.9444444444444446,0.111111111,0.323380833,0.277777778,0.460888599,0.166666667,0.383482494,0.0,0.0,0.055555556,0.23570226,0.0,0.0,0.111111111,0.323380833
26_14_04.bmp,3.5,0.055555556,0.23570226,0.333333333,0.48507125,0.111111111,0.323380833,0.166666667,0.383482494,0.055555556,0.23570226,0.055555556,0.23570226,0.055555556,0.23570226
01481.jpg,3.5,0.055555556,0.23570226,0.611111111,0.501631326,0.111111111,0.323380833,0.055555556,0.23570226,0.0,0.0,0.055555556,0.23570226,0.055555556,0.23570226
01476.jpg,3.388888888888889,0.055555556,0.23570226,0.722222222,0.460888599,0.111111111,0.323380833,0.0,0.0,0.0,0.0,0.0,0.0,0.055555556,0.23570226
24_16_03.bmp,2.7777777777777777,0.111111111,0.323380833,0.722222222,0.460888599,0.111111111,0.323380833,0.055555556,0.23570226,0.055555556,0.23570226,0.0,0.0,0.0,0.0
0201.jpg,1.9444444444444444,0.055555556,0.23570226,0.222222222,0.427792632,0.0,0.0,0.888888889,0.323380833,0.333333333,0.48507125,0.0,0.0,0.0,0.0
03_05_03.bmp,2.7777777777777777,0.222222222,0.427792632,0.611111111,0.501631326,0.055555556,0.23570226,0.055555556,0.23570226,0.166666667,0.383482494,0.0,0.0,0.055555556,0.23570226
13_02_04.bmp,1.3333333333333333,0.055555556,0.23570226,0.944444444,0.23570226,0.055555556,0.23570226,0.055555556,0.23570226,0.055555556,0.23570226,0.0,0.0,0.0,0.0
1096.jpg,3.333333333333333,0.055555556,0.23570226,0.333333333,0.48507125,0.0,0.0,0.0,0.0,0.555555556,0.511309993,0.111111111,0.323380833,0.0,0.0
07_14_01.bmp,3.2777777777777777,0.222222222,0.427792632,0.388888889,0.501631326,0.166666667,0.383482494,0.055555556,0.23570226,0.166666667,0.383482494,0.0,0.0,0.055555556,0.23570226
28_25_02.bmp,2.833333333333333,0.055555556,0.23570226,0.166666667,0.383482494,0.111111111,0.323380833,0.0,0.0,0.166666667,0.383482494,0.055555556,0.23570226,0.888888889,0.323380833
0227.jpg,1.4444444444444444,0.222222222,0.427792632,0.444444444,0.511309993,0.0,0.0,0.888888889,0.323380833,0.055555556,0.23570226,0.0,0.0,0.0,0.0
36_24_02.bmp,2.5,0.111111111,0.323380833,0.833333333,0.383482494,0.222222222,0.427792632,0.0,0.0,0.0,0.0,0.0,0.0,0.111111111,0.323380833
12_24_02.bmp,2.833333333333333,0.055555556,0.23570226,0.777777778,0.427792632,0.055555556,0.23570226,0.055555556,0.23570226,0.055555556,0.23570226,0.055555556,0.23570226,0.166666667,0.383482494
03_23_05.bmp,2.1666666666666665,0.0,0.0,0.222222222,0.427792632,0.0,0.0,0.888888889,0.323380833,0.055555556,0.23570226,0.0,0.0,0.055555556,0.23570226
18_08_03.bmp,2.4444444444444446,0.388888889,0.501631326,0.555555556,0.511309993,0.055555556,0.23570226,0.055555556,0.23570226,0.0,0.0,0.055555556,0.23570226,0.055555556,0.23570226
13_06_03.bmp,2.833333333333333,0.388888889,0.501631326,0.166666667,0.383482494,0.333333333,0.48507125,0.0,0.0,0.166666667,0.383482494,0.166666667,0.383482494,0.111111111,0.323380833
0601.jpg,2.9444444444444446,0.055555556,0.23570226,0.333333333,0.48507125,0.055555556,0.23570226,0.111111111,0.323380833,0.388888889,0.501631326,0.277777778,0.460888599,0.111111111,0.323380833
24_04_02.bmp,3.0,0.333333333,0.48507125,0.277777778,0.460888599,0.277777778,0.460888599,0.111111111,0.323380833,0.055555556,0.23570226,0.0,0.0,0.0,0.0
30_01_01.bmp,3.555555555555556,0.222222222,0.427792632,0.166666667,0.383482494,0.0,0.0,0.0,0.0,0.388888889,0.501631326,0.0,0.0,0.055555556,0.23570226
08_14_01.bmp,4.0,0.222222222,0.427792632,0.0,0.0,0.055555556,0.23570226,0.333333333,0.48507125,0.055555556,0.23570226,0.0,0.0,0.055555556,0.23570226
28_14_01.bmp,3.111111111111111,0.166666667,0.383482494,0.5,0.514495755,0.0,0.0,0.111111111,0.323380833,0.222222222,0.427792632,0.055555556,0.23570226,0.055555556,0.23570226
08_24_04.bmp,2.2222222222222223,0.055555556,0.23570226,0.833333333,0.383482494,0.055555556,0.23570226,0.055555556,0.23570226,0.0,0.0,0.0,0.0,0.0,0.0
24_14_01.bmp,3.388888888888889,0.0,0.0,0.444444444,0.511309993,0.055555556,0.23570226,0.055555556,0.23570226,0.0,0.0,0.055555556,0.23570226,0.0,0.0
0005.jpg,2.4444444444444446,0.055555556,0.23570226,0.5,0.514495755,0.944444444,0.23570226,0.0,0.0,0.222222222,0.427792632,0.0,0.0,0.055555556,0.23570226
0166.jpg,3.055555555555556,0.055555556,0.23570226,0.333333333,0.48507125,0.777777778,0.427792632,0.0,0.0,0.166666667,0.383482494,0.0,0.0,0.0,0.0
02_24_05.bmp,1.3333333333333333,0.055555556,0.23570226,0.888888889,0.323380833,0.055555556,0.23570226,0.055555556,0.23570226,0.277777778,0.460888599,0.0,0.0,0.055555556,0.23570226
04_22_05.bmp,1.4444444444444444,0.166666667,0.383482494,0.888888889,0.323380833,0.166666667,0.383482494,0.055555556,0.23570226,0.166666667,0.383482494,0.0,0.0,0.0,0.0
11_22_05.bmp,1.7777777777777777,0.277777778,0.460888599,0.777777778,0.427792632,0.0,0.0,0.111111111,0.323380833,0.222222222,0.427792632,0.0,0.0,0.055555556,0.23570226
0322.jpg,2.4444444444444446,0.055555556,0.23570226,0.888888889,0.323380833,0.0,0.0,0.166666667,0.383482494,0.055555556,0.23570226,0.0,0.0,0.111111111,0.323380833
30_01_05.bmp,1.6111111111111112,0.0,0.0,0.944444444,0.23570226,0.0,0.0,0.0,0.0,0.277777778,0.460888599,0.0,0.0,0.0,0.0
29_11_04.bmp,2.555555555555556,0.833333333,0.383482494,0.166666667,0.383482494,0.055555556,0.23570226,0.0,0.0,0.111111111,0.323380833,0.166666667,0.383482494,0.0,0.0
16_12_05.bmp,2.2777777777777777,0.888888889,0.323380833,0.166666667,0.383482494,0.111111111,0.323380833,0.0,0.0,0.277777778,0.460888599,0.333333333,0.48507125,0.0,0.0
33_16_01.bmp,3.2222222222222223,0.055555556,0.23570226,0.5,0.514495755,0.111111111,0.323380833,0.111111111,0.323380833,0.388888889,0.501631326,0.0,0.0,0.0,0.0
10_11_03.bmp,2.7222222222222223,0.722222222,0.460888599,0.333333333,0.48507125,0.055555556,0.23570226,0.055555556,0.23570226,0.333333333,0.48507125,0.111111111,0.323380833,0.0,0.0
12_12_04.bmp,2.388888888888889,0.666666667,0.48507125,0.166666667,0.383482494,0.166666667,0.383482494,0.055555556,0.23570226,0.111111111,0.323380833,0.055555556,0.23570226,0.0,0.0
26_16_03.bmp,3.1666666666666665,0.055555556,0.23570226,0.277777778,0.460888599,0.055555556,0.23570226,0.444444444,0.511309993,0.055555556,0.23570226,0.0,0.0,0.0,0.0
1020.jpg,3.6666666666666665,0.055555556,0.23570226,0.388888889,0.501631326,0.0,0.0,0.222222222,0.427792632,0.055555556,0.23570226,0.0,0.0,0.111111111,0.323380833
17_13_05.bmp,1.9444444444444444,0.055555556,0.23570226,0.111111111,0.323380833,0.888888889,0.323380833,0.055555556,0.23570226,0.166666667,0.383482494,0.0,0.0,0.0,0.0
26_07_01.bmp,3.888888888888889,0.055555556,0.23570226,0.388888889,0.501631326,0.111111111,0.323380833,0.0,0.0,0.055555556,0.23570226,0.0,0.0,0.0,0.0
32_08_02.bmp,2.7222222222222223,0.0,0.0,0.666666667,0.48507125,0.055555556,0.23570226,0.055555556,0.23570226,0.5,0.514495755,0.055555556,0.23570226,0.0,0.0
24_04_01.bmp,3.555555555555556,0.055555556,0.23570226,0.5,0.514495755,0.111111111,0.323380833,0.0,0.0,0.0,0.0,0.0,0.0,0.055555556,0.23570226
01323.jpg,3.388888888888889,0.333333333,0.48507125,0.444444444,0.511309993,0.0,0.0,0.055555556,0.23570226,0.222222222,0.427792632,0.055555556,0.23570226,0.0,0.0
23_10_01.bmp,3.4444444444444446,0.277777778,0.460888599,0.388888889,0.501631326,0.0,0.0,0.0,0.0,0.277777778,0.460888599,0.055555556,0.23570226,0.055555556,0.23570226
01_14_03.bmp,2.9444444444444446,0.222222222,0.427792632,0.722222222,0.460888599,0.111111111,0.323380833,0.111111111,0.323380833,0.0,0.0,0.0,0.0,0.0,0.0
14_06_01.bmp,2.9444444444444446,0.333333333,0.48507125,0.388888889,0.501631326,0.166666667,0.383482494,0.055555556,0.23570226,0.0,0.0,0.055555556,0.23570226,0.055555556,0.23570226
08_01_02.bmp,4.166666666666667,0.111111111,0.323380833,0.111111111,0.323380833,0.055555556,0.23570226,0.166666667,0.383482494,0.166666667,0.383482494,0.0,0.0,0.0,0.0
21_12_04.bmp,2.4444444444444446,0.777777778,0.427792632,0.333333333,0.48507125,0.055555556,0.23570226,0.0,0.0,0.111111111,0.323380833,0.0,0.0,0.055555556,0.23570226
10_09_01.bmp,3.055555555555556,0.5,0.514495755,0.444444444,0.511309993,0.0,0.0,0.0,0.0,0.277777778,0.460888599,0.166666667,0.383482494,0.0,0.0
19_01_03.bmp,2.7777777777777777,0.0,0.0,0.722222222,0.460888599,0.055555556,0.23570226,0.0,0.0,0.055555556,0.23570226,0.111111111,0.323380833,0.055555556,0.23570226
09_15_01.bmp,2.5,0.111111111,0.323380833,0.277777778,0.460888599,0.833333333,0.383482494,0.055555556,0.23570226,0.111111111,0.323380833,0.0,0.0,0.0,0.0
27_06_01.bmp,2.9444444444444446,0.222222222,0.427792632,0.5,0.514495755,0.055555556,0.23570226,0.055555556,0.23570226,0.444444444,0.511309993,0.055555556,0.23570226,0.0,0.0
0970.jpg,2.833333333333333,0.055555556,0.23570226,0.388888889,0.501631326,0.0,0.0,0.666666667,0.48507125,0.166666667,0.383482494,0.0,0.0,0.055555556,0.23570226
1117.jpg,2.2222222222222223,0.0,0.0,0.277777778,0.460888599,0.0,0.0,0.833333333,0.383482494,0.0,0.0,0.055555556,0.23570226,0.055555556,0.23570226
19_02_02.bmp,2.7222222222222223,0.055555556,0.23570226,0.833333333,0.383482494,0.055555556,0.23570226,0.0,0.0,0.055555556,0.23570226,0.055555556,0.23570226,0.055555556,0.23570226
22_03_04.bmp,1.7777777777777777,0.111111111,0.323380833,0.833333333,0.383482494,0.0,0.0,0.055555556,0.23570226,0.111111111,0.323380833,0.055555556,0.23570226,0.0,0.0
14_11_01.bmp,3.333333333333333,0.5,0.514495755,0.333333333,0.48507125,0.055555556,0.23570226,0.055555556,0.23570226,0.055555556,0.23570226,0.055555556,0.23570226,0.055555556,0.23570226
06_03_05.bmp,1.6666666666666667,0.0,0.0,0.944444444,0.23570226,0.055555556,0.23570226,0.0,0.0,0.0,0.0,0.055555556,0.23570226,0.0,0.0
05_08_05.bmp,1.8333333333333333,0.333333333,0.48507125,0.777777778,0.427792632,0.0,0.0,0.055555556,0.23570226,0.0,0.0,0.166666667,0.383482494,0.0,0.0
19_12_05.bmp,2.055555555555556,0.722222222,0.460888599,0.222222222,0.427792632,0.055555556,0.23570226,0.0,0.0,0.166666667,0.383482494,0.111111111,0.323380833,0.111111111,0.323380833
13_05_02.bmp,3.1666666666666665,0.222222222,0.427792632,0.444444444,0.511309993,0.111111111,0.323380833,0.055555556,0.23570226,0.222222222,0.427792632,0.0,0.0,0.055555556,0.23570226
0879.jpg,3.7222222222222223,0.111111111,0.323380833,0.388888889,0.501631326,0.0,0.0,0.055555556,0.23570226,0.111111111,0.323380833,0.055555556,0.23570226,0.0,0.0
01478.jpg,3.5,0.166666667,0.383482494,0.555555556,0.511309993,0.111111111,0.323380833,0.0,0.0,0.0,0.0,0.0,0.0,0.055555556,0.23570226
31_15_05.bmp,2.833333333333333,0.111111111,0.323380833,0.333333333,0.48507125,0.111111111,0.323380833,0.611111111,0.501631326,0.166666667,0.383482494,0.0,0.0,0.111111111,0.323380833
07_19_05.bmp,1.8888888888888888,0.111111111,0.323380833,0.333333333,0.48507125,0.777777778,0.427792632,0.055555556,0.23570226,0.111111111,0.323380833,0.055555556,0.23570226,0.0,0.0
29_15_03.bmp,3.2222222222222223,0.111111111,0.323380833,0.444444444,0.511309993,0.111111111,0.323380833,0.111111111,0.323380833,0.055555556,0.23570226,0.111111111,0.323380833,0.055555556,0.23570226
27_13_02.bmp,3.1666666666666665,0.055555556,0.23570226,0.277777778,0.460888599,0.166666667,0.383482494,0.055555556,0.23570226,0.555555556,0.511309993,0.055555556,0.23570226,0.055555556,0.23570226
27_07_02.bmp,2.833333333333333,0.055555556,0.23570226,0.777777778,0.427792632,0.0,0.0,0.055555556,0.23570226,0.388888889,0.501631326,0.055555556,0.23570226,0.111111111,0.323380833
18_01_04.bmp,1.8333333333333333,0.055555556,0.23570226,0.888888889,0.323380833,0.111111111,0.323380833,0.0,0.0,0.0,0.0,0.055555556,0.23570226,0.055555556,0.23570226
22_15_04.bmp,3.055555555555556,0.111111111,0.323380833,0.444444444,0.511309993,0.0,0.0,0.111111111,0.323380833,0.111111111,0.323380833,0.222222222,0.427792632,0.0,0.0
33_10_02.bmp,3.0,0.555555556,0.511309993,0.444444444,0.511309993,0.0,0.0,0.0,0.0,0.5,0.514495755,0.0,0.0,0.055555556,0.23570226
33_05_03.bmp,2.555555555555556,0.277777778,0.460888599,0.722222222,0.460888599,0.055555556,0.23570226,0.0,0.0,0.5,0.514495755,0.055555556,0.23570226,0.0,0.0
07_11_03.bmp,2.333333333333333,0.833333333,0.383482494,0.222222222,0.427792632,0.111111111,0.323380833,0.0,0.0,0.111111111,0.323380833,0.111111111,0.323380833,0.055555556,0.23570226
25_15_05.bmp,2.9444444444444446,0.055555556,0.23570226,0.333333333,0.48507125,0.111111111,0.323380833,0.277777778,0.460888599,0.111111111,0.323380833,0.055555556,0.23570226,0.055555556,0.23570226
20_19_04.bmp,2.5,0.333333333,0.48507125,0.277777778,0.460888599,0.444444444,0.511309993,0.055555556,0.23570226,0.055555556,0.23570226,0.0,0.0,0.0,0.0
17_20_01.bmp,2.611111111111111,0.277777778,0.460888599,0.333333333,0.48507125,0.222222222,0.427792632,0.166666667,0.383482494,0.166666667,0.383482494,0.0,0.0,0.111111111,0.323380833
0598.jpg,3.6666666666666665,0.111111111,0.323380833,0.277777778,0.460888599,0.0,0.0,0.111111111,0.323380833,0.277777778,0.460888599,0.055555556,0.23570226,0.055555556,0.23570226
35_17_05.bmp,1.8333333333333333,0.222222222,0.427792632,0.555555556,0.511309993,0.111111111,0.323380833,0.0,0.0,0.111111111,0.323380833,0.166666667,0.383482494,0.222222222,0.427792632
34_06_03.bmp,2.2222222222222223,0.333333333,0.48507125,0.388888889,0.501631326,0.277777778,0.460888599,0.111111111,0.323380833,0.0,0.0,0.166666667,0.383482494,0.111111111,0.323380833
18_07_03.bmp,2.0,0.111111111,0.323380833,0.888888889,0.323380833,0.055555556,0.23570226,0.0,0.0,0.0,0.0,0.111111111,0.323380833,0.0,0.0
0867.jpg,3.611111111111111,0.166666667,0.383482494,0.444444444,0.511309993,0.0,0.0,0.055555556,0.23570226,0.166666667,0.383482494,0.0,0.0,0.055555556,0.23570226
11_04_03.bmp,2.4444444444444446,0.277777778,0.460888599,0.333333333,0.48507125,0.111111111,0.323380833,0.111111111,0.323380833,0.222222222,0.427792632,0.111111111,0.323380833,0.0,0.0
23_10_02.bmp,2.9444444444444446,0.722222222,0.460888599,0.222222222,0.427792632,0.0,0.0,0.055555556,0.23570226,0.222222222,0.427792632,0.111111111,0.323380833,0.0,0.0
31_01_01.bmp,3.6666666666666665,0.222222222,0.427792632,0.222222222,0.427792632,0.0,0.0,0.055555556,0.23570226,0.277777778,0.460888599,0.0,0.0,0.055555556,0.23570226
31_08_04.bmp,2.111111111111111,0.166666667,0.383482494,0.777777778,0.427792632,0.0,0.0,0.111111111,0.323380833,0.111111111,0.323380833,0.055555556,0.23570226,0.055555556,0.23570226
08_22_04.bmp,2.2222222222222223,0.388888889,0.501631326,0.555555556,0.511309993,0.0,0.0,0.0,0.0,0.111111111,0.323380833,0.0,0.0,0.0,0.0
37_14_03.bmp,2.4444444444444446,0.111111111,0.323380833,0.388888889,0.501631326,0.055555556,0.23570226,0.777777778,0.427792632,0.166666667,0.383482494,0.055555556,0.23570226,0.055555556,0.23570226
23_08_04.bmp,1.9444444444444444,0.277777778,0.460888599,0.777777778,0.427792632,0.0,0.0,0.055555556,0.23570226,0.166666667,0.383482494,0.055555556,0.23570226,0.055555556,0.23570226
02_12_04.bmp,2.6666666666666665,0.833333333,0.383482494,0.333333333,0.48507125,0.055555556,0.23570226,0.0,0.0,0.555555556,0.511309993,0.055555556,0.23570226,0.0,0.0
05_05_02.bmp,2.6666666666666665,0.277777778,0.460888599,0.5,0.514495755,0.166666667,0.383482494,0.055555556,0.23570226,0.0,0.0,0.055555556,0.23570226,0.055555556,0.23570226
33_16_04.bmp,2.611111111111111,0.222222222,0.427792632,0.777777778,0.427792632,0.0,0.0,0.0,0.0,0.444444444,0.511309993,0.0,0.0,0.0,0.0
20_10_02.bmp,2.7222222222222223,0.722222222,0.460888599,0.222222222,0.427792632,0.055555556,0.23570226,0.0,0.0,0.111111111,0.323380833,0.055555556,0.23570226,0.0,0.0
12_21_01.bmp,3.0,0.055555556,0.23570226,0.111111111,0.323380833,0.777777778,0.427792632,0.0,0.0,0.0,0.0,0.0,0.0,0.0,0.0
35_14_01.bmp,3.055555555555556,0.0,0.0,0.666666667,0.48507125,0.055555556,0.23570226,0.055555556,0.23570226,0.0,0.0,0.055555556,0.23570226,0.055555556,0.23570226
02_10_02.bmp,2.7222222222222223,0.777777778,0.427792632,0.444444444,0.511309993,0.0,0.0,0.0,0.0,0.555555556,0.511309993,0.055555556,0.23570226,0.055555556,0.23570226
06_14_04.bmp,3.0,0.166666667,0.383482494,0.222222222,0.427792632,0.111111111,0.323380833,0.611111111,0.501631326,0.0,0.0,0.055555556,0.23570226,0.055555556,0.23570226
13_23_03.bmp,3.055555555555556,0.055555556,0.23570226,0.055555556,0.23570226,0.111111111,0.323380833,0.888888889,0.323380833,0.111111111,0.323380833,0.0,0.0,0.166666667,0.383482494
01474.jpg,3.7777777777777777,0.0,0.0,0.444444444,0.511309993,0.166666667,0.383482494,0.0,0.0,0.0,0.0,0.0,0.0,0.111111111,0.323380833
24_23_02.bmp,2.888888888888889,0.055555556,0.23570226,0.166666667,0.383482494,0.055555556,0.23570226,0.777777778,0.427792632,0.0,0.0,0.0,0.0,0.055555556,0.23570226
13_15_05.bmp,3.4444444444444446,0.111111111,0.323380833,0.055555556,0.23570226,0.0,0.0,0.333333333,0.48507125,0.111111111,0.323380833,0.055555556,0.23570226,0.055555556,0.23570226
09_05_03.bmp,2.388888888888889,0.222222222,0.427792632,0.777777778,0.427792632,0.111111111,0.323380833,0.055555556,0.23570226,0.111111111,0.323380833,0.055555556,0.23570226,0.0,0.0
1072.jpg,3.2222222222222223,0.055555556,0.23570226,0.388888889,0.501631326,0.055555556,0.23570226,0.5,0.514495755,0.111111111,0.323380833,0.055555556,0.23570226,0.055555556,0.23570226
14_19_03.bmp,2.5,0.277777778,0.460888599,0.388888889,0.501631326,0.388888889,0.501631326,0.055555556,0.23570226,0.0,0.0,0.111111111,0.323380833,0.055555556,0.23570226
0349.jpg,3.555555555555556,0.111111111,0.323380833,0.555555556,0.511309993,0.055555556,0.23570226,0.0,0.0,0.0,0.0,0.0,0.0,0.0,0.0
28_09_02.bmp,2.7777777777777777,0.777777778,0.427792632,0.277777778,0.460888599,0.055555556,0.23570226,0.0,0.0,0.222222222,0.427792632,0.0,0.0,0.0,0.0
23_11_02.bmp,3.111111111111111,0.555555556,0.511309993,0.222222222,0.427792632,0.0,0.0,0.055555556,0.23570226,0.333333333,0.48507125,0.055555556,0.23570226,0.0,0.0
35_16_03.bmp,2.2222222222222223,0.166666667,0.383482494,0.888888889,0.323380833,0.166666667,0.383482494,0.0,0.0,0.0,0.0,0.0,0.0,0.111111111,0.323380833
11_06_02.bmp,2.611111111111111,0.222222222,0.427792632,0.444444444,0.511309993,0.166666667,0.383482494,0.111111111,0.323380833,0.222222222,0.427792632,0.111111111,0.323380833,0.055555556,0.23570226
33_06_04.bmp,1.9444444444444444,0.277777778,0.460888599,0.444444444,0.511309993,0.166666667,0.383482494,0.055555556,0.23570226,0.388888889,0.501631326,0.055555556,0.23570226,0.055555556,0.23570226
0093.jpg,2.2777777777777777,0.055555556,0.23570226,0.611111111,0.501631326,0.944444444,0.23570226,0.0,0.0,0.055555556,0.23570226,0.0,0.0,0.0,0.0
01335.jpg,3.4444444444444446,0.111111111,0.323380833,0.722222222,0.460888599,0.0,0.0,0.0,0.0,0.0,0.0,0.055555556,0.23570226,0.111111111,0.323380833
16_04_01.bmp,3.388888888888889,0.055555556,0.23570226,0.222222222,0.427792632,0.0,0.0,0.0,0.0,0.333333333,0.48507125,0.555555556,0.511309993,0.0,0.0
04_06_02.bmp,2.888888888888889,0.222222222,0.427792632,0.555555556,0.511309993,0.166666667,0.383482494,0.055555556,0.23570226,0.111111111,0.323380833,0.277777778,0.460888599,0.055555556,0.23570226
33_03_02.bmp,3.611111111111111,0.055555556,0.23570226,0.444444444,0.511309993,0.0,0.0,0.055555556,0.23570226,0.555555556,0.511309993,0.0,0.0,0.0,0.0
01374.jpg,3.1666666666666665,0.111111111,0.323380833,0.722222222,0.460888599,0.055555556,0.23570226,0.0,0.0,0.0,0.0,0.055555556,0.23570226,0.111111111,0.323380833
1144.jpg,2.5,0.0,0.0,0.222222222,0.427792632,0.055555556,0.23570226,0.0,0.0,0.111111111,0.323380833,0.833333333,0.383482494,0.166666667,0.383482494
33_25_04.bmp,2.4444444444444446,0.055555556,0.23570226,0.166666667,0.383482494,0.055555556,0.23570226,0.0,0.0,0.388888889,0.501631326,0.0,0.0,0.833333333,0.383482494
22_05_05.bmp,1.3888888888888888,0.388888889,0.501631326,0.722222222,0.460888599,0.055555556,0.23570226,0.055555556,0.23570226,0.111111111,0.323380833,0.111111111,0.323380833,0.0,0.0
22_02_04.bmp,1.5,0.055555556,0.23570226,0.944444444,0.23570226,0.0,0.0,0.055555556,0.23570226,0.166666667,0.383482494,0.055555556,0.23570226,0.0,0.0
07_22_05.bmp,1.7777777777777777,0.333333333,0.48507125,0.611111111,0.501631326,0.166666667,0.383482494,0.111111111,0.323380833,0.055555556,0.23570226,0.0,0.0,0.0,0.0
31_18_02.bmp,2.888888888888889,0.111111111,0.323380833,0.666666667,0.48507125,0.0,0.0,0.0,0.0,0.166666667,0.383482494,0.111111111,0.323380833,0.055555556,0.23570226
06_19_04.bmp,3.5,0.055555556,0.23570226,0.111111111,0.323380833,0.611111111,0.501631326,0.0,0.0,0.0,0.0,0.0,0.0,0.055555556,0.23570226
01_20_02.bmp,3.055555555555556,0.055555556,0.23570226,0.722222222,0.460888599,0.111111111,0.323380833,0.055555556,0.23570226,0.0,0.0,0.055555556,0.23570226,0.0,0.0
01249.jpg,2.9444444444444446,0.444444444,0.511309993,0.611111111,0.501631326,0.0,0.0,0.055555556,0.23570226,0.277777778,0.460888599,0.0,0.0,0.0,0.0
35_14_05.bmp,1.8888888888888888,0.111111111,0.323380833,0.388888889,0.501631326,0.055555556,0.23570226,0.722222222,0.460888599,0.0,0.0,0.055555556,0.23570226,0.055555556,0.23570226
11_08_05.bmp,1.5,0.555555556,0.511309993,0.666666667,0.48507125,0.111111111,0.323380833,0.055555556,0.23570226,0.166666667,0.383482494,0.111111111,0.323380833,0.111111111,0.323380833
21_07_05.bmp,1.3888888888888888,0.166666667,0.383482494,0.833333333,0.383482494,0.0,0.0,0.0,0.0,0.055555556,0.23570226,0.055555556,0.23570226,0.0,0.0
34_21_01.bmp,2.4444444444444446,0.166666667,0.383482494,0.444444444,0.511309993,0.777777778,0.427792632,0.055555556,0.23570226,0.055555556,0.23570226,0.0,0.0,0.055555556,0.23570226
10_03_01.bmp,3.4444444444444446,0.055555556,0.23570226,0.444444444,0.511309993,0.0,0.0,0.0,0.0,0.444444444,0.511309993,0.222222222,0.427792632,0.111111111,0.323380833
32_15_02.bmp,2.2222222222222223,0.055555556,0.23570226,0.277777778,0.460888599,0.777777778,0.427792632,0.111111111,0.323380833,0.388888889,0.501631326,0.055555556,0.23570226,0.0,0.0
11_16_03.bmp,2.5,0.277777778,0.460888599,0.555555556,0.511309993,0.166666667,0.383482494,0.055555556,0.23570226,0.222222222,0.427792632,0.111111111,0.323380833,0.055555556,0.23570226
07_15_01.bmp,1.7222222222222223,0.166666667,0.383482494,0.222222222,0.427792632,0.888888889,0.323380833,0.055555556,0.23570226,0.111111111,0.323380833,0.0,0.0,0.0,0.0
32_09_04.bmp,2.5,0.666666667,0.48507125,0.333333333,0.48507125,0.055555556,0.23570226,0.055555556,0.23570226,0.388888889,0.501631326,0.055555556,0.23570226,0.0,0.0
14_09_03.bmp,2.4444444444444446,0.833333333,0.383482494,0.222222222,0.427792632,0.055555556,0.23570226,0.0,0.0,0.055555556,0.23570226,0.111111111,0.323380833,0.055555556,0.23570226
12_23_04.bmp,2.611111111111111,0.055555556,0.23570226,0.055555556,0.23570226,0.111111111,0.323380833,0.777777778,0.427792632,0.055555556,0.23570226,0.055555556,0.23570226,0.111111111,0.323380833
0526.jpg,3.0,0.0,0.0,0.611111111,0.501631326,0.0,0.0,0.388888889,0.501631326,0.444444444,0.511309993,0.0,0.0,0.055555556,0.23570226
26_07_03.bmp,2.611111111111111,0.277777778,0.460888599,0.666666667,0.48507125,0.055555556,0.23570226,0.0,0.0,0.111111111,0.323380833,0.0,0.0,0.0,0.0
01_05_03.bmp,2.055555555555556,0.277777778,0.460888599,0.833333333,0.383482494,0.222222222,0.427792632,0.055555556,0.23570226,0.0,0.0,0.055555556,0.23570226,0.055555556,0.23570226
0456.jpg,2.833333333333333,0.055555556,0.23570226,0.222222222,0.427792632,0.055555556,0.23570226,0.055555556,0.23570226,0.833333333,0.383482494,0.055555556,0.23570226,0.055555556,0.23570226
15_16_02.bmp,2.833333333333333,0.0,0.0,0.444444444,0.511309993,0.055555556,0.23570226,0.111111111,0.323380833,0.277777778,0.460888599,0.0,0.0,0.055555556,0.23570226
30_12_01.bmp,3.5,0.277777778,0.460888599,0.333333333,0.48507125,0.055555556,0.23570226,0.0,0.0,0.277777778,0.460888599,0.0,0.0,0.055555556,0.23570226
15_14_01.bmp,3.333333333333333,0.0,0.0,0.277777778,0.460888599,0.055555556,0.23570226,0.222222222,0.427792632,0.222222222,0.427792632,0.0,0.0,0.055555556,0.23570226
04_06_04.bmp,2.111111111111111,0.388888889,0.501631326,0.666666667,0.48507125,0.222222222,0.427792632,0.0,0.0,0.111111111,0.323380833,0.277777778,0.460888599,0.055555556,0.23570226
01_11_04.bmp,1.8333333333333333,0.888888889,0.323380833,0.5,0.514495755,0.166666667,0.383482494,0.0,0.0,0.055555556,0.23570226,0.055555556,0.23570226,0.055555556,0.23570226
02_14_03.bmp,2.888888888888889,0.111111111,0.323380833,0.277777778,0.460888599,0.055555556,0.23570226,0.444444444,0.511309993,0.444444444,0.511309993,0.111111111,0.323380833,0.0,0.0
29_22_03.bmp,2.5,0.166666667,0.383482494,0.777777778,0.427792632,0.055555556,0.23570226,0.111111111,0.323380833,0.055555556,0.23570226,0.111111111,0.323380833,0.0,0.0
06_02_02.bmp,2.833333333333333,0.055555556,0.23570226,0.777777778,0.427792632,0.055555556,0.23570226,0.0,0.0,0.0,0.0,0.111111111,0.323380833,0.055555556,0.23570226
25_18_03.bmp,2.055555555555556,0.055555556,0.23570226,0.722222222,0.460888599,0.111111111,0.323380833,0.0,0.0,0.111111111,0.323380833,0.166666667,0.383482494,0.055555556,0.23570226
20_24_04.bmp,1.5555555555555556,0.055555556,0.23570226,0.944444444,0.23570226,0.166666667,0.383482494,0.0,0.0,0.055555556,0.23570226,0.0,0.0,0.0,0.0
10_11_01.bmp,3.055555555555556,0.333333333,0.48507125,0.388888889,0.501631326,0.0,0.0,0.055555556,0.23570226,0.444444444,0.511309993,0.166666667,0.383482494,0.0,0.0
17_19_01.bmp,3.333333333333333,0.222222222,0.427792632,0.5,0.514495755,0.055555556,0.23570226,0.055555556,0.23570226,0.166666667,0.383482494,0.055555556,0.23570226,0.0,0.0
0597.jpg,3.7777777777777777,0.111111111,0.323380833,0.166666667,0.383482494,0.0,0.0,0.111111111,0.323380833,0.333333333,0.48507125,0.111111111,0.323380833,0.111111111,0.323380833
0221.jpg,2.111111111111111,0.111111111,0.323380833,0.333333333,0.48507125,0.055555556,0.23570226,0.888888889,0.323380833,0.055555556,0.23570226,0.0,0.0,0.0,0.0
31_12_04.bmp,2.611111111111111,0.722222222,0.460888599,0.277777778,0.460888599,0.0,0.0,0.055555556,0.23570226,0.111111111,0.323380833,0.0,0.0,0.055555556,0.23570226
04_18_02.bmp,2.5,0.166666667,0.383482494,0.777777778,0.427792632,0.055555556,0.23570226,0.055555556,0.23570226,0.166666667,0.383482494,0.055555556,0.23570226,0.055555556,0.23570226
36_05_03.bmp,2.111111111111111,0.277777778,0.460888599,0.777777778,0.427792632,0.166666667,0.383482494,0.0,0.0,0.0,0.0,0.055555556,0.23570226,0.055555556,0.23570226
07_12_05.bmp,1.8333333333333333,0.888888889,0.323380833,0.333333333,0.48507125,0.055555556,0.23570226,0.0,0.0,0.111111111,0.323380833,0.055555556,0.23570226,0.055555556,0.23570226
11_25_03.bmp,2.2222222222222223,0.111111111,0.323380833,0.055555556,0.23570226,0.0,0.0,0.111111111,0.323380833,0.166666667,0.383482494,0.055555556,0.23570226,0.888888889,0.323380833
08_03_04.bmp,3.0,0.0,0.0,0.833333333,0.383482494,0.055555556,0.23570226,0.055555556,0.23570226,0.111111111,0.323380833,0.0,0.0,0.0,0.0
0237.jpg,2.2777777777777777,0.222222222,0.427792632,0.333333333,0.48507125,0.055555556,0.23570226,0.722222222,0.460888599,0.111111111,0.323380833,0.0,0.0,0.0,0.0
0643.jpg,3.2777777777777777,0.055555556,0.23570226,0.5,0.514495755,0.0,0.0,0.055555556,0.23570226,0.0,0.0,0.055555556,0.23570226,0.055555556,0.23570226
01387.jpg,3.1666666666666665,0.0,0.0,0.666666667,0.48507125,0.166666667,0.383482494,0.0,0.0,0.055555556,0.23570226,0.0,0.0,0.055555556,0.23570226
0578.jpg,3.1666666666666665,0.111111111,0.323380833,0.333333333,0.48507125,0.055555556,0.23570226,0.055555556,0.23570226,0.555555556,0.511309993,0.055555556,0.23570226,0.055555556,0.23570226
05_14_01.bmp,3.4444444444444446,0.166666667,0.383482494,0.277777778,0.460888599,0.111111111,0.323380833,0.055555556,0.23570226,0.0,0.0,0.055555556,0.23570226,0.055555556,0.23570226
08_02_03.bmp,2.7777777777777777,0.055555556,0.23570226,0.833333333,0.383482494,0.055555556,0.23570226,0.0,0.0,0.166666667,0.383482494,0.0,0.0,0.0,0.0
32_19_02.bmp,2.7777777777777777,0.111111111,0.323380833,0.666666667,0.48507125,0.166666667,0.383482494,0.0,0.0,0.388888889,0.501631326,0.055555556,0.23570226,0.0,0.0
0505.jpg,2.888888888888889,0.055555556,0.23570226,0.444444444,0.511309993,0.0,0.0,0.666666667,0.48507125,0.777777778,0.427792632,0.055555556,0.23570226,0.055555556,0.23570226
10_23_04.bmp,2.2777777777777777,0.055555556,0.23570226,0.222222222,0.427792632,0.0,0.0,0.833333333,0.383482494,0.388888889,0.501631326,0.111111111,0.323380833,0.055555556,0.23570226
02_15_04.bmp,3.2777777777777777,0.0,0.0,0.222222222,0.427792632,0.0,0.0,0.166666667,0.383482494,0.388888889,0.501631326,0.055555556,0.23570226,0.0,0.0
27_19_02.bmp,2.833333333333333,0.0,0.0,0.388888889,0.501631326,0.444444444,0.511309993,0.0,0.0,0.444444444,0.511309993,0.055555556,0.23570226,0.055555556,0.23570226
02_17_04.bmp,2.2222222222222223,0.0,0.0,0.444444444,0.511309993,0.055555556,0.23570226,0.0,0.0,0.5,0.514495755,0.111111111,0.323380833,0.388888889,0.501631326
36_19_01.bmp,3.2777777777777777,0.111111111,0.323380833,0.611111111,0.501631326,0.166666667,0.383482494,0.0,0.0,0.0,0.0,0.0,0.0,0.055555556,0.23570226
29_12_04.bmp,2.611111111111111,0.666666667,0.48507125,0.333333333,0.48507125,0.0,0.0,0.0,0.0,0.166666667,0.383482494,0.111111111,0.323380833,0.0,0.0
18_20_01.bmp,2.555555555555556,0.277777778,0.460888599,0.388888889,0.501631326,0.222222222,0.427792632,0.333333333,0.48507125,0.0,0.0,0.055555556,0.23570226,0.055555556,0.23570226
1082.jpg,3.2777777777777777,0.055555556,0.23570226,0.444444444,0.511309993,0.055555556,0.23570226,0.444444444,0.511309993,0.111111111,0.323380833,0.055555556,0.23570226,0.111111111,0.323380833
0840.jpg,3.6666666666666665,0.111111111,0.323380833,0.388888889,0.501631326,0.0,0.0,0.055555556,0.23570226,0.166666667,0.383482494,0.0,0.0,0.055555556,0.23570226
1101.jpg,2.611111111111111,0.166666667,0.383482494,0.666666667,0.48507125,0.0,0.0,0.111111111,0.323380833,0.0,0.0,0.111111111,0.323380833,0.0,0.0
22_08_02.bmp,3.0,0.111111111,0.323380833,0.666666667,0.48507125,0.0,0.0,0.111111111,0.323380833,0.111111111,0.323380833,0.222222222,0.427792632,0.0,0.0
05_23_03.bmp,2.6666666666666665,0.111111111,0.323380833,0.277777778,0.460888599,0.0,0.0,0.777777778,0.427792632,0.0,0.0,0.055555556,0.23570226,0.111111111,0.323380833
21_22_03.bmp,2.1666666666666665,0.166666667,0.383482494,0.888888889,0.323380833,0.0,0.0,0.055555556,0.23570226,0.0,0.0,0.055555556,0.23570226,0.0,0.0
01495.jpg,3.7777777777777777,0.055555556,0.23570226,0.5,0.514495755,0.111111111,0.323380833,0.0,0.0,0.0,0.0,0.0,0.0,0.055555556,0.23570226
02_24_03.bmp,2.0,0.111111111,0.323380833,0.833333333,0.383482494,0.055555556,0.23570226,0.0,0.0,0.277777778,0.460888599,0.055555556,0.23570226,0.0,0.0
02_18_02.bmp,2.2777777777777777,0.111111111,0.323380833,0.722222222,0.460888599,0.0,0.0,0.055555556,0.23570226,0.5,0.514495755,0.055555556,0.23570226,0.055555556,0.23570226
0097.jpg,2.833333333333333,0.055555556,0.23570226,0.555555556,0.511309993,0.888888889,0.323380833,0.0,0.0,0.055555556,0.23570226,0.0,0.0,0.055555556,0.23570226
0152.jpg,1.9444444444444444,0.055555556,0.23570226,0.388888889,0.501631326,0.833333333,0.383482494,0.0,0.0,0.277777778,0.460888599,0.055555556,0.23570226,0.0,0.0
0048.jpg,3.2222222222222223,0.055555556,0.23570226,0.277777778,0.460888599,0.833333333,0.383482494,0.0,0.0,0.222222222,0.427792632,0.0,0.0,0.055555556,0.23570226
0069.jpg,2.7777777777777777,0.055555556,0.23570226,0.666666667,0.48507125,0.833333333,0.383482494,0.0,0.0,0.055555556,0.23570226,0.0,0.0,0.0,0.0
02_08_01.bmp,3.333333333333333,0.0,0.0,0.5,0.514495755,0.055555556,0.23570226,0.0,0.0,0.555555556,0.511309993,0.055555556,0.23570226,0.0,0.0
36_21_05.bmp,1.9444444444444444,0.388888889,0.501631326,0.555555556,0.511309993,0.166666667,0.383482494,0.388888889,0.501631326,0.0,0.0,0.055555556,0.23570226,0.055555556,0.23570226
28_08_04.bmp,2.4444444444444446,0.277777778,0.460888599,0.611111111,0.501631326,0.0,0.0,0.111111111,0.323380833,0.166666667,0.383482494,0.055555556,0.23570226,0.0,0.0
16_17_05.bmp,2.2777777777777777,0.111111111,0.323380833,0.388888889,0.501631326,0.0,0.0,0.0,0.0,0.444444444,0.511309993,0.5,0.514495755,0.055555556,0.23570226
03_10_03.bmp,2.9444444444444446,0.722222222,0.460888599,0.166666667,0.383482494,0.111111111,0.323380833,0.0,0.0,0.222222222,0.427792632,0.055555556,0.23570226,0.055555556,0.23570226
01_24_02.bmp,2.2777777777777777,0.0,0.0,0.833333333,0.383482494,0.111111111,0.323380833,0.055555556,0.23570226,0.0,0.0,0.0,0.0,0.055555556,0.23570226
0278.jpg,2.2222222222222223,0.111111111,0.323380833,0.222222222,0.427792632,0.055555556,0.23570226,0.888888889,0.323380833,0.055555556,0.23570226,0.055555556,0.23570226,0.0,0.0
03_09_02.bmp,2.9444444444444446,0.666666667,0.48507125,0.166666667,0.383482494,0.111111111,0.323380833,0.0,0.0,0.166666667,0.383482494,0.055555556,0.23570226,0.055555556,0.23570226
21_09_05.bmp,2.055555555555556,0.888888889,0.323380833,0.166666667,0.383482494,0.111111111,0.323380833,0.0,0.0,0.055555556,0.23570226,0.0,0.0,0.0,0.0
05_18_04.bmp,2.055555555555556,0.166666667,0.383482494,0.833333333,0.383482494,0.111111111,0.323380833,0.0,0.0,0.055555556,0.23570226,0.111111111,0.323380833,0.055555556,0.23570226
23_06_02.bmp,2.611111111111111,0.333333333,0.48507125,0.444444444,0.511309993,0.222222222,0.427792632,0.0,0.0,0.277777778,0.460888599,0.166666667,0.383482494,0.055555556,0.23570226
0730.jpg,3.111111111111111,0.055555556,0.23570226,0.333333333,0.48507125,0.0,0.0,0.0,0.0,0.277777778,0.460888599,0.277777778,0.460888599,0.111111111,0.323380833
19_02_04.bmp,1.5555555555555556,0.0,0.0,0.888888889,0.323380833,0.0,0.0,0.055555556,0.23570226,0.055555556,0.23570226,0.0,0.0,0.0,0.0
36_15_05.bmp,3.1666666666666665,0.055555556,0.23570226,0.388888889,0.501631326,0.277777778,0.460888599,0.222222222,0.427792632,0.0,0.0,0.055555556,0.23570226,0.055555556,0.23570226
0842.jpg,3.4444444444444446,0.222222222,0.427792632,0.388888889,0.501631326,0.0,0.0,0.055555556,0.23570226,0.111111111,0.323380833,0.166666667,0.383482494,0.055555556,0.23570226
30_22_04.bmp,2.0,0.111111111,0.323380833,0.888888889,0.323380833,0.0,0.0,0.055555556,0.23570226,0.277777778,0.460888599,0.0,0.0,0.055555556,0.23570226
04_22_02.bmp,2.1666666666666665,0.222222222,0.427792632,0.833333333,0.383482494,0.222222222,0.427792632,0.0,0.0,0.166666667,0.383482494,0.055555556,0.23570226,0.0,0.0
03_12_02.bmp,3.055555555555556,0.611111111,0.501631326,0.166666667,0.383482494,0.055555556,0.23570226,0.0,0.0,0.166666667,0.383482494,0.111111111,0.323380833,0.111111111,0.323380833
32_03_02.bmp,2.7222222222222223,0.0,0.0,0.666666667,0.48507125,0.111111111,0.323380833,0.0,0.0,0.5,0.514495755,0.111111111,0.323380833,0.0,0.0
23_05_05.bmp,1.8888888888888888,0.333333333,0.48507125,0.722222222,0.460888599,0.055555556,0.23570226,0.055555556,0.23570226,0.277777778,0.460888599,0.055555556,0.23570226,0.0,0.0
17_21_04.bmp,2.4444444444444446,0.222222222,0.427792632,0.277777778,0.460888599,0.111111111,0.323380833,0.611111111,0.501631326,0.166666667,0.383482494,0.111111111,0.323380833,0.0,0.0
0109.jpg,1.5,0.0,0.0,0.555555556,0.511309993,0.944444444,0.23570226,0.0,0.0,0.166666667,0.383482494,0.055555556,0.23570226,0.055555556,0.23570226
14_04_01.bmp,3.6666666666666665,0.055555556,0.23570226,0.444444444,0.511309993,0.055555556,0.23570226,0.0,0.0,0.0,0.0,0.055555556,0.23570226,0.055555556,0.23570226
25_18_01.bmp,2.7222222222222223,0.055555556,0.23570226,0.666666667,0.48507125,0.055555556,0.23570226,0.055555556,0.23570226,0.111111111,0.323380833,0.111111111,0.323380833,0.055555556,0.23570226
17_05_04.bmp,2.055555555555556,0.444444444,0.511309993,0.777777778,0.427792632,0.055555556,0.23570226,0.055555556,0.23570226,0.166666667,0.383482494,0.111111111,0.323380833,0.055555556,0.23570226
18_08_04.bmp,2.111111111111111,0.388888889,0.501631326,0.611111111,0.501631326,0.0,0.0,0.0,0.0,0.0,0.0,0.111111111,0.323380833,0.055555556,0.23570226
29_14_03.bmp,2.1666666666666665,0.111111111,0.323380833,0.333333333,0.48507125,0.055555556,0.23570226,0.722222222,0.460888599,0.111111111,0.323380833,0.111111111,0.323380833,0.055555556,0.23570226
07_18_03.bmp,2.333333333333333,0.222222222,0.427792632,0.666666667,0.48507125,0.166666667,0.383482494,0.0,0.0,0.055555556,0.23570226,0.111111111,0.323380833,0.055555556,0.23570226
23_18_03.bmp,2.555555555555556,0.111111111,0.323380833,0.666666667,0.48507125,0.0,0.0,0.0,0.0,0.277777778,0.460888599,0.166666667,0.383482494,0.0,0.0
07_24_04.bmp,1.5,0.055555556,0.23570226,0.888888889,0.323380833,0.166666667,0.383482494,0.0,0.0,0.055555556,0.23570226,0.0,0.0,0.0,0.0
0926.jpg,1.5,0.055555556,0.23570226,0.888888889,0.323380833,0.055555556,0.23570226,0.111111111,0.323380833,0.333333333,0.48507125,0.0,0.0,0.055555556,0.23570226
32_03_01.bmp,3.055555555555556,0.0,0.0,0.611111111,0.501631326,0.277777778,0.460888599,0.0,0.0,0.444444444,0.511309993,0.055555556,0.23570226,0.055555556,0.23570226
25_02_04.bmp,1.5555555555555556,0.0,0.0,0.944444444,0.23570226,0.111111111,0.323380833,0.055555556,0.23570226,0.166666667,0.383482494,0.0,0.0,0.0,0.0
01_22_02.bmp,2.111111111111111,0.333333333,0.48507125,0.888888889,0.323380833,0.222222222,0.427792632,0.0,0.0,0.0,0.0,0.0,0.0,0.0,0.0
03_20_04.bmp,2.111111111111111,0.611111111,0.501631326,0.055555556,0.23570226,0.333333333,0.48507125,0.111111111,0.323380833,0.166666667,0.383482494,0.055555556,0.23570226,0.0,0.0
01259.jpg,3.333333333333333,0.333333333,0.48507125,0.444444444,0.511309993,0.055555556,0.23570226,0.0,0.0,0.111111111,0.323380833,0.055555556,0.23570226,0.055555556,0.23570226
21_09_01.bmp,3.2777777777777777,0.611111111,0.501631326,0.388888889,0.501631326,0.0,0.0,0.055555556,0.23570226,0.0,0.0,0.0,0.0,0.0,0.0
36_16_03.bmp,2.555555555555556,0.166666667,0.383482494,0.833333333,0.383482494,0.0,0.0,0.055555556,0.23570226,0.0,0.0,0.0,0.0,0.111111111,0.323380833
20_22_02.bmp,2.888888888888889,0.111111111,0.323380833,0.611111111,0.501631326,0.166666667,0.383482494,0.0,0.0,0.111111111,0.323380833,0.055555556,0.23570226,0.0,0.0
28_07_04.bmp,2.111111111111111,0.166666667,0.383482494,0.888888889,0.323380833,0.111111111,0.323380833,0.055555556,0.23570226,0.222222222,0.427792632,0.055555556,0.23570226,0.0,0.0
20_14_05.bmp,1.9444444444444444,0.055555556,0.23570226,0.277777778,0.460888599,0.055555556,0.23570226,0.777777778,0.427792632,0.111111111,0.323380833,0.055555556,0.23570226,0.0,0.0
20_02_04.bmp,1.5,0.0,0.0,0.944444444,0.23570226,0.055555556,0.23570226,0.055555556,0.23570226,0.111111111,0.323380833,0.055555556,0.23570226,0.0,0.0
01366.jpg,3.2777777777777777,0.0,0.0,0.777777778,0.427792632,0.055555556,0.23570226,0.055555556,0.23570226,0.0,0.0,0.0,0.0,0.111111111,0.323380833
07_22_02.bmp,2.2777777777777777,0.277777778,0.460888599,0.611111111,0.501631326,0.222222222,0.427792632,0.0,0.0,0.055555556,0.23570226,0.0,0.0,0.0,0.0
33_17_01.bmp,3.055555555555556,0.055555556,0.23570226,0.444444444,0.511309993,0.055555556,0.23570226,0.0,0.0,0.388888889,0.501631326,0.0,0.0,0.111111111,0.323380833
10_25_01.bmp,2.9444444444444446,0.055555556,0.23570226,0.222222222,0.427792632,0.0,0.0,0.0,0.0,0.222222222,0.427792632,0.111111111,0.323380833,1.0,0.0
0571.jpg,3.4444444444444446,0.055555556,0.23570226,0.166666667,0.383482494,0.0,0.0,0.055555556,0.23570226,0.611111111,0.501631326,0.0,0.0,0.055555556,0.23570226
19_11_03.bmp,3.111111111111111,0.722222222,0.460888599,0.277777778,0.460888599,0.111111111,0.323380833,0.0,0.0,0.166666667,0.383482494,0.111111111,0.323380833,0.0,0.0
01_13_01.bmp,3.1666666666666665,0.111111111,0.323380833,0.777777778,0.427792632,0.111111111,0.323380833,0.0,0.0,0.055555556,0.23570226,0.0,0.0,0.055555556,0.23570226
24_06_01.bmp,2.833333333333333,0.222222222,0.427792632,0.388888889,0.501631326,0.277777778,0.460888599,0.055555556,0.23570226,0.0,0.0,0.0,0.0,0.0,0.0
25_02_01.bmp,3.111111111111111,0.0,0.0,0.611111111,0.501631326,0.055555556,0.23570226,0.055555556,0.23570226,0.166666667,0.383482494,0.0,0.0,0.055555556,0.23570226
03_01_01.bmp,3.9444444444444446,0.111111111,0.323380833,0.166666667,0.383482494,0.055555556,0.23570226,0.0,0.0,0.111111111,0.323380833,0.0,0.0,0.111111111,0.323380833
33_10_04.bmp,2.555555555555556,0.666666667,0.48507125,0.333333333,0.48507125,0.0,0.0,0.0,0.0,0.388888889,0.501631326,0.055555556,0.23570226,0.0,0.0
1080.jpg,3.4444444444444446,0.111111111,0.323380833,0.388888889,0.501631326,0.055555556,0.23570226,0.388888889,0.501631326,0.055555556,0.23570226,0.055555556,0.23570226,0.055555556,0.23570226
04_22_03.bmp,1.8333333333333333,0.222222222,0.427792632,0.833333333,0.383482494,0.222222222,0.427792632,0.0,0.0,0.166666667,0.383482494,0.0,0.0,0.055555556,0.23570226
12_14_05.bmp,1.6666666666666667,0.166666667,0.383482494,0.111111111,0.323380833,0.111111111,0.323380833,0.777777778,0.427792632,0.111111111,0.323380833,0.111111111,0.323380833,0.055555556,0.23570226
22_22_04.bmp,1.8888888888888888,0.222222222,0.427792632,0.888888889,0.323380833,0.0,0.0,0.0,0.0,0.055555556,0.23570226,0.111111111,0.323380833,0.0,0.0
35_18_05.bmp,1.6666666666666667,0.166666667,0.383482494,0.833333333,0.383482494,0.0,0.0,0.055555556,0.23570226,0.0,0.0,0.0,0.0,0.111111111,0.323380833
01446.jpg,3.111111111111111,0.111111111,0.323380833,0.666666667,0.48507125,0.055555556,0.23570226,0.0,0.0,0.0,0.0,0.111111111,0.323380833,0.333333333,0.48507125
34_07_05.bmp,1.3333333333333333,0.111111111,0.323380833,0.888888889,0.323380833,0.055555556,0.23570226,0.0,0.0,0.0,0.0,0.0,0.0,0.055555556,0.23570226
19_18_03.bmp,2.611111111111111,0.111111111,0.323380833,0.666666667,0.48507125,0.055555556,0.23570226,0.0,0.0,0.166666667,0.383482494,0.111111111,0.323380833,0.055555556,0.23570226
01268.jpg,3.4444444444444446,0.055555556,0.23570226,0.611111111,0.501631326,0.0,0.0,0.111111111,0.323380833,0.5,0.514495755,0.0,0.0,0.111111111,0.323380833
36_02_02.bmp,2.333333333333333,0.055555556,0.23570226,0.888888889,0.323380833,0.111111111,0.323380833,0.0,0.0,0.0,0.0,0.0,0.0,0.055555556,0.23570226
0819.jpg,3.6666666666666665,0.055555556,0.23570226,0.444444444,0.511309993,0.055555556,0.23570226,0.0,0.0,0.166666667,0.383482494,0.055555556,0.23570226,0.0,0.0
36_21_02.bmp,2.2777777777777777,0.111111111,0.323380833,0.388888889,0.501631326,0.722222222,0.460888599,0.0,0.0,0.0,0.0,0.055555556,0.23570226,0.0,0.0
0565.jpg,3.333333333333333,0.111111111,0.323380833,0.388888889,0.501631326,0.0,0.0,0.055555556,0.23570226,0.722222222,0.460888599,0.0,0.0,0.0,0.0
27_15_01.bmp,2.9444444444444446,0.166666667,0.383482494,0.222222222,0.427792632,0.611111111,0.501631326,0.0,0.0,0.388888889,0.501631326,0.0,0.0,0.055555556,0.23570226
