filename,mos,noise_mean,noise_std,blur_mean,blur_std,overexposure_mean,overexposure_std,lowlight_mean,lowlight_std,warp_mean,warp_std,stain_mean,stain_std,occlusion_mean,occlusion_std
01459.jpg,3.333333333333333,0.166666667,0.383482494,0.444444444,0.511309993,0.222222222,0.427792632,0.0,0.0,0.0,0.0,0.111111111,0.323380833,0.444444444,0.511309993
26_20_03.bmp,3.2777777777777777,0.166666667,0.383482494,0.444444444,0.511309993,0.166666667,0.383482494,0.0,0.0,0.111111111,0.323380833,0.055555556,0.23570226,0.055555556,0.23570226
07_25_05.bmp,1.7777777777777777,0.055555556,0.23570226,0.166666667,0.383482494,0.111111111,0.323380833,0.055555556,0.23570226,0.055555556,0.23570226,0.0,0.0,0.888888889,0.323380833
31_25_04.bmp,2.1666666666666665,0.111111111,0.323380833,0.111111111,0.323380833,0.055555556,0.23570226,0.0,0.0,0.111111111,0.323380833,0.0,0.0,0.722222222,0.460888599
15_07_05.bmp,1.4444444444444444,0.055555556,0.23570226,0.888888889,0.323380833,0.0,0.0,0.0,0.0,0.055555556,0.23570226,0.055555556,0.23570226,0.0,0.0
36_23_02.bmp,2.833333333333333,0.055555556,0.23570226,0.111111111,0.323380833,0.111111111,0.323380833,0.666666667,0.48507125,0.0,0.0,0.0,0.0,0.222222222,0.427792632
07_16_01.bmp,3.7777777777777777,0.166666667,0.383482494,0.333333333,0.48507125,0.0,0.0,0.111111111,0.323380833,0.055555556,0.23570226,0.055555556,0.23570226,0.055555556,0.23570226
03_09_02.bmp,2.9444444444444446,0.666666667,0.48507125,0.166666667,0.383482494,0.111111111,0.323380833,0.0,0.0,0.166666667,0.383482494,0.055555556,0.23570226,0.055555556,0.23570226
04_11_02.bmp,2.7222222222222223,0.555555556,0.511309993,0.5,0.514495755,0.111111111,0.323380833,0.0,0.0,0.222222222,0.427792632,0.0,0.0,0.055555556,0.23570226
01209.jpg,3.1666666666666665,0.166666667,0.383482494,0.611111111,0.501631326,0.055555556,0.23570226,0.111111111,0.323380833,0.333333333,0.48507125,0.0,0.0,0.277777778,0.460888599
17_13_05.bmp,1.9444444444444444,0.055555556,0.23570226,0.111111111,0.323380833,0.888888889,0.323380833,0.055555556,0.23570226,0.166666667,0.383482494,0.0,0.0,0.0,0.0
30_25_03.bmp,2.5,0.0,0.0,0.111111111,0.323380833,0.0,0.0,0.111111111,0.323380833,0.222222222,0.427792632,0.0,0.0,0.888888889,0.323380833
12_01_03.bmp,3.055555555555556,0.0,0.0,0.722222222,0.460888599,0.222222222,0.427792632,0.0,0.0,0.055555556,0.23570226,0.0,0.0,0.055555556,0.23570226
11_24_02.bmp,2.7222222222222223,0.055555556,0.23570226,0.722222222,0.460888599,0.055555556,0.23570226,0.111111111,0.323380833,0.222222222,0.427792632,0.055555556,0.23570226,0.0,0.0
02_22_03.bmp,2.2222222222222223,0.5,0.514495755,0.722222222,0.460888599,0.0,0.0,0.055555556,0.23570226,0.277777778,0.460888599,0.055555556,0.23570226,0.0,0.0
0321.jpg,2.888888888888889,0.055555556,0.23570226,0.777777778,0.427792632,0.0,0.0,0.277777778,0.460888599,0.222222222,0.427792632,0.0,0.0,0.0,0.0
1010.jpg,3.6666666666666665,0.055555556,0.23570226,0.166666667,0.383482494,0.0,0.0,0.611111111,0.501631326,0.277777778,0.460888599,0.0,0.0,0.0,0.0
0174.jpg,2.7777777777777777,0.055555556,0.23570226,0.333333333,0.48507125,0.777777778,0.427792632,0.0,0.0,0.055555556,0.23570226,0.055555556,0.23570226,0.055555556,0.23570226
08_10_05.bmp,2.2777777777777777,0.888888889,0.323380833,0.166666667,0.383482494,0.0,0.0,0.0,0.0,0.055555556,0.23570226,0.0,0.0,0.0,0.0
25_05_05.bmp,1.6666666666666667,0.444444444,0.511309993,0.666666667,0.48507125,0.166666667,0.383482494,0.0,0.0,0.111111111,0.323380833,0.0,0.0,0.055555556,0.23570226
18_24_03.bmp,2.0,0.111111111,0.323380833,0.833333333,0.383482494,0.055555556,0.23570226,0.111111111,0.323380833,0.055555556,0.23570226,0.0,0.0,0.0,0.0
21_04_01.bmp,3.611111111111111,0.055555556,0.23570226,0.555555556,0.511309993,0.0,0.0,0.0,0.0,0.0,0.0,0.055555556,0.23570226,0.0,0.0
30_02_04.bmp,1.6666666666666667,0.055555556,0.23570226,0.888888889,0.323380833,0.111111111,0.323380833,0.0,0.0,0.333333333,0.48507125,0.0,0.0,0.0,0.0
18_21_01.bmp,2.611111111111111,0.111111111,0.323380833,0.166666667,0.383482494,0.833333333,0.383482494,0.055555556,0.23570226,0.0,0.0,0.0,0.0,0.055555556,0.23570226
36_17_03.bmp,2.611111111111111,0.111111111,0.323380833,0.611111111,0.501631326,0.166666667,0.383482494,0.0,0.0,0.166666667,0.383482494,0.166666667,0.383482494,0.222222222,0.427792632
23_21_01.bmp,2.6666666666666665,0.111111111,0.323380833,0.222222222,0.427792632,0.722222222,0.460888599,0.0,0.0,0.111111111,0.323380833,0.055555556,0.23570226,0.0,0.0
0870.jpg,3.5,0.055555556,0.23570226,0.444444444,0.511309993,0.055555556,0.23570226,0.0,0.0,0.277777778,0.460888599,0.0,0.0,0.0,0.0
31_21_01.bmp,2.833333333333333,0.111111111,0.323380833,0.111111111,0.323380833,0.722222222,0.460888599,0.055555556,0.23570226,0.222222222,0.427792632,0.0,0.0,0.0,0.0
22_03_03.bmp,2.388888888888889,0.111111111,0.323380833,0.833333333,0.383482494,0.0,0.0,0.0,0.0,0.166666667,0.383482494,0.111111111,0.323380833,0.0,0.0
09_07_02.bmp,2.7222222222222223,0.277777778,0.460888599,0.722222222,0.460888599,0.111111111,0.323380833,0.0,0.0,0.111111111,0.323380833,0.055555556,0.23570226,0.055555556,0.23570226
0834.jpg,3.4444444444444446,0.0,0.0,0.555555556,0.511309993,0.0,0.0,0.111111111,0.323380833,0.111111111,0.323380833,0.0,0.0,0.055555556,0.23570226
01_25_01.bmp,2.7222222222222223,0.0,0.0,0.611111111,0.501631326,0.111111111,0.323380833,0.0,0.0,0.0,0.0,0.111111111,0.323380833,0.444444444,0.511309993
01325.jpg,3.6666666666666665,0.0,0.0,0.777777778,0.427792632,0.055555556,0.23570226,0.055555556,0.23570226,0.0,0.0,0.055555556,0.23570226,0.055555556,0.23570226
01281.jpg,4.388888888888889,0.222222222,0.427792632,0.055555556,0.23570226,0.111111111,0.323380833,0.055555556,0.23570226,0.111111111,0.323380833,0.0,0.0,0.0,0.0
34_13_03.bmp,2.7777777777777777,0.0,0.0,0.444444444,0.511309993,0.277777778,0.460888599,0.0,0.0,0.0,0.0,0.0,0.0,0.111111111,0.323380833
36_07_04.bmp,1.8333333333333333,0.055555556,0.23570226,0.888888889,0.323380833,0.111111111,0.323380833,0.0,0.0,0.0,0.0,0.055555556,0.23570226,0.055555556,0.23570226
17_04_01.bmp,3.388888888888889,0.222222222,0.427792632,0.444444444,0.511309993,0.0,0.0,0.055555556,0.23570226,0.166666667,0.383482494,0.055555556,0.23570226,0.055555556,0.23570226
22_23_04.bmp,2.388888888888889,0.055555556,0.23570226,0.222222222,0.427792632,0.055555556,0.23570226,0.722222222,0.460888599,0.0,0.0,0.0,0.0,0.111111111,0.323380833
19_14_05.bmp,1.6666666666666667,0.055555556,0.23570226,0.166666667,0.383482494,0.055555556,0.23570226,0.777777778,0.427792632,0.166666667,0.383482494,0.111111111,0.323380833,0.0,0.0
30_23_01.bmp,3.111111111111111,0.0,0.0,0.166666667,0.383482494,0.055555556,0.23570226,0.666666667,0.48507125,0.166666667,0.383482494,0.0,0.0,0.055555556,0.23570226
0170.jpg,1.9444444444444444,0.055555556,0.23570226,0.333333333,0.48507125,0.944444444,0.23570226,0.055555556,0.23570226,0.166666667,0.383482494,0.0,0.0,0.0,0.0
19_21_03.bmp,2.611111111111111,0.055555556,0.23570226,0.222222222,0.427792632,0.777777778,0.427792632,0.055555556,0.23570226,0.055555556,0.23570226,0.055555556,0.23570226,0.055555556,0.23570226
16_20_05.bmp,1.7777777777777777,0.555555556,0.511309993,0.166666667,0.383482494,0.333333333,0.48507125,0.222222222,0.427792632,0.277777778,0.460888599,0.277777778,0.460888599,0.055555556,0.23570226
18_09_01.bmp,3.111111111111111,0.777777778,0.427792632,0.222222222,0.427792632,0.055555556,0.23570226,0.055555556,0.23570226,0.0,0.0,0.055555556,0.23570226,0.111111111,0.323380833
08_06_04.bmp,3.0,0.388888889,0.501631326,0.222222222,0.427792632,0.111111111,0.323380833,0.111111111,0.323380833,0.111111111,0.323380833,0.166666667,0.383482494,0.0,0.0
32_21_05.bmp,1.4444444444444444,0.166666667,0.383482494,0.388888889,0.501631326,0.222222222,0.427792632,0.555555556,0.511309993,0.333333333,0.48507125,0.0,0.0,0.0,0.0
09_13_05.bmp,2.5,0.055555556,0.23570226,0.444444444,0.511309993,0.833333333,0.383482494,0.0,0.0,0.166666667,0.383482494,0.0,0.0,0.0,0.0
1014.jpg,3.6666666666666665,0.055555556,0.23570226,0.388888889,0.501631326,0.0,0.0,0.222222222,0.427792632,0.111111111,0.323380833,0.111111111,0.323380833,0.0,0.0
05_17_03.bmp,2.555555555555556,0.111111111,0.323380833,0.555555556,0.511309993,0.055555556,0.23570226,0.055555556,0.23570226,0.111111111,0.323380833,0.166666667,0.383482494,0.333333333,0.48507125
0355.jpg,3.2777777777777777,0.111111111,0.323380833,0.833333333,0.383482494,0.0,0.0,0.055555556,0.23570226,0.0,0.0,0.055555556,0.23570226,0.0,0.0
33_11_01.bmp,3.2222222222222223,0.388888889,0.501631326,0.277777778,0.460888599,0.0,0.0,0.055555556,0.23570226,0.444444444,0.511309993,0.055555556,0.23570226,0.0,0.0
05_24_04.bmp,1.5555555555555556,0.055555556,0.23570226,1.0,0.0,0.111111111,0.323380833,0.0,0.0,0.0,0.0,0.055555556,0.23570226,0.055555556,0.23570226
0746.jpg,3.055555555555556,0.055555556,0.23570226,0.555555556,0.511309993,0.055555556,0.23570226,0.0,0.0,0.111111111,0.323380833,0.111111111,0.323380833,0.055555556,0.23570226
08_14_04.bmp,1.8333333333333333,0.111111111,0.323380833,0.222222222,0.427792632,0.111111111,0.323380833,0.777777778,0.427792632,0.0,0.0,0.055555556,0.23570226,0.0,0.0
11_19_05.bmp,1.8888888888888888,0.166666667,0.383482494,0.166666667,0.383482494,0.777777778,0.427792632,0.055555556,0.23570226,0.166666667,0.383482494,0.055555556,0.23570226,0.055555556,0.23570226
01188.jpg,2.6666666666666665,0.333333333,0.48507125,0.777777778,0.427792632,0.0,0.0,0.222222222,0.427792632,0.333333333,0.48507125,0.0,0.0,0.055555556,0.23570226
04_19_04.bmp,2.6666666666666665,0.111111111,0.323380833,0.611111111,0.501631326,0.277777778,0.460888599,0.0,0.0,0.222222222,0.427792632,0.0,0.0,0.055555556,0.23570226
15_17_03.bmp,2.5,0.111111111,0.323380833,0.444444444,0.511309993,0.0,0.0,0.0,0.0,0.388888889,0.501631326,0.166666667,0.383482494,0.166666667,0.383482494
01452.jpg,3.5,0.0,0.0,0.777777778,0.427792632,0.055555556,0.23570226,0.055555556,0.23570226,0.055555556,0.23570226,0.0,0.0,0.0,0.0
34_11_02.bmp,2.833333333333333,0.722222222,0.460888599,0.444444444,0.511309993,0.166666667,0.383482494,0.0,0.0,0.0,0.0,0.055555556,0.23570226,0.055555556,0.23570226
31_22_03.bmp,2.1666666666666665,0.166666667,0.383482494,0.833333333,0.383482494,0.0,0.0,0.0,0.0,0.222222222,0.427792632,0.0,0.0,0.0,0.0
24_04_03.bmp,2.333333333333333,0.333333333,0.48507125,0.444444444,0.511309993,0.222222222,0.427792632,0.055555556,0.23570226,0.055555556,0.23570226,0.0,0.0,0.0,0.0
0613.jpg,2.833333333333333,0.166666667,0.383482494,0.666666667,0.48507125,0.0,0.0,0.111111111,0.323380833,0.055555556,0.23570226,0.055555556,0.23570226,0.111111111,0.323380833
18_02_02.bmp,2.4444444444444446,0.111111111,0.323380833,0.888888889,0.323380833,0.111111111,0.323380833,0.0,0.0,0.0,0.0,0.0,0.0,0.111111111,0.323380833
10_21_02.bmp,2.2222222222222223,0.055555556,0.23570226,0.277777778,0.460888599,0.777777778,0.427792632,0.055555556,0.23570226,0.222222222,0.427792632,0.444444444,0.511309993,0.0,0.0
0833.jpg,3.6666666666666665,0.111111111,0.323380833,0.5,0.514495755,0.0,0.0,0.0,0.0,0.055555556,0.23570226,0.0,0.0,0.0,0.0
0496.jpg,2.7222222222222223,0.111111111,0.323380833,0.388888889,0.501631326,0.0,0.0,0.5,0.514495755,0.611111111,0.501631326,0.0,0.0,0.0,0.0
20_13_01.bmp,3.5,0.166666667,0.383482494,0.444444444,0.511309993,0.111111111,0.323380833,0.0,0.0,0.166666667,0.383482494,0.111111111,0.323380833,0.0,0.0
14_21_05.bmp,1.9444444444444444,0.166666667,0.383482494,0.222222222,0.427792632,0.166666667,0.383482494,0.611111111,0.501631326,0.055555556,0.23570226,0.055555556,0.23570226,0.0,0.0
0240.jpg,1.2777777777777777,0.111111111,0.323380833,0.166666667,0.383482494,0.055555556,0.23570226,0.944444444,0.23570226,0.0,0.0,0.0,0.0,0.0,0.0
31_06_01.bmp,2.9444444444444446,0.166666667,0.383482494,0.5,0.514495755,0.111111111,0.323380833,0.111111111,0.323380833,0.166666667,0.383482494,0.055555556,0.23570226,0.055555556,0.23570226
30_09_04.bmp,2.555555555555556,0.777777778,0.427792632,0.222222222,0.427792632,0.055555556,0.23570226,0.0,0.0,0.222222222,0.427792632,0.0,0.0,0.0,0.0
11_02_03.bmp,2.0,0.0,0.0,0.944444444,0.23570226,0.0,0.0,0.055555556,0.23570226,0.277777778,0.460888599,0.111111111,0.323380833,0.0,0.0
33_18_01.bmp,3.055555555555556,0.111111111,0.323380833,0.5,0.514495755,0.0,0.0,0.055555556,0.23570226,0.444444444,0.511309993,0.111111111,0.323380833,0.055555556,0.23570226
0335.jpg,2.888888888888889,0.111111111,0.323380833,0.666666667,0.48507125,0.055555556,0.23570226,0.166666667,0.383482494,0.055555556,0.23570226,0.0,0.0,0.0,0.0
36_11_03.bmp,2.388888888888889,0.944444444,0.23570226,0.388888889,0.501631326,0.111111111,0.323380833,0.0,0.0,0.055555556,0.23570226,0.055555556,0.23570226,0.055555556,0.23570226
25_19_02.bmp,2.833333333333333,0.277777778,0.460888599,0.388888889,0.501631326,0.5,0.514495755,0.0,0.0,0.166666667,0.383482494,0.055555556,0.23570226,0.055555556,0.23570226
14_06_01.bmp,2.9444444444444446,0.333333333,0.48507125,0.388888889,0.501631326,0.166666667,0.383482494,0.055555556,0.23570226,0.0,0.0,0.055555556,0.23570226,0.055555556,0.23570226
0547.jpg,2.833333333333333,0.0,0.0,0.5,0.514495755,0.0,0.0,0.111111111,0.323380833,0.833333333,0.383482494,0.0,0.0,0.0,0.0
01318.jpg,2.9444444444444446,0.444444444,0.511309993,0.777777778,0.427792632,0.055555556,0.23570226,0.0,0.0,0.333333333,0.48507125,0.0,0.0,0.0,0.0
03_03_05.bmp,2.1666666666666665,0.111111111,0.323380833,0.833333333,0.383482494,0.055555556,0.23570226,0.0,0.0,0.111111111,0.323380833,0.0,0.0,0.055555556,0.23570226
09_01_02.bmp,3.5,0.166666667,0.383482494,0.555555556,0.511309993,0.222222222,0.427792632,0.055555556,0.23570226,0.111111111,0.323380833,0.111111111,0.323380833,0.0,0.0
09_06_03.bmp,2.2777777777777777,0.222222222,0.427792632,0.388888889,0.501631326,0.222222222,0.427792632,0.111111111,0.323380833,0.166666667,0.383482494,0.166666667,0.383482494,0.0,0.0
02_19_03.bmp,2.555555555555556,0.333333333,0.48507125,0.277777778,0.460888599,0.333333333,0.48507125,0.0,0.0,0.388888889,0.501631326,0.0,0.0,0.111111111,0.323380833
22_24_01.bmp,2.9444444444444446,0.111111111,0.323380833,0.777777778,0.427792632,0.0,0.0,0.055555556,0.23570226,0.055555556,0.23570226,0.111111111,0.323380833,0.055555556,0.23570226
31_25_01.bmp,2.888888888888889,0.055555556,0.23570226,0.055555556,0.23570226,0.055555556,0.23570226,0.055555556,0.23570226,0.166666667,0.383482494,0.0,0.0,0.888888889,0.323380833
01204.jpg,3.888888888888889,0.166666667,0.383482494,0.055555556,0.23570226,0.055555556,0.23570226,0.0,0.0,0.555555556,0.511309993,0.111111111,0.323380833,0.055555556,0.23570226
34_10_02.bmp,3.111111111111111,0.444444444,0.511309993,0.333333333,0.48507125,0.222222222,0.427792632,0.055555556,0.23570226,0.0,0.0,0.0,0.0,0.055555556,0.23570226
12_20_02.bmp,2.555555555555556,0.333333333,0.48507125,0.222222222,0.427792632,0.277777778,0.460888599,0.222222222,0.427792632,0.166666667,0.383482494,0.055555556,0.23570226,0.0,0.0
0840.jpg,3.6666666666666665,0.111111111,0.323380833,0.388888889,0.501631326,0.0,0.0,0.055555556,0.23570226,0.166666667,0.383482494,0.0,0.0,0.055555556,0.23570226
14_12_03.bmp,2.4444444444444446,0.722222222,0.460888599,0.388888889,0.501631326,0.055555556,0.23570226,0.0,0.0,0.055555556,0.23570226,0.055555556,0.23570226,0.111111111,0.323380833
15_09_02.bmp,2.7222222222222223,0.722222222,0.460888599,0.166666667,0.383482494,0.055555556,0.23570226,0.0,0.0,0.277777778,0.460888599,0.0,0.0,0.0,0.0
01462.jpg,3.7222222222222223,0.0,0.0,0.611111111,0.501631326,0.055555556,0.23570226,0.0,0.0,0.0,0.0,0.055555556,0.23570226,0.111111111,0.323380833
17_18_03.bmp,2.555555555555556,0.111111111,0.323380833,0.722222222,0.460888599,0.0,0.0,0.055555556,0.23570226,0.222222222,0.427792632,0.055555556,0.23570226,0.055555556,0.23570226
1137.jpg,2.9444444444444446,0.0,0.0,0.333333333,0.48507125,0.055555556,0.23570226,0.0,0.0,0.111111111,0.323380833,0.833333333,0.383482494,0.0,0.0
17_03_01.bmp,3.5,0.111111111,0.323380833,0.444444444,0.511309993,0.0,0.0,0.055555556,0.23570226,0.166666667,0.383482494,0.111111111,0.323380833,0.055555556,0.23570226
27_23_01.bmp,2.888888888888889,0.055555556,0.23570226,0.166666667,0.383482494,0.055555556,0.23570226,0.722222222,0.460888599,0.222222222,0.427792632,0.055555556,0.23570226,0.055555556,0.23570226
13_16_01.bmp,3.555555555555556,0.055555556,0.23570226,0.222222222,0.427792632,0.222222222,0.427792632,0.055555556,0.23570226,0.111111111,0.323380833,0.0,0.0,0.111111111,0.323380833
0053.jpg,3.055555555555556,0.0,0.0,0.277777778,0.460888599,0.833333333,0.383482494,0.0,0.0,0.277777778,0.460888599,0.0,0.0,0.0,0.0
01_24_01.bmp,2.611111111111111,0.0,0.0,0.777777778,0.427792632,0.111111111,0.323380833,0.111111111,0.323380833,0.055555556,0.23570226,0.0,0.0,0.055555556,0.23570226
10_01_04.bmp,1.9444444444444444,0.055555556,0.23570226,0.888888889,0.323380833,0.055555556,0.23570226,0.055555556,0.23570226,0.333333333,0.48507125,0.222222222,0.427792632,0.055555556,0.23570226
34_04_02.bmp,2.833333333333333,0.222222222,0.427792632,0.388888889,0.501631326,0.333333333,0.48507125,0.0,0.0,0.055555556,0.23570226,0.055555556,0.23570226,0.166666667,0.383482494
29_15_01.bmp,2.5,0.055555556,0.23570226,0.222222222,0.427792632,0.833333333,0.383482494,0.0,0.0,0.055555556,0.23570226,0.0,0.0,0.055555556,0.23570226
15_15_01.bmp,1.7222222222222223,0.111111111,0.323380833,0.166666667,0.383482494,0.888888889,0.323380833,0.0,0.0,0.222222222,0.427792632,0.0,0.0,0.0,0.0
01237.jpg,4.166666666666667,0.166666667,0.383482494,0.222222222,0.427792632,0.0,0.0,0.055555556,0.23570226,0.444444444,0.511309993,0.0,0.0,0.0,0.0
01313.jpg,3.055555555555556,0.388888889,0.501631326,0.444444444,0.511309993,0.0,0.0,0.333333333,0.48507125,0.333333333,0.48507125,0.222222222,0.427792632,0.0,0.0
11_03_03.bmp,2.5,0.055555556,0.23570226,0.833333333,0.383482494,0.0,0.0,0.055555556,0.23570226,0.333333333,0.48507125,0.055555556,0.23570226,0.055555556,0.23570226
07_02_01.bmp,3.055555555555556,0.055555556,0.23570226,0.666666667,0.48507125,0.166666667,0.383482494,0.0,0.0,0.111111111,0.323380833,0.055555556,0.23570226,0.055555556,0.23570226
02_17_02.bmp,2.388888888888889,0.055555556,0.23570226,0.277777778,0.460888599,0.0,0.0,0.055555556,0.23570226,0.5,0.514495755,0.055555556,0.23570226,0.388888889,0.501631326
0217.jpg,2.5,0.222222222,0.427792632,0.444444444,0.511309993,0.111111111,0.323380833,0.777777778,0.427792632,0.111111111,0.323380833,0.0,0.0,0.0,0.0
01_06_05.bmp,2.111111111111111,0.166666667,0.383482494,0.722222222,0.460888599,0.222222222,0.427792632,0.0,0.0,0.0,0.0,0.444444444,0.511309993,0.111111111,0.323380833
23_23_01.bmp,3.1666666666666665,0.055555556,0.23570226,0.222222222,0.427792632,0.055555556,0.23570226,0.722222222,0.460888599,0.166666667,0.383482494,0.0,0.0,0.111111111,0.323380833
01_10_05.bmp,2.0,0.944444444,0.23570226,0.333333333,0.48507125,0.055555556,0.23570226,0.0,0.0,0.055555556,0.23570226,0.055555556,0.23570226,0.111111111,0.323380833
03_21_02.bmp,3.388888888888889,0.111111111,0.323380833,0.111111111,0.323380833,0.555555556,0.511309993,0.0,0.0,0.055555556,0.23570226,0.0,0.0,0.055555556,0.23570226
10_05_04.bmp,1.9444444444444444,0.388888889,0.501631326,0.777777778,0.427792632,0.0,0.0,0.055555556,0.23570226,0.277777778,0.460888599,0.222222222,0.427792632,0.0,0.0
09_18_04.bmp,2.2222222222222223,0.166666667,0.383482494,0.777777778,0.427792632,0.111111111,0.323380833,0.0,0.0,0.111111111,0.323380833,0.055555556,0.23570226,0.0,0.0
09_12_02.bmp,2.888888888888889,0.555555556,0.511309993,0.5,0.514495755,0.111111111,0.323380833,0.0,0.0,0.166666667,0.383482494,0.055555556,0.23570226,0.0,0.0
35_20_04.bmp,1.7222222222222223,0.388888889,0.501631326,0.666666667,0.48507125,0.166666667,0.383482494,0.166666667,0.383482494,0.0,0.0,0.0,0.0,0.055555556,0.23570226
20_02_01.bmp,3.2777777777777777,0.055555556,0.23570226,0.555555556,0.511309993,0.111111111,0.323380833,0.0,0.0,0.222222222,0.427792632,0.055555556,0.23570226,0.0,0.0
04_05_02.bmp,2.611111111111111,0.277777778,0.460888599,0.722222222,0.460888599,0.166666667,0.383482494,0.0,0.0,0.166666667,0.383482494,0.055555556,0.23570226,0.055555556,0.23570226
20_03_05.bmp,1.6111111111111112,0.055555556,0.23570226,0.777777778,0.427792632,0.055555556,0.23570226,0.0,0.0,0.111111111,0.323380833,0.111111111,0.323380833,0.0,0.0
23_06_02.bmp,2.611111111111111,0.333333333,0.48507125,0.444444444,0.511309993,0.222222222,0.427792632,0.0,0.0,0.277777778,0.460888599,0.166666667,0.383482494,0.055555556,0.23570226
1001.jpg,2.9444444444444446,0.055555556,0.23570226,0.388888889,0.501631326,0.0,0.0,0.611111111,0.501631326,0.277777778,0.460888599,0.0,0.0,0.166666667,0.383482494
06_07_04.bmp,1.6666666666666667,0.388888889,0.501631326,0.722222222,0.460888599,0.111111111,0.323380833,0.0,0.0,0.055555556,0.23570226,0.111111111,0.323380833,0.166666667,0.383482494
0101.jpg,2.4444444444444446,0.055555556,0.23570226,0.5,0.514495755,0.944444444,0.23570226,0.0,0.0,0.055555556,0.23570226,0.0,0.0,0.111111111,0.323380833
30_09_02.bmp,2.9444444444444446,0.777777778,0.427792632,0.166666667,0.383482494,0.0,0.0,0.055555556,0.23570226,0.222222222,0.427792632,0.0,0.0,0.0,0.0
25_04_02.bmp,3.1666666666666665,0.166666667,0.383482494,0.444444444,0.511309993,0.166666667,0.383482494,0.0,0.0,0.111111111,0.323380833,0.111111111,0.323380833,0.055555556,0.23570226
14_10_04.bmp,2.1666666666666665,0.833333333,0.383482494,0.277777778,0.460888599,0.111111111,0.323380833,0.0,0.0,0.0,0.0,0.111111111,0.323380833,0.0,0.0
0780.jpg,3.611111111111111,0.0,0.0,0.388888889,0.501631326,0.055555556,0.23570226,0.055555556,0.23570226,0.111111111,0.323380833,0.0,0.0,0.055555556,0.23570226
19_04_05.bmp,2.388888888888889,0.388888889,0.501631326,0.166666667,0.383482494,0.222222222,0.427792632,0.055555556,0.23570226,0.111111111,0.323380833,0.166666667,0.383482494,0.055555556,0.23570226
13_02_03.bmp,1.8333333333333333,0.055555556,0.23570226,0.944444444,0.23570226,0.055555556,0.23570226,0.0,0.0,0.111111111,0.323380833,0.0,0.0,0.055555556,0.23570226
14_08_04.bmp,1.8333333333333333,0.333333333,0.48507125,0.666666667,0.48507125,0.055555556,0.23570226,0.0,0.0,0.055555556,0.23570226,0.111111111,0.323380833,0.055555556,0.23570226
28_09_02.bmp,2.7777777777777777,0.777777778,0.427792632,0.277777778,0.460888599,0.055555556,0.23570226,0.0,0.0,0.222222222,0.427792632,0.0,0.0,0.0,0.0
20_19_02.bmp,3.055555555555556,0.222222222,0.427792632,0.333333333,0.48507125,0.444444444,0.511309993,0.055555556,0.23570226,0.055555556,0.23570226,0.0,0.0,0.0,0.0
15_05_05.bmp,1.8888888888888888,0.388888889,0.501631326,0.666666667,0.48507125,0.055555556,0.23570226,0.0,0.0,0.222222222,0.427792632,0.0,0.0,0.111111111,0.323380833
23_22_03.bmp,2.555555555555556,0.166666667,0.383482494,0.777777778,0.427792632,0.0,0.0,0.055555556,0.23570226,0.166666667,0.383482494,0.0,0.0,0.0,0.0
1029.jpg,3.0,0.055555556,0.23570226,0.388888889,0.501631326,0.0,0.0,0.611111111,0.501631326,0.166666667,0.383482494,0.0,0.0,0.0,0.0
24_17_01.bmp,2.888888888888889,0.055555556,0.23570226,0.388888889,0.501631326,0.166666667,0.383482494,0.0,0.0,0.111111111,0.323380833,0.0,0.0,0.055555556,0.23570226
0585.jpg,3.111111111111111,0.055555556,0.23570226,0.222222222,0.427792632,0.0,0.0,0.388888889,0.501631326,0.444444444,0.511309993,0.055555556,0.23570226,0.055555556,0.23570226
11_16_04.bmp,1.8888888888888888,0.388888889,0.501631326,0.722222222,0.460888599,0.166666667,0.383482494,0.0,0.0,0.222222222,0.427792632,0.0,0.0,0.0,0.0
02_07_05.bmp,1.3333333333333333,0.277777778,0.460888599,0.888888889,0.323380833,0.0,0.0,0.055555556,0.23570226,0.5,0.514495755,0.055555556,0.23570226,0.111111111,0.323380833
13_07_05.bmp,1.3333333333333333,0.055555556,0.23570226,0.888888889,0.323380833,0.055555556,0.23570226,0.055555556,0.23570226,0.055555556,0.23570226,0.111111111,0.323380833,0.0,0.0
0005.jpg,2.4444444444444446,0.055555556,0.23570226,0.5,0.514495755,0.944444444,0.23570226,0.0,0.0,0.222222222,0.427792632,0.0,0.0,0.055555556,0.23570226
28_19_01.bmp,3.1666666666666665,0.166666667,0.383482494,0.611111111,0.501631326,0.055555556,0.23570226,0.055555556,0.23570226,0.166666667,0.383482494,0.055555556,0.23570226,0.055555556,0.23570226
30_08_04.bmp,2.333333333333333,0.388888889,0.501631326,0.555555556,0.511309993,0.055555556,0.23570226,0.055555556,0.23570226,0.277777778,0.460888599,0.055555556,0.23570226,0.0,0.0
33_03_01.bmp,3.7222222222222223,0.111111111,0.323380833,0.333333333,0.48507125,0.055555556,0.23570226,0.0,0.0,0.555555556,0.511309993,0.0,0.0,0.0,0.0
10_14_05.bmp,1.3888888888888888,0.0,0.0,0.222222222,0.427792632,0.111111111,0.323380833,0.944444444,0.23570226,0.166666667,0.383482494,0.111111111,0.323380833,0.0,0.0
19_07_03.bmp,2.111111111111111,0.222222222,0.427792632,0.833333333,0.383482494,0.055555556,0.23570226,0.0,0.0,0.166666667,0.383482494,0.111111111,0.323380833,0.0,0.0
0176.jpg,3.055555555555556,0.055555556,0.23570226,0.333333333,0.48507125,0.777777778,0.427792632,0.0,0.0,0.055555556,0.23570226,0.055555556,0.23570226,0.055555556,0.23570226
0380.jpg,2.055555555555556,0.055555556,0.23570226,0.833333333,0.383482494,0.111111111,0.323380833,0.055555556,0.23570226,0.055555556,0.23570226,0.055555556,0.23570226,0.0,0.0
32_05_04.bmp,1.8888888888888888,0.444444444,0.511309993,0.666666667,0.48507125,0.055555556,0.23570226,0.055555556,0.23570226,0.388888889,0.501631326,0.055555556,0.23570226,0.111111111,0.323380833
13_05_02.bmp,3.1666666666666665,0.222222222,0.427792632,0.444444444,0.511309993,0.111111111,0.323380833,0.055555556,0.23570226,0.222222222,0.427792632,0.0,0.0,0.055555556,0.23570226
11_17_03.bmp,2.2222222222222223,0.111111111,0.323380833,0.444444444,0.511309993,0.055555556,0.23570226,0.055555556,0.23570226,0.277777778,0.460888599,0.111111111,0.323380833,0.222222222,0.427792632
33_09_02.bmp,2.9444444444444446,0.555555556,0.511309993,0.277777778,0.460888599,0.0,0.0,0.0,0.0,0.388888889,0.501631326,0.055555556,0.23570226,0.0,0.0
16_08_01.bmp,3.611111111111111,0.111111111,0.323380833,0.166666667,0.383482494,0.0,0.0,0.0,0.0,0.277777778,0.460888599,0.5,0.514495755,0.0,0.0
02_22_01.bmp,2.7222222222222223,0.166666667,0.383482494,0.5,0.514495755,0.055555556,0.23570226,0.055555556,0.23570226,0.333333333,0.48507125,0.055555556,0.23570226,0.055555556,0.23570226
0348.jpg,2.888888888888889,0.166666667,0.383482494,0.833333333,0.383482494,0.0,0.0,0.055555556,0.23570226,0.055555556,0.23570226,0.055555556,0.23570226,0.055555556,0.23570226
23_08_02.bmp,2.833333333333333,0.333333333,0.48507125,0.5,0.514495755,0.055555556,0.23570226,0.055555556,0.23570226,0.166666667,0.383482494,0.111111111,0.323380833,0.0,0.0
06_07_03.bmp,2.4444444444444446,0.444444444,0.511309993,0.666666667,0.48507125,0.111111111,0.323380833,0.0,0.0,0.0,0.0,0.055555556,0.23570226,0.111111111,0.323380833
0961.jpg,3.2777777777777777,0.0,0.0,0.444444444,0.511309993,0.0,0.0,0.722222222,0.460888599,0.055555556,0.23570226,0.0,0.0,0.0,0.0
13_10_03.bmp,2.7777777777777777,0.722222222,0.460888599,0.111111111,0.323380833,0.111111111,0.323380833,0.0,0.0,0.222222222,0.427792632,0.0,0.0,0.111111111,0.323380833
23_04_01.bmp,3.4444444444444446,0.055555556,0.23570226,0.333333333,0.48507125,0.055555556,0.23570226,0.055555556,0.23570226,0.277777778,0.460888599,0.0,0.0,0.0,0.0
0909.jpg,3.6666666666666665,0.166666667,0.383482494,0.388888889,0.501631326,0.0,0.0,0.055555556,0.23570226,0.333333333,0.48507125,0.0,0.0,0.055555556,0.23570226
0398.jpg,3.111111111111111,0.222222222,0.427792632,0.666666667,0.48507125,0.055555556,0.23570226,0.111111111,0.323380833,0.0,0.0,0.0,0.0,0.055555556,0.23570226
29_22_05.bmp,1.8888888888888888,0.222222222,0.427792632,0.777777778,0.427792632,0.0,0.0,0.055555556,0.23570226,0.111111111,0.323380833,0.111111111,0.323380833,0.0,0.0
35_19_01.bmp,2.6666666666666665,0.222222222,0.427792632,0.666666667,0.48507125,0.222222222,0.427792632,0.0,0.0,0.0,0.0,0.055555556,0.23570226,0.055555556,0.23570226
14_10_02.bmp,2.7777777777777777,0.722222222,0.460888599,0.333333333,0.48507125,0.111111111,0.323380833,0.0,0.0,0.0,0.0,0.055555556,0.23570226,0.055555556,0.23570226
26_24_03.bmp,2.7777777777777777,0.055555556,0.23570226,0.666666667,0.48507125,0.111111111,0.323380833,0.0,0.0,0.055555556,0.23570226,0.055555556,0.23570226,0.0,0.0
0309.jpg,2.0,0.055555556,0.23570226,0.888888889,0.323380833,0.0,0.0,0.166666667,0.383482494,0.111111111,0.323380833,0.055555556,0.23570226,0.0,0.0
0109.jpg,1.5,0.0,0.0,0.555555556,0.511309993,0.944444444,0.23570226,0.0,0.0,0.166666667,0.383482494,0.055555556,0.23570226,0.055555556,0.23570226
0953.jpg,3.555555555555556,0.166666667,0.383482494,0.166666667,0.383482494,0.0,0.0,0.611111111,0.501631326,0.166666667,0.383482494,0.0,0.0,0.111111111,0.323380833
0741.jpg,4.0,0.111111111,0.323380833,0.166666667,0.383482494,0.0,0.0,0.0,0.0,0.166666667,0.383482494,0.0,0.0,0.055555556,0.23570226
24_08_04.bmp,2.1666666666666665,0.222222222,0.427792632,0.777777778,0.427792632,0.0,0.0,0.0,0.0,0.111111111,0.323380833,0.111111111,0.323380833,0.0,0.0
18_14_03.bmp,2.7222222222222223,0.222222222,0.427792632,0.333333333,0.48507125,0.055555556,0.23570226,0.388888889,0.501631326,0.055555556,0.23570226,0.0,0.0,0.111111111,0.323380833
01189.jpg,3.111111111111111,0.055555556,0.23570226,0.5,0.514495755,0.055555556,0.23570226,0.0,0.0,0.055555556,0.23570226,0.388888889,0.501631326,0.555555556,0.511309993
0724.jpg,3.555555555555556,0.111111111,0.323380833,0.222222222,0.427792632,0.0,0.0,0.0,0.0,0.166666667,0.383482494,0.111111111,0.323380833,0.055555556,0.23570226
28_14_01.bmp,3.111111111111111,0.166666667,0.383482494,0.5,0.514495755,0.0,0.0,0.111111111,0.323380833,0.222222222,0.427792632,0.055555556,0.23570226,0.055555556,0.23570226
32_06_05.bmp,1.3888888888888888,0.333333333,0.48507125,0.388888889,0.501631326,0.166666667,0.383482494,0.055555556,0.23570226,0.333333333,0.48507125,0.166666667,0.383482494,0.0,0.0
12_06_03.bmp,2.611111111111111,0.333333333,0.48507125,0.166666667,0.383482494,0.277777778,0.460888599,0.0,0.0,0.0,0.0,0.166666667,0.383482494,0.055555556,0.23570226
33_25_01.bmp,3.388888888888889,0.055555556,0.23570226,0.166666667,0.383482494,0.0,0.0,0.055555556,0.23570226,0.333333333,0.48507125,0.055555556,0.23570226,0.555555556,0.511309993
25_03_01.bmp,3.388888888888889,0.111111111,0.323380833,0.555555556,0.511309993,0.111111111,0.323380833,0.055555556,0.23570226,0.111111111,0.323380833,0.055555556,0.23570226,0.055555556,0.23570226
0459.jpg,2.6666666666666665,0.111111111,0.323380833,0.388888889,0.501631326,0.0,0.0,0.055555556,0.23570226,0.777777778,0.427792632,0.055555556,0.23570226,0.055555556,0.23570226
29_06_03.bmp,1.8333333333333333,0.333333333,0.48507125,0.277777778,0.460888599,0.277777778,0.460888599,0.111111111,0.323380833,0.055555556,0.23570226,0.166666667,0.383482494,0.055555556,0.23570226
0905.jpg,3.888888888888889,0.111111111,0.323380833,0.333333333,0.48507125,0.0,0.0,0.111111111,0.323380833,0.166666667,0.383482494,0.055555556,0.23570226,0.0,0.0
06_13_04.bmp,3.4444444444444446,0.166666667,0.383482494,0.055555556,0.23570226,0.666666667,0.48507125,0.0,0.0,0.0,0.0,0.0,0.0,0.055555556,0.23570226
1047.jpg,3.111111111111111,0.0,0.0,0.611111111,0.501631326,0.0,0.0,0.444444444,0.511309993,0.222222222,0.427792632,0.0,0.0,0.111111111,0.323380833
01263.jpg,3.1666666666666665,0.333333333,0.48507125,0.555555556,0.511309993,0.222222222,0.427792632,0.055555556,0.23570226,0.388888889,0.501631326,0.0,0.0,0.0,0.0
0430.jpg,1.6666666666666667,0.055555556,0.23570226,0.944444444,0.23570226,0.0,0.0,0.055555556,0.23570226,0.111111111,0.323380833,0.0,0.0,0.0,0.0
25_22_04.bmp,1.5555555555555556,0.277777778,0.460888599,0.833333333,0.383482494,0.055555556,0.23570226,0.0,0.0,0.111111111,0.323380833,0.0,0.0,0.055555556,0.23570226
0942.jpg,2.888888888888889,0.0,0.0,0.444444444,0.511309993,0.055555556,0.23570226,0.666666667,0.48507125,0.111111111,0.323380833,0.0,0.0,0.055555556,0.23570226
36_09_05.bmp,2.2222222222222223,0.777777778,0.427792632,0.388888889,0.501631326,0.111111111,0.323380833,0.055555556,0.23570226,0.055555556,0.23570226,0.0,0.0,0.0,0.0
35_02_04.bmp,1.5,0.0,0.0,1.0,0.0,0.055555556,0.23570226,0.055555556,0.23570226,0.0,0.0,0.0,0.0,0.0,0.0
17_08_02.bmp,2.888888888888889,0.333333333,0.48507125,0.666666667,0.48507125,0.0,0.0,0.0,0.0,0.222222222,0.427792632,0.111111111,0.323380833,0.055555556,0.23570226
25_08_02.bmp,2.555555555555556,0.166666667,0.383482494,0.777777778,0.427792632,0.055555556,0.23570226,0.0,0.0,0.166666667,0.383482494,0.055555556,0.23570226,0.055555556,0.23570226
03_12_05.bmp,2.4444444444444446,0.777777778,0.427792632,0.222222222,0.427792632,0.111111111,0.323380833,0.0,0.0,0.222222222,0.427792632,0.055555556,0.23570226,0.0,0.0
18_13_03.bmp,2.9444444444444446,0.055555556,0.23570226,0.5,0.514495755,0.388888889,0.501631326,0.0,0.0,0.0,0.0,0.055555556,0.23570226,0.055555556,0.23570226
32_16_01.bmp,2.833333333333333,0.277777778,0.460888599,0.555555556,0.511309993,0.166666667,0.383482494,0.111111111,0.323380833,0.388888889,0.501631326,0.055555556,0.23570226,0.0,0.0
30_12_05.bmp,2.4444444444444446,0.722222222,0.460888599,0.222222222,0.427792632,0.055555556,0.23570226,0.055555556,0.23570226,0.277777778,0.460888599,0.0,0.0,0.0,0.0
12_24_03.bmp,2.4444444444444446,0.277777778,0.460888599,0.777777778,0.427792632,0.055555556,0.23570226,0.0,0.0,0.111111111,0.323380833,0.111111111,0.323380833,0.055555556,0.23570226
24_14_05.bmp,1.4444444444444444,0.055555556,0.23570226,0.111111111,0.323380833,0.111111111,0.323380833,0.944444444,0.23570226,0.0,0.0,0.0,0.0,0.0,0.0
01255.jpg,2.6666666666666665,0.277777778,0.460888599,0.833333333,0.383482494,0.0,0.0,0.055555556,0.23570226,0.333333333,0.48507125,0.0,0.0,0.166666667,0.383482494
01207.jpg,3.4444444444444446,0.222222222,0.427792632,0.444444444,0.511309993,0.0,0.0,0.0,0.0,0.555555556,0.511309993,0.055555556,0.23570226,0.055555556,0.23570226
01333.jpg,3.888888888888889,0.111111111,0.323380833,0.388888889,0.501631326,0.111111111,0.323380833,0.0,0.0,0.055555556,0.23570226,0.0,0.0,0.055555556,0.23570226
18_24_04.bmp,1.4444444444444444,0.166666667,0.383482494,0.833333333,0.383482494,0.111111111,0.323380833,0.0,0.0,0.055555556,0.23570226,0.0,0.0,0.0,0.0
30_17_03.bmp,2.388888888888889,0.166666667,0.383482494,0.444444444,0.511309993,0.0,0.0,0.055555556,0.23570226,0.444444444,0.511309993,0.111111111,0.323380833,0.166666667,0.383482494
23_03_05.bmp,1.9444444444444444,0.055555556,0.23570226,0.944444444,0.23570226,0.055555556,0.23570226,0.0,0.0,0.277777778,0.460888599,0.0,0.0,0.0,0.0
19_23_03.bmp,2.6666666666666665,0.055555556,0.23570226,0.055555556,0.23570226,0.0,0.0,0.722222222,0.460888599,0.111111111,0.323380833,0.111111111,0.323380833,0.111111111,0.323380833
35_11_04.bmp,1.9444444444444444,0.722222222,0.460888599,0.388888889,0.501631326,0.055555556,0.23570226,0.0,0.0,0.055555556,0.23570226,0.111111111,0.323380833,0.055555556,0.23570226
0439.jpg,2.888888888888889,0.0,0.0,0.888888889,0.323380833,0.0,0.0,0.055555556,0.23570226,0.111111111,0.323380833,0.055555556,0.23570226,0.055555556,0.23570226
08_24_05.bmp,1.5555555555555556,0.0,0.0,0.944444444,0.23570226,0.0,0.0,0.0,0.0,0.055555556,0.23570226,0.0,0.0,0.0,0.0
21_02_03.bmp,2.1666666666666665,0.0,0.0,0.944444444,0.23570226,0.0,0.0,0.055555556,0.23570226,0.0,0.0,0.0,0.0,0.055555556,0.23570226
03_20_03.bmp,2.333333333333333,0.555555556,0.511309993,0.166666667,0.383482494,0.277777778,0.460888599,0.111111111,0.323380833,0.222222222,0.427792632,0.055555556,0.23570226,0.0,0.0
0414.jpg,2.9444444444444446,0.055555556,0.23570226,0.777777778,0.427792632,0.0,0.0,0.111111111,0.323380833,0.0,0.0,0.0,0.0,0.055555556,0.23570226
19_09_03.bmp,2.555555555555556,0.722222222,0.460888599,0.277777778,0.460888599,0.055555556,0.23570226,0.0,0.0,0.111111111,0.323380833,0.055555556,0.23570226,0.111111111,0.323380833
02_25_01.bmp,2.7222222222222223,0.055555556,0.23570226,0.166666667,0.383482494,0.0,0.0,0.0,0.0,0.277777778,0.460888599,0.111111111,0.323380833,0.833333333,0.383482494
06_08_04.bmp,2.555555555555556,0.444444444,0.511309993,0.611111111,0.501631326,0.0,0.0,0.0,0.0,0.055555556,0.23570226,0.111111111,0.323380833,0.055555556,0.23570226
0829.jpg,3.555555555555556,0.055555556,0.23570226,0.444444444,0.511309993,0.0,0.0,0.0,0.0,0.222222222,0.427792632,0.055555556,0.23570226,0.055555556,0.23570226
26_10_03.bmp,3.388888888888889,0.5,0.514495755,0.111111111,0.323380833,0.111111111,0.323380833,0.0,0.0,0.055555556,0.23570226,0.0,0.0,0.0,0.0
08_13_01.bmp,4.222222222222222,0.111111111,0.323380833,0.055555556,0.23570226,0.111111111,0.323380833,0.0,0.0,0.111111111,0.323380833,0.0,0.0,0.055555556,0.23570226
0175.jpg,3.8333333333333335,0.111111111,0.323380833,0.111111111,0.323380833,0.611111111,0.501631326,0.055555556,0.23570226,0.0,0.0,0.055555556,0.23570226,0.055555556,0.23570226
0935.jpg,2.7777777777777777,0.111111111,0.323380833,0.444444444,0.511309993,0.055555556,0.23570226,0.611111111,0.501631326,0.111111111,0.323380833,0.0,0.0,0.055555556,0.23570226
23_03_02.bmp,3.1666666666666665,0.055555556,0.23570226,0.666666667,0.48507125,0.055555556,0.23570226,0.0,0.0,0.222222222,0.427792632,0.0,0.0,0.055555556,0.23570226
04_11_01.bmp,2.833333333333333,0.333333333,0.48507125,0.388888889,0.501631326,0.055555556,0.23570226,0.0,0.0,0.222222222,0.427792632,0.055555556,0.23570226,0.055555556,0.23570226
13_10_01.bmp,3.333333333333333,0.388888889,0.501631326,0.333333333,0.48507125,0.111111111,0.323380833,0.055555556,0.23570226,0.111111111,0.323380833,0.055555556,0.23570226,0.055555556,0.23570226
01383.jpg,3.611111111111111,0.055555556,0.23570226,0.777777778,0.427792632,0.055555556,0.23570226,0.0,0.0,0.0,0.0,0.0,0.0,0.055555556,0.23570226
0403.jpg,2.555555555555556,0.111111111,0.323380833,0.833333333,0.383482494,0.0,0.0,0.055555556,0.23570226,0.055555556,0.23570226,0.055555556,0.23570226,0.055555556,0.23570226
08_17_01.bmp,3.7222222222222223,0.277777778,0.460888599,0.111111111,0.323380833,0.111111111,0.323380833,0.055555556,0.23570226,0.166666667,0.383482494,0.055555556,0.23570226,0.055555556,0.23570226
25_21_04.bmp,2.2777777777777777,0.055555556,0.23570226,0.444444444,0.511309993,0.055555556,0.23570226,0.666666667,0.48507125,0.166666667,0.383482494,0.111111111,0.323380833,0.0,0.0
10_19_04.bmp,2.5,0.166666667,0.383482494,0.444444444,0.511309993,0.388888889,0.501631326,0.0,0.0,0.277777778,0.460888599,0.222222222,0.427792632,0.055555556,0.23570226
03_06_02.bmp,3.0,0.388888889,0.501631326,0.166666667,0.383482494,0.166666667,0.383482494,0.055555556,0.23570226,0.166666667,0.383482494,0.222222222,0.427792632,0.055555556,0.23570226
33_03_02.bmp,3.611111111111111,0.055555556,0.23570226,0.444444444,0.511309993,0.0,0.0,0.055555556,0.23570226,0.555555556,0.511309993,0.0,0.0,0.0,0.0
03_04_05.bmp,2.611111111111111,0.388888889,0.501631326,0.111111111,0.323380833,0.166666667,0.383482494,0.0,0.0,0.055555556,0.23570226,0.277777778,0.460888599,0.055555556,0.23570226
23_01_04.bmp,1.9444444444444444,0.055555556,0.23570226,0.888888889,0.323380833,0.055555556,0.23570226,0.055555556,0.23570226,0.166666667,0.383482494,0.0,0.0,0.0,0.0
0098.jpg,2.7777777777777777,0.0,0.0,0.444444444,0.511309993,1.0,0.0,0.0,0.0,0.0,0.0,0.055555556,0.23570226,0.055555556,0.23570226
01212.jpg,3.388888888888889,0.222222222,0.427792632,0.611111111,0.501631326,0.111111111,0.323380833,0.111111111,0.323380833,0.333333333,0.48507125,0.055555556,0.23570226,0.055555556,0.23570226
36_23_03.bmp,2.611111111111111,0.111111111,0.323380833,0.166666667,0.383482494,0.055555556,0.23570226,0.666666667,0.48507125,0.0,0.0,0.0,0.0,0.222222222,0.427792632
25_04_04.bmp,2.6666666666666665,0.277777778,0.460888599,0.5,0.514495755,0.222222222,0.427792632,0.0,0.0,0.166666667,0.383482494,0.055555556,0.23570226,0.111111111,0.323380833
10_06_02.bmp,2.5,0.333333333,0.48507125,0.555555556,0.511309993,0.111111111,0.323380833,0.055555556,0.23570226,0.277777778,0.460888599,0.333333333,0.48507125,0.055555556,0.23570226
01_24_04.bmp,1.5555555555555556,0.0,0.0,0.944444444,0.23570226,0.111111111,0.323380833,0.0,0.0,0.055555556,0.23570226,0.0,0.0,0.0,0.0
19_03_03.bmp,2.5,0.055555556,0.23570226,0.722222222,0.460888599,0.0,0.0,0.0,0.0,0.111111111,0.323380833,0.055555556,0.23570226,0.0,0.0
0512.jpg,2.888888888888889,0.111111111,0.323380833,0.333333333,0.48507125,0.0,0.0,0.5,0.514495755,0.611111111,0.501631326,0.0,0.0,0.055555556,0.23570226
05_02_05.bmp,1.2222222222222223,0.111111111,0.323380833,0.944444444,0.23570226,0.055555556,0.23570226,0.0,0.0,0.0,0.0,0.111111111,0.323380833,0.0,0.0
06_09_01.bmp,3.1666666666666665,0.666666667,0.48507125,0.166666667,0.383482494,0.166666667,0.383482494,0.0,0.0,0.0,0.0,0.055555556,0.23570226,0.055555556,0.23570226
08_11_05.bmp,2.4444444444444446,0.888888889,0.323380833,0.111111111,0.323380833,0.055555556,0.23570226,0.0,0.0,0.055555556,0.23570226,0.055555556,0.23570226,0.0,0.0
18_08_01.bmp,3.0,0.222222222,0.427792632,0.5,0.514495755,0.055555556,0.23570226,0.0,0.0,0.0,0.0,0.0,0.0,0.055555556,0.23570226
0195.jpg,1.9444444444444444,0.111111111,0.323380833,0.222222222,0.427792632,0.0,0.0,0.944444444,0.23570226,0.0,0.0,0.0,0.0,0.0,0.0
17_06_04.bmp,1.8333333333333333,0.277777778,0.460888599,0.333333333,0.48507125,0.166666667,0.383482494,0.111111111,0.323380833,0.166666667,0.383482494,0.222222222,0.427792632,0.0,0.0
33_18_05.bmp,2.111111111111111,0.0,0.0,0.777777778,0.427792632,0.0,0.0,0.055555556,0.23570226,0.444444444,0.511309993,0.055555556,0.23570226,0.0,0.0
33_08_03.bmp,2.833333333333333,0.111111111,0.323380833,0.611111111,0.501631326,0.0,0.0,0.055555556,0.23570226,0.444444444,0.511309993,0.0,0.0,0.055555556,0.23570226
14_11_03.bmp,2.555555555555556,0.777777778,0.427792632,0.222222222,0.427792632,0.111111111,0.323380833,0.0,0.0,0.111111111,0.323380833,0.111111111,0.323380833,0.055555556,0.23570226
13_18_01.bmp,2.9444444444444446,0.111111111,0.323380833,0.666666667,0.48507125,0.055555556,0.23570226,0.0,0.0,0.222222222,0.427792632,0.0,0.0,0.111111111,0.323380833
09_13_03.bmp,3.1666666666666665,0.055555556,0.23570226,0.333333333,0.48507125,0.555555556,0.511309993,0.0,0.0,0.111111111,0.323380833,0.0,0.0,0.0,0.0
0378.jpg,2.2222222222222223,0.111111111,0.323380833,0.888888889,0.323380833,0.0,0.0,0.111111111,0.323380833,0.0,0.0,0.0,0.0,0.0,0.0
17_02_01.bmp,3.2777777777777777,0.0,0.0,0.555555556,0.511309993,0.055555556,0.23570226,0.0,0.0,0.222222222,0.427792632,0.055555556,0.23570226,0.111111111,0.323380833
0344.jpg,2.4444444444444446,0.166666667,0.383482494,0.833333333,0.383482494,0.055555556,0.23570226,0.055555556,0.23570226,0.055555556,0.23570226,0.0,0.0,0.0,0.0
21_07_02.bmp,2.555555555555556,0.222222222,0.427792632,0.722222222,0.460888599,0.0,0.0,0.055555556,0.23570226,0.0,0.0,0.055555556,0.23570226,0.0,0.0
0058.jpg,3.7777777777777777,0.166666667,0.383482494,0.222222222,0.427792632,0.666666667,0.48507125,0.055555556,0.23570226,0.166666667,0.383482494,0.0,0.0,0.0,0.0
23_20_03.bmp,2.0,0.333333333,0.48507125,0.388888889,0.501631326,0.166666667,0.383482494,0.277777778,0.460888599,0.166666667,0.383482494,0.055555556,0.23570226,0.055555556,0.23570226
28_03_01.bmp,3.4444444444444446,0.055555556,0.23570226,0.5,0.514495755,0.166666667,0.383482494,0.0,0.0,0.166666667,0.383482494,0.111111111,0.323380833,0.0,0.0
25_03_02.bmp,2.833333333333333,0.055555556,0.23570226,0.777777778,0.427792632,0.055555556,0.23570226,0.0,0.0,0.166666667,0.383482494,0.0,0.0,0.055555556,0.23570226
15_07_01.bmp,3.2222222222222223,0.222222222,0.427792632,0.5,0.514495755,0.0,0.0,0.0,0.0,0.333333333,0.48507125,0.0,0.0,0.111111111,0.323380833
04_23_04.bmp,2.555555555555556,0.055555556,0.23570226,0.5,0.514495755,0.0,0.0,0.833333333,0.383482494,0.166666667,0.383482494,0.0,0.0,0.111111111,0.323380833
26_02_01.bmp,4.111111111111111,0.055555556,0.23570226,0.222222222,0.427792632,0.111111111,0.323380833,0.055555556,0.23570226,0.055555556,0.23570226,0.0,0.0,0.111111111,0.323380833
10_12_01.bmp,2.9444444444444446,0.222222222,0.427792632,0.5,0.514495755,0.0,0.0,0.0,0.0,0.444444444,0.511309993,0.222222222,0.427792632,0.0,0.0
0475.jpg,2.9444444444444446,0.055555556,0.23570226,0.388888889,0.501631326,0.055555556,0.23570226,0.222222222,0.427792632,0.611111111,0.501631326,0.0,0.0,0.0,0.0
0075.jpg,3.0,0.055555556,0.23570226,0.388888889,0.501631326,0.777777778,0.427792632,0.0,0.0,0.111111111,0.323380833,0.166666667,0.383482494,0.055555556,0.23570226
14_07_02.bmp,2.4444444444444446,0.166666667,0.383482494,0.777777778,0.427792632,0.111111111,0.323380833,0.0,0.0,0.0,0.0,0.166666667,0.383482494,0.055555556,0.23570226
08_18_05.bmp,2.1666666666666665,0.388888889,0.501631326,0.611111111,0.501631326,0.0,0.0,0.0,0.0,0.055555556,0.23570226,0.055555556,0.23570226,0.055555556,0.23570226
15_02_05.bmp,1.7222222222222223,0.055555556,0.23570226,0.944444444,0.23570226,0.055555556,0.23570226,0.0,0.0,0.111111111,0.323380833,0.0,0.0,0.0,0.0
06_13_01.bmp,4.111111111111111,0.111111111,0.323380833,0.111111111,0.323380833,0.166666667,0.383482494,0.055555556,0.23570226,0.0,0.0,0.055555556,0.23570226,0.055555556,0.23570226
0254.jpg,1.9444444444444444,0.166666667,0.383482494,0.388888889,0.501631326,0.0,0.0,0.888888889,0.323380833,0.111111111,0.323380833,0.055555556,0.23570226,0.0,0.0
31_24_02.bmp,2.7777777777777777,0.0,0.0,0.833333333,0.383482494,0.055555556,0.23570226,0.0,0.0,0.166666667,0.383482494,0.0,0.0,0.055555556,0.23570226
05_07_03.bmp,2.111111111111111,0.277777778,0.460888599,0.777777778,0.427792632,0.111111111,0.323380833,0.0,0.0,0.0,0.0,0.055555556,0.23570226,0.166666667,0.383482494
10_13_05.bmp,2.1666666666666665,0.055555556,0.23570226,0.222222222,0.427792632,0.944444444,0.23570226,0.055555556,0.23570226,0.388888889,0.501631326,0.111111111,0.323380833,0.055555556,0.23570226
27_07_05.bmp,1.2777777777777777,0.055555556,0.23570226,0.888888889,0.323380833,0.055555556,0.23570226,0.0,0.0,0.222222222,0.427792632,0.055555556,0.23570226,0.0,0.0
10_25_01.bmp,2.9444444444444446,0.055555556,0.23570226,0.222222222,0.427792632,0.0,0.0,0.0,0.0,0.222222222,0.427792632,0.111111111,0.323380833,1.0,0.0
06_18_05.bmp,1.5,0.166666667,0.383482494,0.777777778,0.427792632,0.055555556,0.23570226,0.055555556,0.23570226,0.0,0.0,0.111111111,0.323380833,0.055555556,0.23570226
01435.jpg,3.888888888888889,0.055555556,0.23570226,0.5,0.514495755,0.222222222,0.427792632,0.0,0.0,0.055555556,0.23570226,0.0,0.0,0.0,0.0
37_18_04.bmp,3.0,0.111111111,0.323380833,0.666666667,0.48507125,0.0,0.0,0.055555556,0.23570226,0.111111111,0.323380833,0.055555556,0.23570226,0.0,0.0
1054.jpg,3.611111111111111,0.055555556,0.23570226,0.222222222,0.427792632,0.055555556,0.23570226,0.444444444,0.511309993,0.111111111,0.323380833,0.055555556,0.23570226,0.055555556,0.23570226
14_03_04.bmp,1.9444444444444444,0.055555556,0.23570226,0.833333333,0.383482494,0.111111111,0.323380833,0.0,0.0,0.0,0.0,0.055555556,0.23570226,0.055555556,0.23570226
33_21_04.bmp,2.0,0.111111111,0.323380833,0.555555556,0.511309993,0.222222222,0.427792632,0.444444444,0.511309993,0.333333333,0.48507125,0.0,0.0,0.0,0.0
36_09_01.bmp,3.111111111111111,0.555555556,0.511309993,0.5,0.514495755,0.111111111,0.323380833,0.0,0.0,0.055555556,0.23570226,0.0,0.0,0.111111111,0.323380833
1088.jpg,2.2777777777777777,0.055555556,0.23570226,0.055555556,0.23570226,0.0,0.0,0.055555556,0.23570226,0.333333333,0.48507125,0.833333333,0.383482494,0.277777778,0.460888599
01173.jpg,2.333333333333333,0.111111111,0.323380833,0.944444444,0.23570226,0.0,0.0,0.0,0.0,0.388888889,0.501631326,0.0,0.0,0.0,0.0
13_15_05.bmp,3.4444444444444446,0.111111111,0.323380833,0.055555556,0.23570226,0.0,0.0,0.333333333,0.48507125,0.111111111,0.323380833,0.055555556,0.23570226,0.055555556,0.23570226
31_05_04.bmp,2.2222222222222223,0.277777778,0.460888599,0.722222222,0.460888599,0.111111111,0.323380833,0.0,0.0,0.166666667,0.383482494,0.0,0.0,0.055555556,0.23570226
21_24_01.bmp,3.1666666666666665,0.222222222,0.427792632,0.666666667,0.48507125,0.0,0.0,0.055555556,0.23570226,0.0,0.0,0.0,0.0,0.055555556,0.23570226
01309.jpg,3.388888888888889,0.333333333,0.48507125,0.388888889,0.501631326,0.0,0.0,0.055555556,0.23570226,0.5,0.514495755,0.0,0.0,0.055555556,0.23570226
31_01_01.bmp,3.6666666666666665,0.222222222,0.427792632,0.222222222,0.427792632,0.0,0.0,0.055555556,0.23570226,0.277777778,0.460888599,0.0,0.0,0.055555556,0.23570226
23_22_05.bmp,1.8333333333333333,0.222222222,0.427792632,0.833333333,0.383482494,0.055555556,0.23570226,0.055555556,0.23570226,0.222222222,0.427792632,0.0,0.0,0.055555556,0.23570226
0311.jpg,3.055555555555556,0.166666667,0.383482494,0.666666667,0.48507125,0.055555556,0.23570226,0.166666667,0.383482494,0.222222222,0.427792632,0.0,0.0,0.055555556,0.23570226
0500.jpg,2.6666666666666665,0.055555556,0.23570226,0.388888889,0.501631326,0.0,0.0,0.5,0.514495755,0.833333333,0.383482494,0.055555556,0.23570226,0.0,0.0
1012.jpg,3.6666666666666665,0.111111111,0.323380833,0.222222222,0.427792632,0.0,0.0,0.333333333,0.48507125,0.111111111,0.323380833,0.111111111,0.323380833,0.0,0.0
32_06_01.bmp,2.555555555555556,0.277777778,0.460888599,0.333333333,0.48507125,0.166666667,0.383482494,0.055555556,0.23570226,0.444444444,0.511309993,0.166666667,0.383482494,0.0,0.0
12_11_03.bmp,2.833333333333333,0.666666667,0.48507125,0.166666667,0.383482494,0.111111111,0.323380833,0.0,0.0,0.111111111,0.323380833,0.0,0.0,0.0,0.0
11_09_01.bmp,3.055555555555556,0.555555556,0.511309993,0.333333333,0.48507125,0.0,0.0,0.111111111,0.323380833,0.277777778,0.460888599,0.055555556,0.23570226,0.0,0.0
03_02_01.bmp,3.8333333333333335,0.055555556,0.23570226,0.333333333,0.48507125,0.055555556,0.23570226,0.0,0.0,0.111111111,0.323380833,0.055555556,0.23570226,0.055555556,0.23570226
34_22_01.bmp,2.611111111111111,0.222222222,0.427792632,0.722222222,0.460888599,0.333333333,0.48507125,0.055555556,0.23570226,0.0,0.0,0.0,0.0,0.055555556,0.23570226
1139.jpg,2.7222222222222223,0.111111111,0.323380833,0.166666667,0.383482494,0.0,0.0,0.055555556,0.23570226,0.611111111,0.501631326,0.388888889,0.501631326,0.055555556,0.23570226
19_21_01.bmp,2.5,0.055555556,0.23570226,0.166666667,0.383482494,0.888888889,0.323380833,0.0,0.0,0.111111111,0.323380833,0.055555556,0.23570226,0.055555556,0.23570226
01239.jpg,2.111111111111111,0.388888889,0.501631326,0.833333333,0.383482494,0.055555556,0.23570226,0.0,0.0,0.055555556,0.23570226,0.055555556,0.23570226,0.0,0.0
12_23_01.bmp,3.2777777777777777,0.055555556,0.23570226,0.166666667,0.383482494,0.0,0.0,0.722222222,0.460888599,0.111111111,0.323380833,0.055555556,0.23570226,0.166666667,0.383482494
13_20_05.bmp,2.111111111111111,0.611111111,0.501631326,0.111111111,0.323380833,0.111111111,0.323380833,0.222222222,0.427792632,0.111111111,0.323380833,0.111111111,0.323380833,0.111111111,0.323380833
01_19_04.bmp,3.055555555555556,0.055555556,0.23570226,0.611111111,0.501631326,0.111111111,0.323380833,0.055555556,0.23570226,0.0,0.0,0.0,0.0,0.111111111,0.323380833
24_12_02.bmp,3.111111111111111,0.444444444,0.511309993,0.5,0.514495755,0.111111111,0.323380833,0.0,0.0,0.0,0.0,0.0,0.0,0.0,0.0
06_01_03.bmp,3.1666666666666665,0.0,0.0,0.722222222,0.460888599,0.166666667,0.383482494,0.0,0.0,0.0,0.0,0.111111111,0.323380833,0.055555556,0.23570226
24_25_05.bmp,2.0,0.111111111,0.323380833,0.111111111,0.323380833,0.0,0.0,0.0,0.0,0.111111111,0.323380833,0.0,0.0,0.833333333,0.383482494
22_15_03.bmp,3.2777777777777777,0.055555556,0.23570226,0.555555556,0.511309993,0.111111111,0.323380833,0.055555556,0.23570226,0.111111111,0.323380833,0.111111111,0.323380833,0.0,0.0
28_19_03.bmp,2.7777777777777777,0.111111111,0.323380833,0.555555556,0.511309993,0.277777778,0.460888599,0.055555556,0.23570226,0.222222222,0.427792632,0.055555556,0.23570226,0.0,0.0
0383.jpg,2.055555555555556,0.111111111,0.323380833,1.0,0.0,0.055555556,0.23570226,0.111111111,0.323380833,0.0,0.0,0.0,0.0,0.111111111,0.323380833
21_17_01.bmp,3.1666666666666665,0.111111111,0.323380833,0.5,0.514495755,0.0,0.0,0.055555556,0.23570226,0.111111111,0.323380833,0.111111111,0.323380833,0.055555556,0.23570226
25_03_05.bmp,1.4444444444444444,0.0,0.0,0.888888889,0.323380833,0.111111111,0.323380833,0.0,0.0,0.166666667,0.383482494,0.0,0.0,0.0,0.0
19_22_05.bmp,1.6111111111111112,0.222222222,0.427792632,0.833333333,0.383482494,0.055555556,0.23570226,0.0,0.0,0.111111111,0.323380833,0.055555556,0.23570226,0.0,0.0
14_09_04.bmp,2.2777777777777777,0.833333333,0.383482494,0.222222222,0.427792632,0.111111111,0.323380833,0.055555556,0.23570226,0.055555556,0.23570226,0.055555556,0.23570226,0.0,0.0
17_19_01.bmp,3.333333333333333,0.222222222,0.427792632,0.5,0.514495755,0.055555556,0.23570226,0.055555556,0.23570226,0.166666667,0.383482494,0.055555556,0.23570226,0.0,0.0
29_23_03.bmp,2.611111111111111,0.055555556,0.23570226,0.222222222,0.427792632,0.055555556,0.23570226,0.722222222,0.460888599,0.055555556,0.23570226,0.111111111,0.323380833,0.166666667,0.383482494
32_25_04.bmp,2.0,0.055555556,0.23570226,0.222222222,0.427792632,0.055555556,0.23570226,0.055555556,0.23570226,0.277777778,0.460888599,0.055555556,0.23570226,0.833333333,0.383482494
29_08_01.bmp,3.388888888888889,0.166666667,0.383482494,0.5,0.514495755,0.055555556,0.23570226,0.0,0.0,0.055555556,0.23570226,0.111111111,0.323380833,0.0,0.0
05_17_05.bmp,2.333333333333333,0.111111111,0.323380833,0.555555556,0.511309993,0.111111111,0.323380833,0.0,0.0,0.166666667,0.383482494,0.222222222,0.427792632,0.277777778,0.460888599
17_03_02.bmp,3.5,0.111111111,0.323380833,0.666666667,0.48507125,0.0,0.0,0.0,0.0,0.166666667,0.383482494,0.0,0.0,0.055555556,0.23570226
04_08_01.bmp,3.0,0.277777778,0.460888599,0.666666667,0.48507125,0.111111111,0.323380833,0.0,0.0,0.166666667,0.383482494,0.0,0.0,0.0,0.0
04_17_03.bmp,2.4444444444444446,0.166666667,0.383482494,0.666666667,0.48507125,0.111111111,0.323380833,0.055555556,0.23570226,0.277777778,0.460888599,0.055555556,0.23570226,0.388888889,0.501631326
01310.jpg,3.111111111111111,0.388888889,0.501631326,0.611111111,0.501631326,0.0,0.0,0.277777778,0.460888599,0.055555556,0.23570226,0.444444444,0.511309993,0.0,0.0
05_13_01.bmp,3.4444444444444446,0.222222222,0.427792632,0.333333333,0.48507125,0.111111111,0.323380833,0.055555556,0.23570226,0.055555556,0.23570226,0.055555556,0.23570226,0.055555556,0.23570226
18_20_05.bmp,1.5555555555555556,0.5,0.514495755,0.277777778,0.460888599,0.222222222,0.427792632,0.333333333,0.48507125,0.055555556,0.23570226,0.0,0.0,0.111111111,0.323380833
26_05_03.bmp,2.833333333333333,0.333333333,0.48507125,0.666666667,0.48507125,0.111111111,0.323380833,0.0,0.0,0.055555556,0.23570226,0.055555556,0.23570226,0.055555556,0.23570226
07_15_03.bmp,3.055555555555556,0.166666667,0.383482494,0.388888889,0.501631326,0.166666667,0.383482494,0.055555556,0.23570226,0.111111111,0.323380833,0.055555556,0.23570226,0.055555556,0.23570226
03_24_02.bmp,2.7222222222222223,0.055555556,0.23570226,0.5,0.514495755,0.055555556,0.23570226,0.055555556,0.23570226,0.111111111,0.323380833,0.0,0.0,0.055555556,0.23570226
35_24_04.bmp,1.3888888888888888,0.0,0.0,0.888888889,0.323380833,0.111111111,0.323380833,0.0,0.0,0.0,0.0,0.0,0.0,0.0,0.0
21_14_04.bmp,2.2222222222222223,0.166666667,0.383482494,0.333333333,0.48507125,0.166666667,0.383482494,0.722222222,0.460888599,0.0,0.0,0.0,0.0,0.0,0.0
15_06_04.bmp,1.9444444444444444,0.388888889,0.501631326,0.222222222,0.427792632,0.166666667,0.383482494,0.055555556,0.23570226,0.222222222,0.427792632,0.111111111,0.323380833,0.055555556,0.23570226
26_18_04.bmp,2.833333333333333,0.0,0.0,0.722222222,0.460888599,0.111111111,0.323380833,0.0,0.0,0.111111111,0.323380833,0.0,0.0,0.0,0.0
01278.jpg,3.0,0.444444444,0.511309993,0.722222222,0.460888599,0.055555556,0.23570226,0.055555556,0.23570226,0.055555556,0.23570226,0.0,0.0,0.055555556,0.23570226
16_11_03.bmp,2.833333333333333,0.833333333,0.383482494,0.166666667,0.383482494,0.0,0.0,0.0,0.0,0.277777778,0.460888599,0.222222222,0.427792632,0.055555556,0.23570226
19_03_02.bmp,3.0,0.055555556,0.23570226,0.722222222,0.460888599,0.055555556,0.23570226,0.055555556,0.23570226,0.111111111,0.323380833,0.055555556,0.23570226,0.055555556,0.23570226
07_17_04.bmp,2.388888888888889,0.111111111,0.323380833,0.555555556,0.511309993,0.055555556,0.23570226,0.0,0.0,0.277777778,0.460888599,0.111111111,0.323380833,0.277777778,0.460888599
12_04_05.bmp,2.4444444444444446,0.333333333,0.48507125,0.222222222,0.427792632,0.166666667,0.383482494,0.055555556,0.23570226,0.055555556,0.23570226,0.166666667,0.383482494,0.055555556,0.23570226
26_15_01.bmp,3.8333333333333335,0.055555556,0.23570226,0.055555556,0.23570226,0.5,0.514495755,0.0,0.0,0.055555556,0.23570226,0.055555556,0.23570226,0.0,0.0
02_24_01.bmp,2.888888888888889,0.111111111,0.323380833,0.555555556,0.511309993,0.0,0.0,0.111111111,0.323380833,0.333333333,0.48507125,0.055555556,0.23570226,0.111111111,0.323380833
29_06_04.bmp,1.5555555555555556,0.277777778,0.460888599,0.166666667,0.383482494,0.277777778,0.460888599,0.055555556,0.23570226,0.111111111,0.323380833,0.277777778,0.460888599,0.0,0.0
17_23_05.bmp,2.2777777777777777,0.0,0.0,0.222222222,0.427792632,0.0,0.0,0.888888889,0.323380833,0.166666667,0.383482494,0.0,0.0,0.055555556,0.23570226
0800.jpg,3.333333333333333,0.0,0.0,0.5,0.514495755,0.0,0.0,0.055555556,0.23570226,0.111111111,0.323380833,0.0,0.0,0.055555556,0.23570226
33_16_04.bmp,2.611111111111111,0.222222222,0.427792632,0.777777778,0.427792632,0.0,0.0,0.0,0.0,0.444444444,0.511309993,0.0,0.0,0.0,0.0
13_17_05.bmp,2.2222222222222223,0.055555556,0.23570226,0.444444444,0.511309993,0.055555556,0.23570226,0.0,0.0,0.222222222,0.427792632,0.111111111,0.323380833,0.277777778,0.460888599
31_10_03.bmp,2.7777777777777777,0.777777778,0.427792632,0.222222222,0.427792632,0.0,0.0,0.055555556,0.23570226,0.166666667,0.383482494,0.0,0.0,0.055555556,0.23570226
02_20_02.bmp,2.555555555555556,0.5,0.514495755,0.333333333,0.48507125,0.333333333,0.48507125,0.0,0.0,0.388888889,0.501631326,0.055555556,0.23570226,0.0,0.0
30_17_05.bmp,2.2777777777777777,0.111111111,0.323380833,0.444444444,0.511309993,0.055555556,0.23570226,0.0,0.0,0.333333333,0.48507125,0.111111111,0.323380833,0.166666667,0.383482494
09_03_04.bmp,2.055555555555556,0.222222222,0.427792632,0.833333333,0.383482494,0.166666667,0.383482494,0.0,0.0,0.166666667,0.383482494,0.0,0.0,0.0,0.0
03_11_04.bmp,2.7222222222222223,0.722222222,0.460888599,0.222222222,0.427792632,0.055555556,0.23570226,0.0,0.0,0.166666667,0.383482494,0.055555556,0.23570226,0.111111111,0.323380833
15_01_03.bmp,2.6666666666666665,0.0,0.0,0.833333333,0.383482494,0.055555556,0.23570226,0.0,0.0,0.277777778,0.460888599,0.055555556,0.23570226,0.055555556,0.23570226
01234.jpg,3.111111111111111,0.111111111,0.323380833,0.222222222,0.427792632,0.055555556,0.23570226,0.055555556,0.23570226,0.722222222,0.460888599,0.055555556,0.23570226,0.111111111,0.323380833
22_11_01.bmp,3.388888888888889,0.277777778,0.460888599,0.333333333,0.48507125,0.055555556,0.23570226,0.0,0.0,0.111111111,0.323380833,0.222222222,0.427792632,0.0,0.0
0433.jpg,2.888888888888889,0.111111111,0.323380833,0.777777778,0.427792632,0.0,0.0,0.111111111,0.323380833,0.0,0.0,0.0,0.0,0.055555556,0.23570226
0842.jpg,3.4444444444444446,0.222222222,0.427792632,0.388888889,0.501631326,0.0,0.0,0.055555556,0.23570226,0.111111111,0.323380833,0.166666667,0.383482494,0.055555556,0.23570226
08_04_03.bmp,3.5,0.388888889,0.501631326,0.166666667,0.383482494,0.222222222,0.427792632,0.0,0.0,0.166666667,0.383482494,0.0,0.0,0.0,0.0
02_08_05.bmp,1.6111111111111112,0.555555556,0.511309993,0.722222222,0.460888599,0.055555556,0.23570226,0.0,0.0,0.333333333,0.48507125,0.055555556,0.23570226,0.277777778,0.460888599
1121.jpg,2.5,0.111111111,0.323380833,0.222222222,0.427792632,0.0,0.0,0.0,0.0,0.055555556,0.23570226,0.055555556,0.23570226,0.888888889,0.323380833
30_05_01.bmp,3.4444444444444446,0.166666667,0.383482494,0.277777778,0.460888599,0.0,0.0,0.0,0.0,0.333333333,0.48507125,0.055555556,0.23570226,0.0,0.0
03_11_01.bmp,3.5,0.444444444,0.511309993,0.111111111,0.323380833,0.055555556,0.23570226,0.0,0.0,0.055555556,0.23570226,0.0,0.0,0.055555556,0.23570226
24_14_04.bmp,2.055555555555556,0.111111111,0.323380833,0.166666667,0.383482494,0.055555556,0.23570226,0.833333333,0.383482494,0.055555556,0.23570226,0.055555556,0.23570226,0.0,0.0
18_01_04.bmp,1.8333333333333333,0.055555556,0.23570226,0.888888889,0.323380833,0.111111111,0.323380833,0.0,0.0,0.0,0.0,0.055555556,0.23570226,0.055555556,0.23570226
34_06_01.bmp,2.9444444444444446,0.277777778,0.460888599,0.444444444,0.511309993,0.222222222,0.427792632,0.0,0.0,0.055555556,0.23570226,0.166666667,0.383482494,0.111111111,0.323380833
16_05_05.bmp,1.9444444444444444,0.277777778,0.460888599,0.5,0.514495755,0.055555556,0.23570226,0.0,0.0,0.388888889,0.501631326,0.388888889,0.501631326,0.0,0.0
21_02_02.bmp,2.833333333333333,0.0,0.0,0.833333333,0.383482494,0.111111111,0.323380833,0.0,0.0,0.0,0.0,0.0,0.0,0.055555556,0.23570226
14_06_03.bmp,2.111111111111111,0.277777778,0.460888599,0.388888889,0.501631326,0.166666667,0.383482494,0.055555556,0.23570226,0.055555556,0.23570226,0.055555556,0.23570226,0.111111111,0.323380833
06_14_02.bmp,3.7777777777777777,0.333333333,0.48507125,0.166666667,0.383482494,0.055555556,0.23570226,0.055555556,0.23570226,0.0,0.0,0.0,0.0,0.055555556,0.23570226
14_05_02.bmp,3.111111111111111,0.0,0.0,0.777777778,0.427792632,0.055555556,0.23570226,0.0,0.0,0.055555556,0.23570226,0.055555556,0.23570226,0.055555556,0.23570226
04_16_01.bmp,2.888888888888889,0.111111111,0.323380833,0.666666667,0.48507125,0.0,0.0,0.0,0.0,0.222222222,0.427792632,0.0,0.0,0.055555556,0.23570226
37_25_02.bmp,2.833333333333333,0.0,0.0,0.222222222,0.427792632,0.0,0.0,0.111111111,0.323380833,0.055555556,0.23570226,0.055555556,0.23570226,0.888888889,0.323380833
13_16_02.bmp,3.333333333333333,0.166666667,0.383482494,0.388888889,0.501631326,0.0,0.0,0.055555556,0.23570226,0.166666667,0.383482494,0.055555556,0.23570226,0.055555556,0.23570226
1058.jpg,3.7222222222222223,0.055555556,0.23570226,0.277777778,0.460888599,0.055555556,0.23570226,0.333333333,0.48507125,0.055555556,0.23570226,0.111111111,0.323380833,0.111111111,0.323380833
13_06_05.bmp,2.111111111111111,0.388888889,0.501631326,0.222222222,0.427792632,0.388888889,0.501631326,0.055555556,0.23570226,0.222222222,0.427792632,0.166666667,0.383482494,0.055555556,0.23570226
10_20_05.bmp,1.7222222222222223,0.444444444,0.511309993,0.222222222,0.427792632,0.333333333,0.48507125,0.055555556,0.23570226,0.222222222,0.427792632,0.111111111,0.323380833,0.055555556,0.23570226
35_12_02.bmp,2.611111111111111,0.722222222,0.460888599,0.5,0.514495755,0.055555556,0.23570226,0.055555556,0.23570226,0.055555556,0.23570226,0.055555556,0.23570226,0.055555556,0.23570226
04_16_05.bmp,1.7777777777777777,0.277777778,0.460888599,0.944444444,0.23570226,0.0,0.0,0.0,0.0,0.166666667,0.383482494,0.0,0.0,0.0,0.0
0995.jpg,3.111111111111111,0.055555556,0.23570226,0.333333333,0.48507125,0.0,0.0,0.666666667,0.48507125,0.333333333,0.48507125,0.0,0.0,0.0,0.0
01293.jpg,3.1666666666666665,0.333333333,0.48507125,0.444444444,0.511309993,0.055555556,0.23570226,0.055555556,0.23570226,0.388888889,0.501631326,0.0,0.0,0.0,0.0
01483.jpg,3.388888888888889,0.055555556,0.23570226,0.611111111,0.501631326,0.111111111,0.323380833,0.0,0.0,0.055555556,0.23570226,0.055555556,0.23570226,0.055555556,0.23570226
01334.jpg,3.1666666666666665,0.055555556,0.23570226,0.833333333,0.383482494,0.055555556,0.23570226,0.0,0.0,0.055555556,0.23570226,0.0,0.0,0.0,0.0
15_20_01.bmp,2.7777777777777777,0.388888889,0.501631326,0.222222222,0.427792632,0.166666667,0.383482494,0.333333333,0.48507125,0.277777778,0.460888599,0.0,0.0,0.0,0.0
36_23_01.bmp,2.9444444444444446,0.055555556,0.23570226,0.111111111,0.323380833,0.055555556,0.23570226,0.666666667,0.48507125,0.0,0.0,0.055555556,0.23570226,0.277777778,0.460888599
09_18_05.bmp,1.5,0.111111111,0.323380833,0.833333333,0.383482494,0.055555556,0.23570226,0.0,0.0,0.111111111,0.323380833,0.111111111,0.323380833,0.055555556,0.23570226
05_01_05.bmp,1.4444444444444444,0.111111111,0.323380833,1.0,0.0,0.055555556,0.23570226,0.0,0.0,0.055555556,0.23570226,0.111111111,0.323380833,0.0,0.0
17_08_03.bmp,2.5,0.388888889,0.501631326,0.777777778,0.427792632,0.0,0.0,0.055555556,0.23570226,0.166666667,0.383482494,0.055555556,0.23570226,0.0,0.0
02_03_05.bmp,1.5,0.055555556,0.23570226,0.833333333,0.383482494,0.0,0.0,0.0,0.0,0.555555556,0.511309993,0.055555556,0.23570226,0.055555556,0.23570226
02_18_01.bmp,2.388888888888889,0.055555556,0.23570226,0.666666667,0.48507125,0.055555556,0.23570226,0.0,0.0,0.5,0.514495755,0.111111111,0.323380833,0.166666667,0.383482494
16_03_01.bmp,3.2777777777777777,0.055555556,0.23570226,0.222222222,0.427792632,0.0,0.0,0.055555556,0.23570226,0.333333333,0.48507125,0.5,0.514495755,0.0,0.0
14_25_05.bmp,2.0,0.055555556,0.23570226,0.222222222,0.427792632,0.055555556,0.23570226,0.0,0.0,0.0,0.0,0.055555556,0.23570226,0.833333333,0.383482494
34_21_05.bmp,1.7777777777777777,0.222222222,0.427792632,0.666666667,0.48507125,0.277777778,0.460888599,0.277777778,0.460888599,0.0,0.0,0.055555556,0.23570226,0.055555556,0.23570226
01396.jpg,2.7777777777777777,0.111111111,0.323380833,0.833333333,0.383482494,0.111111111,0.323380833,0.0,0.0,0.0,0.0,0.0,0.0,0.055555556,0.23570226
01320.jpg,3.4444444444444446,0.388888889,0.501631326,0.388888889,0.501631326,0.111111111,0.323380833,0.0,0.0,0.0,0.0,0.111111111,0.323380833,0.222222222,0.427792632
07_08_01.bmp,3.111111111111111,0.277777778,0.460888599,0.555555556,0.511309993,0.055555556,0.23570226,0.0,0.0,0.166666667,0.383482494,0.055555556,0.23570226,0.055555556,0.23570226
37_22_05.bmp,1.7222222222222223,0.277777778,0.460888599,0.888888889,0.323380833,0.0,0.0,0.111111111,0.323380833,0.055555556,0.23570226,0.055555556,0.23570226,0.0,0.0
04_10_02.bmp,2.7222222222222223,0.555555556,0.511309993,0.388888889,0.501631326,0.111111111,0.323380833,0.0,0.0,0.277777778,0.460888599,0.0,0.0,0.055555556,0.23570226
24_08_02.bmp,3.0,0.222222222,0.427792632,0.722222222,0.460888599,0.055555556,0.23570226,0.0,0.0,0.055555556,0.23570226,0.055555556,0.23570226,0.0,0.0
01461.jpg,3.1666666666666665,0.055555556,0.23570226,0.777777778,0.427792632,0.111111111,0.323380833,0.0,0.0,0.0,0.0,0.0,0.0,0.055555556,0.23570226
23_13_01.bmp,3.555555555555556,0.055555556,0.23570226,0.333333333,0.48507125,0.166666667,0.383482494,0.055555556,0.23570226,0.277777778,0.460888599,0.055555556,0.23570226,0.055555556,0.23570226
01323.jpg,3.388888888888889,0.333333333,0.48507125,0.444444444,0.511309993,0.0,0.0,0.055555556,0.23570226,0.222222222,0.427792632,0.055555556,0.23570226,0.0,0.0
10_16_04.bmp,2.2777777777777777,0.111111111,0.323380833,0.722222222,0.460888599,0.055555556,0.23570226,0.0,0.0,0.333333333,0.48507125,0.111111111,0.323380833,0.0,0.0
0237.jpg,2.2777777777777777,0.222222222,0.427792632,0.333333333,0.48507125,0.055555556,0.23570226,0.722222222,0.460888599,0.111111111,0.323380833,0.0,0.0,0.0,0.0
14_01_04.bmp,1.6666666666666667,0.055555556,0.23570226,0.888888889,0.323380833,0.055555556,0.23570226,0.055555556,0.23570226,0.0,0.0,0.111111111,0.323380833,0.0,0.0
01_09_03.bmp,2.555555555555556,0.666666667,0.48507125,0.444444444,0.511309993,0.166666667,0.383482494,0.055555556,0.23570226,0.0,0.0,0.0,0.0,0.055555556,0.23570226
11_23_05.bmp,2.0,0.055555556,0.23570226,0.222222222,0.427792632,0.0,0.0,0.777777778,0.427792632,0.222222222,0.427792632,0.055555556,0.23570226,0.166666667,0.383482494
03_07_02.bmp,3.055555555555556,0.388888889,0.501631326,0.611111111,0.501631326,0.111111111,0.323380833,0.0,0.0,0.166666667,0.383482494,0.0,0.0,0.055555556,0.23570226
0232.jpg,2.4444444444444446,0.111111111,0.323380833,0.222222222,0.427792632,0.0,0.0,1.0,0.0,0.055555556,0.23570226,0.0,0.0,0.0,0.0
18_05_05.bmp,1.8888888888888888,0.388888889,0.501631326,0.722222222,0.460888599,0.111111111,0.323380833,0.0,0.0,0.055555556,0.23570226,0.0,0.0,0.055555556,0.23570226
18_08_03.bmp,2.4444444444444446,0.388888889,0.501631326,0.555555556,0.511309993,0.055555556,0.23570226,0.055555556,0.23570226,0.0,0.0,0.055555556,0.23570226,0.055555556,0.23570226
31_11_05.bmp,2.388888888888889,0.666666667,0.48507125,0.222222222,0.427792632,0.055555556,0.23570226,0.0,0.0,0.166666667,0.383482494,0.0,0.0,0.055555556,0.23570226
0531.jpg,2.6666666666666665,0.111111111,0.323380833,0.555555556,0.511309993,0.055555556,0.23570226,0.222222222,0.427792632,0.777777778,0.427792632,0.0,0.0,0.055555556,0.23570226
01175.jpg,4.277777777777778,0.111111111,0.323380833,0.111111111,0.323380833,0.0,0.0,0.0,0.0,0.0,0.0,0.055555556,0.23570226,0.0,0.0
15_25_01.bmp,3.111111111111111,0.055555556,0.23570226,0.055555556,0.23570226,0.0,0.0,0.0,0.0,0.166666667,0.383482494,0.0,0.0,0.888888889,0.323380833
02_12_01.bmp,3.333333333333333,0.333333333,0.48507125,0.5,0.514495755,0.0,0.0,0.055555556,0.23570226,0.5,0.514495755,0.055555556,0.23570226,0.0,0.0
19_15_02.bmp,2.388888888888889,0.055555556,0.23570226,0.111111111,0.323380833,0.777777778,0.427792632,0.055555556,0.23570226,0.055555556,0.23570226,0.055555556,0.23570226,0.055555556,0.23570226
33_16_05.bmp,1.9444444444444444,0.166666667,0.383482494,0.944444444,0.23570226,0.055555556,0.23570226,0.0,0.0,0.333333333,0.48507125,0.0,0.0,0.0,0.0
0875.jpg,3.6666666666666665,0.055555556,0.23570226,0.444444444,0.511309993,0.0,0.0,0.055555556,0.23570226,0.111111111,0.323380833,0.0,0.0,0.0,0.0
19_11_04.bmp,2.555555555555556,0.777777778,0.427792632,0.277777778,0.460888599,0.055555556,0.23570226,0.0,0.0,0.166666667,0.383482494,0.111111111,0.323380833,0.055555556,0.23570226
23_02_05.bmp,1.3333333333333333,0.055555556,0.23570226,0.833333333,0.383482494,0.055555556,0.23570226,0.055555556,0.23570226,0.166666667,0.383482494,0.0,0.0,0.0,0.0
18_16_03.bmp,2.7222222222222223,0.166666667,0.383482494,0.722222222,0.460888599,0.0,0.0,0.111111111,0.323380833,0.0,0.0,0.0,0.0,0.111111111,0.323380833
11_24_04.bmp,1.7777777777777777,0.055555556,0.23570226,0.833333333,0.383482494,0.0,0.0,0.0,0.0,0.277777778,0.460888599,0.0,0.0,0.111111111,0.323380833
10_24_01.bmp,3.2222222222222223,0.0,0.0,0.722222222,0.460888599,0.0,0.0,0.166666667,0.383482494,0.333333333,0.48507125,0.166666667,0.383482494,0.055555556,0.23570226
16_09_01.bmp,3.111111111111111,0.666666667,0.48507125,0.166666667,0.383482494,0.055555556,0.23570226,0.0,0.0,0.333333333,0.48507125,0.277777778,0.460888599,0.0,0.0
25_09_04.bmp,2.2777777777777777,0.777777778,0.427792632,0.333333333,0.48507125,0.111111111,0.323380833,0.0,0.0,0.166666667,0.383482494,0.055555556,0.23570226,0.055555556,0.23570226
02_21_01.bmp,2.6666666666666665,0.055555556,0.23570226,0.166666667,0.383482494,0.777777778,0.427792632,0.055555556,0.23570226,0.166666667,0.383482494,0.055555556,0.23570226,0.0,0.0
31_09_03.bmp,2.833333333333333,0.722222222,0.460888599,0.277777778,0.460888599,0.055555556,0.23570226,0.0,0.0,0.166666667,0.383482494,0.0,0.0,0.055555556,0.23570226
26_03_04.bmp,2.6666666666666665,0.111111111,0.323380833,0.833333333,0.383482494,0.111111111,0.323380833,0.0,0.0,0.111111111,0.323380833,0.0,0.0,0.0,0.0
04_17_02.bmp,2.611111111111111,0.111111111,0.323380833,0.666666667,0.48507125,0.166666667,0.383482494,0.0,0.0,0.333333333,0.48507125,0.055555556,0.23570226,0.277777778,0.460888599
34_01_03.bmp,2.611111111111111,0.055555556,0.23570226,0.833333333,0.383482494,0.277777778,0.460888599,0.055555556,0.23570226,0.111111111,0.323380833,0.0,0.0,0.055555556,0.23570226
1018.jpg,3.6666666666666665,0.111111111,0.323380833,0.388888889,0.501631326,0.0,0.0,0.166666667,0.383482494,0.055555556,0.23570226,0.166666667,0.383482494,0.055555556,0.23570226
0033.jpg,2.6666666666666665,0.0,0.0,0.277777778,0.460888599,0.888888889,0.323380833,0.0,0.0,0.0,0.0,0.111111111,0.323380833,0.0,0.0
33_14_04.bmp,1.7777777777777777,0.111111111,0.323380833,0.333333333,0.48507125,0.055555556,0.23570226,0.888888889,0.323380833,0.333333333,0.48507125,0.055555556,0.23570226,0.0,0.0
01_17_01.bmp,2.7777777777777777,0.166666667,0.383482494,0.666666667,0.48507125,0.111111111,0.323380833,0.0,0.0,0.166666667,0.383482494,0.055555556,0.23570226,0.166666667,0.383482494
06_11_03.bmp,2.9444444444444446,0.666666667,0.48507125,0.222222222,0.427792632,0.111111111,0.323380833,0.0,0.0,0.055555556,0.23570226,0.111111111,0.323380833,0.055555556,0.23570226
0858.jpg,3.555555555555556,0.166666667,0.383482494,0.444444444,0.511309993,0.111111111,0.323380833,0.0,0.0,0.166666667,0.383482494,0.0,0.0,0.055555556,0.23570226
18_01_05.bmp,1.4444444444444444,0.0,0.0,0.888888889,0.323380833,0.055555556,0.23570226,0.0,0.0,0.055555556,0.23570226,0.0,0.0,0.055555556,0.23570226
18_05_02.bmp,2.833333333333333,0.333333333,0.48507125,0.555555556,0.511309993,0.111111111,0.323380833,0.0,0.0,0.0,0.0,0.0,0.0,0.055555556,0.23570226
06_10_01.bmp,3.388888888888889,0.388888889,0.501631326,0.166666667,0.383482494,0.111111111,0.323380833,0.0,0.0,0.0,0.0,0.055555556,0.23570226,0.055555556,0.23570226
0882.jpg,3.8333333333333335,0.222222222,0.427792632,0.388888889,0.501631326,0.055555556,0.23570226,0.0,0.0,0.111111111,0.323380833,0.0,0.0,0.0,0.0
29_02_03.bmp,2.1666666666666665,0.055555556,0.23570226,0.888888889,0.323380833,0.055555556,0.23570226,0.0,0.0,0.111111111,0.323380833,0.055555556,0.23570226,0.055555556,0.23570226
04_19_02.bmp,2.555555555555556,0.277777778,0.460888599,0.777777778,0.427792632,0.166666667,0.383482494,0.055555556,0.23570226,0.166666667,0.383482494,0.055555556,0.23570226,0.055555556,0.23570226
0577.jpg,3.2222222222222223,0.055555556,0.23570226,0.277777778,0.460888599,0.0,0.0,0.055555556,0.23570226,0.611111111,0.501631326,0.055555556,0.23570226,0.055555556,0.23570226
03_08_05.bmp,2.111111111111111,0.555555556,0.511309993,0.611111111,0.501631326,0.055555556,0.23570226,0.0,0.0,0.166666667,0.383482494,0.055555556,0.23570226,0.166666667,0.383482494
11_10_03.bmp,2.4444444444444446,0.777777778,0.427792632,0.333333333,0.48507125,0.0,0.0,0.055555556,0.23570226,0.166666667,0.383482494,0.055555556,0.23570226,0.0,0.0
06_11_05.bmp,2.055555555555556,0.777777778,0.427792632,0.222222222,0.427792632,0.055555556,0.23570226,0.0,0.0,0.055555556,0.23570226,0.166666667,0.383482494,0.0,0.0
37_20_02.bmp,2.555555555555556,0.222222222,0.427792632,0.444444444,0.511309993,0.111111111,0.323380833,0.333333333,0.48507125,0.055555556,0.23570226,0.055555556,0.23570226,0.055555556,0.23570226
23_05_03.bmp,2.2222222222222223,0.333333333,0.48507125,0.666666667,0.48507125,0.055555556,0.23570226,0.0,0.0,0.277777778,0.460888599,0.166666667,0.383482494,0.0,0.0
1056.jpg,3.388888888888889,0.0,0.0,0.388888889,0.501631326,0.0,0.0,0.555555556,0.511309993,0.111111111,0.323380833,0.111111111,0.323380833,0.055555556,0.23570226
27_14_03.bmp,2.2777777777777777,0.0,0.0,0.333333333,0.48507125,0.055555556,0.23570226,0.777777778,0.427792632,0.388888889,0.501631326,0.055555556,0.23570226,0.0,0.0
07_08_03.bmp,2.333333333333333,0.5,0.514495755,0.722222222,0.460888599,0.055555556,0.23570226,0.055555556,0.23570226,0.055555556,0.23570226,0.055555556,0.23570226,0.111111111,0.323380833
30_06_03.bmp,2.5,0.277777778,0.460888599,0.222222222,0.427792632,0.222222222,0.427792632,0.055555556,0.23570226,0.333333333,0.48507125,0.166666667,0.383482494,0.055555556,0.23570226
36_06_01.bmp,3.2222222222222223,0.111111111,0.323380833,0.555555556,0.511309993,0.111111111,0.323380833,0.055555556,0.23570226,0.055555556,0.23570226,0.0,0.0,0.055555556,0.23570226
22_18_04.bmp,2.0,0.055555556,0.23570226,0.944444444,0.23570226,0.055555556,0.23570226,0.0,0.0,0.055555556,0.23570226,0.166666667,0.383482494,0.0,0.0
0122.jpg,2.6666666666666665,0.055555556,0.23570226,0.388888889,0.501631326,0.944444444,0.23570226,0.0,0.0,0.055555556,0.23570226,0.0,0.0,0.0,0.0
03_07_01.bmp,3.7222222222222223,0.166666667,0.383482494,0.277777778,0.460888599,0.055555556,0.23570226,0.0,0.0,0.166666667,0.383482494,0.0,0.0,0.111111111,0.323380833
25_17_01.bmp,2.7777777777777777,0.055555556,0.23570226,0.5,0.514495755,0.055555556,0.23570226,0.0,0.0,0.166666667,0.383482494,0.111111111,0.323380833,0.277777778,0.460888599
13_06_04.bmp,2.611111111111111,0.333333333,0.48507125,0.222222222,0.427792632,0.333333333,0.48507125,0.055555556,0.23570226,0.166666667,0.383482494,0.222222222,0.427792632,0.055555556,0.23570226
07_21_03.bmp,2.388888888888889,0.055555556,0.23570226,0.388888889,0.501631326,0.666666667,0.48507125,0.111111111,0.323380833,0.0,0.0,0.055555556,0.23570226,0.055555556,0.23570226
16_21_02.bmp,2.555555555555556,0.055555556,0.23570226,0.111111111,0.323380833,0.666666667,0.48507125,0.0,0.0,0.277777778,0.460888599,0.333333333,0.48507125,0.0,0.0
01342.jpg,3.2222222222222223,0.055555556,0.23570226,0.666666667,0.48507125,0.222222222,0.427792632,0.0,0.0,0.055555556,0.23570226,0.0,0.0,0.111111111,0.323380833
31_08_03.bmp,2.7777777777777777,0.333333333,0.48507125,0.722222222,0.460888599,0.0,0.0,0.055555556,0.23570226,0.111111111,0.323380833,0.055555556,0.23570226,0.055555556,0.23570226
29_10_03.bmp,3.055555555555556,0.5,0.514495755,0.222222222,0.427792632,0.0,0.0,0.055555556,0.23570226,0.111111111,0.323380833,0.111111111,0.323380833,0.0,0.0
17_20_01.bmp,2.611111111111111,0.277777778,0.460888599,0.333333333,0.48507125,0.222222222,0.427792632,0.166666667,0.383482494,0.166666667,0.383482494,0.0,0.0,0.111111111,0.323380833
22_06_04.bmp,2.1666666666666665,0.444444444,0.511309993,0.333333333,0.48507125,0.111111111,0.323380833,0.111111111,0.323380833,0.111111111,0.323380833,0.277777778,0.460888599,0.0,0.0
10_25_02.bmp,2.6666666666666665,0.0,0.0,0.222222222,0.427792632,0.0,0.0,0.0,0.0,0.277777778,0.460888599,0.111111111,0.323380833,0.888888889,0.323380833
01_01_04.bmp,2.055555555555556,0.166666667,0.383482494,1.0,0.0,0.111111111,0.323380833,0.0,0.0,0.0,0.0,0.0,0.0,0.055555556,0.23570226
17_12_04.bmp,2.2777777777777777,0.666666667,0.48507125,0.333333333,0.48507125,0.111111111,0.323380833,0.0,0.0,0.222222222,0.427792632,0.055555556,0.23570226,0.0,0.0
07_19_05.bmp,1.8888888888888888,0.111111111,0.323380833,0.333333333,0.48507125,0.777777778,0.427792632,0.055555556,0.23570226,0.111111111,0.323380833,0.055555556,0.23570226,0.0,0.0
21_17_04.bmp,2.4444444444444446,0.055555556,0.23570226,0.5,0.514495755,0.0,0.0,0.0,0.0,0.111111111,0.323380833,0.222222222,0.427792632,0.166666667,0.383482494
35_15_01.bmp,1.7222222222222223,0.055555556,0.23570226,0.166666667,0.383482494,0.888888889,0.323380833,0.055555556,0.23570226,0.0,0.0,0.0,0.0,0.0,0.0
22_15_05.bmp,2.611111111111111,0.055555556,0.23570226,0.444444444,0.511309993,0.0,0.0,0.611111111,0.501631326,0.111111111,0.323380833,0.222222222,0.427792632,0.0,0.0
20_01_01.bmp,3.333333333333333,0.055555556,0.23570226,0.388888889,0.501631326,0.055555556,0.23570226,0.0,0.0,0.222222222,0.427792632,0.055555556,0.23570226,0.055555556,0.23570226
01295.jpg,4.166666666666667,0.166666667,0.383482494,0.166666667,0.383482494,0.055555556,0.23570226,0.055555556,0.23570226,0.166666667,0.383482494,0.0,0.0,0.111111111,0.323380833
0370.jpg,2.2777777777777777,0.111111111,0.323380833,0.888888889,0.323380833,0.0,0.0,0.111111111,0.323380833,0.055555556,0.23570226,0.0,0.0,0.0,0.0
17_15_04.bmp,2.833333333333333,0.111111111,0.323380833,0.222222222,0.427792632,0.055555556,0.23570226,0.111111111,0.323380833,0.222222222,0.427792632,0.055555556,0.23570226,0.055555556,0.23570226
24_18_04.bmp,2.2777777777777777,0.0,0.0,0.666666667,0.48507125,0.055555556,0.23570226,0.0,0.0,0.055555556,0.23570226,0.0,0.0,0.111111111,0.323380833
24_06_03.bmp,2.5,0.222222222,0.427792632,0.388888889,0.501631326,0.388888889,0.501631326,0.055555556,0.23570226,0.0,0.0,0.0,0.0,0.0,0.0
0992.jpg,3.0,0.0,0.0,0.388888889,0.501631326,0.0,0.0,0.666666667,0.48507125,0.333333333,0.48507125,0.0,0.0,0.111111111,0.323380833
01_16_02.bmp,2.888888888888889,0.111111111,0.323380833,0.722222222,0.460888599,0.0,0.0,0.166666667,0.383482494,0.0,0.0,0.0,0.0,0.055555556,0.23570226
26_06_04.bmp,2.9444444444444446,0.277777778,0.460888599,0.111111111,0.323380833,0.333333333,0.48507125,0.111111111,0.323380833,0.055555556,0.23570226,0.166666667,0.383482494,0.055555556,0.23570226
28_12_02.bmp,2.833333333333333,0.5,0.514495755,0.5,0.514495755,0.111111111,0.323380833,0.055555556,0.23570226,0.222222222,0.427792632,0.055555556,0.23570226,0.0,0.0
0621.jpg,3.2777777777777777,0.166666667,0.383482494,0.5,0.514495755,0.0,0.0,0.166666667,0.383482494,0.0,0.0,0.0,0.0,0.055555556,0.23570226
08_10_01.bmp,4.166666666666667,0.222222222,0.427792632,0.166666667,0.383482494,0.055555556,0.23570226,0.055555556,0.23570226,0.111111111,0.323380833,0.0,0.0,0.055555556,0.23570226
01177.jpg,4.611111111111111,0.166666667,0.383482494,0.0,0.0,0.0,0.0,0.0,0.0,0.055555556,0.23570226,0.055555556,0.23570226,0.0,0.0
32_25_02.bmp,2.4444444444444446,0.111111111,0.323380833,0.222222222,0.427792632,0.055555556,0.23570226,0.0,0.0,0.277777778,0.460888599,0.111111111,0.323380833,0.833333333,0.383482494
35_09_05.bmp,1.8888888888888888,0.888888889,0.323380833,0.333333333,0.48507125,0.111111111,0.323380833,0.0,0.0,0.055555556,0.23570226,0.055555556,0.23570226,0.055555556,0.23570226
03_09_05.bmp,2.555555555555556,0.666666667,0.48507125,0.222222222,0.427792632,0.055555556,0.23570226,0.0,0.0,0.166666667,0.383482494,0.0,0.0,0.055555556,0.23570226
1063.jpg,3.6666666666666665,0.055555556,0.23570226,0.388888889,0.501631326,0.055555556,0.23570226,0.277777778,0.460888599,0.111111111,0.323380833,0.055555556,0.23570226,0.055555556,0.23570226
0633.jpg,3.388888888888889,0.111111111,0.323380833,0.444444444,0.511309993,0.0,0.0,0.166666667,0.383482494,0.166666667,0.383482494,0.055555556,0.23570226,0.055555556,0.23570226
1092.jpg,2.388888888888889,0.055555556,0.23570226,0.333333333,0.48507125,0.0,0.0,0.0,0.0,0.722222222,0.460888599,0.277777778,0.460888599,0.055555556,0.23570226
20_10_05.bmp,2.111111111111111,0.722222222,0.460888599,0.222222222,0.427792632,0.111111111,0.323380833,0.055555556,0.23570226,0.111111111,0.323380833,0.055555556,0.23570226,0.0,0.0
02_18_04.bmp,2.4444444444444446,0.166666667,0.383482494,0.666666667,0.48507125,0.055555556,0.23570226,0.055555556,0.23570226,0.611111111,0.501631326,0.055555556,0.23570226,0.0,0.0
06_19_04.bmp,3.5,0.055555556,0.23570226,0.111111111,0.323380833,0.611111111,0.501631326,0.0,0.0,0.0,0.0,0.0,0.0,0.055555556,0.23570226
13_13_01.bmp,3.8333333333333335,0.0,0.0,0.222222222,0.427792632,0.111111111,0.323380833,0.0,0.0,0.166666667,0.383482494,0.055555556,0.23570226,0.055555556,0.23570226
05_05_04.bmp,1.7777777777777777,0.444444444,0.511309993,0.444444444,0.511309993,0.055555556,0.23570226,0.055555556,0.23570226,0.0,0.0,0.111111111,0.323380833,0.055555556,0.23570226
29_05_03.bmp,2.555555555555556,0.333333333,0.48507125,0.666666667,0.48507125,0.0,0.0,0.0,0.0,0.111111111,0.323380833,0.111111111,0.323380833,0.055555556,0.23570226
0804.jpg,3.611111111111111,0.0,0.0,0.444444444,0.511309993,0.055555556,0.23570226,0.0,0.0,0.111111111,0.323380833,0.0,0.0,0.0,0.0
29_02_01.bmp,3.4444444444444446,0.111111111,0.323380833,0.5,0.514495755,0.0,0.0,0.055555556,0.23570226,0.111111111,0.323380833,0.055555556,0.23570226,0.055555556,0.23570226
06_23_05.bmp,2.055555555555556,0.055555556,0.23570226,0.111111111,0.323380833,0.0,0.0,0.833333333,0.383482494,0.0,0.0,0.0,0.0,0.166666667,0.383482494
24_20_05.bmp,1.6666666666666667,0.611111111,0.501631326,0.444444444,0.511309993,0.166666667,0.383482494,0.166666667,0.383482494,0.055555556,0.23570226,0.0,0.0,0.0,0.0
31_03_05.bmp,1.7777777777777777,0.0,0.0,0.888888889,0.323380833,0.0,0.0,0.055555556,0.23570226,0.111111111,0.323380833,0.0,0.0,0.0,0.0
01372.jpg,4.055555555555555,0.111111111,0.323380833,0.444444444,0.511309993,0.166666667,0.383482494,0.0,0.0,0.0,0.0,0.0,0.0,0.055555556,0.23570226
17_25_02.bmp,2.888888888888889,0.055555556,0.23570226,0.0,0.0,0.0,0.0,0.0,0.0,0.222222222,0.427792632,0.055555556,0.23570226,0.777777778,0.427792632
0692.jpg,3.055555555555556,0.111111111,0.323380833,0.5,0.514495755,0.055555556,0.23570226,0.0,0.0,0.222222222,0.427792632,0.166666667,0.383482494,0.055555556,0.23570226
0257.jpg,1.7777777777777777,0.111111111,0.323380833,0.388888889,0.501631326,0.055555556,0.23570226,0.833333333,0.383482494,0.055555556,0.23570226,0.0,0.0,0.055555556,0.23570226
0728.jpg,3.4444444444444446,0.055555556,0.23570226,0.277777778,0.460888599,0.0,0.0,0.111111111,0.323380833,0.166666667,0.383482494,0.111111111,0.323380833,0.055555556,0.23570226
36_14_05.bmp,1.9444444444444444,0.333333333,0.48507125,0.444444444,0.511309993,0.111111111,0.323380833,0.388888889,0.501631326,0.055555556,0.23570226,0.055555556,0.23570226,0.055555556,0.23570226
01_13_05.bmp,2.1666666666666665,0.055555556,0.23570226,0.722222222,0.460888599,0.388888889,0.501631326,0.0,0.0,0.0,0.0,0.055555556,0.23570226,0.111111111,0.323380833
34_24_01.bmp,2.9444444444444446,0.0,0.0,0.666666667,0.48507125,0.222222222,0.427792632,0.0,0.0,0.055555556,0.23570226,0.0,0.0,0.055555556,0.23570226
33_07_02.bmp,2.888888888888889,0.0,0.0,0.722222222,0.460888599,0.055555556,0.23570226,0.0,0.0,0.5,0.514495755,0.055555556,0.23570226,0.0,0.0
19_14_01.bmp,3.5,0.055555556,0.23570226,0.333333333,0.48507125,0.055555556,0.23570226,0.0,0.0,0.111111111,0.323380833,0.166666667,0.383482494,0.111111111,0.323380833
11_22_05.bmp,1.7777777777777777,0.277777778,0.460888599,0.777777778,0.427792632,0.0,0.0,0.111111111,0.323380833,0.222222222,0.427792632,0.0,0.0,0.055555556,0.23570226
0325.jpg,3.0,0.111111111,0.323380833,0.777777778,0.427792632,0.055555556,0.23570226,0.111111111,0.323380833,0.111111111,0.323380833,0.0,0.0,0.0,0.0
06_25_01.bmp,2.833333333333333,0.055555556,0.23570226,0.055555556,0.23570226,0.055555556,0.23570226,0.055555556,0.23570226,0.0,0.0,0.055555556,0.23570226,0.944444444,0.23570226
16_25_04.bmp,2.1666666666666665,0.0,0.0,0.166666667,0.383482494,0.0,0.0,0.0,0.0,0.277777778,0.460888599,0.277777778,0.460888599,0.777777778,0.427792632
0530.jpg,3.111111111111111,0.111111111,0.323380833,0.5,0.514495755,0.0,0.0,0.111111111,0.323380833,0.833333333,0.383482494,0.055555556,0.23570226,0.0,0.0
06_02_05.bmp,1.1666666666666667,0.0,0.0,0.944444444,0.23570226,0.055555556,0.23570226,0.055555556,0.23570226,0.0,0.0,0.111111111,0.323380833,0.055555556,0.23570226
14_20_01.bmp,2.833333333333333,0.166666667,0.383482494,0.388888889,0.501631326,0.388888889,0.501631326,0.166666667,0.383482494,0.0,0.0,0.0,0.0,0.111111111,0.323380833
14_08_01.bmp,3.7222222222222223,0.055555556,0.23570226,0.555555556,0.511309993,0.166666667,0.383482494,0.0,0.0,0.0,0.0,0.111111111,0.323380833,0.055555556,0.23570226
02_14_04.bmp,2.0,0.111111111,0.323380833,0.388888889,0.501631326,0.0,0.0,0.888888889,0.323380833,0.388888889,0.501631326,0.111111111,0.323380833,0.0,0.0
28_15_03.bmp,3.2777777777777777,0.055555556,0.23570226,0.388888889,0.501631326,0.222222222,0.427792632,0.0,0.0,0.111111111,0.323380833,0.111111111,0.323380833,0.055555556,0.23570226
32_14_01.bmp,2.7222222222222223,0.055555556,0.23570226,0.388888889,0.501631326,0.111111111,0.323380833,0.5,0.514495755,0.333333333,0.48507125,0.055555556,0.23570226,0.0,0.0
0964.jpg,2.5,0.111111111,0.323380833,0.666666667,0.48507125,0.055555556,0.23570226,0.611111111,0.501631326,0.222222222,0.427792632,0.0,0.0,0.055555556,0.23570226
0441.jpg,2.888888888888889,0.055555556,0.23570226,0.722222222,0.460888599,0.0,0.0,0.111111111,0.323380833,0.0,0.0,0.0,0.0,0.055555556,0.23570226
16_13_05.bmp,2.4444444444444446,0.0,0.0,0.166666667,0.383482494,0.777777778,0.427792632,0.0,0.0,0.277777778,0.460888599,0.333333333,0.48507125,0.055555556,0.23570226
16_05_04.bmp,2.1666666666666665,0.222222222,0.427792632,0.555555556,0.511309993,0.111111111,0.323380833,0.0,0.0,0.388888889,0.501631326,0.444444444,0.511309993,0.055555556,0.23570226
27_07_02.bmp,2.833333333333333,0.055555556,0.23570226,0.777777778,0.427792632,0.0,0.0,0.055555556,0.23570226,0.388888889,0.501631326,0.055555556,0.23570226,0.111111111,0.323380833
01345.jpg,3.7777777777777777,0.111111111,0.323380833,0.444444444,0.511309993,0.055555556,0.23570226,0.0,0.0,0.055555556,0.23570226,0.055555556,0.23570226,0.055555556,0.23570226
05_06_03.bmp,2.333333333333333,0.388888889,0.501631326,0.444444444,0.511309993,0.222222222,0.427792632,0.055555556,0.23570226,0.055555556,0.23570226,0.277777778,0.460888599,0.055555556,0.23570226
11_19_02.bmp,2.6666666666666665,0.111111111,0.323380833,0.333333333,0.48507125,0.388888889,0.501631326,0.0,0.0,0.222222222,0.427792632,0.111111111,0.323380833,0.055555556,0.23570226
26_23_05.bmp,2.2222222222222223,0.0,0.0,0.055555556,0.23570226,0.0,0.0,0.722222222,0.460888599,0.055555556,0.23570226,0.0,0.0,0.111111111,0.323380833
12_14_02.bmp,3.5,0.166666667,0.383482494,0.111111111,0.323380833,0.111111111,0.323380833,0.222222222,0.427792632,0.055555556,0.23570226,0.055555556,0.23570226,0.055555556,0.23570226
06_01_02.bmp,3.7222222222222223,0.111111111,0.323380833,0.111111111,0.323380833,0.166666667,0.383482494,0.055555556,0.23570226,0.0,0.0,0.055555556,0.23570226,0.055555556,0.23570226
34_05_02.bmp,3.333333333333333,0.222222222,0.427792632,0.5,0.514495755,0.166666667,0.383482494,0.111111111,0.323380833,0.0,0.0,0.055555556,0.23570226,0.055555556,0.23570226
21_08_04.bmp,2.111111111111111,0.277777778,0.460888599,0.666666667,0.48507125,0.055555556,0.23570226,0.111111111,0.323380833,0.055555556,0.23570226,0.055555556,0.23570226,0.055555556,0.23570226
22_08_01.bmp,3.333333333333333,0.111111111,0.323380833,0.5,0.514495755,0.055555556,0.23570226,0.055555556,0.23570226,0.111111111,0.323380833,0.166666667,0.383482494,0.0,0.0
09_06_01.bmp,2.888888888888889,0.277777778,0.460888599,0.5,0.514495755,0.111111111,0.323380833,0.055555556,0.23570226,0.111111111,0.323380833,0.166666667,0.383482494,0.055555556,0.23570226
20_19_05.bmp,1.4444444444444444,0.055555556,0.23570226,0.166666667,0.383482494,0.833333333,0.383482494,0.0,0.0,0.055555556,0.23570226,0.111111111,0.323380833,0.0,0.0
03_17_01.bmp,3.555555555555556,0.055555556,0.23570226,0.333333333,0.48507125,0.166666667,0.383482494,0.111111111,0.323380833,0.166666667,0.383482494,0.0,0.0,0.166666667,0.383482494
01_02_02.bmp,2.555555555555556,0.055555556,0.23570226,0.777777778,0.427792632,0.166666667,0.383482494,0.055555556,0.23570226,0.0,0.0,0.0,0.0,0.055555556,0.23570226
0083.jpg,3.2222222222222223,0.055555556,0.23570226,0.277777778,0.460888599,0.722222222,0.460888599,0.111111111,0.323380833,0.0,0.0,0.0,0.0,0.055555556,0.23570226
01499.jpg,3.111111111111111,0.055555556,0.23570226,0.611111111,0.501631326,0.222222222,0.427792632,0.0,0.0,0.055555556,0.23570226,0.0,0.0,0.055555556,0.23570226
12_10_05.bmp,2.2222222222222223,0.777777778,0.427792632,0.166666667,0.383482494,0.055555556,0.23570226,0.0,0.0,0.111111111,0.323380833,0.0,0.0,0.0,0.0
0275.jpg,2.2777777777777777,0.166666667,0.383482494,0.333333333,0.48507125,0.0,0.0,0.833333333,0.383482494,0.111111111,0.323380833,0.0,0.0,0.055555556,0.23570226
01306.jpg,3.388888888888889,0.388888889,0.501631326,0.611111111,0.501631326,0.055555556,0.23570226,0.0,0.0,0.055555556,0.23570226,0.0,0.0,0.0,0.0
01322.jpg,2.7777777777777777,0.5,0.514495755,0.666666667,0.48507125,0.111111111,0.323380833,0.0,0.0,0.222222222,0.427792632,0.166666667,0.383482494,0.0,0.0
24_12_01.bmp,3.5,0.111111111,0.323380833,0.388888889,0.501631326,0.166666667,0.383482494,0.0,0.0,0.0,0.0,0.055555556,0.23570226,0.055555556,0.23570226
30_07_03.bmp,2.6666666666666665,0.333333333,0.48507125,0.666666667,0.48507125,0.0,0.0,0.0,0.0,0.277777778,0.460888599,0.055555556,0.23570226,0.055555556,0.23570226
0537.jpg,2.6666666666666665,0.055555556,0.23570226,0.555555556,0.511309993,0.055555556,0.23570226,0.111111111,0.323380833,0.777777778,0.427792632,0.0,0.0,0.0,0.0
01238.jpg,3.6666666666666665,0.222222222,0.427792632,0.5,0.514495755,0.055555556,0.23570226,0.222222222,0.427792632,0.166666667,0.383482494,0.0,0.0,0.0,0.0
24_07_02.bmp,3.0,0.166666667,0.383482494,0.722222222,0.460888599,0.055555556,0.23570226,0.0,0.0,0.0,0.0,0.055555556,0.23570226,0.055555556,0.23570226
24_20_03.bmp,2.2777777777777777,0.444444444,0.511309993,0.388888889,0.501631326,0.111111111,0.323380833,0.055555556,0.23570226,0.055555556,0.23570226,0.0,0.0,0.055555556,0.23570226
31_25_03.bmp,2.333333333333333,0.055555556,0.23570226,0.111111111,0.323380833,0.0,0.0,0.111111111,0.323380833,0.166666667,0.383482494,0.0,0.0,0.833333333,0.383482494
29_07_01.bmp,3.388888888888889,0.222222222,0.427792632,0.444444444,0.511309993,0.0,0.0,0.055555556,0.23570226,0.055555556,0.23570226,0.111111111,0.323380833,0.055555556,0.23570226
32_22_05.bmp,1.7777777777777777,0.166666667,0.383482494,0.833333333,0.383482494,0.111111111,0.323380833,0.055555556,0.23570226,0.388888889,0.501631326,0.0,0.0,0.0,0.0
24_21_05.bmp,1.8333333333333333,0.277777778,0.460888599,0.388888889,0.501631326,0.166666667,0.383482494,0.333333333,0.48507125,0.055555556,0.23570226,0.111111111,0.323380833,0.0,0.0
29_18_04.bmp,3.111111111111111,0.111111111,0.323380833,0.611111111,0.501631326,0.055555556,0.23570226,0.0,0.0,0.055555556,0.23570226,0.111111111,0.323380833,0.0,0.0
0464.jpg,2.555555555555556,0.111111111,0.323380833,0.333333333,0.48507125,0.0,0.0,0.222222222,0.427792632,0.833333333,0.383482494,0.0,0.0,0.0,0.0
35_02_02.bmp,2.388888888888889,0.055555556,0.23570226,0.833333333,0.383482494,0.0,0.0,0.0,0.0,0.055555556,0.23570226,0.0,0.0,0.111111111,0.323380833
34_21_03.bmp,2.1666666666666665,0.166666667,0.383482494,0.333333333,0.48507125,0.611111111,0.501631326,0.055555556,0.23570226,0.055555556,0.23570226,0.0,0.0,0.055555556,0.23570226
20_16_02.bmp,3.111111111111111,0.166666667,0.383482494,0.444444444,0.511309993,0.166666667,0.383482494,0.055555556,0.23570226,0.111111111,0.323380833,0.111111111,0.323380833,0.0,0.0
14_09_03.bmp,2.4444444444444446,0.833333333,0.383482494,0.222222222,0.427792632,0.055555556,0.23570226,0.0,0.0,0.055555556,0.23570226,0.111111111,0.323380833,0.055555556,0.23570226
04_18_02.bmp,2.5,0.166666667,0.383482494,0.777777778,0.427792632,0.055555556,0.23570226,0.055555556,0.23570226,0.166666667,0.383482494,0.055555556,0.23570226,0.055555556,0.23570226
28_24_04.bmp,2.2222222222222223,0.111111111,0.323380833,0.833333333,0.383482494,0.111111111,0.323380833,0.0,0.0,0.222222222,0.427792632,0.0,0.0,0.0,0.0
02_13_02.bmp,3.388888888888889,0.0,0.0,0.333333333,0.48507125,0.166666667,0.383482494,0.055555556,0.23570226,0.444444444,0.511309993,0.0,0.0,0.055555556,0.23570226
03_02_05.bmp,1.6111111111111112,0.055555556,0.23570226,0.944444444,0.23570226,0.055555556,0.23570226,0.0,0.0,0.111111111,0.323380833,0.0,0.0,0.0,0.0
02_12_05.bmp,2.2777777777777777,0.833333333,0.383482494,0.444444444,0.511309993,0.111111111,0.323380833,0.055555556,0.23570226,0.444444444,0.511309993,0.111111111,0.323380833,0.0,0.0
34_02_05.bmp,1.2222222222222223,0.0,0.0,0.888888889,0.323380833,0.111111111,0.323380833,0.0,0.0,0.111111111,0.323380833,0.055555556,0.23570226,0.0,0.0
06_04_02.bmp,3.611111111111111,0.166666667,0.383482494,0.277777778,0.460888599,0.111111111,0.323380833,0.0,0.0,0.0,0.0,0.166666667,0.383482494,0.111111111,0.323380833
01217.jpg,4.0,0.333333333,0.48507125,0.166666667,0.383482494,0.0,0.0,0.0,0.0,0.055555556,0.23570226,0.055555556,0.23570226,0.111111111,0.323380833
0142.jpg,2.611111111111111,0.055555556,0.23570226,0.333333333,0.48507125,0.888888889,0.323380833,0.0,0.0,0.111111111,0.323380833,0.111111111,0.323380833,0.111111111,0.323380833
06_07_05.bmp,1.3888888888888888,0.333333333,0.48507125,0.777777778,0.427792632,0.055555556,0.23570226,0.055555556,0.23570226,0.055555556,0.23570226,0.111111111,0.323380833,0.055555556,0.23570226
33_14_03.bmp,2.2777777777777777,0.055555556,0.23570226,0.444444444,0.511309993,0.055555556,0.23570226,0.777777778,0.427792632,0.333333333,0.48507125,0.0,0.0,0.0,0.0
34_16_03.bmp,2.6666666666666665,0.166666667,0.383482494,0.5,0.514495755,0.055555556,0.23570226,0.388888889,0.501631326,0.055555556,0.23570226,0.0,0.0,0.0,0.0
15_24_02.bmp,2.9444444444444446,0.111111111,0.323380833,0.722222222,0.460888599,0.055555556,0.23570226,0.111111111,0.323380833,0.222222222,0.427792632,0.0,0.0,0.055555556,0.23570226
01457.jpg,3.388888888888889,0.055555556,0.23570226,0.611111111,0.501631326,0.166666667,0.383482494,0.055555556,0.23570226,0.0,0.0,0.055555556,0.23570226,0.444444444,0.511309993
01299.jpg,2.7777777777777777,0.388888889,0.501631326,0.722222222,0.460888599,0.0,0.0,0.0,0.0,0.666666667,0.48507125,0.055555556,0.23570226,0.0,0.0
36_15_04.bmp,3.0,0.055555556,0.23570226,0.5,0.514495755,0.222222222,0.427792632,0.055555556,0.23570226,0.0,0.0,0.055555556,0.23570226,0.055555556,0.23570226
16_13_02.bmp,3.333333333333333,0.0,0.0,0.166666667,0.383482494,0.333333333,0.48507125,0.055555556,0.23570226,0.277777778,0.460888599,0.277777778,0.460888599,0.0,0.0
0599.jpg,3.2777777777777777,0.055555556,0.23570226,0.388888889,0.501631326,0.0,0.0,0.166666667,0.383482494,0.5,0.514495755,0.111111111,0.323380833,0.055555556,0.23570226
05_07_04.bmp,1.6111111111111112,0.277777778,0.460888599,0.777777778,0.427792632,0.055555556,0.23570226,0.055555556,0.23570226,0.055555556,0.23570226,0.055555556,0.23570226,0.055555556,0.23570226
28_12_04.bmp,2.2222222222222223,0.722222222,0.460888599,0.388888889,0.501631326,0.111111111,0.323380833,0.0,0.0,0.222222222,0.427792632,0.111111111,0.323380833,0.0,0.0
33_11_02.bmp,3.1666666666666665,0.5,0.514495755,0.277777778,0.460888599,0.0,0.0,0.0,0.0,0.444444444,0.511309993,0.055555556,0.23570226,0.055555556,0.23570226
06_17_02.bmp,3.055555555555556,0.166666667,0.383482494,0.388888889,0.501631326,0.166666667,0.383482494,0.055555556,0.23570226,0.111111111,0.323380833,0.222222222,0.427792632,0.277777778,0.460888599
01427.jpg,3.7777777777777777,0.055555556,0.23570226,0.555555556,0.511309993,0.111111111,0.323380833,0.0,0.0,0.0,0.0,0.0,0.0,0.0,0.0
08_11_01.bmp,3.8333333333333335,0.444444444,0.511309993,0.055555556,0.23570226,0.055555556,0.23570226,0.111111111,0.323380833,0.055555556,0.23570226,0.0,0.0,0.0,0.0
11_21_04.bmp,1.6666666666666667,0.111111111,0.323380833,0.222222222,0.427792632,0.222222222,0.427792632,0.555555556,0.511309993,0.166666667,0.383482494,0.055555556,0.23570226,0.0,0.0
05_19_05.bmp,2.333333333333333,0.055555556,0.23570226,0.444444444,0.511309993,0.555555556,0.511309993,0.0,0.0,0.055555556,0.23570226,0.166666667,0.383482494,0.0,0.0
17_05_02.bmp,3.1666666666666665,0.222222222,0.427792632,0.666666667,0.48507125,0.055555556,0.23570226,0.055555556,0.23570226,0.222222222,0.427792632,0.111111111,0.323380833,0.0,0.0
17_08_05.bmp,1.7222222222222223,0.388888889,0.501631326,0.666666667,0.48507125,0.055555556,0.23570226,0.0,0.0,0.111111111,0.323380833,0.111111111,0.323380833,0.055555556,0.23570226
04_23_01.bmp,2.9444444444444446,0.166666667,0.383482494,0.5,0.514495755,0.0,0.0,0.777777778,0.427792632,0.111111111,0.323380833,0.0,0.0,0.0,0.0
03_20_02.bmp,2.5,0.388888889,0.501631326,0.333333333,0.48507125,0.388888889,0.501631326,0.055555556,0.23570226,0.166666667,0.383482494,0.055555556,0.23570226,0.0,0.0
35_18_05.bmp,1.6666666666666667,0.166666667,0.383482494,0.833333333,0.383482494,0.0,0.0,0.055555556,0.23570226,0.0,0.0,0.0,0.0,0.111111111,0.323380833
07_16_05.bmp,1.7222222222222223,0.333333333,0.48507125,0.722222222,0.460888599,0.0,0.0,0.0,0.0,0.111111111,0.323380833,0.0,0.0,0.0,0.0
0044.jpg,3.1666666666666665,0.111111111,0.323380833,0.333333333,0.48507125,0.833333333,0.383482494,0.0,0.0,0.055555556,0.23570226,0.0,0.0,0.0,0.0
01_06_02.bmp,2.888888888888889,0.055555556,0.23570226,0.777777778,0.427792632,0.111111111,0.323380833,0.055555556,0.23570226,0.0,0.0,0.166666667,0.383482494,0.055555556,0.23570226
11_18_05.bmp,1.7222222222222223,0.111111111,0.323380833,0.722222222,0.460888599,0.055555556,0.23570226,0.111111111,0.323380833,0.222222222,0.427792632,0.055555556,0.23570226,0.055555556,0.23570226
11_14_02.bmp,2.6666666666666665,0.0,0.0,0.166666667,0.383482494,0.166666667,0.383482494,0.5,0.514495755,0.333333333,0.48507125,0.055555556,0.23570226,0.0,0.0
27_14_01.bmp,3.1666666666666665,0.055555556,0.23570226,0.277777778,0.460888599,0.0,0.0,0.333333333,0.48507125,0.5,0.514495755,0.0,0.0,0.055555556,0.23570226
0364.jpg,1.7777777777777777,0.166666667,0.383482494,0.944444444,0.23570226,0.0,0.0,0.055555556,0.23570226,0.111111111,0.323380833,0.0,0.0,0.0,0.0
09_05_05.bmp,1.5,0.277777778,0.460888599,0.833333333,0.383482494,0.055555556,0.23570226,0.0,0.0,0.111111111,0.323380833,0.111111111,0.323380833,0.0,0.0
03_22_03.bmp,2.888888888888889,0.333333333,0.48507125,0.722222222,0.460888599,0.055555556,0.23570226,0.0,0.0,0.055555556,0.23570226,0.055555556,0.23570226,0.0,0.0
0947.jpg,2.611111111111111,0.055555556,0.23570226,0.555555556,0.511309993,0.055555556,0.23570226,0.611111111,0.501631326,0.111111111,0.323380833,0.055555556,0.23570226,0.055555556,0.23570226
03_15_05.bmp,3.388888888888889,0.111111111,0.323380833,0.111111111,0.323380833,0.055555556,0.23570226,0.333333333,0.48507125,0.111111111,0.323380833,0.055555556,0.23570226,0.0,0.0
35_10_05.bmp,1.6666666666666667,0.833333333,0.383482494,0.5,0.514495755,0.111111111,0.323380833,0.055555556,0.23570226,0.055555556,0.23570226,0.0,0.0,0.055555556,0.23570226
15_14_01.bmp,3.333333333333333,0.0,0.0,0.277777778,0.460888599,0.055555556,0.23570226,0.222222222,0.427792632,0.222222222,0.427792632,0.0,0.0,0.055555556,0.23570226
04_11_04.bmp,2.388888888888889,0.777777778,0.427792632,0.388888889,0.501631326,0.055555556,0.23570226,0.0,0.0,0.277777778,0.460888599,0.055555556,0.23570226,0.0,0.0
25_13_01.bmp,3.388888888888889,0.111111111,0.323380833,0.555555556,0.511309993,0.111111111,0.323380833,0.0,0.0,0.111111111,0.323380833,0.0,0.0,0.055555556,0.23570226
36_21_03.bmp,2.388888888888889,0.055555556,0.23570226,0.5,0.514495755,0.666666667,0.48507125,0.0,0.0,0.055555556,0.23570226,0.0,0.0,0.055555556,0.23570226
25_19_05.bmp,1.7222222222222223,0.055555556,0.23570226,0.555555556,0.511309993,0.611111111,0.501631326,0.055555556,0.23570226,0.166666667,0.383482494,0.055555556,0.23570226,0.0,0.0
27_16_02.bmp,2.888888888888889,0.055555556,0.23570226,0.5,0.514495755,0.166666667,0.383482494,0.055555556,0.23570226,0.388888889,0.501631326,0.055555556,0.23570226,0.111111111,0.323380833
33_24_05.bmp,1.6666666666666667,0.055555556,0.23570226,0.833333333,0.383482494,0.055555556,0.23570226,0.0,0.0,0.333333333,0.48507125,0.0,0.0,0.055555556,0.23570226
18_23_03.bmp,2.6666666666666665,0.111111111,0.323380833,0.166666667,0.383482494,0.0,0.0,0.777777778,0.427792632,0.0,0.0,0.055555556,0.23570226,0.166666667,0.383482494
30_01_02.bmp,3.4444444444444446,0.111111111,0.323380833,0.166666667,0.383482494,0.055555556,0.23570226,0.111111111,0.323380833,0.333333333,0.48507125,0.0,0.0,0.0,0.0
10_23_01.bmp,3.1666666666666665,0.055555556,0.23570226,0.333333333,0.48507125,0.055555556,0.23570226,0.666666667,0.48507125,0.277777778,0.460888599,0.166666667,0.383482494,0.055555556,0.23570226
29_07_02.bmp,3.1666666666666665,0.222222222,0.427792632,0.611111111,0.501631326,0.0,0.0,0.0,0.0,0.055555556,0.23570226,0.111111111,0.323380833,0.111111111,0.323380833
32_01_04.bmp,1.7777777777777777,0.0,0.0,0.888888889,0.323380833,0.166666667,0.383482494,0.0,0.0,0.444444444,0.511309993,0.055555556,0.23570226,0.111111111,0.323380833
32_23_05.bmp,1.6111111111111112,0.111111111,0.323380833,0.388888889,0.501631326,0.0,0.0,0.833333333,0.383482494,0.277777778,0.460888599,0.055555556,0.23570226,0.111111111,0.323380833
17_24_04.bmp,1.5,0.111111111,0.323380833,0.944444444,0.23570226,0.0,0.0,0.0,0.0,0.222222222,0.427792632,0.0,0.0,0.055555556,0.23570226
05_05_05.bmp,1.3888888888888888,0.444444444,0.511309993,0.611111111,0.501631326,0.111111111,0.323380833,0.0,0.0,0.0,0.0,0.111111111,0.323380833,0.055555556,0.23570226
02_06_03.bmp,2.333333333333333,0.277777778,0.460888599,0.388888889,0.501631326,0.166666667,0.383482494,0.0,0.0,0.555555556,0.511309993,0.111111111,0.323380833,0.0,0.0
21_18_02.bmp,2.333333333333333,0.111111111,0.323380833,0.833333333,0.383482494,0.0,0.0,0.0,0.0,0.111111111,0.323380833,0.111111111,0.323380833,0.0,0.0
20_13_04.bmp,2.2777777777777777,0.055555556,0.23570226,0.111111111,0.323380833,0.888888889,0.323380833,0.0,0.0,0.055555556,0.23570226,0.055555556,0.23570226,0.055555556,0.23570226
19_14_04.bmp,2.333333333333333,0.055555556,0.23570226,0.055555556,0.23570226,0.166666667,0.383482494,0.722222222,0.460888599,0.222222222,0.427792632,0.111111111,0.323380833,0.055555556,0.23570226
0353.jpg,2.4444444444444446,0.055555556,0.23570226,0.888888889,0.323380833,0.055555556,0.23570226,0.111111111,0.323380833,0.0,0.0,0.0,0.0,0.0,0.0
0331.jpg,2.1666666666666665,0.055555556,0.23570226,0.555555556,0.511309993,0.0,0.0,0.777777778,0.427792632,0.0,0.0,0.055555556,0.23570226,0.055555556,0.23570226
04_07_02.bmp,2.2222222222222223,0.388888889,0.501631326,0.666666667,0.48507125,0.111111111,0.323380833,0.0,0.0,0.277777778,0.460888599,0.0,0.0,0.111111111,0.323380833
0868.jpg,3.555555555555556,0.111111111,0.323380833,0.444444444,0.511309993,0.0,0.0,0.0,0.0,0.166666667,0.383482494,0.055555556,0.23570226,0.0,0.0
08_16_02.bmp,3.5,0.166666667,0.383482494,0.222222222,0.427792632,0.222222222,0.427792632,0.0,0.0,0.055555556,0.23570226,0.0,0.0,0.0,0.0
0115.jpg,2.611111111111111,0.0,0.0,0.277777778,0.460888599,0.944444444,0.23570226,0.0,0.0,0.055555556,0.23570226,0.0,0.0,0.166666667,0.383482494
0454.jpg,2.888888888888889,0.0,0.0,0.333333333,0.48507125,0.0,0.0,0.055555556,0.23570226,0.833333333,0.383482494,0.0,0.0,0.666666667,0.48507125
01328.jpg,3.1666666666666665,0.222222222,0.427792632,0.722222222,0.460888599,0.166666667,0.383482494,0.0,0.0,0.055555556,0.23570226,0.0,0.0,0.0,0.0
0716.jpg,3.4444444444444446,0.055555556,0.23570226,0.333333333,0.48507125,0.0,0.0,0.055555556,0.23570226,0.222222222,0.427792632,0.166666667,0.383482494,0.166666667,0.383482494
32_13_02.bmp,2.7777777777777777,0.055555556,0.23570226,0.555555556,0.511309993,0.277777778,0.460888599,0.0,0.0,0.333333333,0.48507125,0.055555556,0.23570226,0.055555556,0.23570226
0266.jpg,2.333333333333333,0.111111111,0.323380833,0.277777778,0.460888599,0.0,0.0,0.888888889,0.323380833,0.055555556,0.23570226,0.0,0.0,0.055555556,0.23570226
0943.jpg,2.611111111111111,0.055555556,0.23570226,0.388888889,0.501631326,0.0,0.0,0.666666667,0.48507125,0.166666667,0.383482494,0.0,0.0,0.0,0.0
1113.jpg,2.0,0.055555556,0.23570226,0.777777778,0.427792632,0.444444444,0.511309993,0.055555556,0.23570226,0.277777778,0.460888599,0.0,0.0,0.0,0.0
12_09_02.bmp,2.833333333333333,0.666666667,0.48507125,0.222222222,0.427792632,0.055555556,0.23570226,0.055555556,0.23570226,0.055555556,0.23570226,0.0,0.0,0.055555556,0.23570226
21_06_03.bmp,2.7222222222222223,0.388888889,0.501631326,0.388888889,0.501631326,0.166666667,0.383482494,0.055555556,0.23570226,0.055555556,0.23570226,0.111111111,0.323380833,0.0,0.0
06_20_02.bmp,2.7777777777777777,0.555555556,0.511309993,0.333333333,0.48507125,0.055555556,0.23570226,0.0,0.0,0.111111111,0.323380833,0.0,0.0,0.055555556,0.23570226
30_07_01.bmp,3.555555555555556,0.111111111,0.323380833,0.333333333,0.48507125,0.055555556,0.23570226,0.111111111,0.323380833,0.333333333,0.48507125,0.055555556,0.23570226,0.0,0.0
08_17_04.bmp,2.4444444444444446,0.111111111,0.323380833,0.444444444,0.511309993,0.055555556,0.23570226,0.055555556,0.23570226,0.166666667,0.383482494,0.111111111,0.323380833,0.333333333,0.48507125
05_14_04.bmp,2.6666666666666665,0.222222222,0.427792632,0.388888889,0.501631326,0.166666667,0.383482494,0.611111111,0.501631326,0.0,0.0,0.055555556,0.23570226,0.055555556,0.23570226
0431.jpg,1.6666666666666667,0.055555556,0.23570226,0.944444444,0.23570226,0.055555556,0.23570226,0.0,0.0,0.055555556,0.23570226,0.0,0.0,0.0,0.0
12_17_05.bmp,2.333333333333333,0.111111111,0.323380833,0.444444444,0.511309993,0.111111111,0.323380833,0.0,0.0,0.166666667,0.383482494,0.166666667,0.383482494,0.166666667,0.383482494
06_04_05.bmp,2.4444444444444446,0.388888889,0.501631326,0.111111111,0.323380833,0.222222222,0.427792632,0.111111111,0.323380833,0.055555556,0.23570226,0.222222222,0.427792632,0.055555556,0.23570226
24_20_02.bmp,2.833333333333333,0.444444444,0.511309993,0.277777778,0.460888599,0.111111111,0.323380833,0.166666667,0.383482494,0.055555556,0.23570226,0.0,0.0,0.0,0.0
02_02_05.bmp,1.2777777777777777,0.055555556,0.23570226,0.888888889,0.323380833,0.0,0.0,0.0,0.0,0.444444444,0.511309993,0.0,0.0,0.055555556,0.23570226
35_10_04.bmp,2.0,0.777777778,0.427792632,0.5,0.514495755,0.055555556,0.23570226,0.055555556,0.23570226,0.111111111,0.323380833,0.055555556,0.23570226,0.055555556,0.23570226
34_21_02.bmp,2.2777777777777777,0.277777778,0.460888599,0.388888889,0.501631326,0.666666667,0.48507125,0.0,0.0,0.0,0.0,0.055555556,0.23570226,0.055555556,0.23570226
20_25_02.bmp,2.555555555555556,0.111111111,0.323380833,0.111111111,0.323380833,0.055555556,0.23570226,0.0,0.0,0.055555556,0.23570226,0.055555556,0.23570226,0.888888889,0.323380833
16_23_04.bmp,2.333333333333333,0.0,0.0,0.222222222,0.427792632,0.055555556,0.23570226,0.722222222,0.460888599,0.222222222,0.427792632,0.277777778,0.460888599,0.055555556,0.23570226
01415.jpg,3.555555555555556,0.0,0.0,0.555555556,0.511309993,0.111111111,0.323380833,0.055555556,0.23570226,0.0,0.0,0.0,0.0,0.0,0.0
29_11_02.bmp,3.0,0.777777778,0.427792632,0.277777778,0.460888599,0.0,0.0,0.0,0.0,0.111111111,0.323380833,0.111111111,0.323380833,0.0,0.0
37_25_04.bmp,2.333333333333333,0.055555556,0.23570226,0.166666667,0.383482494,0.0,0.0,0.111111111,0.323380833,0.055555556,0.23570226,0.055555556,0.23570226,0.888888889,0.323380833
12_07_05.bmp,1.4444444444444444,0.055555556,0.23570226,0.888888889,0.323380833,0.111111111,0.323380833,0.111111111,0.323380833,0.0,0.0,0.111111111,0.323380833,0.0,0.0
33_19_03.bmp,2.7777777777777777,0.277777778,0.460888599,0.444444444,0.511309993,0.5,0.514495755,0.0,0.0,0.333333333,0.48507125,0.0,0.0,0.0,0.0
18_25_01.bmp,3.055555555555556,0.055555556,0.23570226,0.166666667,0.383482494,0.055555556,0.23570226,0.055555556,0.23570226,0.0,0.0,0.055555556,0.23570226,0.944444444,0.23570226
21_07_05.bmp,1.3888888888888888,0.166666667,0.383482494,0.833333333,0.383482494,0.0,0.0,0.0,0.0,0.055555556,0.23570226,0.055555556,0.23570226,0.0,0.0
26_15_05.bmp,3.6666666666666665,0.055555556,0.23570226,0.0,0.0,0.277777778,0.460888599,0.055555556,0.23570226,0.055555556,0.23570226,0.055555556,0.23570226,0.055555556,0.23570226
15_13_02.bmp,3.111111111111111,0.0,0.0,0.222222222,0.427792632,0.5,0.514495755,0.0,0.0,0.222222222,0.427792632,0.0,0.0,0.111111111,0.323380833
0555.jpg,2.833333333333333,0.111111111,0.323380833,0.333333333,0.48507125,0.0,0.0,0.055555556,0.23570226,0.722222222,0.460888599,0.0,0.0,0.055555556,0.23570226
31_17_01.bmp,2.833333333333333,0.111111111,0.323380833,0.555555556,0.511309993,0.0,0.0,0.0,0.0,0.277777778,0.460888599,0.111111111,0.323380833,0.277777778,0.460888599
11_12_02.bmp,2.9444444444444446,0.611111111,0.501631326,0.277777778,0.460888599,0.055555556,0.23570226,0.055555556,0.23570226,0.333333333,0.48507125,0.055555556,0.23570226,0.0,0.0
13_16_03.bmp,2.833333333333333,0.166666667,0.383482494,0.5,0.514495755,0.055555556,0.23570226,0.055555556,0.23570226,0.111111111,0.323380833,0.0,0.0,0.0,0.0
01488.jpg,2.9444444444444446,0.111111111,0.323380833,0.666666667,0.48507125,0.111111111,0.323380833,0.0,0.0,0.0,0.0,0.055555556,0.23570226,0.0,0.0
0020.jpg,2.055555555555556,0.055555556,0.23570226,0.5,0.514495755,0.833333333,0.383482494,0.0,0.0,0.333333333,0.48507125,0.111111111,0.323380833,0.055555556,0.23570226
22_14_02.bmp,3.111111111111111,0.0,0.0,0.277777778,0.460888599,0.055555556,0.23570226,0.444444444,0.511309993,0.166666667,0.383482494,0.111111111,0.323380833,0.0,0.0
0284.jpg,2.055555555555556,0.111111111,0.323380833,0.277777778,0.460888599,0.055555556,0.23570226,0.888888889,0.323380833,0.111111111,0.323380833,0.0,0.0,0.055555556,0.23570226
1064.jpg,3.4444444444444446,0.166666667,0.383482494,0.388888889,0.501631326,0.0,0.0,0.222222222,0.427792632,0.222222222,0.427792632,0.0,0.0,0.111111111,0.323380833
35_23_03.bmp,2.2222222222222223,0.055555556,0.23570226,0.222222222,0.427792632,0.055555556,0.23570226,0.722222222,0.460888599,0.0,0.0,0.055555556,0.23570226,0.166666667,0.383482494
07_18_04.bmp,2.111111111111111,0.166666667,0.383482494,0.722222222,0.460888599,0.166666667,0.383482494,0.055555556,0.23570226,0.055555556,0.23570226,0.111111111,0.323380833,0.111111111,0.323380833
34_11_01.bmp,3.1666666666666665,0.555555556,0.511309993,0.333333333,0.48507125,0.277777778,0.460888599,0.055555556,0.23570226,0.0,0.0,0.0,0.0,0.055555556,0.23570226
25_08_01.bmp,3.1666666666666665,0.111111111,0.323380833,0.666666667,0.48507125,0.055555556,0.23570226,0.0,0.0,0.111111111,0.323380833,0.055555556,0.23570226,0.055555556,0.23570226
07_23_03.bmp,2.4444444444444446,0.055555556,0.23570226,0.333333333,0.48507125,0.0,0.0,0.777777778,0.427792632,0.055555556,0.23570226,0.055555556,0.23570226,0.111111111,0.323380833
27_22_02.bmp,2.5,0.222222222,0.427792632,0.777777778,0.427792632,0.0,0.0,0.055555556,0.23570226,0.388888889,0.501631326,0.166666667,0.383482494,0.0,0.0
0967.jpg,2.9444444444444446,0.055555556,0.23570226,0.388888889,0.501631326,0.055555556,0.23570226,0.611111111,0.501631326,0.166666667,0.383482494,0.0,0.0,0.055555556,0.23570226
01357.jpg,3.2222222222222223,0.0,0.0,0.666666667,0.48507125,0.222222222,0.427792632,0.0,0.0,0.055555556,0.23570226,0.0,0.0,0.055555556,0.23570226
32_05_03.bmp,2.2777777777777777,0.222222222,0.427792632,0.722222222,0.460888599,0.111111111,0.323380833,0.055555556,0.23570226,0.388888889,0.501631326,0.111111111,0.323380833,0.0,0.0
36_06_05.bmp,2.111111111111111,0.444444444,0.511309993,0.444444444,0.511309993,0.277777778,0.460888599,0.0,0.0,0.0,0.0,0.166666667,0.383482494,0.055555556,0.23570226
09_14_02.bmp,2.9444444444444446,0.222222222,0.427792632,0.555555556,0.511309993,0.111111111,0.323380833,0.111111111,0.323380833,0.111111111,0.323380833,0.166666667,0.383482494,0.0,0.0
09_02_03.bmp,1.7777777777777777,0.166666667,0.383482494,0.833333333,0.383482494,0.111111111,0.323380833,0.0,0.0,0.111111111,0.323380833,0.055555556,0.23570226,0.0,0.0
12_13_04.bmp,2.6666666666666665,0.055555556,0.23570226,0.111111111,0.323380833,0.833333333,0.383482494,0.055555556,0.23570226,0.0,0.0,0.0,0.0,0.111111111,0.323380833
0766.jpg,3.2777777777777777,0.055555556,0.23570226,0.444444444,0.511309993,0.0,0.0,0.055555556,0.23570226,0.277777778,0.460888599,0.0,0.0,0.055555556,0.23570226
02_15_03.bmp,3.333333333333333,0.0,0.0,0.333333333,0.48507125,0.222222222,0.427792632,0.055555556,0.23570226,0.444444444,0.511309993,0.055555556,0.23570226,0.055555556,0.23570226
1052.jpg,3.1666666666666665,0.111111111,0.323380833,0.444444444,0.511309993,0.0,0.0,0.5,0.514495755,0.111111111,0.323380833,0.055555556,0.23570226,0.055555556,0.23570226
08_04_02.bmp,3.9444444444444446,0.222222222,0.427792632,0.222222222,0.427792632,0.166666667,0.383482494,0.0,0.0,0.222222222,0.427792632,0.0,0.0,0.0,0.0
0646.jpg,3.555555555555556,0.166666667,0.383482494,0.5,0.514495755,0.0,0.0,0.111111111,0.323380833,0.0,0.0,0.055555556,0.23570226,0.0,0.0
30_08_03.bmp,2.7222222222222223,0.277777778,0.460888599,0.666666667,0.48507125,0.055555556,0.23570226,0.055555556,0.23570226,0.388888889,0.501631326,0.111111111,0.323380833,0.0,0.0
0687.jpg,2.9444444444444446,0.055555556,0.23570226,0.444444444,0.511309993,0.0,0.0,0.166666667,0.383482494,0.222222222,0.427792632,0.055555556,0.23570226,0.055555556,0.23570226
30_17_02.bmp,2.888888888888889,0.111111111,0.323380833,0.5,0.514495755,0.0,0.0,0.0,0.0,0.333333333,0.48507125,0.166666667,0.383482494,0.111111111,0.323380833
12_20_04.bmp,2.111111111111111,0.388888889,0.501631326,0.277777778,0.460888599,0.277777778,0.460888599,0.277777778,0.460888599,0.055555556,0.23570226,0.055555556,0.23570226,0.0,0.0
0391.jpg,2.333333333333333,0.166666667,0.383482494,0.888888889,0.323380833,0.0,0.0,0.111111111,0.323380833,0.055555556,0.23570226,0.055555556,0.23570226,0.055555556,0.23570226
36_04_05.bmp,2.2222222222222223,0.333333333,0.48507125,0.388888889,0.501631326,0.333333333,0.48507125,0.055555556,0.23570226,0.055555556,0.23570226,0.166666667,0.383482494,0.111111111,0.323380833
33_07_05.bmp,1.5,0.0,0.0,0.944444444,0.23570226,0.0,0.0,0.0,0.0,0.333333333,0.48507125,0.055555556,0.23570226,0.0,0.0
0955.jpg,3.055555555555556,0.0,0.0,0.333333333,0.48507125,0.0,0.0,0.666666667,0.48507125,0.222222222,0.427792632,0.0,0.0,0.111111111,0.323380833
12_09_04.bmp,2.4444444444444446,0.722222222,0.460888599,0.166666667,0.383482494,0.055555556,0.23570226,0.055555556,0.23570226,0.111111111,0.323380833,0.0,0.0,0.055555556,0.23570226
30_03_05.bmp,2.0,0.055555556,0.23570226,0.777777778,0.427792632,0.0,0.0,0.0,0.0,0.277777778,0.460888599,0.0,0.0,0.055555556,0.23570226
0572.jpg,2.7222222222222223,0.055555556,0.23570226,0.222222222,0.427792632,0.0,0.0,0.055555556,0.23570226,0.722222222,0.460888599,0.166666667,0.383482494,0.055555556,0.23570226
0874.jpg,3.611111111111111,0.055555556,0.23570226,0.444444444,0.511309993,0.055555556,0.23570226,0.0,0.0,0.111111111,0.323380833,0.055555556,0.23570226,0.0,0.0
11_18_01.bmp,2.9444444444444446,0.055555556,0.23570226,0.666666667,0.48507125,0.055555556,0.23570226,0.055555556,0.23570226,0.333333333,0.48507125,0.111111111,0.323380833,0.0,0.0
16_09_05.bmp,2.055555555555556,0.888888889,0.323380833,0.166666667,0.383482494,0.0,0.0,0.0,0.0,0.277777778,0.460888599,0.277777778,0.460888599,0.055555556,0.23570226
0352.jpg,2.7222222222222223,0.111111111,0.323380833,0.888888889,0.323380833,0.0,0.0,0.111111111,0.323380833,0.055555556,0.23570226,0.0,0.0,0.0,0.0
01_05_04.bmp,1.7222222222222223,0.444444444,0.511309993,0.833333333,0.383482494,0.111111111,0.323380833,0.111111111,0.323380833,0.0,0.0,0.055555556,0.23570226,0.111111111,0.323380833
10_11_04.bmp,2.4444444444444446,0.833333333,0.383482494,0.333333333,0.48507125,0.055555556,0.23570226,0.055555556,0.23570226,0.388888889,0.501631326,0.111111111,0.323380833,0.055555556,0.23570226
01_12_02.bmp,2.5,0.722222222,0.460888599,0.611111111,0.501631326,0.166666667,0.383482494,0.0,0.0,0.0,0.0,0.0,0.0,0.111111111,0.323380833
23_23_02.bmp,2.9444444444444446,0.111111111,0.323380833,0.222222222,0.427792632,0.0,0.0,0.722222222,0.460888599,0.166666667,0.383482494,0.0,0.0,0.111111111,0.323380833
15_24_05.bmp,1.5,0.0,0.0,0.833333333,0.383482494,0.055555556,0.23570226,0.0,0.0,0.166666667,0.383482494,0.0,0.0,0.111111111,0.323380833
01_21_04.bmp,2.5,0.111111111,0.323380833,0.777777778,0.427792632,0.111111111,0.323380833,0.055555556,0.23570226,0.0,0.0,0.0,0.0,0.0,0.0
13_07_02.bmp,3.0,0.166666667,0.383482494,0.722222222,0.460888599,0.111111111,0.323380833,0.055555556,0.23570226,0.166666667,0.383482494,0.055555556,0.23570226,0.111111111,0.323380833
10_21_04.bmp,1.9444444444444444,0.055555556,0.23570226,0.555555556,0.511309993,0.277777778,0.460888599,0.388888889,0.501631326,0.277777778,0.460888599,0.222222222,0.427792632,0.055555556,0.23570226
0614.jpg,2.7777777777777777,0.166666667,0.383482494,0.666666667,0.48507125,0.0,0.0,0.111111111,0.323380833,0.111111111,0.323380833,0.111111111,0.323380833,0.055555556,0.23570226
32_01_05.bmp,1.3333333333333333,0.055555556,0.23570226,0.888888889,0.323380833,0.055555556,0.23570226,0.0,0.0,0.333333333,0.48507125,0.0,0.0,0.0,0.0
20_16_04.bmp,2.2777777777777777,0.111111111,0.323380833,0.722222222,0.460888599,0.0,0.0,0.055555556,0.23570226,0.111111111,0.323380833,0.055555556,0.23570226,0.0,0.0
34_19_05.bmp,2.388888888888889,0.111111111,0.323380833,0.722222222,0.460888599,0.277777778,0.460888599,0.0,0.0,0.0,0.0,0.055555556,0.23570226,0.055555556,0.23570226
17_22_02.bmp,2.388888888888889,0.222222222,0.427792632,0.666666667,0.48507125,0.111111111,0.323380833,0.055555556,0.23570226,0.222222222,0.427792632,0.0,0.0,0.0,0.0
23_18_05.bmp,1.7777777777777777,0.111111111,0.323380833,0.888888889,0.323380833,0.0,0.0,0.0,0.0,0.277777778,0.460888599,0.0,0.0,0.0,0.0
33_17_05.bmp,2.333333333333333,0.055555556,0.23570226,0.611111111,0.501631326,0.0,0.0,0.055555556,0.23570226,0.444444444,0.511309993,0.166666667,0.383482494,0.166666667,0.383482494
0699.jpg,2.888888888888889,0.111111111,0.323380833,0.444444444,0.511309993,0.0,0.0,0.111111111,0.323380833,0.388888889,0.501631326,0.055555556,0.23570226,0.055555556,0.23570226
05_18_05.bmp,1.5555555555555556,0.222222222,0.427792632,0.777777778,0.427792632,0.166666667,0.383482494,0.055555556,0.23570226,0.0,0.0,0.055555556,0.23570226,0.111111111,0.323380833
22_07_01.bmp,3.2222222222222223,0.055555556,0.23570226,0.666666667,0.48507125,0.0,0.0,0.0,0.0,0.166666667,0.383482494,0.166666667,0.383482494,0.0,0.0
23_14_01.bmp,3.2777777777777777,0.0,0.0,0.5,0.514495755,0.055555556,0.23570226,0.166666667,0.383482494,0.222222222,0.427792632,0.055555556,0.23570226,0.0,0.0
29_20_02.bmp,2.5,0.388888889,0.501631326,0.388888889,0.501631326,0.166666667,0.383482494,0.277777778,0.460888599,0.111111111,0.323380833,0.111111111,0.323380833,0.111111111,0.323380833
0264.jpg,2.0,0.166666667,0.383482494,0.444444444,0.511309993,0.055555556,0.23570226,0.833333333,0.383482494,0.111111111,0.323380833,0.055555556,0.23570226,0.0,0.0
25_14_04.bmp,2.388888888888889,0.055555556,0.23570226,0.333333333,0.48507125,0.055555556,0.23570226,0.722222222,0.460888599,0.111111111,0.323380833,0.055555556,0.23570226,0.055555556,0.23570226
27_04_01.bmp,3.333333333333333,0.166666667,0.383482494,0.222222222,0.427792632,0.055555556,0.23570226,0.0,0.0,0.611111111,0.501631326,0.055555556,0.23570226,0.055555556,0.23570226
37_09_05.bmp,2.333333333333333,0.888888889,0.323380833,0.277777778,0.460888599,0.0,0.0,0.0,0.0,0.055555556,0.23570226,0.055555556,0.23570226,0.055555556,0.23570226
0405.jpg,2.888888888888889,0.055555556,0.23570226,0.833333333,0.383482494,0.0,0.0,0.055555556,0.23570226,0.111111111,0.323380833,0.0,0.0,0.055555556,0.23570226
21_02_05.bmp,1.2777777777777777,0.055555556,0.23570226,0.944444444,0.23570226,0.055555556,0.23570226,0.0,0.0,0.0,0.0,0.0,0.0,0.0,0.0
15_23_03.bmp,2.555555555555556,0.055555556,0.23570226,0.222222222,0.427792632,0.0,0.0,0.722222222,0.460888599,0.166666667,0.383482494,0.0,0.0,0.111111111,0.323380833
19_14_03.bmp,3.2222222222222223,0.0,0.0,0.111111111,0.323380833,0.055555556,0.23570226,0.555555556,0.511309993,0.166666667,0.383482494,0.111111111,0.323380833,0.055555556,0.23570226
27_20_02.bmp,2.555555555555556,0.388888889,0.501631326,0.333333333,0.48507125,0.222222222,0.427792632,0.166666667,0.383482494,0.388888889,0.501631326,0.055555556,0.23570226,0.0,0.0
28_08_04.bmp,2.4444444444444446,0.277777778,0.460888599,0.611111111,0.501631326,0.0,0.0,0.111111111,0.323380833,0.166666667,0.383482494,0.055555556,0.23570226,0.0,0.0
07_24_01.bmp,2.9444444444444446,0.166666667,0.383482494,0.611111111,0.501631326,0.166666667,0.383482494,0.0,0.0,0.0,0.0,0.0,0.0,0.055555556,0.23570226
22_20_02.bmp,2.1666666666666665,0.277777778,0.460888599,0.388888889,0.501631326,0.222222222,0.427792632,0.388888889,0.501631326,0.111111111,0.323380833,0.055555556,0.23570226,0.0,0.0
13_25_01.bmp,3.388888888888889,0.0,0.0,0.055555556,0.23570226,0.055555556,0.23570226,0.0,0.0,0.166666667,0.383482494,0.055555556,0.23570226,0.888888889,0.323380833
28_07_05.bmp,1.5555555555555556,0.111111111,0.323380833,0.833333333,0.383482494,0.055555556,0.23570226,0.055555556,0.23570226,0.277777778,0.460888599,0.111111111,0.323380833,0.0,0.0
02_06_05.bmp,1.2777777777777777,0.5,0.514495755,0.444444444,0.511309993,0.277777778,0.460888599,0.111111111,0.323380833,0.5,0.514495755,0.222222222,0.427792632,0.0,0.0
12_01_02.bmp,3.7222222222222223,0.111111111,0.323380833,0.222222222,0.427792632,0.222222222,0.427792632,0.0,0.0,0.111111111,0.323380833,0.055555556,0.23570226,0.055555556,0.23570226
0782.jpg,3.5,0.055555556,0.23570226,0.444444444,0.511309993,0.0,0.0,0.0,0.0,0.111111111,0.323380833,0.0,0.0,0.055555556,0.23570226
11_13_03.bmp,3.0,0.055555556,0.23570226,0.333333333,0.48507125,0.388888889,0.501631326,0.055555556,0.23570226,0.277777778,0.460888599,0.111111111,0.323380833,0.0,0.0
01440.jpg,3.9444444444444446,0.055555556,0.23570226,0.333333333,0.48507125,0.222222222,0.427792632,0.0,0.0,0.0,0.0,0.0,0.0,0.0,0.0
24_25_01.bmp,2.9444444444444446,0.111111111,0.323380833,0.055555556,0.23570226,0.055555556,0.23570226,0.0,0.0,0.0,0.0,0.0,0.0,0.833333333,0.383482494
0660.jpg,3.555555555555556,0.166666667,0.383482494,0.333333333,0.48507125,0.0,0.0,0.055555556,0.23570226,0.055555556,0.23570226,0.055555556,0.23570226,0.111111111,0.323380833
27_01_04.bmp,2.4444444444444446,0.055555556,0.23570226,0.888888889,0.323380833,0.0,0.0,0.0,0.0,0.5,0.514495755,0.0,0.0,0.0,0.0
24_03_03.bmp,2.6666666666666665,0.055555556,0.23570226,0.777777778,0.427792632,0.055555556,0.23570226,0.0,0.0,0.0,0.0,0.0,0.0,0.0,0.0
28_09_04.bmp,2.555555555555556,0.777777778,0.427792632,0.277777778,0.460888599,0.055555556,0.23570226,0.0,0.0,0.277777778,0.460888599,0.0,0.0,0.055555556,0.23570226
37_06_04.bmp,1.9444444444444444,0.5,0.514495755,0.444444444,0.511309993,0.277777778,0.460888599,0.111111111,0.323380833,0.055555556,0.23570226,0.222222222,0.427792632,0.055555556,0.23570226
14_06_02.bmp,2.611111111111111,0.277777778,0.460888599,0.388888889,0.501631326,0.222222222,0.427792632,0.055555556,0.23570226,0.055555556,0.23570226,0.111111111,0.323380833,0.055555556,0.23570226
07_04_02.bmp,3.1666666666666665,0.333333333,0.48507125,0.388888889,0.501631326,0.166666667,0.383482494,0.0,0.0,0.111111111,0.323380833,0.055555556,0.23570226,0.055555556,0.23570226
04_21_01.bmp,2.555555555555556,0.222222222,0.427792632,0.5,0.514495755,0.444444444,0.511309993,0.055555556,0.23570226,0.111111111,0.323380833,0.0,0.0,0.0,0.0
21_21_02.bmp,2.611111111111111,0.111111111,0.323380833,0.388888889,0.501631326,0.666666667,0.48507125,0.0,0.0,0.0,0.0,0.0,0.0,0.111111111,0.323380833
37_14_03.bmp,2.4444444444444446,0.111111111,0.323380833,0.388888889,0.501631326,0.055555556,0.23570226,0.777777778,0.427792632,0.166666667,0.383482494,0.055555556,0.23570226,0.055555556,0.23570226
28_18_01.bmp,2.7777777777777777,0.111111111,0.323380833,0.611111111,0.501631326,0.166666667,0.383482494,0.0,0.0,0.333333333,0.48507125,0.055555556,0.23570226,0.111111111,0.323380833
04_25_01.bmp,3.055555555555556,0.222222222,0.427792632,0.611111111,0.501631326,0.055555556,0.23570226,0.055555556,0.23570226,0.166666667,0.383482494,0.055555556,0.23570226,0.333333333,0.48507125
37_07_02.bmp,2.833333333333333,0.222222222,0.427792632,0.833333333,0.383482494,0.0,0.0,0.055555556,0.23570226,0.055555556,0.23570226,0.111111111,0.323380833,0.055555556,0.23570226
07_24_03.bmp,2.111111111111111,0.111111111,0.323380833,0.833333333,0.383482494,0.111111111,0.323380833,0.0,0.0,0.111111111,0.323380833,0.055555556,0.23570226,0.0,0.0
0495.jpg,3.055555555555556,0.055555556,0.23570226,0.444444444,0.511309993,0.055555556,0.23570226,0.0,0.0,0.722222222,0.460888599,0.0,0.0,0.0,0.0
0447.jpg,2.5,0.055555556,0.23570226,0.833333333,0.383482494,0.0,0.0,0.055555556,0.23570226,0.444444444,0.511309993,0.055555556,0.23570226,0.055555556,0.23570226
32_18_02.bmp,2.6666666666666665,0.111111111,0.323380833,0.722222222,0.460888599,0.055555556,0.23570226,0.0,0.0,0.444444444,0.511309993,0.111111111,0.323380833,0.0,0.0
0153.jpg,1.8888888888888888,0.111111111,0.323380833,0.388888889,0.501631326,0.944444444,0.23570226,0.055555556,0.23570226,0.222222222,0.427792632,0.055555556,0.23570226,0.0,0.0
0289.jpg,2.111111111111111,0.111111111,0.323380833,0.444444444,0.511309993,0.0,0.0,0.888888889,0.323380833,0.055555556,0.23570226,0.0,0.0,0.0,0.0
27_08_05.bmp,1.8888888888888888,0.222222222,0.427792632,0.777777778,0.427792632,0.055555556,0.23570226,0.055555556,0.23570226,0.388888889,0.501631326,0.055555556,0.23570226,0.055555556,0.23570226
32_18_03.bmp,2.5,0.055555556,0.23570226,0.833333333,0.383482494,0.111111111,0.323380833,0.0,0.0,0.388888889,0.501631326,0.055555556,0.23570226,0.0,0.0
34_05_04.bmp,2.833333333333333,0.277777778,0.460888599,0.666666667,0.48507125,0.222222222,0.427792632,0.0,0.0,0.055555556,0.23570226,0.0,0.0,0.055555556,0.23570226
01275.jpg,3.111111111111111,0.333333333,0.48507125,0.666666667,0.48507125,0.0,0.0,0.055555556,0.23570226,0.166666667,0.383482494,0.0,0.0,0.0,0.0
27_02_05.bmp,1.3333333333333333,0.0,0.0,0.944444444,0.23570226,0.055555556,0.23570226,0.0,0.0,0.333333333,0.48507125,0.0,0.0,0.0,0.0
35_19_02.bmp,2.611111111111111,0.166666667,0.383482494,0.722222222,0.460888599,0.222222222,0.427792632,0.0,0.0,0.055555556,0.23570226,0.0,0.0,0.055555556,0.23570226
06_20_04.bmp,2.2222222222222223,0.833333333,0.383482494,0.222222222,0.427792632,0.111111111,0.323380833,0.055555556,0.23570226,0.111111111,0.323380833,0.055555556,0.23570226,0.111111111,0.323380833
12_12_03.bmp,2.6666666666666665,0.666666667,0.48507125,0.277777778,0.460888599,0.055555556,0.23570226,0.055555556,0.23570226,0.111111111,0.323380833,0.055555556,0.23570226,0.055555556,0.23570226
0675.jpg,3.388888888888889,0.111111111,0.323380833,0.277777778,0.460888599,0.055555556,0.23570226,0.111111111,0.323380833,0.333333333,0.48507125,0.166666667,0.383482494,0.0,0.0
19_21_04.bmp,2.1666666666666665,0.111111111,0.323380833,0.333333333,0.48507125,0.166666667,0.383482494,0.611111111,0.501631326,0.111111111,0.323380833,0.111111111,0.323380833,0.0,0.0
05_07_01.bmp,3.1666666666666665,0.166666667,0.383482494,0.444444444,0.511309993,0.055555556,0.23570226,0.0,0.0,0.0,0.0,0.055555556,0.23570226,0.111111111,0.323380833
15_16_01.bmp,3.055555555555556,0.055555556,0.23570226,0.277777778,0.460888599,0.166666667,0.383482494,0.055555556,0.23570226,0.222222222,0.427792632,0.055555556,0.23570226,0.055555556,0.23570226
06_03_01.bmp,3.888888888888889,0.055555556,0.23570226,0.277777778,0.460888599,0.055555556,0.23570226,0.055555556,0.23570226,0.0,0.0,0.055555556,0.23570226,0.055555556,0.23570226
16_07_05.bmp,1.3333333333333333,0.055555556,0.23570226,0.833333333,0.383482494,0.0,0.0,0.055555556,0.23570226,0.166666667,0.383482494,0.166666667,0.383482494,0.0,0.0
30_19_05.bmp,2.388888888888889,0.166666667,0.383482494,0.166666667,0.383482494,0.722222222,0.460888599,0.0,0.0,0.166666667,0.383482494,0.0,0.0,0.055555556,0.23570226
01466.jpg,3.7222222222222223,0.055555556,0.23570226,0.5,0.514495755,0.166666667,0.383482494,0.0,0.0,0.0,0.0,0.0,0.0,0.055555556,0.23570226
32_16_03.bmp,2.7777777777777777,0.055555556,0.23570226,0.611111111,0.501631326,0.111111111,0.323380833,0.055555556,0.23570226,0.444444444,0.511309993,0.055555556,0.23570226,0.0,0.0
1065.jpg,3.055555555555556,0.166666667,0.383482494,0.666666667,0.48507125,0.0,0.0,0.222222222,0.427792632,0.111111111,0.323380833,0.055555556,0.23570226,0.055555556,0.23570226
25_09_01.bmp,2.9444444444444446,0.666666667,0.48507125,0.444444444,0.511309993,0.166666667,0.383482494,0.0,0.0,0.111111111,0.323380833,0.0,0.0,0.055555556,0.23570226
02_04_02.bmp,3.555555555555556,0.166666667,0.383482494,0.388888889,0.501631326,0.055555556,0.23570226,0.0,0.0,0.555555556,0.511309993,0.111111111,0.323380833,0.0,0.0
34_03_03.bmp,2.5,0.0,0.0,0.777777778,0.427792632,0.222222222,0.427792632,0.0,0.0,0.055555556,0.23570226,0.0,0.0,0.055555556,0.23570226
05_10_05.bmp,1.6666666666666667,0.833333333,0.383482494,0.388888889,0.501631326,0.055555556,0.23570226,0.055555556,0.23570226,0.055555556,0.23570226,0.111111111,0.323380833,0.0,0.0
35_12_03.bmp,2.388888888888889,0.833333333,0.383482494,0.5,0.514495755,0.055555556,0.23570226,0.0,0.0,0.055555556,0.23570226,0.0,0.0,0.055555556,0.23570226
11_15_04.bmp,2.833333333333333,0.055555556,0.23570226,0.277777778,0.460888599,0.111111111,0.323380833,0.444444444,0.511309993,0.277777778,0.460888599,0.055555556,0.23570226,0.0,0.0
06_22_04.bmp,1.7777777777777777,0.166666667,0.383482494,0.777777778,0.427792632,0.111111111,0.323380833,0.055555556,0.23570226,0.055555556,0.23570226,0.055555556,0.23570226,0.0,0.0
0481.jpg,3.0,0.055555556,0.23570226,0.444444444,0.511309993,0.055555556,0.23570226,0.0,0.0,0.666666667,0.48507125,0.0,0.0,0.111111111,0.323380833
24_09_03.bmp,2.7777777777777777,0.777777778,0.427792632,0.277777778,0.460888599,0.055555556,0.23570226,0.0,0.0,0.055555556,0.23570226,0.055555556,0.23570226,0.0,0.0
01280.jpg,3.7222222222222223,0.055555556,0.23570226,0.222222222,0.427792632,0.055555556,0.23570226,0.0,0.0,0.611111111,0.501631326,0.055555556,0.23570226,0.0,0.0
16_04_01.bmp,3.388888888888889,0.055555556,0.23570226,0.222222222,0.427792632,0.0,0.0,0.0,0.0,0.333333333,0.48507125,0.555555556,0.511309993,0.0,0.0
23_17_05.bmp,2.5,0.055555556,0.23570226,0.555555556,0.511309993,0.0,0.0,0.0,0.0,0.388888889,0.501631326,0.166666667,0.383482494,0.166666667,0.383482494
0071.jpg,3.2777777777777777,0.0,0.0,0.333333333,0.48507125,0.666666667,0.48507125,0.0,0.0,0.055555556,0.23570226,0.055555556,0.23570226,0.0,0.0
01154.jpg,2.7777777777777777,0.111111111,0.323380833,0.888888889,0.323380833,0.111111111,0.323380833,0.0,0.0,0.277777778,0.460888599,0.0,0.0,0.111111111,0.323380833
33_01_01.bmp,3.4444444444444446,0.055555556,0.23570226,0.333333333,0.48507125,0.0,0.0,0.0,0.0,0.611111111,0.501631326,0.0,0.0,0.055555556,0.23570226
0974.jpg,3.5,0.055555556,0.23570226,0.277777778,0.460888599,0.0,0.0,0.611111111,0.501631326,0.222222222,0.427792632,0.055555556,0.23570226,0.0,0.0
20_02_04.bmp,1.5,0.0,0.0,0.944444444,0.23570226,0.055555556,0.23570226,0.055555556,0.23570226,0.111111111,0.323380833,0.055555556,0.23570226,0.0,0.0
0938.jpg,2.9444444444444446,0.111111111,0.323380833,0.388888889,0.501631326,0.0,0.0,0.722222222,0.460888599,0.222222222,0.427792632,0.055555556,0.23570226,0.055555556,0.23570226
20_16_05.bmp,1.5,0.111111111,0.323380833,0.888888889,0.323380833,0.055555556,0.23570226,0.0,0.0,0.055555556,0.23570226,0.055555556,0.23570226,0.0,0.0
25_24_01.bmp,2.555555555555556,0.111111111,0.323380833,0.833333333,0.383482494,0.166666667,0.383482494,0.0,0.0,0.166666667,0.383482494,0.0,0.0,0.111111111,0.323380833
01273.jpg,2.333333333333333,0.277777778,0.460888599,0.722222222,0.460888599,0.0,0.0,0.055555556,0.23570226,0.444444444,0.511309993,0.777777778,0.427792632,0.111111111,0.323380833
37_01_01.bmp,3.888888888888889,0.0,0.0,0.5,0.514495755,0.0,0.0,0.111111111,0.323380833,0.055555556,0.23570226,0.111111111,0.323380833,0.0,0.0
0125.jpg,2.7222222222222223,0.055555556,0.23570226,0.222222222,0.427792632,0.944444444,0.23570226,0.0,0.0,0.166666667,0.383482494,0.0,0.0,0.055555556,0.23570226
13_08_01.bmp,3.5,0.111111111,0.323380833,0.444444444,0.511309993,0.111111111,0.323380833,0.0,0.0,0.111111111,0.323380833,0.0,0.0,0.055555556,0.23570226
20_12_01.bmp,3.2777777777777777,0.444444444,0.511309993,0.277777778,0.460888599,0.055555556,0.23570226,0.055555556,0.23570226,0.166666667,0.383482494,0.111111111,0.323380833,0.0,0.0
22_14_01.bmp,3.333333333333333,0.0,0.0,0.388888889,0.501631326,0.111111111,0.323380833,0.277777778,0.460888599,0.111111111,0.323380833,0.111111111,0.323380833,0.055555556,0.23570226
0356.jpg,3.111111111111111,0.111111111,0.323380833,0.722222222,0.460888599,0.0,0.0,0.055555556,0.23570226,0.055555556,0.23570226,0.0,0.0,0.055555556,0.23570226
14_12_04.bmp,2.1666666666666665,0.777777778,0.427792632,0.222222222,0.427792632,0.111111111,0.323380833,0.0,0.0,0.055555556,0.23570226,0.055555556,0.23570226,0.055555556,0.23570226
1023.jpg,3.555555555555556,0.111111111,0.323380833,0.333333333,0.48507125,0.0,0.0,0.333333333,0.48507125,0.277777778,0.460888599,0.0,0.0,0.055555556,0.23570226
12_11_04.bmp,2.5,0.722222222,0.460888599,0.166666667,0.383482494,0.055555556,0.23570226,0.055555556,0.23570226,0.055555556,0.23570226,0.055555556,0.23570226,0.055555556,0.23570226
0527.jpg,3.388888888888889,0.111111111,0.323380833,0.333333333,0.48507125,0.055555556,0.23570226,0.333333333,0.48507125,0.444444444,0.511309993,0.0,0.0,0.111111111,0.323380833
22_24_02.bmp,2.555555555555556,0.166666667,0.383482494,0.833333333,0.383482494,0.0,0.0,0.0,0.0,0.055555556,0.23570226,0.166666667,0.383482494,0.0,0.0
21_18_04.bmp,1.7777777777777777,0.055555556,0.23570226,0.722222222,0.460888599,0.0,0.0,0.0,0.0,0.055555556,0.23570226,0.111111111,0.323380833,0.055555556,0.23570226
30_24_05.bmp,1.4444444444444444,0.0,0.0,0.888888889,0.323380833,0.055555556,0.23570226,0.0,0.0,0.166666667,0.383482494,0.0,0.0,0.111111111,0.323380833
0106.jpg,2.888888888888889,0.0,0.0,0.444444444,0.511309993,0.833333333,0.383482494,0.0,0.0,0.055555556,0.23570226,0.055555556,0.23570226,0.055555556,0.23570226
21_22_05.bmp,1.6111111111111112,0.166666667,0.383482494,0.833333333,0.383482494,0.0,0.0,0.0,0.0,0.0,0.0,0.0,0.0,0.0,0.0
32_15_02.bmp,2.2222222222222223,0.055555556,0.23570226,0.277777778,0.460888599,0.777777778,0.427792632,0.111111111,0.323380833,0.388888889,0.501631326,0.055555556,0.23570226,0.0,0.0
25_20_03.bmp,2.0,0.5,0.514495755,0.444444444,0.511309993,0.222222222,0.427792632,0.222222222,0.427792632,0.166666667,0.383482494,0.055555556,0.23570226,0.0,0.0
05_08_05.bmp,1.8333333333333333,0.333333333,0.48507125,0.777777778,0.427792632,0.0,0.0,0.055555556,0.23570226,0.0,0.0,0.166666667,0.383482494,0.0,0.0
01387.jpg,3.1666666666666665,0.0,0.0,0.666666667,0.48507125,0.166666667,0.383482494,0.0,0.0,0.055555556,0.23570226,0.0,0.0,0.055555556,0.23570226
06_21_01.bmp,2.5,0.111111111,0.323380833,0.277777778,0.460888599,0.833333333,0.383482494,0.0,0.0,0.0,0.0,0.055555556,0.23570226,0.055555556,0.23570226
32_23_02.bmp,2.5,0.111111111,0.323380833,0.444444444,0.511309993,0.055555556,0.23570226,0.611111111,0.501631326,0.333333333,0.48507125,0.0,0.0,0.055555556,0.23570226
0108.jpg,1.5555555555555556,0.055555556,0.23570226,0.555555556,0.511309993,0.944444444,0.23570226,0.0,0.0,0.166666667,0.383482494,0.055555556,0.23570226,0.0,0.0
19_08_02.bmp,3.0,0.166666667,0.383482494,0.444444444,0.511309993,0.055555556,0.23570226,0.055555556,0.23570226,0.111111111,0.323380833,0.111111111,0.323380833,0.055555556,0.23570226
0408.jpg,2.5,0.055555556,0.23570226,0.833333333,0.383482494,0.055555556,0.23570226,0.055555556,0.23570226,0.055555556,0.23570226,0.0,0.0,0.055555556,0.23570226
17_01_01.bmp,3.333333333333333,0.055555556,0.23570226,0.5,0.514495755,0.055555556,0.23570226,0.055555556,0.23570226,0.166666667,0.383482494,0.111111111,0.323380833,0.055555556,0.23570226
1028.jpg,3.111111111111111,0.055555556,0.23570226,0.555555556,0.511309993,0.111111111,0.323380833,0.444444444,0.511309993,0.111111111,0.323380833,0.0,0.0,0.055555556,0.23570226
1046.jpg,2.9444444444444446,0.055555556,0.23570226,0.5,0.514495755,0.055555556,0.23570226,0.5,0.514495755,0.222222222,0.427792632,0.0,0.0,0.0,0.0
03_01_04.bmp,2.833333333333333,0.111111111,0.323380833,0.833333333,0.383482494,0.111111111,0.323380833,0.0,0.0,0.111111111,0.323380833,0.0,0.0,0.0,0.0
29_22_04.bmp,2.333333333333333,0.166666667,0.383482494,0.888888889,0.323380833,0.0,0.0,0.0,0.0,0.166666667,0.383482494,0.111111111,0.323380833,0.0,0.0
04_09_05.bmp,2.333333333333333,0.777777778,0.427792632,0.333333333,0.48507125,0.055555556,0.23570226,0.0,0.0,0.166666667,0.383482494,0.111111111,0.323380833,0.0,0.0
21_03_02.bmp,3.0,0.055555556,0.23570226,0.833333333,0.383482494,0.055555556,0.23570226,0.055555556,0.23570226,0.0,0.0,0.0,0.0,0.111111111,0.323380833
08_22_05.bmp,2.0,0.333333333,0.48507125,0.666666667,0.48507125,0.055555556,0.23570226,0.0,0.0,0.055555556,0.23570226,0.055555556,0.23570226,0.0,0.0
21_06_02.bmp,3.055555555555556,0.222222222,0.427792632,0.5,0.514495755,0.166666667,0.383482494,0.111111111,0.323380833,0.055555556,0.23570226,0.055555556,0.23570226,0.0,0.0
20_25_03.bmp,2.2777777777777777,0.055555556,0.23570226,0.111111111,0.323380833,0.055555556,0.23570226,0.111111111,0.323380833,0.055555556,0.23570226,0.0,0.0,0.888888889,0.323380833
06_20_01.bmp,3.111111111111111,0.555555556,0.511309993,0.333333333,0.48507125,0.055555556,0.23570226,0.055555556,0.23570226,0.055555556,0.23570226,0.055555556,0.23570226,0.055555556,0.23570226
13_11_04.bmp,2.5,0.888888889,0.323380833,0.222222222,0.427792632,0.111111111,0.323380833,0.0,0.0,0.222222222,0.427792632,0.0,0.0,0.0,0.0
05_02_03.bmp,1.7222222222222223,0.055555556,0.23570226,0.888888889,0.323380833,0.111111111,0.323380833,0.0,0.0,0.055555556,0.23570226,0.055555556,0.23570226,0.055555556,0.23570226
17_15_01.bmp,1.7777777777777777,0.0,0.0,0.277777778,0.460888599,0.833333333,0.383482494,0.0,0.0,0.166666667,0.383482494,0.0,0.0,0.055555556,0.23570226
02_18_05.bmp,1.6666666666666667,0.111111111,0.323380833,0.777777778,0.427792632,0.055555556,0.23570226,0.0,0.0,0.555555556,0.511309993,0.055555556,0.23570226,0.111111111,0.323380833
29_12_04.bmp,2.611111111111111,0.666666667,0.48507125,0.333333333,0.48507125,0.0,0.0,0.0,0.0,0.166666667,0.383482494,0.111111111,0.323380833,0.0,0.0
23_19_05.bmp,2.5,0.055555556,0.23570226,0.222222222,0.427792632,0.666666667,0.48507125,0.0,0.0,0.055555556,0.23570226,0.0,0.0,0.055555556,0.23570226
26_02_04.bmp,2.055555555555556,0.0,0.0,0.944444444,0.23570226,0.055555556,0.23570226,0.055555556,0.23570226,0.055555556,0.23570226,0.055555556,0.23570226,0.0,0.0
37_08_04.bmp,2.4444444444444446,0.333333333,0.48507125,0.5,0.514495755,0.111111111,0.323380833,0.055555556,0.23570226,0.055555556,0.23570226,0.111111111,0.323380833,0.0,0.0
05_08_01.bmp,3.0,0.222222222,0.427792632,0.555555556,0.511309993,0.055555556,0.23570226,0.0,0.0,0.055555556,0.23570226,0.055555556,0.23570226,0.055555556,0.23570226
28_17_02.bmp,2.888888888888889,0.055555556,0.23570226,0.5,0.514495755,0.055555556,0.23570226,0.055555556,0.23570226,0.277777778,0.460888599,0.111111111,0.323380833,0.166666667,0.383482494
01_01_01.bmp,3.2777777777777777,0.111111111,0.323380833,0.555555556,0.511309993,0.166666667,0.383482494,0.055555556,0.23570226,0.055555556,0.23570226,0.111111111,0.323380833,0.111111111,0.323380833
01_22_05.bmp,1.6666666666666667,0.444444444,0.511309993,0.888888889,0.323380833,0.111111111,0.323380833,0.055555556,0.23570226,0.055555556,0.23570226,0.0,0.0,0.0,0.0
0524.jpg,2.9444444444444446,0.166666667,0.383482494,0.444444444,0.511309993,0.0,0.0,0.333333333,0.48507125,0.444444444,0.511309993,0.055555556,0.23570226,0.055555556,0.23570226
14_02_03.bmp,2.0,0.0,0.0,0.888888889,0.323380833,0.111111111,0.323380833,0.0,0.0,0.055555556,0.23570226,0.055555556,0.23570226,0.0,0.0
27_04_02.bmp,2.9444444444444446,0.333333333,0.48507125,0.444444444,0.511309993,0.111111111,0.323380833,0.055555556,0.23570226,0.388888889,0.501631326,0.166666667,0.383482494,0.0,0.0
29_17_04.bmp,2.1666666666666665,0.055555556,0.23570226,0.611111111,0.501631326,0.055555556,0.23570226,0.0,0.0,0.222222222,0.427792632,0.222222222,0.427792632,0.222222222,0.427792632
36_23_05.bmp,1.8888888888888888,0.055555556,0.23570226,0.166666667,0.383482494,0.0,0.0,0.833333333,0.383482494,0.0,0.0,0.0,0.0,0.222222222,0.427792632
17_12_05.bmp,2.111111111111111,0.833333333,0.383482494,0.222222222,0.427792632,0.111111111,0.323380833,0.0,0.0,0.277777778,0.460888599,0.055555556,0.23570226,0.0,0.0
22_13_05.bmp,1.9444444444444444,0.111111111,0.323380833,0.166666667,0.383482494,0.944444444,0.23570226,0.0,0.0,0.166666667,0.383482494,0.055555556,0.23570226,0.0,0.0
34_22_04.bmp,1.7222222222222223,0.166666667,0.383482494,0.833333333,0.383482494,0.166666667,0.383482494,0.0,0.0,0.0,0.0,0.055555556,0.23570226,0.055555556,0.23570226
0219.jpg,2.1666666666666665,0.055555556,0.23570226,0.277777778,0.460888599,0.0,0.0,0.888888889,0.323380833,0.111111111,0.323380833,0.0,0.0,0.0,0.0
17_11_04.bmp,2.388888888888889,0.777777778,0.427792632,0.277777778,0.460888599,0.0,0.0,0.0,0.0,0.222222222,0.427792632,0.166666667,0.383482494,0.0,0.0
04_23_02.bmp,2.5,0.111111111,0.323380833,0.611111111,0.501631326,0.0,0.0,0.833333333,0.383482494,0.111111111,0.323380833,0.0,0.0,0.055555556,0.23570226
0516.jpg,3.0,0.055555556,0.23570226,0.333333333,0.48507125,0.055555556,0.23570226,0.444444444,0.511309993,0.666666667,0.48507125,0.0,0.0,0.0,0.0
01391.jpg,3.7222222222222223,0.055555556,0.23570226,0.611111111,0.501631326,0.111111111,0.323380833,0.055555556,0.23570226,0.0,0.0,0.055555556,0.23570226,0.055555556,0.23570226
23_20_05.bmp,1.7777777777777777,0.555555556,0.511309993,0.388888889,0.501631326,0.166666667,0.383482494,0.277777778,0.460888599,0.166666667,0.383482494,0.0,0.0,0.0,0.0
04_22_02.bmp,2.1666666666666665,0.222222222,0.427792632,0.833333333,0.383482494,0.222222222,0.427792632,0.0,0.0,0.166666667,0.383482494,0.055555556,0.23570226,0.0,0.0
0709.jpg,3.5,0.055555556,0.23570226,0.333333333,0.48507125,0.0,0.0,0.0,0.0,0.333333333,0.48507125,0.111111111,0.323380833,0.055555556,0.23570226
33_12_01.bmp,3.2222222222222223,0.055555556,0.23570226,0.555555556,0.511309993,0.055555556,0.23570226,0.0,0.0,0.444444444,0.511309993,0.0,0.0,0.0,0.0
01195.jpg,3.4444444444444446,0.333333333,0.48507125,0.444444444,0.511309993,0.055555556,0.23570226,0.111111111,0.323380833,0.055555556,0.23570226,0.055555556,0.23570226,0.0,0.0
0255.jpg,1.5555555555555556,0.166666667,0.383482494,0.444444444,0.511309993,0.0,0.0,0.888888889,0.323380833,0.0,0.0,0.0,0.0,0.0,0.0
08_03_02.bmp,3.7777777777777777,0.111111111,0.323380833,0.444444444,0.511309993,0.111111111,0.323380833,0.0,0.0,0.166666667,0.383482494,0.0,0.0,0.0,0.0
22_08_03.bmp,2.4444444444444446,0.222222222,0.427792632,0.722222222,0.460888599,0.0,0.0,0.055555556,0.23570226,0.111111111,0.323380833,0.166666667,0.383482494,0.0,0.0
09_23_02.bmp,3.0,0.055555556,0.23570226,0.111111111,0.323380833,0.0,0.0,0.777777778,0.427792632,0.111111111,0.323380833,0.055555556,0.23570226,0.055555556,0.23570226
10_13_04.bmp,2.7222222222222223,0.055555556,0.23570226,0.277777778,0.460888599,0.666666667,0.48507125,0.0,0.0,0.444444444,0.511309993,0.111111111,0.323380833,0.0,0.0
01176.jpg,3.111111111111111,0.277777778,0.460888599,0.666666667,0.48507125,0.5,0.514495755,0.0,0.0,0.111111111,0.323380833,0.222222222,0.427792632,0.166666667,0.383482494
12_19_05.bmp,2.611111111111111,0.055555556,0.23570226,0.111111111,0.323380833,0.666666667,0.48507125,0.055555556,0.23570226,0.0,0.0,0.0,0.0,0.0,0.0
1005.jpg,3.388888888888889,0.055555556,0.23570226,0.222222222,0.427792632,0.0,0.0,0.666666667,0.48507125,0.222222222,0.427792632,0.0,0.0,0.055555556,0.23570226
34_16_04.bmp,1.8333333333333333,0.166666667,0.383482494,0.777777778,0.427792632,0.055555556,0.23570226,0.333333333,0.48507125,0.0,0.0,0.055555556,0.23570226,0.0,0.0
0363.jpg,2.4444444444444446,0.111111111,0.323380833,0.944444444,0.23570226,0.055555556,0.23570226,0.055555556,0.23570226,0.0,0.0,0.0,0.0,0.0,0.0
36_03_04.bmp,1.8888888888888888,0.0,0.0,0.833333333,0.383482494,0.055555556,0.23570226,0.0,0.0,0.0,0.0,0.055555556,0.23570226,0.055555556,0.23570226
0027.jpg,2.111111111111111,0.055555556,0.23570226,0.444444444,0.511309993,0.888888889,0.323380833,0.055555556,0.23570226,0.0,0.0,0.0,0.0,0.0,0.0
0193.jpg,2.611111111111111,0.055555556,0.23570226,0.444444444,0.511309993,0.777777778,0.427792632,0.055555556,0.23570226,0.111111111,0.323380833,0.0,0.0,0.111111111,0.323380833
22_25_01.bmp,2.7222222222222223,0.111111111,0.323380833,0.055555556,0.23570226,0.055555556,0.23570226,0.0,0.0,0.0,0.0,0.0,0.0,0.944444444,0.23570226
24_07_04.bmp,1.8888888888888888,0.111111111,0.323380833,0.833333333,0.383482494,0.0,0.0,0.055555556,0.23570226,0.055555556,0.23570226,0.055555556,0.23570226,0.0,0.0
34_19_03.bmp,3.0,0.111111111,0.323380833,0.611111111,0.501631326,0.166666667,0.383482494,0.0,0.0,0.055555556,0.23570226,0.0,0.0,0.055555556,0.23570226
10_11_03.bmp,2.7222222222222223,0.722222222,0.460888599,0.333333333,0.48507125,0.055555556,0.23570226,0.055555556,0.23570226,0.333333333,0.48507125,0.111111111,0.323380833,0.0,0.0
0234.jpg,1.8333333333333333,0.166666667,0.383482494,0.388888889,0.501631326,0.0,0.0,0.944444444,0.23570226,0.0,0.0,0.055555556,0.23570226,0.0,0.0
01304.jpg,3.1666666666666665,0.444444444,0.511309993,0.388888889,0.501631326,0.055555556,0.23570226,0.166666667,0.383482494,0.277777778,0.460888599,0.0,0.0,0.0,0.0
05_21_03.bmp,2.6666666666666665,0.111111111,0.323380833,0.388888889,0.501631326,0.611111111,0.501631326,0.055555556,0.23570226,0.0,0.0,0.111111111,0.323380833,0.055555556,0.23570226
0643.jpg,3.2777777777777777,0.055555556,0.23570226,0.5,0.514495755,0.0,0.0,0.055555556,0.23570226,0.0,0.0,0.055555556,0.23570226,0.055555556,0.23570226
34_07_01.bmp,2.9444444444444446,0.277777778,0.460888599,0.5,0.514495755,0.111111111,0.323380833,0.055555556,0.23570226,0.055555556,0.23570226,0.055555556,0.23570226,0.055555556,0.23570226
01215.jpg,3.1666666666666665,0.333333333,0.48507125,0.944444444,0.23570226,0.055555556,0.23570226,0.0,0.0,0.222222222,0.427792632,0.0,0.0,0.055555556,0.23570226
14_15_05.bmp,3.388888888888889,0.111111111,0.323380833,0.277777778,0.460888599,0.0,0.0,0.222222222,0.427792632,0.055555556,0.23570226,0.055555556,0.23570226,0.055555556,0.23570226
09_11_04.bmp,2.2222222222222223,0.722222222,0.460888599,0.388888889,0.501631326,0.055555556,0.23570226,0.055555556,0.23570226,0.222222222,0.427792632,0.055555556,0.23570226,0.0,0.0
06_07_01.bmp,3.7777777777777777,0.222222222,0.427792632,0.111111111,0.323380833,0.055555556,0.23570226,0.111111111,0.323380833,0.0,0.0,0.111111111,0.323380833,0.055555556,0.23570226
31_09_04.bmp,2.388888888888889,0.777777778,0.427792632,0.222222222,0.427792632,0.0,0.0,0.055555556,0.23570226,0.111111111,0.323380833,0.0,0.0,0.055555556,0.23570226
30_23_02.bmp,2.888888888888889,0.0,0.0,0.166666667,0.383482494,0.0,0.0,0.722222222,0.460888599,0.222222222,0.427792632,0.0,0.0,0.166666667,0.383482494
1036.jpg,3.6666666666666665,0.111111111,0.323380833,0.166666667,0.383482494,0.0,0.0,0.5,0.514495755,0.111111111,0.323380833,0.0,0.0,0.0,0.0
30_23_04.bmp,2.333333333333333,0.0,0.0,0.277777778,0.460888599,0.0,0.0,0.722222222,0.460888599,0.166666667,0.383482494,0.0,0.0,0.055555556,0.23570226
32_25_03.bmp,2.2777777777777777,0.055555556,0.23570226,0.222222222,0.427792632,0.055555556,0.23570226,0.0,0.0,0.333333333,0.48507125,0.055555556,0.23570226,0.944444444,0.23570226
33_18_04.bmp,2.5,0.111111111,0.323380833,0.666666667,0.48507125,0.0,0.0,0.0,0.0,0.5,0.514495755,0.055555556,0.23570226,0.0,0.0
0066.jpg,3.888888888888889,0.055555556,0.23570226,0.222222222,0.427792632,0.611111111,0.501631326,0.0,0.0,0.055555556,0.23570226,0.055555556,0.23570226,0.0,0.0
14_04_04.bmp,2.2222222222222223,0.388888889,0.501631326,0.333333333,0.48507125,0.222222222,0.427792632,0.0,0.0,0.0,0.0,0.277777778,0.460888599,0.055555556,0.23570226
0761.jpg,3.611111111111111,0.111111111,0.323380833,0.388888889,0.501631326,0.055555556,0.23570226,0.0,0.0,0.111111111,0.323380833,0.055555556,0.23570226,0.055555556,0.23570226
12_08_03.bmp,2.5,0.277777778,0.460888599,0.555555556,0.511309993,0.055555556,0.23570226,0.0,0.0,0.0,0.0,0.055555556,0.23570226,0.055555556,0.23570226
0815.jpg,4.0,0.111111111,0.323380833,0.111111111,0.323380833,0.055555556,0.23570226,0.055555556,0.23570226,0.0,0.0,0.055555556,0.23570226,0.0,0.0
1111.jpg,2.2777777777777777,0.0,0.0,0.777777778,0.427792632,0.0,0.0,0.0,0.0,0.444444444,0.511309993,0.055555556,0.23570226,0.055555556,0.23570226
0296.jpg,1.9444444444444444,0.166666667,0.383482494,0.722222222,0.460888599,0.055555556,0.23570226,0.777777778,0.427792632,0.111111111,0.323380833,0.0,0.0,0.0,0.0
0521.jpg,2.9444444444444446,0.111111111,0.323380833,0.5,0.514495755,0.0,0.0,0.388888889,0.501631326,0.444444444,0.511309993,0.0,0.0,0.0,0.0
0359.jpg,2.1666666666666665,0.055555556,0.23570226,0.944444444,0.23570226,0.0,0.0,0.055555556,0.23570226,0.055555556,0.23570226,0.0,0.0,0.055555556,0.23570226
12_25_01.bmp,2.9444444444444446,0.055555556,0.23570226,0.111111111,0.323380833,0.055555556,0.23570226,0.055555556,0.23570226,0.055555556,0.23570226,0.0,0.0,0.888888889,0.323380833
34_09_01.bmp,3.2222222222222223,0.444444444,0.511309993,0.444444444,0.511309993,0.111111111,0.323380833,0.0,0.0,0.0,0.0,0.055555556,0.23570226,0.055555556,0.23570226
30_02_05.bmp,1.6111111111111112,0.0,0.0,0.888888889,0.323380833,0.055555556,0.23570226,0.055555556,0.23570226,0.277777778,0.460888599,0.0,0.0,0.0,0.0
09_03_01.bmp,3.7222222222222223,0.111111111,0.323380833,0.388888889,0.501631326,0.111111111,0.323380833,0.055555556,0.23570226,0.222222222,0.427792632,0.0,0.0,0.055555556,0.23570226
02_07_01.bmp,3.2777777777777777,0.111111111,0.323380833,0.555555556,0.511309993,0.0,0.0,0.0,0.0,0.444444444,0.511309993,0.055555556,0.23570226,0.0,0.0
18_18_03.bmp,2.333333333333333,0.055555556,0.23570226,0.777777778,0.427792632,0.055555556,0.23570226,0.055555556,0.23570226,0.055555556,0.23570226,0.0,0.0,0.111111111,0.323380833
07_16_04.bmp,2.388888888888889,0.333333333,0.48507125,0.666666667,0.48507125,0.055555556,0.23570226,0.055555556,0.23570226,0.055555556,0.23570226,0.0,0.0,0.0,0.0
0281.jpg,1.8888888888888888,0.166666667,0.383482494,0.388888889,0.501631326,0.0,0.0,0.888888889,0.323380833,0.055555556,0.23570226,0.0,0.0,0.055555556,0.23570226
16_19_02.bmp,3.2222222222222223,0.111111111,0.323380833,0.277777778,0.460888599,0.055555556,0.23570226,0.0,0.0,0.333333333,0.48507125,0.333333333,0.48507125,0.111111111,0.323380833
19_08_03.bmp,2.611111111111111,0.388888889,0.501631326,0.666666667,0.48507125,0.055555556,0.23570226,0.0,0.0,0.111111111,0.323380833,0.166666667,0.383482494,0.055555556,0.23570226
0397.jpg,2.1666666666666665,0.111111111,0.323380833,0.833333333,0.383482494,0.0,0.0,0.111111111,0.323380833,0.0,0.0,0.055555556,0.23570226,0.0,0.0
35_03_01.bmp,3.055555555555556,0.222222222,0.427792632,0.555555556,0.511309993,0.0,0.0,0.055555556,0.23570226,0.0,0.0,0.055555556,0.23570226,0.055555556,0.23570226
31_23_02.bmp,2.9444444444444446,0.055555556,0.23570226,0.111111111,0.323380833,0.055555556,0.23570226,0.722222222,0.460888599,0.166666667,0.383482494,0.0,0.0,0.111111111,0.323380833
29_01_03.bmp,2.833333333333333,0.166666667,0.383482494,0.666666667,0.48507125,0.0,0.0,0.055555556,0.23570226,0.111111111,0.323380833,0.111111111,0.323380833,0.111111111,0.323380833
1035.jpg,3.5,0.0,0.0,0.333333333,0.48507125,0.0,0.0,0.5,0.514495755,0.277777778,0.460888599,0.055555556,0.23570226,0.055555556,0.23570226
32_04_01.bmp,2.7777777777777777,0.055555556,0.23570226,0.444444444,0.511309993,0.277777778,0.460888599,0.0,0.0,0.388888889,0.501631326,0.055555556,0.23570226,0.0,0.0
0656.jpg,3.333333333333333,0.111111111,0.323380833,0.333333333,0.48507125,0.0,0.0,0.055555556,0.23570226,0.111111111,0.323380833,0.111111111,0.323380833,0.722222222,0.460888599
37_11_02.bmp,3.1666666666666665,0.666666667,0.48507125,0.333333333,0.48507125,0.0,0.0,0.0,0.0,0.111111111,0.323380833,0.111111111,0.323380833,0.0,0.0
05_20_01.bmp,2.888888888888889,0.555555556,0.511309993,0.333333333,0.48507125,0.222222222,0.427792632,0.166666667,0.383482494,0.055555556,0.23570226,0.0,0.0,0.055555556,0.23570226
18_04_02.bmp,3.111111111111111,0.222222222,0.427792632,0.444444444,0.511309993,0.222222222,0.427792632,0.055555556,0.23570226,0.0,0.0,0.055555556,0.23570226,0.055555556,0.23570226
17_16_05.bmp,1.7777777777777777,0.166666667,0.383482494,0.777777778,0.427792632,0.0,0.0,0.055555556,0.23570226,0.166666667,0.383482494,0.055555556,0.23570226,0.0,0.0
09_16_01.bmp,3.388888888888889,0.111111111,0.323380833,0.5,0.514495755,0.222222222,0.427792632,0.0,0.0,0.111111111,0.323380833,0.055555556,0.23570226,0.0,0.0
0758.jpg,3.7222222222222223,0.055555556,0.23570226,0.388888889,0.501631326,0.055555556,0.23570226,0.0,0.0,0.055555556,0.23570226,0.055555556,0.23570226,0.055555556,0.23570226
09_22_02.bmp,2.611111111111111,0.166666667,0.383482494,0.611111111,0.501631326,0.166666667,0.383482494,0.055555556,0.23570226,0.166666667,0.383482494,0.111111111,0.323380833,0.0,0.0
02_01_05.bmp,1.3888888888888888,0.166666667,0.383482494,0.944444444,0.23570226,0.0,0.0,0.0,0.0,0.611111111,0.501631326,0.055555556,0.23570226,0.0,0.0
34_01_02.bmp,3.333333333333333,0.166666667,0.383482494,0.666666667,0.48507125,0.277777778,0.460888599,0.055555556,0.23570226,0.055555556,0.23570226,0.0,0.0,0.055555556,0.23570226
22_25_03.bmp,2.333333333333333,0.055555556,0.23570226,0.111111111,0.323380833,0.055555556,0.23570226,0.055555556,0.23570226,0.0,0.0,0.0,0.0,0.833333333,0.383482494
27_07_01.bmp,3.2222222222222223,0.111111111,0.323380833,0.444444444,0.511309993,0.0,0.0,0.111111111,0.323380833,0.5,0.514495755,0.111111111,0.323380833,0.055555556,0.23570226
19_06_02.bmp,2.9444444444444446,0.333333333,0.48507125,0.277777778,0.460888599,0.222222222,0.427792632,0.055555556,0.23570226,0.111111111,0.323380833,0.166666667,0.383482494,0.055555556,0.23570226
24_17_03.bmp,2.6666666666666665,0.111111111,0.323380833,0.555555556,0.511309993,0.111111111,0.323380833,0.0,0.0,0.055555556,0.23570226,0.111111111,0.323380833,0.166666667,0.383482494
0641.jpg,3.333333333333333,0.0,0.0,0.5,0.514495755,0.0,0.0,0.055555556,0.23570226,0.055555556,0.23570226,0.055555556,0.23570226,0.055555556,0.23570226
09_13_04.bmp,2.833333333333333,0.111111111,0.323380833,0.277777778,0.460888599,0.777777778,0.427792632,0.111111111,0.323380833,0.111111111,0.323380833,0.0,0.0,0.055555556,0.23570226
19_10_05.bmp,2.2777777777777777,0.833333333,0.383482494,0.388888889,0.501631326,0.055555556,0.23570226,0.0,0.0,0.111111111,0.323380833,0.055555556,0.23570226,0.0,0.0
11_25_04.bmp,2.1666666666666665,0.055555556,0.23570226,0.166666667,0.383482494,0.0,0.0,0.055555556,0.23570226,0.166666667,0.383482494,0.055555556,0.23570226,0.888888889,0.323380833
25_12_01.bmp,3.055555555555556,0.5,0.514495755,0.388888889,0.501631326,0.055555556,0.23570226,0.0,0.0,0.111111111,0.323380833,0.111111111,0.323380833,0.055555556,0.23570226
25_22_01.bmp,2.7222222222222223,0.111111111,0.323380833,0.611111111,0.501631326,0.277777778,0.460888599,0.0,0.0,0.111111111,0.323380833,0.055555556,0.23570226,0.055555556,0.23570226
01152.jpg,3.611111111111111,0.055555556,0.23570226,0.388888889,0.501631326,0.444444444,0.511309993,0.0,0.0,0.277777778,0.460888599,0.055555556,0.23570226,0.111111111,0.323380833
28_22_04.bmp,2.333333333333333,0.166666667,0.383482494,0.777777778,0.427792632,0.055555556,0.23570226,0.0,0.0,0.277777778,0.460888599,0.0,0.0,0.0,0.0
01_19_03.bmp,3.111111111111111,0.055555556,0.23570226,0.666666667,0.48507125,0.111111111,0.323380833,0.0,0.0,0.0,0.0,0.0,0.0,0.055555556,0.23570226
1094.jpg,2.388888888888889,0.111111111,0.323380833,0.222222222,0.427792632,0.0,0.0,0.0,0.0,0.222222222,0.427792632,0.833333333,0.383482494,0.166666667,0.383482494
21_04_02.bmp,3.2222222222222223,0.111111111,0.323380833,0.388888889,0.501631326,0.055555556,0.23570226,0.055555556,0.23570226,0.055555556,0.23570226,0.0,0.0,0.0,0.0
36_07_01.bmp,3.2222222222222223,0.111111111,0.323380833,0.555555556,0.511309993,0.111111111,0.323380833,0.0,0.0,0.0,0.0,0.055555556,0.23570226,0.111111111,0.323380833
09_19_04.bmp,2.5,0.333333333,0.48507125,0.388888889,0.501631326,0.444444444,0.511309993,0.055555556,0.23570226,0.222222222,0.427792632,0.055555556,0.23570226,0.055555556,0.23570226
26_08_01.bmp,3.7222222222222223,0.111111111,0.323380833,0.111111111,0.323380833,0.111111111,0.323380833,0.0,0.0,0.055555556,0.23570226,0.0,0.0,0.111111111,0.323380833
0785.jpg,3.2777777777777777,0.055555556,0.23570226,0.666666667,0.48507125,0.055555556,0.23570226,0.055555556,0.23570226,0.055555556,0.23570226,0.0,0.0,0.111111111,0.323380833
0258.jpg,2.888888888888889,0.222222222,0.427792632,0.222222222,0.427792632,0.0,0.0,0.833333333,0.383482494,0.166666667,0.383482494,0.055555556,0.23570226,0.0,0.0
04_17_01.bmp,2.7222222222222223,0.166666667,0.383482494,0.666666667,0.48507125,0.111111111,0.323380833,0.055555556,0.23570226,0.166666667,0.383482494,0.055555556,0.23570226,0.055555556,0.23570226
06_14_04.bmp,3.0,0.166666667,0.383482494,0.222222222,0.427792632,0.111111111,0.323380833,0.611111111,0.501631326,0.0,0.0,0.055555556,0.23570226,0.055555556,0.23570226
0059.jpg,4.111111111111111,0.055555556,0.23570226,0.222222222,0.427792632,0.611111111,0.501631326,0.0,0.0,0.055555556,0.23570226,0.055555556,0.23570226,0.0,0.0
26_13_03.bmp,3.7222222222222223,0.111111111,0.323380833,0.111111111,0.323380833,0.111111111,0.323380833,0.0,0.0,0.055555556,0.23570226,0.055555556,0.23570226,0.055555556,0.23570226
31_03_04.bmp,2.333333333333333,0.055555556,0.23570226,0.833333333,0.383482494,0.0,0.0,0.0,0.0,0.222222222,0.427792632,0.0,0.0,0.055555556,0.23570226
28_06_05.bmp,2.111111111111111,0.388888889,0.501631326,0.388888889,0.501631326,0.166666667,0.383482494,0.111111111,0.323380833,0.222222222,0.427792632,0.166666667,0.383482494,0.0,0.0
0863.jpg,3.5,0.055555556,0.23570226,0.444444444,0.511309993,0.0,0.0,0.0,0.0,0.222222222,0.427792632,0.055555556,0.23570226,0.0,0.0
02_03_03.bmp,2.5,0.055555556,0.23570226,0.777777778,0.427792632,0.0,0.0,0.0,0.0,0.611111111,0.501631326,0.0,0.0,0.0,0.0
33_11_04.bmp,2.5,0.666666667,0.48507125,0.333333333,0.48507125,0.111111111,0.323380833,0.0,0.0,0.333333333,0.48507125,0.0,0.0,0.0,0.0
0292.jpg,2.7222222222222223,0.222222222,0.427792632,0.333333333,0.48507125,0.0,0.0,0.777777778,0.427792632,0.0,0.0,0.0,0.0,0.0,0.0
14_21_01.bmp,2.111111111111111,0.055555556,0.23570226,0.222222222,0.427792632,0.888888889,0.323380833,0.055555556,0.23570226,0.0,0.0,0.111111111,0.323380833,0.0,0.0
01_23_01.bmp,3.0,0.055555556,0.23570226,0.555555556,0.511309993,0.055555556,0.23570226,0.777777778,0.427792632,0.0,0.0,0.055555556,0.23570226,0.111111111,0.323380833
29_10_05.bmp,2.1666666666666665,0.722222222,0.460888599,0.166666667,0.383482494,0.055555556,0.23570226,0.0,0.0,0.166666667,0.383482494,0.111111111,0.323380833,0.0,0.0
15_25_04.bmp,2.388888888888889,0.055555556,0.23570226,0.0,0.0,0.055555556,0.23570226,0.0,0.0,0.222222222,0.427792632,0.0,0.0,0.833333333,0.383482494
0480.jpg,3.2222222222222223,0.055555556,0.23570226,0.277777778,0.460888599,0.055555556,0.23570226,0.055555556,0.23570226,0.722222222,0.460888599,0.0,0.0,0.0,0.0
01432.jpg,3.888888888888889,0.0,0.0,0.388888889,0.501631326,0.166666667,0.383482494,0.0,0.0,0.055555556,0.23570226,0.0,0.0,0.111111111,0.323380833
1100.jpg,1.5,0.055555556,0.23570226,0.944444444,0.23570226,0.0,0.0,0.222222222,0.427792632,0.166666667,0.383482494,0.0,0.0,0.0,0.0
30_03_01.bmp,3.7222222222222223,0.166666667,0.383482494,0.166666667,0.383482494,0.0,0.0,0.055555556,0.23570226,0.388888889,0.501631326,0.0,0.0,0.0,0.0
18_09_02.bmp,2.888888888888889,0.777777778,0.427792632,0.277777778,0.460888599,0.055555556,0.23570226,0.0,0.0,0.055555556,0.23570226,0.0,0.0,0.055555556,0.23570226
21_13_04.bmp,2.555555555555556,0.055555556,0.23570226,0.222222222,0.427792632,0.777777778,0.427792632,0.055555556,0.23570226,0.0,0.0,0.0,0.0,0.055555556,0.23570226
11_24_03.bmp,2.2222222222222223,0.0,0.0,0.888888889,0.323380833,0.055555556,0.23570226,0.055555556,0.23570226,0.222222222,0.427792632,0.055555556,0.23570226,0.0,0.0
0183.jpg,2.9444444444444446,0.055555556,0.23570226,0.388888889,0.501631326,0.666666667,0.48507125,0.055555556,0.23570226,0.055555556,0.23570226,0.055555556,0.23570226,0.055555556,0.23570226
1027.jpg,2.888888888888889,0.111111111,0.323380833,0.388888889,0.501631326,0.055555556,0.23570226,0.555555556,0.511309993,0.111111111,0.323380833,0.0,0.0,0.055555556,0.23570226
0395.jpg,2.388888888888889,0.055555556,0.23570226,0.722222222,0.460888599,0.055555556,0.23570226,0.166666667,0.383482494,0.055555556,0.23570226,0.0,0.0,0.055555556,0.23570226
31_16_04.bmp,2.0,0.222222222,0.427792632,0.722222222,0.460888599,0.0,0.0,0.0,0.0,0.166666667,0.383482494,0.0,0.0,0.055555556,0.23570226
0680.jpg,3.333333333333333,0.055555556,0.23570226,0.277777778,0.460888599,0.055555556,0.23570226,0.111111111,0.323380833,0.277777778,0.460888599,0.055555556,0.23570226,0.111111111,0.323380833
17_01_05.bmp,1.5,0.055555556,0.23570226,0.888888889,0.323380833,0.055555556,0.23570226,0.055555556,0.23570226,0.166666667,0.383482494,0.0,0.0,0.0,0.0
08_24_01.bmp,3.7777777777777777,0.111111111,0.323380833,0.388888889,0.501631326,0.0,0.0,0.166666667,0.383482494,0.055555556,0.23570226,0.0,0.0,0.0,0.0
04_20_03.bmp,2.4444444444444446,0.555555556,0.511309993,0.5,0.514495755,0.222222222,0.427792632,0.0,0.0,0.222222222,0.427792632,0.0,0.0,0.0,0.0
05_21_04.bmp,2.611111111111111,0.277777778,0.460888599,0.5,0.514495755,0.055555556,0.23570226,0.388888889,0.501631326,0.0,0.0,0.0,0.0,0.055555556,0.23570226
29_09_04.bmp,2.4444444444444446,0.777777778,0.427792632,0.166666667,0.383482494,0.0,0.0,0.0,0.0,0.111111111,0.323380833,0.166666667,0.383482494,0.055555556,0.23570226
07_24_02.bmp,2.555555555555556,0.055555556,0.23570226,0.722222222,0.460888599,0.166666667,0.383482494,0.0,0.0,0.0,0.0,0.0,0.0,0.055555556,0.23570226
08_21_04.bmp,2.4444444444444446,0.055555556,0.23570226,0.277777778,0.460888599,0.166666667,0.383482494,0.5,0.514495755,0.055555556,0.23570226,0.055555556,0.23570226,0.0,0.0
17_22_01.bmp,2.9444444444444446,0.222222222,0.427792632,0.611111111,0.501631326,0.055555556,0.23570226,0.055555556,0.23570226,0.166666667,0.383482494,0.0,0.0,0.0,0.0
02_21_04.bmp,2.111111111111111,0.166666667,0.383482494,0.5,0.514495755,0.222222222,0.427792632,0.555555556,0.511309993,0.277777778,0.460888599,0.055555556,0.23570226,0.055555556,0.23570226
07_02_03.bmp,1.8333333333333333,0.0,0.0,0.944444444,0.23570226,0.166666667,0.383482494,0.0,0.0,0.055555556,0.23570226,0.0,0.0,0.0,0.0
31_12_01.bmp,3.388888888888889,0.333333333,0.48507125,0.277777778,0.460888599,0.055555556,0.23570226,0.0,0.0,0.222222222,0.427792632,0.0,0.0,0.055555556,0.23570226
07_22_04.bmp,1.7777777777777777,0.388888889,0.501631326,0.611111111,0.501631326,0.166666667,0.383482494,0.0,0.0,0.0,0.0,0.055555556,0.23570226,0.0,0.0
01496.jpg,3.7222222222222223,0.055555556,0.23570226,0.5,0.514495755,0.111111111,0.323380833,0.0,0.0,0.055555556,0.23570226,0.0,0.0,0.111111111,0.323380833
25_15_01.bmp,1.6111111111111112,0.055555556,0.23570226,0.222222222,0.427792632,0.888888889,0.323380833,0.0,0.0,0.111111111,0.323380833,0.0,0.0,0.0,0.0
13_14_02.bmp,3.611111111111111,0.111111111,0.323380833,0.111111111,0.323380833,0.111111111,0.323380833,0.111111111,0.323380833,0.111111111,0.323380833,0.111111111,0.323380833,0.055555556,0.23570226
26_12_05.bmp,2.2777777777777777,0.888888889,0.323380833,0.277777778,0.460888599,0.055555556,0.23570226,0.0,0.0,0.055555556,0.23570226,0.0,0.0,0.0,0.0
35_12_01.bmp,3.1666666666666665,0.5,0.514495755,0.444444444,0.511309993,0.111111111,0.323380833,0.055555556,0.23570226,0.0,0.0,0.0,0.0,0.111111111,0.323380833
12_14_01.bmp,3.388888888888889,0.111111111,0.323380833,0.222222222,0.427792632,0.222222222,0.427792632,0.111111111,0.323380833,0.055555556,0.23570226,0.055555556,0.23570226,0.055555556,0.23570226
19_18_03.bmp,2.611111111111111,0.111111111,0.323380833,0.666666667,0.48507125,0.055555556,0.23570226,0.0,0.0,0.166666667,0.383482494,0.111111111,0.323380833,0.055555556,0.23570226
09_17_05.bmp,2.0,0.166666667,0.383482494,0.388888889,0.501631326,0.055555556,0.23570226,0.0,0.0,0.222222222,0.427792632,0.166666667,0.383482494,0.222222222,0.427792632
03_10_02.bmp,3.1666666666666665,0.5,0.514495755,0.222222222,0.427792632,0.166666667,0.383482494,0.0,0.0,0.166666667,0.383482494,0.0,0.0,0.055555556,0.23570226
09_18_03.bmp,2.111111111111111,0.111111111,0.323380833,0.833333333,0.383482494,0.055555556,0.23570226,0.0,0.0,0.222222222,0.427792632,0.055555556,0.23570226,0.0,0.0
17_25_01.bmp,3.2777777777777777,0.055555556,0.23570226,0.055555556,0.23570226,0.055555556,0.23570226,0.055555556,0.23570226,0.166666667,0.383482494,0.055555556,0.23570226,0.777777778,0.427792632
14_25_01.bmp,2.888888888888889,0.055555556,0.23570226,0.166666667,0.383482494,0.111111111,0.323380833,0.0,0.0,0.0,0.0,0.111111111,0.323380833,1.0,0.0
13_02_04.bmp,1.3333333333333333,0.055555556,0.23570226,0.944444444,0.23570226,0.055555556,0.23570226,0.055555556,0.23570226,0.055555556,0.23570226,0.0,0.0,0.0,0.0
15_06_05.bmp,1.5555555555555556,0.388888889,0.501631326,0.333333333,0.48507125,0.222222222,0.427792632,0.111111111,0.323380833,0.277777778,0.460888599,0.111111111,0.323380833,0.0,0.0
04_09_03.bmp,2.7222222222222223,0.777777778,0.427792632,0.388888889,0.501631326,0.055555556,0.23570226,0.055555556,0.23570226,0.222222222,0.427792632,0.055555556,0.23570226,0.055555556,0.23570226
06_18_04.bmp,2.2777777777777777,0.222222222,0.427792632,0.833333333,0.383482494,0.111111111,0.323380833,0.0,0.0,0.0,0.0,0.166666667,0.383482494,0.055555556,0.23570226
12_09_01.bmp,2.833333333333333,0.611111111,0.501631326,0.166666667,0.383482494,0.111111111,0.323380833,0.0,0.0,0.166666667,0.383482494,0.0,0.0,0.0,0.0
15_11_04.bmp,2.555555555555556,0.666666667,0.48507125,0.166666667,0.383482494,0.055555556,0.23570226,0.0,0.0,0.277777778,0.460888599,0.055555556,0.23570226,0.0,0.0
02_19_04.bmp,2.2777777777777777,0.388888889,0.501631326,0.333333333,0.48507125,0.611111111,0.501631326,0.0,0.0,0.444444444,0.511309993,0.055555556,0.23570226,0.0,0.0
01_14_04.bmp,2.7222222222222223,0.111111111,0.323380833,0.666666667,0.48507125,0.222222222,0.427792632,0.055555556,0.23570226,0.111111111,0.323380833,0.055555556,0.23570226,0.0,0.0
12_18_01.bmp,2.7777777777777777,0.055555556,0.23570226,0.611111111,0.501631326,0.055555556,0.23570226,0.055555556,0.23570226,0.222222222,0.427792632,0.055555556,0.23570226,0.0,0.0
17_05_04.bmp,2.055555555555556,0.444444444,0.511309993,0.777777778,0.427792632,0.055555556,0.23570226,0.055555556,0.23570226,0.166666667,0.383482494,0.111111111,0.323380833,0.055555556,0.23570226
28_05_05.bmp,1.8333333333333333,0.277777778,0.460888599,0.722222222,0.460888599,0.111111111,0.323380833,0.0,0.0,0.222222222,0.427792632,0.111111111,0.323380833,0.0,0.0
01456.jpg,3.4444444444444446,0.055555556,0.23570226,0.666666667,0.48507125,0.111111111,0.323380833,0.0,0.0,0.055555556,0.23570226,0.111111111,0.323380833,0.444444444,0.511309993
0052.jpg,3.2777777777777777,0.0,0.0,0.333333333,0.48507125,0.833333333,0.383482494,0.0,0.0,0.277777778,0.460888599,0.0,0.0,0.0,0.0
26_18_05.bmp,1.8888888888888888,0.055555556,0.23570226,0.777777778,0.427792632,0.166666667,0.383482494,0.0,0.0,0.111111111,0.323380833,0.055555556,0.23570226,0.0,0.0
29_19_04.bmp,2.388888888888889,0.222222222,0.427792632,0.444444444,0.511309993,0.5,0.514495755,0.055555556,0.23570226,0.166666667,0.383482494,0.111111111,0.323380833,0.0,0.0
0837.jpg,2.7222222222222223,0.0,0.0,0.722222222,0.460888599,0.055555556,0.23570226,0.0,0.0,0.111111111,0.323380833,0.111111111,0.323380833,0.055555556,0.23570226
24_05_04.bmp,2.0,0.166666667,0.383482494,0.888888889,0.323380833,0.055555556,0.23570226,0.0,0.0,0.111111111,0.323380833,0.055555556,0.23570226,0.0,0.0
04_08_05.bmp,1.8333333333333333,0.5,0.514495755,0.722222222,0.460888599,0.166666667,0.383482494,0.0,0.0,0.222222222,0.427792632,0.055555556,0.23570226,0.111111111,0.323380833
01158.jpg,3.2777777777777777,0.055555556,0.23570226,0.222222222,0.427792632,0.055555556,0.23570226,0.111111111,0.323380833,0.555555556,0.511309993,0.722222222,0.460888599,0.0,0.0
25_10_04.bmp,2.2222222222222223,0.777777778,0.427792632,0.333333333,0.48507125,0.166666667,0.383482494,0.055555556,0.23570226,0.166666667,0.383482494,0.0,0.0,0.0,0.0
12_08_01.bmp,3.4444444444444446,0.222222222,0.427792632,0.388888889,0.501631326,0.055555556,0.23570226,0.0,0.0,0.166666667,0.383482494,0.0,0.0,0.055555556,0.23570226
09_03_03.bmp,2.4444444444444446,0.111111111,0.323380833,0.777777778,0.427792632,0.111111111,0.323380833,0.0,0.0,0.111111111,0.323380833,0.055555556,0.23570226,0.0,0.0
18_03_03.bmp,2.611111111111111,0.111111111,0.323380833,0.777777778,0.427792632,0.055555556,0.23570226,0.055555556,0.23570226,0.0,0.0,0.0,0.0,0.055555556,0.23570226
33_02_05.bmp,1.3333333333333333,0.055555556,0.23570226,0.888888889,0.323380833,0.0,0.0,0.0,0.0,0.333333333,0.48507125,0.055555556,0.23570226,0.055555556,0.23570226
35_17_04.bmp,2.055555555555556,0.277777778,0.460888599,0.555555556,0.511309993,0.055555556,0.23570226,0.0,0.0,0.166666667,0.383482494,0.166666667,0.383482494,0.222222222,0.427792632
32_20_04.bmp,1.6666666666666667,0.5,0.514495755,0.5,0.514495755,0.222222222,0.427792632,0.111111111,0.323380833,0.333333333,0.48507125,0.055555556,0.23570226,0.055555556,0.23570226
04_20_01.bmp,2.555555555555556,0.333333333,0.48507125,0.666666667,0.48507125,0.111111111,0.323380833,0.166666667,0.383482494,0.277777778,0.460888599,0.0,0.0,0.0,0.0
27_16_03.bmp,2.7777777777777777,0.166666667,0.383482494,0.666666667,0.48507125,0.0,0.0,0.055555556,0.23570226,0.388888889,0.501631326,0.055555556,0.23570226,0.055555556,0.23570226
0789.jpg,3.6666666666666665,0.111111111,0.323380833,0.444444444,0.511309993,0.0,0.0,0.055555556,0.23570226,0.055555556,0.23570226,0.111111111,0.323380833,0.055555556,0.23570226
29_13_04.bmp,2.9444444444444446,0.055555556,0.23570226,0.277777778,0.460888599,0.666666667,0.48507125,0.0,0.0,0.111111111,0.323380833,0.055555556,0.23570226,0.111111111,0.323380833
06_24_05.bmp,1.5555555555555556,0.111111111,0.323380833,0.944444444,0.23570226,0.111111111,0.323380833,0.0,0.0,0.055555556,0.23570226,0.055555556,0.23570226,0.0,0.0
0771.jpg,3.5,0.111111111,0.323380833,0.444444444,0.511309993,0.055555556,0.23570226,0.0,0.0,0.166666667,0.383482494,0.055555556,0.23570226,0.055555556,0.23570226
12_14_03.bmp,2.9444444444444446,0.111111111,0.323380833,0.166666667,0.383482494,0.111111111,0.323380833,0.5,0.514495755,0.111111111,0.323380833,0.111111111,0.323380833,0.055555556,0.23570226
0793.jpg,3.611111111111111,0.0,0.0,0.666666667,0.48507125,0.0,0.0,0.111111111,0.323380833,0.222222222,0.427792632,0.055555556,0.23570226,0.0,0.0
13_19_03.bmp,3.111111111111111,0.333333333,0.48507125,0.222222222,0.427792632,0.277777778,0.460888599,0.111111111,0.323380833,0.111111111,0.323380833,0.055555556,0.23570226,0.055555556,0.23570226
37_10_01.bmp,3.4444444444444446,0.222222222,0.427792632,0.5,0.514495755,0.055555556,0.23570226,0.0,0.0,0.055555556,0.23570226,0.055555556,0.23570226,0.0,0.0
34_15_05.bmp,3.0,0.111111111,0.323380833,0.388888889,0.501631326,0.277777778,0.460888599,0.111111111,0.323380833,0.055555556,0.23570226,0.0,0.0,0.055555556,0.23570226
1017.jpg,3.6666666666666665,0.055555556,0.23570226,0.333333333,0.48507125,0.0,0.0,0.222222222,0.427792632,0.111111111,0.323380833,0.055555556,0.23570226,0.055555556,0.23570226
36_24_02.bmp,2.5,0.111111111,0.323380833,0.833333333,0.383482494,0.222222222,0.427792632,0.0,0.0,0.0,0.0,0.0,0.0,0.111111111,0.323380833
34_07_04.bmp,1.3888888888888888,0.166666667,0.383482494,0.888888889,0.323380833,0.055555556,0.23570226,0.055555556,0.23570226,0.0,0.0,0.0,0.0,0.055555556,0.23570226
23_15_05.bmp,2.888888888888889,0.055555556,0.23570226,0.333333333,0.48507125,0.055555556,0.23570226,0.388888889,0.501631326,0.277777778,0.460888599,0.111111111,0.323380833,0.055555556,0.23570226
13_09_01.bmp,3.1666666666666665,0.666666667,0.48507125,0.222222222,0.427792632,0.055555556,0.23570226,0.055555556,0.23570226,0.166666667,0.383482494,0.0,0.0,0.055555556,0.23570226
22_09_05.bmp,1.8888888888888888,0.888888889,0.323380833,0.333333333,0.48507125,0.055555556,0.23570226,0.0,0.0,0.166666667,0.383482494,0.111111111,0.323380833,0.055555556,0.23570226
0148.jpg,2.555555555555556,0.111111111,0.323380833,0.5,0.514495755,0.888888889,0.323380833,0.0,0.0,0.166666667,0.383482494,0.055555556,0.23570226,0.0,0.0
04_03_02.bmp,3.055555555555556,0.055555556,0.23570226,0.666666667,0.48507125,0.111111111,0.323380833,0.0,0.0,0.222222222,0.427792632,0.0,0.0,0.055555556,0.23570226
0622.jpg,3.1666666666666665,0.055555556,0.23570226,0.555555556,0.511309993,0.055555556,0.23570226,0.166666667,0.383482494,0.055555556,0.23570226,0.055555556,0.23570226,0.111111111,0.323380833
17_04_02.bmp,2.833333333333333,0.277777778,0.460888599,0.277777778,0.460888599,0.166666667,0.383482494,0.111111111,0.323380833,0.166666667,0.383482494,0.166666667,0.383482494,0.055555556,0.23570226
06_23_04.bmp,2.5,0.055555556,0.23570226,0.166666667,0.383482494,0.0,0.0,0.722222222,0.460888599,0.0,0.0,0.055555556,0.23570226,0.055555556,0.23570226
01_16_01.bmp,2.9444444444444446,0.166666667,0.383482494,0.611111111,0.501631326,0.055555556,0.23570226,0.111111111,0.323380833,0.0,0.0,0.055555556,0.23570226,0.111111111,0.323380833
07_15_04.bmp,3.333333333333333,0.222222222,0.427792632,0.277777778,0.460888599,0.111111111,0.323380833,0.0,0.0,0.111111111,0.323380833,0.055555556,0.23570226,0.111111111,0.323380833
23_02_01.bmp,3.4444444444444446,0.111111111,0.323380833,0.5,0.514495755,0.0,0.0,0.055555556,0.23570226,0.277777778,0.460888599,0.0,0.0,0.0,0.0
28_17_01.bmp,3.388888888888889,0.166666667,0.383482494,0.444444444,0.511309993,0.166666667,0.383482494,0.0,0.0,0.166666667,0.383482494,0.055555556,0.23570226,0.055555556,0.23570226
05_03_05.bmp,1.5,0.0,0.0,0.833333333,0.383482494,0.055555556,0.23570226,0.0,0.0,0.055555556,0.23570226,0.111111111,0.323380833,0.0,0.0
27_25_03.bmp,2.333333333333333,0.055555556,0.23570226,0.222222222,0.427792632,0.0,0.0,0.055555556,0.23570226,0.333333333,0.48507125,0.0,0.0,0.888888889,0.323380833
20_06_04.bmp,1.8333333333333333,0.333333333,0.48507125,0.333333333,0.48507125,0.166666667,0.383482494,0.055555556,0.23570226,0.055555556,0.23570226,0.277777778,0.460888599,0.0,0.0
16_25_01.bmp,2.888888888888889,0.055555556,0.23570226,0.055555556,0.23570226,0.055555556,0.23570226,0.0,0.0,0.222222222,0.427792632,0.222222222,0.427792632,0.833333333,0.383482494
22_02_05.bmp,1.2777777777777777,0.0,0.0,0.888888889,0.323380833,0.0,0.0,0.0,0.0,0.111111111,0.323380833,0.111111111,0.323380833,0.055555556,0.23570226
31_05_03.bmp,2.5,0.277777778,0.460888599,0.833333333,0.383482494,0.055555556,0.23570226,0.0,0.0,0.333333333,0.48507125,0.0,0.0,0.0,0.0
0844.jpg,3.6666666666666665,0.166666667,0.383482494,0.166666667,0.383482494,0.0,0.0,0.111111111,0.323380833,0.166666667,0.383482494,0.055555556,0.23570226,0.0,0.0
36_01_01.bmp,3.2777777777777777,0.055555556,0.23570226,0.5,0.514495755,0.166666667,0.383482494,0.0,0.0,0.0,0.0,0.0,0.0,0.111111111,0.323380833
26_06_03.bmp,3.555555555555556,0.055555556,0.23570226,0.166666667,0.383482494,0.166666667,0.383482494,0.0,0.0,0.111111111,0.323380833,0.055555556,0.23570226,0.055555556,0.23570226
07_14_02.bmp,3.333333333333333,0.222222222,0.427792632,0.222222222,0.427792632,0.055555556,0.23570226,0.111111111,0.323380833,0.111111111,0.323380833,0.055555556,0.23570226,0.055555556,0.23570226
37_10_03.bmp,2.888888888888889,0.777777778,0.427792632,0.333333333,0.48507125,0.0,0.0,0.0,0.0,0.055555556,0.23570226,0.055555556,0.23570226,0.0,0.0
13_08_05.bmp,2.0,0.444444444,0.511309993,0.666666667,0.48507125,0.055555556,0.23570226,0.0,0.0,0.166666667,0.383482494,0.055555556,0.23570226,0.166666667,0.383482494
0618.jpg,2.4444444444444446,0.111111111,0.323380833,0.722222222,0.460888599,0.055555556,0.23570226,0.166666667,0.383482494,0.0,0.0,0.166666667,0.383482494,0.055555556,0.23570226
11_18_04.bmp,2.333333333333333,0.055555556,0.23570226,0.666666667,0.48507125,0.111111111,0.323380833,0.055555556,0.23570226,0.222222222,0.427792632,0.055555556,0.23570226,0.0,0.0
0246.jpg,1.8888888888888888,0.277777778,0.460888599,0.333333333,0.48507125,0.0,0.0,0.888888889,0.323380833,0.055555556,0.23570226,0.0,0.0,0.055555556,0.23570226
0095.jpg,1.6666666666666667,0.0,0.0,0.611111111,0.501631326,1.0,0.0,0.055555556,0.23570226,0.055555556,0.23570226,0.0,0.0,0.055555556,0.23570226
32_02_03.bmp,2.0,0.055555556,0.23570226,0.944444444,0.23570226,0.166666667,0.383482494,0.0,0.0,0.444444444,0.511309993,0.055555556,0.23570226,0.0,0.0
11_09_04.bmp,2.2222222222222223,0.888888889,0.323380833,0.277777778,0.460888599,0.0,0.0,0.055555556,0.23570226,0.333333333,0.48507125,0.055555556,0.23570226,0.0,0.0
08_18_03.bmp,3.333333333333333,0.333333333,0.48507125,0.388888889,0.501631326,0.0,0.0,0.055555556,0.23570226,0.166666667,0.383482494,0.055555556,0.23570226,0.0,0.0
37_17_04.bmp,2.2222222222222223,0.111111111,0.323380833,0.555555556,0.511309993,0.0,0.0,0.055555556,0.23570226,0.166666667,0.383482494,0.222222222,0.427792632,0.166666667,0.383482494
28_24_01.bmp,3.055555555555556,0.333333333,0.48507125,0.555555556,0.511309993,0.222222222,0.427792632,0.0,0.0,0.111111111,0.323380833,0.0,0.0,0.0,0.0
02_03_01.bmp,3.555555555555556,0.055555556,0.23570226,0.222222222,0.427792632,0.055555556,0.23570226,0.055555556,0.23570226,0.555555556,0.511309993,0.0,0.0,0.0,0.0
06_13_05.bmp,2.9444444444444446,0.111111111,0.323380833,0.055555556,0.23570226,0.722222222,0.460888599,0.0,0.0,0.0,0.0,0.055555556,0.23570226,0.111111111,0.323380833
13_05_04.bmp,2.1666666666666665,0.333333333,0.48507125,0.611111111,0.501631326,0.055555556,0.23570226,0.0,0.0,0.277777778,0.460888599,0.055555556,0.23570226,0.055555556,0.23570226
01_13_02.bmp,3.055555555555556,0.055555556,0.23570226,0.666666667,0.48507125,0.166666667,0.383482494,0.0,0.0,0.055555556,0.23570226,0.0,0.0,0.055555556,0.23570226
0160.jpg,2.6666666666666665,0.055555556,0.23570226,0.444444444,0.511309993,0.888888889,0.323380833,0.0,0.0,0.166666667,0.383482494,0.0,0.0,0.055555556,0.23570226
0072.jpg,3.333333333333333,0.055555556,0.23570226,0.222222222,0.427792632,0.722222222,0.460888599,0.0,0.0,0.111111111,0.323380833,0.0,0.0,0.0,0.0
14_10_03.bmp,2.5,0.833333333,0.383482494,0.277777778,0.460888599,0.055555556,0.23570226,0.0,0.0,0.111111111,0.323380833,0.055555556,0.23570226,0.055555556,0.23570226
1118.jpg,2.833333333333333,0.055555556,0.23570226,0.444444444,0.511309993,0.0,0.0,0.055555556,0.23570226,0.722222222,0.460888599,0.0,0.0,0.0,0.0
10_07_04.bmp,1.6666666666666667,0.277777778,0.460888599,0.833333333,0.383482494,0.0,0.0,0.055555556,0.23570226,0.277777778,0.460888599,0.166666667,0.383482494,0.0,0.0
28_14_04.bmp,2.2777777777777777,0.166666667,0.383482494,0.444444444,0.511309993,0.055555556,0.23570226,0.555555556,0.511309993,0.222222222,0.427792632,0.055555556,0.23570226,0.0,0.0
31_05_01.bmp,3.388888888888889,0.277777778,0.460888599,0.5,0.514495755,0.0,0.0,0.055555556,0.23570226,0.277777778,0.460888599,0.0,0.0,0.055555556,0.23570226
26_25_03.bmp,2.833333333333333,0.055555556,0.23570226,0.111111111,0.323380833,0.055555556,0.23570226,0.0,0.0,0.055555556,0.23570226,0.055555556,0.23570226,0.722222222,0.460888599
10_06_04.bmp,2.0,0.388888889,0.501631326,0.277777778,0.460888599,0.222222222,0.427792632,0.166666667,0.383482494,0.277777778,0.460888599,0.222222222,0.427792632,0.0,0.0
23_25_02.bmp,2.555555555555556,0.111111111,0.323380833,0.166666667,0.383482494,0.0,0.0,0.0,0.0,0.166666667,0.383482494,0.0,0.0,0.888888889,0.323380833
12_16_03.bmp,3.0,0.166666667,0.383482494,0.722222222,0.460888599,0.0,0.0,0.055555556,0.23570226,0.055555556,0.23570226,0.111111111,0.323380833,0.0,0.0
12_23_05.bmp,2.388888888888889,0.111111111,0.323380833,0.0,0.0,0.055555556,0.23570226,0.722222222,0.460888599,0.055555556,0.23570226,0.111111111,0.323380833,0.222222222,0.427792632
19_20_05.bmp,1.7222222222222223,0.555555556,0.511309993,0.166666667,0.383482494,0.277777778,0.460888599,0.222222222,0.427792632,0.111111111,0.323380833,0.111111111,0.323380833,0.055555556,0.23570226
03_03_01.bmp,3.9444444444444446,0.055555556,0.23570226,0.111111111,0.323380833,0.055555556,0.23570226,0.055555556,0.23570226,0.111111111,0.323380833,0.0,0.0,0.055555556,0.23570226
15_22_02.bmp,2.888888888888889,0.333333333,0.48507125,0.722222222,0.460888599,0.0,0.0,0.0,0.0,0.222222222,0.427792632,0.0,0.0,0.0,0.0
28_17_03.bmp,2.6666666666666665,0.055555556,0.23570226,0.555555556,0.511309993,0.055555556,0.23570226,0.055555556,0.23570226,0.333333333,0.48507125,0.277777778,0.460888599,0.166666667,0.383482494
02_01_01.bmp,3.2777777777777777,0.055555556,0.23570226,0.222222222,0.427792632,0.0,0.0,0.055555556,0.23570226,0.611111111,0.501631326,0.055555556,0.23570226,0.0,0.0
0031.jpg,2.5,0.0,0.0,0.388888889,0.501631326,0.777777778,0.427792632,0.055555556,0.23570226,0.277777778,0.460888599,0.166666667,0.383482494,0.0,0.0
04_23_05.bmp,1.8888888888888888,0.055555556,0.23570226,0.444444444,0.511309993,0.055555556,0.23570226,0.833333333,0.383482494,0.111111111,0.323380833,0.0,0.0,0.111111111,0.323380833
03_23_01.bmp,3.4444444444444446,0.0,0.0,0.055555556,0.23570226,0.055555556,0.23570226,0.722222222,0.460888599,0.111111111,0.323380833,0.055555556,0.23570226,0.055555556,0.23570226
12_15_01.bmp,2.5,0.055555556,0.23570226,0.111111111,0.323380833,0.944444444,0.23570226,0.0,0.0,0.055555556,0.23570226,0.0,0.0,0.055555556,0.23570226
01_08_04.bmp,2.2777777777777777,0.333333333,0.48507125,0.777777778,0.427792632,0.111111111,0.323380833,0.0,0.0,0.0,0.0,0.0,0.0,0.055555556,0.23570226
29_21_04.bmp,2.0,0.111111111,0.323380833,0.388888889,0.501631326,0.111111111,0.323380833,0.611111111,0.501631326,0.166666667,0.383482494,0.111111111,0.323380833,0.0,0.0
13_24_01.bmp,3.388888888888889,0.111111111,0.323380833,0.611111111,0.501631326,0.222222222,0.427792632,0.0,0.0,0.111111111,0.323380833,0.0,0.0,0.055555556,0.23570226
27_13_04.bmp,2.833333333333333,0.055555556,0.23570226,0.222222222,0.427792632,0.555555556,0.511309993,0.055555556,0.23570226,0.444444444,0.511309993,0.0,0.0,0.055555556,0.23570226
03_25_04.bmp,2.7777777777777777,0.055555556,0.23570226,0.055555556,0.23570226,0.0,0.0,0.055555556,0.23570226,0.055555556,0.23570226,0.055555556,0.23570226,0.944444444,0.23570226
22_10_01.bmp,3.2222222222222223,0.111111111,0.323380833,0.5,0.514495755,0.055555556,0.23570226,0.0,0.0,0.111111111,0.323380833,0.166666667,0.383482494,0.0,0.0
0503.jpg,2.611111111111111,0.166666667,0.383482494,0.388888889,0.501631326,0.0,0.0,0.555555556,0.511309993,0.722222222,0.460888599,0.0,0.0,0.111111111,0.323380833
23_14_05.bmp,1.2222222222222223,0.111111111,0.323380833,0.222222222,0.427792632,0.055555556,0.23570226,0.833333333,0.383482494,0.222222222,0.427792632,0.055555556,0.23570226,0.055555556,0.23570226
28_19_02.bmp,2.888888888888889,0.166666667,0.383482494,0.666666667,0.48507125,0.111111111,0.323380833,0.055555556,0.23570226,0.166666667,0.383482494,0.0,0.0,0.0,0.0
04_08_02.bmp,3.055555555555556,0.166666667,0.383482494,0.611111111,0.501631326,0.055555556,0.23570226,0.055555556,0.23570226,0.222222222,0.427792632,0.055555556,0.23570226,0.055555556,0.23570226
32_14_04.bmp,1.4444444444444444,0.0,0.0,0.277777778,0.460888599,0.166666667,0.383482494,0.888888889,0.323380833,0.277777778,0.460888599,0.055555556,0.23570226,0.0,0.0
18_07_03.bmp,2.0,0.111111111,0.323380833,0.888888889,0.323380833,0.055555556,0.23570226,0.0,0.0,0.0,0.0,0.111111111,0.323380833,0.0,0.0
01253.jpg,3.555555555555556,0.444444444,0.511309993,0.277777778,0.460888599,0.0,0.0,0.166666667,0.383482494,0.111111111,0.323380833,0.055555556,0.23570226,0.055555556,0.23570226
37_01_05.bmp,1.7222222222222223,0.055555556,0.23570226,0.944444444,0.23570226,0.111111111,0.323380833,0.0,0.0,0.055555556,0.23570226,0.0,0.0,0.0,0.0
24_21_04.bmp,1.7777777777777777,0.166666667,0.383482494,0.388888889,0.501631326,0.166666667,0.383482494,0.611111111,0.501631326,0.0,0.0,0.0,0.0,0.0,0.0
35_03_02.bmp,2.611111111111111,0.166666667,0.383482494,0.833333333,0.383482494,0.0,0.0,0.0,0.0,0.0,0.0,0.055555556,0.23570226,0.055555556,0.23570226
0933.jpg,2.7222222222222223,0.055555556,0.23570226,0.388888889,0.501631326,0.0,0.0,0.722222222,0.460888599,0.333333333,0.48507125,0.055555556,0.23570226,0.055555556,0.23570226
09_07_01.bmp,3.055555555555556,0.166666667,0.383482494,0.611111111,0.501631326,0.055555556,0.23570226,0.055555556,0.23570226,0.166666667,0.383482494,0.055555556,0.23570226,0.0,0.0
20_15_02.bmp,2.333333333333333,0.055555556,0.23570226,0.222222222,0.427792632,0.833333333,0.383482494,0.055555556,0.23570226,0.055555556,0.23570226,0.055555556,0.23570226,0.0,0.0
0015.jpg,2.9444444444444446,0.111111111,0.323380833,0.444444444,0.511309993,0.944444444,0.23570226,0.0,0.0,0.0,0.0,0.0,0.0,0.055555556,0.23570226
23_08_04.bmp,1.9444444444444444,0.277777778,0.460888599,0.777777778,0.427792632,0.0,0.0,0.055555556,0.23570226,0.166666667,0.383482494,0.055555556,0.23570226,0.055555556,0.23570226
23_02_04.bmp,1.5,0.0,0.0,0.944444444,0.23570226,0.0,0.0,0.0,0.0,0.222222222,0.427792632,0.0,0.0,0.0,0.0
30_14_02.bmp,3.0,0.111111111,0.323380833,0.388888889,0.501631326,0.0,0.0,0.444444444,0.511309993,0.222222222,0.427792632,0.0,0.0,0.0,0.0
31_04_02.bmp,3.2777777777777777,0.277777778,0.460888599,0.222222222,0.427792632,0.166666667,0.383482494,0.055555556,0.23570226,0.222222222,0.427792632,0.111111111,0.323380833,0.055555556,0.23570226
04_25_04.bmp,2.2222222222222223,0.166666667,0.383482494,0.388888889,0.501631326,0.111111111,0.323380833,0.0,0.0,0.111111111,0.323380833,0.0,0.0,0.888888889,0.323380833
27_08_01.bmp,3.111111111111111,0.055555556,0.23570226,0.5,0.514495755,0.0,0.0,0.111111111,0.323380833,0.444444444,0.511309993,0.0,0.0,0.055555556,0.23570226
02_14_05.bmp,1.2222222222222223,0.055555556,0.23570226,0.277777778,0.460888599,0.055555556,0.23570226,0.944444444,0.23570226,0.444444444,0.511309993,0.055555556,0.23570226,0.0,0.0
04_08_04.bmp,2.1666666666666665,0.611111111,0.501631326,0.722222222,0.460888599,0.166666667,0.383482494,0.0,0.0,0.277777778,0.460888599,0.111111111,0.323380833,0.055555556,0.23570226
27_17_02.bmp,2.833333333333333,0.111111111,0.323380833,0.5,0.514495755,0.055555556,0.23570226,0.0,0.0,0.444444444,0.511309993,0.166666667,0.383482494,0.222222222,0.427792632
07_12_04.bmp,2.388888888888889,0.722222222,0.460888599,0.333333333,0.48507125,0.111111111,0.323380833,0.055555556,0.23570226,0.111111111,0.323380833,0.055555556,0.23570226,0.0,0.0
32_09_03.bmp,2.6666666666666665,0.555555556,0.511309993,0.333333333,0.48507125,0.111111111,0.323380833,0.055555556,0.23570226,0.333333333,0.48507125,0.055555556,0.23570226,0.0,0.0
03_05_04.bmp,1.9444444444444444,0.388888889,0.501631326,0.777777778,0.427792632,0.055555556,0.23570226,0.0,0.0,0.166666667,0.383482494,0.111111111,0.323380833,0.055555556,0.23570226
22_19_02.bmp,3.2222222222222223,0.055555556,0.23570226,0.5,0.514495755,0.333333333,0.48507125,0.0,0.0,0.055555556,0.23570226,0.166666667,0.383482494,0.0,0.0
10_12_04.bmp,2.4444444444444446,0.722222222,0.460888599,0.277777778,0.460888599,0.055555556,0.23570226,0.0,0.0,0.333333333,0.48507125,0.166666667,0.383482494,0.0,0.0
05_19_02.bmp,2.888888888888889,0.333333333,0.48507125,0.444444444,0.511309993,0.166666667,0.383482494,0.0,0.0,0.0,0.0,0.055555556,0.23570226,0.111111111,0.323380833
14_20_03.bmp,2.5,0.333333333,0.48507125,0.277777778,0.460888599,0.166666667,0.383482494,0.277777778,0.460888599,0.055555556,0.23570226,0.055555556,0.23570226,0.0,0.0
01420.jpg,3.5,0.0,0.0,0.611111111,0.501631326,0.166666667,0.383482494,0.0,0.0,0.0,0.0,0.0,0.0,0.055555556,0.23570226
21_13_02.bmp,3.2777777777777777,0.055555556,0.23570226,0.277777778,0.460888599,0.333333333,0.48507125,0.0,0.0,0.055555556,0.23570226,0.055555556,0.23570226,0.055555556,0.23570226
21_12_02.bmp,3.2777777777777777,0.611111111,0.501631326,0.222222222,0.427792632,0.0,0.0,0.0,0.0,0.055555556,0.23570226,0.0,0.0,0.0,0.0
03_25_05.bmp,2.388888888888889,0.055555556,0.23570226,0.055555556,0.23570226,0.055555556,0.23570226,0.0,0.0,0.055555556,0.23570226,0.111111111,0.323380833,0.888888889,0.323380833
0243.jpg,1.7777777777777777,0.222222222,0.427792632,0.5,0.514495755,0.0,0.0,0.833333333,0.383482494,0.111111111,0.323380833,0.0,0.0,0.0,0.0
02_14_03.bmp,2.888888888888889,0.111111111,0.323380833,0.277777778,0.460888599,0.055555556,0.23570226,0.444444444,0.511309993,0.444444444,0.511309993,0.111111111,0.323380833,0.0,0.0
0792.jpg,3.388888888888889,0.111111111,0.323380833,0.555555556,0.511309993,0.0,0.0,0.0,0.0,0.277777778,0.460888599,0.055555556,0.23570226,0.0,0.0
16_02_05.bmp,1.2777777777777777,0.0,0.0,0.833333333,0.383482494,0.0,0.0,0.0,0.0,0.333333333,0.48507125,0.388888889,0.501631326,0.055555556,0.23570226
35_21_03.bmp,1.8888888888888888,0.055555556,0.23570226,0.222222222,0.427792632,0.944444444,0.23570226,0.055555556,0.23570226,0.0,0.0,0.0,0.0,0.055555556,0.23570226
24_18_01.bmp,2.888888888888889,0.055555556,0.23570226,0.666666667,0.48507125,0.166666667,0.383482494,0.0,0.0,0.0,0.0,0.055555556,0.23570226,0.055555556,0.23570226
0342.jpg,3.0,0.111111111,0.323380833,0.611111111,0.501631326,0.0,0.0,0.111111111,0.323380833,0.055555556,0.23570226,0.0,0.0,0.0,0.0
36_11_04.bmp,2.2222222222222223,0.833333333,0.383482494,0.333333333,0.48507125,0.166666667,0.383482494,0.0,0.0,0.111111111,0.323380833,0.055555556,0.23570226,0.0,0.0
26_11_05.bmp,2.4444444444444446,0.777777778,0.427792632,0.166666667,0.383482494,0.111111111,0.323380833,0.055555556,0.23570226,0.055555556,0.23570226,0.0,0.0,0.0,0.0
01485.jpg,2.333333333333333,0.222222222,0.427792632,0.777777778,0.427792632,0.111111111,0.323380833,0.111111111,0.323380833,0.0,0.0,0.111111111,0.323380833,0.222222222,0.427792632
32_17_01.bmp,2.6666666666666665,0.055555556,0.23570226,0.555555556,0.511309993,0.111111111,0.323380833,0.0,0.0,0.388888889,0.501631326,0.055555556,0.23570226,0.166666667,0.383482494
04_04_01.bmp,3.2222222222222223,0.055555556,0.23570226,0.555555556,0.511309993,0.055555556,0.23570226,0.055555556,0.23570226,0.111111111,0.323380833,0.0,0.0,0.0,0.0
21_23_04.bmp,2.2222222222222223,0.055555556,0.23570226,0.222222222,0.427792632,0.0,0.0,0.777777778,0.427792632,0.0,0.0,0.055555556,0.23570226,0.055555556,0.23570226
24_04_04.bmp,2.333333333333333,0.388888889,0.501631326,0.388888889,0.501631326,0.222222222,0.427792632,0.0,0.0,0.0,0.0,0.055555556,0.23570226,0.0,0.0
10_21_05.bmp,1.6111111111111112,0.111111111,0.323380833,0.444444444,0.511309993,0.055555556,0.23570226,0.555555556,0.511309993,0.277777778,0.460888599,0.166666667,0.383482494,0.055555556,0.23570226
31_02_01.bmp,3.333333333333333,0.0,0.0,0.444444444,0.511309993,0.0,0.0,0.111111111,0.323380833,0.277777778,0.460888599,0.0,0.0,0.055555556,0.23570226
33_13_03.bmp,3.2222222222222223,0.055555556,0.23570226,0.333333333,0.48507125,0.222222222,0.427792632,0.055555556,0.23570226,0.5,0.514495755,0.0,0.0,0.0,0.0
30_06_04.bmp,2.2222222222222223,0.333333333,0.48507125,0.222222222,0.427792632,0.222222222,0.427792632,0.111111111,0.323380833,0.333333333,0.48507125,0.166666667,0.383482494,0.0,0.0
19_25_04.bmp,2.111111111111111,0.111111111,0.323380833,0.055555556,0.23570226,0.055555556,0.23570226,0.0,0.0,0.055555556,0.23570226,0.111111111,0.323380833,0.833333333,0.383482494
0539.jpg,2.7222222222222223,0.111111111,0.323380833,0.388888889,0.501631326,0.0,0.0,0.111111111,0.323380833,0.777777778,0.427792632,0.055555556,0.23570226,0.0,0.0
09_25_02.bmp,2.611111111111111,0.055555556,0.23570226,0.055555556,0.23570226,0.111111111,0.323380833,0.055555556,0.23570226,0.055555556,0.23570226,0.0,0.0,0.833333333,0.383482494
20_19_04.bmp,2.5,0.333333333,0.48507125,0.277777778,0.460888599,0.444444444,0.511309993,0.055555556,0.23570226,0.055555556,0.23570226,0.0,0.0,0.0,0.0
0551.jpg,2.7222222222222223,0.111111111,0.323380833,0.5,0.514495755,0.0,0.0,0.055555556,0.23570226,0.777777778,0.427792632,0.0,0.0,0.055555556,0.23570226
0374.jpg,2.1666666666666665,0.111111111,0.323380833,0.833333333,0.383482494,0.0,0.0,0.111111111,0.323380833,0.055555556,0.23570226,0.055555556,0.23570226,0.055555556,0.23570226
0375.jpg,2.2222222222222223,0.055555556,0.23570226,0.888888889,0.323380833,0.055555556,0.23570226,0.111111111,0.323380833,0.055555556,0.23570226,0.0,0.0,0.0,0.0
13_02_05.bmp,1.2777777777777777,0.0,0.0,0.888888889,0.323380833,0.055555556,0.23570226,0.0,0.0,0.055555556,0.23570226,0.0,0.0,0.055555556,0.23570226
07_16_02.bmp,3.5,0.166666667,0.383482494,0.388888889,0.501631326,0.0,0.0,0.111111111,0.323380833,0.111111111,0.323380833,0.055555556,0.23570226,0.111111111,0.323380833
04_14_03.bmp,2.6666666666666665,0.111111111,0.323380833,0.611111111,0.501631326,0.055555556,0.23570226,0.333333333,0.48507125,0.277777778,0.460888599,0.0,0.0,0.0,0.0
10_01_03.bmp,2.333333333333333,0.0,0.0,0.777777778,0.427792632,0.0,0.0,0.111111111,0.323380833,0.444444444,0.511309993,0.222222222,0.427792632,0.055555556,0.23570226
23_07_03.bmp,2.4444444444444446,0.277777778,0.460888599,0.666666667,0.48507125,0.055555556,0.23570226,0.0,0.0,0.166666667,0.383482494,0.055555556,0.23570226,0.0,0.0
0573.jpg,3.2222222222222223,0.055555556,0.23570226,0.277777778,0.460888599,0.055555556,0.23570226,0.055555556,0.23570226,0.611111111,0.501631326,0.055555556,0.23570226,0.055555556,0.23570226
18_11_05.bmp,2.1666666666666665,0.833333333,0.383482494,0.222222222,0.427792632,0.222222222,0.427792632,0.0,0.0,0.055555556,0.23570226,0.0,0.0,0.0,0.0
28_02_04.bmp,2.0,0.111111111,0.323380833,0.833333333,0.383482494,0.055555556,0.23570226,0.055555556,0.23570226,0.222222222,0.427792632,0.0,0.0,0.0,0.0
0382.jpg,2.333333333333333,0.111111111,0.323380833,0.888888889,0.323380833,0.0,0.0,0.166666667,0.383482494,0.111111111,0.323380833,0.0,0.0,0.0,0.0
23_22_02.bmp,3.055555555555556,0.166666667,0.383482494,0.555555556,0.511309993,0.0,0.0,0.111111111,0.323380833,0.166666667,0.383482494,0.055555556,0.23570226,0.0,0.0
0628.jpg,3.111111111111111,0.111111111,0.323380833,0.5,0.514495755,0.0,0.0,0.166666667,0.383482494,0.111111111,0.323380833,0.055555556,0.23570226,0.055555556,0.23570226
24_09_02.bmp,3.055555555555556,0.722222222,0.460888599,0.277777778,0.460888599,0.055555556,0.23570226,0.055555556,0.23570226,0.055555556,0.23570226,0.0,0.0,0.0,0.0
0767.jpg,3.1666666666666665,0.055555556,0.23570226,0.444444444,0.511309993,0.0,0.0,0.0,0.0,0.388888889,0.501631326,0.222222222,0.427792632,0.055555556,0.23570226
20_06_05.bmp,1.7777777777777777,0.388888889,0.501631326,0.277777778,0.460888599,0.166666667,0.383482494,0.055555556,0.23570226,0.111111111,0.323380833,0.222222222,0.427792632,0.0,0.0
34_04_04.bmp,2.1666666666666665,0.222222222,0.427792632,0.388888889,0.501631326,0.333333333,0.48507125,0.055555556,0.23570226,0.0,0.0,0.166666667,0.383482494,0.055555556,0.23570226
34_07_05.bmp,1.3333333333333333,0.111111111,0.323380833,0.888888889,0.323380833,0.055555556,0.23570226,0.0,0.0,0.0,0.0,0.0,0.0,0.055555556,0.23570226
1050.jpg,3.0,0.111111111,0.323380833,0.444444444,0.511309993,0.055555556,0.23570226,0.5,0.514495755,0.222222222,0.427792632,0.055555556,0.23570226,0.055555556,0.23570226
34_11_05.bmp,1.7777777777777777,0.833333333,0.383482494,0.333333333,0.48507125,0.111111111,0.323380833,0.055555556,0.23570226,0.111111111,0.323380833,0.0,0.0,0.055555556,0.23570226
09_21_03.bmp,2.888888888888889,0.111111111,0.323380833,0.222222222,0.427792632,0.5,0.514495755,0.055555556,0.23570226,0.111111111,0.323380833,0.0,0.0,0.055555556,0.23570226
27_05_03.bmp,2.5,0.277777778,0.460888599,0.611111111,0.501631326,0.111111111,0.323380833,0.055555556,0.23570226,0.388888889,0.501631326,0.055555556,0.23570226,0.055555556,0.23570226
10_04_01.bmp,3.2777777777777777,0.111111111,0.323380833,0.388888889,0.501631326,0.0,0.0,0.0,0.0,0.5,0.514495755,0.166666667,0.383482494,0.0,0.0
25_04_01.bmp,3.4444444444444446,0.055555556,0.23570226,0.388888889,0.501631326,0.111111111,0.323380833,0.055555556,0.23570226,0.166666667,0.383482494,0.0,0.0,0.055555556,0.23570226
13_23_03.bmp,3.055555555555556,0.055555556,0.23570226,0.055555556,0.23570226,0.111111111,0.323380833,0.888888889,0.323380833,0.111111111,0.323380833,0.0,0.0,0.166666667,0.383482494
26_01_02.bmp,4.166666666666667,0.055555556,0.23570226,0.166666667,0.383482494,0.111111111,0.323380833,0.0,0.0,0.055555556,0.23570226,0.0,0.0,0.111111111,0.323380833
16_13_04.bmp,2.833333333333333,0.0,0.0,0.111111111,0.323380833,0.833333333,0.383482494,0.055555556,0.23570226,0.333333333,0.48507125,0.333333333,0.48507125,0.0,0.0
09_20_04.bmp,1.8333333333333333,0.722222222,0.460888599,0.611111111,0.501631326,0.166666667,0.383482494,0.055555556,0.23570226,0.166666667,0.383482494,0.055555556,0.23570226,0.055555556,0.23570226
37_17_05.bmp,2.111111111111111,0.055555556,0.23570226,0.555555556,0.511309993,0.0,0.0,0.0,0.0,0.222222222,0.427792632,0.166666667,0.383482494,0.166666667,0.383482494
11_22_03.bmp,2.1666666666666665,0.166666667,0.383482494,0.888888889,0.323380833,0.0,0.0,0.111111111,0.323380833,0.222222222,0.427792632,0.0,0.0,0.0,0.0
1127.jpg,3.1666666666666665,0.0,0.0,0.166666667,0.383482494,0.0,0.0,0.0,0.0,0.777777778,0.427792632,0.0,0.0,0.055555556,0.23570226
0970.jpg,2.833333333333333,0.055555556,0.23570226,0.388888889,0.501631326,0.0,0.0,0.666666667,0.48507125,0.166666667,0.383482494,0.0,0.0,0.055555556,0.23570226
05_06_01.bmp,3.0,0.333333333,0.48507125,0.5,0.514495755,0.166666667,0.383482494,0.0,0.0,0.0,0.0,0.111111111,0.323380833,0.055555556,0.23570226
08_03_04.bmp,3.0,0.0,0.0,0.833333333,0.383482494,0.055555556,0.23570226,0.055555556,0.23570226,0.111111111,0.323380833,0.0,0.0,0.0,0.0
21_17_03.bmp,2.555555555555556,0.055555556,0.23570226,0.555555556,0.511309993,0.0,0.0,0.055555556,0.23570226,0.055555556,0.23570226,0.166666667,0.383482494,0.166666667,0.383482494
08_20_03.bmp,2.4444444444444446,0.5,0.514495755,0.222222222,0.427792632,0.277777778,0.460888599,0.277777778,0.460888599,0.055555556,0.23570226,0.055555556,0.23570226,0.055555556,0.23570226
1114.jpg,1.4444444444444444,0.0,0.0,0.666666667,0.48507125,0.0,0.0,0.777777778,0.427792632,0.111111111,0.323380833,0.055555556,0.23570226,0.0,0.0
36_25_02.bmp,2.555555555555556,0.055555556,0.23570226,0.277777778,0.460888599,0.111111111,0.323380833,0.055555556,0.23570226,0.0,0.0,0.0,0.0,0.944444444,0.23570226
28_11_03.bmp,2.6666666666666665,0.666666667,0.48507125,0.333333333,0.48507125,0.111111111,0.323380833,0.0,0.0,0.222222222,0.427792632,0.111111111,0.323380833,0.0,0.0
11_09_05.bmp,1.9444444444444444,0.944444444,0.23570226,0.222222222,0.427792632,0.0,0.0,0.055555556,0.23570226,0.222222222,0.427792632,0.111111111,0.323380833,0.0,0.0
28_07_04.bmp,2.111111111111111,0.166666667,0.383482494,0.888888889,0.323380833,0.111111111,0.323380833,0.055555556,0.23570226,0.222222222,0.427792632,0.055555556,0.23570226,0.0,0.0
22_11_04.bmp,2.2222222222222223,0.833333333,0.383482494,0.388888889,0.501631326,0.0,0.0,0.0,0.0,0.166666667,0.383482494,0.166666667,0.383482494,0.055555556,0.23570226
31_18_01.bmp,3.111111111111111,0.166666667,0.383482494,0.611111111,0.501631326,0.055555556,0.23570226,0.0,0.0,0.277777778,0.460888599,0.055555556,0.23570226,0.055555556,0.23570226
27_03_02.bmp,2.9444444444444446,0.111111111,0.323380833,0.388888889,0.501631326,0.0,0.0,0.055555556,0.23570226,0.5,0.514495755,0.055555556,0.23570226,0.0,0.0
11_04_02.bmp,2.888888888888889,0.277777778,0.460888599,0.444444444,0.511309993,0.111111111,0.323380833,0.111111111,0.323380833,0.166666667,0.383482494,0.166666667,0.383482494,0.055555556,0.23570226
15_02_01.bmp,3.333333333333333,0.055555556,0.23570226,0.444444444,0.511309993,0.0,0.0,0.0,0.0,0.222222222,0.427792632,0.0,0.0,0.055555556,0.23570226
05_19_01.bmp,3.2777777777777777,0.277777778,0.460888599,0.5,0.514495755,0.111111111,0.323380833,0.055555556,0.23570226,0.0,0.0,0.055555556,0.23570226,0.055555556,0.23570226
0922.jpg,1.8333333333333333,0.0,0.0,0.833333333,0.383482494,0.055555556,0.23570226,0.388888889,0.501631326,0.333333333,0.48507125,0.0,0.0,0.0,0.0
33_05_05.bmp,2.2222222222222223,0.222222222,0.427792632,0.777777778,0.427792632,0.055555556,0.23570226,0.055555556,0.23570226,0.444444444,0.511309993,0.0,0.0,0.0,0.0
0951.jpg,2.888888888888889,0.0,0.0,0.388888889,0.501631326,0.0,0.0,0.611111111,0.501631326,0.166666667,0.383482494,0.055555556,0.23570226,0.055555556,0.23570226
01230.jpg,2.4444444444444446,0.333333333,0.48507125,0.833333333,0.383482494,0.055555556,0.23570226,0.111111111,0.323380833,0.5,0.514495755,0.055555556,0.23570226,0.0,0.0
07_17_03.bmp,2.5,0.111111111,0.323380833,0.5,0.514495755,0.111111111,0.323380833,0.0,0.0,0.333333333,0.48507125,0.111111111,0.323380833,0.277777778,0.460888599
0506.jpg,2.7222222222222223,0.055555556,0.23570226,0.388888889,0.501631326,0.0,0.0,0.611111111,0.501631326,0.666666667,0.48507125,0.055555556,0.23570226,0.0,0.0
04_03_04.bmp,1.7777777777777777,0.055555556,0.23570226,0.833333333,0.383482494,0.055555556,0.23570226,0.0,0.0,0.166666667,0.383482494,0.0,0.0,0.055555556,0.23570226
23_05_02.bmp,3.0,0.222222222,0.427792632,0.666666667,0.48507125,0.0,0.0,0.055555556,0.23570226,0.388888889,0.501631326,0.111111111,0.323380833,0.0,0.0
15_18_05.bmp,1.8333333333333333,0.111111111,0.323380833,0.722222222,0.460888599,0.0,0.0,0.0,0.0,0.277777778,0.460888599,0.055555556,0.23570226,0.111111111,0.323380833
19_06_01.bmp,3.2777777777777777,0.277777778,0.460888599,0.388888889,0.501631326,0.222222222,0.427792632,0.0,0.0,0.111111111,0.323380833,0.055555556,0.23570226,0.111111111,0.323380833
09_19_03.bmp,2.9444444444444446,0.333333333,0.48507125,0.5,0.514495755,0.333333333,0.48507125,0.0,0.0,0.166666667,0.383482494,0.055555556,0.23570226,0.0,0.0
15_02_02.bmp,2.888888888888889,0.055555556,0.23570226,0.777777778,0.427792632,0.055555556,0.23570226,0.0,0.0,0.277777778,0.460888599,0.0,0.0,0.0,0.0
10_10_01.bmp,3.333333333333333,0.333333333,0.48507125,0.388888889,0.501631326,0.055555556,0.23570226,0.0,0.0,0.333333333,0.48507125,0.111111111,0.323380833,0.0,0.0
0768.jpg,2.9444444444444446,0.055555556,0.23570226,0.388888889,0.501631326,0.0,0.0,0.0,0.0,0.333333333,0.48507125,0.444444444,0.511309993,0.055555556,0.23570226
05_12_02.bmp,2.7222222222222223,0.722222222,0.460888599,0.444444444,0.511309993,0.055555556,0.23570226,0.055555556,0.23570226,0.055555556,0.23570226,0.055555556,0.23570226,0.055555556,0.23570226
08_02_03.bmp,2.7777777777777777,0.055555556,0.23570226,0.833333333,0.383482494,0.055555556,0.23570226,0.0,0.0,0.166666667,0.383482494,0.0,0.0,0.0,0.0
01409.jpg,3.6666666666666665,0.055555556,0.23570226,0.555555556,0.511309993,0.055555556,0.23570226,0.0,0.0,0.0,0.0,0.0,0.0,0.0,0.0
0973.jpg,2.9444444444444446,0.111111111,0.323380833,0.5,0.514495755,0.0,0.0,0.611111111,0.501631326,0.222222222,0.427792632,0.0,0.0,0.055555556,0.23570226
09_16_05.bmp,1.6666666666666667,0.222222222,0.427792632,0.833333333,0.383482494,0.055555556,0.23570226,0.0,0.0,0.222222222,0.427792632,0.055555556,0.23570226,0.055555556,0.23570226
06_07_02.bmp,2.9444444444444446,0.5,0.514495755,0.444444444,0.511309993,0.055555556,0.23570226,0.055555556,0.23570226,0.0,0.0,0.055555556,0.23570226,0.111111111,0.323380833
24_12_03.bmp,2.888888888888889,0.444444444,0.511309993,0.388888889,0.501631326,0.055555556,0.23570226,0.055555556,0.23570226,0.111111111,0.323380833,0.055555556,0.23570226,0.0,0.0
06_19_01.bmp,3.6666666666666665,0.277777778,0.460888599,0.222222222,0.427792632,0.166666667,0.383482494,0.0,0.0,0.055555556,0.23570226,0.055555556,0.23570226,0.055555556,0.23570226
05_12_05.bmp,1.7777777777777777,0.833333333,0.383482494,0.333333333,0.48507125,0.166666667,0.383482494,0.0,0.0,0.055555556,0.23570226,0.055555556,0.23570226,0.111111111,0.323380833
14_09_01.bmp,2.7777777777777777,0.722222222,0.460888599,0.222222222,0.427792632,0.055555556,0.23570226,0.0,0.0,0.055555556,0.23570226,0.111111111,0.323380833,0.055555556,0.23570226
0682.jpg,3.4444444444444446,0.055555556,0.23570226,0.277777778,0.460888599,0.0,0.0,0.222222222,0.427792632,0.222222222,0.427792632,0.111111111,0.323380833,0.055555556,0.23570226
10_16_03.bmp,2.833333333333333,0.055555556,0.23570226,0.611111111,0.501631326,0.055555556,0.23570226,0.166666667,0.383482494,0.333333333,0.48507125,0.166666667,0.383482494,0.0,0.0
0155.jpg,2.111111111111111,0.111111111,0.323380833,0.333333333,0.48507125,0.833333333,0.383482494,0.0,0.0,0.166666667,0.383482494,0.0,0.0,0.0,0.0
12_05_05.bmp,1.7777777777777777,0.277777778,0.460888599,0.611111111,0.501631326,0.055555556,0.23570226,0.0,0.0,0.111111111,0.323380833,0.055555556,0.23570226,0.055555556,0.23570226
18_11_03.bmp,2.7777777777777777,0.666666667,0.48507125,0.277777778,0.460888599,0.166666667,0.383482494,0.0,0.0,0.055555556,0.23570226,0.0,0.0,0.055555556,0.23570226
34_21_01.bmp,2.4444444444444446,0.166666667,0.383482494,0.444444444,0.511309993,0.777777778,0.427792632,0.055555556,0.23570226,0.055555556,0.23570226,0.0,0.0,0.055555556,0.23570226
01_15_04.bmp,3.0,0.166666667,0.383482494,0.666666667,0.48507125,0.166666667,0.383482494,0.055555556,0.23570226,0.055555556,0.23570226,0.0,0.0,0.055555556,0.23570226
37_19_04.bmp,2.2222222222222223,0.277777778,0.460888599,0.5,0.514495755,0.555555556,0.511309993,0.055555556,0.23570226,0.166666667,0.383482494,0.055555556,0.23570226,0.0,0.0
32_16_04.bmp,2.0,0.222222222,0.427792632,0.833333333,0.383482494,0.055555556,0.23570226,0.055555556,0.23570226,0.333333333,0.48507125,0.055555556,0.23570226,0.0,0.0
11_01_02.bmp,3.0,0.0,0.0,0.5,0.514495755,0.0,0.0,0.055555556,0.23570226,0.388888889,0.501631326,0.277777778,0.460888599,0.055555556,0.23570226
01340.jpg,2.7777777777777777,0.222222222,0.427792632,0.722222222,0.460888599,0.0,0.0,0.5,0.514495755,0.166666667,0.383482494,0.0,0.0,0.0,0.0
36_22_01.bmp,2.7777777777777777,0.166666667,0.383482494,0.5,0.514495755,0.333333333,0.48507125,0.0,0.0,0.0,0.0,0.0,0.0,0.111111111,0.323380833
22_12_05.bmp,1.9444444444444444,0.777777778,0.427792632,0.388888889,0.501631326,0.0,0.0,0.0,0.0,0.222222222,0.427792632,0.111111111,0.323380833,0.055555556,0.23570226
37_11_03.bmp,2.833333333333333,0.777777778,0.427792632,0.388888889,0.501631326,0.0,0.0,0.0,0.0,0.055555556,0.23570226,0.055555556,0.23570226,0.0,0.0
07_22_05.bmp,1.7777777777777777,0.333333333,0.48507125,0.611111111,0.501631326,0.166666667,0.383482494,0.111111111,0.323380833,0.055555556,0.23570226,0.0,0.0,0.0,0.0
31_23_03.bmp,2.5,0.055555556,0.23570226,0.166666667,0.383482494,0.0,0.0,0.722222222,0.460888599,0.222222222,0.427792632,0.0,0.0,0.222222222,0.427792632
07_07_02.bmp,2.6666666666666665,0.277777778,0.460888599,0.611111111,0.501631326,0.055555556,0.23570226,0.055555556,0.23570226,0.055555556,0.23570226,0.055555556,0.23570226,0.055555556,0.23570226
20_23_02.bmp,2.7777777777777777,0.111111111,0.323380833,0.166666667,0.383482494,0.0,0.0,0.722222222,0.460888599,0.111111111,0.323380833,0.0,0.0,0.111111111,0.323380833
25_14_01.bmp,3.388888888888889,0.111111111,0.323380833,0.444444444,0.511309993,0.055555556,0.23570226,0.055555556,0.23570226,0.111111111,0.323380833,0.055555556,0.23570226,0.055555556,0.23570226
25_12_05.bmp,1.9444444444444444,0.777777778,0.427792632,0.333333333,0.48507125,0.055555556,0.23570226,0.055555556,0.23570226,0.222222222,0.427792632,0.0,0.0,0.0,0.0
07_22_02.bmp,2.2777777777777777,0.277777778,0.460888599,0.611111111,0.501631326,0.222222222,0.427792632,0.0,0.0,0.055555556,0.23570226,0.0,0.0,0.0,0.0
01481.jpg,3.5,0.055555556,0.23570226,0.611111111,0.501631326,0.111111111,0.323380833,0.055555556,0.23570226,0.0,0.0,0.055555556,0.23570226,0.055555556,0.23570226
05_03_02.bmp,2.9444444444444446,0.055555556,0.23570226,0.722222222,0.460888599,0.111111111,0.323380833,0.0,0.0,0.0,0.0,0.055555556,0.23570226,0.111111111,0.323380833
18_12_04.bmp,2.1666666666666665,0.722222222,0.460888599,0.333333333,0.48507125,0.222222222,0.427792632,0.0,0.0,0.055555556,0.23570226,0.0,0.0,0.055555556,0.23570226
04_07_03.bmp,1.8333333333333333,0.388888889,0.501631326,0.722222222,0.460888599,0.055555556,0.23570226,0.055555556,0.23570226,0.222222222,0.427792632,0.055555556,0.23570226,0.055555556,0.23570226
27_24_01.bmp,3.0,0.0,0.0,0.5,0.514495755,0.0,0.0,0.111111111,0.323380833,0.388888889,0.501631326,0.055555556,0.23570226,0.055555556,0.23570226
13_22_03.bmp,2.333333333333333,0.277777778,0.460888599,0.833333333,0.383482494,0.055555556,0.23570226,0.055555556,0.23570226,0.055555556,0.23570226,0.055555556,0.23570226,0.0,0.0
11_03_04.bmp,2.1666666666666665,0.0,0.0,0.777777778,0.427792632,0.0,0.0,0.111111111,0.323380833,0.222222222,0.427792632,0.111111111,0.323380833,0.0,0.0
13_25_03.bmp,2.555555555555556,0.111111111,0.323380833,0.055555556,0.23570226,0.111111111,0.323380833,0.111111111,0.323380833,0.055555556,0.23570226,0.0,0.0,1.0,0.0
37_12_03.bmp,3.055555555555556,0.611111111,0.501631326,0.5,0.514495755,0.0,0.0,0.055555556,0.23570226,0.055555556,0.23570226,0.055555556,0.23570226,0.0,0.0
10_19_01.bmp,3.2777777777777777,0.055555556,0.23570226,0.444444444,0.511309993,0.111111111,0.323380833,0.055555556,0.23570226,0.388888889,0.501631326,0.277777778,0.460888599,0.055555556,0.23570226
36_23_04.bmp,2.333333333333333,0.055555556,0.23570226,0.111111111,0.323380833,0.0,0.0,0.666666667,0.48507125,0.055555556,0.23570226,0.055555556,0.23570226,0.222222222,0.427792632
21_14_02.bmp,3.2222222222222223,0.055555556,0.23570226,0.222222222,0.427792632,0.055555556,0.23570226,0.333333333,0.48507125,0.0,0.0,0.055555556,0.23570226,0.0,0.0
29_09_02.bmp,2.7777777777777777,0.666666667,0.48507125,0.277777778,0.460888599,0.0,0.0,0.0,0.0,0.111111111,0.323380833,0.111111111,0.323380833,0.0,0.0
0881.jpg,3.611111111111111,0.111111111,0.323380833,0.5,0.514495755,0.0,0.0,0.0,0.0,0.111111111,0.323380833,0.0,0.0,0.055555556,0.23570226
04_01_02.bmp,2.7777777777777777,0.277777778,0.460888599,0.555555556,0.511309993,0.222222222,0.427792632,0.0,0.0,0.222222222,0.427792632,0.0,0.0,0.055555556,0.23570226
04_25_05.bmp,2.2222222222222223,0.166666667,0.383482494,0.388888889,0.501631326,0.055555556,0.23570226,0.0,0.0,0.222222222,0.427792632,0.0,0.0,0.944444444,0.23570226
0491.jpg,3.4444444444444446,0.055555556,0.23570226,0.333333333,0.48507125,0.055555556,0.23570226,0.055555556,0.23570226,0.722222222,0.460888599,0.055555556,0.23570226,0.055555556,0.23570226
33_01_03.bmp,3.2777777777777777,0.055555556,0.23570226,0.5,0.514495755,0.0,0.0,0.0,0.0,0.5,0.514495755,0.055555556,0.23570226,0.0,0.0
0648.jpg,3.7777777777777777,0.055555556,0.23570226,0.277777778,0.460888599,0.0,0.0,0.166666667,0.383482494,0.111111111,0.323380833,0.0,0.0,0.055555556,0.23570226
14_08_03.bmp,2.055555555555556,0.333333333,0.48507125,0.666666667,0.48507125,0.055555556,0.23570226,0.0,0.0,0.0,0.0,0.166666667,0.383482494,0.055555556,0.23570226
29_25_04.bmp,2.111111111111111,0.055555556,0.23570226,0.111111111,0.323380833,0.055555556,0.23570226,0.0,0.0,0.111111111,0.323380833,0.055555556,0.23570226,0.888888889,0.323380833
09_07_04.bmp,1.7777777777777777,0.222222222,0.427792632,0.833333333,0.383482494,0.055555556,0.23570226,0.055555556,0.23570226,0.111111111,0.323380833,0.055555556,0.23570226,0.0,0.0
0650.jpg,3.388888888888889,0.111111111,0.323380833,0.444444444,0.511309993,0.0,0.0,0.055555556,0.23570226,0.166666667,0.383482494,0.0,0.0,0.111111111,0.323380833
22_02_04.bmp,1.5,0.055555556,0.23570226,0.944444444,0.23570226,0.0,0.0,0.055555556,0.23570226,0.166666667,0.383482494,0.055555556,0.23570226,0.0,0.0
31_11_04.bmp,2.611111111111111,0.666666667,0.48507125,0.166666667,0.383482494,0.055555556,0.23570226,0.055555556,0.23570226,0.111111111,0.323380833,0.055555556,0.23570226,0.111111111,0.323380833
25_25_05.bmp,2.0,0.055555556,0.23570226,0.111111111,0.323380833,0.055555556,0.23570226,0.0,0.0,0.111111111,0.323380833,0.111111111,0.323380833,0.777777778,0.427792632
09_20_02.bmp,2.555555555555556,0.555555556,0.511309993,0.333333333,0.48507125,0.222222222,0.427792632,0.0,0.0,0.222222222,0.427792632,0.111111111,0.323380833,0.0,0.0
05_16_03.bmp,2.7222222222222223,0.222222222,0.427792632,0.611111111,0.501631326,0.166666667,0.383482494,0.055555556,0.23570226,0.0,0.0,0.111111111,0.323380833,0.0,0.0
02_14_01.bmp,3.555555555555556,0.055555556,0.23570226,0.222222222,0.427792632,0.111111111,0.323380833,0.0,0.0,0.5,0.514495755,0.166666667,0.383482494,0.0,0.0
22_22_01.bmp,3.111111111111111,0.055555556,0.23570226,0.666666667,0.48507125,0.055555556,0.23570226,0.0,0.0,0.111111111,0.323380833,0.111111111,0.323380833,0.0,0.0
36_03_01.bmp,3.333333333333333,0.111111111,0.323380833,0.5,0.514495755,0.055555556,0.23570226,0.055555556,0.23570226,0.0,0.0,0.0,0.0,0.111111111,0.323380833
27_11_05.bmp,2.333333333333333,0.722222222,0.460888599,0.222222222,0.427792632,0.055555556,0.23570226,0.055555556,0.23570226,0.5,0.514495755,0.055555556,0.23570226,0.0,0.0
0248.jpg,1.3333333333333333,0.111111111,0.323380833,0.277777778,0.460888599,0.0,0.0,0.944444444,0.23570226,0.055555556,0.23570226,0.0,0.0,0.0,0.0
0934.jpg,2.611111111111111,0.111111111,0.323380833,0.5,0.514495755,0.055555556,0.23570226,0.611111111,0.501631326,0.222222222,0.427792632,0.0,0.0,0.055555556,0.23570226
35_11_02.bmp,2.888888888888889,0.777777778,0.427792632,0.277777778,0.460888599,0.055555556,0.23570226,0.0,0.0,0.055555556,0.23570226,0.055555556,0.23570226,0.055555556,0.23570226
18_10_04.bmp,2.5,0.777777778,0.427792632,0.222222222,0.427792632,0.055555556,0.23570226,0.055555556,0.23570226,0.0,0.0,0.0,0.0,0.0,0.0
27_24_02.bmp,2.833333333333333,0.111111111,0.323380833,0.666666667,0.48507125,0.0,0.0,0.0,0.0,0.388888889,0.501631326,0.111111111,0.323380833,0.055555556,0.23570226
0482.jpg,3.5,0.111111111,0.323380833,0.333333333,0.48507125,0.0,0.0,0.055555556,0.23570226,0.722222222,0.460888599,0.055555556,0.23570226,0.0,0.0
18_05_03.bmp,2.333333333333333,0.333333333,0.48507125,0.611111111,0.501631326,0.166666667,0.383482494,0.055555556,0.23570226,0.055555556,0.23570226,0.0,0.0,0.111111111,0.323380833
28_11_02.bmp,3.0,0.555555556,0.511309993,0.166666667,0.383482494,0.166666667,0.383482494,0.055555556,0.23570226,0.277777778,0.460888599,0.0,0.0,0.0,0.0
32_08_03.bmp,2.4444444444444446,0.222222222,0.427792632,0.666666667,0.48507125,0.055555556,0.23570226,0.166666667,0.383482494,0.444444444,0.511309993,0.055555556,0.23570226,0.0,0.0
28_06_04.bmp,2.1666666666666665,0.277777778,0.460888599,0.555555556,0.511309993,0.222222222,0.427792632,0.111111111,0.323380833,0.111111111,0.323380833,0.166666667,0.383482494,0.055555556,0.23570226
09_11_03.bmp,2.555555555555556,0.611111111,0.501631326,0.5,0.514495755,0.111111111,0.323380833,0.0,0.0,0.166666667,0.383482494,0.055555556,0.23570226,0.055555556,0.23570226
11_20_04.bmp,1.5555555555555556,0.388888889,0.501631326,0.166666667,0.383482494,0.277777778,0.460888599,0.444444444,0.511309993,0.166666667,0.383482494,0.111111111,0.323380833,0.055555556,0.23570226
15_01_01.bmp,3.555555555555556,0.055555556,0.23570226,0.333333333,0.48507125,0.0,0.0,0.055555556,0.23570226,0.388888889,0.501631326,0.0,0.0,0.111111111,0.323380833
02_08_03.bmp,2.5,0.444444444,0.511309993,0.555555556,0.511309993,0.111111111,0.323380833,0.0,0.0,0.444444444,0.511309993,0.166666667,0.383482494,0.055555556,0.23570226
31_18_04.bmp,2.333333333333333,0.111111111,0.323380833,0.666666667,0.48507125,0.055555556,0.23570226,0.055555556,0.23570226,0.166666667,0.383482494,0.0,0.0,0.0,0.0
10_05_01.bmp,2.9444444444444446,0.111111111,0.323380833,0.611111111,0.501631326,0.0,0.0,0.0,0.0,0.388888889,0.501631326,0.222222222,0.427792632,0.111111111,0.323380833
0906.jpg,3.8333333333333335,0.111111111,0.323380833,0.5,0.514495755,0.0,0.0,0.055555556,0.23570226,0.166666667,0.383482494,0.0,0.0,0.055555556,0.23570226
04_04_02.bmp,3.388888888888889,0.111111111,0.323380833,0.5,0.514495755,0.111111111,0.323380833,0.0,0.0,0.222222222,0.427792632,0.055555556,0.23570226,0.0,0.0
0167.jpg,2.7222222222222223,0.055555556,0.23570226,0.277777778,0.460888599,0.944444444,0.23570226,0.0,0.0,0.055555556,0.23570226,0.055555556,0.23570226,0.055555556,0.23570226
19_09_01.bmp,3.333333333333333,0.555555556,0.511309993,0.277777778,0.460888599,0.055555556,0.23570226,0.0,0.0,0.055555556,0.23570226,0.111111111,0.323380833,0.055555556,0.23570226
31_14_03.bmp,2.7777777777777777,0.222222222,0.427792632,0.277777778,0.460888599,0.055555556,0.23570226,0.5,0.514495755,0.166666667,0.383482494,0.0,0.0,0.055555556,0.23570226
0226.jpg,2.0,0.111111111,0.323380833,0.5,0.514495755,0.055555556,0.23570226,0.888888889,0.323380833,0.055555556,0.23570226,0.0,0.0,0.055555556,0.23570226
02_16_04.bmp,1.9444444444444444,0.444444444,0.511309993,0.833333333,0.383482494,0.0,0.0,0.0,0.0,0.388888889,0.501631326,0.055555556,0.23570226,0.055555556,0.23570226
05_05_02.bmp,2.6666666666666665,0.277777778,0.460888599,0.5,0.514495755,0.166666667,0.383482494,0.055555556,0.23570226,0.0,0.0,0.055555556,0.23570226,0.055555556,0.23570226
16_21_01.bmp,2.333333333333333,0.055555556,0.23570226,0.111111111,0.323380833,0.666666667,0.48507125,0.055555556,0.23570226,0.277777778,0.460888599,0.277777778,0.460888599,0.0,0.0
21_21_05.bmp,1.3888888888888888,0.111111111,0.323380833,0.277777778,0.460888599,0.055555556,0.23570226,0.611111111,0.501631326,0.0,0.0,0.055555556,0.23570226,0.0,0.0
32_24_01.bmp,2.555555555555556,0.055555556,0.23570226,0.722222222,0.460888599,0.111111111,0.323380833,0.111111111,0.323380833,0.277777778,0.460888599,0.111111111,0.323380833,0.0,0.0
10_06_05.bmp,1.7222222222222223,0.444444444,0.511309993,0.333333333,0.48507125,0.166666667,0.383482494,0.166666667,0.383482494,0.277777778,0.460888599,0.277777778,0.460888599,0.055555556,0.23570226
33_25_05.bmp,2.055555555555556,0.055555556,0.23570226,0.111111111,0.323380833,0.0,0.0,0.0,0.0,0.333333333,0.48507125,0.0,0.0,0.888888889,0.323380833
18_03_02.bmp,2.888888888888889,0.111111111,0.323380833,0.666666667,0.48507125,0.111111111,0.323380833,0.0,0.0,0.0,0.0,0.055555556,0.23570226,0.111111111,0.323380833
30_20_04.bmp,2.055555555555556,0.555555556,0.511309993,0.333333333,0.48507125,0.111111111,0.323380833,0.277777778,0.460888599,0.277777778,0.460888599,0.0,0.0,0.0,0.0
35_05_01.bmp,2.611111111111111,0.388888889,0.501631326,0.722222222,0.460888599,0.055555556,0.23570226,0.055555556,0.23570226,0.0,0.0,0.0,0.0,0.055555556,0.23570226
0384.jpg,1.9444444444444444,0.111111111,0.323380833,0.888888889,0.323380833,0.0,0.0,0.111111111,0.323380833,0.055555556,0.23570226,0.0,0.0,0.055555556,0.23570226
19_23_04.bmp,2.4444444444444446,0.055555556,0.23570226,0.166666667,0.383482494,0.055555556,0.23570226,0.666666667,0.48507125,0.055555556,0.23570226,0.055555556,0.23570226,0.111111111,0.323380833
21_18_01.bmp,2.5,0.111111111,0.323380833,0.666666667,0.48507125,0.055555556,0.23570226,0.0,0.0,0.111111111,0.323380833,0.166666667,0.383482494,0.0,0.0
34_06_03.bmp,2.2222222222222223,0.333333333,0.48507125,0.388888889,0.501631326,0.277777778,0.460888599,0.111111111,0.323380833,0.0,0.0,0.166666667,0.383482494,0.111111111,0.323380833
21_19_03.bmp,2.611111111111111,0.166666667,0.383482494,0.388888889,0.501631326,0.5,0.514495755,0.0,0.0,0.0,0.0,0.0,0.0,0.055555556,0.23570226
11_07_05.bmp,1.5,0.166666667,0.383482494,0.888888889,0.323380833,0.055555556,0.23570226,0.0,0.0,0.166666667,0.383482494,0.055555556,0.23570226,0.0,0.0
32_07_04.bmp,2.0,0.0,0.0,0.833333333,0.383482494,0.055555556,0.23570226,0.111111111,0.323380833,0.388888889,0.501631326,0.055555556,0.23570226,0.0,0.0
15_25_03.bmp,2.5,0.111111111,0.323380833,0.055555556,0.23570226,0.0,0.0,0.0,0.0,0.166666667,0.383482494,0.0,0.0,0.833333333,0.383482494
0024.jpg,3.6666666666666665,0.0,0.0,0.222222222,0.427792632,0.611111111,0.501631326,0.055555556,0.23570226,0.111111111,0.323380833,0.0,0.0,0.0,0.0
25_08_05.bmp,1.6666666666666667,0.333333333,0.48507125,0.777777778,0.427792632,0.055555556,0.23570226,0.055555556,0.23570226,0.111111111,0.323380833,0.111111111,0.323380833,0.0,0.0
01_20_02.bmp,3.055555555555556,0.055555556,0.23570226,0.722222222,0.460888599,0.111111111,0.323380833,0.055555556,0.23570226,0.0,0.0,0.055555556,0.23570226,0.0,0.0
33_10_05.bmp,2.333333333333333,0.722222222,0.460888599,0.333333333,0.48507125,0.055555556,0.23570226,0.0,0.0,0.444444444,0.511309993,0.0,0.0,0.0,0.0
0008.jpg,3.5,0.055555556,0.23570226,0.277777778,0.460888599,0.722222222,0.460888599,0.0,0.0,0.166666667,0.383482494,0.0,0.0,0.0,0.0
35_16_02.bmp,2.555555555555556,0.166666667,0.383482494,0.722222222,0.460888599,0.111111111,0.323380833,0.0,0.0,0.0,0.0,0.055555556,0.23570226,0.055555556,0.23570226
34_23_03.bmp,2.555555555555556,0.055555556,0.23570226,0.166666667,0.383482494,0.0,0.0,0.777777778,0.427792632,0.0,0.0,0.055555556,0.23570226,0.111111111,0.323380833
0416.jpg,3.111111111111111,0.055555556,0.23570226,0.833333333,0.383482494,0.055555556,0.23570226,0.111111111,0.323380833,0.0,0.0,0.0,0.0,0.0,0.0
23_12_02.bmp,3.111111111111111,0.5,0.514495755,0.277777778,0.460888599,0.055555556,0.23570226,0.0,0.0,0.277777778,0.460888599,0.055555556,0.23570226,0.055555556,0.23570226
16_02_01.bmp,3.2222222222222223,0.0,0.0,0.388888889,0.501631326,0.055555556,0.23570226,0.0,0.0,0.333333333,0.48507125,0.555555556,0.511309993,0.055555556,0.23570226
12_24_04.bmp,1.7222222222222223,0.166666667,0.383482494,0.833333333,0.383482494,0.111111111,0.323380833,0.0,0.0,0.055555556,0.23570226,0.0,0.0,0.055555556,0.23570226
0952.jpg,2.9444444444444446,0.0,0.0,0.388888889,0.501631326,0.055555556,0.23570226,0.611111111,0.501631326,0.111111111,0.323380833,0.0,0.0,0.0,0.0
0143.jpg,2.7222222222222223,0.055555556,0.23570226,0.277777778,0.460888599,0.888888889,0.323380833,0.0,0.0,0.111111111,0.323380833,0.111111111,0.323380833,0.055555556,0.23570226
16_24_03.bmp,2.055555555555556,0.0,0.0,0.833333333,0.383482494,0.0,0.0,0.0,0.0,0.277777778,0.460888599,0.333333333,0.48507125,0.055555556,0.23570226
35_23_05.bmp,1.8888888888888888,0.0,0.0,0.277777778,0.460888599,0.0,0.0,0.833333333,0.383482494,0.0,0.0,0.0,0.0,0.166666667,0.383482494
35_03_05.bmp,1.3888888888888888,0.055555556,0.23570226,0.888888889,0.323380833,0.055555556,0.23570226,0.0,0.0,0.055555556,0.23570226,0.0,0.0,0.0,0.0
30_20_03.bmp,2.4444444444444446,0.5,0.514495755,0.388888889,0.501631326,0.111111111,0.323380833,0.222222222,0.427792632,0.277777778,0.460888599,0.0,0.0,0.0,0.0
37_13_01.bmp,3.6666666666666665,0.0,0.0,0.388888889,0.501631326,0.111111111,0.323380833,0.111111111,0.323380833,0.055555556,0.23570226,0.055555556,0.23570226,0.0,0.0
04_03_05.bmp,1.5555555555555556,0.0,0.0,0.833333333,0.383482494,0.111111111,0.323380833,0.055555556,0.23570226,0.166666667,0.383482494,0.0,0.0,0.0,0.0
37_21_02.bmp,3.055555555555556,0.111111111,0.323380833,0.055555556,0.23570226,0.666666667,0.48507125,0.0,0.0,0.111111111,0.323380833,0.055555556,0.23570226,0.055555556,0.23570226
24_04_05.bmp,2.1666666666666665,0.333333333,0.48507125,0.333333333,0.48507125,0.333333333,0.48507125,0.055555556,0.23570226,0.0,0.0,0.0,0.0,0.0,0.0
22_22_04.bmp,1.8888888888888888,0.222222222,0.427792632,0.888888889,0.323380833,0.0,0.0,0.0,0.0,0.055555556,0.23570226,0.111111111,0.323380833,0.0,0.0
0663.jpg,3.6666666666666665,0.111111111,0.323380833,0.444444444,0.511309993,0.055555556,0.23570226,0.055555556,0.23570226,0.0,0.0,0.055555556,0.23570226,0.0,0.0
0827.jpg,3.5,0.055555556,0.23570226,0.444444444,0.511309993,0.0,0.0,0.111111111,0.323380833,0.0,0.0,0.055555556,0.23570226,0.055555556,0.23570226
01346.jpg,3.611111111111111,0.055555556,0.23570226,0.722222222,0.460888599,0.055555556,0.23570226,0.0,0.0,0.0,0.0,0.0,0.0,0.055555556,0.23570226
24_14_01.bmp,3.388888888888889,0.0,0.0,0.444444444,0.511309993,0.055555556,0.23570226,0.055555556,0.23570226,0.0,0.0,0.055555556,0.23570226,0.0,0.0
01155.jpg,3.555555555555556,0.277777778,0.460888599,0.333333333,0.48507125,0.0,0.0,0.111111111,0.323380833,0.333333333,0.48507125,0.0,0.0,0.0,0.0
11_25_03.bmp,2.2222222222222223,0.111111111,0.323380833,0.055555556,0.23570226,0.0,0.0,0.111111111,0.323380833,0.166666667,0.383482494,0.055555556,0.23570226,0.888888889,0.323380833
0658.jpg,3.4444444444444446,0.055555556,0.23570226,0.5,0.514495755,0.0,0.0,0.166666667,0.383482494,0.0,0.0,0.111111111,0.323380833,0.055555556,0.23570226
12_14_04.bmp,2.2222222222222223,0.111111111,0.323380833,0.166666667,0.383482494,0.111111111,0.323380833,0.666666667,0.48507125,0.055555556,0.23570226,0.055555556,0.23570226,0.055555556,0.23570226
26_10_01.bmp,4.222222222222222,0.166666667,0.383482494,0.111111111,0.323380833,0.111111111,0.323380833,0.0,0.0,0.055555556,0.23570226,0.055555556,0.23570226,0.0,0.0
27_24_03.bmp,2.4444444444444446,0.0,0.0,0.722222222,0.460888599,0.055555556,0.23570226,0.0,0.0,0.388888889,0.501631326,0.055555556,0.23570226,0.0,0.0
11_23_02.bmp,2.7222222222222223,0.055555556,0.23570226,0.222222222,0.427792632,0.055555556,0.23570226,0.777777778,0.427792632,0.222222222,0.427792632,0.111111111,0.323380833,0.055555556,0.23570226
14_16_03.bmp,2.7222222222222223,0.0,0.0,0.555555556,0.511309993,0.166666667,0.383482494,0.111111111,0.323380833,0.0,0.0,0.111111111,0.323380833,0.111111111,0.323380833
34_13_02.bmp,3.111111111111111,0.166666667,0.383482494,0.388888889,0.501631326,0.277777778,0.460888599,0.055555556,0.23570226,0.0,0.0,0.0,0.0,0.055555556,0.23570226
01258.jpg,3.111111111111111,0.277777778,0.460888599,0.444444444,0.511309993,0.111111111,0.323380833,0.055555556,0.23570226,0.5,0.514495755,0.055555556,0.23570226,0.0,0.0
16_16_01.bmp,3.111111111111111,0.111111111,0.323380833,0.166666667,0.383482494,0.277777778,0.460888599,0.055555556,0.23570226,0.222222222,0.427792632,0.388888889,0.501631326,0.0,0.0
28_05_02.bmp,2.9444444444444446,0.222222222,0.427792632,0.611111111,0.501631326,0.111111111,0.323380833,0.055555556,0.23570226,0.222222222,0.427792632,0.055555556,0.23570226,0.0,0.0
20_11_05.bmp,1.7777777777777777,0.611111111,0.501631326,0.5,0.514495755,0.055555556,0.23570226,0.0,0.0,0.055555556,0.23570226,0.111111111,0.323380833,0.0,0.0
26_08_03.bmp,3.2222222222222223,0.111111111,0.323380833,0.333333333,0.48507125,0.111111111,0.323380833,0.055555556,0.23570226,0.055555556,0.23570226,0.0,0.0,0.0,0.0
05_09_02.bmp,2.5,0.722222222,0.460888599,0.444444444,0.511309993,0.055555556,0.23570226,0.0,0.0,0.111111111,0.323380833,0.111111111,0.323380833,0.055555556,0.23570226
04_05_03.bmp,2.055555555555556,0.388888889,0.501631326,0.722222222,0.460888599,0.166666667,0.383482494,0.055555556,0.23570226,0.277777778,0.460888599,0.0,0.0,0.055555556,0.23570226
01_07_05.bmp,1.6666666666666667,0.388888889,0.501631326,0.777777778,0.427792632,0.166666667,0.383482494,0.0,0.0,0.055555556,0.23570226,0.166666667,0.383482494,0.111111111,0.323380833
23_15_01.bmp,2.388888888888889,0.055555556,0.23570226,0.111111111,0.323380833,0.888888889,0.323380833,0.055555556,0.23570226,0.055555556,0.23570226,0.0,0.0,0.0,0.0
01375.jpg,3.388888888888889,0.0,0.0,0.722222222,0.460888599,0.111111111,0.323380833,0.055555556,0.23570226,0.0,0.0,0.0,0.0,0.055555556,0.23570226
25_25_04.bmp,2.055555555555556,0.055555556,0.23570226,0.111111111,0.323380833,0.111111111,0.323380833,0.0,0.0,0.166666667,0.383482494,0.0,0.0,0.833333333,0.383482494
26_08_04.bmp,3.0,0.166666667,0.383482494,0.555555556,0.511309993,0.055555556,0.23570226,0.0,0.0,0.055555556,0.23570226,0.0,0.0,0.0,0.0
0086.jpg,1.7777777777777777,0.0,0.0,0.666666667,0.48507125,0.944444444,0.23570226,0.0,0.0,0.055555556,0.23570226,0.055555556,0.23570226,0.055555556,0.23570226
31_07_01.bmp,3.1666666666666665,0.111111111,0.323380833,0.666666667,0.48507125,0.0,0.0,0.111111111,0.323380833,0.166666667,0.383482494,0.055555556,0.23570226,0.111111111,0.323380833
29_20_03.bmp,2.2222222222222223,0.5,0.514495755,0.388888889,0.501631326,0.111111111,0.323380833,0.277777778,0.460888599,0.166666667,0.383482494,0.166666667,0.383482494,0.055555556,0.23570226
1136.jpg,3.4444444444444446,0.0,0.0,0.444444444,0.511309993,0.111111111,0.323380833,0.055555556,0.23570226,0.055555556,0.23570226,0.111111111,0.323380833,0.0,0.0
32_07_05.bmp,1.3333333333333333,0.055555556,0.23570226,0.833333333,0.383482494,0.0,0.0,0.055555556,0.23570226,0.333333333,0.48507125,0.055555556,0.23570226,0.0,0.0
01_08_03.bmp,2.611111111111111,0.222222222,0.427792632,0.833333333,0.383482494,0.111111111,0.323380833,0.055555556,0.23570226,0.055555556,0.23570226,0.166666667,0.383482494,0.055555556,0.23570226
01_13_03.bmp,3.055555555555556,0.0,0.0,0.777777778,0.427792632,0.166666667,0.383482494,0.055555556,0.23570226,0.0,0.0,0.055555556,0.23570226,0.055555556,0.23570226
01377.jpg,3.333333333333333,0.055555556,0.23570226,0.666666667,0.48507125,0.111111111,0.323380833,0.0,0.0,0.055555556,0.23570226,0.0,0.0,0.055555556,0.23570226
0998.jpg,3.0,0.111111111,0.323380833,0.444444444,0.511309993,0.0,0.0,0.611111111,0.501631326,0.277777778,0.460888599,0.055555556,0.23570226,0.055555556,0.23570226
16_17_01.bmp,3.4444444444444446,0.055555556,0.23570226,0.333333333,0.48507125,0.055555556,0.23570226,0.111111111,0.323380833,0.333333333,0.48507125,0.333333333,0.48507125,0.055555556,0.23570226
0317.jpg,2.5,0.111111111,0.323380833,0.833333333,0.383482494,0.0,0.0,0.166666667,0.383482494,0.111111111,0.323380833,0.055555556,0.23570226,0.055555556,0.23570226
0457.jpg,2.833333333333333,0.055555556,0.23570226,0.277777778,0.460888599,0.055555556,0.23570226,0.0,0.0,0.666666667,0.48507125,0.0,0.0,0.611111111,0.501631326
11_07_01.bmp,2.7777777777777777,0.055555556,0.23570226,0.611111111,0.501631326,0.0,0.0,0.111111111,0.323380833,0.388888889,0.501631326,0.055555556,0.23570226,0.0,0.0
11_20_02.bmp,2.2222222222222223,0.333333333,0.48507125,0.333333333,0.48507125,0.166666667,0.383482494,0.333333333,0.48507125,0.277777778,0.460888599,0.055555556,0.23570226,0.0,0.0
11_13_02.bmp,3.2777777777777777,0.111111111,0.323380833,0.333333333,0.48507125,0.222222222,0.427792632,0.111111111,0.323380833,0.222222222,0.427792632,0.055555556,0.23570226,0.0,0.0
0428.jpg,2.333333333333333,0.0,0.0,0.777777778,0.427792632,0.055555556,0.23570226,0.055555556,0.23570226,0.0,0.0,0.111111111,0.323380833,0.0,0.0
31_21_05.bmp,1.5555555555555556,0.055555556,0.23570226,0.222222222,0.427792632,0.111111111,0.323380833,0.722222222,0.460888599,0.111111111,0.323380833,0.0,0.0,0.0,0.0
20_22_02.bmp,2.888888888888889,0.111111111,0.323380833,0.611111111,0.501631326,0.166666667,0.383482494,0.0,0.0,0.111111111,0.323380833,0.055555556,0.23570226,0.0,0.0
12_16_02.bmp,3.2777777777777777,0.166666667,0.383482494,0.444444444,0.511309993,0.055555556,0.23570226,0.0,0.0,0.0,0.0,0.055555556,0.23570226,0.055555556,0.23570226
31_24_04.bmp,1.8888888888888888,0.0,0.0,0.833333333,0.383482494,0.0,0.0,0.0,0.0,0.111111111,0.323380833,0.055555556,0.23570226,0.055555556,0.23570226
23_25_03.bmp,2.1666666666666665,0.055555556,0.23570226,0.055555556,0.23570226,0.0,0.0,0.055555556,0.23570226,0.111111111,0.323380833,0.0,0.0,0.888888889,0.323380833
07_11_05.bmp,1.7222222222222223,0.888888889,0.323380833,0.277777778,0.460888599,0.111111111,0.323380833,0.0,0.0,0.111111111,0.323380833,0.111111111,0.323380833,0.0,0.0
22_07_05.bmp,1.3888888888888888,0.055555556,0.23570226,0.944444444,0.23570226,0.0,0.0,0.055555556,0.23570226,0.111111111,0.323380833,0.111111111,0.323380833,0.0,0.0
23_13_04.bmp,2.833333333333333,0.0,0.0,0.222222222,0.427792632,0.833333333,0.383482494,0.055555556,0.23570226,0.166666667,0.383482494,0.111111111,0.323380833,0.0,0.0
0002.jpg,3.0,0.0,0.0,0.166666667,0.383482494,0.777777778,0.427792632,0.055555556,0.23570226,0.555555556,0.511309993,0.0,0.0,0.0,0.0
21_06_04.bmp,2.388888888888889,0.388888889,0.501631326,0.388888889,0.501631326,0.222222222,0.427792632,0.055555556,0.23570226,0.0,0.0,0.166666667,0.383482494,0.0,0.0
0529.jpg,2.7777777777777777,0.166666667,0.383482494,0.444444444,0.511309993,0.0,0.0,0.222222222,0.427792632,0.777777778,0.427792632,0.055555556,0.23570226,0.055555556,0.23570226
0638.jpg,3.0,0.111111111,0.323380833,0.444444444,0.511309993,0.055555556,0.23570226,0.055555556,0.23570226,0.111111111,0.323380833,0.055555556,0.23570226,0.055555556,0.23570226
07_07_01.bmp,2.833333333333333,0.055555556,0.23570226,0.555555556,0.511309993,0.055555556,0.23570226,0.055555556,0.23570226,0.111111111,0.323380833,0.0,0.0,0.055555556,0.23570226
33_09_03.bmp,2.7222222222222223,0.666666667,0.48507125,0.277777778,0.460888599,0.0,0.0,0.0,0.0,0.388888889,0.501631326,0.0,0.0,0.055555556,0.23570226
08_12_03.bmp,3.2777777777777777,0.555555556,0.511309993,0.055555556,0.23570226,0.055555556,0.23570226,0.0,0.0,0.055555556,0.23570226,0.0,0.0,0.055555556,0.23570226
14_18_04.bmp,2.111111111111111,0.055555556,0.23570226,0.666666667,0.48507125,0.111111111,0.323380833,0.055555556,0.23570226,0.055555556,0.23570226,0.111111111,0.323380833,0.055555556,0.23570226
23_24_02.bmp,2.7777777777777777,0.111111111,0.323380833,0.722222222,0.460888599,0.0,0.0,0.0,0.0,0.222222222,0.427792632,0.0,0.0,0.0,0.0
19_13_05.bmp,2.0,0.0,0.0,0.111111111,0.323380833,0.944444444,0.23570226,0.055555556,0.23570226,0.055555556,0.23570226,0.111111111,0.323380833,0.0,0.0
19_04_02.bmp,3.2222222222222223,0.277777778,0.460888599,0.277777778,0.460888599,0.166666667,0.383482494,0.166666667,0.383482494,0.111111111,0.323380833,0.055555556,0.23570226,0.055555556,0.23570226
0282.jpg,1.8333333333333333,0.111111111,0.323380833,0.388888889,0.501631326,0.055555556,0.23570226,0.888888889,0.323380833,0.055555556,0.23570226,0.0,0.0,0.555555556,0.511309993
0755.jpg,3.7777777777777777,0.055555556,0.23570226,0.388888889,0.501631326,0.0,0.0,0.0,0.0,0.111111111,0.323380833,0.0,0.0,0.055555556,0.23570226
18_13_02.bmp,3.0,0.111111111,0.323380833,0.444444444,0.511309993,0.277777778,0.460888599,0.0,0.0,0.055555556,0.23570226,0.0,0.0,0.111111111,0.323380833
01_03_04.bmp,2.0,0.0,0.0,0.888888889,0.323380833,0.166666667,0.383482494,0.0,0.0,0.111111111,0.323380833,0.0,0.0,0.0,0.0
02_23_03.bmp,2.833333333333333,0.0,0.0,0.111111111,0.323380833,0.055555556,0.23570226,0.722222222,0.460888599,0.277777778,0.460888599,0.055555556,0.23570226,0.166666667,0.383482494
22_24_05.bmp,1.2777777777777777,0.111111111,0.323380833,0.888888889,0.323380833,0.0,0.0,0.0,0.0,0.166666667,0.383482494,0.111111111,0.323380833,0.0,0.0
04_01_01.bmp,2.833333333333333,0.333333333,0.48507125,0.666666667,0.48507125,0.222222222,0.427792632,0.0,0.0,0.166666667,0.383482494,0.0,0.0,0.055555556,0.23570226
28_13_04.bmp,2.611111111111111,0.055555556,0.23570226,0.333333333,0.48507125,0.666666667,0.48507125,0.0,0.0,0.277777778,0.460888599,0.055555556,0.23570226,0.0,0.0
04_07_04.bmp,1.7222222222222223,0.388888889,0.501631326,0.666666667,0.48507125,0.055555556,0.23570226,0.0,0.0,0.222222222,0.427792632,0.111111111,0.323380833,0.055555556,0.23570226
0388.jpg,2.6666666666666665,0.111111111,0.323380833,0.722222222,0.460888599,0.055555556,0.23570226,0.055555556,0.23570226,0.055555556,0.23570226,0.055555556,0.23570226,0.055555556,0.23570226
0591.jpg,3.333333333333333,0.111111111,0.323380833,0.277777778,0.460888599,0.0,0.0,0.222222222,0.427792632,0.555555556,0.511309993,0.055555556,0.23570226,0.111111111,0.323380833
10_03_02.bmp,3.055555555555556,0.055555556,0.23570226,0.611111111,0.501631326,0.0,0.0,0.055555556,0.23570226,0.388888889,0.501631326,0.277777778,0.460888599,0.0,0.0
21_24_04.bmp,1.3333333333333333,0.166666667,0.383482494,0.944444444,0.23570226,0.055555556,0.23570226,0.0,0.0,0.055555556,0.23570226,0.0,0.0,0.0,0.0
19_19_03.bmp,2.833333333333333,0.111111111,0.323380833,0.333333333,0.48507125,0.388888889,0.501631326,0.055555556,0.23570226,0.111111111,0.323380833,0.166666667,0.383482494,0.055555556,0.23570226
26_10_02.bmp,3.7222222222222223,0.444444444,0.511309993,0.111111111,0.323380833,0.111111111,0.323380833,0.0,0.0,0.111111111,0.323380833,0.0,0.0,0.0,0.0
01374.jpg,3.1666666666666665,0.111111111,0.323380833,0.722222222,0.460888599,0.055555556,0.23570226,0.0,0.0,0.0,0.0,0.055555556,0.23570226,0.111111111,0.323380833
06_22_05.bmp,1.3333333333333333,0.166666667,0.383482494,0.777777778,0.427792632,0.111111111,0.323380833,0.055555556,0.23570226,0.055555556,0.23570226,0.055555556,0.23570226,0.0,0.0
17_09_04.bmp,2.2777777777777777,0.888888889,0.323380833,0.166666667,0.383482494,0.055555556,0.23570226,0.0,0.0,0.277777778,0.460888599,0.055555556,0.23570226,0.0,0.0
27_19_03.bmp,2.611111111111111,0.166666667,0.383482494,0.444444444,0.511309993,0.444444444,0.511309993,0.055555556,0.23570226,0.388888889,0.501631326,0.111111111,0.323380833,0.055555556,0.23570226
37_23_05.bmp,1.8888888888888888,0.0,0.0,0.277777778,0.460888599,0.055555556,0.23570226,0.777777778,0.427792632,0.055555556,0.23570226,0.055555556,0.23570226,0.111111111,0.323380833
28_18_03.bmp,3.0,0.111111111,0.323380833,0.722222222,0.460888599,0.055555556,0.23570226,0.055555556,0.23570226,0.222222222,0.427792632,0.055555556,0.23570226,0.0,0.0
0079.jpg,2.2222222222222223,0.055555556,0.23570226,0.555555556,0.511309993,0.777777778,0.427792632,0.0,0.0,0.055555556,0.23570226,0.055555556,0.23570226,0.166666667,0.383482494
22_16_05.bmp,1.5,0.222222222,0.427792632,0.888888889,0.323380833,0.0,0.0,0.0,0.0,0.055555556,0.23570226,0.111111111,0.323380833,0.0,0.0
0677.jpg,3.2777777777777777,0.055555556,0.23570226,0.333333333,0.48507125,0.0,0.0,0.222222222,0.427792632,0.166666667,0.383482494,0.111111111,0.323380833,0.055555556,0.23570226
37_22_04.bmp,2.2777777777777777,0.222222222,0.427792632,0.833333333,0.383482494,0.111111111,0.323380833,0.111111111,0.323380833,0.111111111,0.323380833,0.055555556,0.23570226,0.0,0.0
03_22_04.bmp,2.5,0.388888889,0.501631326,0.722222222,0.460888599,0.055555556,0.23570226,0.0,0.0,0.111111111,0.323380833,0.0,0.0,0.0,0.0
14_11_02.bmp,3.1666666666666665,0.722222222,0.460888599,0.277777778,0.460888599,0.055555556,0.23570226,0.0,0.0,0.0,0.0,0.055555556,0.23570226,0.055555556,0.23570226
01344.jpg,4.0,0.111111111,0.323380833,0.388888889,0.501631326,0.111111111,0.323380833,0.0,0.0,0.0,0.0,0.0,0.0,0.111111111,0.323380833
18_07_01.bmp,3.0,0.222222222,0.427792632,0.666666667,0.48507125,0.055555556,0.23570226,0.055555556,0.23570226,0.0,0.0,0.0,0.0,0.055555556,0.23570226
19_17_04.bmp,2.611111111111111,0.055555556,0.23570226,0.388888889,0.501631326,0.055555556,0.23570226,0.0,0.0,0.277777778,0.460888599,0.277777778,0.460888599,0.166666667,0.383482494
26_13_05.bmp,3.8333333333333335,0.055555556,0.23570226,0.055555556,0.23570226,0.277777778,0.460888599,0.0,0.0,0.055555556,0.23570226,0.0,0.0,0.055555556,0.23570226
26_09_04.bmp,2.888888888888889,0.611111111,0.501631326,0.222222222,0.427792632,0.055555556,0.23570226,0.0,0.0,0.111111111,0.323380833,0.0,0.0,0.055555556,0.23570226
26_08_02.bmp,3.6666666666666665,0.0,0.0,0.222222222,0.427792632,0.111111111,0.323380833,0.0,0.0,0.111111111,0.323380833,0.055555556,0.23570226,0.0,0.0
05_16_04.bmp,2.055555555555556,0.277777778,0.460888599,0.833333333,0.383482494,0.0,0.0,0.0,0.0,0.0,0.0,0.055555556,0.23570226,0.055555556,0.23570226
18_09_04.bmp,2.2777777777777777,0.777777778,0.427792632,0.277777778,0.460888599,0.055555556,0.23570226,0.0,0.0,0.0,0.0,0.055555556,0.23570226,0.055555556,0.23570226
01407.jpg,4.0,0.111111111,0.323380833,0.444444444,0.511309993,0.055555556,0.23570226,0.055555556,0.23570226,0.0,0.0,0.0,0.0,0.0,0.0
06_16_03.bmp,3.2222222222222223,0.222222222,0.427792632,0.5,0.514495755,0.111111111,0.323380833,0.055555556,0.23570226,0.0,0.0,0.055555556,0.23570226,0.055555556,0.23570226
26_05_05.bmp,2.111111111111111,0.222222222,0.427792632,0.777777778,0.427792632,0.111111111,0.323380833,0.0,0.0,0.111111111,0.323380833,0.0,0.0,0.111111111,0.323380833
20_09_01.bmp,3.0,0.611111111,0.501631326,0.222222222,0.427792632,0.055555556,0.23570226,0.0,0.0,0.055555556,0.23570226,0.0,0.0,0.0,0.0
06_24_02.bmp,2.833333333333333,0.111111111,0.323380833,0.666666667,0.48507125,0.111111111,0.323380833,0.055555556,0.23570226,0.055555556,0.23570226,0.055555556,0.23570226,0.055555556,0.23570226
01183.jpg,2.388888888888889,0.333333333,0.48507125,0.833333333,0.383482494,0.0,0.0,0.055555556,0.23570226,0.444444444,0.511309993,0.0,0.0,0.0,0.0
14_14_01.bmp,3.4444444444444446,0.111111111,0.323380833,0.333333333,0.48507125,0.111111111,0.323380833,0.111111111,0.323380833,0.0,0.0,0.055555556,0.23570226,0.055555556,0.23570226
07_09_04.bmp,2.2222222222222223,0.833333333,0.383482494,0.277777778,0.460888599,0.055555556,0.23570226,0.0,0.0,0.111111111,0.323380833,0.0,0.0,0.0,0.0
08_07_04.bmp,2.111111111111111,0.333333333,0.48507125,0.777777778,0.427792632,0.0,0.0,0.111111111,0.323380833,0.0,0.0,0.055555556,0.23570226,0.055555556,0.23570226
0845.jpg,3.555555555555556,0.166666667,0.383482494,0.444444444,0.511309993,0.055555556,0.23570226,0.0,0.0,0.388888889,0.501631326,0.055555556,0.23570226,0.0,0.0
32_22_04.bmp,2.055555555555556,0.166666667,0.383482494,0.722222222,0.460888599,0.055555556,0.23570226,0.0,0.0,0.388888889,0.501631326,0.055555556,0.23570226,0.0,0.0
27_05_02.bmp,3.0,0.277777778,0.460888599,0.5,0.514495755,0.055555556,0.23570226,0.0,0.0,0.5,0.514495755,0.0,0.0,0.111111111,0.323380833
26_23_03.bmp,2.7777777777777777,0.055555556,0.23570226,0.0,0.0,0.166666667,0.383482494,0.666666667,0.48507125,0.055555556,0.23570226,0.0,0.0,0.166666667,0.383482494
10_17_05.bmp,2.4444444444444446,0.0,0.0,0.555555556,0.511309993,0.055555556,0.23570226,0.055555556,0.23570226,0.444444444,0.511309993,0.222222222,0.427792632,0.222222222,0.427792632
08_02_01.bmp,4.222222222222222,0.111111111,0.323380833,0.111111111,0.323380833,0.0,0.0,0.055555556,0.23570226,0.166666667,0.383482494,0.055555556,0.23570226,0.0,0.0
03_14_02.bmp,3.555555555555556,0.055555556,0.23570226,0.055555556,0.23570226,0.055555556,0.23570226,0.111111111,0.323380833,0.222222222,0.427792632,0.111111111,0.323380833,0.055555556,0.23570226
28_08_05.bmp,2.111111111111111,0.444444444,0.511309993,0.611111111,0.501631326,0.055555556,0.23570226,0.055555556,0.23570226,0.222222222,0.427792632,0.055555556,0.23570226,0.0,0.0
01264.jpg,3.2222222222222223,0.166666667,0.383482494,0.444444444,0.511309993,0.111111111,0.323380833,0.0,0.0,0.444444444,0.511309993,0.666666667,0.48507125,0.0,0.0
19_03_04.bmp,2.1666666666666665,0.055555556,0.23570226,0.777777778,0.427792632,0.0,0.0,0.055555556,0.23570226,0.055555556,0.23570226,0.111111111,0.323380833,0.0,0.0
15_17_02.bmp,2.833333333333333,0.166666667,0.383482494,0.388888889,0.501631326,0.0,0.0,0.055555556,0.23570226,0.388888889,0.501631326,0.111111111,0.323380833,0.166666667,0.383482494
25_07_04.bmp,1.7222222222222223,0.166666667,0.383482494,0.777777778,0.427792632,0.055555556,0.23570226,0.0,0.0,0.111111111,0.323380833,0.0,0.0,0.0,0.0
08_13_02.bmp,4.166666666666667,0.166666667,0.383482494,0.055555556,0.23570226,0.277777778,0.460888599,0.055555556,0.23570226,0.055555556,0.23570226,0.0,0.0,0.0,0.0
0801.jpg,3.333333333333333,0.055555556,0.23570226,0.5,0.514495755,0.055555556,0.23570226,0.0,0.0,0.166666667,0.383482494,0.111111111,0.323380833,0.0,0.0
30_10_02.bmp,2.9444444444444446,0.611111111,0.501631326,0.333333333,0.48507125,0.0,0.0,0.0,0.0,0.277777778,0.460888599,0.0,0.0,0.0,0.0
30_20_05.bmp,1.7777777777777777,0.611111111,0.501631326,0.444444444,0.511309993,0.111111111,0.323380833,0.222222222,0.427792632,0.277777778,0.460888599,0.055555556,0.23570226,0.0,0.0
0941.jpg,2.6666666666666665,0.111111111,0.323380833,0.333333333,0.48507125,0.0,0.0,0.666666667,0.48507125,0.166666667,0.383482494,0.0,0.0,0.055555556,0.23570226
02_03_04.bmp,1.8888888888888888,0.111111111,0.323380833,0.833333333,0.383482494,0.055555556,0.23570226,0.0,0.0,0.555555556,0.511309993,0.0,0.0,0.0,0.0
21_18_05.bmp,1.5555555555555556,0.055555556,0.23570226,0.944444444,0.23570226,0.055555556,0.23570226,0.0,0.0,0.055555556,0.23570226,0.055555556,0.23570226,0.0,0.0
0467.jpg,2.888888888888889,0.0,0.0,0.388888889,0.501631326,0.0,0.0,0.166666667,0.383482494,0.666666667,0.48507125,0.055555556,0.23570226,0.055555556,0.23570226
0177.jpg,2.888888888888889,0.055555556,0.23570226,0.333333333,0.48507125,0.722222222,0.460888599,0.0,0.0,0.055555556,0.23570226,0.0,0.0,0.111111111,0.323380833
08_04_04.bmp,3.2777777777777777,0.277777778,0.460888599,0.222222222,0.427792632,0.166666667,0.383482494,0.111111111,0.323380833,0.166666667,0.383482494,0.166666667,0.383482494,0.0,0.0
30_03_02.bmp,3.4444444444444446,0.055555556,0.23570226,0.5,0.514495755,0.111111111,0.323380833,0.0,0.0,0.333333333,0.48507125,0.055555556,0.23570226,0.0,0.0
0162.jpg,2.611111111111111,0.111111111,0.323380833,0.444444444,0.511309993,0.833333333,0.383482494,0.0,0.0,0.277777778,0.460888599,0.055555556,0.23570226,0.055555556,0.23570226
16_10_04.bmp,2.7222222222222223,0.777777778,0.427792632,0.166666667,0.383482494,0.0,0.0,0.055555556,0.23570226,0.277777778,0.460888599,0.444444444,0.511309993,0.0,0.0
07_10_05.bmp,2.0,0.833333333,0.383482494,0.333333333,0.48507125,0.111111111,0.323380833,0.0,0.0,0.111111111,0.323380833,0.0,0.0,0.0,0.0
28_10_04.bmp,2.7222222222222223,0.722222222,0.460888599,0.222222222,0.427792632,0.111111111,0.323380833,0.055555556,0.23570226,0.222222222,0.427792632,0.055555556,0.23570226,0.0,0.0
01393.jpg,4.277777777777778,0.111111111,0.323380833,0.444444444,0.511309993,0.055555556,0.23570226,0.0,0.0,0.0,0.0,0.0,0.0,0.055555556,0.23570226
37_22_02.bmp,3.111111111111111,0.111111111,0.323380833,0.833333333,0.383482494,0.055555556,0.23570226,0.166666667,0.383482494,0.055555556,0.23570226,0.055555556,0.23570226,0.0,0.0
27_04_03.bmp,2.611111111111111,0.277777778,0.460888599,0.444444444,0.511309993,0.166666667,0.383482494,0.111111111,0.323380833,0.333333333,0.48507125,0.111111111,0.323380833,0.0,0.0
0752.jpg,3.333333333333333,0.055555556,0.23570226,0.5,0.514495755,0.0,0.0,0.0,0.0,0.0,0.0,0.055555556,0.23570226,0.111111111,0.323380833
25_09_05.bmp,1.8888888888888888,0.833333333,0.383482494,0.277777778,0.460888599,0.166666667,0.383482494,0.0,0.0,0.222222222,0.427792632,0.0,0.0,0.0,0.0
14_11_04.bmp,2.333333333333333,0.833333333,0.383482494,0.166666667,0.383482494,0.055555556,0.23570226,0.0,0.0,0.055555556,0.23570226,0.166666667,0.383482494,0.055555556,0.23570226
35_07_03.bmp,2.055555555555556,0.111111111,0.323380833,0.833333333,0.383482494,0.111111111,0.323380833,0.0,0.0,0.0,0.0,0.055555556,0.23570226,0.055555556,0.23570226
01_24_02.bmp,2.2777777777777777,0.0,0.0,0.833333333,0.383482494,0.111111111,0.323380833,0.055555556,0.23570226,0.0,0.0,0.0,0.0,0.055555556,0.23570226
28_10_02.bmp,2.555555555555556,0.666666667,0.48507125,0.277777778,0.460888599,0.111111111,0.323380833,0.055555556,0.23570226,0.222222222,0.427792632,0.111111111,0.323380833,0.0,0.0
0772.jpg,3.6666666666666665,0.111111111,0.323380833,0.333333333,0.48507125,0.055555556,0.23570226,0.0,0.0,0.055555556,0.23570226,0.055555556,0.23570226,0.055555556,0.23570226
11_18_03.bmp,2.5,0.055555556,0.23570226,0.666666667,0.48507125,0.0,0.0,0.055555556,0.23570226,0.277777778,0.460888599,0.055555556,0.23570226,0.055555556,0.23570226
22_21_03.bmp,3.055555555555556,0.055555556,0.23570226,0.388888889,0.501631326,0.444444444,0.511309993,0.0,0.0,0.055555556,0.23570226,0.166666667,0.383482494,0.0,0.0
23_09_04.bmp,2.2222222222222223,0.722222222,0.460888599,0.277777778,0.460888599,0.055555556,0.23570226,0.055555556,0.23570226,0.166666667,0.383482494,0.0,0.0,0.0,0.0
31_15_04.bmp,3.1666666666666665,0.055555556,0.23570226,0.277777778,0.460888599,0.0,0.0,0.166666667,0.383482494,0.222222222,0.427792632,0.055555556,0.23570226,0.055555556,0.23570226
01_09_02.bmp,2.6666666666666665,0.611111111,0.501631326,0.555555556,0.511309993,0.111111111,0.323380833,0.0,0.0,0.111111111,0.323380833,0.0,0.0,0.055555556,0.23570226
18_17_04.bmp,2.1666666666666665,0.055555556,0.23570226,0.5,0.514495755,0.111111111,0.323380833,0.0,0.0,0.166666667,0.383482494,0.111111111,0.323380833,0.222222222,0.427792632
07_21_05.bmp,1.7222222222222223,0.166666667,0.383482494,0.444444444,0.511309993,0.055555556,0.23570226,0.555555556,0.511309993,0.055555556,0.23570226,0.111111111,0.323380833,0.055555556,0.23570226
01_12_05.bmp,1.8333333333333333,0.777777778,0.427792632,0.666666667,0.48507125,0.111111111,0.323380833,0.055555556,0.23570226,0.055555556,0.23570226,0.0,0.0,0.111111111,0.323380833
30_03_03.bmp,3.2222222222222223,0.055555556,0.23570226,0.555555556,0.511309993,0.111111111,0.323380833,0.0,0.0,0.333333333,0.48507125,0.0,0.0,0.055555556,0.23570226
22_19_04.bmp,2.111111111111111,0.111111111,0.323380833,0.611111111,0.501631326,0.444444444,0.511309993,0.055555556,0.23570226,0.111111111,0.323380833,0.055555556,0.23570226,0.0,0.0
20_17_04.bmp,2.2777777777777777,0.166666667,0.383482494,0.388888889,0.501631326,0.166666667,0.383482494,0.0,0.0,0.222222222,0.427792632,0.166666667,0.383482494,0.166666667,0.383482494
0424.jpg,2.2222222222222223,0.0,0.0,0.777777778,0.427792632,0.0,0.0,0.055555556,0.23570226,0.111111111,0.323380833,0.0,0.0,0.111111111,0.323380833
31_23_04.bmp,2.1666666666666665,0.111111111,0.323380833,0.222222222,0.427792632,0.0,0.0,0.777777778,0.427792632,0.166666667,0.383482494,0.0,0.0,0.166666667,0.383482494
07_04_05.bmp,2.555555555555556,0.388888889,0.501631326,0.388888889,0.501631326,0.277777778,0.460888599,0.0,0.0,0.055555556,0.23570226,0.166666667,0.383482494,0.055555556,0.23570226
26_19_04.bmp,4.111111111111111,0.055555556,0.23570226,0.222222222,0.427792632,0.166666667,0.383482494,0.0,0.0,0.0,0.0,0.055555556,0.23570226,0.0,0.0
0781.jpg,3.555555555555556,0.0,0.0,0.444444444,0.511309993,0.0,0.0,0.0,0.0,0.111111111,0.323380833,0.0,0.0,0.055555556,0.23570226
0873.jpg,3.611111111111111,0.111111111,0.323380833,0.444444444,0.511309993,0.0,0.0,0.0,0.0,0.222222222,0.427792632,0.0,0.0,0.0,0.0
15_05_02.bmp,3.2777777777777777,0.222222222,0.427792632,0.388888889,0.501631326,0.055555556,0.23570226,0.0,0.0,0.277777778,0.460888599,0.055555556,0.23570226,0.055555556,0.23570226
22_03_02.bmp,3.111111111111111,0.111111111,0.323380833,0.666666667,0.48507125,0.055555556,0.23570226,0.0,0.0,0.111111111,0.323380833,0.166666667,0.383482494,0.055555556,0.23570226
36_18_03.bmp,2.388888888888889,0.111111111,0.323380833,0.777777778,0.427792632,0.111111111,0.323380833,0.055555556,0.23570226,0.0,0.0,0.0,0.0,0.055555556,0.23570226
02_20_05.bmp,1.5555555555555556,0.555555556,0.511309993,0.333333333,0.48507125,0.444444444,0.511309993,0.166666667,0.383482494,0.222222222,0.427792632,0.055555556,0.23570226,0.0,0.0
20_23_01.bmp,3.055555555555556,0.0,0.0,0.166666667,0.383482494,0.0,0.0,0.722222222,0.460888599,0.166666667,0.383482494,0.0,0.0,0.055555556,0.23570226
14_17_01.bmp,3.333333333333333,0.222222222,0.427792632,0.277777778,0.460888599,0.055555556,0.23570226,0.055555556,0.23570226,0.111111111,0.323380833,0.111111111,0.323380833,0.166666667,0.383482494
0581.jpg,3.2222222222222223,0.111111111,0.323380833,0.333333333,0.48507125,0.0,0.0,0.166666667,0.383482494,0.555555556,0.511309993,0.055555556,0.23570226,0.055555556,0.23570226
27_21_03.bmp,2.6666666666666665,0.055555556,0.23570226,0.166666667,0.383482494,0.388888889,0.501631326,0.222222222,0.427792632,0.444444444,0.511309993,0.055555556,0.23570226,0.0,0.0
37_23_01.bmp,3.111111111111111,0.055555556,0.23570226,0.333333333,0.48507125,0.0,0.0,0.611111111,0.501631326,0.055555556,0.23570226,0.055555556,0.23570226,0.166666667,0.383482494
20_04_01.bmp,3.1666666666666665,0.111111111,0.323380833,0.444444444,0.511309993,0.055555556,0.23570226,0.055555556,0.23570226,0.166666667,0.383482494,0.111111111,0.323380833,0.055555556,0.23570226
09_12_04.bmp,2.555555555555556,0.666666667,0.48507125,0.277777778,0.460888599,0.111111111,0.323380833,0.055555556,0.23570226,0.166666667,0.383482494,0.055555556,0.23570226,0.0,0.0
11_22_02.bmp,2.555555555555556,0.277777778,0.460888599,0.611111111,0.501631326,0.055555556,0.23570226,0.0,0.0,0.277777778,0.460888599,0.055555556,0.23570226,0.0,0.0
03_18_03.bmp,3.0,0.222222222,0.427792632,0.5,0.514495755,0.0,0.0,0.111111111,0.323380833,0.111111111,0.323380833,0.055555556,0.23570226,0.0,0.0
36_19_04.bmp,2.888888888888889,0.055555556,0.23570226,0.555555556,0.511309993,0.277777778,0.460888599,0.0,0.0,0.0,0.0,0.0,0.0,0.055555556,0.23570226
0453.jpg,2.833333333333333,0.111111111,0.323380833,0.333333333,0.48507125,0.0,0.0,0.111111111,0.323380833,0.833333333,0.383482494,0.111111111,0.323380833,0.055555556,0.23570226
27_18_02.bmp,2.9444444444444446,0.166666667,0.383482494,0.611111111,0.501631326,0.055555556,0.23570226,0.0,0.0,0.5,0.514495755,0.055555556,0.23570226,0.055555556,0.23570226
0997.jpg,3.388888888888889,0.111111111,0.323380833,0.277777778,0.460888599,0.055555556,0.23570226,0.611111111,0.501631326,0.333333333,0.48507125,0.0,0.0,0.055555556,0.23570226
01262.jpg,3.388888888888889,0.055555556,0.23570226,0.388888889,0.501631326,0.055555556,0.23570226,0.0,0.0,0.611111111,0.501631326,0.0,0.0,0.111111111,0.323380833
33_15_05.bmp,1.8888888888888888,0.111111111,0.323380833,0.333333333,0.48507125,0.055555556,0.23570226,0.833333333,0.383482494,0.333333333,0.48507125,0.0,0.0,0.0,0.0
11_16_05.bmp,1.4444444444444444,0.388888889,0.501631326,0.833333333,0.383482494,0.111111111,0.323380833,0.0,0.0,0.222222222,0.427792632,0.0,0.0,0.055555556,0.23570226
31_21_02.bmp,2.7777777777777777,0.055555556,0.23570226,0.222222222,0.427792632,0.722222222,0.460888599,0.0,0.0,0.166666667,0.383482494,0.055555556,0.23570226,0.0,0.0
10_16_05.bmp,1.6111111111111112,0.277777778,0.460888599,0.722222222,0.460888599,0.055555556,0.23570226,0.055555556,0.23570226,0.277777778,0.460888599,0.111111111,0.323380833,0.0,0.0
0814.jpg,3.388888888888889,0.055555556,0.23570226,0.444444444,0.511309993,0.0,0.0,0.0,0.0,0.111111111,0.323380833,0.111111111,0.323380833,0.055555556,0.23570226
01_22_04.bmp,1.7222222222222223,0.5,0.514495755,0.833333333,0.383482494,0.111111111,0.323380833,0.055555556,0.23570226,0.0,0.0,0.0,0.0,0.0,0.0
07_18_01.bmp,2.833333333333333,0.111111111,0.323380833,0.555555556,0.511309993,0.055555556,0.23570226,0.0,0.0,0.166666667,0.383482494,0.111111111,0.323380833,0.166666667,0.383482494
01422.jpg,3.5,0.0,0.0,0.611111111,0.501631326,0.055555556,0.23570226,0.055555556,0.23570226,0.0,0.0,0.055555556,0.23570226,0.055555556,0.23570226
21_06_05.bmp,1.4444444444444444,0.388888889,0.501631326,0.444444444,0.511309993,0.166666667,0.383482494,0.055555556,0.23570226,0.055555556,0.23570226,0.166666667,0.383482494,0.0,0.0
04_10_03.bmp,2.4444444444444446,0.666666667,0.48507125,0.444444444,0.511309993,0.055555556,0.23570226,0.055555556,0.23570226,0.277777778,0.460888599,0.0,0.0,0.0,0.0
26_12_02.bmp,3.7777777777777777,0.388888889,0.501631326,0.166666667,0.383482494,0.111111111,0.323380833,0.111111111,0.323380833,0.055555556,0.23570226,0.055555556,0.23570226,0.0,0.0
11_01_03.bmp,2.5,0.0,0.0,0.611111111,0.501631326,0.0,0.0,0.111111111,0.323380833,0.333333333,0.48507125,0.222222222,0.427792632,0.055555556,0.23570226
07_13_03.bmp,2.888888888888889,0.166666667,0.383482494,0.333333333,0.48507125,0.722222222,0.460888599,0.0,0.0,0.166666667,0.383482494,0.0,0.0,0.055555556,0.23570226
22_08_02.bmp,3.0,0.111111111,0.323380833,0.666666667,0.48507125,0.0,0.0,0.111111111,0.323380833,0.111111111,0.323380833,0.222222222,0.427792632,0.0,0.0
25_10_03.bmp,2.5,0.722222222,0.460888599,0.388888889,0.501631326,0.111111111,0.323380833,0.055555556,0.23570226,0.166666667,0.383482494,0.0,0.0,0.055555556,0.23570226
11_14_04.bmp,1.5555555555555556,0.111111111,0.323380833,0.166666667,0.383482494,0.111111111,0.323380833,0.833333333,0.383482494,0.222222222,0.427792632,0.111111111,0.323380833,0.0,0.0
14_23_01.bmp,3.1666666666666665,0.111111111,0.323380833,0.166666667,0.383482494,0.0,0.0,0.777777778,0.427792632,0.0,0.0,0.0,0.0,0.055555556,0.23570226
0501.jpg,2.833333333333333,0.111111111,0.323380833,0.444444444,0.511309993,0.055555556,0.23570226,0.5,0.514495755,0.666666667,0.48507125,0.0,0.0,0.0,0.0
12_21_02.bmp,2.9444444444444446,0.055555556,0.23570226,0.055555556,0.23570226,0.722222222,0.460888599,0.055555556,0.23570226,0.055555556,0.23570226,0.0,0.0,0.0,0.0
24_13_02.bmp,3.333333333333333,0.055555556,0.23570226,0.333333333,0.48507125,0.333333333,0.48507125,0.0,0.0,0.055555556,0.23570226,0.0,0.0,0.055555556,0.23570226
34_17_03.bmp,2.5,0.055555556,0.23570226,0.611111111,0.501631326,0.222222222,0.427792632,0.0,0.0,0.166666667,0.383482494,0.166666667,0.383482494,0.166666667,0.383482494
06_05_03.bmp,2.2777777777777777,0.333333333,0.48507125,0.722222222,0.460888599,0.055555556,0.23570226,0.0,0.0,0.0,0.0,0.166666667,0.383482494,0.055555556,0.23570226
22_11_03.bmp,2.555555555555556,0.833333333,0.383482494,0.388888889,0.501631326,0.0,0.0,0.0,0.0,0.111111111,0.323380833,0.111111111,0.323380833,0.0,0.0
17_17_04.bmp,2.333333333333333,0.111111111,0.323380833,0.444444444,0.511309993,0.055555556,0.23570226,0.055555556,0.23570226,0.333333333,0.48507125,0.222222222,0.427792632,0.166666667,0.383482494
25_15_04.bmp,3.111111111111111,0.166666667,0.383482494,0.277777778,0.460888599,0.0,0.0,0.166666667,0.383482494,0.111111111,0.323380833,0.055555556,0.23570226,0.111111111,0.323380833
05_20_02.bmp,2.5,0.666666667,0.48507125,0.277777778,0.460888599,0.166666667,0.383482494,0.166666667,0.383482494,0.111111111,0.323380833,0.0,0.0,0.055555556,0.23570226
12_18_04.bmp,2.388888888888889,0.166666667,0.383482494,0.722222222,0.460888599,0.111111111,0.323380833,0.0,0.0,0.055555556,0.23570226,0.055555556,0.23570226,0.055555556,0.23570226
25_05_01.bmp,2.9444444444444446,0.166666667,0.383482494,0.555555556,0.511309993,0.111111111,0.323380833,0.0,0.0,0.111111111,0.323380833,0.0,0.0,0.111111111,0.323380833
29_24_04.bmp,2.2222222222222223,0.0,0.0,0.777777778,0.427792632,0.0,0.0,0.055555556,0.23570226,0.111111111,0.323380833,0.111111111,0.323380833,0.055555556,0.23570226
06_22_01.bmp,3.1666666666666665,0.111111111,0.323380833,0.333333333,0.48507125,0.277777778,0.460888599,0.055555556,0.23570226,0.0,0.0,0.111111111,0.323380833,0.111111111,0.323380833
0449.jpg,2.7222222222222223,0.111111111,0.323380833,0.833333333,0.383482494,0.055555556,0.23570226,0.055555556,0.23570226,0.111111111,0.323380833,0.055555556,0.23570226,0.055555556,0.23570226
20_08_03.bmp,2.5,0.333333333,0.48507125,0.555555556,0.511309993,0.055555556,0.23570226,0.055555556,0.23570226,0.111111111,0.323380833,0.111111111,0.323380833,0.0,0.0
02_12_02.bmp,3.0,0.777777778,0.427792632,0.444444444,0.511309993,0.055555556,0.23570226,0.0,0.0,0.555555556,0.511309993,0.055555556,0.23570226,0.111111111,0.323380833
11_05_04.bmp,2.0,0.444444444,0.511309993,0.666666667,0.48507125,0.0,0.0,0.111111111,0.323380833,0.333333333,0.48507125,0.055555556,0.23570226,0.0,0.0
0126.jpg,3.055555555555556,0.055555556,0.23570226,0.166666667,0.383482494,0.944444444,0.23570226,0.0,0.0,0.0,0.0,0.055555556,0.23570226,0.055555556,0.23570226
33_11_05.bmp,2.2222222222222223,0.833333333,0.383482494,0.222222222,0.427792632,0.055555556,0.23570226,0.0,0.0,0.444444444,0.511309993,0.055555556,0.23570226,0.0,0.0
01337.jpg,3.2777777777777777,0.111111111,0.323380833,0.722222222,0.460888599,0.055555556,0.23570226,0.055555556,0.23570226,0.0,0.0,0.0,0.0,0.166666667,0.383482494
24_15_01.bmp,2.333333333333333,0.055555556,0.23570226,0.166666667,0.383482494,0.833333333,0.383482494,0.055555556,0.23570226,0.0,0.0,0.0,0.0,0.0,0.0
25_17_03.bmp,2.6666666666666665,0.111111111,0.323380833,0.5,0.514495755,0.055555556,0.23570226,0.0,0.0,0.222222222,0.427792632,0.222222222,0.427792632,0.166666667,0.383482494
19_02_04.bmp,1.5555555555555556,0.0,0.0,0.888888889,0.323380833,0.0,0.0,0.055555556,0.23570226,0.055555556,0.23570226,0.0,0.0,0.0,0.0
08_10_02.bmp,3.611111111111111,0.444444444,0.511309993,0.111111111,0.323380833,0.055555556,0.23570226,0.055555556,0.23570226,0.055555556,0.23570226,0.0,0.0,0.0,0.0
01240.jpg,2.611111111111111,0.333333333,0.48507125,0.888888889,0.323380833,0.055555556,0.23570226,0.333333333,0.48507125,0.111111111,0.323380833,0.111111111,0.323380833,0.0,0.0
06_02_02.bmp,2.833333333333333,0.055555556,0.23570226,0.777777778,0.427792632,0.055555556,0.23570226,0.0,0.0,0.0,0.0,0.111111111,0.323380833,0.055555556,0.23570226
14_25_04.bmp,2.111111111111111,0.055555556,0.23570226,0.166666667,0.383482494,0.111111111,0.323380833,0.055555556,0.23570226,0.0,0.0,0.055555556,0.23570226,1.0,0.0
16_05_01.bmp,3.5,0.055555556,0.23570226,0.222222222,0.427792632,0.111111111,0.323380833,0.055555556,0.23570226,0.333333333,0.48507125,0.444444444,0.511309993,0.0,0.0
23_18_02.bmp,2.6666666666666665,0.055555556,0.23570226,0.722222222,0.460888599,0.0,0.0,0.055555556,0.23570226,0.277777778,0.460888599,0.055555556,0.23570226,0.0,0.0
36_04_04.bmp,2.388888888888889,0.333333333,0.48507125,0.5,0.514495755,0.388888889,0.501631326,0.0,0.0,0.0,0.0,0.111111111,0.323380833,0.055555556,0.23570226
32_21_01.bmp,1.3888888888888888,0.166666667,0.383482494,0.444444444,0.511309993,0.444444444,0.511309993,0.333333333,0.48507125,0.277777778,0.460888599,0.0,0.0,0.0,0.0
12_10_03.bmp,2.833333333333333,0.722222222,0.460888599,0.166666667,0.383482494,0.111111111,0.323380833,0.0,0.0,0.111111111,0.323380833,0.055555556,0.23570226,0.055555556,0.23570226
01206.jpg,4.0,0.111111111,0.323380833,0.222222222,0.427792632,0.0,0.0,0.0,0.0,0.666666667,0.48507125,0.0,0.0,0.111111111,0.323380833
12_11_02.bmp,3.1666666666666665,0.722222222,0.460888599,0.166666667,0.383482494,0.055555556,0.23570226,0.0,0.0,0.111111111,0.323380833,0.055555556,0.23570226,0.0,0.0
08_11_03.bmp,3.0,0.888888889,0.323380833,0.055555556,0.23570226,0.0,0.0,0.111111111,0.323380833,0.055555556,0.23570226,0.055555556,0.23570226,0.0,0.0
0885.jpg,3.611111111111111,0.222222222,0.427792632,0.444444444,0.511309993,0.0,0.0,0.055555556,0.23570226,0.111111111,0.323380833,0.055555556,0.23570226,0.0,0.0
29_02_04.bmp,1.5555555555555556,0.055555556,0.23570226,1.0,0.0,0.0,0.0,0.0,0.0,0.111111111,0.323380833,0.0,0.0,0.055555556,0.23570226
28_09_05.bmp,2.2222222222222223,0.777777778,0.427792632,0.222222222,0.427792632,0.111111111,0.323380833,0.0,0.0,0.222222222,0.427792632,0.0,0.0,0.0,0.0
15_16_02.bmp,2.833333333333333,0.0,0.0,0.444444444,0.511309993,0.055555556,0.23570226,0.111111111,0.323380833,0.277777778,0.460888599,0.0,0.0,0.055555556,0.23570226
19_07_04.bmp,1.5555555555555556,0.222222222,0.427792632,0.777777778,0.427792632,0.055555556,0.23570226,0.055555556,0.23570226,0.055555556,0.23570226,0.111111111,0.323380833,0.0,0.0
07_05_01.bmp,3.333333333333333,0.055555556,0.23570226,0.555555556,0.511309993,0.166666667,0.383482494,0.0,0.0,0.166666667,0.383482494,0.0,0.0,0.111111111,0.323380833
08_11_04.bmp,2.6666666666666665,0.888888889,0.323380833,0.055555556,0.23570226,0.0,0.0,0.055555556,0.23570226,0.055555556,0.23570226,0.111111111,0.323380833,0.0,0.0
15_14_02.bmp,3.1666666666666665,0.055555556,0.23570226,0.222222222,0.427792632,0.055555556,0.23570226,0.222222222,0.427792632,0.222222222,0.427792632,0.0,0.0,0.055555556,0.23570226
0204.jpg,1.6666666666666667,0.055555556,0.23570226,0.166666667,0.383482494,0.055555556,0.23570226,0.944444444,0.23570226,0.0,0.0,0.0,0.0,0.444444444,0.511309993
07_25_01.bmp,3.2222222222222223,0.111111111,0.323380833,0.444444444,0.511309993,0.111111111,0.323380833,0.0,0.0,0.055555556,0.23570226,0.0,0.0,0.277777778,0.460888599
17_22_05.bmp,1.6111111111111112,0.222222222,0.427792632,0.833333333,0.383482494,0.0,0.0,0.111111111,0.323380833,0.222222222,0.427792632,0.055555556,0.23570226,0.0,0.0
0436.jpg,2.7777777777777777,0.0,0.0,0.833333333,0.383482494,0.0,0.0,0.111111111,0.323380833,0.055555556,0.23570226,0.055555556,0.23570226,0.055555556,0.23570226
31_19_04.bmp,2.388888888888889,0.166666667,0.383482494,0.5,0.514495755,0.666666667,0.48507125,0.0,0.0,0.111111111,0.323380833,0.0,0.0,0.055555556,0.23570226
1040.jpg,3.111111111111111,0.055555556,0.23570226,0.555555556,0.511309993,0.0,0.0,0.5,0.514495755,0.166666667,0.383482494,0.0,0.0,0.055555556,0.23570226
08_12_04.bmp,3.111111111111111,0.833333333,0.383482494,0.055555556,0.23570226,0.055555556,0.23570226,0.0,0.0,0.111111111,0.323380833,0.055555556,0.23570226,0.0,0.0
24_02_05.bmp,1.2222222222222223,0.0,0.0,0.888888889,0.323380833,0.0,0.0,0.055555556,0.23570226,0.0,0.0,0.0,0.0,0.0,0.0
34_22_03.bmp,1.7222222222222223,0.222222222,0.427792632,0.833333333,0.383482494,0.166666667,0.383482494,0.055555556,0.23570226,0.0,0.0,0.0,0.0,0.0,0.0
20_24_04.bmp,1.5555555555555556,0.055555556,0.23570226,0.944444444,0.23570226,0.166666667,0.383482494,0.0,0.0,0.055555556,0.23570226,0.0,0.0,0.0,0.0
0385.jpg,2.055555555555556,0.166666667,0.383482494,1.0,0.0,0.0,0.0,0.111111111,0.323380833,0.0,0.0,0.0,0.0,0.0,0.0
15_17_04.bmp,2.2777777777777777,0.111111111,0.323380833,0.444444444,0.511309993,0.055555556,0.23570226,0.0,0.0,0.333333333,0.48507125,0.055555556,0.23570226,0.277777778,0.460888599
02_24_05.bmp,1.3333333333333333,0.055555556,0.23570226,0.888888889,0.323380833,0.055555556,0.23570226,0.055555556,0.23570226,0.277777778,0.460888599,0.0,0.0,0.055555556,0.23570226
19_08_04.bmp,2.1666666666666665,0.277777778,0.460888599,0.722222222,0.460888599,0.055555556,0.23570226,0.055555556,0.23570226,0.055555556,0.23570226,0.166666667,0.383482494,0.055555556,0.23570226
22_25_05.bmp,2.0,0.055555556,0.23570226,0.166666667,0.383482494,0.0,0.0,0.0,0.0,0.0,0.0,0.0,0.0,0.833333333,0.383482494
22_01_01.bmp,3.5,0.111111111,0.323380833,0.611111111,0.501631326,0.0,0.0,0.0,0.0,0.111111111,0.323380833,0.166666667,0.383482494,0.0,0.0
27_22_01.bmp,2.888888888888889,0.111111111,0.323380833,0.666666667,0.48507125,0.0,0.0,0.055555556,0.23570226,0.388888889,0.501631326,0.055555556,0.23570226,0.055555556,0.23570226
08_10_04.bmp,2.611111111111111,0.777777778,0.427792632,0.055555556,0.23570226,0.0,0.0,0.0,0.0,0.111111111,0.323380833,0.055555556,0.23570226,0.0,0.0
21_19_02.bmp,3.1666666666666665,0.166666667,0.383482494,0.388888889,0.501631326,0.444444444,0.511309993,0.055555556,0.23570226,0.0,0.0,0.055555556,0.23570226,0.0,0.0
06_06_05.bmp,1.8888888888888888,0.555555556,0.511309993,0.222222222,0.427792632,0.222222222,0.427792632,0.055555556,0.23570226,0.055555556,0.23570226,0.222222222,0.427792632,0.111111111,0.323380833
01_10_02.bmp,2.9444444444444446,0.611111111,0.501631326,0.444444444,0.511309993,0.166666667,0.383482494,0.0,0.0,0.0,0.0,0.055555556,0.23570226,0.055555556,0.23570226
31_06_05.bmp,1.7777777777777777,0.333333333,0.48507125,0.5,0.514495755,0.277777778,0.460888599,0.055555556,0.23570226,0.166666667,0.383482494,0.111111111,0.323380833,0.055555556,0.23570226
02_07_03.bmp,2.388888888888889,0.166666667,0.383482494,0.722222222,0.460888599,0.0,0.0,0.0,0.0,0.444444444,0.511309993,0.111111111,0.323380833,0.111111111,0.323380833
26_14_05.bmp,2.9444444444444446,0.222222222,0.427792632,0.388888889,0.501631326,0.166666667,0.383482494,0.111111111,0.323380833,0.055555556,0.23570226,0.055555556,0.23570226,0.111111111,0.323380833
30_05_02.bmp,3.2777777777777777,0.277777778,0.460888599,0.5,0.514495755,0.111111111,0.323380833,0.0,0.0,0.333333333,0.48507125,0.0,0.0,0.0,0.0
1104.jpg,2.611111111111111,0.0,0.0,0.388888889,0.501631326,0.0,0.0,0.611111111,0.501631326,0.0,0.0,0.055555556,0.23570226,0.0,0.0
32_05_01.bmp,2.7777777777777777,0.166666667,0.383482494,0.555555556,0.511309993,0.166666667,0.383482494,0.166666667,0.383482494,0.388888889,0.501631326,0.055555556,0.23570226,0.055555556,0.23570226
03_19_01.bmp,3.7777777777777777,0.055555556,0.23570226,0.222222222,0.427792632,0.0,0.0,0.0,0.0,0.166666667,0.383482494,0.055555556,0.23570226,0.111111111,0.323380833
35_08_02.bmp,2.7777777777777777,0.0,0.0,0.722222222,0.460888599,0.055555556,0.23570226,0.0,0.0,0.0,0.0,0.055555556,0.23570226,0.055555556,0.23570226
12_06_04.bmp,2.1666666666666665,0.388888889,0.501631326,0.222222222,0.427792632,0.277777778,0.460888599,0.111111111,0.323380833,0.0,0.0,0.222222222,0.427792632,0.055555556,0.23570226
15_05_04.bmp,2.333333333333333,0.388888889,0.501631326,0.666666667,0.48507125,0.055555556,0.23570226,0.0,0.0,0.222222222,0.427792632,0.055555556,0.23570226,0.055555556,0.23570226
0487.jpg,2.6666666666666665,0.166666667,0.383482494,0.555555556,0.511309993,0.055555556,0.23570226,0.055555556,0.23570226,0.777777778,0.427792632,0.0,0.0,0.0,0.0
01_08_05.bmp,1.8333333333333333,0.444444444,0.511309993,0.666666667,0.48507125,0.166666667,0.383482494,0.0,0.0,0.055555556,0.23570226,0.111111111,0.323380833,0.111111111,0.323380833
26_01_01.bmp,4.555555555555555,0.0,0.0,0.166666667,0.383482494,0.055555556,0.23570226,0.055555556,0.23570226,0.055555556,0.23570226,0.0,0.0,0.055555556,0.23570226
18_01_01.bmp,3.333333333333333,0.166666667,0.383482494,0.5,0.514495755,0.055555556,0.23570226,0.0,0.0,0.055555556,0.23570226,0.0,0.0,0.111111111,0.323380833
35_25_03.bmp,2.0,0.055555556,0.23570226,0.388888889,0.501631326,0.055555556,0.23570226,0.0,0.0,0.0,0.0,0.0,0.0,1.0,0.0
37_16_01.bmp,3.5,0.0,0.0,0.5,0.514495755,0.055555556,0.23570226,0.111111111,0.323380833,0.055555556,0.23570226,0.055555556,0.23570226,0.0,0.0
05_24_01.bmp,2.833333333333333,0.222222222,0.427792632,0.666666667,0.48507125,0.055555556,0.23570226,0.055555556,0.23570226,0.0,0.0,0.055555556,0.23570226,0.111111111,0.323380833
01194.jpg,3.388888888888889,0.388888889,0.501631326,0.444444444,0.511309993,0.0,0.0,0.222222222,0.427792632,0.277777778,0.460888599,0.055555556,0.23570226,0.055555556,0.23570226
05_19_03.bmp,2.7777777777777777,0.388888889,0.501631326,0.388888889,0.501631326,0.277777778,0.460888599,0.0,0.0,0.0,0.0,0.055555556,0.23570226,0.055555556,0.23570226
1082.jpg,3.2777777777777777,0.055555556,0.23570226,0.444444444,0.511309993,0.055555556,0.23570226,0.444444444,0.511309993,0.111111111,0.323380833,0.055555556,0.23570226,0.111111111,0.323380833
33_04_03.bmp,2.611111111111111,0.222222222,0.427792632,0.333333333,0.48507125,0.222222222,0.427792632,0.111111111,0.323380833,0.333333333,0.48507125,0.111111111,0.323380833,0.0,0.0
01394.jpg,3.9444444444444446,0.055555556,0.23570226,0.444444444,0.511309993,0.166666667,0.383482494,0.055555556,0.23570226,0.0,0.0,0.0,0.0,0.111111111,0.323380833
22_02_01.bmp,3.1666666666666665,0.111111111,0.323380833,0.611111111,0.501631326,0.055555556,0.23570226,0.055555556,0.23570226,0.111111111,0.323380833,0.111111111,0.323380833,0.0,0.0
03_10_04.bmp,2.5,0.666666667,0.48507125,0.222222222,0.427792632,0.166666667,0.383482494,0.0,0.0,0.166666667,0.383482494,0.0,0.0,0.055555556,0.23570226
05_17_04.bmp,2.333333333333333,0.166666667,0.383482494,0.5,0.514495755,0.055555556,0.23570226,0.0,0.0,0.111111111,0.323380833,0.277777778,0.460888599,0.277777778,0.460888599
10_18_03.bmp,2.055555555555556,0.055555556,0.23570226,0.777777778,0.427792632,0.111111111,0.323380833,0.111111111,0.323380833,0.444444444,0.511309993,0.222222222,0.427792632,0.111111111,0.323380833
02_24_04.bmp,1.6666666666666667,0.055555556,0.23570226,0.944444444,0.23570226,0.0,0.0,0.0,0.0,0.277777778,0.460888599,0.055555556,0.23570226,0.055555556,0.23570226
0877.jpg,3.611111111111111,0.111111111,0.323380833,0.5,0.514495755,0.0,0.0,0.0,0.0,0.111111111,0.323380833,0.0,0.0,0.0,0.0
18_10_03.bmp,2.7777777777777777,0.722222222,0.460888599,0.166666667,0.383482494,0.055555556,0.23570226,0.0,0.0,0.055555556,0.23570226,0.0,0.0,0.111111111,0.323380833
10_04_05.bmp,2.111111111111111,0.388888889,0.501631326,0.333333333,0.48507125,0.166666667,0.383482494,0.166666667,0.383482494,0.277777778,0.460888599,0.333333333,0.48507125,0.055555556,0.23570226
19_17_01.bmp,3.555555555555556,0.055555556,0.23570226,0.333333333,0.48507125,0.055555556,0.23570226,0.0,0.0,0.166666667,0.383482494,0.222222222,0.427792632,0.111111111,0.323380833
01_05_01.bmp,2.7777777777777777,0.111111111,0.323380833,0.611111111,0.501631326,0.111111111,0.323380833,0.055555556,0.23570226,0.055555556,0.23570226,0.0,0.0,0.055555556,0.23570226
1011.jpg,3.333333333333333,0.055555556,0.23570226,0.333333333,0.48507125,0.055555556,0.23570226,0.5,0.514495755,0.111111111,0.323380833,0.0,0.0,0.055555556,0.23570226
0653.jpg,3.055555555555556,0.0,0.0,0.388888889,0.501631326,0.0,0.0,0.055555556,0.23570226,0.055555556,0.23570226,0.111111111,0.323380833,0.777777778,0.427792632
0252.jpg,1.4444444444444444,0.111111111,0.323380833,0.444444444,0.511309993,0.0,0.0,1.0,0.0,0.055555556,0.23570226,0.0,0.0,0.0,0.0
14_02_02.bmp,2.6666666666666665,0.055555556,0.23570226,0.833333333,0.383482494,0.055555556,0.23570226,0.0,0.0,0.055555556,0.23570226,0.111111111,0.323380833,0.055555556,0.23570226
0615.jpg,2.888888888888889,0.055555556,0.23570226,0.611111111,0.501631326,0.055555556,0.23570226,0.111111111,0.323380833,0.111111111,0.323380833,0.055555556,0.23570226,0.055555556,0.23570226
29_08_05.bmp,1.8888888888888888,0.277777778,0.460888599,0.611111111,0.501631326,0.0,0.0,0.111111111,0.323380833,0.055555556,0.23570226,0.166666667,0.383482494,0.055555556,0.23570226
06_02_03.bmp,2.0,0.055555556,0.23570226,0.944444444,0.23570226,0.055555556,0.23570226,0.0,0.0,0.055555556,0.23570226,0.055555556,0.23570226,0.0,0.0
08_20_01.bmp,2.5,0.5,0.514495755,0.277777778,0.460888599,0.333333333,0.48507125,0.111111111,0.323380833,0.055555556,0.23570226,0.111111111,0.323380833,0.0,0.0
04_24_05.bmp,1.3888888888888888,0.055555556,0.23570226,1.0,0.0,0.166666667,0.383482494,0.0,0.0,0.111111111,0.323380833,0.0,0.0,0.0,0.0
23_16_05.bmp,1.7777777777777777,0.111111111,0.323380833,0.833333333,0.383482494,0.0,0.0,0.055555556,0.23570226,0.222222222,0.427792632,0.0,0.0,0.0,0.0
13_03_05.bmp,1.7222222222222223,0.111111111,0.323380833,0.888888889,0.323380833,0.111111111,0.323380833,0.0,0.0,0.222222222,0.427792632,0.055555556,0.23570226,0.0,0.0
0478.jpg,3.2222222222222223,0.0,0.0,0.444444444,0.511309993,0.055555556,0.23570226,0.111111111,0.323380833,0.611111111,0.501631326,0.055555556,0.23570226,0.0,0.0
28_01_04.bmp,2.2222222222222223,0.111111111,0.323380833,0.944444444,0.23570226,0.111111111,0.323380833,0.0,0.0,0.166666667,0.383482494,0.0,0.0,0.0,0.0
0841.jpg,3.4444444444444446,0.111111111,0.323380833,0.444444444,0.511309993,0.055555556,0.23570226,0.055555556,0.23570226,0.166666667,0.383482494,0.055555556,0.23570226,0.0,0.0
24_11_02.bmp,3.1666666666666665,0.666666667,0.48507125,0.222222222,0.427792632,0.055555556,0.23570226,0.055555556,0.23570226,0.055555556,0.23570226,0.111111111,0.323380833,0.0,0.0
0582.jpg,3.1666666666666665,0.055555556,0.23570226,0.333333333,0.48507125,0.0,0.0,0.055555556,0.23570226,0.611111111,0.501631326,0.111111111,0.323380833,0.055555556,0.23570226
0749.jpg,3.7222222222222223,0.0,0.0,0.333333333,0.48507125,0.0,0.0,0.055555556,0.23570226,0.055555556,0.23570226,0.055555556,0.23570226,0.055555556,0.23570226
15_15_03.bmp,3.2777777777777777,0.166666667,0.383482494,0.166666667,0.383482494,0.166666667,0.383482494,0.055555556,0.23570226,0.333333333,0.48507125,0.0,0.0,0.111111111,0.323380833
01360.jpg,4.277777777777778,0.055555556,0.23570226,0.388888889,0.501631326,0.222222222,0.427792632,0.055555556,0.23570226,0.0,0.0,0.0,0.0,0.0,0.0
32_03_04.bmp,2.111111111111111,0.0,0.0,0.833333333,0.383482494,0.166666667,0.383482494,0.0,0.0,0.444444444,0.511309993,0.055555556,0.23570226,0.0,0.0
13_23_05.bmp,2.2777777777777777,0.0,0.0,0.166666667,0.383482494,0.055555556,0.23570226,0.833333333,0.383482494,0.111111111,0.323380833,0.0,0.0,0.166666667,0.383482494
18_25_05.bmp,1.7777777777777777,0.111111111,0.323380833,0.055555556,0.23570226,0.111111111,0.323380833,0.055555556,0.23570226,0.0,0.0,0.0,0.0,0.888888889,0.323380833
03_07_03.bmp,2.611111111111111,0.388888889,0.501631326,0.555555556,0.511309993,0.111111111,0.323380833,0.0,0.0,0.166666667,0.383482494,0.055555556,0.23570226,0.055555556,0.23570226
23_22_04.bmp,2.055555555555556,0.166666667,0.383482494,0.833333333,0.383482494,0.0,0.0,0.111111111,0.323380833,0.166666667,0.383482494,0.0,0.0,0.0,0.0
12_22_02.bmp,2.833333333333333,0.222222222,0.427792632,0.666666667,0.48507125,0.166666667,0.383482494,0.055555556,0.23570226,0.0,0.0,0.0,0.0,0.055555556,0.23570226
36_02_05.bmp,1.3333333333333333,0.0,0.0,0.833333333,0.383482494,0.166666667,0.383482494,0.0,0.0,0.0,0.0,0.055555556,0.23570226,0.0,0.0
09_01_04.bmp,1.9444444444444444,0.111111111,0.323380833,0.833333333,0.383482494,0.222222222,0.427792632,0.0,0.0,0.166666667,0.383482494,0.0,0.0,0.0,0.0
0419.jpg,2.2222222222222223,0.111111111,0.323380833,0.888888889,0.323380833,0.055555556,0.23570226,0.166666667,0.383482494,0.055555556,0.23570226,0.0,0.0,0.0,0.0
0336.jpg,3.0,0.166666667,0.383482494,0.666666667,0.48507125,0.0,0.0,0.111111111,0.323380833,0.055555556,0.23570226,0.0,0.0,0.055555556,0.23570226
02_18_03.bmp,2.4444444444444446,0.111111111,0.323380833,0.666666667,0.48507125,0.055555556,0.23570226,0.0,0.0,0.5,0.514495755,0.111111111,0.323380833,0.055555556,0.23570226
0948.jpg,2.888888888888889,0.0,0.0,0.333333333,0.48507125,0.0,0.0,0.722222222,0.460888599,0.166666667,0.383482494,0.0,0.0,0.055555556,0.23570226
0705.jpg,3.7222222222222223,0.055555556,0.23570226,0.277777778,0.460888599,0.0,0.0,0.222222222,0.427792632,0.166666667,0.383482494,0.055555556,0.23570226,0.055555556,0.23570226
18_01_02.bmp,2.888888888888889,0.166666667,0.383482494,0.666666667,0.48507125,0.055555556,0.23570226,0.055555556,0.23570226,0.0,0.0,0.0,0.0,0.055555556,0.23570226
33_08_01.bmp,3.2777777777777777,0.055555556,0.23570226,0.388888889,0.501631326,0.0,0.0,0.055555556,0.23570226,0.5,0.514495755,0.0,0.0,0.0,0.0
18_12_02.bmp,2.833333333333333,0.5,0.514495755,0.388888889,0.501631326,0.166666667,0.383482494,0.055555556,0.23570226,0.0,0.0,0.0,0.0,0.111111111,0.323380833
15_25_05.bmp,2.055555555555556,0.055555556,0.23570226,0.055555556,0.23570226,0.055555556,0.23570226,0.0,0.0,0.166666667,0.383482494,0.055555556,0.23570226,0.888888889,0.323380833
15_22_04.bmp,1.8888888888888888,0.277777778,0.460888599,0.777777778,0.427792632,0.055555556,0.23570226,0.055555556,0.23570226,0.166666667,0.383482494,0.0,0.0,0.0,0.0
03_06_05.bmp,1.7777777777777777,0.388888889,0.501631326,0.333333333,0.48507125,0.333333333,0.48507125,0.0,0.0,0.166666667,0.383482494,0.111111111,0.323380833,0.055555556,0.23570226
0078.jpg,3.333333333333333,0.0,0.0,0.388888889,0.501631326,0.444444444,0.511309993,0.0,0.0,0.388888889,0.501631326,0.0,0.0,0.055555556,0.23570226
36_10_04.bmp,2.333333333333333,0.777777778,0.427792632,0.444444444,0.511309993,0.111111111,0.323380833,0.0,0.0,0.055555556,0.23570226,0.055555556,0.23570226,0.111111111,0.323380833
33_05_01.bmp,3.4444444444444446,0.055555556,0.23570226,0.388888889,0.501631326,0.0,0.0,0.0,0.0,0.5,0.514495755,0.0,0.0,0.0,0.0
10_11_05.bmp,2.111111111111111,0.777777778,0.427792632,0.388888889,0.501631326,0.0,0.0,0.111111111,0.323380833,0.333333333,0.48507125,0.111111111,0.323380833,0.0,0.0
01465.jpg,3.611111111111111,0.0,0.0,0.611111111,0.501631326,0.055555556,0.23570226,0.055555556,0.23570226,0.0,0.0,0.055555556,0.23570226,0.333333333,0.48507125
04_06_05.bmp,1.8888888888888888,0.444444444,0.511309993,0.722222222,0.460888599,0.222222222,0.427792632,0.0,0.0,0.055555556,0.23570226,0.222222222,0.427792632,0.0,0.0
17_07_03.bmp,2.611111111111111,0.222222222,0.427792632,0.611111111,0.501631326,0.111111111,0.323380833,0.055555556,0.23570226,0.166666667,0.383482494,0.111111111,0.323380833,0.0,0.0
0092.jpg,2.2222222222222223,0.0,0.0,0.555555556,0.511309993,0.944444444,0.23570226,0.055555556,0.23570226,0.0,0.0,0.0,0.0,0.055555556,0.23570226
0670.jpg,3.4444444444444446,0.055555556,0.23570226,0.277777778,0.460888599,0.0,0.0,0.111111111,0.323380833,0.277777778,0.460888599,0.055555556,0.23570226,0.055555556,0.23570226
24_09_01.bmp,3.1666666666666665,0.5,0.514495755,0.333333333,0.48507125,0.111111111,0.323380833,0.0,0.0,0.055555556,0.23570226,0.0,0.0,0.0,0.0
33_04_04.bmp,2.2222222222222223,0.277777778,0.460888599,0.333333333,0.48507125,0.222222222,0.427792632,0.111111111,0.323380833,0.333333333,0.48507125,0.166666667,0.383482494,0.055555556,0.23570226
30_01_04.bmp,2.611111111111111,0.055555556,0.23570226,0.777777778,0.427792632,0.111111111,0.323380833,0.0,0.0,0.333333333,0.48507125,0.0,0.0,0.0,0.0
09_08_05.bmp,1.9444444444444444,0.5,0.514495755,0.666666667,0.48507125,0.0,0.0,0.055555556,0.23570226,0.166666667,0.383482494,0.055555556,0.23570226,0.055555556,0.23570226
17_11_02.bmp,3.2222222222222223,0.611111111,0.501631326,0.055555556,0.23570226,0.055555556,0.23570226,0.055555556,0.23570226,0.166666667,0.383482494,0.055555556,0.23570226,0.055555556,0.23570226
1075.jpg,3.2777777777777777,0.111111111,0.323380833,0.444444444,0.511309993,0.055555556,0.23570226,0.388888889,0.501631326,0.055555556,0.23570226,0.111111111,0.323380833,0.055555556,0.23570226
20_24_03.bmp,2.0,0.0,0.0,0.888888889,0.323380833,0.111111111,0.323380833,0.0,0.0,0.055555556,0.23570226,0.111111111,0.323380833,0.055555556,0.23570226
0090.jpg,2.7222222222222223,0.055555556,0.23570226,0.333333333,0.48507125,0.944444444,0.23570226,0.0,0.0,0.0,0.0,0.055555556,0.23570226,0.055555556,0.23570226
31_07_04.bmp,1.5555555555555556,0.055555556,0.23570226,0.888888889,0.323380833,0.0,0.0,0.0,0.0,0.111111111,0.323380833,0.055555556,0.23570226,0.0,0.0
01171.jpg,3.7222222222222223,0.166666667,0.383482494,0.5,0.514495755,0.055555556,0.23570226,0.0,0.0,0.222222222,0.427792632,0.0,0.0,0.0,0.0
26_20_01.bmp,3.7777777777777777,0.055555556,0.23570226,0.277777778,0.460888599,0.166666667,0.383482494,0.0,0.0,0.111111111,0.323380833,0.055555556,0.23570226,0.055555556,0.23570226
05_25_03.bmp,2.555555555555556,0.111111111,0.323380833,0.166666667,0.383482494,0.111111111,0.323380833,0.055555556,0.23570226,0.0,0.0,0.055555556,0.23570226,0.888888889,0.323380833
0812.jpg,3.555555555555556,0.055555556,0.23570226,0.5,0.514495755,0.0,0.0,0.055555556,0.23570226,0.277777778,0.460888599,0.0,0.0,0.055555556,0.23570226
32_10_02.bmp,2.7222222222222223,0.611111111,0.501631326,0.444444444,0.511309993,0.055555556,0.23570226,0.055555556,0.23570226,0.333333333,0.48507125,0.055555556,0.23570226,0.055555556,0.23570226
03_21_03.bmp,3.333333333333333,0.0,0.0,0.055555556,0.23570226,0.388888889,0.501631326,0.0,0.0,0.055555556,0.23570226,0.055555556,0.23570226,0.055555556,0.23570226
14_13_03.bmp,3.055555555555556,0.111111111,0.323380833,0.222222222,0.427792632,0.722222222,0.460888599,0.0,0.0,0.0,0.0,0.111111111,0.323380833,0.111111111,0.323380833
03_18_05.bmp,1.9444444444444444,0.277777778,0.460888599,0.722222222,0.460888599,0.0,0.0,0.055555556,0.23570226,0.166666667,0.383482494,0.055555556,0.23570226,0.111111111,0.323380833
23_16_04.bmp,2.2777777777777777,0.166666667,0.383482494,0.833333333,0.383482494,0.0,0.0,0.0,0.0,0.166666667,0.383482494,0.0,0.0,0.0,0.0
05_01_04.bmp,1.9444444444444444,0.166666667,0.383482494,0.833333333,0.383482494,0.111111111,0.323380833,0.055555556,0.23570226,0.0,0.0,0.111111111,0.323380833,0.0,0.0
28_06_02.bmp,2.6666666666666665,0.333333333,0.48507125,0.666666667,0.48507125,0.277777778,0.460888599,0.0,0.0,0.222222222,0.427792632,0.111111111,0.323380833,0.055555556,0.23570226
1106.jpg,2.6666666666666665,0.055555556,0.23570226,0.5,0.514495755,0.555555556,0.511309993,0.055555556,0.23570226,0.055555556,0.23570226,0.0,0.0,0.055555556,0.23570226
35_18_02.bmp,2.111111111111111,0.111111111,0.323380833,0.722222222,0.460888599,0.055555556,0.23570226,0.055555556,0.23570226,0.055555556,0.23570226,0.0,0.0,0.055555556,0.23570226
21_11_04.bmp,2.4444444444444446,0.833333333,0.383482494,0.222222222,0.427792632,0.0,0.0,0.055555556,0.23570226,0.055555556,0.23570226,0.055555556,0.23570226,0.055555556,0.23570226
18_12_03.bmp,2.5,0.722222222,0.460888599,0.388888889,0.501631326,0.166666667,0.383482494,0.0,0.0,0.0,0.0,0.055555556,0.23570226,0.055555556,0.23570226
05_13_02.bmp,3.1666666666666665,0.166666667,0.383482494,0.333333333,0.48507125,0.222222222,0.427792632,0.0,0.0,0.0,0.0,0.055555556,0.23570226,0.055555556,0.23570226
08_07_03.bmp,2.4444444444444446,0.277777778,0.460888599,0.777777778,0.427792632,0.0,0.0,0.055555556,0.23570226,0.055555556,0.23570226,0.055555556,0.23570226,0.0,0.0
09_15_04.bmp,3.2222222222222223,0.222222222,0.427792632,0.388888889,0.501631326,0.222222222,0.427792632,0.111111111,0.323380833,0.111111111,0.323380833,0.055555556,0.23570226,0.0,0.0
28_11_01.bmp,3.2222222222222223,0.333333333,0.48507125,0.277777778,0.460888599,0.166666667,0.383482494,0.0,0.0,0.222222222,0.427792632,0.055555556,0.23570226,0.0,0.0
29_04_02.bmp,2.6666666666666665,0.388888889,0.501631326,0.222222222,0.427792632,0.277777778,0.460888599,0.055555556,0.23570226,0.111111111,0.323380833,0.222222222,0.427792632,0.055555556,0.23570226
07_01_04.bmp,1.8888888888888888,0.0,0.0,0.944444444,0.23570226,0.222222222,0.427792632,0.0,0.0,0.111111111,0.323380833,0.055555556,0.23570226,0.0,0.0
36_05_04.bmp,2.0,0.222222222,0.427792632,0.888888889,0.323380833,0.166666667,0.383482494,0.0,0.0,0.0,0.0,0.0,0.0,0.111111111,0.323380833
01314.jpg,3.333333333333333,0.444444444,0.511309993,0.5,0.514495755,0.0,0.0,0.0,0.0,0.388888889,0.501631326,0.055555556,0.23570226,0.0,0.0
29_14_03.bmp,2.1666666666666665,0.111111111,0.323380833,0.333333333,0.48507125,0.055555556,0.23570226,0.722222222,0.460888599,0.111111111,0.323380833,0.111111111,0.323380833,0.055555556,0.23570226
24_22_03.bmp,2.388888888888889,0.222222222,0.427792632,0.777777778,0.427792632,0.0,0.0,0.0,0.0,0.055555556,0.23570226,0.0,0.0,0.0,0.0
20_03_03.bmp,2.5,0.0,0.0,0.833333333,0.383482494,0.111111111,0.323380833,0.0,0.0,0.111111111,0.323380833,0.111111111,0.323380833,0.0,0.0
01359.jpg,3.2222222222222223,0.111111111,0.323380833,0.666666667,0.48507125,0.166666667,0.383482494,0.055555556,0.23570226,0.0,0.0,0.055555556,0.23570226,0.055555556,0.23570226
17_03_04.bmp,2.4444444444444446,0.111111111,0.323380833,0.722222222,0.460888599,0.055555556,0.23570226,0.0,0.0,0.166666667,0.383482494,0.0,0.0,0.0,0.0
33_24_02.bmp,3.2777777777777777,0.055555556,0.23570226,0.5,0.514495755,0.055555556,0.23570226,0.055555556,0.23570226,0.444444444,0.511309993,0.0,0.0,0.055555556,0.23570226
20_04_04.bmp,2.2222222222222223,0.333333333,0.48507125,0.277777778,0.460888599,0.166666667,0.383482494,0.0,0.0,0.111111111,0.323380833,0.333333333,0.48507125,0.0,0.0
0253.jpg,1.2222222222222223,0.166666667,0.383482494,0.444444444,0.511309993,0.0,0.0,0.888888889,0.323380833,0.0,0.0,0.0,0.0,0.055555556,0.23570226
30_16_04.bmp,2.2222222222222223,0.166666667,0.383482494,0.833333333,0.383482494,0.0,0.0,0.055555556,0.23570226,0.277777778,0.460888599,0.055555556,0.23570226,0.0,0.0
18_23_05.bmp,2.0,0.055555556,0.23570226,0.277777778,0.460888599,0.055555556,0.23570226,0.722222222,0.460888599,0.0,0.0,0.055555556,0.23570226,0.166666667,0.383482494
19_13_04.bmp,2.4444444444444446,0.0,0.0,0.166666667,0.383482494,0.833333333,0.383482494,0.0,0.0,0.055555556,0.23570226,0.111111111,0.323380833,0.055555556,0.23570226
30_04_01.bmp,3.555555555555556,0.166666667,0.383482494,0.388888889,0.501631326,0.0,0.0,0.0,0.0,0.333333333,0.48507125,0.055555556,0.23570226,0.0,0.0
20_23_04.bmp,2.1666666666666665,0.0,0.0,0.222222222,0.427792632,0.055555556,0.23570226,0.722222222,0.460888599,0.111111111,0.323380833,0.0,0.0,0.111111111,0.323380833
0854.jpg,3.6666666666666665,0.111111111,0.323380833,0.444444444,0.511309993,0.055555556,0.23570226,0.0,0.0,0.111111111,0.323380833,0.0,0.0,0.0,0.0
0528.jpg,3.388888888888889,0.111111111,0.323380833,0.444444444,0.511309993,0.0,0.0,0.333333333,0.48507125,0.5,0.514495755,0.0,0.0,0.0,0.0
01449.jpg,3.611111111111111,0.055555556,0.23570226,0.5,0.514495755,0.166666667,0.383482494,0.0,0.0,0.055555556,0.23570226,0.0,0.0,0.0,0.0
0556.jpg,2.7222222222222223,0.166666667,0.383482494,0.388888889,0.501631326,0.0,0.0,0.111111111,0.323380833,0.722222222,0.460888599,0.0,0.0,0.0,0.0
11_12_05.bmp,2.055555555555556,0.833333333,0.383482494,0.333333333,0.48507125,0.055555556,0.23570226,0.111111111,0.323380833,0.277777778,0.460888599,0.055555556,0.23570226,0.0,0.0
0962.jpg,3.388888888888889,0.111111111,0.323380833,0.166666667,0.383482494,0.0,0.0,0.666666667,0.48507125,0.111111111,0.323380833,0.055555556,0.23570226,0.0,0.0
15_13_01.bmp,3.555555555555556,0.111111111,0.323380833,0.222222222,0.427792632,0.222222222,0.427792632,0.055555556,0.23570226,0.222222222,0.427792632,0.0,0.0,0.055555556,0.23570226
14_25_02.bmp,2.611111111111111,0.111111111,0.323380833,0.166666667,0.383482494,0.055555556,0.23570226,0.055555556,0.23570226,0.0,0.0,0.055555556,0.23570226,0.944444444,0.23570226
06_10_02.bmp,3.1666666666666665,0.666666667,0.48507125,0.166666667,0.383482494,0.111111111,0.323380833,0.055555556,0.23570226,0.111111111,0.323380833,0.055555556,0.23570226,0.055555556,0.23570226
09_16_03.bmp,2.9444444444444446,0.111111111,0.323380833,0.555555556,0.511309993,0.055555556,0.23570226,0.0,0.0,0.166666667,0.383482494,0.0,0.0,0.0,0.0
35_10_01.bmp,3.0,0.5,0.514495755,0.5,0.514495755,0.055555556,0.23570226,0.055555556,0.23570226,0.0,0.0,0.0,0.0,0.055555556,0.23570226
30_12_04.bmp,2.7222222222222223,0.666666667,0.48507125,0.222222222,0.427792632,0.0,0.0,0.0,0.0,0.277777778,0.460888599,0.055555556,0.23570226,0.0,0.0
19_18_05.bmp,1.7222222222222223,0.111111111,0.323380833,0.722222222,0.460888599,0.055555556,0.23570226,0.0,0.0,0.166666667,0.383482494,0.111111111,0.323380833,0.111111111,0.323380833
01430.jpg,3.9444444444444446,0.111111111,0.323380833,0.444444444,0.511309993,0.111111111,0.323380833,0.055555556,0.23570226,0.055555556,0.23570226,0.0,0.0,0.166666667,0.383482494
21_03_03.bmp,2.4444444444444446,0.055555556,0.23570226,0.833333333,0.383482494,0.055555556,0.23570226,0.055555556,0.23570226,0.0,0.0,0.0,0.0,0.055555556,0.23570226
35_15_03.bmp,2.555555555555556,0.055555556,0.23570226,0.611111111,0.501631326,0.277777778,0.460888599,0.055555556,0.23570226,0.0,0.0,0.0,0.0,0.055555556,0.23570226
07_13_01.bmp,3.333333333333333,0.222222222,0.427792632,0.444444444,0.511309993,0.166666667,0.383482494,0.055555556,0.23570226,0.111111111,0.323380833,0.0,0.0,0.055555556,0.23570226
28_13_01.bmp,3.111111111111111,0.055555556,0.23570226,0.388888889,0.501631326,0.333333333,0.48507125,0.0,0.0,0.111111111,0.323380833,0.055555556,0.23570226,0.0,0.0
37_19_01.bmp,3.555555555555556,0.055555556,0.23570226,0.555555556,0.511309993,0.055555556,0.23570226,0.0,0.0,0.111111111,0.323380833,0.055555556,0.23570226,0.0,0.0
05_09_01.bmp,2.833333333333333,0.666666667,0.48507125,0.5,0.514495755,0.055555556,0.23570226,0.0,0.0,0.0,0.0,0.111111111,0.323380833,0.055555556,0.23570226
23_11_04.bmp,2.1666666666666665,0.833333333,0.383482494,0.277777778,0.460888599,0.0,0.0,0.0,0.0,0.333333333,0.48507125,0.055555556,0.23570226,0.0,0.0
26_12_03.bmp,3.2222222222222223,0.555555556,0.511309993,0.166666667,0.383482494,0.055555556,0.23570226,0.0,0.0,0.055555556,0.23570226,0.055555556,0.23570226,0.0,0.0
32_05_02.bmp,2.5,0.166666667,0.383482494,0.666666667,0.48507125,0.111111111,0.323380833,0.111111111,0.323380833,0.444444444,0.511309993,0.055555556,0.23570226,0.0,0.0
37_12_02.bmp,3.333333333333333,0.611111111,0.501631326,0.444444444,0.511309993,0.0,0.0,0.0,0.0,0.111111111,0.323380833,0.055555556,0.23570226,0.055555556,0.23570226
14_19_04.bmp,2.1666666666666665,0.333333333,0.48507125,0.444444444,0.511309993,0.444444444,0.511309993,0.0,0.0,0.0,0.0,0.055555556,0.23570226,0.055555556,0.23570226
03_08_02.bmp,3.555555555555556,0.166666667,0.383482494,0.277777778,0.460888599,0.055555556,0.23570226,0.055555556,0.23570226,0.111111111,0.323380833,0.0,0.0,0.055555556,0.23570226
28_22_05.bmp,1.7777777777777777,0.166666667,0.383482494,0.777777778,0.427792632,0.111111111,0.323380833,0.055555556,0.23570226,0.222222222,0.427792632,0.0,0.0,0.0,0.0
17_15_03.bmp,3.111111111111111,0.0,0.0,0.388888889,0.501631326,0.222222222,0.427792632,0.111111111,0.323380833,0.166666667,0.383482494,0.111111111,0.323380833,0.055555556,0.23570226
01312.jpg,2.0,0.5,0.514495755,0.777777778,0.427792632,0.055555556,0.23570226,0.055555556,0.23570226,0.055555556,0.23570226,0.0,0.0,0.0,0.0
0559.jpg,2.7222222222222223,0.111111111,0.323380833,0.444444444,0.511309993,0.0,0.0,0.055555556,0.23570226,0.722222222,0.460888599,0.0,0.0,0.0,0.0
01347.jpg,3.055555555555556,0.055555556,0.23570226,0.666666667,0.48507125,0.111111111,0.323380833,0.055555556,0.23570226,0.0,0.0,0.0,0.0,0.166666667,0.383482494
18_21_05.bmp,1.5,0.277777778,0.460888599,0.222222222,0.427792632,0.055555556,0.23570226,0.611111111,0.501631326,0.055555556,0.23570226,0.055555556,0.23570226,0.055555556,0.23570226
07_20_05.bmp,1.6111111111111112,0.777777778,0.427792632,0.444444444,0.511309993,0.277777778,0.460888599,0.111111111,0.323380833,0.055555556,0.23570226,0.055555556,0.23570226,0.0,0.0
0719.jpg,3.5,0.055555556,0.23570226,0.277777778,0.460888599,0.0,0.0,0.0,0.0,0.333333333,0.48507125,0.111111111,0.323380833,0.055555556,0.23570226
28_01_02.bmp,3.1666666666666665,0.055555556,0.23570226,0.611111111,0.501631326,0.111111111,0.323380833,0.0,0.0,0.166666667,0.383482494,0.055555556,0.23570226,0.055555556,0.23570226
03_11_03.bmp,2.888888888888889,0.666666667,0.48507125,0.111111111,0.323380833,0.0,0.0,0.055555556,0.23570226,0.166666667,0.383482494,0.111111111,0.323380833,0.055555556,0.23570226
09_23_03.bmp,2.7777777777777777,0.055555556,0.23570226,0.166666667,0.383482494,0.055555556,0.23570226,0.777777778,0.427792632,0.111111111,0.323380833,0.0,0.0,0.0,0.0
06_17_03.bmp,2.5,0.166666667,0.383482494,0.444444444,0.511309993,0.055555556,0.23570226,0.0,0.0,0.055555556,0.23570226,0.333333333,0.48507125,0.333333333,0.48507125
01268.jpg,3.4444444444444446,0.055555556,0.23570226,0.611111111,0.501631326,0.0,0.0,0.111111111,0.323380833,0.5,0.514495755,0.0,0.0,0.111111111,0.323380833
24_14_03.bmp,2.7222222222222223,0.055555556,0.23570226,0.222222222,0.427792632,0.055555556,0.23570226,0.722222222,0.460888599,0.0,0.0,0.0,0.0,0.055555556,0.23570226
06_24_03.bmp,2.1666666666666665,0.055555556,0.23570226,0.777777778,0.427792632,0.222222222,0.427792632,0.0,0.0,0.0,0.0,0.055555556,0.23570226,0.0,0.0
37_05_02.bmp,3.333333333333333,0.222222222,0.427792632,0.722222222,0.460888599,0.055555556,0.23570226,0.055555556,0.23570226,0.055555556,0.23570226,0.055555556,0.23570226,0.0,0.0
25_20_05.bmp,1.7777777777777777,0.722222222,0.460888599,0.444444444,0.511309993,0.277777778,0.460888599,0.166666667,0.383482494,0.222222222,0.427792632,0.055555556,0.23570226,0.0,0.0
27_04_05.bmp,2.0,0.277777778,0.460888599,0.444444444,0.511309993,0.166666667,0.383482494,0.055555556,0.23570226,0.333333333,0.48507125,0.166666667,0.383482494,0.055555556,0.23570226
0893.jpg,3.888888888888889,0.055555556,0.23570226,0.5,0.514495755,0.0,0.0,0.0,0.0,0.166666667,0.383482494,0.0,0.0,0.0,0.0
18_16_04.bmp,1.8888888888888888,0.222222222,0.427792632,0.777777778,0.427792632,0.0,0.0,0.0,0.0,0.055555556,0.23570226,0.0,0.0,0.0,0.0
17_10_02.bmp,2.611111111111111,0.722222222,0.460888599,0.222222222,0.427792632,0.055555556,0.23570226,0.055555556,0.23570226,0.222222222,0.427792632,0.111111111,0.323380833,0.0,0.0
01_18_02.bmp,2.333333333333333,0.111111111,0.323380833,0.722222222,0.460888599,0.166666667,0.383482494,0.0,0.0,0.055555556,0.23570226,0.0,0.0,0.111111111,0.323380833
06_06_02.bmp,2.9444444444444446,0.5,0.514495755,0.166666667,0.383482494,0.166666667,0.383482494,0.055555556,0.23570226,0.0,0.0,0.222222222,0.427792632,0.055555556,0.23570226
33_02_04.bmp,1.9444444444444444,0.055555556,0.23570226,0.888888889,0.323380833,0.0,0.0,0.0,0.0,0.444444444,0.511309993,0.0,0.0,0.0,0.0
36_13_05.bmp,2.055555555555556,0.111111111,0.323380833,0.444444444,0.511309993,0.833333333,0.383482494,0.0,0.0,0.0,0.0,0.055555556,0.23570226,0.0,0.0
0747.jpg,3.333333333333333,0.055555556,0.23570226,0.5,0.514495755,0.0,0.0,0.055555556,0.23570226,0.055555556,0.23570226,0.055555556,0.23570226,0.055555556,0.23570226
0823.jpg,3.1666666666666665,0.055555556,0.23570226,0.555555556,0.511309993,0.0,0.0,0.0,0.0,0.166666667,0.383482494,0.111111111,0.323380833,0.0,0.0
07_14_03.bmp,3.1666666666666665,0.333333333,0.48507125,0.388888889,0.501631326,0.111111111,0.323380833,0.222222222,0.427792632,0.111111111,0.323380833,0.111111111,0.323380833,0.055555556,0.23570226
04_04_03.bmp,3.0,0.166666667,0.383482494,0.5,0.514495755,0.055555556,0.23570226,0.0,0.0,0.166666667,0.383482494,0.333333333,0.48507125,0.0,0.0
0497.jpg,2.888888888888889,0.055555556,0.23570226,0.5,0.514495755,0.0,0.0,0.5,0.514495755,0.666666667,0.48507125,0.055555556,0.23570226,0.055555556,0.23570226
03_12_02.bmp,3.055555555555556,0.611111111,0.501631326,0.166666667,0.383482494,0.055555556,0.23570226,0.0,0.0,0.166666667,0.383482494,0.111111111,0.323380833,0.111111111,0.323380833
0498.jpg,2.388888888888889,0.111111111,0.323380833,0.444444444,0.511309993,0.0,0.0,0.5,0.514495755,0.666666667,0.48507125,0.055555556,0.23570226,0.0,0.0
13_15_03.bmp,3.611111111111111,0.111111111,0.323380833,0.166666667,0.383482494,0.277777778,0.460888599,0.0,0.0,0.166666667,0.383482494,0.055555556,0.23570226,0.055555556,0.23570226
26_02_02.bmp,3.611111111111111,0.055555556,0.23570226,0.5,0.514495755,0.055555556,0.23570226,0.0,0.0,0.111111111,0.323380833,0.055555556,0.23570226,0.0,0.0
08_14_05.bmp,1.4444444444444444,0.055555556,0.23570226,0.166666667,0.383482494,0.111111111,0.323380833,0.888888889,0.323380833,0.055555556,0.23570226,0.055555556,0.23570226,0.055555556,0.23570226
25_16_05.bmp,1.3333333333333333,0.166666667,0.383482494,0.888888889,0.323380833,0.055555556,0.23570226,0.055555556,0.23570226,0.111111111,0.323380833,0.0,0.0,0.0,0.0
33_22_04.bmp,2.333333333333333,0.166666667,0.383482494,0.777777778,0.427792632,0.055555556,0.23570226,0.0,0.0,0.388888889,0.501631326,0.0,0.0,0.0,0.0
10_10_05.bmp,2.111111111111111,0.888888889,0.323380833,0.388888889,0.501631326,0.0,0.0,0.0,0.0,0.333333333,0.48507125,0.111111111,0.323380833,0.055555556,0.23570226
13_18_03.bmp,2.5,0.0,0.0,0.722222222,0.460888599,0.055555556,0.23570226,0.0,0.0,0.277777778,0.460888599,0.055555556,0.23570226,0.111111111,0.323380833
33_16_01.bmp,3.2222222222222223,0.055555556,0.23570226,0.5,0.514495755,0.111111111,0.323380833,0.111111111,0.323380833,0.388888889,0.501631326,0.0,0.0,0.0,0.0
04_15_05.bmp,3.111111111111111,0.111111111,0.323380833,0.611111111,0.501631326,0.111111111,0.323380833,0.166666667,0.383482494,0.166666667,0.383482494,0.111111111,0.323380833,0.0,0.0
22_04_04.bmp,2.2777777777777777,0.444444444,0.511309993,0.444444444,0.511309993,0.166666667,0.383482494,0.0,0.0,0.111111111,0.323380833,0.222222222,0.427792632,0.0,0.0
25_17_02.bmp,2.555555555555556,0.055555556,0.23570226,0.444444444,0.511309993,0.055555556,0.23570226,0.0,0.0,0.222222222,0.427792632,0.277777778,0.460888599,0.222222222,0.427792632
07_21_04.bmp,2.833333333333333,0.277777778,0.460888599,0.555555556,0.511309993,0.0,0.0,0.333333333,0.48507125,0.055555556,0.23570226,0.055555556,0.23570226,0.0,0.0
13_25_04.bmp,2.2777777777777777,0.055555556,0.23570226,0.055555556,0.23570226,0.111111111,0.323380833,0.0,0.0,0.111111111,0.323380833,0.0,0.0,0.888888889,0.323380833
0306.jpg,2.388888888888889,0.055555556,0.23570226,0.944444444,0.23570226,0.055555556,0.23570226,0.222222222,0.427792632,0.222222222,0.427792632,0.055555556,0.23570226,0.0,0.0
35_05_03.bmp,1.8888888888888888,0.388888889,0.501631326,0.833333333,0.383482494,0.055555556,0.23570226,0.055555556,0.23570226,0.0,0.0,0.0,0.0,0.055555556,0.23570226
01201.jpg,2.611111111111111,0.222222222,0.427792632,0.888888889,0.323380833,0.055555556,0.23570226,0.055555556,0.23570226,0.666666667,0.48507125,0.0,0.0,0.0,0.0
07_23_05.bmp,2.055555555555556,0.111111111,0.323380833,0.333333333,0.48507125,0.0,0.0,0.833333333,0.383482494,0.0,0.0,0.055555556,0.23570226,0.0,0.0
19_25_01.bmp,3.0,0.055555556,0.23570226,0.0,0.0,0.111111111,0.323380833,0.0,0.0,0.055555556,0.23570226,0.055555556,0.23570226,0.944444444,0.23570226
36_19_02.bmp,3.333333333333333,0.055555556,0.23570226,0.611111111,0.501631326,0.166666667,0.383482494,0.055555556,0.23570226,0.0,0.0,0.0,0.0,0.055555556,0.23570226
0617.jpg,2.9444444444444446,0.111111111,0.323380833,0.5,0.514495755,0.0,0.0,0.166666667,0.383482494,0.222222222,0.427792632,0.055555556,0.23570226,0.055555556,0.23570226
32_02_01.bmp,2.7777777777777777,0.055555556,0.23570226,0.5,0.514495755,0.222222222,0.427792632,0.055555556,0.23570226,0.5,0.514495755,0.055555556,0.23570226,0.0,0.0
31_19_03.bmp,2.7777777777777777,0.277777778,0.460888599,0.555555556,0.511309993,0.333333333,0.48507125,0.0,0.0,0.166666667,0.383482494,0.055555556,0.23570226,0.055555556,0.23570226
01480.jpg,3.6666666666666665,0.055555556,0.23570226,0.666666667,0.48507125,0.111111111,0.323380833,0.055555556,0.23570226,0.0,0.0,0.0,0.0,0.055555556,0.23570226
1135.jpg,2.833333333333333,0.055555556,0.23570226,0.444444444,0.511309993,0.055555556,0.23570226,0.0,0.0,0.333333333,0.48507125,0.444444444,0.511309993,0.0,0.0
24_13_03.bmp,2.833333333333333,0.055555556,0.23570226,0.333333333,0.48507125,0.5,0.514495755,0.0,0.0,0.0,0.0,0.0,0.0,0.0,0.0
37_02_04.bmp,1.8333333333333333,0.0,0.0,0.944444444,0.23570226,0.055555556,0.23570226,0.0,0.0,0.111111111,0.323380833,0.0,0.0,0.0,0.0
0865.jpg,3.611111111111111,0.0,0.0,0.5,0.514495755,0.0,0.0,0.055555556,0.23570226,0.166666667,0.383482494,0.055555556,0.23570226,0.0,0.0
10_02_04.bmp,1.6111111111111112,0.055555556,0.23570226,0.833333333,0.383482494,0.0,0.0,0.055555556,0.23570226,0.388888889,0.501631326,0.166666667,0.383482494,0.0,0.0
1041.jpg,3.2777777777777777,0.0,0.0,0.555555556,0.511309993,0.0,0.0,0.5,0.514495755,0.111111111,0.323380833,0.055555556,0.23570226,0.0,0.0
20_11_02.bmp,2.9444444444444446,0.666666667,0.48507125,0.277777778,0.460888599,0.111111111,0.323380833,0.0,0.0,0.111111111,0.323380833,0.0,0.0,0.0,0.0
24_16_03.bmp,2.7777777777777777,0.111111111,0.323380833,0.722222222,0.460888599,0.111111111,0.323380833,0.055555556,0.23570226,0.055555556,0.23570226,0.0,0.0,0.0,0.0
01298.jpg,3.0,0.333333333,0.48507125,0.666666667,0.48507125,0.0,0.0,0.166666667,0.383482494,0.555555556,0.511309993,0.0,0.0,0.0,0.0
0087.jpg,1.5555555555555556,0.055555556,0.23570226,0.722222222,0.460888599,0.944444444,0.23570226,0.0,0.0,0.055555556,0.23570226,0.055555556,0.23570226,0.055555556,0.23570226
17_25_04.bmp,2.1666666666666665,0.0,0.0,0.055555556,0.23570226,0.055555556,0.23570226,0.055555556,0.23570226,0.166666667,0.383482494,0.055555556,0.23570226,0.777777778,0.427792632
36_11_02.bmp,2.9444444444444446,0.722222222,0.460888599,0.388888889,0.501631326,0.111111111,0.323380833,0.055555556,0.23570226,0.0,0.0,0.055555556,0.23570226,0.111111111,0.323380833
06_11_04.bmp,2.4444444444444446,0.722222222,0.460888599,0.222222222,0.427792632,0.055555556,0.23570226,0.055555556,0.23570226,0.055555556,0.23570226,0.111111111,0.323380833,0.0,0.0
16_12_01.bmp,3.4444444444444446,0.222222222,0.427792632,0.166666667,0.383482494,0.0,0.0,0.0,0.0,0.333333333,0.48507125,0.333333333,0.48507125,0.0,0.0
21_01_04.bmp,2.111111111111111,0.0,0.0,0.944444444,0.23570226,0.055555556,0.23570226,0.0,0.0,0.0,0.0,0.0,0.0,0.0,0.0
27_06_03.bmp,2.5,0.222222222,0.427792632,0.444444444,0.511309993,0.222222222,0.427792632,0.0,0.0,0.388888889,0.501631326,0.222222222,0.427792632,0.055555556,0.23570226
12_21_01.bmp,3.0,0.055555556,0.23570226,0.111111111,0.323380833,0.777777778,0.427792632,0.0,0.0,0.0,0.0,0.0,0.0,0.0,0.0
20_14_05.bmp,1.9444444444444444,0.055555556,0.23570226,0.277777778,0.460888599,0.055555556,0.23570226,0.777777778,0.427792632,0.111111111,0.323380833,0.055555556,0.23570226,0.0,0.0
25_06_05.bmp,1.6111111111111112,0.333333333,0.48507125,0.333333333,0.48507125,0.388888889,0.501631326,0.0,0.0,0.111111111,0.323380833,0.055555556,0.23570226,0.055555556,0.23570226
06_12_03.bmp,2.833333333333333,0.722222222,0.460888599,0.166666667,0.383482494,0.055555556,0.23570226,0.0,0.0,0.055555556,0.23570226,0.111111111,0.323380833,0.055555556,0.23570226
29_23_04.bmp,2.2222222222222223,0.111111111,0.323380833,0.222222222,0.427792632,0.0,0.0,0.666666667,0.48507125,0.111111111,0.323380833,0.111111111,0.323380833,0.166666667,0.383482494
0187.jpg,3.611111111111111,0.055555556,0.23570226,0.166666667,0.383482494,0.666666667,0.48507125,0.0,0.0,0.222222222,0.427792632,0.0,0.0,0.055555556,0.23570226
21_24_02.bmp,2.555555555555556,0.222222222,0.427792632,0.833333333,0.383482494,0.0,0.0,0.0,0.0,0.0,0.0,0.055555556,0.23570226,0.055555556,0.23570226
0594.jpg,3.4444444444444446,0.055555556,0.23570226,0.222222222,0.427792632,0.0,0.0,0.222222222,0.427792632,0.444444444,0.511309993,0.111111111,0.323380833,0.055555556,0.23570226
32_20_01.bmp,2.388888888888889,0.5,0.514495755,0.444444444,0.511309993,0.166666667,0.383482494,0.055555556,0.23570226,0.388888889,0.501631326,0.0,0.0,0.055555556,0.23570226
28_10_05.bmp,2.111111111111111,0.777777778,0.427792632,0.277777778,0.460888599,0.055555556,0.23570226,0.0,0.0,0.222222222,0.427792632,0.111111111,0.323380833,0.055555556,0.23570226
29_14_02.bmp,2.611111111111111,0.055555556,0.23570226,0.5,0.514495755,0.055555556,0.23570226,0.555555556,0.511309993,0.166666667,0.383482494,0.111111111,0.323380833,0.055555556,0.23570226
34_03_01.bmp,3.4444444444444446,0.111111111,0.323380833,0.388888889,0.501631326,0.222222222,0.427792632,0.0,0.0,0.055555556,0.23570226,0.0,0.0,0.111111111,0.323380833
18_16_02.bmp,2.9444444444444446,0.222222222,0.427792632,0.444444444,0.511309993,0.111111111,0.323380833,0.111111111,0.323380833,0.0,0.0,0.055555556,0.23570226,0.055555556,0.23570226
0664.jpg,3.388888888888889,0.111111111,0.323380833,0.611111111,0.501631326,0.0,0.0,0.111111111,0.323380833,0.055555556,0.23570226,0.0,0.0,0.055555556,0.23570226
21_13_01.bmp,3.7777777777777777,0.166666667,0.383482494,0.333333333,0.48507125,0.055555556,0.23570226,0.0,0.0,0.0,0.0,0.0,0.0,0.111111111,0.323380833
0505.jpg,2.888888888888889,0.055555556,0.23570226,0.444444444,0.511309993,0.0,0.0,0.666666667,0.48507125,0.777777778,0.427792632,0.055555556,0.23570226,0.055555556,0.23570226
0552.jpg,2.7777777777777777,0.055555556,0.23570226,0.388888889,0.501631326,0.0,0.0,0.055555556,0.23570226,0.777777778,0.427792632,0.055555556,0.23570226,0.055555556,0.23570226
27_11_02.bmp,2.9444444444444446,0.611111111,0.501631326,0.166666667,0.383482494,0.055555556,0.23570226,0.0,0.0,0.444444444,0.511309993,0.111111111,0.323380833,0.111111111,0.323380833
0394.jpg,2.555555555555556,0.111111111,0.323380833,0.833333333,0.383482494,0.0,0.0,0.166666667,0.383482494,0.0,0.0,0.0,0.0,0.111111111,0.323380833
36_12_05.bmp,2.1666666666666665,0.888888889,0.323380833,0.444444444,0.511309993,0.055555556,0.23570226,0.0,0.0,0.111111111,0.323380833,0.0,0.0,0.0,0.0
24_05_03.bmp,2.555555555555556,0.111111111,0.323380833,0.777777778,0.427792632,0.055555556,0.23570226,0.055555556,0.23570226,0.055555556,0.23570226,0.0,0.0,0.0,0.0
05_13_03.bmp,3.055555555555556,0.166666667,0.383482494,0.277777778,0.460888599,0.555555556,0.511309993,0.0,0.0,0.0,0.0,0.055555556,0.23570226,0.111111111,0.323380833
0365.jpg,2.055555555555556,0.055555556,0.23570226,0.888888889,0.323380833,0.0,0.0,0.055555556,0.23570226,0.111111111,0.323380833,0.055555556,0.23570226,0.0,0.0
15_21_03.bmp,2.888888888888889,0.111111111,0.323380833,0.166666667,0.383482494,0.666666667,0.48507125,0.0,0.0,0.166666667,0.383482494,0.0,0.0,0.055555556,0.23570226
27_15_05.bmp,2.1666666666666665,0.111111111,0.323380833,0.388888889,0.501631326,0.055555556,0.23570226,0.888888889,0.323380833,0.277777778,0.460888599,0.111111111,0.323380833,0.0,0.0
11_12_01.bmp,3.111111111111111,0.222222222,0.427792632,0.388888889,0.501631326,0.0,0.0,0.055555556,0.23570226,0.277777778,0.460888599,0.111111111,0.323380833,0.0,0.0
34_02_01.bmp,3.2222222222222223,0.0,0.0,0.555555556,0.511309993,0.111111111,0.323380833,0.055555556,0.23570226,0.055555556,0.23570226,0.055555556,0.23570226,0.055555556,0.23570226
37_07_04.bmp,1.8333333333333333,0.111111111,0.323380833,0.888888889,0.323380833,0.0,0.0,0.055555556,0.23570226,0.055555556,0.23570226,0.055555556,0.23570226,0.055555556,0.23570226
24_18_05.bmp,1.4444444444444444,0.0,0.0,0.777777778,0.427792632,0.055555556,0.23570226,0.055555556,0.23570226,0.0,0.0,0.0,0.0,0.0,0.0
08_20_04.bmp,1.9444444444444444,0.555555556,0.511309993,0.166666667,0.383482494,0.277777778,0.460888599,0.277777778,0.460888599,0.111111111,0.323380833,0.111111111,0.323380833,0.0,0.0
29_14_01.bmp,2.9444444444444446,0.111111111,0.323380833,0.388888889,0.501631326,0.0,0.0,0.388888889,0.501631326,0.166666667,0.383482494,0.111111111,0.323380833,0.111111111,0.323380833
08_15_05.bmp,2.388888888888889,0.111111111,0.323380833,0.222222222,0.427792632,0.055555556,0.23570226,0.888888889,0.323380833,0.0,0.0,0.055555556,0.23570226,0.0,0.0
17_17_03.bmp,2.4444444444444446,0.055555556,0.23570226,0.444444444,0.511309993,0.055555556,0.23570226,0.0,0.0,0.388888889,0.501631326,0.166666667,0.383482494,0.166666667,0.383482494
01272.jpg,3.4444444444444446,0.277777778,0.460888599,0.444444444,0.511309993,0.055555556,0.23570226,0.055555556,0.23570226,0.333333333,0.48507125,0.0,0.0,0.0,0.0
03_19_02.bmp,3.611111111111111,0.111111111,0.323380833,0.222222222,0.427792632,0.055555556,0.23570226,0.055555556,0.23570226,0.111111111,0.323380833,0.055555556,0.23570226,0.055555556,0.23570226
0235.jpg,1.9444444444444444,0.111111111,0.323380833,0.333333333,0.48507125,0.0,0.0,0.833333333,0.383482494,0.055555556,0.23570226,0.0,0.0,0.055555556,0.23570226
13_17_03.bmp,2.6666666666666665,0.111111111,0.323380833,0.444444444,0.511309993,0.055555556,0.23570226,0.055555556,0.23570226,0.222222222,0.427792632,0.166666667,0.383482494,0.166666667,0.383482494
16_15_01.bmp,2.6666666666666665,0.055555556,0.23570226,0.166666667,0.383482494,0.888888889,0.323380833,0.0,0.0,0.277777778,0.460888599,0.222222222,0.427792632,0.0,0.0
03_20_04.bmp,2.111111111111111,0.611111111,0.501631326,0.055555556,0.23570226,0.333333333,0.48507125,0.111111111,0.323380833,0.166666667,0.383482494,0.055555556,0.23570226,0.0,0.0
0791.jpg,3.333333333333333,0.055555556,0.23570226,0.333333333,0.48507125,0.0,0.0,0.055555556,0.23570226,0.222222222,0.427792632,0.277777778,0.460888599,0.055555556,0.23570226
25_11_04.bmp,2.2777777777777777,0.722222222,0.460888599,0.222222222,0.427792632,0.166666667,0.383482494,0.0,0.0,0.166666667,0.383482494,0.055555556,0.23570226,0.055555556,0.23570226
29_19_05.bmp,1.8888888888888888,0.055555556,0.23570226,0.222222222,0.427792632,0.833333333,0.383482494,0.055555556,0.23570226,0.055555556,0.23570226,0.111111111,0.323380833,0.055555556,0.23570226
0757.jpg,3.888888888888889,0.111111111,0.323380833,0.333333333,0.48507125,0.0,0.0,0.0,0.0,0.166666667,0.383482494,0.055555556,0.23570226,0.055555556,0.23570226
16_24_04.bmp,1.8333333333333333,0.0,0.0,0.888888889,0.323380833,0.055555556,0.23570226,0.0,0.0,0.277777778,0.460888599,0.333333333,0.48507125,0.055555556,0.23570226
14_17_03.bmp,2.6666666666666665,0.111111111,0.323380833,0.388888889,0.501631326,0.055555556,0.23570226,0.055555556,0.23570226,0.166666667,0.383482494,0.222222222,0.427792632,0.166666667,0.383482494
26_22_04.bmp,2.2777777777777777,0.222222222,0.427792632,0.833333333,0.383482494,0.166666667,0.383482494,0.0,0.0,0.055555556,0.23570226,0.0,0.0,0.0,0.0
0745.jpg,2.9444444444444446,0.111111111,0.323380833,0.666666667,0.48507125,0.055555556,0.23570226,0.0,0.0,0.0,0.0,0.111111111,0.323380833,0.055555556,0.23570226
26_20_05.bmp,3.111111111111111,0.277777778,0.460888599,0.388888889,0.501631326,0.166666667,0.383482494,0.0,0.0,0.055555556,0.23570226,0.166666667,0.383482494,0.0,0.0
03_14_03.bmp,3.4444444444444446,0.111111111,0.323380833,0.111111111,0.323380833,0.111111111,0.323380833,0.333333333,0.48507125,0.111111111,0.323380833,0.055555556,0.23570226,0.0,0.0
13_05_01.bmp,3.4444444444444446,0.222222222,0.427792632,0.444444444,0.511309993,0.055555556,0.23570226,0.0,0.0,0.166666667,0.383482494,0.0,0.0,0.055555556,0.23570226
16_02_02.bmp,2.611111111111111,0.0,0.0,0.666666667,0.48507125,0.055555556,0.23570226,0.0,0.0,0.333333333,0.48507125,0.555555556,0.511309993,0.0,0.0
16_15_03.bmp,3.333333333333333,0.055555556,0.23570226,0.222222222,0.427792632,0.111111111,0.323380833,0.055555556,0.23570226,0.333333333,0.48507125,0.333333333,0.48507125,0.0,0.0
01341.jpg,2.6666666666666665,0.111111111,0.323380833,0.777777778,0.427792632,0.444444444,0.511309993,0.0,0.0,0.0,0.0,0.111111111,0.323380833,0.0,0.0
0889.jpg,3.888888888888889,0.222222222,0.427792632,0.444444444,0.511309993,0.0,0.0,0.0,0.0,0.166666667,0.383482494,0.055555556,0.23570226,0.0,0.0
30_24_01.bmp,3.333333333333333,0.055555556,0.23570226,0.5,0.514495755,0.0,0.0,0.111111111,0.323380833,0.166666667,0.383482494,0.055555556,0.23570226,0.055555556,0.23570226
36_08_01.bmp,3.333333333333333,0.111111111,0.323380833,0.555555556,0.511309993,0.111111111,0.323380833,0.0,0.0,0.0,0.0,0.0,0.0,0.055555556,0.23570226
0903.jpg,3.611111111111111,0.166666667,0.383482494,0.444444444,0.511309993,0.055555556,0.23570226,0.0,0.0,0.277777778,0.460888599,0.0,0.0,0.0,0.0
19_11_05.bmp,2.2777777777777777,0.833333333,0.383482494,0.222222222,0.427792632,0.055555556,0.23570226,0.055555556,0.23570226,0.166666667,0.383482494,0.111111111,0.323380833,0.0,0.0
20_03_04.bmp,1.6666666666666667,0.055555556,0.23570226,0.777777778,0.427792632,0.055555556,0.23570226,0.055555556,0.23570226,0.166666667,0.383482494,0.111111111,0.323380833,0.0,0.0
15_21_04.bmp,2.388888888888889,0.222222222,0.427792632,0.222222222,0.427792632,0.111111111,0.323380833,0.666666667,0.48507125,0.222222222,0.427792632,0.055555556,0.23570226,0.0,0.0
12_19_04.bmp,2.7777777777777777,0.111111111,0.323380833,0.222222222,0.427792632,0.722222222,0.460888599,0.111111111,0.323380833,0.0,0.0,0.0,0.0,0.0,0.0
16_07_04.bmp,1.8333333333333333,0.166666667,0.383482494,0.833333333,0.383482494,0.0,0.0,0.0,0.0,0.277777778,0.460888599,0.277777778,0.460888599,0.0,0.0
35_04_03.bmp,2.388888888888889,0.333333333,0.48507125,0.444444444,0.511309993,0.222222222,0.427792632,0.055555556,0.23570226,0.055555556,0.23570226,0.111111111,0.323380833,0.055555556,0.23570226
26_23_02.bmp,3.055555555555556,0.0,0.0,0.055555556,0.23570226,0.055555556,0.23570226,0.722222222,0.460888599,0.055555556,0.23570226,0.055555556,0.23570226,0.111111111,0.323380833
1074.jpg,3.2222222222222223,0.055555556,0.23570226,0.444444444,0.511309993,0.0,0.0,0.5,0.514495755,0.111111111,0.323380833,0.222222222,0.427792632,0.055555556,0.23570226
0959.jpg,3.388888888888889,0.055555556,0.23570226,0.111111111,0.323380833,0.0,0.0,0.722222222,0.460888599,0.166666667,0.383482494,0.055555556,0.23570226,0.0,0.0
10_02_05.bmp,1.4444444444444444,0.0,0.0,0.833333333,0.383482494,0.055555556,0.23570226,0.0,0.0,0.277777778,0.460888599,0.222222222,0.427792632,0.0,0.0
01_01_05.bmp,1.3888888888888888,0.111111111,0.323380833,0.944444444,0.23570226,0.055555556,0.23570226,0.055555556,0.23570226,0.055555556,0.23570226,0.0,0.0,0.0,0.0
0247.jpg,1.8888888888888888,0.222222222,0.427792632,0.333333333,0.48507125,0.055555556,0.23570226,0.833333333,0.383482494,0.055555556,0.23570226,0.0,0.0,0.0,0.0
01_17_04.bmp,2.111111111111111,0.166666667,0.383482494,0.611111111,0.501631326,0.111111111,0.323380833,0.0,0.0,0.333333333,0.48507125,0.055555556,0.23570226,0.277777778,0.460888599
15_03_03.bmp,2.555555555555556,0.055555556,0.23570226,0.666666667,0.48507125,0.055555556,0.23570226,0.055555556,0.23570226,0.277777778,0.460888599,0.0,0.0,0.055555556,0.23570226
02_25_04.bmp,2.388888888888889,0.111111111,0.323380833,0.055555556,0.23570226,0.0,0.0,0.055555556,0.23570226,0.222222222,0.427792632,0.111111111,0.323380833,0.888888889,0.323380833
07_07_04.bmp,1.8888888888888888,0.277777778,0.460888599,0.722222222,0.460888599,0.055555556,0.23570226,0.0,0.0,0.055555556,0.23570226,0.0,0.0,0.055555556,0.23570226
09_20_01.bmp,2.555555555555556,0.388888889,0.501631326,0.388888889,0.501631326,0.277777778,0.460888599,0.0,0.0,0.166666667,0.383482494,0.055555556,0.23570226,0.0,0.0
35_20_05.bmp,1.7222222222222223,0.555555556,0.511309993,0.555555556,0.511309993,0.222222222,0.427792632,0.166666667,0.383482494,0.0,0.0,0.0,0.0,0.0,0.0
03_15_04.bmp,3.7777777777777777,0.055555556,0.23570226,0.166666667,0.383482494,0.111111111,0.323380833,0.111111111,0.323380833,0.111111111,0.323380833,0.0,0.0,0.055555556,0.23570226
18_23_01.bmp,3.0,0.111111111,0.323380833,0.222222222,0.427792632,0.055555556,0.23570226,0.722222222,0.460888599,0.0,0.0,0.0,0.0,0.111111111,0.323380833
10_10_03.bmp,2.6666666666666665,0.722222222,0.460888599,0.388888889,0.501631326,0.0,0.0,0.055555556,0.23570226,0.277777778,0.460888599,0.111111111,0.323380833,0.055555556,0.23570226
29_08_04.bmp,2.4444444444444446,0.444444444,0.511309993,0.611111111,0.501631326,0.0,0.0,0.055555556,0.23570226,0.111111111,0.323380833,0.111111111,0.323380833,0.0,0.0
26_07_02.bmp,3.1666666666666665,0.055555556,0.23570226,0.666666667,0.48507125,0.111111111,0.323380833,0.0,0.0,0.055555556,0.23570226,0.0,0.0,0.055555556,0.23570226
32_14_02.bmp,2.5,0.0,0.0,0.277777778,0.460888599,0.055555556,0.23570226,0.722222222,0.460888599,0.277777778,0.460888599,0.111111111,0.323380833,0.055555556,0.23570226
02_23_01.bmp,2.9444444444444446,0.111111111,0.323380833,0.111111111,0.323380833,0.0,0.0,0.777777778,0.427792632,0.333333333,0.48507125,0.111111111,0.323380833,0.0,0.0
30_11_01.bmp,3.4444444444444446,0.444444444,0.511309993,0.166666667,0.383482494,0.0,0.0,0.055555556,0.23570226,0.277777778,0.460888599,0.0,0.0,0.0,0.0
21_13_05.bmp,2.2777777777777777,0.055555556,0.23570226,0.277777778,0.460888599,0.833333333,0.383482494,0.0,0.0,0.055555556,0.23570226,0.0,0.0,0.111111111,0.323380833
36_22_03.bmp,2.111111111111111,0.111111111,0.323380833,0.777777778,0.427792632,0.166666667,0.383482494,0.0,0.0,0.0,0.0,0.0,0.0,0.055555556,0.23570226
0632.jpg,3.333333333333333,0.055555556,0.23570226,0.444444444,0.511309993,0.055555556,0.23570226,0.166666667,0.383482494,0.111111111,0.323380833,0.0,0.0,0.055555556,0.23570226
07_14_01.bmp,3.2777777777777777,0.222222222,0.427792632,0.388888889,0.501631326,0.166666667,0.383482494,0.055555556,0.23570226,0.166666667,0.383482494,0.0,0.0,0.055555556,0.23570226
07_06_01.bmp,3.0,0.277777778,0.460888599,0.555555556,0.511309993,0.055555556,0.23570226,0.0,0.0,0.055555556,0.23570226,0.111111111,0.323380833,0.055555556,0.23570226
0871.jpg,3.6666666666666665,0.055555556,0.23570226,0.388888889,0.501631326,0.0,0.0,0.055555556,0.23570226,0.277777778,0.460888599,0.0,0.0,0.0,0.0
1067.jpg,3.333333333333333,0.111111111,0.323380833,0.444444444,0.511309993,0.055555556,0.23570226,0.277777778,0.460888599,0.111111111,0.323380833,0.055555556,0.23570226,0.055555556,0.23570226
18_15_01.bmp,1.8333333333333333,0.055555556,0.23570226,0.166666667,0.383482494,0.888888889,0.323380833,0.055555556,0.23570226,0.055555556,0.23570226,0.055555556,0.23570226,0.055555556,0.23570226
33_16_02.bmp,3.111111111111111,0.055555556,0.23570226,0.5,0.514495755,0.111111111,0.323380833,0.055555556,0.23570226,0.444444444,0.511309993,0.0,0.0,0.0,0.0
08_05_04.bmp,2.555555555555556,0.444444444,0.511309993,0.555555556,0.511309993,0.111111111,0.323380833,0.0,0.0,0.166666667,0.383482494,0.055555556,0.23570226,0.055555556,0.23570226
11_19_04.bmp,1.8888888888888888,0.166666667,0.383482494,0.222222222,0.427792632,0.722222222,0.460888599,0.055555556,0.23570226,0.222222222,0.427792632,0.055555556,0.23570226,0.111111111,0.323380833
0334.jpg,2.5,0.055555556,0.23570226,0.777777778,0.427792632,0.0,0.0,0.0,0.0,0.111111111,0.323380833,0.0,0.0,0.111111111,0.323380833
20_11_03.bmp,2.7222222222222223,0.777777778,0.427792632,0.277777778,0.460888599,0.111111111,0.323380833,0.0,0.0,0.055555556,0.23570226,0.111111111,0.323380833,0.0,0.0
0434.jpg,2.6666666666666665,0.166666667,0.383482494,0.722222222,0.460888599,0.0,0.0,0.055555556,0.23570226,0.055555556,0.23570226,0.111111111,0.323380833,0.055555556,0.23570226
02_23_02.bmp,2.888888888888889,0.166666667,0.383482494,0.166666667,0.383482494,0.0,0.0,0.666666667,0.48507125,0.277777778,0.460888599,0.055555556,0.23570226,0.0,0.0
15_18_04.bmp,2.611111111111111,0.222222222,0.427792632,0.611111111,0.501631326,0.0,0.0,0.0,0.0,0.222222222,0.427792632,0.055555556,0.23570226,0.0,0.0
0851.jpg,3.555555555555556,0.111111111,0.323380833,0.5,0.514495755,0.0,0.0,0.0,0.0,0.333333333,0.48507125,0.0,0.0,0.0,0.0
09_08_03.bmp,2.4444444444444446,0.555555556,0.511309993,0.555555556,0.511309993,0.111111111,0.323380833,0.0,0.0,0.166666667,0.383482494,0.111111111,0.323380833,0.0,0.0
15_08_04.bmp,2.2222222222222223,0.388888889,0.501631326,0.611111111,0.501631326,0.0,0.0,0.111111111,0.323380833,0.277777778,0.460888599,0.0,0.0,0.055555556,0.23570226
01_13_04.bmp,2.6666666666666665,0.055555556,0.23570226,0.777777778,0.427792632,0.277777778,0.460888599,0.055555556,0.23570226,0.0,0.0,0.0,0.0,0.055555556,0.23570226
15_16_03.bmp,2.9444444444444446,0.222222222,0.427792632,0.611111111,0.501631326,0.0,0.0,0.055555556,0.23570226,0.222222222,0.427792632,0.0,0.0,0.111111111,0.323380833
26_09_01.bmp,3.7222222222222223,0.333333333,0.48507125,0.166666667,0.383482494,0.055555556,0.23570226,0.0,0.0,0.055555556,0.23570226,0.055555556,0.23570226,0.0,0.0
04_15_03.bmp,2.7777777777777777,0.111111111,0.323380833,0.611111111,0.501631326,0.333333333,0.48507125,0.055555556,0.23570226,0.111111111,0.323380833,0.0,0.0,0.0,0.0
0427.jpg,2.555555555555556,0.055555556,0.23570226,0.777777778,0.427792632,0.0,0.0,0.055555556,0.23570226,0.055555556,0.23570226,0.055555556,0.23570226,0.0,0.0
06_06_03.bmp,2.5,0.611111111,0.501631326,0.111111111,0.323380833,0.166666667,0.383482494,0.111111111,0.323380833,0.0,0.0,0.222222222,0.427792632,0.111111111,0.323380833
01389.jpg,3.555555555555556,0.0,0.0,0.722222222,0.460888599,0.111111111,0.323380833,0.055555556,0.23570226,0.0,0.0,0.0,0.0,0.055555556,0.23570226
35_14_02.bmp,2.888888888888889,0.222222222,0.427792632,0.611111111,0.501631326,0.055555556,0.23570226,0.111111111,0.323380833,0.0,0.0,0.0,0.0,0.111111111,0.323380833
09_01_03.bmp,2.7777777777777777,0.222222222,0.427792632,0.722222222,0.460888599,0.277777778,0.460888599,0.0,0.0,0.111111111,0.323380833,0.0,0.0,0.055555556,0.23570226
0915.jpg,3.9444444444444446,0.111111111,0.323380833,0.277777778,0.460888599,0.055555556,0.23570226,0.055555556,0.23570226,0.166666667,0.383482494,0.0,0.0,0.055555556,0.23570226
18_08_05.bmp,2.111111111111111,0.277777778,0.460888599,0.555555556,0.511309993,0.055555556,0.23570226,0.055555556,0.23570226,0.055555556,0.23570226,0.055555556,0.23570226,0.055555556,0.23570226
15_11_01.bmp,3.333333333333333,0.5,0.514495755,0.222222222,0.427792632,0.0,0.0,0.0,0.0,0.277777778,0.460888599,0.0,0.0,0.055555556,0.23570226
18_06_05.bmp,1.7222222222222223,0.5,0.514495755,0.333333333,0.48507125,0.222222222,0.427792632,0.055555556,0.23570226,0.0,0.0,0.166666667,0.383482494,0.055555556,0.23570226
18_17_05.bmp,2.2777777777777777,0.111111111,0.323380833,0.5,0.514495755,0.055555556,0.23570226,0.055555556,0.23570226,0.111111111,0.323380833,0.111111111,0.323380833,0.277777778,0.460888599
18_02_01.bmp,3.1666666666666665,0.277777778,0.460888599,0.666666667,0.48507125,0.055555556,0.23570226,0.0,0.0,0.055555556,0.23570226,0.0,0.0,0.055555556,0.23570226
03_16_02.bmp,3.611111111111111,0.055555556,0.23570226,0.111111111,0.323380833,0.055555556,0.23570226,0.111111111,0.323380833,0.166666667,0.383482494,0.0,0.0,0.111111111,0.323380833
24_21_03.bmp,2.7222222222222223,0.111111111,0.323380833,0.388888889,0.501631326,0.333333333,0.48507125,0.111111111,0.323380833,0.055555556,0.23570226,0.0,0.0,0.0,0.0
03_24_04.bmp,2.055555555555556,0.055555556,0.23570226,1.0,0.0,0.0,0.0,0.055555556,0.23570226,0.111111111,0.323380833,0.0,0.0,0.0,0.0
25_23_05.bmp,1.6666666666666667,0.0,0.0,0.222222222,0.427792632,0.0,0.0,0.777777778,0.427792632,0.055555556,0.23570226,0.055555556,0.23570226,0.111111111,0.323380833
02_18_02.bmp,2.2777777777777777,0.111111111,0.323380833,0.722222222,0.460888599,0.0,0.0,0.055555556,0.23570226,0.5,0.514495755,0.055555556,0.23570226,0.055555556,0.23570226
29_04_01.bmp,3.2777777777777777,0.166666667,0.383482494,0.5,0.514495755,0.0,0.0,0.111111111,0.323380833,0.111111111,0.323380833,0.111111111,0.323380833,0.055555556,0.23570226
28_20_03.bmp,2.5,0.444444444,0.511309993,0.611111111,0.501631326,0.111111111,0.323380833,0.055555556,0.23570226,0.222222222,0.427792632,0.111111111,0.323380833,0.0,0.0
06_09_03.bmp,2.388888888888889,0.666666667,0.48507125,0.166666667,0.383482494,0.111111111,0.323380833,0.055555556,0.23570226,0.055555556,0.23570226,0.055555556,0.23570226,0.055555556,0.23570226
1090.jpg,2.9444444444444446,0.055555556,0.23570226,0.444444444,0.511309993,0.055555556,0.23570226,0.555555556,0.511309993,0.055555556,0.23570226,0.055555556,0.23570226,0.055555556,0.23570226
14_03_01.bmp,3.6666666666666665,0.111111111,0.323380833,0.333333333,0.48507125,0.111111111,0.323380833,0.055555556,0.23570226,0.0,0.0,0.055555556,0.23570226,0.055555556,0.23570226
33_07_04.bmp,1.8888888888888888,0.166666667,0.383482494,0.888888889,0.323380833,0.0,0.0,0.055555556,0.23570226,0.333333333,0.48507125,0.055555556,0.23570226,0.0,0.0
16_08_03.bmp,2.611111111111111,0.277777778,0.460888599,0.611111111,0.501631326,0.0,0.0,0.0,0.0,0.277777778,0.460888599,0.333333333,0.48507125,0.111111111,0.323380833
31_18_02.bmp,2.888888888888889,0.111111111,0.323380833,0.666666667,0.48507125,0.0,0.0,0.0,0.0,0.166666667,0.383482494,0.111111111,0.323380833,0.055555556,0.23570226
0241.jpg,1.8888888888888888,0.166666667,0.383482494,0.388888889,0.501631326,0.0,0.0,0.888888889,0.323380833,0.111111111,0.323380833,0.0,0.0,0.0,0.0
22_16_03.bmp,2.5,0.055555556,0.23570226,0.722222222,0.460888599,0.055555556,0.23570226,0.055555556,0.23570226,0.111111111,0.323380833,0.055555556,0.23570226,0.0,0.0
12_25_03.bmp,2.555555555555556,0.055555556,0.23570226,0.111111111,0.323380833,0.111111111,0.323380833,0.055555556,0.23570226,0.055555556,0.23570226,0.0,0.0,0.888888889,0.323380833
01_19_02.bmp,3.2777777777777777,0.111111111,0.323380833,0.666666667,0.48507125,0.166666667,0.383482494,0.0,0.0,0.0,0.0,0.0,0.0,0.055555556,0.23570226
24_11_03.bmp,2.555555555555556,0.666666667,0.48507125,0.333333333,0.48507125,0.111111111,0.323380833,0.0,0.0,0.055555556,0.23570226,0.055555556,0.23570226,0.0,0.0
11_06_05.bmp,2.055555555555556,0.277777778,0.460888599,0.333333333,0.48507125,0.222222222,0.427792632,0.166666667,0.383482494,0.222222222,0.427792632,0.166666667,0.383482494,0.055555556,0.23570226
17_24_01.bmp,3.111111111111111,0.055555556,0.23570226,0.555555556,0.511309993,0.222222222,0.427792632,0.055555556,0.23570226,0.166666667,0.383482494,0.055555556,0.23570226,0.055555556,0.23570226
06_17_04.bmp,2.333333333333333,0.222222222,0.427792632,0.5,0.514495755,0.055555556,0.23570226,0.0,0.0,0.055555556,0.23570226,0.222222222,0.427792632,0.277777778,0.460888599
36_25_04.bmp,2.0,0.055555556,0.23570226,0.222222222,0.427792632,0.166666667,0.383482494,0.0,0.0,0.0,0.0,0.0,0.0,0.944444444,0.23570226
36_13_04.bmp,2.2777777777777777,0.055555556,0.23570226,0.444444444,0.511309993,0.777777778,0.427792632,0.0,0.0,0.0,0.0,0.0,0.0,0.111111111,0.323380833
05_09_05.bmp,2.055555555555556,0.833333333,0.383482494,0.333333333,0.48507125,0.111111111,0.323380833,0.0,0.0,0.111111111,0.323380833,0.055555556,0.23570226,0.0,0.0
32_17_04.bmp,2.055555555555556,0.0,0.0,0.666666667,0.48507125,0.055555556,0.23570226,0.0,0.0,0.555555556,0.511309993,0.166666667,0.383482494,0.166666667,0.383482494
15_21_02.bmp,2.555555555555556,0.055555556,0.23570226,0.166666667,0.383482494,0.722222222,0.460888599,0.0,0.0,0.111111111,0.323380833,0.055555556,0.23570226,0.111111111,0.323380833
0549.jpg,3.2222222222222223,0.055555556,0.23570226,0.388888889,0.501631326,0.0,0.0,0.055555556,0.23570226,0.777777778,0.427792632,0.055555556,0.23570226,0.111111111,0.323380833
30_22_01.bmp,3.111111111111111,0.111111111,0.323380833,0.444444444,0.511309993,0.111111111,0.323380833,0.111111111,0.323380833,0.277777778,0.460888599,0.0,0.0,0.0,0.0
35_04_04.bmp,2.2777777777777777,0.277777778,0.460888599,0.5,0.514495755,0.277777778,0.460888599,0.0,0.0,0.0,0.0,0.166666667,0.383482494,0.111111111,0.323380833
0150.jpg,1.5,0.055555556,0.23570226,0.388888889,0.501631326,0.944444444,0.23570226,0.0,0.0,0.111111111,0.323380833,0.0,0.0,0.0,0.0
1000.jpg,3.388888888888889,0.111111111,0.323380833,0.277777778,0.460888599,0.0,0.0,0.666666667,0.48507125,0.388888889,0.501631326,0.0,0.0,0.0,0.0
29_13_03.bmp,3.4444444444444446,0.055555556,0.23570226,0.388888889,0.501631326,0.277777778,0.460888599,0.0,0.0,0.055555556,0.23570226,0.166666667,0.383482494,0.0,0.0
03_15_03.bmp,3.4444444444444446,0.055555556,0.23570226,0.222222222,0.427792632,0.166666667,0.383482494,0.111111111,0.323380833,0.111111111,0.323380833,0.0,0.0,0.055555556,0.23570226
02_02_01.bmp,3.111111111111111,0.0,0.0,0.333333333,0.48507125,0.055555556,0.23570226,0.0,0.0,0.555555556,0.511309993,0.055555556,0.23570226,0.055555556,0.23570226
0701.jpg,3.4444444444444446,0.055555556,0.23570226,0.333333333,0.48507125,0.0,0.0,0.055555556,0.23570226,0.277777778,0.460888599,0.111111111,0.323380833,0.055555556,0.23570226
30_14_01.bmp,3.111111111111111,0.055555556,0.23570226,0.222222222,0.427792632,0.055555556,0.23570226,0.277777778,0.460888599,0.277777778,0.460888599,0.055555556,0.23570226,0.0,0.0
20_25_05.bmp,1.9444444444444444,0.111111111,0.323380833,0.222222222,0.427792632,0.055555556,0.23570226,0.055555556,0.23570226,0.055555556,0.23570226,0.0,0.0,0.833333333,0.383482494
0795.jpg,3.5,0.055555556,0.23570226,0.611111111,0.501631326,0.0,0.0,0.111111111,0.323380833,0.222222222,0.427792632,0.0,0.0,0.0,0.0
32_12_04.bmp,2.333333333333333,0.722222222,0.460888599,0.611111111,0.501631326,0.055555556,0.23570226,0.111111111,0.323380833,0.333333333,0.48507125,0.055555556,0.23570226,0.0,0.0
1109.jpg,3.333333333333333,0.0,0.0,0.333333333,0.48507125,0.0,0.0,0.0,0.0,0.722222222,0.460888599,0.0,0.0,0.0,0.0
26_25_02.bmp,2.7777777777777777,0.111111111,0.323380833,0.055555556,0.23570226,0.111111111,0.323380833,0.0,0.0,0.055555556,0.23570226,0.0,0.0,0.944444444,0.23570226
19_12_02.bmp,2.7777777777777777,0.611111111,0.501631326,0.222222222,0.427792632,0.055555556,0.23570226,0.0,0.0,0.111111111,0.323380833,0.111111111,0.323380833,0.055555556,0.23570226
0907.jpg,3.7777777777777777,0.166666667,0.383482494,0.333333333,0.48507125,0.0,0.0,0.166666667,0.383482494,0.166666667,0.383482494,0.055555556,0.23570226,0.0,0.0
31_12_04.bmp,2.611111111111111,0.722222222,0.460888599,0.277777778,0.460888599,0.0,0.0,0.055555556,0.23570226,0.111111111,0.323380833,0.0,0.0,0.055555556,0.23570226
33_19_02.bmp,2.9444444444444446,0.166666667,0.383482494,0.444444444,0.511309993,0.333333333,0.48507125,0.0,0.0,0.388888889,0.501631326,0.055555556,0.23570226,0.055555556,0.23570226
1003.jpg,2.833333333333333,0.111111111,0.323380833,0.388888889,0.501631326,0.0,0.0,0.611111111,0.501631326,0.111111111,0.323380833,0.0,0.0,0.055555556,0.23570226
19_13_01.bmp,3.333333333333333,0.111111111,0.323380833,0.333333333,0.48507125,0.277777778,0.460888599,0.0,0.0,0.111111111,0.323380833,0.055555556,0.23570226,0.055555556,0.23570226
21_10_03.bmp,2.7777777777777777,0.722222222,0.460888599,0.277777778,0.460888599,0.111111111,0.323380833,0.055555556,0.23570226,0.055555556,0.23570226,0.0,0.0,0.0,0.0
26_20_04.bmp,3.2222222222222223,0.166666667,0.383482494,0.388888889,0.501631326,0.166666667,0.383482494,0.0,0.0,0.055555556,0.23570226,0.055555556,0.23570226,0.055555556,0.23570226
22_21_04.bmp,1.5555555555555556,0.055555556,0.23570226,0.388888889,0.501631326,0.166666667,0.383482494,0.611111111,0.501631326,0.055555556,0.23570226,0.111111111,0.323380833,0.055555556,0.23570226
09_17_01.bmp,3.2777777777777777,0.166666667,0.383482494,0.5,0.514495755,0.055555556,0.23570226,0.055555556,0.23570226,0.166666667,0.383482494,0.055555556,0.23570226,0.222222222,0.427792632
0308.jpg,2.0,0.166666667,0.383482494,0.833333333,0.383482494,0.0,0.0,0.222222222,0.427792632,0.166666667,0.383482494,0.0,0.0,0.055555556,0.23570226
21_07_03.bmp,2.111111111111111,0.222222222,0.427792632,0.722222222,0.460888599,0.055555556,0.23570226,0.0,0.0,0.0,0.0,0.111111111,0.323380833,0.0,0.0
16_20_01.bmp,2.5,0.166666667,0.383482494,0.333333333,0.48507125,0.222222222,0.427792632,0.277777778,0.460888599,0.388888889,0.501631326,0.277777778,0.460888599,0.0,0.0
28_16_05.bmp,1.8888888888888888,0.166666667,0.383482494,0.888888889,0.323380833,0.0,0.0,0.055555556,0.23570226,0.166666667,0.383482494,0.0,0.0,0.055555556,0.23570226
36_13_03.bmp,2.833333333333333,0.111111111,0.323380833,0.444444444,0.511309993,0.5,0.514495755,0.055555556,0.23570226,0.0,0.0,0.0,0.0,0.055555556,0.23570226
35_15_02.bmp,1.9444444444444444,0.111111111,0.323380833,0.222222222,0.427792632,0.833333333,0.383482494,0.0,0.0,0.0,0.0,0.055555556,0.23570226,0.055555556,0.23570226
23_14_03.bmp,2.611111111111111,0.055555556,0.23570226,0.277777778,0.460888599,0.055555556,0.23570226,0.666666667,0.48507125,0.222222222,0.427792632,0.111111111,0.323380833,0.0,0.0
28_03_02.bmp,3.111111111111111,0.111111111,0.323380833,0.666666667,0.48507125,0.055555556,0.23570226,0.0,0.0,0.166666667,0.383482494,0.0,0.0,0.0,0.0
0576.jpg,3.2777777777777777,0.055555556,0.23570226,0.277777778,0.460888599,0.0,0.0,0.055555556,0.23570226,0.555555556,0.511309993,0.0,0.0,0.111111111,0.323380833
18_16_01.bmp,3.111111111111111,0.055555556,0.23570226,0.388888889,0.501631326,0.277777778,0.460888599,0.111111111,0.323380833,0.0,0.0,0.0,0.0,0.055555556,0.23570226
31_15_03.bmp,3.388888888888889,0.0,0.0,0.388888889,0.501631326,0.0,0.0,0.111111111,0.323380833,0.222222222,0.427792632,0.0,0.0,0.055555556,0.23570226
01321.jpg,2.7777777777777777,0.333333333,0.48507125,0.611111111,0.501631326,0.055555556,0.23570226,0.0,0.0,0.666666667,0.48507125,0.0,0.0,0.0,0.0
20_21_04.bmp,2.333333333333333,0.111111111,0.323380833,0.222222222,0.427792632,0.055555556,0.23570226,0.5,0.514495755,0.111111111,0.323380833,0.055555556,0.23570226,0.055555556,0.23570226
27_06_02.bmp,2.7777777777777777,0.333333333,0.48507125,0.444444444,0.511309993,0.222222222,0.427792632,0.055555556,0.23570226,0.444444444,0.511309993,0.111111111,0.323380833,0.0,0.0
16_22_03.bmp,2.388888888888889,0.277777778,0.460888599,0.722222222,0.460888599,0.055555556,0.23570226,0.055555556,0.23570226,0.333333333,0.48507125,0.277777778,0.460888599,0.0,0.0
18_04_05.bmp,2.388888888888889,0.277777778,0.460888599,0.333333333,0.48507125,0.111111111,0.323380833,0.055555556,0.23570226,0.0,0.0,0.166666667,0.383482494,0.166666667,0.383482494
0399.jpg,2.388888888888889,0.055555556,0.23570226,0.777777778,0.427792632,0.055555556,0.23570226,0.222222222,0.427792632,0.055555556,0.23570226,0.0,0.0,0.111111111,0.323380833
01428.jpg,3.7777777777777777,0.0,0.0,0.444444444,0.511309993,0.111111111,0.323380833,0.055555556,0.23570226,0.0,0.0,0.0,0.0,0.0,0.0
28_25_02.bmp,2.833333333333333,0.055555556,0.23570226,0.166666667,0.383482494,0.111111111,0.323380833,0.0,0.0,0.166666667,0.383482494,0.055555556,0.23570226,0.888888889,0.323380833
01_16_05.bmp,1.4444444444444444,0.555555556,0.511309993,0.833333333,0.383482494,0.0,0.0,0.111111111,0.323380833,0.055555556,0.23570226,0.055555556,0.23570226,0.055555556,0.23570226
09_14_05.bmp,1.3888888888888888,0.277777778,0.460888599,0.277777778,0.460888599,0.055555556,0.23570226,0.611111111,0.501631326,0.166666667,0.383482494,0.111111111,0.323380833,0.0,0.0
29_19_03.bmp,2.7777777777777777,0.388888889,0.501631326,0.611111111,0.501631326,0.222222222,0.427792632,0.0,0.0,0.111111111,0.323380833,0.111111111,0.323380833,0.055555556,0.23570226
0011.jpg,3.8333333333333335,0.055555556,0.23570226,0.111111111,0.323380833,0.722222222,0.460888599,0.0,0.0,0.0,0.0,0.0,0.0,0.0,0.0
04_21_05.bmp,1.6111111111111112,0.444444444,0.511309993,0.666666667,0.48507125,0.055555556,0.23570226,0.333333333,0.48507125,0.222222222,0.427792632,0.055555556,0.23570226,0.0,0.0
16_16_03.bmp,2.833333333333333,0.222222222,0.427792632,0.444444444,0.511309993,0.055555556,0.23570226,0.111111111,0.323380833,0.277777778,0.460888599,0.333333333,0.48507125,0.055555556,0.23570226
1055.jpg,3.611111111111111,0.111111111,0.323380833,0.444444444,0.511309993,0.0,0.0,0.388888889,0.501631326,0.055555556,0.23570226,0.055555556,0.23570226,0.055555556,0.23570226
0541.jpg,2.888888888888889,0.055555556,0.23570226,0.388888889,0.501631326,0.0,0.0,0.111111111,0.323380833,0.833333333,0.383482494,0.0,0.0,0.0,0.0
13_14_03.bmp,3.388888888888889,0.055555556,0.23570226,0.166666667,0.383482494,0.055555556,0.23570226,0.333333333,0.48507125,0.166666667,0.383482494,0.0,0.0,0.111111111,0.323380833
32_19_05.bmp,1.6111111111111112,0.277777778,0.460888599,0.222222222,0.427792632,0.555555556,0.511309993,0.444444444,0.511309993,0.388888889,0.501631326,0.055555556,0.23570226,0.055555556,0.23570226
31_23_05.bmp,1.6666666666666667,0.055555556,0.23570226,0.222222222,0.427792632,0.055555556,0.23570226,0.722222222,0.460888599,0.166666667,0.383482494,0.055555556,0.23570226,0.166666667,0.383482494
11_12_04.bmp,2.388888888888889,0.722222222,0.460888599,0.388888889,0.501631326,0.111111111,0.323380833,0.055555556,0.23570226,0.277777778,0.460888599,0.055555556,0.23570226,0.0,0.0
25_23_04.bmp,2.055555555555556,0.055555556,0.23570226,0.222222222,0.427792632,0.111111111,0.323380833,0.666666667,0.48507125,0.111111111,0.323380833,0.0,0.0,0.166666667,0.383482494
1140.jpg,2.555555555555556,0.0,0.0,0.444444444,0.511309993,0.0,0.0,0.055555556,0.23570226,0.055555556,0.23570226,0.722222222,0.460888599,0.055555556,0.23570226
23_07_01.bmp,3.333333333333333,0.055555556,0.23570226,0.5,0.514495755,0.111111111,0.323380833,0.055555556,0.23570226,0.111111111,0.323380833,0.055555556,0.23570226,0.0,0.0
28_22_02.bmp,2.888888888888889,0.111111111,0.323380833,0.555555556,0.511309993,0.333333333,0.48507125,0.111111111,0.323380833,0.111111111,0.323380833,0.055555556,0.23570226,0.0,0.0
28_03_04.bmp,2.4444444444444446,0.055555556,0.23570226,0.777777778,0.427792632,0.111111111,0.323380833,0.0,0.0,0.222222222,0.427792632,0.0,0.0,0.055555556,0.23570226
1009.jpg,3.555555555555556,0.055555556,0.23570226,0.166666667,0.383482494,0.0,0.0,0.611111111,0.501631326,0.222222222,0.427792632,0.055555556,0.23570226,0.111111111,0.323380833
27_06_01.bmp,2.9444444444444446,0.222222222,0.427792632,0.5,0.514495755,0.055555556,0.23570226,0.055555556,0.23570226,0.444444444,0.511309993,0.055555556,0.23570226,0.0,0.0
0901.jpg,3.5,0.166666667,0.383482494,0.444444444,0.511309993,0.0,0.0,0.111111111,0.323380833,0.111111111,0.323380833,0.0,0.0,0.0,0.0
03_18_04.bmp,2.9444444444444446,0.277777778,0.460888599,0.5,0.514495755,0.0,0.0,0.055555556,0.23570226,0.166666667,0.383482494,0.055555556,0.23570226,0.055555556,0.23570226
23_04_04.bmp,2.5,0.277777778,0.460888599,0.444444444,0.511309993,0.111111111,0.323380833,0.166666667,0.383482494,0.166666667,0.383482494,0.166666667,0.383482494,0.055555556,0.23570226
17_21_05.bmp,1.8333333333333333,0.166666667,0.383482494,0.222222222,0.427792632,0.055555556,0.23570226,0.666666667,0.48507125,0.222222222,0.427792632,0.055555556,0.23570226,0.055555556,0.23570226
08_11_02.bmp,3.4444444444444446,0.666666667,0.48507125,0.055555556,0.23570226,0.0,0.0,0.055555556,0.23570226,0.111111111,0.323380833,0.055555556,0.23570226,0.055555556,0.23570226
21_05_01.bmp,3.388888888888889,0.222222222,0.427792632,0.555555556,0.511309993,0.055555556,0.23570226,0.0,0.0,0.0,0.0,0.0,0.0,0.055555556,0.23570226
0754.jpg,3.555555555555556,0.111111111,0.323380833,0.444444444,0.511309993,0.0,0.0,0.055555556,0.23570226,0.111111111,0.323380833,0.055555556,0.23570226,0.055555556,0.23570226
27_21_01.bmp,2.055555555555556,0.111111111,0.323380833,0.277777778,0.460888599,0.388888889,0.501631326,0.277777778,0.460888599,0.277777778,0.460888599,0.0,0.0,0.055555556,0.23570226
18_25_03.bmp,2.333333333333333,0.055555556,0.23570226,0.166666667,0.383482494,0.111111111,0.323380833,0.0,0.0,0.0,0.0,0.055555556,0.23570226,1.0,0.0
0214.jpg,1.6111111111111112,0.166666667,0.383482494,0.333333333,0.48507125,0.0,0.0,0.888888889,0.323380833,0.055555556,0.23570226,0.055555556,0.23570226,0.0,0.0
04_24_04.bmp,1.6111111111111112,0.111111111,0.323380833,0.833333333,0.383482494,0.166666667,0.383482494,0.0,0.0,0.222222222,0.427792632,0.0,0.0,0.0,0.0
0652.jpg,3.388888888888889,0.055555556,0.23570226,0.5,0.514495755,0.055555556,0.23570226,0.055555556,0.23570226,0.111111111,0.323380833,0.055555556,0.23570226,0.111111111,0.323380833
0199.jpg,1.8888888888888888,0.055555556,0.23570226,0.166666667,0.383482494,0.055555556,0.23570226,0.888888889,0.323380833,0.0,0.0,0.0,0.0,0.0,0.0
36_07_03.bmp,2.333333333333333,0.166666667,0.383482494,0.722222222,0.460888599,0.111111111,0.323380833,0.0,0.0,0.0,0.0,0.055555556,0.23570226,0.055555556,0.23570226
0853.jpg,3.6666666666666665,0.111111111,0.323380833,0.5,0.514495755,0.055555556,0.23570226,0.0,0.0,0.277777778,0.460888599,0.0,0.0,0.055555556,0.23570226
16_14_02.bmp,3.2222222222222223,0.111111111,0.323380833,0.111111111,0.323380833,0.055555556,0.23570226,0.388888889,0.501631326,0.277777778,0.460888599,0.333333333,0.48507125,0.055555556,0.23570226
01498.jpg,3.611111111111111,0.111111111,0.323380833,0.555555556,0.511309993,0.166666667,0.383482494,0.055555556,0.23570226,0.0,0.0,0.0,0.0,0.0,0.0
0278.jpg,2.2222222222222223,0.111111111,0.323380833,0.222222222,0.427792632,0.055555556,0.23570226,0.888888889,0.323380833,0.055555556,0.23570226,0.055555556,0.23570226,0.0,0.0
06_25_05.bmp,1.8888888888888888,0.055555556,0.23570226,0.055555556,0.23570226,0.111111111,0.323380833,0.0,0.0,0.0,0.0,0.0,0.0,0.944444444,0.23570226
0799.jpg,3.333333333333333,0.0,0.0,0.555555556,0.511309993,0.055555556,0.23570226,0.111111111,0.323380833,0.111111111,0.323380833,0.0,0.0,0.0,0.0
0810.jpg,3.333333333333333,0.0,0.0,0.5,0.514495755,0.055555556,0.23570226,0.0,0.0,0.333333333,0.48507125,0.0,0.0,0.055555556,0.23570226
25_06_01.bmp,3.2777777777777777,0.277777778,0.460888599,0.555555556,0.511309993,0.111111111,0.323380833,0.0,0.0,0.166666667,0.383482494,0.055555556,0.23570226,0.055555556,0.23570226
01_03_01.bmp,3.2777777777777777,0.055555556,0.23570226,0.611111111,0.501631326,0.111111111,0.323380833,0.0,0.0,0.0,0.0,0.055555556,0.23570226,0.055555556,0.23570226
30_10_05.bmp,2.2777777777777777,0.722222222,0.460888599,0.166666667,0.383482494,0.0,0.0,0.0,0.0,0.333333333,0.48507125,0.0,0.0,0.055555556,0.23570226
24_01_01.bmp,3.555555555555556,0.055555556,0.23570226,0.444444444,0.511309993,0.166666667,0.383482494,0.0,0.0,0.0,0.0,0.0,0.0,0.055555556,0.23570226
1049.jpg,3.055555555555556,0.055555556,0.23570226,0.5,0.514495755,0.0,0.0,0.555555556,0.511309993,0.166666667,0.383482494,0.0,0.0,0.0,0.0
11_05_02.bmp,2.888888888888889,0.166666667,0.383482494,0.5,0.514495755,0.0,0.0,0.111111111,0.323380833,0.388888889,0.501631326,0.055555556,0.23570226,0.055555556,0.23570226
0707.jpg,3.2222222222222223,0.111111111,0.323380833,0.388888889,0.501631326,0.0,0.0,0.055555556,0.23570226,0.444444444,0.511309993,0.111111111,0.323380833,0.0,0.0
16_14_05.bmp,1.4444444444444444,0.055555556,0.23570226,0.055555556,0.23570226,0.055555556,0.23570226,0.833333333,0.383482494,0.277777778,0.460888599,0.277777778,0.460888599,0.0,0.0
01367.jpg,3.0,0.0,0.0,0.777777778,0.427792632,0.055555556,0.23570226,0.0,0.0,0.055555556,0.23570226,0.111111111,0.323380833,0.111111111,0.323380833
0919.jpg,3.888888888888889,0.166666667,0.383482494,0.222222222,0.427792632,0.0,0.0,0.0,0.0,0.166666667,0.383482494,0.055555556,0.23570226,0.0,0.0
17_02_03.bmp,2.2777777777777777,0.0,0.0,0.833333333,0.383482494,0.055555556,0.23570226,0.0,0.0,0.166666667,0.383482494,0.166666667,0.383482494,0.0,0.0
13_10_04.bmp,2.5,0.833333333,0.383482494,0.166666667,0.383482494,0.055555556,0.23570226,0.0,0.0,0.166666667,0.383482494,0.055555556,0.23570226,0.055555556,0.23570226
06_12_01.bmp,3.7222222222222223,0.333333333,0.48507125,0.111111111,0.323380833,0.111111111,0.323380833,0.0,0.0,0.0,0.0,0.055555556,0.23570226,0.055555556,0.23570226
0611.jpg,3.388888888888889,0.055555556,0.23570226,0.5,0.514495755,0.0,0.0,0.111111111,0.323380833,0.277777778,0.460888599,0.055555556,0.23570226,0.055555556,0.23570226
05_07_02.bmp,2.6666666666666665,0.388888889,0.501631326,0.611111111,0.501631326,0.055555556,0.23570226,0.0,0.0,0.055555556,0.23570226,0.055555556,0.23570226,0.055555556,0.23570226
1019.jpg,3.555555555555556,0.055555556,0.23570226,0.277777778,0.460888599,0.055555556,0.23570226,0.166666667,0.383482494,0.166666667,0.383482494,0.111111111,0.323380833,0.055555556,0.23570226
34_20_05.bmp,1.8888888888888888,0.444444444,0.511309993,0.666666667,0.48507125,0.166666667,0.383482494,0.055555556,0.23570226,0.0,0.0,0.055555556,0.23570226,0.0,0.0
0305.jpg,2.055555555555556,0.111111111,0.323380833,0.888888889,0.323380833,0.0,0.0,0.111111111,0.323380833,0.222222222,0.427792632,0.0,0.0,0.055555556,0.23570226
19_11_01.bmp,3.388888888888889,0.5,0.514495755,0.222222222,0.427792632,0.055555556,0.23570226,0.0,0.0,0.166666667,0.383482494,0.111111111,0.323380833,0.055555556,0.23570226
0850.jpg,3.5,0.055555556,0.23570226,0.444444444,0.511309993,0.055555556,0.23570226,0.0,0.0,0.277777778,0.460888599,0.0,0.0,0.055555556,0.23570226
23_03_03.bmp,3.055555555555556,0.055555556,0.23570226,0.666666667,0.48507125,0.055555556,0.23570226,0.0,0.0,0.333333333,0.48507125,0.0,0.0,0.0,0.0
0986.jpg,2.888888888888889,0.055555556,0.23570226,0.444444444,0.511309993,0.0,0.0,0.611111111,0.501631326,0.333333333,0.48507125,0.055555556,0.23570226,0.055555556,0.23570226
36_12_01.bmp,3.4444444444444446,0.166666667,0.383482494,0.388888889,0.501631326,0.166666667,0.383482494,0.0,0.0,0.0,0.0,0.055555556,0.23570226,0.055555556,0.23570226
07_19_03.bmp,2.555555555555556,0.5,0.514495755,0.222222222,0.427792632,0.444444444,0.511309993,0.0,0.0,0.055555556,0.23570226,0.055555556,0.23570226,0.055555556,0.23570226
16_05_02.bmp,3.0,0.277777778,0.460888599,0.388888889,0.501631326,0.055555556,0.23570226,0.0,0.0,0.388888889,0.501631326,0.444444444,0.511309993,0.0,0.0
0580.jpg,2.9444444444444446,0.055555556,0.23570226,0.222222222,0.427792632,0.055555556,0.23570226,0.111111111,0.323380833,0.611111111,0.501631326,0.055555556,0.23570226,0.055555556,0.23570226
19_12_04.bmp,2.5,0.777777778,0.427792632,0.333333333,0.48507125,0.055555556,0.23570226,0.055555556,0.23570226,0.111111111,0.323380833,0.111111111,0.323380833,0.0,0.0
15_06_01.bmp,2.7777777777777777,0.222222222,0.427792632,0.166666667,0.383482494,0.166666667,0.383482494,0.111111111,0.323380833,0.222222222,0.427792632,0.0,0.0,0.055555556,0.23570226
06_01_05.bmp,1.3888888888888888,0.0,0.0,1.0,0.0,0.111111111,0.323380833,0.0,0.0,0.055555556,0.23570226,0.055555556,0.23570226,0.0,0.0
0904.jpg,3.7222222222222223,0.111111111,0.323380833,0.555555556,0.511309993,0.055555556,0.23570226,0.0,0.0,0.166666667,0.383482494,0.0,0.0,0.0,0.0
18_06_03.bmp,2.5,0.333333333,0.48507125,0.444444444,0.511309993,0.277777778,0.460888599,0.055555556,0.23570226,0.055555556,0.23570226,0.166666667,0.383482494,0.055555556,0.23570226
21_01_05.bmp,1.7222222222222223,0.0,0.0,1.0,0.0,0.111111111,0.323380833,0.0,0.0,0.0,0.0,0.0,0.0,0.0,0.0
10_06_03.bmp,2.388888888888889,0.388888889,0.501631326,0.388888889,0.501631326,0.111111111,0.323380833,0.166666667,0.383482494,0.333333333,0.48507125,0.277777778,0.460888599,0.0,0.0
01216.jpg,3.7222222222222223,0.333333333,0.48507125,0.222222222,0.427792632,0.111111111,0.323380833,0.111111111,0.323380833,0.166666667,0.383482494,0.0,0.0,0.0,0.0
08_23_05.bmp,2.2222222222222223,0.166666667,0.383482494,0.055555556,0.23570226,0.0,0.0,0.777777778,0.427792632,0.0,0.0,0.055555556,0.23570226,0.055555556,0.23570226
37_24_02.bmp,3.2777777777777777,0.111111111,0.323380833,0.722222222,0.460888599,0.055555556,0.23570226,0.0,0.0,0.055555556,0.23570226,0.055555556,0.23570226,0.0,0.0
20_22_05.bmp,1.7222222222222223,0.111111111,0.323380833,0.777777778,0.427792632,0.055555556,0.23570226,0.055555556,0.23570226,0.166666667,0.383482494,0.0,0.0,0.055555556,0.23570226
13_25_02.bmp,2.7777777777777777,0.0,0.0,0.111111111,0.323380833,0.111111111,0.323380833,0.0,0.0,0.055555556,0.23570226,0.0,0.0,0.833333333,0.383482494
0563.jpg,3.1666666666666665,0.166666667,0.383482494,0.444444444,0.511309993,0.0,0.0,0.055555556,0.23570226,0.722222222,0.460888599,0.0,0.0,0.055555556,0.23570226
0065.jpg,3.333333333333333,0.055555556,0.23570226,0.388888889,0.501631326,0.555555556,0.511309993,0.0,0.0,0.166666667,0.383482494,0.055555556,0.23570226,0.0,0.0
0864.jpg,3.611111111111111,0.055555556,0.23570226,0.555555556,0.511309993,0.0,0.0,0.0,0.0,0.166666667,0.383482494,0.0,0.0,0.0,0.0
03_06_01.bmp,3.388888888888889,0.222222222,0.427792632,0.277777778,0.460888599,0.166666667,0.383482494,0.0,0.0,0.166666667,0.383482494,0.166666667,0.383482494,0.111111111,0.323380833
27_09_03.bmp,2.611111111111111,0.611111111,0.501631326,0.277777778,0.460888599,0.055555556,0.23570226,0.0,0.0,0.388888889,0.501631326,0.111111111,0.323380833,0.055555556,0.23570226
11_06_02.bmp,2.611111111111111,0.222222222,0.427792632,0.444444444,0.511309993,0.166666667,0.383482494,0.111111111,0.323380833,0.222222222,0.427792632,0.111111111,0.323380833,0.055555556,0.23570226
0794.jpg,3.555555555555556,0.0,0.0,0.611111111,0.501631326,0.0,0.0,0.055555556,0.23570226,0.222222222,0.427792632,0.0,0.0,0.055555556,0.23570226
23_15_04.bmp,3.111111111111111,0.111111111,0.323380833,0.277777778,0.460888599,0.111111111,0.323380833,0.166666667,0.383482494,0.277777778,0.460888599,0.055555556,0.23570226,0.0,0.0
0988.jpg,3.333333333333333,0.055555556,0.23570226,0.166666667,0.383482494,0.0,0.0,0.666666667,0.48507125,0.222222222,0.427792632,0.0,0.0,0.055555556,0.23570226
22_23_02.bmp,2.888888888888889,0.0,0.0,0.222222222,0.427792632,0.0,0.0,0.666666667,0.48507125,0.0,0.0,0.0,0.0,0.111111111,0.323380833
14_22_01.bmp,3.0,0.111111111,0.323380833,0.555555556,0.511309993,0.388888889,0.501631326,0.0,0.0,0.0,0.0,0.055555556,0.23570226,0.055555556,0.23570226
17_21_01.bmp,1.9444444444444444,0.055555556,0.23570226,0.277777778,0.460888599,0.833333333,0.383482494,0.055555556,0.23570226,0.166666667,0.383482494,0.0,0.0,0.055555556,0.23570226
14_04_02.bmp,2.7222222222222223,0.333333333,0.48507125,0.388888889,0.501631326,0.277777778,0.460888599,0.055555556,0.23570226,0.0,0.0,0.222222222,0.427792632,0.111111111,0.323380833
0286.jpg,2.388888888888889,0.277777778,0.460888599,0.333333333,0.48507125,0.055555556,0.23570226,0.722222222,0.460888599,0.111111111,0.323380833,0.0,0.0,0.055555556,0.23570226
13_24_05.bmp,1.3333333333333333,0.055555556,0.23570226,0.944444444,0.23570226,0.055555556,0.23570226,0.0,0.0,0.111111111,0.323380833,0.055555556,0.23570226,0.0,0.0
06_13_03.bmp,4.0,0.111111111,0.323380833,0.111111111,0.323380833,0.333333333,0.48507125,0.0,0.0,0.055555556,0.23570226,0.0,0.0,0.055555556,0.23570226
29_22_03.bmp,2.5,0.166666667,0.383482494,0.777777778,0.427792632,0.055555556,0.23570226,0.111111111,0.323380833,0.055555556,0.23570226,0.111111111,0.323380833,0.0,0.0
36_08_04.bmp,2.388888888888889,0.111111111,0.323380833,0.666666667,0.48507125,0.055555556,0.23570226,0.0,0.0,0.0,0.0,0.055555556,0.23570226,0.055555556,0.23570226
12_21_03.bmp,2.9444444444444446,0.111111111,0.323380833,0.055555556,0.23570226,0.666666667,0.48507125,0.0,0.0,0.055555556,0.23570226,0.0,0.0,0.055555556,0.23570226
01233.jpg,3.555555555555556,0.055555556,0.23570226,0.555555556,0.511309993,0.0,0.0,0.0,0.0,0.333333333,0.48507125,0.111111111,0.323380833,0.0,0.0
05_04_02.bmp,3.2777777777777777,0.222222222,0.427792632,0.388888889,0.501631326,0.166666667,0.383482494,0.0,0.0,0.0,0.0,0.166666667,0.383482494,0.111111111,0.323380833
10_09_03.bmp,2.555555555555556,0.722222222,0.460888599,0.333333333,0.48507125,0.0,0.0,0.0,0.0,0.222222222,0.427792632,0.166666667,0.383482494,0.0,0.0
20_14_03.bmp,3.055555555555556,0.055555556,0.23570226,0.277777778,0.460888599,0.0,0.0,0.277777778,0.460888599,0.166666667,0.383482494,0.111111111,0.323380833,0.0,0.0
27_10_01.bmp,3.0,0.277777778,0.460888599,0.5,0.514495755,0.055555556,0.23570226,0.055555556,0.23570226,0.444444444,0.511309993,0.055555556,0.23570226,0.055555556,0.23570226
31_13_05.bmp,2.6666666666666665,0.055555556,0.23570226,0.222222222,0.427792632,0.833333333,0.383482494,0.0,0.0,0.111111111,0.323380833,0.055555556,0.23570226,0.0,0.0
05_17_02.bmp,2.6666666666666665,0.111111111,0.323380833,0.5,0.514495755,0.111111111,0.323380833,0.0,0.0,0.055555556,0.23570226,0.166666667,0.383482494,0.222222222,0.427792632
0123.jpg,1.6111111111111112,0.055555556,0.23570226,0.388888889,0.501631326,0.944444444,0.23570226,0.055555556,0.23570226,0.222222222,0.427792632,0.055555556,0.23570226,0.055555556,0.23570226
18_25_02.bmp,2.6666666666666665,0.111111111,0.323380833,0.111111111,0.323380833,0.055555556,0.23570226,0.0,0.0,0.0,0.0,0.111111111,0.323380833,0.944444444,0.23570226
34_09_03.bmp,2.611111111111111,0.777777778,0.427792632,0.333333333,0.48507125,0.111111111,0.323380833,0.0,0.0,0.0,0.0,0.0,0.0,0.055555556,0.23570226
26_21_02.bmp,3.9444444444444446,0.055555556,0.23570226,0.166666667,0.383482494,0.222222222,0.427792632,0.111111111,0.323380833,0.055555556,0.23570226,0.0,0.0,0.055555556,0.23570226
33_15_03.bmp,2.9444444444444446,0.0,0.0,0.388888889,0.501631326,0.0,0.0,0.222222222,0.427792632,0.444444444,0.511309993,0.0,0.0,0.0,0.0
06_17_05.bmp,2.2777777777777777,0.222222222,0.427792632,0.5,0.514495755,0.055555556,0.23570226,0.055555556,0.23570226,0.166666667,0.383482494,0.222222222,0.427792632,0.277777778,0.460888599
19_13_03.bmp,3.055555555555556,0.055555556,0.23570226,0.166666667,0.383482494,0.555555556,0.511309993,0.055555556,0.23570226,0.111111111,0.323380833,0.111111111,0.323380833,0.055555556,0.23570226
10_23_03.bmp,2.7777777777777777,0.111111111,0.323380833,0.222222222,0.427792632,0.0,0.0,0.777777778,0.427792632,0.333333333,0.48507125,0.166666667,0.383482494,0.055555556,0.23570226
01338.jpg,3.055555555555556,0.166666667,0.383482494,0.722222222,0.460888599,0.111111111,0.323380833,0.0,0.0,0.0,0.0,0.0,0.0,0.0,0.0
15_08_01.bmp,3.388888888888889,0.222222222,0.427792632,0.333333333,0.48507125,0.055555556,0.23570226,0.055555556,0.23570226,0.222222222,0.427792632,0.055555556,0.23570226,0.055555556,0.23570226
05_20_04.bmp,2.0,0.777777778,0.427792632,0.388888889,0.501631326,0.222222222,0.427792632,0.111111111,0.323380833,0.111111111,0.323380833,0.0,0.0,0.055555556,0.23570226
29_01_01.bmp,3.388888888888889,0.166666667,0.383482494,0.555555556,0.511309993,0.0,0.0,0.055555556,0.23570226,0.055555556,0.23570226,0.055555556,0.23570226,0.111111111,0.323380833
17_15_02.bmp,2.5,0.111111111,0.323380833,0.166666667,0.383482494,0.888888889,0.323380833,0.0,0.0,0.166666667,0.383482494,0.0,0.0,0.0,0.0
08_14_01.bmp,4.0,0.222222222,0.427792632,0.0,0.0,0.055555556,0.23570226,0.333333333,0.48507125,0.055555556,0.23570226,0.0,0.0,0.055555556,0.23570226
29_05_01.bmp,3.2222222222222223,0.333333333,0.48507125,0.388888889,0.501631326,0.0,0.0,0.0,0.0,0.111111111,0.323380833,0.111111111,0.323380833,0.0,0.0
02_24_03.bmp,2.0,0.111111111,0.323380833,0.833333333,0.383482494,0.055555556,0.23570226,0.0,0.0,0.277777778,0.460888599,0.055555556,0.23570226,0.0,0.0
02_11_04.bmp,2.5,0.833333333,0.383482494,0.333333333,0.48507125,0.055555556,0.23570226,0.0,0.0,0.555555556,0.511309993,0.055555556,0.23570226,0.0,0.0
01416.jpg,3.388888888888889,0.055555556,0.23570226,0.666666667,0.48507125,0.055555556,0.23570226,0.0,0.0,0.055555556,0.23570226,0.0,0.0,0.055555556,0.23570226
28_01_01.bmp,3.333333333333333,0.111111111,0.323380833,0.555555556,0.511309993,0.166666667,0.383482494,0.0,0.0,0.166666667,0.383482494,0.0,0.0,0.055555556,0.23570226
0146.jpg,2.2777777777777777,0.166666667,0.383482494,0.5,0.514495755,0.944444444,0.23570226,0.055555556,0.23570226,0.055555556,0.23570226,0.0,0.0,0.0,0.0
11_04_04.bmp,2.2222222222222223,0.277777778,0.460888599,0.333333333,0.48507125,0.055555556,0.23570226,0.166666667,0.383482494,0.277777778,0.460888599,0.111111111,0.323380833,0.0,0.0
35_24_01.bmp,2.388888888888889,0.111111111,0.323380833,0.777777778,0.427792632,0.111111111,0.323380833,0.111111111,0.323380833,0.0,0.0,0.055555556,0.23570226,0.111111111,0.323380833
33_15_01.bmp,2.888888888888889,0.055555556,0.23570226,0.388888889,0.501631326,0.777777778,0.427792632,0.0,0.0,0.333333333,0.48507125,0.0,0.0,0.055555556,0.23570226
05_16_01.bmp,3.2777777777777777,0.111111111,0.323380833,0.444444444,0.511309993,0.277777778,0.460888599,0.055555556,0.23570226,0.0,0.0,0.055555556,0.23570226,0.055555556,0.23570226
0412.jpg,2.555555555555556,0.055555556,0.23570226,0.833333333,0.383482494,0.0,0.0,0.055555556,0.23570226,0.0,0.0,0.0,0.0,0.0,0.0
37_24_04.bmp,2.0,0.055555556,0.23570226,0.888888889,0.323380833,0.0,0.0,0.055555556,0.23570226,0.055555556,0.23570226,0.111111111,0.323380833,0.0,0.0
0438.jpg,3.0,0.055555556,0.23570226,0.777777778,0.427792632,0.055555556,0.23570226,0.055555556,0.23570226,0.111111111,0.323380833,0.0,0.0,0.111111111,0.323380833
1132.jpg,2.7222222222222223,0.055555556,0.23570226,0.388888889,0.501631326,0.0,0.0,0.055555556,0.23570226,0.5,0.514495755,0.388888889,0.501631326,0.055555556,0.23570226
31_17_05.bmp,2.055555555555556,0.111111111,0.323380833,0.666666667,0.48507125,0.0,0.0,0.0,0.0,0.277777778,0.460888599,0.111111111,0.323380833,0.166666667,0.383482494
0981.jpg,3.6666666666666665,0.166666667,0.383482494,0.111111111,0.323380833,0.0,0.0,0.722222222,0.460888599,0.166666667,0.383482494,0.0,0.0,0.055555556,0.23570226
37_06_01.bmp,3.333333333333333,0.277777778,0.460888599,0.5,0.514495755,0.111111111,0.323380833,0.055555556,0.23570226,0.055555556,0.23570226,0.111111111,0.323380833,0.0,0.0
35_03_04.bmp,1.7222222222222223,0.111111111,0.323380833,0.944444444,0.23570226,0.0,0.0,0.0,0.0,0.0,0.0,0.0,0.0,0.0,0.0
16_03_04.bmp,2.055555555555556,0.055555556,0.23570226,0.833333333,0.383482494,0.0,0.0,0.0,0.0,0.333333333,0.48507125,0.388888889,0.501631326,0.055555556,0.23570226
21_03_05.bmp,1.3888888888888888,0.0,0.0,0.888888889,0.323380833,0.0,0.0,0.055555556,0.23570226,0.055555556,0.23570226,0.0,0.0,0.0,0.0
1070.jpg,3.333333333333333,0.055555556,0.23570226,0.555555556,0.511309993,0.055555556,0.23570226,0.333333333,0.48507125,0.055555556,0.23570226,0.055555556,0.23570226,0.0,0.0
13_12_02.bmp,3.111111111111111,0.555555556,0.511309993,0.166666667,0.383482494,0.111111111,0.323380833,0.0,0.0,0.111111111,0.323380833,0.0,0.0,0.055555556,0.23570226
22_08_05.bmp,1.6111111111111112,0.333333333,0.48507125,0.833333333,0.383482494,0.0,0.0,0.0,0.0,0.111111111,0.323380833,0.111111111,0.323380833,0.0,0.0
13_17_01.bmp,3.5,0.055555556,0.23570226,0.333333333,0.48507125,0.055555556,0.23570226,0.055555556,0.23570226,0.166666667,0.383482494,0.0,0.0,0.277777778,0.460888599
11_17_05.bmp,2.2222222222222223,0.111111111,0.323380833,0.5,0.514495755,0.0,0.0,0.055555556,0.23570226,0.277777778,0.460888599,0.166666667,0.383482494,0.277777778,0.460888599
01395.jpg,3.2777777777777777,0.111111111,0.323380833,0.666666667,0.48507125,0.111111111,0.323380833,0.0,0.0,0.111111111,0.323380833,0.055555556,0.23570226,0.055555556,0.23570226
27_12_02.bmp,2.6666666666666665,0.388888889,0.501631326,0.444444444,0.511309993,0.0,0.0,0.111111111,0.323380833,0.444444444,0.511309993,0.055555556,0.23570226,0.055555556,0.23570226
26_05_02.bmp,3.8333333333333335,0.222222222,0.427792632,0.277777778,0.460888599,0.166666667,0.383482494,0.0,0.0,0.111111111,0.323380833,0.0,0.0,0.111111111,0.323380833
32_10_03.bmp,2.555555555555556,0.666666667,0.48507125,0.444444444,0.511309993,0.055555556,0.23570226,0.111111111,0.323380833,0.333333333,0.48507125,0.055555556,0.23570226,0.0,0.0
0273.jpg,1.8333333333333333,0.333333333,0.48507125,0.388888889,0.501631326,0.0,0.0,0.888888889,0.323380833,0.222222222,0.427792632,0.0,0.0,0.0,0.0
01490.jpg,3.2777777777777777,0.055555556,0.23570226,0.666666667,0.48507125,0.166666667,0.383482494,0.055555556,0.23570226,0.0,0.0,0.0,0.0,0.111111111,0.323380833
18_21_03.bmp,2.4444444444444446,0.055555556,0.23570226,0.333333333,0.48507125,0.666666667,0.48507125,0.055555556,0.23570226,0.0,0.0,0.0,0.0,0.055555556,0.23570226
18_19_04.bmp,2.4444444444444446,0.277777778,0.460888599,0.444444444,0.511309993,0.444444444,0.511309993,0.111111111,0.323380833,0.055555556,0.23570226,0.0,0.0,0.0,0.0
29_20_01.bmp,2.833333333333333,0.277777778,0.460888599,0.333333333,0.48507125,0.111111111,0.323380833,0.222222222,0.427792632,0.166666667,0.383482494,0.111111111,0.323380833,0.055555556,0.23570226
09_15_05.bmp,2.833333333333333,0.222222222,0.427792632,0.444444444,0.511309993,0.111111111,0.323380833,0.277777778,0.460888599,0.166666667,0.383482494,0.055555556,0.23570226,0.055555556,0.23570226
09_15_02.bmp,2.7777777777777777,0.055555556,0.23570226,0.222222222,0.427792632,0.611111111,0.501631326,0.055555556,0.23570226,0.111111111,0.323380833,0.0,0.0,0.0,0.0
31_22_04.bmp,1.7222222222222223,0.111111111,0.323380833,0.888888889,0.323380833,0.0,0.0,0.055555556,0.23570226,0.166666667,0.383482494,0.055555556,0.23570226,0.0,0.0
35_22_02.bmp,2.2222222222222223,0.222222222,0.427792632,0.777777778,0.427792632,0.166666667,0.383482494,0.0,0.0,0.0,0.0,0.055555556,0.23570226,0.111111111,0.323380833
12_15_05.bmp,2.9444444444444446,0.111111111,0.323380833,0.222222222,0.427792632,0.055555556,0.23570226,0.388888889,0.501631326,0.166666667,0.383482494,0.055555556,0.23570226,0.055555556,0.23570226
37_23_04.bmp,2.5,0.111111111,0.323380833,0.222222222,0.427792632,0.0,0.0,0.722222222,0.460888599,0.111111111,0.323380833,0.111111111,0.323380833,0.111111111,0.323380833
11_22_04.bmp,1.9444444444444444,0.333333333,0.48507125,0.722222222,0.460888599,0.055555556,0.23570226,0.055555556,0.23570226,0.222222222,0.427792632,0.055555556,0.23570226,0.0,0.0
10_17_03.bmp,2.7777777777777777,0.0,0.0,0.555555556,0.511309993,0.0,0.0,0.055555556,0.23570226,0.388888889,0.501631326,0.277777778,0.460888599,0.166666667,0.383482494
07_15_02.bmp,1.8888888888888888,0.111111111,0.323380833,0.277777778,0.460888599,0.777777778,0.427792632,0.0,0.0,0.111111111,0.323380833,0.055555556,0.23570226,0.0,0.0
21_21_03.bmp,2.888888888888889,0.111111111,0.323380833,0.277777778,0.460888599,0.555555556,0.511309993,0.0,0.0,0.055555556,0.23570226,0.0,0.0,0.0,0.0
23_04_05.bmp,2.2777777777777777,0.277777778,0.460888599,0.388888889,0.501631326,0.111111111,0.323380833,0.111111111,0.323380833,0.222222222,0.427792632,0.166666667,0.383482494,0.0,0.0
03_11_05.bmp,2.1666666666666665,0.888888889,0.323380833,0.277777778,0.460888599,0.0,0.0,0.0,0.0,0.166666667,0.383482494,0.055555556,0.23570226,0.055555556,0.23570226
28_16_03.bmp,3.111111111111111,0.166666667,0.383482494,0.5,0.514495755,0.0,0.0,0.111111111,0.323380833,0.166666667,0.383482494,0.111111111,0.323380833,0.0,0.0
17_20_03.bmp,2.2777777777777777,0.444444444,0.511309993,0.222222222,0.427792632,0.277777778,0.460888599,0.333333333,0.48507125,0.166666667,0.383482494,0.0,0.0,0.0,0.0
30_05_05.bmp,1.7777777777777777,0.388888889,0.501631326,0.777777778,0.427792632,0.055555556,0.23570226,0.055555556,0.23570226,0.388888889,0.501631326,0.0,0.0,0.055555556,0.23570226
05_05_01.bmp,3.2222222222222223,0.222222222,0.427792632,0.5,0.514495755,0.055555556,0.23570226,0.0,0.0,0.0,0.0,0.111111111,0.323380833,0.111111111,0.323380833
24_23_03.bmp,2.2222222222222223,0.055555556,0.23570226,0.222222222,0.427792632,0.0,0.0,0.722222222,0.460888599,0.055555556,0.23570226,0.0,0.0,0.055555556,0.23570226
0949.jpg,2.6666666666666665,0.055555556,0.23570226,0.444444444,0.511309993,0.0,0.0,0.666666667,0.48507125,0.166666667,0.383482494,0.055555556,0.23570226,0.0,0.0
1125.jpg,2.7222222222222223,0.111111111,0.323380833,0.111111111,0.323380833,0.0,0.0,0.0,0.0,0.444444444,0.511309993,0.666666667,0.48507125,0.0,0.0
0037.jpg,2.555555555555556,0.055555556,0.23570226,0.388888889,0.501631326,0.888888889,0.323380833,0.055555556,0.23570226,0.0,0.0,0.0,0.0,0.0,0.0
32_19_03.bmp,2.2777777777777777,0.333333333,0.48507125,0.444444444,0.511309993,0.222222222,0.427792632,0.0,0.0,0.388888889,0.501631326,0.111111111,0.323380833,0.055555556,0.23570226
17_02_02.bmp,2.833333333333333,0.055555556,0.23570226,0.722222222,0.460888599,0.055555556,0.23570226,0.055555556,0.23570226,0.166666667,0.383482494,0.055555556,0.23570226,0.0,0.0
05_06_04.bmp,1.6666666666666667,0.555555556,0.511309993,0.333333333,0.48507125,0.222222222,0.427792632,0.055555556,0.23570226,0.055555556,0.23570226,0.277777778,0.460888599,0.055555556,0.23570226
28_15_01.bmp,2.388888888888889,0.055555556,0.23570226,0.222222222,0.427792632,0.888888889,0.323380833,0.055555556,0.23570226,0.166666667,0.383482494,0.055555556,0.23570226,0.0,0.0
17_02_05.bmp,1.2777777777777777,0.055555556,0.23570226,0.888888889,0.323380833,0.055555556,0.23570226,0.0,0.0,0.222222222,0.427792632,0.0,0.0,0.0,0.0
29_24_05.bmp,1.8333333333333333,0.055555556,0.23570226,0.888888889,0.323380833,0.0,0.0,0.0,0.0,0.055555556,0.23570226,0.0,0.0,0.055555556,0.23570226
36_01_04.bmp,1.7777777777777777,0.055555556,0.23570226,1.0,0.0,0.111111111,0.323380833,0.055555556,0.23570226,0.0,0.0,0.055555556,0.23570226,0.055555556,0.23570226
21_25_05.bmp,1.8888888888888888,0.055555556,0.23570226,0.166666667,0.383482494,0.0,0.0,0.055555556,0.23570226,0.0,0.0,0.055555556,0.23570226,0.888888889,0.323380833
36_21_02.bmp,2.2777777777777777,0.111111111,0.323380833,0.388888889,0.501631326,0.722222222,0.460888599,0.0,0.0,0.0,0.0,0.055555556,0.23570226,0.0,0.0
11_02_02.bmp,2.6666666666666665,0.055555556,0.23570226,0.722222222,0.460888599,0.055555556,0.23570226,0.055555556,0.23570226,0.333333333,0.48507125,0.055555556,0.23570226,0.0,0.0
27_08_03.bmp,2.5,0.166666667,0.383482494,0.611111111,0.501631326,0.055555556,0.23570226,0.0,0.0,0.5,0.514495755,0.0,0.0,0.055555556,0.23570226
0595.jpg,3.0,0.055555556,0.23570226,0.333333333,0.48507125,0.055555556,0.23570226,0.111111111,0.323380833,0.5,0.514495755,0.111111111,0.323380833,0.055555556,0.23570226
17_19_03.bmp,2.9444444444444446,0.166666667,0.383482494,0.388888889,0.501631326,0.444444444,0.511309993,0.0,0.0,0.222222222,0.427792632,0.111111111,0.323380833,0.0,0.0
10_02_02.bmp,2.555555555555556,0.055555556,0.23570226,0.722222222,0.460888599,0.0,0.0,0.0,0.0,0.388888889,0.501631326,0.222222222,0.427792632,0.0,0.0
21_23_03.bmp,2.555555555555556,0.111111111,0.323380833,0.166666667,0.383482494,0.0,0.0,0.722222222,0.460888599,0.0,0.0,0.0,0.0,0.055555556,0.23570226
13_01_03.bmp,3.055555555555556,0.111111111,0.323380833,0.888888889,0.323380833,0.055555556,0.23570226,0.0,0.0,0.111111111,0.323380833,0.055555556,0.23570226,0.055555556,0.23570226
19_03_05.bmp,1.8333333333333333,0.055555556,0.23570226,0.777777778,0.427792632,0.055555556,0.23570226,0.0,0.0,0.055555556,0.23570226,0.055555556,0.23570226,0.0,0.0
01285.jpg,4.166666666666667,0.166666667,0.383482494,0.111111111,0.323380833,0.055555556,0.23570226,0.0,0.0,0.111111111,0.323380833,0.055555556,0.23570226,0.0,0.0
35_13_02.bmp,2.7222222222222223,0.111111111,0.323380833,0.444444444,0.511309993,0.388888889,0.501631326,0.0,0.0,0.055555556,0.23570226,0.0,0.0,0.111111111,0.323380833
11_11_02.bmp,3.111111111111111,0.611111111,0.501631326,0.277777778,0.460888599,0.055555556,0.23570226,0.055555556,0.23570226,0.222222222,0.427792632,0.055555556,0.23570226,0.0,0.0
28_20_02.bmp,2.7222222222222223,0.444444444,0.511309993,0.611111111,0.501631326,0.166666667,0.383482494,0.0,0.0,0.166666667,0.383482494,0.055555556,0.23570226,0.055555556,0.23570226
01385.jpg,3.5,0.0,0.0,0.722222222,0.460888599,0.111111111,0.323380833,0.0,0.0,0.0,0.0,0.0,0.0,0.111111111,0.323380833
01478.jpg,3.5,0.166666667,0.383482494,0.555555556,0.511309993,0.111111111,0.323380833,0.0,0.0,0.0,0.0,0.0,0.0,0.055555556,0.23570226
05_18_03.bmp,1.9444444444444444,0.222222222,0.427792632,0.777777778,0.427792632,0.111111111,0.323380833,0.0,0.0,0.055555556,0.23570226,0.111111111,0.323380833,0.166666667,0.383482494
06_16_02.bmp,3.5,0.111111111,0.323380833,0.277777778,0.460888599,0.111111111,0.323380833,0.111111111,0.323380833,0.055555556,0.23570226,0.055555556,0.23570226,0.111111111,0.323380833
01434.jpg,3.888888888888889,0.0,0.0,0.5,0.514495755,0.055555556,0.23570226,0.0,0.0,0.0,0.0,0.055555556,0.23570226,0.0,0.0
24_24_03.bmp,2.2777777777777777,0.166666667,0.383482494,0.833333333,0.383482494,0.0,0.0,0.0,0.0,0.0,0.0,0.0,0.0,0.0,0.0
36_07_05.bmp,1.5,0.055555556,0.23570226,0.833333333,0.383482494,0.055555556,0.23570226,0.055555556,0.23570226,0.0,0.0,0.055555556,0.23570226,0.055555556,0.23570226
09_05_04.bmp,1.9444444444444444,0.333333333,0.48507125,0.777777778,0.427792632,0.055555556,0.23570226,0.055555556,0.23570226,0.111111111,0.323380833,0.111111111,0.323380833,0.0,0.0
04_24_01.bmp,2.5,0.166666667,0.383482494,0.833333333,0.383482494,0.111111111,0.323380833,0.0,0.0,0.222222222,0.427792632,0.0,0.0,0.111111111,0.323380833
35_24_03.bmp,1.7777777777777777,0.0,0.0,0.833333333,0.383482494,0.055555556,0.23570226,0.111111111,0.323380833,0.0,0.0,0.0,0.0,0.055555556,0.23570226
08_21_01.bmp,2.2777777777777777,0.222222222,0.427792632,0.388888889,0.501631326,0.722222222,0.460888599,0.111111111,0.323380833,0.0,0.0,0.111111111,0.323380833,0.0,0.0
0386.jpg,3.111111111111111,0.055555556,0.23570226,0.722222222,0.460888599,0.0,0.0,0.055555556,0.23570226,0.055555556,0.23570226,0.0,0.0,0.0,0.0
17_05_01.bmp,3.611111111111111,0.055555556,0.23570226,0.444444444,0.511309993,0.111111111,0.323380833,0.0,0.0,0.222222222,0.427792632,0.055555556,0.23570226,0.0,0.0
08_03_03.bmp,3.611111111111111,0.055555556,0.23570226,0.611111111,0.501631326,0.055555556,0.23570226,0.0,0.0,0.111111111,0.323380833,0.0,0.0,0.055555556,0.23570226
33_09_01.bmp,3.1666666666666665,0.5,0.514495755,0.444444444,0.511309993,0.0,0.0,0.0,0.0,0.388888889,0.501631326,0.0,0.0,0.0,0.0
18_08_02.bmp,3.0,0.388888889,0.501631326,0.555555556,0.511309993,0.055555556,0.23570226,0.0,0.0,0.0,0.0,0.0,0.0,0.111111111,0.323380833
31_04_05.bmp,2.333333333333333,0.388888889,0.501631326,0.333333333,0.48507125,0.222222222,0.427792632,0.055555556,0.23570226,0.166666667,0.383482494,0.166666667,0.383482494,0.111111111,0.323380833
01_11_04.bmp,1.8333333333333333,0.888888889,0.323380833,0.5,0.514495755,0.166666667,0.383482494,0.0,0.0,0.055555556,0.23570226,0.055555556,0.23570226,0.055555556,0.23570226
30_05_03.bmp,2.611111111111111,0.388888889,0.501631326,0.611111111,0.501631326,0.111111111,0.323380833,0.0,0.0,0.333333333,0.48507125,0.0,0.0,0.0,0.0
13_15_04.bmp,3.611111111111111,0.111111111,0.323380833,0.166666667,0.383482494,0.111111111,0.323380833,0.111111111,0.323380833,0.111111111,0.323380833,0.055555556,0.23570226,0.055555556,0.23570226
25_13_02.bmp,3.0,0.055555556,0.23570226,0.333333333,0.48507125,0.388888889,0.501631326,0.055555556,0.23570226,0.111111111,0.323380833,0.055555556,0.23570226,0.055555556,0.23570226
0689.jpg,2.888888888888889,0.166666667,0.383482494,0.277777778,0.460888599,0.111111111,0.323380833,0.0,0.0,0.166666667,0.383482494,0.5,0.514495755,0.111111111,0.323380833
36_04_03.bmp,2.833333333333333,0.222222222,0.427792632,0.444444444,0.511309993,0.277777778,0.460888599,0.055555556,0.23570226,0.0,0.0,0.055555556,0.23570226,0.055555556,0.23570226
22_05_05.bmp,1.3888888888888888,0.388888889,0.501631326,0.722222222,0.460888599,0.055555556,0.23570226,0.055555556,0.23570226,0.111111111,0.323380833,0.111111111,0.323380833,0.0,0.0
37_07_01.bmp,3.388888888888889,0.111111111,0.323380833,0.611111111,0.501631326,0.0,0.0,0.055555556,0.23570226,0.111111111,0.323380833,0.111111111,0.323380833,0.0,0.0
17_08_01.bmp,3.388888888888889,0.222222222,0.427792632,0.5,0.514495755,0.0,0.0,0.055555556,0.23570226,0.166666667,0.383482494,0.166666667,0.383482494,0.055555556,0.23570226
1025.jpg,2.833333333333333,0.055555556,0.23570226,0.444444444,0.511309993,0.0,0.0,0.5,0.514495755,0.166666667,0.383482494,0.0,0.0,0.111111111,0.323380833
0444.jpg,2.833333333333333,0.055555556,0.23570226,0.722222222,0.460888599,0.0,0.0,0.055555556,0.23570226,0.222222222,0.427792632,0.111111111,0.323380833,0.111111111,0.323380833
07_05_03.bmp,2.2222222222222223,0.277777778,0.460888599,0.722222222,0.460888599,0.055555556,0.23570226,0.0,0.0,0.111111111,0.323380833,0.111111111,0.323380833,0.111111111,0.323380833
13_22_02.bmp,2.611111111111111,0.222222222,0.427792632,0.777777778,0.427792632,0.055555556,0.23570226,0.055555556,0.23570226,0.055555556,0.23570226,0.0,0.0,0.0,0.0
17_18_02.bmp,2.7222222222222223,0.222222222,0.427792632,0.777777778,0.427792632,0.0,0.0,0.0,0.0,0.222222222,0.427792632,0.166666667,0.383482494,0.0,0.0
13_07_04.bmp,1.7222222222222223,0.166666667,0.383482494,0.944444444,0.23570226,0.055555556,0.23570226,0.0,0.0,0.055555556,0.23570226,0.111111111,0.323380833,0.0,0.0
17_25_05.bmp,1.8333333333333333,0.055555556,0.23570226,0.0,0.0,0.055555556,0.23570226,0.055555556,0.23570226,0.166666667,0.383482494,0.055555556,0.23570226,0.833333333,0.383482494
1083.jpg,3.4444444444444446,0.111111111,0.323380833,0.388888889,0.501631326,0.0,0.0,0.444444444,0.511309993,0.111111111,0.323380833,0.111111111,0.323380833,0.055555556,0.23570226
17_22_03.bmp,2.333333333333333,0.222222222,0.427792632,0.833333333,0.383482494,0.055555556,0.23570226,0.0,0.0,0.222222222,0.427792632,0.0,0.0,0.055555556,0.23570226
15_23_02.bmp,3.111111111111111,0.055555556,0.23570226,0.166666667,0.383482494,0.055555556,0.23570226,0.722222222,0.460888599,0.166666667,0.383482494,0.055555556,0.23570226,0.055555556,0.23570226
23_10_04.bmp,2.388888888888889,0.777777778,0.427792632,0.222222222,0.427792632,0.055555556,0.23570226,0.0,0.0,0.222222222,0.427792632,0.111111111,0.323380833,0.0,0.0
28_25_05.bmp,1.9444444444444444,0.055555556,0.23570226,0.166666667,0.383482494,0.111111111,0.323380833,0.0,0.0,0.166666667,0.383482494,0.111111111,0.323380833,0.777777778,0.427792632
0138.jpg,2.611111111111111,0.111111111,0.323380833,0.388888889,0.501631326,0.888888889,0.323380833,0.0,0.0,0.0,0.0,0.055555556,0.23570226,0.055555556,0.23570226
31_22_01.bmp,2.9444444444444446,0.111111111,0.323380833,0.722222222,0.460888599,0.055555556,0.23570226,0.0,0.0,0.166666667,0.383482494,0.0,0.0,0.111111111,0.323380833
0404.jpg,2.7777777777777777,0.055555556,0.23570226,0.833333333,0.383482494,0.055555556,0.23570226,0.055555556,0.23570226,0.0,0.0,0.0,0.0,0.0,0.0
34_03_05.bmp,1.5555555555555556,0.055555556,0.23570226,0.888888889,0.323380833,0.166666667,0.383482494,0.0,0.0,0.0,0.0,0.0,0.0,0.055555556,0.23570226
32_21_04.bmp,1.5555555555555556,0.166666667,0.383482494,0.555555556,0.511309993,0.166666667,0.383482494,0.5,0.514495755,0.388888889,0.501631326,0.0,0.0,0.0,0.0
1051.jpg,3.2777777777777777,0.0,0.0,0.555555556,0.511309993,0.055555556,0.23570226,0.5,0.514495755,0.111111111,0.323380833,0.0,0.0,0.111111111,0.323380833
08_09_03.bmp,3.0,0.722222222,0.460888599,0.0,0.0,0.0,0.0,0.055555556,0.23570226,0.111111111,0.323380833,0.0,0.0,0.0,0.0
01292.jpg,3.4444444444444446,0.333333333,0.48507125,0.555555556,0.511309993,0.111111111,0.323380833,0.0,0.0,0.388888889,0.501631326,0.0,0.0,0.0,0.0
19_06_03.bmp,2.555555555555556,0.388888889,0.501631326,0.222222222,0.427792632,0.277777778,0.460888599,0.055555556,0.23570226,0.111111111,0.323380833,0.277777778,0.460888599,0.055555556,0.23570226
0067.jpg,1.8888888888888888,0.0,0.0,0.611111111,0.501631326,1.0,0.0,0.055555556,0.23570226,0.055555556,0.23570226,0.055555556,0.23570226,0.166666667,0.383482494
19_20_02.bmp,2.388888888888889,0.5,0.514495755,0.166666667,0.383482494,0.222222222,0.427792632,0.222222222,0.427792632,0.111111111,0.323380833,0.055555556,0.23570226,0.055555556,0.23570226
25_09_02.bmp,2.7222222222222223,0.666666667,0.48507125,0.333333333,0.48507125,0.111111111,0.323380833,0.055555556,0.23570226,0.166666667,0.383482494,0.055555556,0.23570226,0.055555556,0.23570226
0519.jpg,3.5,0.055555556,0.23570226,0.388888889,0.501631326,0.0,0.0,0.388888889,0.501631326,0.5,0.514495755,0.0,0.0,0.0,0.0
24_17_05.bmp,2.4444444444444446,0.111111111,0.323380833,0.555555556,0.511309993,0.111111111,0.323380833,0.0,0.0,0.055555556,0.23570226,0.111111111,0.323380833,0.166666667,0.383482494
15_24_03.bmp,2.2777777777777777,0.055555556,0.23570226,0.833333333,0.383482494,0.0,0.0,0.0,0.0,0.222222222,0.427792632,0.0,0.0,0.0,0.0
19_07_05.bmp,1.3333333333333333,0.166666667,0.383482494,0.833333333,0.383482494,0.0,0.0,0.0,0.0,0.055555556,0.23570226,0.055555556,0.23570226,0.055555556,0.23570226
01182.jpg,3.388888888888889,0.166666667,0.383482494,0.5,0.514495755,0.0,0.0,0.166666667,0.383482494,0.666666667,0.48507125,0.0,0.0,0.055555556,0.23570226
0605.jpg,3.2222222222222223,0.055555556,0.23570226,0.611111111,0.501631326,0.055555556,0.23570226,0.055555556,0.23570226,0.333333333,0.48507125,0.0,0.0,0.0,0.0
01399.jpg,3.5,0.166666667,0.383482494,0.555555556,0.511309993,0.111111111,0.323380833,0.055555556,0.23570226,0.0,0.0,0.0,0.0,0.111111111,0.323380833
37_05_05.bmp,1.9444444444444444,0.444444444,0.511309993,0.722222222,0.460888599,0.111111111,0.323380833,0.0,0.0,0.055555556,0.23570226,0.111111111,0.323380833,0.0,0.0
35_01_02.bmp,2.611111111111111,0.055555556,0.23570226,0.777777778,0.427792632,0.055555556,0.23570226,0.0,0.0,0.0,0.0,0.055555556,0.23570226,0.055555556,0.23570226
20_22_04.bmp,2.0,0.111111111,0.323380833,0.833333333,0.383482494,0.055555556,0.23570226,0.0,0.0,0.111111111,0.323380833,0.055555556,0.23570226,0.0,0.0
13_19_01.bmp,3.6666666666666665,0.222222222,0.427792632,0.222222222,0.427792632,0.277777778,0.460888599,0.0,0.0,0.111111111,0.323380833,0.0,0.0,0.111111111,0.323380833
14_22_04.bmp,2.0,0.222222222,0.427792632,0.833333333,0.383482494,0.055555556,0.23570226,0.0,0.0,0.055555556,0.23570226,0.055555556,0.23570226,0.055555556,0.23570226
23_25_05.bmp,2.1666666666666665,0.111111111,0.323380833,0.055555556,0.23570226,0.0,0.0,0.0,0.0,0.111111111,0.323380833,0.055555556,0.23570226,0.777777778,0.427792632
14_20_02.bmp,2.555555555555556,0.333333333,0.48507125,0.333333333,0.48507125,0.166666667,0.383482494,0.222222222,0.427792632,0.055555556,0.23570226,0.055555556,0.23570226,0.0,0.0
36_25_03.bmp,2.333333333333333,0.055555556,0.23570226,0.222222222,0.427792632,0.111111111,0.323380833,0.0,0.0,0.055555556,0.23570226,0.0,0.0,1.0,0.0
34_07_02.bmp,2.333333333333333,0.222222222,0.427792632,0.833333333,0.383482494,0.111111111,0.323380833,0.0,0.0,0.0,0.0,0.055555556,0.23570226,0.055555556,0.23570226
28_23_04.bmp,2.333333333333333,0.0,0.0,0.277777778,0.460888599,0.0,0.0,0.722222222,0.460888599,0.166666667,0.383482494,0.0,0.0,0.055555556,0.23570226
25_15_05.bmp,2.9444444444444446,0.055555556,0.23570226,0.333333333,0.48507125,0.111111111,0.323380833,0.277777778,0.460888599,0.111111111,0.323380833,0.055555556,0.23570226,0.055555556,0.23570226
14_19_02.bmp,3.111111111111111,0.166666667,0.383482494,0.333333333,0.48507125,0.277777778,0.460888599,0.0,0.0,0.055555556,0.23570226,0.055555556,0.23570226,0.111111111,0.323380833
31_08_04.bmp,2.111111111111111,0.166666667,0.383482494,0.777777778,0.427792632,0.0,0.0,0.111111111,0.323380833,0.111111111,0.323380833,0.055555556,0.23570226,0.055555556,0.23570226
0093.jpg,2.2777777777777777,0.055555556,0.23570226,0.611111111,0.501631326,0.944444444,0.23570226,0.0,0.0,0.055555556,0.23570226,0.0,0.0,0.0,0.0
35_02_01.bmp,2.7222222222222223,0.166666667,0.383482494,0.666666667,0.48507125,0.055555556,0.23570226,0.0,0.0,0.0,0.0,0.0,0.0,0.055555556,0.23570226
03_05_01.bmp,3.8333333333333335,0.055555556,0.23570226,0.277777778,0.460888599,0.111111111,0.323380833,0.055555556,0.23570226,0.111111111,0.323380833,0.0,0.0,0.111111111,0.323380833
21_02_01.bmp,3.388888888888889,0.111111111,0.323380833,0.5,0.514495755,0.055555556,0.23570226,0.0,0.0,0.055555556,0.23570226,0.055555556,0.23570226,0.055555556,0.23570226
20_05_04.bmp,2.055555555555556,0.222222222,0.427792632,0.666666667,0.48507125,0.111111111,0.323380833,0.0,0.0,0.166666667,0.383482494,0.111111111,0.323380833,0.055555556,0.23570226
04_21_02.bmp,2.5,0.222222222,0.427792632,0.444444444,0.511309993,0.444444444,0.511309993,0.0,0.0,0.111111111,0.323380833,0.055555556,0.23570226,0.055555556,0.23570226
32_20_02.bmp,2.055555555555556,0.555555556,0.511309993,0.5,0.514495755,0.166666667,0.383482494,0.0,0.0,0.388888889,0.501631326,0.055555556,0.23570226,0.055555556,0.23570226
0820.jpg,3.2777777777777777,0.166666667,0.383482494,0.444444444,0.511309993,0.055555556,0.23570226,0.0,0.0,0.166666667,0.383482494,0.055555556,0.23570226,0.0,0.0
23_12_04.bmp,2.4444444444444446,0.722222222,0.460888599,0.277777778,0.460888599,0.111111111,0.323380833,0.0,0.0,0.222222222,0.427792632,0.055555556,0.23570226,0.0,0.0
05_14_02.bmp,3.1666666666666665,0.111111111,0.323380833,0.277777778,0.460888599,0.055555556,0.23570226,0.222222222,0.427792632,0.0,0.0,0.111111111,0.323380833,0.111111111,0.323380833
01297.jpg,3.5,0.277777778,0.460888599,0.277777778,0.460888599,0.055555556,0.23570226,0.0,0.0,0.277777778,0.460888599,0.166666667,0.383482494,0.0,0.0
37_16_02.bmp,3.2777777777777777,0.055555556,0.23570226,0.555555556,0.511309993,0.0,0.0,0.055555556,0.23570226,0.055555556,0.23570226,0.055555556,0.23570226,0.0,0.0
0589.jpg,3.2222222222222223,0.111111111,0.323380833,0.333333333,0.48507125,0.0,0.0,0.277777778,0.460888599,0.555555556,0.511309993,0.055555556,0.23570226,0.055555556,0.23570226
22_17_02.bmp,2.9444444444444446,0.111111111,0.323380833,0.555555556,0.511309993,0.055555556,0.23570226,0.055555556,0.23570226,0.111111111,0.323380833,0.166666667,0.383482494,0.166666667,0.383482494
27_10_02.bmp,2.9444444444444446,0.611111111,0.501631326,0.388888889,0.501631326,0.055555556,0.23570226,0.0,0.0,0.444444444,0.511309993,0.055555556,0.23570226,0.111111111,0.323380833
09_21_01.bmp,2.7222222222222223,0.111111111,0.323380833,0.222222222,0.427792632,0.722222222,0.460888599,0.0,0.0,0.111111111,0.323380833,0.0,0.0,0.0,0.0
14_01_01.bmp,3.4444444444444446,0.111111111,0.323380833,0.5,0.514495755,0.055555556,0.23570226,0.0,0.0,0.0,0.0,0.166666667,0.383482494,0.055555556,0.23570226
22_19_01.bmp,3.333333333333333,0.111111111,0.323380833,0.444444444,0.511309993,0.055555556,0.23570226,0.0,0.0,0.111111111,0.323380833,0.111111111,0.323380833,0.0,0.0
35_01_03.bmp,2.2777777777777777,0.055555556,0.23570226,0.833333333,0.383482494,0.0,0.0,0.055555556,0.23570226,0.0,0.0,0.111111111,0.323380833,0.055555556,0.23570226
36_19_03.bmp,3.055555555555556,0.055555556,0.23570226,0.5,0.514495755,0.166666667,0.383482494,0.0,0.0,0.055555556,0.23570226,0.0,0.0,0.111111111,0.323380833
29_11_01.bmp,3.2777777777777777,0.5,0.514495755,0.333333333,0.48507125,0.0,0.0,0.0,0.0,0.111111111,0.323380833,0.111111111,0.323380833,0.055555556,0.23570226
16_20_02.bmp,2.4444444444444446,0.388888889,0.501631326,0.222222222,0.427792632,0.277777778,0.460888599,0.111111111,0.323380833,0.333333333,0.48507125,0.222222222,0.427792632,0.0,0.0
07_19_04.bmp,2.111111111111111,0.555555556,0.511309993,0.277777778,0.460888599,0.388888889,0.501631326,0.0,0.0,0.055555556,0.23570226,0.055555556,0.23570226,0.0,0.0
02_19_01.bmp,2.888888888888889,0.166666667,0.383482494,0.5,0.514495755,0.166666667,0.383482494,0.055555556,0.23570226,0.444444444,0.511309993,0.055555556,0.23570226,0.055555556,0.23570226
05_12_01.bmp,3.1666666666666665,0.333333333,0.48507125,0.388888889,0.501631326,0.111111111,0.323380833,0.0,0.0,0.0,0.0,0.055555556,0.23570226,0.055555556,0.23570226
01246.jpg,3.611111111111111,0.388888889,0.501631326,0.444444444,0.511309993,0.0,0.0,0.0,0.0,0.0,0.0,0.055555556,0.23570226,0.0,0.0
25_24_03.bmp,1.7777777777777777,0.111111111,0.323380833,0.833333333,0.383482494,0.111111111,0.323380833,0.0,0.0,0.111111111,0.323380833,0.055555556,0.23570226,0.0,0.0
17_01_03.bmp,2.6666666666666665,0.055555556,0.23570226,0.833333333,0.383482494,0.055555556,0.23570226,0.0,0.0,0.277777778,0.460888599,0.111111111,0.323380833,0.0,0.0
08_05_01.bmp,4.055555555555555,0.111111111,0.323380833,0.111111111,0.323380833,0.055555556,0.23570226,0.111111111,0.323380833,0.166666667,0.383482494,0.0,0.0,0.055555556,0.23570226
02_04_05.bmp,2.2777777777777777,0.222222222,0.427792632,0.277777778,0.460888599,0.222222222,0.427792632,0.0,0.0,0.5,0.514495755,0.166666667,0.383482494,0.055555556,0.23570226
08_21_02.bmp,2.4444444444444446,0.222222222,0.427792632,0.222222222,0.427792632,0.611111111,0.501631326,0.111111111,0.323380833,0.055555556,0.23570226,0.055555556,0.23570226,0.0,0.0
15_07_02.bmp,2.9444444444444446,0.166666667,0.383482494,0.611111111,0.501631326,0.055555556,0.23570226,0.0,0.0,0.222222222,0.427792632,0.055555556,0.23570226,0.0,0.0
01220.jpg,2.555555555555556,0.333333333,0.48507125,0.833333333,0.383482494,0.0,0.0,0.055555556,0.23570226,0.444444444,0.511309993,0.0,0.0,0.0,0.0
09_04_01.bmp,3.5,0.111111111,0.323380833,0.5,0.514495755,0.166666667,0.383482494,0.055555556,0.23570226,0.111111111,0.323380833,0.055555556,0.23570226,0.0,0.0
33_08_05.bmp,2.055555555555556,0.222222222,0.427792632,0.666666667,0.48507125,0.055555556,0.23570226,0.055555556,0.23570226,0.388888889,0.501631326,0.055555556,0.23570226,0.0,0.0
18_04_04.bmp,2.5,0.333333333,0.48507125,0.333333333,0.48507125,0.222222222,0.427792632,0.055555556,0.23570226,0.055555556,0.23570226,0.166666667,0.383482494,0.111111111,0.323380833
22_06_03.bmp,2.4444444444444446,0.388888889,0.501631326,0.444444444,0.511309993,0.222222222,0.427792632,0.0,0.0,0.111111111,0.323380833,0.222222222,0.427792632,0.0,0.0
34_14_01.bmp,3.2777777777777777,0.111111111,0.323380833,0.444444444,0.511309993,0.277777778,0.460888599,0.055555556,0.23570226,0.0,0.0,0.0,0.0,0.055555556,0.23570226
0074.jpg,3.7777777777777777,0.0,0.0,0.166666667,0.383482494,0.555555556,0.511309993,0.0,0.0,0.166666667,0.383482494,0.0,0.0,0.055555556,0.23570226
35_23_04.bmp,2.1666666666666665,0.0,0.0,0.333333333,0.48507125,0.055555556,0.23570226,0.722222222,0.460888599,0.0,0.0,0.0,0.0,0.166666667,0.383482494
0461.jpg,3.1666666666666665,0.055555556,0.23570226,0.277777778,0.460888599,0.0,0.0,0.166666667,0.383482494,0.777777778,0.427792632,0.0,0.0,0.111111111,0.323380833
23_01_05.bmp,1.3888888888888888,0.0,0.0,0.888888889,0.323380833,0.0,0.0,0.055555556,0.23570226,0.222222222,0.427792632,0.0,0.0,0.0,0.0
01284.jpg,3.2222222222222223,0.111111111,0.323380833,0.277777778,0.460888599,0.0,0.0,0.0,0.0,0.5,0.514495755,0.277777778,0.460888599,0.444444444,0.511309993
07_12_02.bmp,2.7777777777777777,0.722222222,0.460888599,0.388888889,0.501631326,0.055555556,0.23570226,0.055555556,0.23570226,0.111111111,0.323380833,0.0,0.0,0.055555556,0.23570226
27_11_04.bmp,2.6666666666666665,0.666666667,0.48507125,0.277777778,0.460888599,0.055555556,0.23570226,0.0,0.0,0.555555556,0.511309993,0.055555556,0.23570226,0.055555556,0.23570226
12_15_02.bmp,2.888888888888889,0.055555556,0.23570226,0.111111111,0.323380833,0.722222222,0.460888599,0.0,0.0,0.0,0.0,0.0,0.0,0.055555556,0.23570226
13_19_04.bmp,3.333333333333333,0.055555556,0.23570226,0.111111111,0.323380833,0.555555556,0.511309993,0.0,0.0,0.111111111,0.323380833,0.111111111,0.323380833,0.0,0.0
20_20_01.bmp,2.5,0.5,0.514495755,0.222222222,0.427792632,0.222222222,0.427792632,0.277777778,0.460888599,0.111111111,0.323380833,0.055555556,0.23570226,0.0,0.0
05_01_02.bmp,3.2222222222222223,0.111111111,0.323380833,0.555555556,0.511309993,0.166666667,0.383482494,0.055555556,0.23570226,0.0,0.0,0.055555556,0.23570226,0.055555556,0.23570226
02_03_02.bmp,3.0,0.0,0.0,0.555555556,0.511309993,0.055555556,0.23570226,0.0,0.0,0.611111111,0.501631326,0.0,0.0,0.055555556,0.23570226
09_16_02.bmp,3.2777777777777777,0.166666667,0.383482494,0.611111111,0.501631326,0.0,0.0,0.055555556,0.23570226,0.111111111,0.323380833,0.0,0.0,0.0,0.0
09_22_04.bmp,1.7777777777777777,0.222222222,0.427792632,0.777777778,0.427792632,0.166666667,0.383482494,0.0,0.0,0.222222222,0.427792632,0.111111111,0.323380833,0.0,0.0
28_14_05.bmp,1.4444444444444444,0.166666667,0.383482494,0.277777778,0.460888599,0.055555556,0.23570226,0.722222222,0.460888599,0.277777778,0.460888599,0.055555556,0.23570226,0.0,0.0
26_24_05.bmp,1.4444444444444444,0.0,0.0,0.888888889,0.323380833,0.055555556,0.23570226,0.055555556,0.23570226,0.0,0.0,0.055555556,0.23570226,0.111111111,0.323380833
32_12_01.bmp,2.7222222222222223,0.166666667,0.383482494,0.444444444,0.511309993,0.055555556,0.23570226,0.111111111,0.323380833,0.333333333,0.48507125,0.055555556,0.23570226,0.0,0.0
22_01_02.bmp,3.1666666666666665,0.055555556,0.23570226,0.555555556,0.511309993,0.055555556,0.23570226,0.0,0.0,0.166666667,0.383482494,0.166666667,0.383482494,0.055555556,0.23570226
12_20_03.bmp,2.2777777777777777,0.388888889,0.501631326,0.222222222,0.427792632,0.277777778,0.460888599,0.222222222,0.427792632,0.055555556,0.23570226,0.055555556,0.23570226,0.055555556,0.23570226
33_14_01.bmp,3.111111111111111,0.0,0.0,0.444444444,0.511309993,0.055555556,0.23570226,0.388888889,0.501631326,0.444444444,0.511309993,0.0,0.0,0.0,0.0
12_18_03.bmp,2.5,0.111111111,0.323380833,0.777777778,0.427792632,0.055555556,0.23570226,0.055555556,0.23570226,0.055555556,0.23570226,0.111111111,0.323380833,0.0,0.0
1015.jpg,3.7777777777777777,0.111111111,0.323380833,0.333333333,0.48507125,0.055555556,0.23570226,0.277777778,0.460888599,0.055555556,0.23570226,0.055555556,0.23570226,0.0,0.0
25_10_01.bmp,3.0,0.277777778,0.460888599,0.388888889,0.501631326,0.055555556,0.23570226,0.0,0.0,0.111111111,0.323380833,0.0,0.0,0.111111111,0.323380833
36_16_05.bmp,1.6111111111111112,0.222222222,0.427792632,0.888888889,0.323380833,0.055555556,0.23570226,0.055555556,0.23570226,0.0,0.0,0.0,0.0,0.0,0.0
27_23_02.bmp,2.7222222222222223,0.055555556,0.23570226,0.166666667,0.383482494,0.055555556,0.23570226,0.722222222,0.460888599,0.222222222,0.427792632,0.0,0.0,0.0,0.0
15_01_02.bmp,3.388888888888889,0.166666667,0.383482494,0.444444444,0.511309993,0.0,0.0,0.0,0.0,0.333333333,0.48507125,0.0,0.0,0.055555556,0.23570226
17_16_01.bmp,3.1666666666666665,0.0,0.0,0.388888889,0.501631326,0.277777778,0.460888599,0.0,0.0,0.166666667,0.383482494,0.111111111,0.323380833,0.055555556,0.23570226
20_22_01.bmp,3.0,0.055555556,0.23570226,0.5,0.514495755,0.277777778,0.460888599,0.055555556,0.23570226,0.111111111,0.323380833,0.055555556,0.23570226,0.0,0.0
18_03_05.bmp,1.6111111111111112,0.111111111,0.323380833,0.833333333,0.383482494,0.055555556,0.23570226,0.0,0.0,0.0,0.0,0.055555556,0.23570226,0.0,0.0
34_17_04.bmp,2.333333333333333,0.111111111,0.323380833,0.555555556,0.511309993,0.166666667,0.383482494,0.0,0.0,0.111111111,0.323380833,0.166666667,0.383482494,0.222222222,0.427792632
34_06_04.bmp,2.0,0.333333333,0.48507125,0.388888889,0.501631326,0.333333333,0.48507125,0.055555556,0.23570226,0.0,0.0,0.166666667,0.383482494,0.055555556,0.23570226
14_15_01.bmp,1.3888888888888888,0.0,0.0,0.111111111,0.323380833,0.888888889,0.323380833,0.055555556,0.23570226,0.0,0.0,0.111111111,0.323380833,0.055555556,0.23570226
37_01_04.bmp,2.6666666666666665,0.0,0.0,0.833333333,0.383482494,0.055555556,0.23570226,0.055555556,0.23570226,0.055555556,0.23570226,0.055555556,0.23570226,0.055555556,0.23570226
15_23_05.bmp,2.111111111111111,0.111111111,0.323380833,0.166666667,0.383482494,0.0,0.0,0.722222222,0.460888599,0.222222222,0.427792632,0.055555556,0.23570226,0.055555556,0.23570226
36_11_05.bmp,1.8888888888888888,0.888888889,0.323380833,0.388888889,0.501631326,0.222222222,0.427792632,0.0,0.0,0.055555556,0.23570226,0.055555556,0.23570226,0.055555556,0.23570226
15_19_02.bmp,3.111111111111111,0.166666667,0.383482494,0.333333333,0.48507125,0.166666667,0.383482494,0.0,0.0,0.222222222,0.427792632,0.0,0.0,0.0,0.0
32_20_03.bmp,1.7222222222222223,0.611111111,0.501631326,0.444444444,0.511309993,0.166666667,0.383482494,0.055555556,0.23570226,0.333333333,0.48507125,0.111111111,0.323380833,0.055555556,0.23570226
27_16_01.bmp,3.1666666666666665,0.055555556,0.23570226,0.5,0.514495755,0.055555556,0.23570226,0.166666667,0.383482494,0.333333333,0.48507125,0.055555556,0.23570226,0.055555556,0.23570226
0655.jpg,3.333333333333333,0.111111111,0.323380833,0.5,0.514495755,0.0,0.0,0.055555556,0.23570226,0.111111111,0.323380833,0.111111111,0.323380833,0.111111111,0.323380833
0046.jpg,3.2222222222222223,0.055555556,0.23570226,0.277777778,0.460888599,0.833333333,0.383482494,0.0,0.0,0.111111111,0.323380833,0.0,0.0,0.0,0.0
13_25_05.bmp,2.055555555555556,0.0,0.0,0.055555556,0.23570226,0.111111111,0.323380833,0.0,0.0,0.055555556,0.23570226,0.055555556,0.23570226,0.944444444,0.23570226
16_13_03.bmp,3.111111111111111,0.111111111,0.323380833,0.166666667,0.383482494,0.555555556,0.511309993,0.0,0.0,0.333333333,0.48507125,0.333333333,0.48507125,0.0,0.0
36_18_04.bmp,2.2777777777777777,0.055555556,0.23570226,0.777777778,0.427792632,0.222222222,0.427792632,0.055555556,0.23570226,0.055555556,0.23570226,0.0,0.0,0.055555556,0.23570226
0777.jpg,3.611111111111111,0.0,0.0,0.444444444,0.511309993,0.0,0.0,0.0,0.0,0.111111111,0.323380833,0.055555556,0.23570226,0.111111111,0.323380833
31_01_03.bmp,2.833333333333333,0.0,0.0,0.833333333,0.383482494,0.0,0.0,0.055555556,0.23570226,0.222222222,0.427792632,0.0,0.0,0.055555556,0.23570226
27_20_05.bmp,1.7777777777777777,0.611111111,0.501631326,0.277777778,0.460888599,0.277777778,0.460888599,0.166666667,0.383482494,0.388888889,0.501631326,0.055555556,0.23570226,0.0,0.0
37_07_03.bmp,2.2777777777777777,0.166666667,0.383482494,0.777777778,0.427792632,0.055555556,0.23570226,0.111111111,0.323380833,0.055555556,0.23570226,0.055555556,0.23570226,0.0,0.0
05_01_03.bmp,2.6666666666666665,0.111111111,0.323380833,0.666666667,0.48507125,0.222222222,0.427792632,0.055555556,0.23570226,0.0,0.0,0.055555556,0.23570226,0.055555556,0.23570226
17_03_03.bmp,2.9444444444444446,0.166666667,0.383482494,0.777777778,0.427792632,0.0,0.0,0.0,0.0,0.222222222,0.427792632,0.055555556,0.23570226,0.0,0.0
20_05_03.bmp,2.5,0.277777778,0.460888599,0.611111111,0.501631326,0.111111111,0.323380833,0.0,0.0,0.111111111,0.323380833,0.166666667,0.383482494,0.0,0.0
01414.jpg,3.5,0.111111111,0.323380833,0.555555556,0.511309993,0.111111111,0.323380833,0.0,0.0,0.0,0.0,0.0,0.0,0.0,0.0
17_18_05.bmp,1.6666666666666667,0.055555556,0.23570226,0.833333333,0.383482494,0.0,0.0,0.0,0.0,0.277777778,0.460888599,0.111111111,0.323380833,0.111111111,0.323380833
07_14_05.bmp,2.111111111111111,0.222222222,0.427792632,0.222222222,0.427792632,0.055555556,0.23570226,0.777777778,0.427792632,0.166666667,0.383482494,0.055555556,0.23570226,0.0,0.0
0163.jpg,2.6666666666666665,0.111111111,0.323380833,0.388888889,0.501631326,0.888888889,0.323380833,0.0,0.0,0.222222222,0.427792632,0.0,0.0,0.0,0.0
12_16_01.bmp,3.2777777777777777,0.055555556,0.23570226,0.333333333,0.48507125,0.277777778,0.460888599,0.111111111,0.323380833,0.111111111,0.323380833,0.055555556,0.23570226,0.055555556,0.23570226
30_15_04.bmp,3.111111111111111,0.0,0.0,0.333333333,0.48507125,0.0,0.0,0.388888889,0.501631326,0.333333333,0.48507125,0.055555556,0.23570226,0.0,0.0
16_13_01.bmp,3.333333333333333,0.0,0.0,0.111111111,0.323380833,0.166666667,0.383482494,0.0,0.0,0.388888889,0.501631326,0.333333333,0.48507125,0.0,0.0
09_06_04.bmp,1.8333333333333333,0.222222222,0.427792632,0.5,0.514495755,0.166666667,0.383482494,0.111111111,0.323380833,0.222222222,0.427792632,0.166666667,0.383482494,0.055555556,0.23570226
13_19_02.bmp,3.1666666666666665,0.222222222,0.427792632,0.333333333,0.48507125,0.444444444,0.511309993,0.0,0.0,0.111111111,0.323380833,0.0,0.0,0.055555556,0.23570226
0522.jpg,2.833333333333333,0.055555556,0.23570226,0.555555556,0.511309993,0.055555556,0.23570226,0.444444444,0.511309993,0.5,0.514495755,0.0,0.0,0.0,0.0
18_21_04.bmp,2.333333333333333,0.222222222,0.427792632,0.444444444,0.511309993,0.111111111,0.323380833,0.5,0.514495755,0.0,0.0,0.055555556,0.23570226,0.0,0.0
28_25_04.bmp,2.055555555555556,0.111111111,0.323380833,0.222222222,0.427792632,0.055555556,0.23570226,0.055555556,0.23570226,0.166666667,0.383482494,0.055555556,0.23570226,0.777777778,0.427792632
16_19_04.bmp,2.2222222222222223,0.277777778,0.460888599,0.222222222,0.427792632,0.555555556,0.511309993,0.111111111,0.323380833,0.277777778,0.460888599,0.333333333,0.48507125,0.0,0.0
23_23_05.bmp,1.8333333333333333,0.055555556,0.23570226,0.277777778,0.460888599,0.055555556,0.23570226,0.777777778,0.427792632,0.111111111,0.323380833,0.0,0.0,0.111111111,0.323380833
20_09_02.bmp,2.888888888888889,0.722222222,0.460888599,0.277777778,0.460888599,0.055555556,0.23570226,0.0,0.0,0.111111111,0.323380833,0.111111111,0.323380833,0.055555556,0.23570226
0196.jpg,1.9444444444444444,0.055555556,0.23570226,0.222222222,0.427792632,0.0,0.0,0.888888889,0.323380833,0.0,0.0,0.0,0.0,0.0,0.0
33_02_03.bmp,2.4444444444444446,0.111111111,0.323380833,0.833333333,0.383482494,0.0,0.0,0.0,0.0,0.388888889,0.501631326,0.0,0.0,0.055555556,0.23570226
28_25_01.bmp,2.888888888888889,0.055555556,0.23570226,0.111111111,0.323380833,0.055555556,0.23570226,0.0,0.0,0.222222222,0.427792632,0.055555556,0.23570226,0.944444444,0.23570226
10_13_02.bmp,3.055555555555556,0.055555556,0.23570226,0.388888889,0.501631326,0.166666667,0.383482494,0.0,0.0,0.388888889,0.501631326,0.222222222,0.427792632,0.111111111,0.323380833
23_19_02.bmp,2.7777777777777777,0.166666667,0.383482494,0.277777778,0.460888599,0.5,0.514495755,0.055555556,0.23570226,0.277777778,0.460888599,0.0,0.0,0.0,0.0
16_11_04.bmp,2.7222222222222223,0.777777778,0.427792632,0.277777778,0.460888599,0.055555556,0.23570226,0.0,0.0,0.333333333,0.48507125,0.333333333,0.48507125,0.0,0.0
20_09_04.bmp,2.611111111111111,0.777777778,0.427792632,0.222222222,0.427792632,0.055555556,0.23570226,0.055555556,0.23570226,0.055555556,0.23570226,0.111111111,0.323380833,0.0,0.0
1144.jpg,2.5,0.0,0.0,0.222222222,0.427792632,0.055555556,0.23570226,0.0,0.0,0.111111111,0.323380833,0.833333333,0.383482494,0.166666667,0.383482494
0939.jpg,2.888888888888889,0.055555556,0.23570226,0.333333333,0.48507125,0.055555556,0.23570226,0.666666667,0.48507125,0.166666667,0.383482494,0.055555556,0.23570226,0.055555556,0.23570226
16_22_02.bmp,2.7222222222222223,0.166666667,0.383482494,0.666666667,0.48507125,0.055555556,0.23570226,0.0,0.0,0.277777778,0.460888599,0.277777778,0.460888599,0.0,0.0
28_16_04.bmp,2.5,0.111111111,0.323380833,0.777777778,0.427792632,0.055555556,0.23570226,0.111111111,0.323380833,0.222222222,0.427792632,0.0,0.0,0.0,0.0
01_07_02.bmp,2.888888888888889,0.166666667,0.383482494,0.666666667,0.48507125,0.111111111,0.323380833,0.055555556,0.23570226,0.0,0.0,0.0,0.0,0.055555556,0.23570226
37_14_01.bmp,3.333333333333333,0.111111111,0.323380833,0.444444444,0.511309993,0.055555556,0.23570226,0.388888889,0.501631326,0.055555556,0.23570226,0.055555556,0.23570226,0.0,0.0
18_18_02.bmp,2.555555555555556,0.111111111,0.323380833,0.777777778,0.427792632,0.111111111,0.323380833,0.055555556,0.23570226,0.0,0.0,0.0,0.0,0.111111111,0.323380833
27_01_05.bmp,1.5555555555555556,0.055555556,0.23570226,0.888888889,0.323380833,0.0,0.0,0.0,0.0,0.444444444,0.511309993,0.055555556,0.23570226,0.0,0.0
22_17_05.bmp,2.2222222222222223,0.055555556,0.23570226,0.611111111,0.501631326,0.0,0.0,0.055555556,0.23570226,0.166666667,0.383482494,0.222222222,0.427792632,0.055555556,0.23570226
01473.jpg,3.8333333333333335,0.055555556,0.23570226,0.444444444,0.511309993,0.111111111,0.323380833,0.0,0.0,0.055555556,0.23570226,0.0,0.0,0.055555556,0.23570226
0291.jpg,1.9444444444444444,0.111111111,0.323380833,0.388888889,0.501631326,0.055555556,0.23570226,0.833333333,0.383482494,0.055555556,0.23570226,0.0,0.0,0.111111111,0.323380833
15_12_03.bmp,2.833333333333333,0.611111111,0.501631326,0.166666667,0.383482494,0.166666667,0.383482494,0.0,0.0,0.222222222,0.427792632,0.055555556,0.23570226,0.0,0.0
0010.jpg,3.0,0.055555556,0.23570226,0.333333333,0.48507125,0.777777778,0.427792632,0.0,0.0,0.111111111,0.323380833,0.277777778,0.460888599,0.0,0.0
24_04_01.bmp,3.555555555555556,0.055555556,0.23570226,0.5,0.514495755,0.111111111,0.323380833,0.0,0.0,0.0,0.0,0.0,0.0,0.055555556,0.23570226
02_16_03.bmp,2.611111111111111,0.333333333,0.48507125,0.666666667,0.48507125,0.055555556,0.23570226,0.0,0.0,0.333333333,0.48507125,0.055555556,0.23570226,0.055555556,0.23570226
24_10_03.bmp,2.6666666666666665,0.722222222,0.460888599,0.333333333,0.48507125,0.111111111,0.323380833,0.055555556,0.23570226,0.055555556,0.23570226,0.0,0.0,0.0,0.0
27_20_03.bmp,2.2222222222222223,0.444444444,0.511309993,0.333333333,0.48507125,0.166666667,0.383482494,0.166666667,0.383482494,0.388888889,0.501631326,0.0,0.0,0.055555556,0.23570226
05_23_03.bmp,2.6666666666666665,0.111111111,0.323380833,0.277777778,0.460888599,0.0,0.0,0.777777778,0.427792632,0.0,0.0,0.055555556,0.23570226,0.111111111,0.323380833
04_24_02.bmp,2.2222222222222223,0.111111111,0.323380833,0.777777778,0.427792632,0.055555556,0.23570226,0.055555556,0.23570226,0.222222222,0.427792632,0.0,0.0,0.055555556,0.23570226
1069.jpg,3.388888888888889,0.055555556,0.23570226,0.388888889,0.501631326,0.0,0.0,0.333333333,0.48507125,0.222222222,0.427792632,0.055555556,0.23570226,0.055555556,0.23570226
0574.jpg,3.1666666666666665,0.111111111,0.323380833,0.277777778,0.460888599,0.0,0.0,0.055555556,0.23570226,0.555555556,0.511309993,0.055555556,0.23570226,0.111111111,0.323380833
29_09_01.bmp,3.055555555555556,0.555555556,0.511309993,0.333333333,0.48507125,0.055555556,0.23570226,0.0,0.0,0.111111111,0.323380833,0.111111111,0.323380833,0.111111111,0.323380833
24_18_02.bmp,2.4444444444444446,0.111111111,0.323380833,0.666666667,0.48507125,0.055555556,0.23570226,0.0,0.0,0.055555556,0.23570226,0.0,0.0,0.055555556,0.23570226
21_12_05.bmp,2.0,0.777777778,0.427792632,0.388888889,0.501631326,0.055555556,0.23570226,0.055555556,0.23570226,0.055555556,0.23570226,0.0,0.0,0.0,0.0
34_22_02.bmp,2.2777777777777777,0.166666667,0.383482494,0.888888889,0.323380833,0.111111111,0.323380833,0.055555556,0.23570226,0.055555556,0.23570226,0.0,0.0,0.0,0.0
09_21_05.bmp,1.5,0.333333333,0.48507125,0.5,0.514495755,0.111111111,0.323380833,0.5,0.514495755,0.222222222,0.427792632,0.055555556,0.23570226,0.0,0.0
31_11_03.bmp,2.6666666666666665,0.611111111,0.501631326,0.166666667,0.383482494,0.111111111,0.323380833,0.055555556,0.23570226,0.166666667,0.383482494,0.0,0.0,0.055555556,0.23570226
27_09_04.bmp,2.1666666666666665,0.666666667,0.48507125,0.333333333,0.48507125,0.0,0.0,0.0,0.0,0.388888889,0.501631326,0.055555556,0.23570226,0.111111111,0.323380833
26_04_05.bmp,3.2777777777777777,0.166666667,0.383482494,0.111111111,0.323380833,0.333333333,0.48507125,0.055555556,0.23570226,0.055555556,0.23570226,0.111111111,0.323380833,0.055555556,0.23570226
12_14_05.bmp,1.6666666666666667,0.166666667,0.383482494,0.111111111,0.323380833,0.111111111,0.323380833,0.777777778,0.427792632,0.111111111,0.323380833,0.111111111,0.323380833,0.055555556,0.23570226
13_15_01.bmp,2.7222222222222223,0.111111111,0.323380833,0.166666667,0.383482494,0.833333333,0.383482494,0.055555556,0.23570226,0.055555556,0.23570226,0.055555556,0.23570226,0.055555556,0.23570226
08_06_01.bmp,4.0,0.277777778,0.460888599,0.111111111,0.323380833,0.111111111,0.323380833,0.055555556,0.23570226,0.222222222,0.427792632,0.0,0.0,0.0,0.0
0508.jpg,2.9444444444444446,0.055555556,0.23570226,0.388888889,0.501631326,0.055555556,0.23570226,0.555555556,0.511309993,0.666666667,0.48507125,0.0,0.0,0.055555556,0.23570226
06_20_03.bmp,2.333333333333333,0.611111111,0.501631326,0.277777778,0.460888599,0.111111111,0.323380833,0.0,0.0,0.055555556,0.23570226,0.0,0.0,0.055555556,0.23570226
22_22_02.bmp,2.555555555555556,0.111111111,0.323380833,0.833333333,0.383482494,0.0,0.0,0.0,0.0,0.111111111,0.323380833,0.111111111,0.323380833,0.055555556,0.23570226
37_01_02.bmp,3.555555555555556,0.055555556,0.23570226,0.555555556,0.511309993,0.0,0.0,0.055555556,0.23570226,0.055555556,0.23570226,0.055555556,0.23570226,0.0,0.0
02_14_02.bmp,3.5,0.0,0.0,0.222222222,0.427792632,0.111111111,0.323380833,0.055555556,0.23570226,0.5,0.514495755,0.111111111,0.323380833,0.055555556,0.23570226
0418.jpg,3.2777777777777777,0.0,0.0,0.833333333,0.383482494,0.0,0.0,0.055555556,0.23570226,0.055555556,0.23570226,0.0,0.0,0.0,0.0
0971.jpg,3.5,0.055555556,0.23570226,0.111111111,0.323380833,0.0,0.0,0.611111111,0.501631326,0.166666667,0.383482494,0.0,0.0,0.0,0.0
32_15_01.bmp,2.055555555555556,0.111111111,0.323380833,0.166666667,0.383482494,0.888888889,0.323380833,0.0,0.0,0.333333333,0.48507125,0.0,0.0,0.0,0.0
0703.jpg,3.1666666666666665,0.111111111,0.323380833,0.444444444,0.511309993,0.0,0.0,0.055555556,0.23570226,0.333333333,0.48507125,0.055555556,0.23570226,0.055555556,0.23570226
29_17_01.bmp,2.888888888888889,0.055555556,0.23570226,0.5,0.514495755,0.055555556,0.23570226,0.0,0.0,0.166666667,0.383482494,0.222222222,0.427792632,0.222222222,0.427792632
0627.jpg,3.4444444444444446,0.0,0.0,0.5,0.514495755,0.0,0.0,0.166666667,0.383482494,0.0,0.0,0.0,0.0,0.111111111,0.323380833
22_20_03.bmp,2.055555555555556,0.388888889,0.501631326,0.333333333,0.48507125,0.222222222,0.427792632,0.333333333,0.48507125,0.111111111,0.323380833,0.111111111,0.323380833,0.0,0.0
14_12_01.bmp,3.2222222222222223,0.444444444,0.511309993,0.388888889,0.501631326,0.111111111,0.323380833,0.055555556,0.23570226,0.0,0.0,0.055555556,0.23570226,0.055555556,0.23570226
33_17_03.bmp,2.833333333333333,0.055555556,0.23570226,0.722222222,0.460888599,0.0,0.0,0.0,0.0,0.444444444,0.511309993,0.111111111,0.323380833,0.166666667,0.383482494
21_17_05.bmp,2.0,0.111111111,0.323380833,0.444444444,0.511309993,0.055555556,0.23570226,0.0,0.0,0.111111111,0.323380833,0.166666667,0.383482494,0.222222222,0.427792632
0182.jpg,3.111111111111111,0.111111111,0.323380833,0.277777778,0.460888599,0.722222222,0.460888599,0.0,0.0,0.055555556,0.23570226,0.055555556,0.23570226,0.055555556,0.23570226
20_15_05.bmp,3.055555555555556,0.055555556,0.23570226,0.166666667,0.383482494,0.055555556,0.23570226,0.333333333,0.48507125,0.166666667,0.383482494,0.055555556,0.23570226,0.0,0.0
0207.jpg,1.7222222222222223,0.055555556,0.23570226,0.222222222,0.427792632,0.0,0.0,0.944444444,0.23570226,0.222222222,0.427792632,0.0,0.0,0.0,0.0
14_06_04.bmp,1.6111111111111112,0.277777778,0.460888599,0.444444444,0.511309993,0.222222222,0.427792632,0.166666667,0.383482494,0.0,0.0,0.055555556,0.23570226,0.055555556,0.23570226
1020.jpg,3.6666666666666665,0.055555556,0.23570226,0.388888889,0.501631326,0.0,0.0,0.222222222,0.427792632,0.055555556,0.23570226,0.0,0.0,0.111111111,0.323380833
19_01_01.bmp,3.611111111111111,0.055555556,0.23570226,0.444444444,0.511309993,0.111111111,0.323380833,0.0,0.0,0.055555556,0.23570226,0.277777778,0.460888599,0.055555556,0.23570226
29_15_02.bmp,3.333333333333333,0.055555556,0.23570226,0.388888889,0.501631326,0.222222222,0.427792632,0.0,0.0,0.055555556,0.23570226,0.111111111,0.323380833,0.111111111,0.323380833
01266.jpg,3.7222222222222223,0.222222222,0.427792632,0.388888889,0.501631326,0.0,0.0,0.111111111,0.323380833,0.055555556,0.23570226,0.166666667,0.383482494,0.055555556,0.23570226
01277.jpg,4.111111111111111,0.166666667,0.383482494,0.333333333,0.48507125,0.111111111,0.323380833,0.055555556,0.23570226,0.277777778,0.460888599,0.0,0.0,0.0,0.0
37_24_01.bmp,3.333333333333333,0.055555556,0.23570226,0.555555556,0.511309993,0.0,0.0,0.0,0.0,0.111111111,0.323380833,0.055555556,0.23570226,0.0,0.0
27_22_05.bmp,1.6111111111111112,0.222222222,0.427792632,0.777777778,0.427792632,0.0,0.0,0.055555556,0.23570226,0.222222222,0.427792632,0.055555556,0.23570226,0.055555556,0.23570226
31_11_02.bmp,3.2777777777777777,0.611111111,0.501631326,0.222222222,0.427792632,0.0,0.0,0.0,0.0,0.166666667,0.383482494,0.055555556,0.23570226,0.055555556,0.23570226
13_03_01.bmp,4.166666666666667,0.055555556,0.23570226,0.333333333,0.48507125,0.111111111,0.323380833,0.0,0.0,0.166666667,0.383482494,0.0,0.0,0.055555556,0.23570226
22_22_05.bmp,1.6111111111111112,0.333333333,0.48507125,0.833333333,0.383482494,0.0,0.0,0.0,0.0,0.111111111,0.323380833,0.111111111,0.323380833,0.0,0.0
23_07_05.bmp,1.3333333333333333,0.222222222,0.427792632,0.888888889,0.323380833,0.0,0.0,0.055555556,0.23570226,0.166666667,0.383482494,0.055555556,0.23570226,0.0,0.0
37_02_02.bmp,3.2777777777777777,0.0,0.0,0.833333333,0.383482494,0.055555556,0.23570226,0.055555556,0.23570226,0.055555556,0.23570226,0.166666667,0.383482494,0.0,0.0
04_22_01.bmp,2.6666666666666665,0.166666667,0.383482494,0.555555556,0.511309993,0.222222222,0.427792632,0.055555556,0.23570226,0.111111111,0.323380833,0.055555556,0.23570226,0.055555556,0.23570226
03_08_04.bmp,2.5,0.555555556,0.511309993,0.5,0.514495755,0.111111111,0.323380833,0.055555556,0.23570226,0.166666667,0.383482494,0.0,0.0,0.111111111,0.323380833
03_24_03.bmp,2.611111111111111,0.055555556,0.23570226,0.888888889,0.323380833,0.0,0.0,0.0,0.0,0.055555556,0.23570226,0.0,0.0,0.055555556,0.23570226
17_02_04.bmp,1.7222222222222223,0.0,0.0,0.944444444,0.23570226,0.055555556,0.23570226,0.0,0.0,0.166666667,0.383482494,0.055555556,0.23570226,0.0,0.0
33_22_02.bmp,3.1666666666666665,0.055555556,0.23570226,0.611111111,0.501631326,0.0,0.0,0.111111111,0.323380833,0.388888889,0.501631326,0.0,0.0,0.055555556,0.23570226
21_08_02.bmp,3.055555555555556,0.222222222,0.427792632,0.666666667,0.48507125,0.055555556,0.23570226,0.0,0.0,0.0,0.0,0.0,0.0,0.055555556,0.23570226
06_04_03.bmp,3.2222222222222223,0.333333333,0.48507125,0.222222222,0.427792632,0.166666667,0.383482494,0.0,0.0,0.055555556,0.23570226,0.222222222,0.427792632,0.055555556,0.23570226
26_17_02.bmp,3.055555555555556,0.055555556,0.23570226,0.388888889,0.501631326,0.166666667,0.383482494,0.055555556,0.23570226,0.166666667,0.383482494,0.166666667,0.383482494,0.222222222,0.427792632
14_05_01.bmp,3.6666666666666665,0.055555556,0.23570226,0.388888889,0.501631326,0.111111111,0.323380833,0.055555556,0.23570226,0.0,0.0,0.111111111,0.323380833,0.111111111,0.323380833
08_04_05.bmp,2.611111111111111,0.333333333,0.48507125,0.222222222,0.427792632,0.222222222,0.427792632,0.0,0.0,0.166666667,0.383482494,0.222222222,0.427792632,0.0,0.0
31_04_01.bmp,3.5,0.111111111,0.323380833,0.333333333,0.48507125,0.0,0.0,0.055555556,0.23570226,0.277777778,0.460888599,0.055555556,0.23570226,0.055555556,0.23570226
35_16_05.bmp,1.4444444444444444,0.111111111,0.323380833,0.777777778,0.427792632,0.055555556,0.23570226,0.0,0.0,0.111111111,0.323380833,0.0,0.0,0.0,0.0
01_03_05.bmp,1.7222222222222223,0.0,0.0,0.833333333,0.383482494,0.111111111,0.323380833,0.0,0.0,0.055555556,0.23570226,0.0,0.0,0.055555556,0.23570226
04_13_04.bmp,2.333333333333333,0.111111111,0.323380833,0.722222222,0.460888599,0.5,0.514495755,0.055555556,0.23570226,0.166666667,0.383482494,0.0,0.0,0.0,0.0
02_06_02.bmp,2.6666666666666665,0.277777778,0.460888599,0.333333333,0.48507125,0.111111111,0.323380833,0.0,0.0,0.611111111,0.501631326,0.111111111,0.323380833,0.111111111,0.323380833
0302.jpg,2.055555555555556,0.277777778,0.460888599,0.277777778,0.460888599,0.0,0.0,0.777777778,0.427792632,0.111111111,0.323380833,0.0,0.0,0.055555556,0.23570226
07_02_02.bmp,2.611111111111111,0.055555556,0.23570226,0.888888889,0.323380833,0.166666667,0.383482494,0.0,0.0,0.111111111,0.323380833,0.0,0.0,0.055555556,0.23570226
12_03_01.bmp,3.8333333333333335,0.055555556,0.23570226,0.277777778,0.460888599,0.055555556,0.23570226,0.0,0.0,0.055555556,0.23570226,0.111111111,0.323380833,0.055555556,0.23570226
0657.jpg,3.2222222222222223,0.055555556,0.23570226,0.611111111,0.501631326,0.055555556,0.23570226,0.055555556,0.23570226,0.111111111,0.323380833,0.0,0.0,0.055555556,0.23570226
16_22_05.bmp,1.6111111111111112,0.277777778,0.460888599,0.722222222,0.460888599,0.0,0.0,0.055555556,0.23570226,0.333333333,0.48507125,0.277777778,0.460888599,0.0,0.0
13_03_04.bmp,2.333333333333333,0.055555556,0.23570226,0.888888889,0.323380833,0.055555556,0.23570226,0.0,0.0,0.166666667,0.383482494,0.055555556,0.23570226,0.055555556,0.23570226
02_10_04.bmp,2.388888888888889,0.833333333,0.383482494,0.388888889,0.501631326,0.0,0.0,0.055555556,0.23570226,0.388888889,0.501631326,0.055555556,0.23570226,0.0,0.0
13_17_02.bmp,2.888888888888889,0.055555556,0.23570226,0.444444444,0.511309993,0.111111111,0.323380833,0.055555556,0.23570226,0.222222222,0.427792632,0.166666667,0.383482494,0.222222222,0.427792632
05_08_02.bmp,2.833333333333333,0.333333333,0.48507125,0.611111111,0.501631326,0.111111111,0.323380833,0.0,0.0,0.0,0.0,0.055555556,0.23570226,0.055555556,0.23570226
22_10_03.bmp,2.4444444444444446,0.777777778,0.427792632,0.333333333,0.48507125,0.0,0.0,0.0,0.0,0.222222222,0.427792632,0.166666667,0.383482494,0.0,0.0
24_23_05.bmp,1.7222222222222223,0.055555556,0.23570226,0.277777778,0.460888599,0.0,0.0,0.722222222,0.460888599,0.055555556,0.23570226,0.055555556,0.23570226,0.111111111,0.323380833
13_05_03.bmp,2.388888888888889,0.277777778,0.460888599,0.722222222,0.460888599,0.111111111,0.323380833,0.0,0.0,0.166666667,0.383482494,0.055555556,0.23570226,0.111111111,0.323380833
12_23_02.bmp,3.111111111111111,0.166666667,0.383482494,0.0,0.0,0.0,0.0,0.777777778,0.427792632,0.0,0.0,0.055555556,0.23570226,0.166666667,0.383482494
13_04_02.bmp,3.7222222222222223,0.055555556,0.23570226,0.277777778,0.460888599,0.055555556,0.23570226,0.0,0.0,0.222222222,0.427792632,0.055555556,0.23570226,0.111111111,0.323380833
30_07_05.bmp,1.3888888888888888,0.166666667,0.383482494,0.777777778,0.427792632,0.0,0.0,0.055555556,0.23570226,0.222222222,0.427792632,0.055555556,0.23570226,0.0,0.0
0133.jpg,3.2222222222222223,0.055555556,0.23570226,0.222222222,0.427792632,0.666666667,0.48507125,0.055555556,0.23570226,0.111111111,0.323380833,0.055555556,0.23570226,0.055555556,0.23570226
02_23_04.bmp,2.555555555555556,0.055555556,0.23570226,0.222222222,0.427792632,0.055555556,0.23570226,0.777777778,0.427792632,0.222222222,0.427792632,0.055555556,0.23570226,0.111111111,0.323380833
16_18_05.bmp,1.7777777777777777,0.055555556,0.23570226,0.666666667,0.48507125,0.0,0.0,0.0,0.0,0.333333333,0.48507125,0.333333333,0.48507125,0.111111111,0.323380833
0543.jpg,2.7222222222222223,0.111111111,0.323380833,0.444444444,0.511309993,0.055555556,0.23570226,0.166666667,0.383482494,0.777777778,0.427792632,0.0,0.0,0.0,0.0
0341.jpg,3.0,0.0,0.0,0.611111111,0.501631326,0.0,0.0,0.055555556,0.23570226,0.111111111,0.323380833,0.0,0.0,0.055555556,0.23570226
24_25_03.bmp,2.5,0.0,0.0,0.055555556,0.23570226,0.0,0.0,0.055555556,0.23570226,0.055555556,0.23570226,0.0,0.0,0.888888889,0.323380833
30_25_02.bmp,2.9444444444444446,0.055555556,0.23570226,0.111111111,0.323380833,0.0,0.0,0.055555556,0.23570226,0.166666667,0.383482494,0.055555556,0.23570226,0.888888889,0.323380833
18_04_03.bmp,2.7777777777777777,0.388888889,0.501631326,0.222222222,0.427792632,0.166666667,0.383482494,0.111111111,0.323380833,0.0,0.0,0.055555556,0.23570226,0.166666667,0.383482494
0049.jpg,3.333333333333333,0.0,0.0,0.222222222,0.427792632,0.888888889,0.323380833,0.0,0.0,0.222222222,0.427792632,0.0,0.0,0.0,0.0
0421.jpg,3.1666666666666665,0.0,0.0,0.611111111,0.501631326,0.111111111,0.323380833,0.222222222,0.427792632,0.0,0.0,0.0,0.0,0.055555556,0.23570226
05_11_02.bmp,2.833333333333333,0.777777778,0.427792632,0.333333333,0.48507125,0.055555556,0.23570226,0.055555556,0.23570226,0.0,0.0,0.111111111,0.323380833,0.0,0.0
24_10_04.bmp,2.388888888888889,0.666666667,0.48507125,0.333333333,0.48507125,0.055555556,0.23570226,0.0,0.0,0.055555556,0.23570226,0.055555556,0.23570226,0.0,0.0
16_15_05.bmp,2.611111111111111,0.0,0.0,0.166666667,0.383482494,0.0,0.0,0.555555556,0.511309993,0.388888889,0.501631326,0.333333333,0.48507125,0.055555556,0.23570226
1060.jpg,3.7222222222222223,0.055555556,0.23570226,0.333333333,0.48507125,0.055555556,0.23570226,0.277777778,0.460888599,0.055555556,0.23570226,0.0,0.0,0.055555556,0.23570226
37_08_01.bmp,3.6666666666666665,0.111111111,0.323380833,0.555555556,0.511309993,0.0,0.0,0.111111111,0.323380833,0.055555556,0.23570226,0.055555556,0.23570226,0.0,0.0
0488.jpg,3.5,0.055555556,0.23570226,0.333333333,0.48507125,0.0,0.0,0.0,0.0,0.722222222,0.460888599,0.0,0.0,0.055555556,0.23570226
34_15_04.bmp,3.1666666666666665,0.166666667,0.383482494,0.444444444,0.511309993,0.277777778,0.460888599,0.0,0.0,0.0,0.0,0.0,0.0,0.055555556,0.23570226
19_25_05.bmp,1.9444444444444444,0.055555556,0.23570226,0.111111111,0.323380833,0.111111111,0.323380833,0.055555556,0.23570226,0.055555556,0.23570226,0.055555556,0.23570226,0.777777778,0.427792632
22_01_05.bmp,1.2777777777777777,0.0,0.0,1.0,0.0,0.0,0.0,0.0,0.0,0.111111111,0.323380833,0.055555556,0.23570226,0.055555556,0.23570226
13_03_03.bmp,2.833333333333333,0.055555556,0.23570226,0.611111111,0.501631326,0.111111111,0.323380833,0.055555556,0.23570226,0.166666667,0.383482494,0.0,0.0,0.055555556,0.23570226
19_05_05.bmp,1.7222222222222223,0.444444444,0.511309993,0.666666667,0.48507125,0.111111111,0.323380833,0.055555556,0.23570226,0.111111111,0.323380833,0.055555556,0.23570226,0.055555556,0.23570226
15_21_01.bmp,2.5,0.055555556,0.23570226,0.277777778,0.460888599,0.833333333,0.383482494,0.0,0.0,0.166666667,0.383482494,0.0,0.0,0.055555556,0.23570226
0426.jpg,2.5,0.055555556,0.23570226,0.888888889,0.323380833,0.0,0.0,0.055555556,0.23570226,0.055555556,0.23570226,0.0,0.0,0.0,0.0
24_10_05.bmp,1.9444444444444444,0.777777778,0.427792632,0.333333333,0.48507125,0.055555556,0.23570226,0.0,0.0,0.111111111,0.323380833,0.0,0.0,0.0,0.0
37_04_05.bmp,2.1666666666666665,0.333333333,0.48507125,0.444444444,0.511309993,0.277777778,0.460888599,0.055555556,0.23570226,0.055555556,0.23570226,0.222222222,0.427792632,0.055555556,0.23570226
35_18_04.bmp,2.0,0.166666667,0.383482494,0.888888889,0.323380833,0.111111111,0.323380833,0.0,0.0,0.0,0.0,0.0,0.0,0.055555556,0.23570226
02_16_05.bmp,1.5,0.444444444,0.511309993,0.833333333,0.383482494,0.0,0.0,0.0,0.0,0.444444444,0.511309993,0.055555556,0.23570226,0.0,0.0
09_10_05.bmp,2.111111111111111,0.777777778,0.427792632,0.444444444,0.511309993,0.111111111,0.323380833,0.0,0.0,0.166666667,0.383482494,0.111111111,0.323380833,0.0,0.0
29_03_05.bmp,2.0,0.055555556,0.23570226,0.888888889,0.323380833,0.0,0.0,0.055555556,0.23570226,0.111111111,0.323380833,0.055555556,0.23570226,0.0,0.0
12_12_04.bmp,2.388888888888889,0.666666667,0.48507125,0.166666667,0.383482494,0.166666667,0.383482494,0.055555556,0.23570226,0.111111111,0.323380833,0.055555556,0.23570226,0.0,0.0
0006.jpg,2.7222222222222223,0.055555556,0.23570226,0.388888889,0.501631326,0.888888889,0.323380833,0.111111111,0.323380833,0.111111111,0.323380833,0.277777778,0.460888599,0.055555556,0.23570226
19_06_05.bmp,1.8333333333333333,0.333333333,0.48507125,0.222222222,0.427792632,0.222222222,0.427792632,0.166666667,0.383482494,0.111111111,0.323380833,0.222222222,0.427792632,0.055555556,0.23570226
24_17_02.bmp,2.888888888888889,0.111111111,0.323380833,0.5,0.514495755,0.055555556,0.23570226,0.055555556,0.23570226,0.111111111,0.323380833,0.166666667,0.383482494,0.111111111,0.323380833
25_21_03.bmp,2.388888888888889,0.111111111,0.323380833,0.5,0.514495755,0.611111111,0.501631326,0.055555556,0.23570226,0.111111111,0.323380833,0.055555556,0.23570226,0.111111111,0.323380833
18_16_05.bmp,1.6111111111111112,0.277777778,0.460888599,0.833333333,0.383482494,0.055555556,0.23570226,0.0,0.0,0.0,0.0,0.055555556,0.23570226,0.0,0.0
20_22_03.bmp,2.4444444444444446,0.166666667,0.383482494,0.611111111,0.501631326,0.111111111,0.323380833,0.055555556,0.23570226,0.111111111,0.323380833,0.111111111,0.323380833,0.0,0.0
09_04_04.bmp,2.611111111111111,0.222222222,0.427792632,0.388888889,0.501631326,0.277777778,0.460888599,0.055555556,0.23570226,0.111111111,0.323380833,0.166666667,0.383482494,0.0,0.0
10_18_02.bmp,2.333333333333333,0.055555556,0.23570226,0.722222222,0.460888599,0.055555556,0.23570226,0.055555556,0.23570226,0.444444444,0.511309993,0.277777778,0.460888599,0.111111111,0.323380833
0445.jpg,2.888888888888889,0.055555556,0.23570226,0.777777778,0.427792632,0.055555556,0.23570226,0.055555556,0.23570226,0.055555556,0.23570226,0.166666667,0.383482494,0.055555556,0.23570226
0489.jpg,3.055555555555556,0.111111111,0.323380833,0.388888889,0.501631326,0.0,0.0,0.055555556,0.23570226,0.722222222,0.460888599,0.055555556,0.23570226,0.055555556,0.23570226
37_19_05.bmp,2.7777777777777777,0.055555556,0.23570226,0.166666667,0.383482494,0.722222222,0.460888599,0.055555556,0.23570226,0.055555556,0.23570226,0.055555556,0.23570226,0.0,0.0
02_08_01.bmp,3.333333333333333,0.0,0.0,0.5,0.514495755,0.055555556,0.23570226,0.0,0.0,0.555555556,0.511309993,0.055555556,0.23570226,0.0,0.0
32_08_01.bmp,3.0,0.0,0.0,0.611111111,0.501631326,0.111111111,0.323380833,0.055555556,0.23570226,0.333333333,0.48507125,0.111111111,0.323380833,0.0,0.0
11_09_02.bmp,2.888888888888889,0.777777778,0.427792632,0.277777778,0.460888599,0.055555556,0.23570226,0.055555556,0.23570226,0.222222222,0.427792632,0.055555556,0.23570226,0.055555556,0.23570226
03_15_02.bmp,3.611111111111111,0.111111111,0.323380833,0.111111111,0.323380833,0.666666667,0.48507125,0.0,0.0,0.111111111,0.323380833,0.0,0.0,0.055555556,0.23570226
0544.jpg,2.6666666666666665,0.166666667,0.383482494,0.388888889,0.501631326,0.0,0.0,0.111111111,0.323380833,0.777777778,0.427792632,0.0,0.0,0.055555556,0.23570226
13_10_02.bmp,2.888888888888889,0.777777778,0.427792632,0.166666667,0.383482494,0.055555556,0.23570226,0.0,0.0,0.111111111,0.323380833,0.0,0.0,0.055555556,0.23570226
24_02_03.bmp,2.055555555555556,0.0,0.0,0.944444444,0.23570226,0.0,0.0,0.0,0.0,0.055555556,0.23570226,0.055555556,0.23570226,0.0,0.0
32_12_03.bmp,2.6666666666666665,0.5,0.514495755,0.555555556,0.511309993,0.111111111,0.323380833,0.055555556,0.23570226,0.333333333,0.48507125,0.055555556,0.23570226,0.055555556,0.23570226
11_17_02.bmp,2.7222222222222223,0.111111111,0.323380833,0.444444444,0.511309993,0.0,0.0,0.055555556,0.23570226,0.277777778,0.460888599,0.166666667,0.383482494,0.333333333,0.48507125
13_11_01.bmp,3.555555555555556,0.444444444,0.511309993,0.166666667,0.383482494,0.111111111,0.323380833,0.0,0.0,0.111111111,0.323380833,0.0,0.0,0.111111111,0.323380833
22_06_02.bmp,2.7222222222222223,0.388888889,0.501631326,0.444444444,0.511309993,0.222222222,0.427792632,0.0,0.0,0.166666667,0.383482494,0.222222222,0.427792632,0.0,0.0
07_03_04.bmp,2.1666666666666665,0.0,0.0,0.777777778,0.427792632,0.166666667,0.383482494,0.0,0.0,0.055555556,0.23570226,0.0,0.0,0.055555556,0.23570226
27_01_03.bmp,2.888888888888889,0.0,0.0,0.722222222,0.460888599,0.0,0.0,0.111111111,0.323380833,0.555555556,0.511309993,0.0,0.0,0.0,0.0
13_02_01.bmp,3.6666666666666665,0.111111111,0.323380833,0.5,0.514495755,0.111111111,0.323380833,0.0,0.0,0.166666667,0.383482494,0.0,0.0,0.055555556,0.23570226
35_13_05.bmp,1.5,0.055555556,0.23570226,0.111111111,0.323380833,1.0,0.0,0.055555556,0.23570226,0.055555556,0.23570226,0.0,0.0,0.0,0.0
0993.jpg,2.888888888888889,0.055555556,0.23570226,0.222222222,0.427792632,0.0,0.0,0.611111111,0.501631326,0.333333333,0.48507125,0.055555556,0.23570226,0.722222222,0.460888599
21_20_04.bmp,1.9444444444444444,0.611111111,0.501631326,0.388888889,0.501631326,0.277777778,0.460888599,0.222222222,0.427792632,0.055555556,0.23570226,0.0,0.0,0.055555556,0.23570226
0913.jpg,4.0,0.222222222,0.427792632,0.277777778,0.460888599,0.0,0.0,0.055555556,0.23570226,0.166666667,0.383482494,0.055555556,0.23570226,0.0,0.0
0989.jpg,2.888888888888889,0.111111111,0.323380833,0.5,0.514495755,0.0,0.0,0.611111111,0.501631326,0.277777778,0.460888599,0.0,0.0,0.055555556,0.23570226
02_10_03.bmp,2.611111111111111,0.777777778,0.427792632,0.388888889,0.501631326,0.0,0.0,0.0,0.0,0.555555556,0.511309993,0.111111111,0.323380833,0.0,0.0
28_20_04.bmp,2.1666666666666665,0.666666667,0.48507125,0.611111111,0.501631326,0.111111111,0.323380833,0.055555556,0.23570226,0.166666667,0.383482494,0.055555556,0.23570226,0.0,0.0
21_16_02.bmp,3.1666666666666665,0.055555556,0.23570226,0.444444444,0.511309993,0.111111111,0.323380833,0.111111111,0.323380833,0.0,0.0,0.0,0.0,0.055555556,0.23570226
1130.jpg,3.1666666666666665,0.055555556,0.23570226,0.055555556,0.23570226,0.0,0.0,0.166666667,0.383482494,0.722222222,0.460888599,0.111111111,0.323380833,0.055555556,0.23570226
30_18_05.bmp,2.333333333333333,0.111111111,0.323380833,0.833333333,0.383482494,0.055555556,0.23570226,0.0,0.0,0.222222222,0.427792632,0.0,0.0,0.0,0.0
0277.jpg,2.2222222222222223,0.166666667,0.383482494,0.333333333,0.48507125,0.055555556,0.23570226,0.888888889,0.323380833,0.055555556,0.23570226,0.0,0.0,0.0,0.0
0626.jpg,3.2222222222222223,0.055555556,0.23570226,0.5,0.514495755,0.055555556,0.23570226,0.222222222,0.427792632,0.0,0.0,0.0,0.0,0.055555556,0.23570226
0608.jpg,3.055555555555556,0.055555556,0.23570226,0.611111111,0.501631326,0.0,0.0,0.055555556,0.23570226,0.277777778,0.460888599,0.055555556,0.23570226,0.055555556,0.23570226
18_17_02.bmp,2.7222222222222223,0.055555556,0.23570226,0.5,0.514495755,0.055555556,0.23570226,0.055555556,0.23570226,0.111111111,0.323380833,0.111111111,0.323380833,0.222222222,0.427792632
21_10_01.bmp,3.388888888888889,0.388888889,0.501631326,0.444444444,0.511309993,0.0,0.0,0.0,0.0,0.0,0.0,0.055555556,0.23570226,0.0,0.0
10_15_02.bmp,2.5,0.111111111,0.323380833,0.277777778,0.460888599,0.777777778,0.427792632,0.055555556,0.23570226,0.277777778,0.460888599,0.166666667,0.383482494,0.055555556,0.23570226
06_23_02.bmp,3.2222222222222223,0.055555556,0.23570226,0.0,0.0,0.055555556,0.23570226,0.777777778,0.427792632,0.0,0.0,0.0,0.0,0.055555556,0.23570226
06_09_04.bmp,2.388888888888889,0.777777778,0.427792632,0.166666667,0.383482494,0.111111111,0.323380833,0.0,0.0,0.111111111,0.323380833,0.055555556,0.23570226,0.055555556,0.23570226
22_12_02.bmp,2.888888888888889,0.611111111,0.501631326,0.388888889,0.501631326,0.0,0.0,0.055555556,0.23570226,0.111111111,0.323380833,0.166666667,0.383482494,0.0,0.0
07_18_02.bmp,2.555555555555556,0.111111111,0.323380833,0.722222222,0.460888599,0.111111111,0.323380833,0.0,0.0,0.055555556,0.23570226,0.166666667,0.383482494,0.111111111,0.323380833
23_08_03.bmp,2.2777777777777777,0.222222222,0.427792632,0.722222222,0.460888599,0.055555556,0.23570226,0.055555556,0.23570226,0.166666667,0.383482494,0.055555556,0.23570226,0.0,0.0
31_10_02.bmp,3.055555555555556,0.666666667,0.48507125,0.277777778,0.460888599,0.055555556,0.23570226,0.0,0.0,0.111111111,0.323380833,0.0,0.0,0.111111111,0.323380833
0770.jpg,3.7777777777777777,0.111111111,0.323380833,0.277777778,0.460888599,0.0,0.0,0.0,0.0,0.111111111,0.323380833,0.055555556,0.23570226,0.0,0.0
35_13_01.bmp,3.1666666666666665,0.166666667,0.383482494,0.444444444,0.511309993,0.222222222,0.427792632,0.0,0.0,0.0,0.0,0.0,0.0,0.055555556,0.23570226
23_05_05.bmp,1.8888888888888888,0.333333333,0.48507125,0.722222222,0.460888599,0.055555556,0.23570226,0.055555556,0.23570226,0.277777778,0.460888599,0.055555556,0.23570226,0.0,0.0
30_18_01.bmp,2.888888888888889,0.055555556,0.23570226,0.555555556,0.511309993,0.055555556,0.23570226,0.111111111,0.323380833,0.277777778,0.460888599,0.111111111,0.323380833,0.0,0.0
35_13_04.bmp,1.8333333333333333,0.111111111,0.323380833,0.333333333,0.48507125,0.944444444,0.23570226,0.055555556,0.23570226,0.0,0.0,0.0,0.0,0.055555556,0.23570226
0367.jpg,2.055555555555556,0.166666667,0.383482494,0.888888889,0.323380833,0.055555556,0.23570226,0.277777778,0.460888599,0.055555556,0.23570226,0.0,0.0,0.055555556,0.23570226
08_18_02.bmp,3.5,0.333333333,0.48507125,0.444444444,0.511309993,0.055555556,0.23570226,0.0,0.0,0.055555556,0.23570226,0.055555556,0.23570226,0.0,0.0
18_20_02.bmp,2.5,0.444444444,0.511309993,0.333333333,0.48507125,0.222222222,0.427792632,0.333333333,0.48507125,0.0,0.0,0.0,0.0,0.055555556,0.23570226
22_04_03.bmp,2.6666666666666665,0.388888889,0.501631326,0.388888889,0.501631326,0.222222222,0.427792632,0.055555556,0.23570226,0.111111111,0.323380833,0.222222222,0.427792632,0.0,0.0
0209.jpg,1.6666666666666667,0.611111111,0.501631326,0.444444444,0.511309993,0.0,0.0,0.666666667,0.48507125,0.111111111,0.323380833,0.055555556,0.23570226,0.0,0.0
31_18_03.bmp,2.833333333333333,0.111111111,0.323380833,0.777777778,0.427792632,0.0,0.0,0.0,0.0,0.166666667,0.383482494,0.0,0.0,0.0,0.0
32_06_03.bmp,2.1666666666666665,0.333333333,0.48507125,0.444444444,0.511309993,0.222222222,0.427792632,0.055555556,0.23570226,0.333333333,0.48507125,0.166666667,0.383482494,0.0,0.0
16_12_05.bmp,2.2777777777777777,0.888888889,0.323380833,0.166666667,0.383482494,0.111111111,0.323380833,0.0,0.0,0.277777778,0.460888599,0.333333333,0.48507125,0.0,0.0
19_25_02.bmp,2.5,0.055555556,0.23570226,0.055555556,0.23570226,0.055555556,0.23570226,0.055555556,0.23570226,0.111111111,0.323380833,0.055555556,0.23570226,0.888888889,0.323380833
26_06_02.bmp,3.611111111111111,0.055555556,0.23570226,0.166666667,0.383482494,0.277777778,0.460888599,0.055555556,0.23570226,0.055555556,0.23570226,0.0,0.0,0.055555556,0.23570226
14_09_05.bmp,1.7777777777777777,0.888888889,0.323380833,0.277777778,0.460888599,0.055555556,0.23570226,0.055555556,0.23570226,0.055555556,0.23570226,0.055555556,0.23570226,0.0,0.0
19_17_02.bmp,2.888888888888889,0.055555556,0.23570226,0.388888889,0.501631326,0.055555556,0.23570226,0.055555556,0.23570226,0.166666667,0.383482494,0.277777778,0.460888599,0.166666667,0.383482494
01159.jpg,4.222222222222222,0.166666667,0.383482494,0.166666667,0.383482494,0.0,0.0,0.0,0.0,0.0,0.0,0.111111111,0.323380833,0.055555556,0.23570226
0816.jpg,3.6666666666666665,0.055555556,0.23570226,0.5,0.514495755,0.0,0.0,0.0,0.0,0.222222222,0.427792632,0.0,0.0,0.055555556,0.23570226
33_17_04.bmp,2.6666666666666665,0.055555556,0.23570226,0.611111111,0.501631326,0.0,0.0,0.0,0.0,0.444444444,0.511309993,0.111111111,0.323380833,0.222222222,0.427792632
09_07_05.bmp,1.5,0.166666667,0.383482494,0.833333333,0.383482494,0.055555556,0.23570226,0.0,0.0,0.166666667,0.383482494,0.111111111,0.323380833,0.0,0.0
27_08_02.bmp,3.0,0.111111111,0.323380833,0.444444444,0.511309993,0.0,0.0,0.055555556,0.23570226,0.444444444,0.511309993,0.055555556,0.23570226,0.055555556,0.23570226
32_23_03.bmp,2.055555555555556,0.055555556,0.23570226,0.388888889,0.501631326,0.0,0.0,0.722222222,0.460888599,0.333333333,0.48507125,0.0,0.0,0.111111111,0.323380833
07_13_02.bmp,3.1666666666666665,0.222222222,0.427792632,0.333333333,0.48507125,0.444444444,0.511309993,0.0,0.0,0.055555556,0.23570226,0.055555556,0.23570226,0.055555556,0.23570226
0849.jpg,3.388888888888889,0.166666667,0.383482494,0.444444444,0.511309993,0.0,0.0,0.0,0.0,0.333333333,0.48507125,0.055555556,0.23570226,0.0,0.0
15_24_01.bmp,3.2777777777777777,0.111111111,0.323380833,0.611111111,0.501631326,0.111111111,0.323380833,0.111111111,0.323380833,0.222222222,0.427792632,0.0,0.0,0.055555556,0.23570226
09_20_03.bmp,2.111111111111111,0.666666667,0.48507125,0.444444444,0.511309993,0.222222222,0.427792632,0.0,0.0,0.166666667,0.383482494,0.111111111,0.323380833,0.0,0.0
0136.jpg,3.111111111111111,0.055555556,0.23570226,0.222222222,0.427792632,0.888888889,0.323380833,0.0,0.0,0.111111111,0.323380833,0.0,0.0,0.055555556,0.23570226
21_03_01.bmp,3.6666666666666665,0.055555556,0.23570226,0.5,0.514495755,0.0,0.0,0.0,0.0,0.0,0.0,0.055555556,0.23570226,0.0,0.0
35_11_01.bmp,3.111111111111111,0.666666667,0.48507125,0.333333333,0.48507125,0.0,0.0,0.055555556,0.23570226,0.0,0.0,0.055555556,0.23570226,0.111111111,0.323380833
07_06_02.bmp,2.7222222222222223,0.388888889,0.501631326,0.5,0.514495755,0.111111111,0.323380833,0.0,0.0,0.166666667,0.383482494,0.111111111,0.323380833,0.055555556,0.23570226
12_15_04.bmp,3.333333333333333,0.111111111,0.323380833,0.166666667,0.383482494,0.0,0.0,0.388888889,0.501631326,0.111111111,0.323380833,0.055555556,0.23570226,0.055555556,0.23570226
26_04_04.bmp,3.6666666666666665,0.111111111,0.323380833,0.0,0.0,0.277777778,0.460888599,0.055555556,0.23570226,0.055555556,0.23570226,0.055555556,0.23570226,0.055555556,0.23570226
20_10_02.bmp,2.7222222222222223,0.722222222,0.460888599,0.222222222,0.427792632,0.055555556,0.23570226,0.0,0.0,0.111111111,0.323380833,0.055555556,0.23570226,0.0,0.0
02_17_05.bmp,2.2222222222222223,0.0,0.0,0.444444444,0.511309993,0.0,0.0,0.0,0.0,0.611111111,0.501631326,0.055555556,0.23570226,0.388888889,0.501631326
0517.jpg,2.7222222222222223,0.111111111,0.323380833,0.388888889,0.501631326,0.055555556,0.23570226,0.444444444,0.511309993,0.666666667,0.48507125,0.055555556,0.23570226,0.055555556,0.23570226
07_25_02.bmp,2.611111111111111,0.055555556,0.23570226,0.277777778,0.460888599,0.111111111,0.323380833,0.0,0.0,0.055555556,0.23570226,0.0,0.0,0.944444444,0.23570226
10_08_02.bmp,2.7777777777777777,0.222222222,0.427792632,0.722222222,0.460888599,0.111111111,0.323380833,0.0,0.0,0.333333333,0.48507125,0.166666667,0.383482494,0.055555556,0.23570226
07_10_03.bmp,2.555555555555556,0.833333333,0.383482494,0.333333333,0.48507125,0.055555556,0.23570226,0.0,0.0,0.166666667,0.383482494,0.0,0.0,0.0,0.0
04_13_02.bmp,2.833333333333333,0.111111111,0.323380833,0.611111111,0.501631326,0.111111111,0.323380833,0.055555556,0.23570226,0.166666667,0.383482494,0.055555556,0.23570226,0.055555556,0.23570226
0231.jpg,1.5,0.055555556,0.23570226,0.388888889,0.501631326,0.055555556,0.23570226,0.944444444,0.23570226,0.055555556,0.23570226,0.0,0.0,0.0,0.0
14_04_05.bmp,2.111111111111111,0.333333333,0.48507125,0.388888889,0.501631326,0.222222222,0.427792632,0.055555556,0.23570226,0.0,0.0,0.222222222,0.427792632,0.055555556,0.23570226
26_15_04.bmp,3.888888888888889,0.055555556,0.23570226,0.166666667,0.383482494,0.166666667,0.383482494,0.0,0.0,0.055555556,0.23570226,0.111111111,0.323380833,0.111111111,0.323380833
11_04_03.bmp,2.4444444444444446,0.277777778,0.460888599,0.333333333,0.48507125,0.111111111,0.323380833,0.111111111,0.323380833,0.222222222,0.427792632,0.111111111,0.323380833,0.0,0.0
27_12_05.bmp,2.2222222222222223,0.722222222,0.460888599,0.388888889,0.501631326,0.055555556,0.23570226,0.0,0.0,0.444444444,0.511309993,0.111111111,0.323380833,0.055555556,0.23570226
11_20_03.bmp,1.9444444444444444,0.333333333,0.48507125,0.277777778,0.460888599,0.222222222,0.427792632,0.277777778,0.460888599,0.222222222,0.427792632,0.055555556,0.23570226,0.055555556,0.23570226
03_23_04.bmp,2.555555555555556,0.055555556,0.23570226,0.166666667,0.383482494,0.0,0.0,0.888888889,0.323380833,0.055555556,0.23570226,0.055555556,0.23570226,0.055555556,0.23570226
31_14_04.bmp,2.2222222222222223,0.055555556,0.23570226,0.277777778,0.460888599,0.055555556,0.23570226,0.833333333,0.383482494,0.111111111,0.323380833,0.055555556,0.23570226,0.055555556,0.23570226
01433.jpg,3.7777777777777777,0.111111111,0.323380833,0.444444444,0.511309993,0.055555556,0.23570226,0.055555556,0.23570226,0.0,0.0,0.0,0.0,0.0,0.0
25_19_04.bmp,2.2222222222222223,0.166666667,0.383482494,0.444444444,0.511309993,0.555555556,0.511309993,0.0,0.0,0.166666667,0.383482494,0.0,0.0,0.055555556,0.23570226
04_10_05.bmp,2.2222222222222223,0.777777778,0.427792632,0.388888889,0.501631326,0.055555556,0.23570226,0.055555556,0.23570226,0.222222222,0.427792632,0.0,0.0,0.055555556,0.23570226
01247.jpg,3.5,0.0,0.0,0.333333333,0.48507125,0.0,0.0,0.333333333,0.48507125,0.722222222,0.460888599,0.055555556,0.23570226,0.0,0.0
35_05_02.bmp,2.4444444444444446,0.333333333,0.48507125,0.666666667,0.48507125,0.111111111,0.323380833,0.0,0.0,0.055555556,0.23570226,0.055555556,0.23570226,0.055555556,0.23570226
06_25_03.bmp,2.2222222222222223,0.055555556,0.23570226,0.0,0.0,0.111111111,0.323380833,0.0,0.0,0.055555556,0.23570226,0.0,0.0,0.944444444,0.23570226
28_03_03.bmp,3.1666666666666665,0.055555556,0.23570226,0.722222222,0.460888599,0.055555556,0.23570226,0.055555556,0.23570226,0.166666667,0.383482494,0.0,0.0,0.0,0.0
01438.jpg,3.5,0.0,0.0,0.666666667,0.48507125,0.111111111,0.323380833,0.0,0.0,0.0,0.0,0.0,0.0,0.111111111,0.323380833
05_04_03.bmp,2.611111111111111,0.222222222,0.427792632,0.388888889,0.501631326,0.222222222,0.427792632,0.0,0.0,0.0,0.0,0.277777778,0.460888599,0.055555556,0.23570226
0198.jpg,1.7222222222222223,0.111111111,0.323380833,0.166666667,0.383482494,0.0,0.0,0.888888889,0.323380833,0.055555556,0.23570226,0.055555556,0.23570226,0.0,0.0
27_20_04.bmp,1.9444444444444444,0.555555556,0.511309993,0.388888889,0.501631326,0.222222222,0.427792632,0.222222222,0.427792632,0.444444444,0.511309993,0.0,0.0,0.0,0.0
04_04_05.bmp,2.5,0.166666667,0.383482494,0.611111111,0.501631326,0.166666667,0.383482494,0.0,0.0,0.111111111,0.323380833,0.333333333,0.48507125,0.0,0.0
32_24_05.bmp,1.5,0.0,0.0,0.888888889,0.323380833,0.055555556,0.23570226,0.055555556,0.23570226,0.277777778,0.460888599,0.0,0.0,0.0,0.0
01287.jpg,2.2222222222222223,0.388888889,0.501631326,0.833333333,0.383482494,0.111111111,0.323380833,0.0,0.0,0.111111111,0.323380833,0.055555556,0.23570226,0.0,0.0
36_12_04.bmp,2.388888888888889,0.888888889,0.323380833,0.333333333,0.48507125,0.166666667,0.383482494,0.0,0.0,0.055555556,0.23570226,0.0,0.0,0.111111111,0.323380833
0879.jpg,3.7222222222222223,0.111111111,0.323380833,0.388888889,0.501631326,0.0,0.0,0.055555556,0.23570226,0.111111111,0.323380833,0.055555556,0.23570226,0.0,0.0
08_04_01.bmp,4.388888888888889,0.055555556,0.23570226,0.277777778,0.460888599,0.055555556,0.23570226,0.055555556,0.23570226,0.166666667,0.383482494,0.0,0.0,0.0,0.0
1042.jpg,3.055555555555556,0.055555556,0.23570226,0.555555556,0.511309993,0.0,0.0,0.444444444,0.511309993,0.166666667,0.383482494,0.0,0.0,0.0,0.0
0262.jpg,1.3888888888888888,0.111111111,0.323380833,0.444444444,0.511309993,0.055555556,0.23570226,0.888888889,0.323380833,0.0,0.0,0.055555556,0.23570226,0.0,0.0
13_22_01.bmp,3.055555555555556,0.166666667,0.383482494,0.555555556,0.511309993,0.166666667,0.383482494,0.0,0.0,0.111111111,0.323380833,0.0,0.0,0.111111111,0.323380833
10_04_03.bmp,2.6666666666666665,0.277777778,0.460888599,0.388888889,0.501631326,0.166666667,0.383482494,0.166666667,0.383482494,0.277777778,0.460888599,0.333333333,0.48507125,0.0,0.0
0778.jpg,3.6666666666666665,0.0,0.0,0.444444444,0.511309993,0.0,0.0,0.055555556,0.23570226,0.111111111,0.323380833,0.055555556,0.23570226,0.055555556,0.23570226
21_25_01.bmp,3.055555555555556,0.055555556,0.23570226,0.111111111,0.323380833,0.0,0.0,0.0,0.0,0.0,0.0,0.0,0.0,0.944444444,0.23570226
36_13_02.bmp,3.055555555555556,0.055555556,0.23570226,0.5,0.514495755,0.333333333,0.48507125,0.0,0.0,0.0,0.0,0.055555556,0.23570226,0.055555556,0.23570226
15_05_03.bmp,2.611111111111111,0.333333333,0.48507125,0.666666667,0.48507125,0.055555556,0.23570226,0.055555556,0.23570226,0.222222222,0.427792632,0.0,0.0,0.0,0.0
27_10_03.bmp,2.7222222222222223,0.555555556,0.511309993,0.333333333,0.48507125,0.0,0.0,0.0,0.0,0.5,0.514495755,0.055555556,0.23570226,0.055555556,0.23570226
07_03_03.bmp,2.555555555555556,0.111111111,0.323380833,0.777777778,0.427792632,0.222222222,0.427792632,0.0,0.0,0.111111111,0.323380833,0.0,0.0,0.055555556,0.23570226
29_20_04.bmp,2.0,0.555555556,0.511309993,0.444444444,0.511309993,0.222222222,0.427792632,0.277777778,0.460888599,0.111111111,0.323380833,0.111111111,0.323380833,0.055555556,0.23570226
20_09_03.bmp,2.611111111111111,0.777777778,0.427792632,0.333333333,0.48507125,0.111111111,0.323380833,0.0,0.0,0.055555556,0.23570226,0.055555556,0.23570226,0.0,0.0
28_13_03.bmp,2.9444444444444446,0.111111111,0.323380833,0.333333333,0.48507125,0.555555556,0.511309993,0.055555556,0.23570226,0.166666667,0.383482494,0.111111111,0.323380833,0.0,0.0
11_01_05.bmp,1.2777777777777777,0.0,0.0,0.888888889,0.323380833,0.0,0.0,0.0,0.0,0.166666667,0.383482494,0.055555556,0.23570226,0.055555556,0.23570226
13_24_02.bmp,2.9444444444444446,0.0,0.0,0.777777778,0.427792632,0.166666667,0.383482494,0.0,0.0,0.111111111,0.323380833,0.055555556,0.23570226,0.111111111,0.323380833
21_23_01.bmp,3.0,0.055555556,0.23570226,0.111111111,0.323380833,0.055555556,0.23570226,0.722222222,0.460888599,0.0,0.0,0.0,0.0,0.111111111,0.323380833
23_16_02.bmp,3.055555555555556,0.055555556,0.23570226,0.444444444,0.511309993,0.111111111,0.323380833,0.0,0.0,0.333333333,0.48507125,0.0,0.0,0.0,0.0
22_05_03.bmp,2.111111111111111,0.277777778,0.460888599,0.722222222,0.460888599,0.111111111,0.323380833,0.0,0.0,0.111111111,0.323380833,0.111111111,0.323380833,0.0,0.0
0629.jpg,3.7777777777777777,0.0,0.0,0.277777778,0.460888599,0.0,0.0,0.277777778,0.460888599,0.055555556,0.23570226,0.0,0.0,0.055555556,0.23570226
25_02_01.bmp,3.111111111111111,0.0,0.0,0.611111111,0.501631326,0.055555556,0.23570226,0.055555556,0.23570226,0.166666667,0.383482494,0.0,0.0,0.055555556,0.23570226
0381.jpg,1.9444444444444444,0.055555556,0.23570226,0.888888889,0.323380833,0.055555556,0.23570226,0.055555556,0.23570226,0.055555556,0.23570226,0.0,0.0,0.055555556,0.23570226
30_22_03.bmp,2.5,0.111111111,0.323380833,0.777777778,0.427792632,0.055555556,0.23570226,0.111111111,0.323380833,0.277777778,0.460888599,0.055555556,0.23570226,0.0,0.0
0925.jpg,1.3888888888888888,0.0,0.0,0.944444444,0.23570226,0.0,0.0,0.166666667,0.383482494,0.333333333,0.48507125,0.0,0.0,0.0,0.0
25_18_02.bmp,2.5,0.0,0.0,0.777777778,0.427792632,0.055555556,0.23570226,0.0,0.0,0.111111111,0.323380833,0.111111111,0.323380833,0.055555556,0.23570226
05_22_04.bmp,1.5,0.277777778,0.460888599,0.777777778,0.427792632,0.166666667,0.383482494,0.0,0.0,0.0,0.0,0.111111111,0.323380833,0.055555556,0.23570226
28_10_03.bmp,2.7222222222222223,0.666666667,0.48507125,0.277777778,0.460888599,0.055555556,0.23570226,0.0,0.0,0.222222222,0.427792632,0.055555556,0.23570226,0.0,0.0
32_21_03.bmp,2.333333333333333,0.166666667,0.383482494,0.444444444,0.511309993,0.388888889,0.501631326,0.222222222,0.427792632,0.388888889,0.501631326,0.055555556,0.23570226,0.0,0.0
03_04_03.bmp,3.4444444444444446,0.388888889,0.501631326,0.166666667,0.383482494,0.166666667,0.383482494,0.055555556,0.23570226,0.111111111,0.323380833,0.166666667,0.383482494,0.055555556,0.23570226
18_14_01.bmp,3.333333333333333,0.166666667,0.383482494,0.333333333,0.48507125,0.055555556,0.23570226,0.166666667,0.383482494,0.0,0.0,0.0,0.0,0.111111111,0.323380833
0586.jpg,3.0,0.111111111,0.323380833,0.222222222,0.427792632,0.0,0.0,0.333333333,0.48507125,0.5,0.514495755,0.111111111,0.323380833,0.055555556,0.23570226
32_09_02.bmp,2.7222222222222223,0.5,0.514495755,0.333333333,0.48507125,0.055555556,0.23570226,0.055555556,0.23570226,0.333333333,0.48507125,0.111111111,0.323380833,0.0,0.0
26_09_05.bmp,2.555555555555556,0.666666667,0.48507125,0.222222222,0.427792632,0.055555556,0.23570226,0.055555556,0.23570226,0.055555556,0.23570226,0.0,0.0,0.0,0.0
01413.jpg,3.333333333333333,0.0,0.0,0.611111111,0.501631326,0.055555556,0.23570226,0.0,0.0,0.0,0.0,0.0,0.0,0.111111111,0.323380833
0702.jpg,3.388888888888889,0.055555556,0.23570226,0.333333333,0.48507125,0.055555556,0.23570226,0.055555556,0.23570226,0.388888889,0.501631326,0.055555556,0.23570226,0.055555556,0.23570226
25_12_04.bmp,2.1666666666666665,0.777777778,0.427792632,0.277777778,0.460888599,0.111111111,0.323380833,0.0,0.0,0.222222222,0.427792632,0.0,0.0,0.055555556,0.23570226
05_11_05.bmp,1.7777777777777777,0.777777778,0.427792632,0.388888889,0.501631326,0.055555556,0.23570226,0.0,0.0,0.111111111,0.323380833,0.111111111,0.323380833,0.055555556,0.23570226
31_15_05.bmp,2.833333333333333,0.111111111,0.323380833,0.333333333,0.48507125,0.111111111,0.323380833,0.611111111,0.501631326,0.166666667,0.383482494,0.0,0.0,0.111111111,0.323380833
0168.jpg,2.4444444444444446,0.111111111,0.323380833,0.277777778,0.460888599,0.944444444,0.23570226,0.0,0.0,0.111111111,0.323380833,0.0,0.0,0.055555556,0.23570226
0166.jpg,3.055555555555556,0.055555556,0.23570226,0.333333333,0.48507125,0.777777778,0.427792632,0.0,0.0,0.166666667,0.383482494,0.0,0.0,0.0,0.0
13_19_05.bmp,2.9444444444444446,0.055555556,0.23570226,0.388888889,0.501631326,0.5,0.514495755,0.055555556,0.23570226,0.111111111,0.323380833,0.0,0.0,0.055555556,0.23570226
21_08_01.bmp,3.2222222222222223,0.111111111,0.323380833,0.555555556,0.511309993,0.0,0.0,0.0,0.0,0.0,0.0,0.111111111,0.323380833,0.055555556,0.23570226
34_17_01.bmp,2.9444444444444446,0.111111111,0.323380833,0.5,0.514495755,0.333333333,0.48507125,0.0,0.0,0.055555556,0.23570226,0.111111111,0.323380833,0.222222222,0.427792632
17_08_04.bmp,1.8888888888888888,0.5,0.514495755,0.555555556,0.511309993,0.0,0.0,0.0,0.0,0.166666667,0.383482494,0.166666667,0.383482494,0.0,0.0
07_23_01.bmp,2.833333333333333,0.055555556,0.23570226,0.166666667,0.383482494,0.0,0.0,0.777777778,0.427792632,0.055555556,0.23570226,0.055555556,0.23570226,0.111111111,0.323380833
0999.jpg,3.333333333333333,0.055555556,0.23570226,0.222222222,0.427792632,0.055555556,0.23570226,0.722222222,0.460888599,0.333333333,0.48507125,0.0,0.0,0.0,0.0
05_23_05.bmp,1.8888888888888888,0.055555556,0.23570226,0.277777778,0.460888599,0.055555556,0.23570226,0.722222222,0.460888599,0.0,0.0,0.111111111,0.323380833,0.222222222,0.427792632
05_11_03.bmp,2.333333333333333,0.833333333,0.383482494,0.333333333,0.48507125,0.055555556,0.23570226,0.0,0.0,0.111111111,0.323380833,0.166666667,0.383482494,0.0,0.0
0593.jpg,3.2222222222222223,0.111111111,0.323380833,0.166666667,0.383482494,0.0,0.0,0.111111111,0.323380833,0.555555556,0.511309993,0.166666667,0.383482494,0.055555556,0.23570226
15_04_02.bmp,3.0,0.333333333,0.48507125,0.166666667,0.383482494,0.111111111,0.323380833,0.055555556,0.23570226,0.222222222,0.427792632,0.111111111,0.323380833,0.055555556,0.23570226
06_18_02.bmp,2.4444444444444446,0.222222222,0.427792632,0.666666667,0.48507125,0.111111111,0.323380833,0.0,0.0,0.0,0.0,0.222222222,0.427792632,0.277777778,0.460888599
01283.jpg,2.9444444444444446,0.444444444,0.511309993,0.722222222,0.460888599,0.055555556,0.23570226,0.0,0.0,0.333333333,0.48507125,0.0,0.0,0.055555556,0.23570226
12_02_04.bmp,1.7222222222222223,0.111111111,0.323380833,0.944444444,0.23570226,0.055555556,0.23570226,0.0,0.0,0.0,0.0,0.055555556,0.23570226,0.0,0.0
01343.jpg,3.333333333333333,0.055555556,0.23570226,0.666666667,0.48507125,0.0,0.0,0.166666667,0.383482494,0.0,0.0,0.0,0.0,0.055555556,0.23570226
14_06_05.bmp,1.3333333333333333,0.333333333,0.48507125,0.388888889,0.501631326,0.277777778,0.460888599,0.055555556,0.23570226,0.055555556,0.23570226,0.055555556,0.23570226,0.055555556,0.23570226
20_23_03.bmp,2.4444444444444446,0.055555556,0.23570226,0.277777778,0.460888599,0.055555556,0.23570226,0.722222222,0.460888599,0.111111111,0.323380833,0.0,0.0,0.055555556,0.23570226
29_01_02.bmp,3.1666666666666665,0.222222222,0.427792632,0.444444444,0.511309993,0.0,0.0,0.055555556,0.23570226,0.055555556,0.23570226,0.055555556,0.23570226,0.166666667,0.383482494
07_09_01.bmp,2.888888888888889,0.666666667,0.48507125,0.388888889,0.501631326,0.111111111,0.323380833,0.0,0.0,0.111111111,0.323380833,0.0,0.0,0.055555556,0.23570226
31_09_01.bmp,3.1666666666666665,0.666666667,0.48507125,0.222222222,0.427792632,0.055555556,0.23570226,0.0,0.0,0.166666667,0.383482494,0.0,0.0,0.055555556,0.23570226
0070.jpg,2.6666666666666665,0.111111111,0.323380833,0.444444444,0.511309993,0.944444444,0.23570226,0.055555556,0.23570226,0.0,0.0,0.0,0.0,0.055555556,0.23570226
07_01_02.bmp,3.1666666666666665,0.055555556,0.23570226,0.611111111,0.501631326,0.333333333,0.48507125,0.0,0.0,0.055555556,0.23570226,0.0,0.0,0.055555556,0.23570226
26_19_02.bmp,4.0,0.0,0.0,0.222222222,0.427792632,0.055555556,0.23570226,0.055555556,0.23570226,0.055555556,0.23570226,0.0,0.0,0.055555556,0.23570226
18_03_01.bmp,3.555555555555556,0.222222222,0.427792632,0.5,0.514495755,0.111111111,0.323380833,0.0,0.0,0.0,0.0,0.0,0.0,0.055555556,0.23570226
02_13_01.bmp,3.4444444444444446,0.111111111,0.323380833,0.388888889,0.501631326,0.055555556,0.23570226,0.0,0.0,0.444444444,0.511309993,0.055555556,0.23570226,0.0,0.0
31_22_05.bmp,1.5555555555555556,0.166666667,0.383482494,0.833333333,0.383482494,0.055555556,0.23570226,0.111111111,0.323380833,0.166666667,0.383482494,0.0,0.0,0.0,0.0
09_11_02.bmp,3.0,0.666666667,0.48507125,0.388888889,0.501631326,0.055555556,0.23570226,0.0,0.0,0.222222222,0.427792632,0.055555556,0.23570226,0.0,0.0
10_16_02.bmp,3.0,0.055555556,0.23570226,0.444444444,0.511309993,0.222222222,0.427792632,0.0,0.0,0.333333333,0.48507125,0.222222222,0.427792632,0.055555556,0.23570226
11_05_05.bmp,1.9444444444444444,0.388888889,0.501631326,0.666666667,0.48507125,0.055555556,0.23570226,0.055555556,0.23570226,0.333333333,0.48507125,0.055555556,0.23570226,0.055555556,0.23570226
34_18_05.bmp,1.3888888888888888,0.111111111,0.323380833,0.888888889,0.323380833,0.166666667,0.383482494,0.055555556,0.23570226,0.0,0.0,0.055555556,0.23570226,0.111111111,0.323380833
09_06_02.bmp,2.555555555555556,0.333333333,0.48507125,0.5,0.514495755,0.166666667,0.383482494,0.055555556,0.23570226,0.111111111,0.323380833,0.166666667,0.383482494,0.0,0.0
02_01_02.bmp,3.333333333333333,0.0,0.0,0.444444444,0.511309993,0.0,0.0,0.0,0.0,0.666666667,0.48507125,0.055555556,0.23570226,0.111111111,0.323380833
29_21_03.bmp,3.0,0.166666667,0.383482494,0.388888889,0.501631326,0.444444444,0.511309993,0.0,0.0,0.055555556,0.23570226,0.166666667,0.383482494,0.111111111,0.323380833
0499.jpg,2.7777777777777777,0.055555556,0.23570226,0.611111111,0.501631326,0.055555556,0.23570226,0.5,0.514495755,0.666666667,0.48507125,0.0,0.0,0.111111111,0.323380833
01200.jpg,2.7777777777777777,0.166666667,0.383482494,0.555555556,0.511309993,0.0,0.0,0.0,0.0,0.111111111,0.323380833,0.777777778,0.427792632,0.277777778,0.460888599
1086.jpg,2.5,0.055555556,0.23570226,0.111111111,0.323380833,0.055555556,0.23570226,0.0,0.0,0.388888889,0.501631326,0.833333333,0.383482494,0.222222222,0.427792632
0034.jpg,1.7222222222222223,0.111111111,0.323380833,0.722222222,0.460888599,0.777777778,0.427792632,0.0,0.0,0.055555556,0.23570226,0.0,0.0,0.0,0.0
18_14_04.bmp,2.1666666666666665,0.166666667,0.383482494,0.222222222,0.427792632,0.166666667,0.383482494,0.611111111,0.501631326,0.0,0.0,0.055555556,0.23570226,0.055555556,0.23570226
08_09_01.bmp,3.5,0.555555556,0.511309993,0.055555556,0.23570226,0.0,0.0,0.111111111,0.323380833,0.055555556,0.23570226,0.0,0.0,0.055555556,0.23570226
07_23_04.bmp,2.2222222222222223,0.055555556,0.23570226,0.388888889,0.501631326,0.055555556,0.23570226,0.777777778,0.427792632,0.055555556,0.23570226,0.111111111,0.323380833,0.055555556,0.23570226
10_21_03.bmp,2.555555555555556,0.055555556,0.23570226,0.277777778,0.460888599,0.611111111,0.501631326,0.055555556,0.23570226,0.277777778,0.460888599,0.5,0.514495755,0.0,0.0
01_21_03.bmp,2.6666666666666665,0.111111111,0.323380833,0.722222222,0.460888599,0.222222222,0.427792632,0.0,0.0,0.0,0.0,0.0,0.0,0.111111111,0.323380833
29_13_01.bmp,3.2777777777777777,0.166666667,0.383482494,0.388888889,0.501631326,0.055555556,0.23570226,0.055555556,0.23570226,0.111111111,0.323380833,0.111111111,0.323380833,0.055555556,0.23570226
1038.jpg,3.5,0.055555556,0.23570226,0.333333333,0.48507125,0.0,0.0,0.555555556,0.511309993,0.111111111,0.323380833,0.0,0.0,0.0,0.0
22_12_04.bmp,2.111111111111111,0.888888889,0.323380833,0.388888889,0.501631326,0.055555556,0.23570226,0.0,0.0,0.166666667,0.383482494,0.111111111,0.323380833,0.0,0.0
13_21_02.bmp,2.833333333333333,0.111111111,0.323380833,0.277777778,0.460888599,0.5,0.514495755,0.0,0.0,0.111111111,0.323380833,0.055555556,0.23570226,0.055555556,0.23570226
0984.jpg,3.2222222222222223,0.111111111,0.323380833,0.444444444,0.511309993,0.0,0.0,0.666666667,0.48507125,0.055555556,0.23570226,0.0,0.0,0.055555556,0.23570226
37_18_02.bmp,2.9444444444444446,0.111111111,0.323380833,0.777777778,0.427792632,0.055555556,0.23570226,0.0,0.0,0.111111111,0.323380833,0.055555556,0.23570226,0.055555556,0.23570226
03_21_04.bmp,2.7222222222222223,0.277777778,0.460888599,0.333333333,0.48507125,0.111111111,0.323380833,0.5,0.514495755,0.055555556,0.23570226,0.055555556,0.23570226,0.055555556,0.23570226
01479.jpg,3.888888888888889,0.166666667,0.383482494,0.333333333,0.48507125,0.166666667,0.383482494,0.0,0.0,0.0,0.0,0.055555556,0.23570226,0.111111111,0.323380833
0224.jpg,1.6666666666666667,0.055555556,0.23570226,0.388888889,0.501631326,0.0,0.0,0.944444444,0.23570226,0.0,0.0,0.055555556,0.23570226,0.0,0.0
10_03_05.bmp,1.6666666666666667,0.055555556,0.23570226,0.888888889,0.323380833,0.0,0.0,0.055555556,0.23570226,0.388888889,0.501631326,0.222222222,0.427792632,0.0,0.0
30_24_02.bmp,3.1666666666666665,0.0,0.0,0.5,0.514495755,0.0,0.0,0.055555556,0.23570226,0.277777778,0.460888599,0.055555556,0.23570226,0.055555556,0.23570226
22_10_05.bmp,2.055555555555556,0.722222222,0.460888599,0.388888889,0.501631326,0.055555556,0.23570226,0.0,0.0,0.166666667,0.383482494,0.055555556,0.23570226,0.055555556,0.23570226
25_17_04.bmp,2.4444444444444446,0.055555556,0.23570226,0.555555556,0.511309993,0.111111111,0.323380833,0.055555556,0.23570226,0.222222222,0.427792632,0.222222222,0.427792632,0.222222222,0.427792632
37_15_03.bmp,3.388888888888889,0.055555556,0.23570226,0.388888889,0.501631326,0.111111111,0.323380833,0.222222222,0.427792632,0.111111111,0.323380833,0.055555556,0.23570226,0.0,0.0
01156.jpg,4.222222222222222,0.222222222,0.427792632,0.166666667,0.383482494,0.0,0.0,0.055555556,0.23570226,0.277777778,0.460888599,0.0,0.0,0.0,0.0
26_02_05.bmp,1.3333333333333333,0.055555556,0.23570226,0.833333333,0.383482494,0.111111111,0.323380833,0.0,0.0,0.0,0.0,0.0,0.0,0.0,0.0
01196.jpg,3.333333333333333,0.222222222,0.427792632,0.333333333,0.48507125,0.055555556,0.23570226,0.055555556,0.23570226,0.777777778,0.427792632,0.0,0.0,0.055555556,0.23570226
10_23_02.bmp,2.888888888888889,0.055555556,0.23570226,0.222222222,0.427792632,0.0,0.0,0.777777778,0.427792632,0.333333333,0.48507125,0.166666667,0.383482494,0.166666667,0.383482494
01437.jpg,3.6666666666666665,0.0,0.0,0.555555556,0.511309993,0.111111111,0.323380833,0.055555556,0.23570226,0.0,0.0,0.055555556,0.23570226,0.0,0.0
16_24_05.bmp,1.5555555555555556,0.111111111,0.323380833,0.777777778,0.427792632,0.0,0.0,0.055555556,0.23570226,0.277777778,0.460888599,0.277777778,0.460888599,0.111111111,0.323380833
0708.jpg,3.7777777777777777,0.0,0.0,0.222222222,0.427792632,0.055555556,0.23570226,0.0,0.0,0.111111111,0.323380833,0.055555556,0.23570226,0.055555556,0.23570226
12_16_04.bmp,2.0,0.277777778,0.460888599,0.888888889,0.323380833,0.055555556,0.23570226,0.0,0.0,0.055555556,0.23570226,0.055555556,0.23570226,0.0,0.0
25_02_04.bmp,1.5555555555555556,0.0,0.0,0.944444444,0.23570226,0.111111111,0.323380833,0.055555556,0.23570226,0.166666667,0.383482494,0.0,0.0,0.0,0.0
01477.jpg,3.6666666666666665,0.0,0.0,0.611111111,0.501631326,0.055555556,0.23570226,0.0,0.0,0.055555556,0.23570226,0.0,0.0,0.055555556,0.23570226
04_06_03.bmp,2.4444444444444446,0.388888889,0.501631326,0.666666667,0.48507125,0.166666667,0.383482494,0.0,0.0,0.111111111,0.323380833,0.222222222,0.427792632,0.111111111,0.323380833
24_03_05.bmp,1.7777777777777777,0.111111111,0.323380833,0.833333333,0.383482494,0.0,0.0,0.055555556,0.23570226,0.055555556,0.23570226,0.0,0.0,0.0,0.0
22_11_02.bmp,3.1666666666666665,0.777777778,0.427792632,0.333333333,0.48507125,0.0,0.0,0.055555556,0.23570226,0.111111111,0.323380833,0.111111111,0.323380833,0.0,0.0
23_16_03.bmp,3.055555555555556,0.055555556,0.23570226,0.5,0.514495755,0.0,0.0,0.111111111,0.323380833,0.277777778,0.460888599,0.0,0.0,0.055555556,0.23570226
0715.jpg,3.555555555555556,0.055555556,0.23570226,0.333333333,0.48507125,0.0,0.0,0.055555556,0.23570226,0.277777778,0.460888599,0.111111111,0.323380833,0.055555556,0.23570226
01455.jpg,3.2222222222222223,0.055555556,0.23570226,0.722222222,0.460888599,0.111111111,0.323380833,0.055555556,0.23570226,0.0,0.0,0.0,0.0,0.0,0.0
20_07_04.bmp,1.4444444444444444,0.111111111,0.323380833,0.777777778,0.427792632,0.055555556,0.23570226,0.0,0.0,0.055555556,0.23570226,0.055555556,0.23570226,0.055555556,0.23570226
01228.jpg,3.5,0.222222222,0.427792632,0.277777778,0.460888599,0.166666667,0.383482494,0.333333333,0.48507125,0.111111111,0.323380833,0.055555556,0.23570226,0.055555556,0.23570226
03_05_03.bmp,2.7777777777777777,0.222222222,0.427792632,0.611111111,0.501631326,0.055555556,0.23570226,0.055555556,0.23570226,0.166666667,0.383482494,0.0,0.0,0.055555556,0.23570226
27_02_02.bmp,3.055555555555556,0.0,0.0,0.666666667,0.48507125,0.0,0.0,0.055555556,0.23570226,0.5,0.514495755,0.0,0.0,0.055555556,0.23570226
18_06_01.bmp,3.055555555555556,0.166666667,0.383482494,0.611111111,0.501631326,0.111111111,0.323380833,0.111111111,0.323380833,0.055555556,0.23570226,0.0,0.0,0.055555556,0.23570226
26_16_03.bmp,3.1666666666666665,0.055555556,0.23570226,0.277777778,0.460888599,0.055555556,0.23570226,0.444444444,0.511309993,0.055555556,0.23570226,0.0,0.0,0.0,0.0
13_12_04.bmp,2.611111111111111,0.777777778,0.427792632,0.222222222,0.427792632,0.055555556,0.23570226,0.0,0.0,0.277777778,0.460888599,0.0,0.0,0.055555556,0.23570226
11_04_01.bmp,3.388888888888889,0.055555556,0.23570226,0.444444444,0.511309993,0.055555556,0.23570226,0.111111111,0.323380833,0.333333333,0.48507125,0.055555556,0.23570226,0.0,0.0
34_11_04.bmp,2.1666666666666665,0.888888889,0.323380833,0.333333333,0.48507125,0.166666667,0.383482494,0.0,0.0,0.111111111,0.323380833,0.0,0.0,0.055555556,0.23570226
0021.jpg,3.4444444444444446,0.0,0.0,0.277777778,0.460888599,0.722222222,0.460888599,0.0,0.0,0.222222222,0.427792632,0.0,0.0,0.0,0.0
31_14_01.bmp,3.1666666666666665,0.055555556,0.23570226,0.444444444,0.511309993,0.0,0.0,0.111111111,0.323380833,0.222222222,0.427792632,0.0,0.0,0.111111111,0.323380833
04_05_05.bmp,1.5555555555555556,0.388888889,0.501631326,0.777777778,0.427792632,0.166666667,0.383482494,0.0,0.0,0.166666667,0.383482494,0.111111111,0.323380833,0.055555556,0.23570226
18_15_02.bmp,2.611111111111111,0.111111111,0.323380833,0.277777778,0.460888599,0.722222222,0.460888599,0.0,0.0,0.0,0.0,0.0,0.0,0.055555556,0.23570226
03_18_02.bmp,3.1666666666666665,0.277777778,0.460888599,0.333333333,0.48507125,0.111111111,0.323380833,0.0,0.0,0.166666667,0.383482494,0.055555556,0.23570226,0.055555556,0.23570226
11_11_04.bmp,2.555555555555556,0.888888889,0.323380833,0.222222222,0.427792632,0.111111111,0.323380833,0.055555556,0.23570226,0.222222222,0.427792632,0.055555556,0.23570226,0.0,0.0
0061.jpg,3.333333333333333,0.055555556,0.23570226,0.555555556,0.511309993,0.5,0.514495755,0.0,0.0,0.055555556,0.23570226,0.055555556,0.23570226,0.055555556,0.23570226
1077.jpg,3.4444444444444446,0.166666667,0.383482494,0.444444444,0.511309993,0.0,0.0,0.388888889,0.501631326,0.055555556,0.23570226,0.055555556,0.23570226,0.055555556,0.23570226
03_20_01.bmp,2.611111111111111,0.388888889,0.501631326,0.166666667,0.383482494,0.277777778,0.460888599,0.111111111,0.323380833,0.055555556,0.23570226,0.0,0.0,0.0,0.0
0432.jpg,2.833333333333333,0.055555556,0.23570226,0.777777778,0.427792632,0.055555556,0.23570226,0.055555556,0.23570226,0.0,0.0,0.0,0.0,0.055555556,0.23570226
10_06_01.bmp,2.7777777777777777,0.388888889,0.501631326,0.388888889,0.501631326,0.111111111,0.323380833,0.055555556,0.23570226,0.277777778,0.460888599,0.333333333,0.48507125,0.111111111,0.323380833
17_05_03.bmp,2.611111111111111,0.444444444,0.511309993,0.777777778,0.427792632,0.111111111,0.323380833,0.0,0.0,0.166666667,0.383482494,0.111111111,0.323380833,0.0,0.0
11_01_01.bmp,3.111111111111111,0.111111111,0.323380833,0.388888889,0.501631326,0.0,0.0,0.055555556,0.23570226,0.388888889,0.501631326,0.222222222,0.427792632,0.0,0.0
36_17_04.bmp,2.2777777777777777,0.055555556,0.23570226,0.555555556,0.511309993,0.166666667,0.383482494,0.0,0.0,0.277777778,0.460888599,0.222222222,0.427792632,0.166666667,0.383482494
18_13_05.bmp,2.055555555555556,0.166666667,0.383482494,0.166666667,0.383482494,0.888888889,0.323380833,0.055555556,0.23570226,0.0,0.0,0.055555556,0.23570226,0.055555556,0.23570226
0276.jpg,2.0,0.111111111,0.323380833,0.5,0.514495755,0.0,0.0,0.777777778,0.427792632,0.111111111,0.323380833,0.055555556,0.23570226,0.0,0.0
03_16_04.bmp,2.5,0.333333333,0.48507125,0.833333333,0.383482494,0.0,0.0,0.055555556,0.23570226,0.111111111,0.323380833,0.0,0.0,0.055555556,0.23570226
23_20_01.bmp,2.7777777777777777,0.222222222,0.427792632,0.277777778,0.460888599,0.222222222,0.427792632,0.222222222,0.427792632,0.166666667,0.383482494,0.0,0.0,0.0,0.0
02_13_03.bmp,3.055555555555556,0.0,0.0,0.222222222,0.427792632,0.388888889,0.501631326,0.0,0.0,0.5,0.514495755,0.111111111,0.323380833,0.111111111,0.323380833
19_16_03.bmp,2.888888888888889,0.166666667,0.383482494,0.555555556,0.511309993,0.055555556,0.23570226,0.0,0.0,0.111111111,0.323380833,0.111111111,0.323380833,0.111111111,0.323380833
11_20_01.bmp,2.388888888888889,0.166666667,0.383482494,0.388888889,0.501631326,0.277777778,0.460888599,0.333333333,0.48507125,0.277777778,0.460888599,0.055555556,0.23570226,0.0,0.0
0181.jpg,3.2222222222222223,0.055555556,0.23570226,0.277777778,0.460888599,0.777777778,0.427792632,0.055555556,0.23570226,0.0,0.0,0.0,0.0,0.0,0.0
35_22_01.bmp,2.388888888888889,0.222222222,0.427792632,0.722222222,0.460888599,0.277777778,0.460888599,0.055555556,0.23570226,0.055555556,0.23570226,0.0,0.0,0.055555556,0.23570226
22_06_01.bmp,3.111111111111111,0.222222222,0.427792632,0.444444444,0.511309993,0.166666667,0.383482494,0.0,0.0,0.111111111,0.323380833,0.277777778,0.460888599,0.0,0.0
26_17_01.bmp,3.2777777777777777,0.055555556,0.23570226,0.222222222,0.427792632,0.222222222,0.427792632,0.055555556,0.23570226,0.055555556,0.23570226,0.0,0.0,0.166666667,0.383482494
32_01_02.bmp,2.9444444444444446,0.055555556,0.23570226,0.555555556,0.511309993,0.277777778,0.460888599,0.0,0.0,0.5,0.514495755,0.055555556,0.23570226,0.0,0.0
15_17_05.bmp,2.1666666666666665,0.111111111,0.323380833,0.444444444,0.511309993,0.0,0.0,0.0,0.0,0.388888889,0.501631326,0.111111111,0.323380833,0.222222222,0.427792632
21_24_05.bmp,1.2222222222222223,0.055555556,0.23570226,0.888888889,0.323380833,0.0,0.0,0.055555556,0.23570226,0.111111111,0.323380833,0.0,0.0,0.055555556,0.23570226
13_09_04.bmp,2.4444444444444446,0.777777778,0.427792632,0.166666667,0.383482494,0.166666667,0.383482494,0.0,0.0,0.222222222,0.427792632,0.111111111,0.323380833,0.0,0.0
29_10_01.bmp,3.2222222222222223,0.333333333,0.48507125,0.277777778,0.460888599,0.055555556,0.23570226,0.055555556,0.23570226,0.111111111,0.323380833,0.111111111,0.323380833,0.055555556,0.23570226
20_12_03.bmp,2.7222222222222223,0.666666667,0.48507125,0.388888889,0.501631326,0.111111111,0.323380833,0.0,0.0,0.111111111,0.323380833,0.111111111,0.323380833,0.0,0.0
17_14_04.bmp,2.333333333333333,0.111111111,0.323380833,0.166666667,0.383482494,0.055555556,0.23570226,0.722222222,0.460888599,0.166666667,0.383482494,0.166666667,0.383482494,0.0,0.0
17_20_05.bmp,1.6111111111111112,0.555555556,0.511309993,0.277777778,0.460888599,0.277777778,0.460888599,0.277777778,0.460888599,0.166666667,0.383482494,0.0,0.0,0.0,0.0
01495.jpg,3.7777777777777777,0.055555556,0.23570226,0.5,0.514495755,0.111111111,0.323380833,0.0,0.0,0.0,0.0,0.0,0.0,0.055555556,0.23570226
05_16_05.bmp,1.3888888888888888,0.333333333,0.48507125,0.833333333,0.383482494,0.0,0.0,0.055555556,0.23570226,0.055555556,0.23570226,0.055555556,0.23570226,0.0,0.0
15_15_02.bmp,2.4444444444444446,0.055555556,0.23570226,0.222222222,0.427792632,0.833333333,0.383482494,0.0,0.0,0.166666667,0.383482494,0.0,0.0,0.055555556,0.23570226
20_14_01.bmp,3.611111111111111,0.055555556,0.23570226,0.333333333,0.48507125,0.166666667,0.383482494,0.0,0.0,0.166666667,0.383482494,0.111111111,0.323380833,0.0,0.0
28_09_01.bmp,2.888888888888889,0.555555556,0.511309993,0.333333333,0.48507125,0.111111111,0.323380833,0.0,0.0,0.222222222,0.427792632,0.055555556,0.23570226,0.0,0.0
01150.jpg,4.166666666666667,0.0,0.0,0.0,0.0,0.055555556,0.23570226,0.0,0.0,0.666666667,0.48507125,0.055555556,0.23570226,0.0,0.0
34_18_03.bmp,1.8888888888888888,0.055555556,0.23570226,0.833333333,0.383482494,0.166666667,0.383482494,0.055555556,0.23570226,0.055555556,0.23570226,0.111111111,0.323380833,0.055555556,0.23570226
0612.jpg,3.333333333333333,0.055555556,0.23570226,0.444444444,0.511309993,0.055555556,0.23570226,0.055555556,0.23570226,0.277777778,0.460888599,0.055555556,0.23570226,0.055555556,0.23570226
17_20_04.bmp,2.0,0.444444444,0.511309993,0.277777778,0.460888599,0.222222222,0.427792632,0.277777778,0.460888599,0.166666667,0.383482494,0.0,0.0,0.055555556,0.23570226
34_23_02.bmp,2.7777777777777777,0.111111111,0.323380833,0.111111111,0.323380833,0.055555556,0.23570226,0.777777778,0.427792632,0.055555556,0.23570226,0.0,0.0,0.111111111,0.323380833
0250.jpg,1.8333333333333333,0.166666667,0.383482494,0.444444444,0.511309993,0.0,0.0,0.944444444,0.23570226,0.055555556,0.23570226,0.111111111,0.323380833,0.0,0.0
27_19_04.bmp,2.111111111111111,0.277777778,0.460888599,0.333333333,0.48507125,0.611111111,0.501631326,0.0,0.0,0.388888889,0.501631326,0.055555556,0.23570226,0.055555556,0.23570226
08_01_02.bmp,4.166666666666667,0.111111111,0.323380833,0.111111111,0.323380833,0.055555556,0.23570226,0.166666667,0.383482494,0.166666667,0.383482494,0.0,0.0,0.0,0.0
0717.jpg,2.888888888888889,0.111111111,0.323380833,0.444444444,0.511309993,0.0,0.0,0.111111111,0.323380833,0.333333333,0.48507125,0.166666667,0.383482494,0.055555556,0.23570226
30_12_02.bmp,3.055555555555556,0.5,0.514495755,0.277777778,0.460888599,0.0,0.0,0.0,0.0,0.333333333,0.48507125,0.055555556,0.23570226,0.0,0.0
11_02_01.bmp,2.888888888888889,0.111111111,0.323380833,0.555555556,0.511309993,0.0,0.0,0.111111111,0.323380833,0.277777778,0.460888599,0.055555556,0.23570226,0.055555556,0.23570226
01168.jpg,3.333333333333333,0.055555556,0.23570226,0.444444444,0.511309993,0.0,0.0,0.0,0.0,0.0,0.0,0.111111111,0.323380833,0.722222222,0.460888599
12_10_01.bmp,3.388888888888889,0.444444444,0.511309993,0.333333333,0.48507125,0.055555556,0.23570226,0.0,0.0,0.0,0.0,0.0,0.0,0.055555556,0.23570226
04_02_02.bmp,2.388888888888889,0.111111111,0.323380833,0.833333333,0.383482494,0.055555556,0.23570226,0.055555556,0.23570226,0.222222222,0.427792632,0.0,0.0,0.055555556,0.23570226
01249.jpg,2.9444444444444446,0.444444444,0.511309993,0.611111111,0.501631326,0.0,0.0,0.055555556,0.23570226,0.277777778,0.460888599,0.0,0.0,0.0,0.0
20_06_03.bmp,2.611111111111111,0.277777778,0.460888599,0.277777778,0.460888599,0.222222222,0.427792632,0.111111111,0.323380833,0.111111111,0.323380833,0.111111111,0.323380833,0.0,0.0
01291.jpg,2.7222222222222223,0.388888889,0.501631326,0.722222222,0.460888599,0.0,0.0,0.222222222,0.427792632,0.0,0.0,0.0,0.0,0.055555556,0.23570226
0532.jpg,3.2777777777777777,0.111111111,0.323380833,0.5,0.514495755,0.0,0.0,0.111111111,0.323380833,0.777777778,0.427792632,0.0,0.0,0.055555556,0.23570226
0968.jpg,2.7222222222222223,0.055555556,0.23570226,0.555555556,0.511309993,0.0,0.0,0.611111111,0.501631326,0.055555556,0.23570226,0.055555556,0.23570226,0.055555556,0.23570226
23_19_03.bmp,2.611111111111111,0.222222222,0.427792632,0.222222222,0.427792632,0.5,0.514495755,0.0,0.0,0.277777778,0.460888599,0.0,0.0,0.055555556,0.23570226
0030.jpg,1.9444444444444444,0.055555556,0.23570226,0.5,0.514495755,0.888888889,0.323380833,0.0,0.0,0.222222222,0.427792632,0.0,0.0,0.0,0.0
14_20_05.bmp,1.8333333333333333,0.611111111,0.501631326,0.388888889,0.501631326,0.166666667,0.383482494,0.277777778,0.460888599,0.055555556,0.23570226,0.0,0.0,0.0,0.0
01469.jpg,3.6666666666666665,0.055555556,0.23570226,0.555555556,0.511309993,0.111111111,0.323380833,0.055555556,0.23570226,0.0,0.0,0.0,0.0,0.055555556,0.23570226
21_23_05.bmp,2.055555555555556,0.055555556,0.23570226,0.166666667,0.383482494,0.055555556,0.23570226,0.722222222,0.460888599,0.0,0.0,0.0,0.0,0.111111111,0.323380833
1032.jpg,3.2777777777777777,0.055555556,0.23570226,0.277777778,0.460888599,0.055555556,0.23570226,0.5,0.514495755,0.166666667,0.383482494,0.0,0.0,0.055555556,0.23570226
0588.jpg,3.4444444444444446,0.055555556,0.23570226,0.222222222,0.427792632,0.0,0.0,0.166666667,0.383482494,0.333333333,0.48507125,0.111111111,0.323380833,0.055555556,0.23570226
05_15_03.bmp,3.1666666666666665,0.111111111,0.323380833,0.333333333,0.48507125,0.277777778,0.460888599,0.0,0.0,0.055555556,0.23570226,0.055555556,0.23570226,0.055555556,0.23570226
27_10_05.bmp,2.1666666666666665,0.666666667,0.48507125,0.333333333,0.48507125,0.0,0.0,0.055555556,0.23570226,0.444444444,0.511309993,0.111111111,0.323380833,0.055555556,0.23570226
29_24_01.bmp,3.2222222222222223,0.111111111,0.323380833,0.5,0.514495755,0.055555556,0.23570226,0.055555556,0.23570226,0.055555556,0.23570226,0.111111111,0.323380833,0.111111111,0.323380833
01446.jpg,3.111111111111111,0.111111111,0.323380833,0.666666667,0.48507125,0.055555556,0.23570226,0.0,0.0,0.0,0.0,0.111111111,0.323380833,0.333333333,0.48507125
23_10_01.bmp,3.4444444444444446,0.277777778,0.460888599,0.388888889,0.501631326,0.0,0.0,0.0,0.0,0.277777778,0.460888599,0.055555556,0.23570226,0.055555556,0.23570226
01487.jpg,3.611111111111111,0.055555556,0.23570226,0.666666667,0.48507125,0.111111111,0.323380833,0.0,0.0,0.0,0.0,0.0,0.0,0.055555556,0.23570226
0063.jpg,2.333333333333333,0.055555556,0.23570226,0.777777778,0.427792632,0.666666667,0.48507125,0.0,0.0,0.222222222,0.427792632,0.0,0.0,0.055555556,0.23570226
32_10_05.bmp,2.2222222222222223,0.833333333,0.383482494,0.388888889,0.501631326,0.055555556,0.23570226,0.055555556,0.23570226,0.388888889,0.501631326,0.055555556,0.23570226,0.0,0.0
19_24_03.bmp,2.111111111111111,0.0,0.0,0.888888889,0.323380833,0.0,0.0,0.0,0.0,0.111111111,0.323380833,0.055555556,0.23570226,0.0,0.0
20_15_04.bmp,3.1666666666666665,0.055555556,0.23570226,0.277777778,0.460888599,0.111111111,0.323380833,0.222222222,0.427792632,0.166666667,0.383482494,0.111111111,0.323380833,0.0,0.0
02_02_02.bmp,2.6666666666666665,0.0,0.0,0.888888889,0.323380833,0.0,0.0,0.0,0.0,0.611111111,0.501631326,0.055555556,0.23570226,0.055555556,0.23570226
0671.jpg,3.6666666666666665,0.111111111,0.323380833,0.277777778,0.460888599,0.0,0.0,0.111111111,0.323380833,0.166666667,0.383482494,0.055555556,0.23570226,0.055555556,0.23570226
01169.jpg,3.6666666666666665,0.222222222,0.427792632,0.277777778,0.460888599,0.055555556,0.23570226,0.0,0.0,0.611111111,0.501631326,0.0,0.0,0.055555556,0.23570226
02_15_04.bmp,3.2777777777777777,0.0,0.0,0.222222222,0.427792632,0.0,0.0,0.166666667,0.383482494,0.388888889,0.501631326,0.055555556,0.23570226,0.0,0.0
15_09_03.bmp,2.6666666666666665,0.777777778,0.427792632,0.222222222,0.427792632,0.055555556,0.23570226,0.0,0.0,0.222222222,0.427792632,0.0,0.0,0.055555556,0.23570226
22_09_04.bmp,2.2777777777777777,0.777777778,0.427792632,0.222222222,0.427792632,0.0,0.0,0.055555556,0.23570226,0.222222222,0.427792632,0.111111111,0.323380833,0.0,0.0
12_13_05.bmp,2.2222222222222223,0.0,0.0,0.111111111,0.323380833,0.777777778,0.427792632,0.055555556,0.23570226,0.055555556,0.23570226,0.055555556,0.23570226,0.0,0.0
03_04_01.bmp,4.111111111111111,0.166666667,0.383482494,0.166666667,0.383482494,0.055555556,0.23570226,0.0,0.0,0.166666667,0.383482494,0.111111111,0.323380833,0.055555556,0.23570226
08_25_01.bmp,3.055555555555556,0.166666667,0.383482494,0.111111111,0.323380833,0.0,0.0,0.055555556,0.23570226,0.055555556,0.23570226,0.0,0.0,0.777777778,0.427792632
06_19_03.bmp,3.0,0.555555556,0.511309993,0.388888889,0.501631326,0.222222222,0.427792632,0.0,0.0,0.0,0.0,0.111111111,0.323380833,0.111111111,0.323380833
09_01_05.bmp,1.2222222222222223,0.111111111,0.323380833,0.833333333,0.383482494,0.111111111,0.323380833,0.055555556,0.23570226,0.166666667,0.383482494,0.0,0.0,0.0,0.0
0307.jpg,1.8333333333333333,0.055555556,0.23570226,0.944444444,0.23570226,0.055555556,0.23570226,0.166666667,0.383482494,0.222222222,0.427792632,0.0,0.0,0.0,0.0
35_07_05.bmp,1.3888888888888888,0.0,0.0,0.944444444,0.23570226,0.055555556,0.23570226,0.055555556,0.23570226,0.0,0.0,0.055555556,0.23570226,0.0,0.0
32_12_02.bmp,2.888888888888889,0.277777778,0.460888599,0.611111111,0.501631326,0.111111111,0.323380833,0.055555556,0.23570226,0.333333333,0.48507125,0.111111111,0.323380833,0.0,0.0
15_17_01.bmp,2.9444444444444446,0.111111111,0.323380833,0.5,0.514495755,0.0,0.0,0.0,0.0,0.388888889,0.501631326,0.0,0.0,0.222222222,0.427792632
17_13_01.bmp,3.4444444444444446,0.0,0.0,0.388888889,0.501631326,0.166666667,0.383482494,0.055555556,0.23570226,0.222222222,0.427792632,0.055555556,0.23570226,0.0,0.0
1098.jpg,2.833333333333333,0.055555556,0.23570226,0.166666667,0.383482494,0.0,0.0,0.0,0.0,0.055555556,0.23570226,0.833333333,0.383482494,0.222222222,0.427792632
13_17_04.bmp,2.5,0.055555556,0.23570226,0.5,0.514495755,0.055555556,0.23570226,0.0,0.0,0.166666667,0.383482494,0.166666667,0.383482494,0.222222222,0.427792632
25_17_05.bmp,2.055555555555556,0.111111111,0.323380833,0.611111111,0.501631326,0.055555556,0.23570226,0.0,0.0,0.277777778,0.460888599,0.222222222,0.427792632,0.222222222,0.427792632
14_23_05.bmp,2.2222222222222223,0.055555556,0.23570226,0.222222222,0.427792632,0.0,0.0,0.777777778,0.427792632,0.0,0.0,0.055555556,0.23570226,0.166666667,0.383482494
24_17_04.bmp,2.4444444444444446,0.111111111,0.323380833,0.5,0.514495755,0.055555556,0.23570226,0.0,0.0,0.055555556,0.23570226,0.111111111,0.323380833,0.222222222,0.427792632
0565.jpg,3.333333333333333,0.111111111,0.323380833,0.388888889,0.501631326,0.0,0.0,0.055555556,0.23570226,0.722222222,0.460888599,0.0,0.0,0.0,0.0
01405.jpg,3.555555555555556,0.111111111,0.323380833,0.444444444,0.511309993,0.166666667,0.383482494,0.0,0.0,0.055555556,0.23570226,0.0,0.0,0.0,0.0
32_18_01.bmp,2.555555555555556,0.111111111,0.323380833,0.555555556,0.511309993,0.111111111,0.323380833,0.0,0.0,0.444444444,0.511309993,0.222222222,0.427792632,0.055555556,0.23570226
25_01_03.bmp,2.4444444444444446,0.055555556,0.23570226,0.888888889,0.323380833,0.055555556,0.23570226,0.055555556,0.23570226,0.166666667,0.383482494,0.055555556,0.23570226,0.055555556,0.23570226
01355.jpg,3.1666666666666665,0.111111111,0.323380833,0.666666667,0.48507125,0.111111111,0.323380833,0.0,0.0,0.055555556,0.23570226,0.055555556,0.23570226,0.0,0.0
06_24_01.bmp,2.888888888888889,0.166666667,0.383482494,0.5,0.514495755,0.166666667,0.383482494,0.111111111,0.323380833,0.0,0.0,0.111111111,0.323380833,0.055555556,0.23570226
10_09_02.bmp,2.6666666666666665,0.555555556,0.511309993,0.5,0.514495755,0.0,0.0,0.055555556,0.23570226,0.222222222,0.427792632,0.166666667,0.383482494,0.0,0.0
0730.jpg,3.111111111111111,0.055555556,0.23570226,0.333333333,0.48507125,0.0,0.0,0.0,0.0,0.277777778,0.460888599,0.277777778,0.460888599,0.111111111,0.323380833
0838.jpg,4.055555555555555,0.111111111,0.323380833,0.277777778,0.460888599,0.0,0.0,0.0,0.0,0.222222222,0.427792632,0.111111111,0.323380833,0.0,0.0
03_09_04.bmp,2.7222222222222223,0.722222222,0.460888599,0.166666667,0.383482494,0.111111111,0.323380833,0.055555556,0.23570226,0.166666667,0.383482494,0.0,0.0,0.055555556,0.23570226
10_19_05.bmp,2.2777777777777777,0.055555556,0.23570226,0.277777778,0.460888599,0.833333333,0.383482494,0.0,0.0,0.166666667,0.383482494,0.111111111,0.323380833,0.0,0.0
13_08_03.bmp,2.833333333333333,0.277777778,0.460888599,0.666666667,0.48507125,0.055555556,0.23570226,0.0,0.0,0.055555556,0.23570226,0.111111111,0.323380833,0.055555556,0.23570226
36_24_05.bmp,1.3333333333333333,0.0,0.0,0.944444444,0.23570226,0.166666667,0.383482494,0.0,0.0,0.0,0.0,0.055555556,0.23570226,0.055555556,0.23570226
09_16_04.bmp,2.111111111111111,0.166666667,0.383482494,0.888888889,0.323380833,0.0,0.0,0.0,0.0,0.111111111,0.323380833,0.111111111,0.323380833,0.0,0.0
09_14_04.bmp,2.055555555555556,0.222222222,0.427792632,0.277777778,0.460888599,0.166666667,0.383482494,0.555555556,0.511309993,0.166666667,0.383482494,0.055555556,0.23570226,0.055555556,0.23570226
33_10_04.bmp,2.555555555555556,0.666666667,0.48507125,0.333333333,0.48507125,0.0,0.0,0.0,0.0,0.388888889,0.501631326,0.055555556,0.23570226,0.0,0.0
37_16_04.bmp,2.2777777777777777,0.166666667,0.383482494,0.888888889,0.323380833,0.055555556,0.23570226,0.0,0.0,0.055555556,0.23570226,0.111111111,0.323380833,0.0,0.0
0112.jpg,2.5,0.055555556,0.23570226,0.5,0.514495755,0.944444444,0.23570226,0.055555556,0.23570226,0.055555556,0.23570226,0.055555556,0.23570226,0.055555556,0.23570226
24_16_05.bmp,1.5555555555555556,0.277777778,0.460888599,0.777777778,0.427792632,0.0,0.0,0.055555556,0.23570226,0.055555556,0.23570226,0.0,0.0,0.0,0.0
0738.jpg,3.2222222222222223,0.111111111,0.323380833,0.444444444,0.511309993,0.0,0.0,0.0,0.0,0.388888889,0.501631326,0.166666667,0.383482494,0.055555556,0.23570226
24_05_01.bmp,3.388888888888889,0.055555556,0.23570226,0.444444444,0.511309993,0.055555556,0.23570226,0.055555556,0.23570226,0.0,0.0,0.0,0.0,0.055555556,0.23570226
20_17_01.bmp,3.2222222222222223,0.166666667,0.383482494,0.388888889,0.501631326,0.111111111,0.323380833,0.0,0.0,0.166666667,0.383482494,0.055555556,0.23570226,0.111111111,0.323380833
17_13_02.bmp,3.388888888888889,0.0,0.0,0.444444444,0.511309993,0.388888889,0.501631326,0.0,0.0,0.166666667,0.383482494,0.055555556,0.23570226,0.055555556,0.23570226
29_25_01.bmp,2.833333333333333,0.055555556,0.23570226,0.111111111,0.323380833,0.0,0.0,0.055555556,0.23570226,0.055555556,0.23570226,0.166666667,0.383482494,0.888888889,0.323380833
0802.jpg,3.555555555555556,0.0,0.0,0.5,0.514495755,0.0,0.0,0.0,0.0,0.166666667,0.383482494,0.0,0.0,0.0,0.0
16_03_02.bmp,2.833333333333333,0.055555556,0.23570226,0.5,0.514495755,0.0,0.0,0.0,0.0,0.277777778,0.460888599,0.388888889,0.501631326,0.0,0.0
27_17_05.bmp,2.2222222222222223,0.166666667,0.383482494,0.555555556,0.511309993,0.0,0.0,0.0,0.0,0.444444444,0.511309993,0.222222222,0.427792632,0.166666667,0.383482494
01265.jpg,3.055555555555556,0.333333333,0.48507125,0.611111111,0.501631326,0.111111111,0.323380833,0.0,0.0,0.555555556,0.511309993,0.0,0.0,0.111111111,0.323380833
29_23_02.bmp,2.7777777777777777,0.111111111,0.323380833,0.222222222,0.427792632,0.055555556,0.23570226,0.722222222,0.460888599,0.055555556,0.23570226,0.166666667,0.383482494,0.111111111,0.323380833
05_05_03.bmp,2.2222222222222223,0.444444444,0.511309993,0.5,0.514495755,0.111111111,0.323380833,0.0,0.0,0.055555556,0.23570226,0.055555556,0.23570226,0.055555556,0.23570226
36_13_01.bmp,3.2777777777777777,0.055555556,0.23570226,0.444444444,0.511309993,0.333333333,0.48507125,0.055555556,0.23570226,0.0,0.0,0.055555556,0.23570226,0.055555556,0.23570226
13_16_04.bmp,2.111111111111111,0.166666667,0.383482494,0.777777778,0.427792632,0.0,0.0,0.055555556,0.23570226,0.166666667,0.383482494,0.055555556,0.23570226,0.055555556,0.23570226
05_25_02.bmp,2.611111111111111,0.111111111,0.323380833,0.222222222,0.427792632,0.055555556,0.23570226,0.055555556,0.23570226,0.0,0.0,0.111111111,0.323380833,0.944444444,0.23570226
01450.jpg,3.4444444444444446,0.0,0.0,0.722222222,0.460888599,0.111111111,0.323380833,0.0,0.0,0.055555556,0.23570226,0.0,0.0,0.111111111,0.323380833
01_03_02.bmp,2.833333333333333,0.055555556,0.23570226,0.722222222,0.460888599,0.166666667,0.383482494,0.0,0.0,0.0,0.0,0.0,0.0,0.111111111,0.323380833
11_05_03.bmp,2.388888888888889,0.388888889,0.501631326,0.611111111,0.501631326,0.0,0.0,0.111111111,0.323380833,0.277777778,0.460888599,0.055555556,0.23570226,0.055555556,0.23570226
28_16_02.bmp,3.111111111111111,0.111111111,0.323380833,0.555555556,0.511309993,0.0,0.0,0.055555556,0.23570226,0.277777778,0.460888599,0.0,0.0,0.0,0.0
12_05_01.bmp,3.555555555555556,0.111111111,0.323380833,0.222222222,0.427792632,0.166666667,0.383482494,0.0,0.0,0.111111111,0.323380833,0.111111111,0.323380833,0.055555556,0.23570226
18_22_04.bmp,1.5,0.222222222,0.427792632,0.777777778,0.427792632,0.055555556,0.23570226,0.055555556,0.23570226,0.0,0.0,0.055555556,0.23570226,0.055555556,0.23570226
16_01_02.bmp,2.888888888888889,0.055555556,0.23570226,0.333333333,0.48507125,0.0,0.0,0.0,0.0,0.444444444,0.511309993,0.611111111,0.501631326,0.055555556,0.23570226
0244.jpg,1.6666666666666667,0.222222222,0.427792632,0.333333333,0.48507125,0.0,0.0,0.888888889,0.323380833,0.055555556,0.23570226,0.055555556,0.23570226,0.055555556,0.23570226
09_07_03.bmp,2.2777777777777777,0.277777778,0.460888599,0.888888889,0.323380833,0.111111111,0.323380833,0.0,0.0,0.111111111,0.323380833,0.055555556,0.23570226,0.0,0.0
25_13_03.bmp,2.833333333333333,0.055555556,0.23570226,0.277777778,0.460888599,0.666666667,0.48507125,0.0,0.0,0.166666667,0.383482494,0.0,0.0,0.111111111,0.323380833
09_09_03.bmp,2.7222222222222223,0.722222222,0.460888599,0.388888889,0.501631326,0.055555556,0.23570226,0.0,0.0,0.222222222,0.427792632,0.055555556,0.23570226,0.0,0.0
05_10_02.bmp,2.555555555555556,0.722222222,0.460888599,0.444444444,0.511309993,0.055555556,0.23570226,0.0,0.0,0.055555556,0.23570226,0.111111111,0.323380833,0.055555556,0.23570226
06_15_02.bmp,3.055555555555556,0.111111111,0.323380833,0.277777778,0.460888599,0.611111111,0.501631326,0.055555556,0.23570226,0.0,0.0,0.0,0.0,0.055555556,0.23570226
28_04_01.bmp,3.2222222222222223,0.111111111,0.323380833,0.555555556,0.511309993,0.111111111,0.323380833,0.0,0.0,0.222222222,0.427792632,0.0,0.0,0.0,0.0
12_25_05.bmp,2.111111111111111,0.111111111,0.323380833,0.111111111,0.323380833,0.055555556,0.23570226,0.0,0.0,0.0,0.0,0.055555556,0.23570226,0.944444444,0.23570226
0267.jpg,2.055555555555556,0.111111111,0.323380833,0.388888889,0.501631326,0.0,0.0,0.888888889,0.323380833,0.0,0.0,0.0,0.0,0.0,0.0
37_13_02.bmp,3.5,0.0,0.0,0.277777778,0.460888599,0.166666667,0.383482494,0.055555556,0.23570226,0.055555556,0.23570226,0.111111111,0.323380833,0.0,0.0
0744.jpg,3.4444444444444446,0.055555556,0.23570226,0.5,0.514495755,0.0,0.0,0.0,0.0,0.0,0.0,0.111111111,0.323380833,0.111111111,0.323380833
1016.jpg,3.555555555555556,0.055555556,0.23570226,0.277777778,0.460888599,0.055555556,0.23570226,0.222222222,0.427792632,0.166666667,0.383482494,0.0,0.0,0.055555556,0.23570226
0041.jpg,3.5,0.0,0.0,0.333333333,0.48507125,0.666666667,0.48507125,0.0,0.0,0.0,0.0,0.055555556,0.23570226,0.0,0.0
02_10_05.bmp,2.111111111111111,0.833333333,0.383482494,0.444444444,0.511309993,0.0,0.0,0.0,0.0,0.388888889,0.501631326,0.111111111,0.323380833,0.0,0.0
0977.jpg,3.555555555555556,0.055555556,0.23570226,0.222222222,0.427792632,0.0,0.0,0.666666667,0.48507125,0.166666667,0.383482494,0.0,0.0,0.0,0.0
14_19_03.bmp,2.5,0.277777778,0.460888599,0.388888889,0.501631326,0.388888889,0.501631326,0.055555556,0.23570226,0.0,0.0,0.111111111,0.323380833,0.055555556,0.23570226
25_03_04.bmp,2.0,0.055555556,0.23570226,0.888888889,0.323380833,0.111111111,0.323380833,0.0,0.0,0.111111111,0.323380833,0.0,0.0,0.055555556,0.23570226
0886.jpg,3.7222222222222223,0.166666667,0.383482494,0.388888889,0.501631326,0.0,0.0,0.0,0.0,0.111111111,0.323380833,0.111111111,0.323380833,0.055555556,0.23570226
30_20_01.bmp,2.9444444444444446,0.222222222,0.427792632,0.388888889,0.501631326,0.055555556,0.23570226,0.166666667,0.383482494,0.277777778,0.460888599,0.0,0.0,0.0,0.0
19_15_03.bmp,3.055555555555556,0.111111111,0.323380833,0.277777778,0.460888599,0.277777778,0.460888599,0.0,0.0,0.111111111,0.323380833,0.111111111,0.323380833,0.111111111,0.323380833
32_03_01.bmp,3.055555555555556,0.0,0.0,0.611111111,0.501631326,0.277777778,0.460888599,0.0,0.0,0.444444444,0.511309993,0.055555556,0.23570226,0.055555556,0.23570226
34_13_01.bmp,3.2777777777777777,0.111111111,0.323380833,0.333333333,0.48507125,0.333333333,0.48507125,0.0,0.0,0.055555556,0.23570226,0.0,0.0,0.055555556,0.23570226
01267.jpg,3.555555555555556,0.333333333,0.48507125,0.611111111,0.501631326,0.055555556,0.23570226,0.0,0.0,0.222222222,0.427792632,0.055555556,0.23570226,0.055555556,0.23570226
17_06_05.bmp,1.6666666666666667,0.222222222,0.427792632,0.388888889,0.501631326,0.166666667,0.383482494,0.055555556,0.23570226,0.166666667,0.383482494,0.222222222,0.427792632,0.055555556,0.23570226
21_05_03.bmp,2.1666666666666665,0.111111111,0.323380833,0.833333333,0.383482494,0.111111111,0.323380833,0.0,0.0,0.055555556,0.23570226,0.0,0.0,0.0,0.0
03_13_04.bmp,3.5,0.055555556,0.23570226,0.222222222,0.427792632,0.666666667,0.48507125,0.0,0.0,0.055555556,0.23570226,0.0,0.0,0.111111111,0.323380833
03_03_03.bmp,3.111111111111111,0.055555556,0.23570226,0.666666667,0.48507125,0.111111111,0.323380833,0.0,0.0,0.111111111,0.323380833,0.055555556,0.23570226,0.055555556,0.23570226
0103.jpg,2.2222222222222223,0.0,0.0,0.5,0.514495755,0.888888889,0.323380833,0.0,0.0,0.277777778,0.460888599,0.055555556,0.23570226,0.055555556,0.23570226
13_24_04.bmp,1.8888888888888888,0.0,0.0,0.944444444,0.23570226,0.055555556,0.23570226,0.055555556,0.23570226,0.055555556,0.23570226,0.055555556,0.23570226,0.0,0.0
0134.jpg,3.611111111111111,0.055555556,0.23570226,0.111111111,0.323380833,0.611111111,0.501631326,0.0,0.0,0.055555556,0.23570226,0.111111111,0.323380833,0.055555556,0.23570226
0188.jpg,3.7777777777777777,0.055555556,0.23570226,0.166666667,0.383482494,0.666666667,0.48507125,0.055555556,0.23570226,0.055555556,0.23570226,0.0,0.0,0.055555556,0.23570226
01398.jpg,3.2777777777777777,0.0,0.0,0.722222222,0.460888599,0.166666667,0.383482494,0.0,0.0,0.0,0.0,0.0,0.0,0.0,0.0
32_11_03.bmp,2.555555555555556,0.611111111,0.501631326,0.388888889,0.501631326,0.111111111,0.323380833,0.055555556,0.23570226,0.333333333,0.48507125,0.055555556,0.23570226,0.0,0.0
27_25_01.bmp,3.0,0.0,0.0,0.222222222,0.427792632,0.055555556,0.23570226,0.055555556,0.23570226,0.333333333,0.48507125,0.055555556,0.23570226,0.777777778,0.427792632
22_18_02.bmp,2.7222222222222223,0.055555556,0.23570226,0.722222222,0.460888599,0.055555556,0.23570226,0.0,0.0,0.111111111,0.323380833,0.222222222,0.427792632,0.0,0.0
12_23_04.bmp,2.611111111111111,0.055555556,0.23570226,0.055555556,0.23570226,0.111111111,0.323380833,0.777777778,0.427792632,0.055555556,0.23570226,0.055555556,0.23570226,0.111111111,0.323380833
0883.jpg,3.7222222222222223,0.166666667,0.383482494,0.333333333,0.48507125,0.055555556,0.23570226,0.111111111,0.323380833,0.111111111,0.323380833,0.055555556,0.23570226,0.0,0.0
36_21_01.bmp,2.0,0.111111111,0.323380833,0.444444444,0.511309993,0.722222222,0.460888599,0.055555556,0.23570226,0.055555556,0.23570226,0.055555556,0.23570226,0.055555556,0.23570226
37_06_02.bmp,2.833333333333333,0.333333333,0.48507125,0.5,0.514495755,0.111111111,0.323380833,0.111111111,0.323380833,0.055555556,0.23570226,0.222222222,0.427792632,0.055555556,0.23570226
37_06_05.bmp,1.6111111111111112,0.5,0.514495755,0.444444444,0.511309993,0.277777778,0.460888599,0.111111111,0.323380833,0.111111111,0.323380833,0.277777778,0.460888599,0.055555556,0.23570226
26_06_01.bmp,4.0,0.111111111,0.323380833,0.055555556,0.23570226,0.111111111,0.323380833,0.055555556,0.23570226,0.055555556,0.23570226,0.0,0.0,0.055555556,0.23570226
08_15_02.bmp,3.1666666666666665,0.166666667,0.383482494,0.166666667,0.383482494,0.555555556,0.511309993,0.055555556,0.23570226,0.055555556,0.23570226,0.0,0.0,0.0,0.0
0362.jpg,2.9444444444444446,0.055555556,0.23570226,0.666666667,0.48507125,0.055555556,0.23570226,0.111111111,0.323380833,0.0,0.0,0.0,0.0,0.055555556,0.23570226
14_17_05.bmp,2.333333333333333,0.166666667,0.383482494,0.444444444,0.511309993,0.055555556,0.23570226,0.0,0.0,0.166666667,0.383482494,0.166666667,0.383482494,0.277777778,0.460888599
37_15_04.bmp,2.888888888888889,0.222222222,0.427792632,0.388888889,0.501631326,0.0,0.0,0.388888889,0.501631326,0.055555556,0.23570226,0.055555556,0.23570226,0.0,0.0
35_18_03.bmp,2.055555555555556,0.166666667,0.383482494,0.777777778,0.427792632,0.111111111,0.323380833,0.0,0.0,0.0,0.0,0.0,0.0,0.055555556,0.23570226
02_17_04.bmp,2.2222222222222223,0.0,0.0,0.444444444,0.511309993,0.055555556,0.23570226,0.0,0.0,0.5,0.514495755,0.111111111,0.323380833,0.388888889,0.501631326
18_17_01.bmp,3.055555555555556,0.111111111,0.323380833,0.5,0.514495755,0.111111111,0.323380833,0.0,0.0,0.055555556,0.23570226,0.055555556,0.23570226,0.222222222,0.427792632
20_01_02.bmp,3.0,0.055555556,0.23570226,0.5,0.514495755,0.055555556,0.23570226,0.0,0.0,0.166666667,0.383482494,0.111111111,0.323380833,0.0,0.0
21_02_04.bmp,1.5,0.0,0.0,0.944444444,0.23570226,0.0,0.0,0.0,0.0,0.055555556,0.23570226,0.0,0.0,0.0,0.0
14_15_04.bmp,3.555555555555556,0.055555556,0.23570226,0.388888889,0.501631326,0.0,0.0,0.055555556,0.23570226,0.055555556,0.23570226,0.055555556,0.23570226,0.055555556,0.23570226
23_18_04.bmp,2.2777777777777777,0.055555556,0.23570226,0.722222222,0.460888599,0.055555556,0.23570226,0.0,0.0,0.166666667,0.383482494,0.111111111,0.323380833,0.0,0.0
28_15_05.bmp,2.833333333333333,0.055555556,0.23570226,0.333333333,0.48507125,0.111111111,0.323380833,0.388888889,0.501631326,0.222222222,0.427792632,0.055555556,0.23570226,0.055555556,0.23570226
12_04_04.bmp,2.833333333333333,0.388888889,0.501631326,0.277777778,0.460888599,0.222222222,0.427792632,0.0,0.0,0.0,0.0,0.166666667,0.383482494,0.0,0.0
09_18_02.bmp,2.388888888888889,0.111111111,0.323380833,0.722222222,0.460888599,0.055555556,0.23570226,0.055555556,0.23570226,0.111111111,0.323380833,0.111111111,0.323380833,0.111111111,0.323380833
0711.jpg,3.7222222222222223,0.055555556,0.23570226,0.222222222,0.427792632,0.0,0.0,0.0,0.0,0.222222222,0.427792632,0.166666667,0.383482494,0.055555556,0.23570226
19_08_01.bmp,3.5,0.222222222,0.427792632,0.444444444,0.511309993,0.111111111,0.323380833,0.0,0.0,0.111111111,0.323380833,0.055555556,0.23570226,0.055555556,0.23570226
0261.jpg,1.6111111111111112,0.222222222,0.427792632,0.222222222,0.427792632,0.111111111,0.323380833,0.833333333,0.383482494,0.055555556,0.23570226,0.0,0.0,0.0,0.0
12_12_01.bmp,3.388888888888889,0.388888889,0.501631326,0.277777778,0.460888599,0.111111111,0.323380833,0.055555556,0.23570226,0.055555556,0.23570226,0.0,0.0,0.055555556,0.23570226
16_08_04.bmp,2.111111111111111,0.444444444,0.511309993,0.666666667,0.48507125,0.0,0.0,0.0,0.0,0.277777778,0.460888599,0.333333333,0.48507125,0.0,0.0
0120.jpg,2.9444444444444446,0.111111111,0.323380833,0.277777778,0.460888599,0.944444444,0.23570226,0.0,0.0,0.111111111,0.323380833,0.055555556,0.23570226,0.0,0.0
0320.jpg,2.333333333333333,0.111111111,0.323380833,0.888888889,0.323380833,0.0,0.0,0.111111111,0.323380833,0.111111111,0.323380833,0.055555556,0.23570226,0.0,0.0
21_15_04.bmp,3.111111111111111,0.055555556,0.23570226,0.333333333,0.48507125,0.0,0.0,0.111111111,0.323380833,0.055555556,0.23570226,0.0,0.0,0.055555556,0.23570226
16_06_04.bmp,2.0,0.333333333,0.48507125,0.166666667,0.383482494,0.166666667,0.383482494,0.111111111,0.323380833,0.277777778,0.460888599,0.444444444,0.511309993,0.055555556,0.23570226
01_06_01.bmp,3.055555555555556,0.0,0.0,0.722222222,0.460888599,0.166666667,0.383482494,0.0,0.0,0.055555556,0.23570226,0.055555556,0.23570226,0.055555556,0.23570226
20_03_02.bmp,2.7777777777777777,0.166666667,0.383482494,0.722222222,0.460888599,0.055555556,0.23570226,0.0,0.0,0.111111111,0.323380833,0.111111111,0.323380833,0.055555556,0.23570226
01458.jpg,3.6666666666666665,0.111111111,0.323380833,0.555555556,0.511309993,0.277777778,0.460888599,0.0,0.0,0.0,0.0,0.0,0.0,0.388888889,0.501631326
34_15_02.bmp,2.333333333333333,0.166666667,0.383482494,0.333333333,0.48507125,0.833333333,0.383482494,0.0,0.0,0.0,0.0,0.055555556,0.23570226,0.055555556,0.23570226
33_22_05.bmp,2.1666666666666665,0.111111111,0.323380833,0.722222222,0.460888599,0.0,0.0,0.055555556,0.23570226,0.388888889,0.501631326,0.055555556,0.23570226,0.0,0.0
0862.jpg,3.388888888888889,0.111111111,0.323380833,0.444444444,0.511309993,0.055555556,0.23570226,0.055555556,0.23570226,0.166666667,0.383482494,0.0,0.0,0.055555556,0.23570226
26_17_03.bmp,2.7777777777777777,0.111111111,0.323380833,0.333333333,0.48507125,0.166666667,0.383482494,0.0,0.0,0.166666667,0.383482494,0.277777778,0.460888599,0.166666667,0.383482494
25_25_01.bmp,2.888888888888889,0.055555556,0.23570226,0.111111111,0.323380833,0.055555556,0.23570226,0.055555556,0.23570226,0.166666667,0.383482494,0.0,0.0,0.888888889,0.323380833
0201.jpg,1.9444444444444444,0.055555556,0.23570226,0.222222222,0.427792632,0.0,0.0,0.888888889,0.323380833,0.333333333,0.48507125,0.0,0.0,0.0,0.0
19_02_01.bmp,3.2777777777777777,0.111111111,0.323380833,0.555555556,0.511309993,0.0,0.0,0.0,0.0,0.055555556,0.23570226,0.111111111,0.323380833,0.055555556,0.23570226
29_06_01.bmp,2.2777777777777777,0.388888889,0.501631326,0.333333333,0.48507125,0.222222222,0.427792632,0.055555556,0.23570226,0.111111111,0.323380833,0.222222222,0.427792632,0.055555556,0.23570226
14_19_05.bmp,1.6666666666666667,0.111111111,0.323380833,0.166666667,0.383482494,0.888888889,0.323380833,0.0,0.0,0.0,0.0,0.111111111,0.323380833,0.0,0.0
27_13_02.bmp,3.1666666666666665,0.055555556,0.23570226,0.277777778,0.460888599,0.166666667,0.383482494,0.055555556,0.23570226,0.555555556,0.511309993,0.055555556,0.23570226,0.055555556,0.23570226
37_12_05.bmp,2.2777777777777777,0.777777778,0.427792632,0.444444444,0.511309993,0.0,0.0,0.055555556,0.23570226,0.055555556,0.23570226,0.055555556,0.23570226,0.055555556,0.23570226
07_24_05.bmp,1.2777777777777777,0.0,0.0,0.888888889,0.323380833,0.111111111,0.323380833,0.055555556,0.23570226,0.055555556,0.23570226,0.0,0.0,0.055555556,0.23570226
19_15_05.bmp,2.833333333333333,0.055555556,0.23570226,0.222222222,0.427792632,0.0,0.0,0.333333333,0.48507125,0.111111111,0.323380833,0.111111111,0.323380833,0.111111111,0.323380833
17_23_01.bmp,3.055555555555556,0.055555556,0.23570226,0.111111111,0.323380833,0.055555556,0.23570226,0.777777778,0.427792632,0.166666667,0.383482494,0.0,0.0,0.111111111,0.323380833
34_10_01.bmp,3.2777777777777777,0.277777778,0.460888599,0.277777778,0.460888599,0.222222222,0.427792632,0.0,0.0,0.055555556,0.23570226,0.055555556,0.23570226,0.055555556,0.23570226
0891.jpg,3.8333333333333335,0.166666667,0.383482494,0.388888889,0.501631326,0.0,0.0,0.0,0.0,0.111111111,0.323380833,0.111111111,0.323380833,0.0,0.0
32_10_01.bmp,2.833333333333333,0.388888889,0.501631326,0.444444444,0.511309993,0.166666667,0.383482494,0.111111111,0.323380833,0.333333333,0.48507125,0.055555556,0.23570226,0.0,0.0
1084.jpg,4.055555555555555,0.111111111,0.323380833,0.166666667,0.383482494,0.0,0.0,0.055555556,0.23570226,0.111111111,0.323380833,0.0,0.0,0.0,0.0
04_12_02.bmp,2.833333333333333,0.555555556,0.511309993,0.5,0.514495755,0.111111111,0.323380833,0.0,0.0,0.222222222,0.427792632,0.0,0.0,0.0,0.0
01447.jpg,3.111111111111111,0.055555556,0.23570226,0.666666667,0.48507125,0.055555556,0.23570226,0.0,0.0,0.0,0.0,0.0,0.0,0.333333333,0.48507125
23_19_04.bmp,1.9444444444444444,0.166666667,0.383482494,0.222222222,0.427792632,0.611111111,0.501631326,0.055555556,0.23570226,0.333333333,0.48507125,0.0,0.0,0.0,0.0
34_15_03.bmp,2.6666666666666665,0.111111111,0.323380833,0.444444444,0.511309993,0.444444444,0.511309993,0.0,0.0,0.0,0.0,0.0,0.0,0.111111111,0.323380833
11_07_04.bmp,1.8333333333333333,0.222222222,0.427792632,0.833333333,0.383482494,0.0,0.0,0.055555556,0.23570226,0.222222222,0.427792632,0.111111111,0.323380833,0.0,0.0
0808.jpg,3.388888888888889,0.055555556,0.23570226,0.444444444,0.511309993,0.0,0.0,0.055555556,0.23570226,0.333333333,0.48507125,0.0,0.0,0.0,0.0
08_23_03.bmp,3.0,0.166666667,0.383482494,0.055555556,0.23570226,0.0,0.0,0.722222222,0.460888599,0.0,0.0,0.0,0.0,0.0,0.0
29_17_05.bmp,2.1666666666666665,0.166666667,0.383482494,0.5,0.514495755,0.0,0.0,0.0,0.0,0.277777778,0.460888599,0.277777778,0.460888599,0.222222222,0.427792632
31_14_05.bmp,1.6111111111111112,0.0,0.0,0.222222222,0.427792632,0.0,0.0,0.944444444,0.23570226,0.111111111,0.323380833,0.055555556,0.23570226,0.055555556,0.23570226
0149.jpg,1.7777777777777777,0.111111111,0.323380833,0.444444444,0.511309993,0.944444444,0.23570226,0.0,0.0,0.111111111,0.323380833,0.0,0.0,0.0,0.0
01380.jpg,3.333333333333333,0.0,0.0,0.722222222,0.460888599,0.111111111,0.323380833,0.055555556,0.23570226,0.0,0.0,0.0,0.0,0.055555556,0.23570226
01491.jpg,3.555555555555556,0.055555556,0.23570226,0.555555556,0.511309993,0.055555556,0.23570226,0.055555556,0.23570226,0.0,0.0,0.055555556,0.23570226,0.055555556,0.23570226
0861.jpg,3.555555555555556,0.166666667,0.383482494,0.444444444,0.511309993,0.0,0.0,0.0,0.0,0.166666667,0.383482494,0.0,0.0,0.0,0.0
33_20_05.bmp,1.7777777777777777,0.444444444,0.511309993,0.5,0.514495755,0.222222222,0.427792632,0.222222222,0.427792632,0.333333333,0.48507125,0.0,0.0,0.055555556,0.23570226
12_07_02.bmp,2.5,0.055555556,0.23570226,0.833333333,0.383482494,0.055555556,0.23570226,0.055555556,0.23570226,0.055555556,0.23570226,0.055555556,0.23570226,0.0,0.0
16_20_04.bmp,2.0,0.5,0.514495755,0.222222222,0.427792632,0.277777778,0.460888599,0.333333333,0.48507125,0.333333333,0.48507125,0.333333333,0.48507125,0.0,0.0
28_06_03.bmp,2.555555555555556,0.277777778,0.460888599,0.5,0.514495755,0.277777778,0.460888599,0.055555556,0.23570226,0.166666667,0.383482494,0.166666667,0.383482494,0.0,0.0
28_18_02.bmp,2.888888888888889,0.111111111,0.323380833,0.666666667,0.48507125,0.111111111,0.323380833,0.0,0.0,0.222222222,0.427792632,0.055555556,0.23570226,0.0,0.0
0492.jpg,3.5,0.055555556,0.23570226,0.333333333,0.48507125,0.055555556,0.23570226,0.0,0.0,0.611111111,0.501631326,0.0,0.0,0.055555556,0.23570226
1108.jpg,3.611111111111111,0.0,0.0,0.444444444,0.511309993,0.111111111,0.323380833,0.0,0.0,0.055555556,0.23570226,0.0,0.0,0.055555556,0.23570226
23_10_05.bmp,2.111111111111111,0.722222222,0.460888599,0.333333333,0.48507125,0.111111111,0.323380833,0.0,0.0,0.222222222,0.427792632,0.0,0.0,0.055555556,0.23570226
25_13_04.bmp,2.1666666666666665,0.055555556,0.23570226,0.222222222,0.427792632,0.833333333,0.383482494,0.055555556,0.23570226,0.111111111,0.323380833,0.0,0.0,0.055555556,0.23570226
0327.jpg,1.8333333333333333,0.055555556,0.23570226,0.833333333,0.383482494,0.0,0.0,0.111111111,0.323380833,0.0,0.0,0.055555556,0.23570226,0.055555556,0.23570226
37_12_04.bmp,2.833333333333333,0.777777778,0.427792632,0.388888889,0.501631326,0.055555556,0.23570226,0.0,0.0,0.055555556,0.23570226,0.055555556,0.23570226,0.0,0.0
0094.jpg,2.555555555555556,0.0,0.0,0.555555556,0.511309993,0.944444444,0.23570226,0.0,0.0,0.0,0.0,0.0,0.0,0.111111111,0.323380833
0736.jpg,3.333333333333333,0.055555556,0.23570226,0.277777778,0.460888599,0.0,0.0,0.055555556,0.23570226,0.333333333,0.48507125,0.111111111,0.323380833,0.111111111,0.323380833
29_01_05.bmp,1.5555555555555556,0.055555556,0.23570226,0.944444444,0.23570226,0.0,0.0,0.055555556,0.23570226,0.055555556,0.23570226,0.0,0.0,0.0,0.0
17_14_03.bmp,2.7777777777777777,0.055555556,0.23570226,0.222222222,0.427792632,0.166666667,0.383482494,0.444444444,0.511309993,0.222222222,0.427792632,0.111111111,0.323380833,0.111111111,0.323380833
26_04_02.bmp,3.8333333333333335,0.166666667,0.383482494,0.166666667,0.383482494,0.166666667,0.383482494,0.0,0.0,0.111111111,0.323380833,0.0,0.0,0.055555556,0.23570226
36_08_05.bmp,2.0,0.222222222,0.427792632,0.833333333,0.383482494,0.166666667,0.383482494,0.0,0.0,0.0,0.0,0.055555556,0.23570226,0.111111111,0.323380833
15_03_01.bmp,3.7222222222222223,0.111111111,0.323380833,0.333333333,0.48507125,0.0,0.0,0.0,0.0,0.388888889,0.501631326,0.0,0.0,0.055555556,0.23570226
30_17_04.bmp,2.388888888888889,0.111111111,0.323380833,0.555555556,0.511309993,0.0,0.0,0.0,0.0,0.388888889,0.501631326,0.166666667,0.383482494,0.222222222,0.427792632
24_23_01.bmp,3.055555555555556,0.111111111,0.323380833,0.166666667,0.383482494,0.0,0.0,0.666666667,0.48507125,0.0,0.0,0.0,0.0,0.111111111,0.323380833
35_01_05.bmp,1.4444444444444444,0.111111111,0.323380833,0.944444444,0.23570226,0.111111111,0.323380833,0.0,0.0,0.055555556,0.23570226,0.055555556,0.23570226,0.0,0.0
29_12_05.bmp,2.4444444444444446,0.666666667,0.48507125,0.388888889,0.501631326,0.111111111,0.323380833,0.0,0.0,0.111111111,0.323380833,0.111111111,0.323380833,0.0,0.0
29_12_03.bmp,2.833333333333333,0.5,0.514495755,0.333333333,0.48507125,0.0,0.0,0.0,0.0,0.111111111,0.323380833,0.111111111,0.323380833,0.055555556,0.23570226
15_16_05.bmp,1.7222222222222223,0.222222222,0.427792632,0.833333333,0.383482494,0.0,0.0,0.111111111,0.323380833,0.222222222,0.427792632,0.0,0.0,0.0,0.0
33_01_04.bmp,2.888888888888889,0.055555556,0.23570226,0.666666667,0.48507125,0.0,0.0,0.0,0.0,0.5,0.514495755,0.0,0.0,0.0,0.0
24_14_02.bmp,3.5,0.055555556,0.23570226,0.277777778,0.460888599,0.0,0.0,0.222222222,0.427792632,0.0,0.0,0.0,0.0,0.0,0.0
14_16_02.bmp,2.7777777777777777,0.055555556,0.23570226,0.5,0.514495755,0.333333333,0.48507125,0.055555556,0.23570226,0.0,0.0,0.055555556,0.23570226,0.055555556,0.23570226
24_22_05.bmp,1.6111111111111112,0.111111111,0.323380833,0.888888889,0.323380833,0.0,0.0,0.0,0.0,0.055555556,0.23570226,0.055555556,0.23570226,0.055555556,0.23570226
0425.jpg,2.333333333333333,0.0,0.0,0.888888889,0.323380833,0.0,0.0,0.111111111,0.323380833,0.055555556,0.23570226,0.0,0.0,0.055555556,0.23570226
21_19_01.bmp,3.6666666666666665,0.111111111,0.323380833,0.555555556,0.511309993,0.277777778,0.460888599,0.0,0.0,0.0,0.0,0.111111111,0.323380833,0.055555556,0.23570226
15_01_05.bmp,1.5555555555555556,0.055555556,0.23570226,0.888888889,0.323380833,0.0,0.0,0.055555556,0.23570226,0.222222222,0.427792632,0.0,0.0,0.0,0.0
0523.jpg,2.888888888888889,0.111111111,0.323380833,0.5,0.514495755,0.055555556,0.23570226,0.388888889,0.501631326,0.444444444,0.511309993,0.0,0.0,0.111111111,0.323380833
31_16_01.bmp,3.111111111111111,0.055555556,0.23570226,0.388888889,0.501631326,0.222222222,0.427792632,0.0,0.0,0.166666667,0.383482494,0.055555556,0.23570226,0.055555556,0.23570226
02_05_03.bmp,2.4444444444444446,0.333333333,0.48507125,0.555555556,0.511309993,0.111111111,0.323380833,0.0,0.0,0.666666667,0.48507125,0.0,0.0,0.0,0.0
36_25_05.bmp,1.7777777777777777,0.111111111,0.323380833,0.166666667,0.383482494,0.111111111,0.323380833,0.055555556,0.23570226,0.055555556,0.23570226,0.0,0.0,0.944444444,0.23570226
14_21_02.bmp,2.1666666666666665,0.111111111,0.323380833,0.166666667,0.383482494,0.888888889,0.323380833,0.0,0.0,0.0,0.0,0.111111111,0.323380833,0.055555556,0.23570226
22_20_04.bmp,1.7222222222222223,0.333333333,0.48507125,0.333333333,0.48507125,0.277777778,0.460888599,0.333333333,0.48507125,0.111111111,0.323380833,0.111111111,0.323380833,0.0,0.0
35_25_01.bmp,2.611111111111111,0.111111111,0.323380833,0.333333333,0.48507125,0.0,0.0,0.055555556,0.23570226,0.055555556,0.23570226,0.0,0.0,0.944444444,0.23570226
1081.jpg,3.611111111111111,0.055555556,0.23570226,0.333333333,0.48507125,0.055555556,0.23570226,0.444444444,0.511309993,0.111111111,0.323380833,0.055555556,0.23570226,0.055555556,0.23570226
33_06_03.bmp,2.0,0.277777778,0.460888599,0.388888889,0.501631326,0.222222222,0.427792632,0.0,0.0,0.388888889,0.501631326,0.055555556,0.23570226,0.111111111,0.323380833
25_05_03.bmp,2.2222222222222223,0.444444444,0.511309993,0.555555556,0.511309993,0.111111111,0.323380833,0.055555556,0.23570226,0.111111111,0.323380833,0.0,0.0,0.055555556,0.23570226
20_04_02.bmp,3.0,0.222222222,0.427792632,0.277777778,0.460888599,0.222222222,0.427792632,0.0,0.0,0.111111111,0.323380833,0.333333333,0.48507125,0.0,0.0
01417.jpg,3.611111111111111,0.111111111,0.323380833,0.611111111,0.501631326,0.055555556,0.23570226,0.055555556,0.23570226,0.0,0.0,0.0,0.0,0.055555556,0.23570226
1095.jpg,4.055555555555555,0.222222222,0.427792632,0.111111111,0.323380833,0.055555556,0.23570226,0.0,0.0,0.111111111,0.323380833,0.055555556,0.23570226,0.0,0.0
05_07_05.bmp,1.3888888888888888,0.222222222,0.427792632,0.888888889,0.323380833,0.055555556,0.23570226,0.0,0.0,0.0,0.0,0.055555556,0.23570226,0.055555556,0.23570226
37_09_01.bmp,3.2222222222222223,0.555555556,0.511309993,0.5,0.514495755,0.055555556,0.23570226,0.0,0.0,0.055555556,0.23570226,0.055555556,0.23570226,0.0,0.0
35_16_03.bmp,2.2222222222222223,0.166666667,0.383482494,0.888888889,0.323380833,0.166666667,0.383482494,0.0,0.0,0.0,0.0,0.0,0.0,0.111111111,0.323380833
1053.jpg,3.2777777777777777,0.0,0.0,0.388888889,0.501631326,0.0,0.0,0.611111111,0.501631326,0.166666667,0.383482494,0.0,0.0,0.055555556,0.23570226
01300.jpg,3.5,0.388888889,0.501631326,0.388888889,0.501631326,0.0,0.0,0.0,0.0,0.055555556,0.23570226,0.0,0.0,0.111111111,0.323380833
11_01_04.bmp,2.055555555555556,0.0,0.0,0.888888889,0.323380833,0.0,0.0,0.055555556,0.23570226,0.166666667,0.383482494,0.166666667,0.383482494,0.0,0.0
33_21_03.bmp,2.833333333333333,0.055555556,0.23570226,0.444444444,0.511309993,0.166666667,0.383482494,0.166666667,0.383482494,0.388888889,0.501631326,0.0,0.0,0.0,0.0
0158.jpg,2.388888888888889,0.111111111,0.323380833,0.333333333,0.48507125,0.888888889,0.323380833,0.055555556,0.23570226,0.111111111,0.323380833,0.0,0.0,0.055555556,0.23570226
11_11_03.bmp,2.6666666666666665,0.777777778,0.427792632,0.277777778,0.460888599,0.0,0.0,0.055555556,0.23570226,0.333333333,0.48507125,0.055555556,0.23570226,0.111111111,0.323380833
32_08_05.bmp,1.6666666666666667,0.277777778,0.460888599,0.722222222,0.460888599,0.111111111,0.323380833,0.055555556,0.23570226,0.388888889,0.501631326,0.111111111,0.323380833,0.055555556,0.23570226
29_24_02.bmp,3.055555555555556,0.055555556,0.23570226,0.611111111,0.501631326,0.0,0.0,0.0,0.0,0.055555556,0.23570226,0.111111111,0.323380833,0.055555556,0.23570226
28_24_02.bmp,2.888888888888889,0.111111111,0.323380833,0.5,0.514495755,0.111111111,0.323380833,0.055555556,0.23570226,0.166666667,0.383482494,0.0,0.0,0.0,0.0
37_08_02.bmp,3.2777777777777777,0.111111111,0.323380833,0.611111111,0.501631326,0.0,0.0,0.055555556,0.23570226,0.055555556,0.23570226,0.111111111,0.323380833,0.0,0.0
10_09_05.bmp,1.9444444444444444,0.777777778,0.427792632,0.333333333,0.48507125,0.0,0.0,0.0,0.0,0.333333333,0.48507125,0.166666667,0.383482494,0.0,0.0
23_01_01.bmp,3.388888888888889,0.055555556,0.23570226,0.555555556,0.511309993,0.055555556,0.23570226,0.0,0.0,0.388888889,0.501631326,0.0,0.0,0.0,0.0
24_11_01.bmp,3.2777777777777777,0.333333333,0.48507125,0.388888889,0.501631326,0.111111111,0.323380833,0.0,0.0,0.0,0.0,0.055555556,0.23570226,0.0,0.0
23_23_03.bmp,2.555555555555556,0.055555556,0.23570226,0.277777778,0.460888599,0.0,0.0,0.722222222,0.460888599,0.111111111,0.323380833,0.055555556,0.23570226,0.111111111,0.323380833
01180.jpg,3.555555555555556,0.222222222,0.427792632,0.388888889,0.501631326,0.0,0.0,0.055555556,0.23570226,0.388888889,0.501631326,0.0,0.0,0.111111111,0.323380833
01464.jpg,3.555555555555556,0.055555556,0.23570226,0.666666667,0.48507125,0.055555556,0.23570226,0.0,0.0,0.055555556,0.23570226,0.0,0.0,0.0,0.0
08_19_02.bmp,3.333333333333333,0.222222222,0.427792632,0.166666667,0.383482494,0.333333333,0.48507125,0.0,0.0,0.055555556,0.23570226,0.111111111,0.323380833,0.0,0.0
15_12_02.bmp,3.0,0.611111111,0.501631326,0.166666667,0.383482494,0.111111111,0.323380833,0.0,0.0,0.277777778,0.460888599,0.0,0.0,0.055555556,0.23570226
0440.jpg,2.833333333333333,0.0,0.0,0.722222222,0.460888599,0.055555556,0.23570226,0.166666667,0.383482494,0.111111111,0.323380833,0.222222222,0.427792632,0.055555556,0.23570226
0159.jpg,2.333333333333333,0.055555556,0.23570226,0.333333333,0.48507125,0.944444444,0.23570226,0.055555556,0.23570226,0.111111111,0.323380833,0.0,0.0,0.0,0.0
01439.jpg,3.7222222222222223,0.055555556,0.23570226,0.444444444,0.511309993,0.111111111,0.323380833,0.0,0.0,0.055555556,0.23570226,0.055555556,0.23570226,0.0,0.0
22_04_05.bmp,2.111111111111111,0.388888889,0.501631326,0.5,0.514495755,0.166666667,0.383482494,0.055555556,0.23570226,0.111111111,0.323380833,0.222222222,0.427792632,0.0,0.0
01_22_03.bmp,1.7777777777777777,0.444444444,0.511309993,0.833333333,0.383482494,0.222222222,0.427792632,0.0,0.0,0.0,0.0,0.055555556,0.23570226,0.055555556,0.23570226
0696.jpg,3.611111111111111,0.055555556,0.23570226,0.444444444,0.511309993,0.0,0.0,0.055555556,0.23570226,0.222222222,0.427792632,0.055555556,0.23570226,0.055555556,0.23570226
37_03_05.bmp,2.2222222222222223,0.055555556,0.23570226,0.833333333,0.383482494,0.0,0.0,0.055555556,0.23570226,0.055555556,0.23570226,0.055555556,0.23570226,0.0,0.0
37_05_01.bmp,3.611111111111111,0.166666667,0.383482494,0.5,0.514495755,0.0,0.0,0.111111111,0.323380833,0.111111111,0.323380833,0.111111111,0.323380833,0.0,0.0
01_19_01.bmp,3.111111111111111,0.055555556,0.23570226,0.666666667,0.48507125,0.055555556,0.23570226,0.0,0.0,0.055555556,0.23570226,0.055555556,0.23570226,0.055555556,0.23570226
19_21_02.bmp,2.388888888888889,0.111111111,0.323380833,0.277777778,0.460888599,0.777777778,0.427792632,0.0,0.0,0.055555556,0.23570226,0.055555556,0.23570226,0.055555556,0.23570226
0171.jpg,2.555555555555556,0.055555556,0.23570226,0.222222222,0.427792632,0.722222222,0.460888599,0.055555556,0.23570226,0.111111111,0.323380833,0.0,0.0,0.111111111,0.323380833
07_07_03.bmp,2.2777777777777777,0.277777778,0.460888599,0.666666667,0.48507125,0.111111111,0.323380833,0.0,0.0,0.055555556,0.23570226,0.055555556,0.23570226,0.111111111,0.323380833
36_18_02.bmp,2.5,0.111111111,0.323380833,0.777777778,0.427792632,0.111111111,0.323380833,0.0,0.0,0.0,0.0,0.055555556,0.23570226,0.111111111,0.323380833
10_04_02.bmp,3.055555555555556,0.166666667,0.383482494,0.388888889,0.501631326,0.111111111,0.323380833,0.222222222,0.427792632,0.333333333,0.48507125,0.444444444,0.511309993,0.055555556,0.23570226
0570.jpg,3.1666666666666665,0.055555556,0.23570226,0.277777778,0.460888599,0.055555556,0.23570226,0.111111111,0.323380833,0.555555556,0.511309993,0.055555556,0.23570226,0.055555556,0.23570226
37_04_04.bmp,2.555555555555556,0.333333333,0.48507125,0.444444444,0.511309993,0.277777778,0.460888599,0.055555556,0.23570226,0.055555556,0.23570226,0.222222222,0.427792632,0.0,0.0
14_13_05.bmp,1.6111111111111112,0.0,0.0,0.222222222,0.427792632,0.888888889,0.323380833,0.111111111,0.323380833,0.0,0.0,0.055555556,0.23570226,0.111111111,0.323380833
08_17_05.bmp,2.4444444444444446,0.222222222,0.427792632,0.444444444,0.511309993,0.0,0.0,0.055555556,0.23570226,0.166666667,0.383482494,0.166666667,0.383482494,0.277777778,0.460888599
02_06_04.bmp,1.6111111111111112,0.5,0.514495755,0.388888889,0.501631326,0.222222222,0.427792632,0.055555556,0.23570226,0.666666667,0.48507125,0.111111111,0.323380833,0.0,0.0
07_12_05.bmp,1.8333333333333333,0.888888889,0.323380833,0.333333333,0.48507125,0.055555556,0.23570226,0.0,0.0,0.111111111,0.323380833,0.055555556,0.23570226,0.055555556,0.23570226
07_09_02.bmp,2.611111111111111,0.722222222,0.460888599,0.388888889,0.501631326,0.055555556,0.23570226,0.0,0.0,0.111111111,0.323380833,0.0,0.0,0.055555556,0.23570226
0918.jpg,3.7777777777777777,0.111111111,0.323380833,0.5,0.514495755,0.0,0.0,0.0,0.0,0.222222222,0.427792632,0.0,0.0,0.055555556,0.23570226
03_10_03.bmp,2.9444444444444446,0.722222222,0.460888599,0.166666667,0.383482494,0.111111111,0.323380833,0.0,0.0,0.222222222,0.427792632,0.055555556,0.23570226,0.055555556,0.23570226
04_09_04.bmp,2.4444444444444446,0.833333333,0.383482494,0.388888889,0.501631326,0.111111111,0.323380833,0.055555556,0.23570226,0.222222222,0.427792632,0.0,0.0,0.055555556,0.23570226
04_03_01.bmp,3.111111111111111,0.111111111,0.323380833,0.722222222,0.460888599,0.055555556,0.23570226,0.055555556,0.23570226,0.166666667,0.383482494,0.0,0.0,0.0,0.0
34_12_01.bmp,3.5,0.222222222,0.427792632,0.388888889,0.501631326,0.222222222,0.427792632,0.0,0.0,0.0,0.0,0.0,0.0,0.055555556,0.23570226
0921.jpg,3.9444444444444446,0.111111111,0.323380833,0.333333333,0.48507125,0.055555556,0.23570226,0.055555556,0.23570226,0.055555556,0.23570226,0.0,0.0,0.055555556,0.23570226
30_10_01.bmp,3.5,0.333333333,0.48507125,0.388888889,0.501631326,0.055555556,0.23570226,0.055555556,0.23570226,0.222222222,0.427792632,0.0,0.0,0.0,0.0
03_04_04.bmp,3.1666666666666665,0.277777778,0.460888599,0.222222222,0.427792632,0.111111111,0.323380833,0.0,0.0,0.166666667,0.383482494,0.222222222,0.427792632,0.055555556,0.23570226
29_13_05.bmp,2.5,0.055555556,0.23570226,0.277777778,0.460888599,0.833333333,0.383482494,0.055555556,0.23570226,0.055555556,0.23570226,0.055555556,0.23570226,0.055555556,0.23570226
14_19_01.bmp,3.5,0.222222222,0.427792632,0.333333333,0.48507125,0.277777778,0.460888599,0.0,0.0,0.0,0.0,0.055555556,0.23570226,0.055555556,0.23570226
17_16_02.bmp,3.055555555555556,0.0,0.0,0.444444444,0.511309993,0.166666667,0.383482494,0.111111111,0.323380833,0.166666667,0.383482494,0.055555556,0.23570226,0.0,0.0
0269.jpg,1.5,0.166666667,0.383482494,0.388888889,0.501631326,0.055555556,0.23570226,0.944444444,0.23570226,0.055555556,0.23570226,0.0,0.0,0.0,0.0
08_12_02.bmp,3.7777777777777777,0.444444444,0.511309993,0.055555556,0.23570226,0.0,0.0,0.055555556,0.23570226,0.055555556,0.23570226,0.055555556,0.23570226,0.0,0.0
24_05_05.bmp,1.8333333333333333,0.222222222,0.427792632,0.777777778,0.427792632,0.055555556,0.23570226,0.0,0.0,0.111111111,0.323380833,0.0,0.0,0.0,0.0
37_13_03.bmp,3.555555555555556,0.111111111,0.323380833,0.388888889,0.501631326,0.222222222,0.427792632,0.055555556,0.23570226,0.111111111,0.323380833,0.055555556,0.23570226,0.0,0.0
1134.jpg,2.7222222222222223,0.0,0.0,0.166666667,0.383482494,0.055555556,0.23570226,0.055555556,0.23570226,0.666666667,0.48507125,0.444444444,0.511309993,0.0,0.0
34_25_04.bmp,2.2777777777777777,0.111111111,0.323380833,0.111111111,0.323380833,0.111111111,0.323380833,0.055555556,0.23570226,0.0,0.0,0.0,0.0,0.944444444,0.23570226
14_12_02.bmp,2.9444444444444446,0.777777778,0.427792632,0.222222222,0.427792632,0.055555556,0.23570226,0.055555556,0.23570226,0.0,0.0,0.111111111,0.323380833,0.055555556,0.23570226
25_10_02.bmp,2.833333333333333,0.722222222,0.460888599,0.333333333,0.48507125,0.111111111,0.323380833,0.055555556,0.23570226,0.166666667,0.383482494,0.0,0.0,0.055555556,0.23570226
01250.jpg,2.833333333333333,0.222222222,0.427792632,0.833333333,0.383482494,0.111111111,0.323380833,0.055555556,0.23570226,0.277777778,0.460888599,0.0,0.0,0.0,0.0
25_15_03.bmp,3.055555555555556,0.111111111,0.323380833,0.5,0.514495755,0.277777778,0.460888599,0.0,0.0,0.111111111,0.323380833,0.0,0.0,0.055555556,0.23570226
06_02_01.bmp,3.2222222222222223,0.111111111,0.323380833,0.555555556,0.511309993,0.055555556,0.23570226,0.0,0.0,0.0,0.0,0.055555556,0.23570226,0.111111111,0.323380833
01352.jpg,3.111111111111111,0.111111111,0.323380833,0.722222222,0.460888599,0.277777778,0.460888599,0.0,0.0,0.0,0.0,0.055555556,0.23570226,0.0,0.0
0451.jpg,2.888888888888889,0.055555556,0.23570226,0.388888889,0.501631326,0.0,0.0,0.0,0.0,0.833333333,0.383482494,0.0,0.0,0.055555556,0.23570226
0287.jpg,3.055555555555556,0.111111111,0.323380833,0.222222222,0.427792632,0.0,0.0,0.833333333,0.383482494,0.0,0.0,0.055555556,0.23570226,0.0,0.0
37_03_04.bmp,2.388888888888889,0.111111111,0.323380833,0.833333333,0.383482494,0.0,0.0,0.055555556,0.23570226,0.055555556,0.23570226,0.055555556,0.23570226,0.055555556,0.23570226
0462.jpg,3.555555555555556,0.055555556,0.23570226,0.277777778,0.460888599,0.0,0.0,0.055555556,0.23570226,0.666666667,0.48507125,0.0,0.0,0.0,0.0
18_20_03.bmp,2.111111111111111,0.5,0.514495755,0.333333333,0.48507125,0.166666667,0.383482494,0.333333333,0.48507125,0.0,0.0,0.055555556,0.23570226,0.111111111,0.323380833
08_15_04.bmp,3.333333333333333,0.111111111,0.323380833,0.333333333,0.48507125,0.0,0.0,0.5,0.514495755,0.111111111,0.323380833,0.0,0.0,0.0,0.0
20_21_03.bmp,2.2777777777777777,0.055555556,0.23570226,0.277777778,0.460888599,0.666666667,0.48507125,0.055555556,0.23570226,0.111111111,0.323380833,0.055555556,0.23570226,0.0,0.0
04_01_03.bmp,2.111111111111111,0.166666667,0.383482494,0.833333333,0.383482494,0.222222222,0.427792632,0.0,0.0,0.111111111,0.323380833,0.055555556,0.23570226,0.055555556,0.23570226
34_23_05.bmp,1.9444444444444444,0.111111111,0.323380833,0.111111111,0.323380833,0.166666667,0.383482494,0.722222222,0.460888599,0.0,0.0,0.0,0.0,0.277777778,0.460888599
18_19_03.bmp,2.5,0.111111111,0.323380833,0.555555556,0.511309993,0.5,0.514495755,0.0,0.0,0.0,0.0,0.055555556,0.23570226,0.111111111,0.323380833
27_25_02.bmp,2.5,0.055555556,0.23570226,0.222222222,0.427792632,0.0,0.0,0.0,0.0,0.333333333,0.48507125,0.055555556,0.23570226,0.944444444,0.23570226
1124.jpg,2.888888888888889,0.0,0.0,0.388888889,0.501631326,0.055555556,0.23570226,0.0,0.0,0.666666667,0.48507125,0.277777778,0.460888599,0.055555556,0.23570226
0298.jpg,2.2222222222222223,0.277777778,0.460888599,0.388888889,0.501631326,0.0,0.0,0.888888889,0.323380833,0.055555556,0.23570226,0.0,0.0,0.055555556,0.23570226
0578.jpg,3.1666666666666665,0.111111111,0.323380833,0.333333333,0.48507125,0.055555556,0.23570226,0.055555556,0.23570226,0.555555556,0.511309993,0.055555556,0.23570226,0.055555556,0.23570226
0191.jpg,3.7777777777777777,0.055555556,0.23570226,0.166666667,0.383482494,0.722222222,0.460888599,0.0,0.0,0.166666667,0.383482494,0.0,0.0,0.055555556,0.23570226
1059.jpg,3.611111111111111,0.055555556,0.23570226,0.333333333,0.48507125,0.0,0.0,0.388888889,0.501631326,0.111111111,0.323380833,0.055555556,0.23570226,0.055555556,0.23570226
36_17_05.bmp,1.9444444444444444,0.055555556,0.23570226,0.555555556,0.511309993,0.166666667,0.383482494,0.055555556,0.23570226,0.166666667,0.383482494,0.166666667,0.383482494,0.222222222,0.427792632
28_17_04.bmp,2.388888888888889,0.111111111,0.323380833,0.5,0.514495755,0.055555556,0.23570226,0.055555556,0.23570226,0.388888889,0.501631326,0.166666667,0.383482494,0.166666667,0.383482494
31_04_03.bmp,2.888888888888889,0.277777778,0.460888599,0.277777778,0.460888599,0.166666667,0.383482494,0.055555556,0.23570226,0.166666667,0.383482494,0.166666667,0.383482494,0.111111111,0.323380833
01_13_01.bmp,3.1666666666666665,0.111111111,0.323380833,0.777777778,0.427792632,0.111111111,0.323380833,0.0,0.0,0.055555556,0.23570226,0.0,0.0,0.055555556,0.23570226
09_19_01.bmp,3.5,0.166666667,0.383482494,0.444444444,0.511309993,0.111111111,0.323380833,0.055555556,0.23570226,0.111111111,0.323380833,0.055555556,0.23570226,0.055555556,0.23570226
32_22_02.bmp,2.333333333333333,0.222222222,0.427792632,0.722222222,0.460888599,0.111111111,0.323380833,0.0,0.0,0.388888889,0.501631326,0.055555556,0.23570226,0.0,0.0
27_13_01.bmp,3.0,0.166666667,0.383482494,0.444444444,0.511309993,0.0,0.0,0.0,0.0,0.444444444,0.511309993,0.0,0.0,0.0,0.0
02_07_04.bmp,1.8333333333333333,0.277777778,0.460888599,0.888888889,0.323380833,0.0,0.0,0.0,0.0,0.388888889,0.501631326,0.055555556,0.23570226,0.055555556,0.23570226
15_11_02.bmp,3.111111111111111,0.611111111,0.501631326,0.166666667,0.383482494,0.111111111,0.323380833,0.0,0.0,0.222222222,0.427792632,0.0,0.0,0.055555556,0.23570226
01190.jpg,3.0,0.222222222,0.427792632,0.555555556,0.511309993,0.055555556,0.23570226,0.166666667,0.383482494,0.222222222,0.427792632,0.055555556,0.23570226,0.222222222,0.427792632
23_25_04.bmp,2.388888888888889,0.055555556,0.23570226,0.166666667,0.383482494,0.055555556,0.23570226,0.0,0.0,0.166666667,0.383482494,0.0,0.0,0.833333333,0.383482494
35_06_03.bmp,1.8888888888888888,0.333333333,0.48507125,0.555555556,0.511309993,0.277777778,0.460888599,0.0,0.0,0.0,0.0,0.222222222,0.427792632,0.111111111,0.323380833
0256.jpg,1.5,0.111111111,0.323380833,0.388888889,0.501631326,0.055555556,0.23570226,0.888888889,0.323380833,0.0,0.0,0.0,0.0,0.0,0.0
17_04_05.bmp,1.9444444444444444,0.333333333,0.48507125,0.333333333,0.48507125,0.166666667,0.383482494,0.055555556,0.23570226,0.166666667,0.383482494,0.222222222,0.427792632,0.111111111,0.323380833
35_18_01.bmp,2.555555555555556,0.111111111,0.323380833,0.666666667,0.48507125,0.111111111,0.323380833,0.0,0.0,0.055555556,0.23570226,0.0,0.0,0.111111111,0.323380833
0826.jpg,3.4444444444444446,0.111111111,0.323380833,0.444444444,0.511309993,0.0,0.0,0.111111111,0.323380833,0.055555556,0.23570226,0.0,0.0,0.0,0.0
0525.jpg,3.333333333333333,0.055555556,0.23570226,0.444444444,0.511309993,0.0,0.0,0.388888889,0.501631326,0.5,0.514495755,0.0,0.0,0.0,0.0
11_21_01.bmp,2.1666666666666665,0.166666667,0.383482494,0.277777778,0.460888599,0.555555556,0.511309993,0.055555556,0.23570226,0.222222222,0.427792632,0.055555556,0.23570226,0.055555556,0.23570226
34_25_05.bmp,1.8888888888888888,0.055555556,0.23570226,0.111111111,0.323380833,0.111111111,0.323380833,0.0,0.0,0.0,0.0,0.055555556,0.23570226,0.944444444,0.23570226
0645.jpg,4.0,0.0,0.0,0.222222222,0.427792632,0.0,0.0,0.111111111,0.323380833,0.111111111,0.323380833,0.055555556,0.23570226,0.0,0.0
33_23_03.bmp,2.5,0.111111111,0.323380833,0.111111111,0.323380833,0.0,0.0,0.833333333,0.383482494,0.388888889,0.501631326,0.0,0.0,0.055555556,0.23570226
1142.jpg,2.1666666666666665,0.0,0.0,0.277777778,0.460888599,0.0,0.0,0.166666667,0.383482494,0.055555556,0.23570226,0.888888889,0.323380833,0.166666667,0.383482494
0769.jpg,3.611111111111111,0.166666667,0.383482494,0.333333333,0.48507125,0.055555556,0.23570226,0.0,0.0,0.222222222,0.427792632,0.055555556,0.23570226,0.111111111,0.323380833
28_05_03.bmp,2.388888888888889,0.222222222,0.427792632,0.777777778,0.427792632,0.166666667,0.383482494,0.0,0.0,0.222222222,0.427792632,0.055555556,0.23570226,0.0,0.0
28_12_05.bmp,2.055555555555556,0.722222222,0.460888599,0.444444444,0.511309993,0.111111111,0.323380833,0.0,0.0,0.222222222,0.427792632,0.0,0.0,0.055555556,0.23570226
03_16_01.bmp,3.611111111111111,0.0,0.0,0.222222222,0.427792632,0.111111111,0.323380833,0.0,0.0,0.111111111,0.323380833,0.055555556,0.23570226,0.055555556,0.23570226
0082.jpg,2.2222222222222223,0.055555556,0.23570226,0.611111111,0.501631326,0.888888889,0.323380833,0.0,0.0,0.0,0.0,0.0,0.0,0.055555556,0.23570226
10_14_03.bmp,2.555555555555556,0.055555556,0.23570226,0.277777778,0.460888599,0.166666667,0.383482494,0.722222222,0.460888599,0.333333333,0.48507125,0.277777778,0.460888599,0.055555556,0.23570226
05_14_01.bmp,3.4444444444444446,0.166666667,0.383482494,0.277777778,0.460888599,0.111111111,0.323380833,0.055555556,0.23570226,0.0,0.0,0.055555556,0.23570226,0.055555556,0.23570226
01223.jpg,3.333333333333333,0.166666667,0.383482494,0.277777778,0.460888599,0.055555556,0.23570226,0.055555556,0.23570226,0.222222222,0.427792632,0.611111111,0.501631326,0.055555556,0.23570226
27_18_03.bmp,2.7777777777777777,0.055555556,0.23570226,0.666666667,0.48507125,0.0,0.0,0.055555556,0.23570226,0.5,0.514495755,0.055555556,0.23570226,0.0,0.0
0553.jpg,2.888888888888889,0.111111111,0.323380833,0.388888889,0.501631326,0.0,0.0,0.111111111,0.323380833,0.722222222,0.460888599,0.0,0.0,0.0,0.0
12_06_01.bmp,3.5,0.388888889,0.501631326,0.222222222,0.427792632,0.166666667,0.383482494,0.0,0.0,0.111111111,0.323380833,0.111111111,0.323380833,0.0,0.0
20_12_02.bmp,2.9444444444444446,0.722222222,0.460888599,0.388888889,0.501631326,0.055555556,0.23570226,0.0,0.0,0.055555556,0.23570226,0.055555556,0.23570226,0.0,0.0
26_20_02.bmp,3.8333333333333335,0.055555556,0.23570226,0.277777778,0.460888599,0.055555556,0.23570226,0.055555556,0.23570226,0.055555556,0.23570226,0.055555556,0.23570226,0.111111111,0.323380833
19_21_05.bmp,1.5555555555555556,0.111111111,0.323380833,0.277777778,0.460888599,0.055555556,0.23570226,0.777777778,0.427792632,0.111111111,0.323380833,0.166666667,0.383482494,0.0,0.0
32_06_02.bmp,2.4444444444444446,0.277777778,0.460888599,0.5,0.514495755,0.166666667,0.383482494,0.111111111,0.323380833,0.388888889,0.501631326,0.222222222,0.427792632,0.055555556,0.23570226
19_24_02.bmp,2.4444444444444446,0.0,0.0,0.722222222,0.460888599,0.055555556,0.23570226,0.0,0.0,0.111111111,0.323380833,0.111111111,0.323380833,0.055555556,0.23570226
21_09_05.bmp,2.055555555555556,0.888888889,0.323380833,0.166666667,0.383482494,0.111111111,0.323380833,0.0,0.0,0.055555556,0.23570226,0.0,0.0,0.0,0.0
31_08_05.bmp,1.8333333333333333,0.333333333,0.48507125,0.722222222,0.460888599,0.0,0.0,0.055555556,0.23570226,0.166666667,0.383482494,0.111111111,0.323380833,0.055555556,0.23570226
07_02_04.bmp,1.6666666666666667,0.0,0.0,1.0,0.0,0.111111111,0.323380833,0.055555556,0.23570226,0.0,0.0,0.0,0.0,0.0,0.0
0888.jpg,3.6666666666666665,0.166666667,0.383482494,0.444444444,0.511309993,0.055555556,0.23570226,0.055555556,0.23570226,0.111111111,0.323380833,0.055555556,0.23570226,0.055555556,0.23570226
37_14_05.bmp,1.2777777777777777,0.166666667,0.383482494,0.444444444,0.511309993,0.111111111,0.323380833,0.833333333,0.383482494,0.0,0.0,0.055555556,0.23570226,0.0,0.0
30_10_04.bmp,2.5,0.666666667,0.48507125,0.166666667,0.383482494,0.0,0.0,0.055555556,0.23570226,0.277777778,0.460888599,0.055555556,0.23570226,0.0,0.0
0039.jpg,2.7222222222222223,0.111111111,0.323380833,0.5,0.514495755,0.777777778,0.427792632,0.0,0.0,0.111111111,0.323380833,0.0,0.0,0.0,0.0
10_24_03.bmp,2.2777777777777777,0.0,0.0,0.888888889,0.323380833,0.055555556,0.23570226,0.111111111,0.323380833,0.222222222,0.427792632,0.166666667,0.383482494,0.0,0.0
28_21_02.bmp,2.833333333333333,0.111111111,0.323380833,0.111111111,0.323380833,0.611111111,0.501631326,0.0,0.0,0.166666667,0.383482494,0.055555556,0.23570226,0.0,0.0
17_25_03.bmp,2.555555555555556,0.0,0.0,0.0,0.0,0.0,0.0,0.055555556,0.23570226,0.166666667,0.383482494,0.111111111,0.323380833,0.777777778,0.427792632
22_04_02.bmp,3.2222222222222223,0.222222222,0.427792632,0.388888889,0.501631326,0.111111111,0.323380833,0.0,0.0,0.166666667,0.383482494,0.222222222,0.427792632,0.0,0.0
0630.jpg,3.2222222222222223,0.111111111,0.323380833,0.5,0.514495755,0.0,0.0,0.166666667,0.383482494,0.055555556,0.23570226,0.111111111,0.323380833,0.055555556,0.23570226
30_08_05.bmp,1.9444444444444444,0.388888889,0.501631326,0.611111111,0.501631326,0.055555556,0.23570226,0.055555556,0.23570226,0.277777778,0.460888599,0.111111111,0.323380833,0.0,0.0
01448.jpg,3.5,0.111111111,0.323380833,0.611111111,0.501631326,0.055555556,0.23570226,0.0,0.0,0.0,0.0,0.0,0.0,0.0,0.0
27_02_01.bmp,3.333333333333333,0.0,0.0,0.333333333,0.48507125,0.111111111,0.323380833,0.055555556,0.23570226,0.555555556,0.511309993,0.055555556,0.23570226,0.055555556,0.23570226
18_07_04.bmp,1.5555555555555556,0.166666667,0.383482494,0.833333333,0.383482494,0.111111111,0.323380833,0.0,0.0,0.0,0.0,0.111111111,0.323380833,0.055555556,0.23570226
0458.jpg,2.888888888888889,0.055555556,0.23570226,0.277777778,0.460888599,0.0,0.0,0.111111111,0.323380833,0.777777778,0.427792632,0.0,0.0,0.055555556,0.23570226
22_14_04.bmp,1.7777777777777777,0.0,0.0,0.277777778,0.460888599,0.0,0.0,0.777777778,0.427792632,0.166666667,0.383482494,0.111111111,0.323380833,0.0,0.0
28_20_05.bmp,1.8333333333333333,0.722222222,0.460888599,0.555555556,0.511309993,0.166666667,0.383482494,0.055555556,0.23570226,0.166666667,0.383482494,0.055555556,0.23570226,0.0,0.0
32_03_05.bmp,1.9444444444444444,0.055555556,0.23570226,0.777777778,0.427792632,0.166666667,0.383482494,0.055555556,0.23570226,0.444444444,0.511309993,0.055555556,0.23570226,0.055555556,0.23570226
0022.jpg,3.388888888888889,0.055555556,0.23570226,0.277777778,0.460888599,0.777777778,0.427792632,0.0,0.0,0.0,0.0,0.0,0.0,0.0,0.0
04_22_03.bmp,1.8333333333333333,0.222222222,0.427792632,0.833333333,0.383482494,0.222222222,0.427792632,0.0,0.0,0.166666667,0.383482494,0.0,0.0,0.055555556,0.23570226
05_15_01.bmp,2.055555555555556,0.055555556,0.23570226,0.277777778,0.460888599,0.944444444,0.23570226,0.0,0.0,0.0,0.0,0.055555556,0.23570226,0.111111111,0.323380833
01241.jpg,3.333333333333333,0.333333333,0.48507125,0.444444444,0.511309993,0.0,0.0,0.111111111,0.323380833,0.333333333,0.48507125,0.0,0.0,0.0,0.0
35_08_05.bmp,1.6111111111111112,0.111111111,0.323380833,0.944444444,0.23570226,0.055555556,0.23570226,0.055555556,0.23570226,0.0,0.0,0.055555556,0.23570226,0.111111111,0.323380833
0338.jpg,3.111111111111111,0.166666667,0.383482494,0.555555556,0.511309993,0.0,0.0,0.0,0.0,0.055555556,0.23570226,0.055555556,0.23570226,0.0,0.0
30_13_01.bmp,3.555555555555556,0.111111111,0.323380833,0.444444444,0.511309993,0.111111111,0.323380833,0.0,0.0,0.222222222,0.427792632,0.0,0.0,0.055555556,0.23570226
26_19_01.bmp,3.8333333333333335,0.055555556,0.23570226,0.166666667,0.383482494,0.222222222,0.427792632,0.055555556,0.23570226,0.055555556,0.23570226,0.055555556,0.23570226,0.111111111,0.323380833
0735.jpg,3.611111111111111,0.055555556,0.23570226,0.277777778,0.460888599,0.0,0.0,0.0,0.0,0.111111111,0.323380833,0.166666667,0.383482494,0.055555556,0.23570226
01_02_05.bmp,1.3333333333333333,0.111111111,0.323380833,0.944444444,0.23570226,0.166666667,0.383482494,0.0,0.0,0.055555556,0.23570226,0.0,0.0,0.0,0.0
07_09_03.bmp,2.2777777777777777,0.777777778,0.427792632,0.222222222,0.427792632,0.055555556,0.23570226,0.055555556,0.23570226,0.166666667,0.383482494,0.0,0.0,0.055555556,0.23570226
0186.jpg,3.1666666666666665,0.111111111,0.323380833,0.277777778,0.460888599,0.722222222,0.460888599,0.0,0.0,0.0,0.0,0.0,0.0,0.055555556,0.23570226
01_18_01.bmp,2.555555555555556,0.111111111,0.323380833,0.666666667,0.48507125,0.222222222,0.427792632,0.0,0.0,0.055555556,0.23570226,0.0,0.0,0.111111111,0.323380833
01219.jpg,2.6666666666666665,0.166666667,0.383482494,0.722222222,0.460888599,0.0,0.0,0.111111111,0.323380833,0.944444444,0.23570226,0.111111111,0.323380833,0.111111111,0.323380833
08_16_01.bmp,3.611111111111111,0.166666667,0.383482494,0.222222222,0.427792632,0.222222222,0.427792632,0.0,0.0,0.055555556,0.23570226,0.0,0.0,0.055555556,0.23570226
01454.jpg,3.333333333333333,0.0,0.0,0.777777778,0.427792632,0.166666667,0.383482494,0.0,0.0,0.0,0.0,0.0,0.0,0.0,0.0
25_21_05.bmp,1.3888888888888888,0.055555556,0.23570226,0.5,0.514495755,0.111111111,0.323380833,0.666666667,0.48507125,0.166666667,0.383482494,0.055555556,0.23570226,0.0,0.0
21_24_03.bmp,1.8333333333333333,0.111111111,0.323380833,0.944444444,0.23570226,0.055555556,0.23570226,0.0,0.0,0.0,0.0,0.0,0.0,0.0,0.0
31_17_04.bmp,2.111111111111111,0.055555556,0.23570226,0.611111111,0.501631326,0.0,0.0,0.055555556,0.23570226,0.333333333,0.48507125,0.166666667,0.383482494,0.222222222,0.427792632
23_08_01.bmp,3.2777777777777777,0.055555556,0.23570226,0.444444444,0.511309993,0.111111111,0.323380833,0.0,0.0,0.277777778,0.460888599,0.111111111,0.323380833,0.0,0.0
26_11_02.bmp,3.333333333333333,0.666666667,0.48507125,0.055555556,0.23570226,0.166666667,0.383482494,0.0,0.0,0.055555556,0.23570226,0.055555556,0.23570226,0.0,0.0
03_18_01.bmp,3.388888888888889,0.333333333,0.48507125,0.166666667,0.383482494,0.055555556,0.23570226,0.0,0.0,0.111111111,0.323380833,0.055555556,0.23570226,0.055555556,0.23570226
33_25_04.bmp,2.4444444444444446,0.055555556,0.23570226,0.166666667,0.383482494,0.055555556,0.23570226,0.0,0.0,0.388888889,0.501631326,0.0,0.0,0.833333333,0.383482494
03_04_02.bmp,3.7777777777777777,0.111111111,0.323380833,0.222222222,0.427792632,0.166666667,0.383482494,0.055555556,0.23570226,0.111111111,0.323380833,0.055555556,0.23570226,0.055555556,0.23570226
01151.jpg,4.055555555555555,0.111111111,0.323380833,0.277777778,0.460888599,0.0,0.0,0.0,0.0,0.277777778,0.460888599,0.055555556,0.23570226,0.055555556,0.23570226
02_01_04.bmp,2.055555555555556,0.055555556,0.23570226,0.944444444,0.23570226,0.0,0.0,0.055555556,0.23570226,0.555555556,0.511309993,0.0,0.0,0.055555556,0.23570226
18_11_01.bmp,3.0,0.444444444,0.511309993,0.388888889,0.501631326,0.111111111,0.323380833,0.0,0.0,0.055555556,0.23570226,0.111111111,0.323380833,0.055555556,0.23570226
32_07_03.bmp,2.4444444444444446,0.0,0.0,0.777777778,0.427792632,0.055555556,0.23570226,0.166666667,0.383482494,0.333333333,0.48507125,0.055555556,0.23570226,0.0,0.0
0294.jpg,2.555555555555556,0.111111111,0.323380833,0.222222222,0.427792632,0.055555556,0.23570226,0.833333333,0.383482494,0.055555556,0.23570226,0.0,0.0,0.055555556,0.23570226
05_08_04.bmp,2.1666666666666665,0.333333333,0.48507125,0.611111111,0.501631326,0.0,0.0,0.055555556,0.23570226,0.0,0.0,0.166666667,0.383482494,0.0,0.0
0402.jpg,2.888888888888889,0.055555556,0.23570226,0.833333333,0.383482494,0.0,0.0,0.166666667,0.383482494,0.055555556,0.23570226,0.055555556,0.23570226,0.0,0.0
25_23_02.bmp,2.611111111111111,0.055555556,0.23570226,0.111111111,0.323380833,0.111111111,0.323380833,0.722222222,0.460888599,0.055555556,0.23570226,0.0,0.0,0.111111111,0.323380833
0259.jpg,1.6111111111111112,0.111111111,0.323380833,0.333333333,0.48507125,0.055555556,0.23570226,0.888888889,0.323380833,0.0,0.0,0.055555556,0.23570226,0.0,0.0
26_18_03.bmp,2.888888888888889,0.111111111,0.323380833,0.722222222,0.460888599,0.111111111,0.323380833,0.0,0.0,0.111111111,0.323380833,0.055555556,0.23570226,0.055555556,0.23570226
11_10_01.bmp,3.0,0.333333333,0.48507125,0.388888889,0.501631326,0.055555556,0.23570226,0.111111111,0.323380833,0.277777778,0.460888599,0.055555556,0.23570226,0.0,0.0
0667.jpg,3.611111111111111,0.111111111,0.323380833,0.333333333,0.48507125,0.0,0.0,0.0,0.0,0.111111111,0.323380833,0.0,0.0,0.055555556,0.23570226
1123.jpg,2.888888888888889,0.055555556,0.23570226,0.277777778,0.460888599,0.0,0.0,0.0,0.0,0.166666667,0.383482494,0.055555556,0.23570226,0.833333333,0.383482494
1013.jpg,3.5,0.055555556,0.23570226,0.277777778,0.460888599,0.0,0.0,0.333333333,0.48507125,0.166666667,0.383482494,0.055555556,0.23570226,0.111111111,0.323380833
0179.jpg,2.6666666666666665,0.166666667,0.383482494,0.5,0.514495755,0.833333333,0.383482494,0.0,0.0,0.055555556,0.23570226,0.0,0.0,0.055555556,0.23570226
20_21_02.bmp,2.2222222222222223,0.055555556,0.23570226,0.166666667,0.383482494,0.888888889,0.323380833,0.055555556,0.23570226,0.055555556,0.23570226,0.055555556,0.23570226,0.0,0.0
18_04_01.bmp,3.5,0.111111111,0.323380833,0.555555556,0.511309993,0.111111111,0.323380833,0.0,0.0,0.055555556,0.23570226,0.055555556,0.23570226,0.055555556,0.23570226
36_15_05.bmp,3.1666666666666665,0.055555556,0.23570226,0.388888889,0.501631326,0.277777778,0.460888599,0.222222222,0.427792632,0.0,0.0,0.055555556,0.23570226,0.055555556,0.23570226
28_12_03.bmp,2.388888888888889,0.611111111,0.501631326,0.444444444,0.511309993,0.166666667,0.383482494,0.0,0.0,0.277777778,0.460888599,0.055555556,0.23570226,0.0,0.0
32_17_02.bmp,2.5,0.111111111,0.323380833,0.611111111,0.501631326,0.111111111,0.323380833,0.0,0.0,0.5,0.514495755,0.111111111,0.323380833,0.166666667,0.383482494
36_05_01.bmp,3.2222222222222223,0.277777778,0.460888599,0.5,0.514495755,0.111111111,0.323380833,0.055555556,0.23570226,0.0,0.0,0.055555556,0.23570226,0.055555556,0.23570226
26_12_01.bmp,4.0,0.055555556,0.23570226,0.111111111,0.323380833,0.222222222,0.427792632,0.055555556,0.23570226,0.055555556,0.23570226,0.0,0.0,0.0,0.0
34_19_01.bmp,3.1666666666666665,0.055555556,0.23570226,0.444444444,0.511309993,0.166666667,0.383482494,0.0,0.0,0.0,0.0,0.055555556,0.23570226,0.055555556,0.23570226
11_03_02.bmp,2.888888888888889,0.055555556,0.23570226,0.722222222,0.460888599,0.055555556,0.23570226,0.055555556,0.23570226,0.222222222,0.427792632,0.055555556,0.23570226,0.055555556,0.23570226
01_17_05.bmp,2.055555555555556,0.111111111,0.323380833,0.5,0.514495755,0.166666667,0.383482494,0.055555556,0.23570226,0.333333333,0.48507125,0.055555556,0.23570226,0.277777778,0.460888599
35_10_03.bmp,2.2222222222222223,0.888888889,0.323380833,0.388888889,0.501631326,0.055555556,0.23570226,0.0,0.0,0.055555556,0.23570226,0.055555556,0.23570226,0.055555556,0.23570226
0190.jpg,2.833333333333333,0.055555556,0.23570226,0.388888889,0.501631326,0.777777778,0.427792632,0.055555556,0.23570226,0.111111111,0.323380833,0.0,0.0,0.055555556,0.23570226
33_23_04.bmp,2.2222222222222223,0.055555556,0.23570226,0.111111111,0.323380833,0.0,0.0,0.888888889,0.323380833,0.388888889,0.501631326,0.0,0.0,0.055555556,0.23570226
21_15_05.bmp,2.7777777777777777,0.166666667,0.383482494,0.444444444,0.511309993,0.055555556,0.23570226,0.444444444,0.511309993,0.0,0.0,0.0,0.0,0.0,0.0
0192.jpg,2.7777777777777777,0.111111111,0.323380833,0.388888889,0.501631326,0.888888889,0.323380833,0.0,0.0,0.055555556,0.23570226,0.0,0.0,0.055555556,0.23570226
17_24_02.bmp,2.888888888888889,0.0,0.0,0.777777778,0.427792632,0.055555556,0.23570226,0.055555556,0.23570226,0.166666667,0.383482494,0.111111111,0.323380833,0.0,0.0
17_19_02.bmp,3.1666666666666665,0.222222222,0.427792632,0.5,0.514495755,0.166666667,0.383482494,0.0,0.0,0.166666667,0.383482494,0.111111111,0.323380833,0.0,0.0
06_05_05.bmp,1.7777777777777777,0.333333333,0.48507125,0.722222222,0.460888599,0.055555556,0.23570226,0.0,0.0,0.055555556,0.23570226,0.166666667,0.383482494,0.055555556,0.23570226
03_16_05.bmp,1.7777777777777777,0.333333333,0.48507125,0.888888889,0.323380833,0.055555556,0.23570226,0.055555556,0.23570226,0.111111111,0.323380833,0.0,0.0,0.0,0.0
02_09_03.bmp,2.6666666666666665,0.777777778,0.427792632,0.333333333,0.48507125,0.0,0.0,0.0,0.0,0.555555556,0.511309993,0.055555556,0.23570226,0.055555556,0.23570226
1147.jpg,2.6666666666666665,0.055555556,0.23570226,0.166666667,0.383482494,0.055555556,0.23570226,0.0,0.0,0.111111111,0.323380833,0.777777778,0.427792632,0.166666667,0.383482494
24_08_03.bmp,2.555555555555556,0.166666667,0.383482494,0.777777778,0.427792632,0.055555556,0.23570226,0.0,0.0,0.055555556,0.23570226,0.0,0.0,0.055555556,0.23570226
32_25_05.bmp,1.6666666666666667,0.111111111,0.323380833,0.222222222,0.427792632,0.111111111,0.323380833,0.0,0.0,0.277777778,0.460888599,0.055555556,0.23570226,0.833333333,0.383482494
37_13_05.bmp,3.0,0.055555556,0.23570226,0.222222222,0.427792632,0.666666667,0.48507125,0.111111111,0.323380833,0.055555556,0.23570226,0.055555556,0.23570226,0.0,0.0
32_11_01.bmp,3.111111111111111,0.388888889,0.501631326,0.444444444,0.511309993,0.111111111,0.323380833,0.055555556,0.23570226,0.333333333,0.48507125,0.055555556,0.23570226,0.0,0.0
08_01_03.bmp,3.7222222222222223,0.055555556,0.23570226,0.5,0.514495755,0.111111111,0.323380833,0.055555556,0.23570226,0.055555556,0.23570226,0.055555556,0.23570226,0.0,0.0
04_18_03.bmp,2.111111111111111,0.222222222,0.427792632,0.833333333,0.383482494,0.055555556,0.23570226,0.0,0.0,0.111111111,0.323380833,0.055555556,0.23570226,0.055555556,0.23570226
21_20_01.bmp,2.7777777777777777,0.222222222,0.427792632,0.333333333,0.48507125,0.166666667,0.383482494,0.277777778,0.460888599,0.055555556,0.23570226,0.0,0.0,0.055555556,0.23570226
05_13_04.bmp,2.5,0.0,0.0,0.388888889,0.501631326,0.777777778,0.427792632,0.055555556,0.23570226,0.0,0.0,0.055555556,0.23570226,0.055555556,0.23570226
22_19_05.bmp,2.111111111111111,0.055555556,0.23570226,0.222222222,0.427792632,0.833333333,0.383482494,0.0,0.0,0.055555556,0.23570226,0.0,0.0,0.0,0.0
13_03_02.bmp,3.333333333333333,0.111111111,0.323380833,0.666666667,0.48507125,0.055555556,0.23570226,0.0,0.0,0.166666667,0.383482494,0.111111111,0.323380833,0.111111111,0.323380833
21_14_05.bmp,1.7777777777777777,0.111111111,0.323380833,0.222222222,0.427792632,0.055555556,0.23570226,0.944444444,0.23570226,0.0,0.0,0.111111111,0.323380833,0.0,0.0
35_14_03.bmp,2.6666666666666665,0.111111111,0.323380833,0.555555556,0.511309993,0.055555556,0.23570226,0.388888889,0.501631326,0.055555556,0.23570226,0.0,0.0,0.055555556,0.23570226
27_02_03.bmp,2.2777777777777777,0.0,0.0,0.777777778,0.427792632,0.0,0.0,0.111111111,0.323380833,0.5,0.514495755,0.0,0.0,0.0,0.0
13_08_02.bmp,3.388888888888889,0.222222222,0.427792632,0.444444444,0.511309993,0.055555556,0.23570226,0.055555556,0.23570226,0.166666667,0.383482494,0.0,0.0,0.111111111,0.323380833
22_16_01.bmp,3.2777777777777777,0.055555556,0.23570226,0.5,0.514495755,0.277777778,0.460888599,0.055555556,0.23570226,0.055555556,0.23570226,0.111111111,0.323380833,0.0,0.0
0144.jpg,2.888888888888889,0.111111111,0.323380833,0.222222222,0.427792632,0.777777778,0.427792632,0.111111111,0.323380833,0.111111111,0.323380833,0.222222222,0.427792632,0.055555556,0.23570226
13_23_01.bmp,3.333333333333333,0.055555556,0.23570226,0.055555556,0.23570226,0.0,0.0,0.777777778,0.427792632,0.166666667,0.383482494,0.055555556,0.23570226,0.166666667,0.383482494
05_04_05.bmp,2.333333333333333,0.333333333,0.48507125,0.444444444,0.511309993,0.166666667,0.383482494,0.0,0.0,0.0,0.0,0.333333333,0.48507125,0.055555556,0.23570226
36_10_03.bmp,2.7777777777777777,0.833333333,0.383482494,0.444444444,0.511309993,0.111111111,0.323380833,0.0,0.0,0.0,0.0,0.0,0.0,0.055555556,0.23570226
19_01_05.bmp,1.4444444444444444,0.0,0.0,0.888888889,0.323380833,0.0,0.0,0.055555556,0.23570226,0.055555556,0.23570226,0.055555556,0.23570226,0.0,0.0
32_18_04.bmp,2.555555555555556,0.055555556,0.23570226,0.722222222,0.460888599,0.055555556,0.23570226,0.055555556,0.23570226,0.388888889,0.501631326,0.055555556,0.23570226,0.0,0.0
30_09_03.bmp,2.555555555555556,0.722222222,0.460888599,0.166666667,0.383482494,0.0,0.0,0.0,0.0,0.222222222,0.427792632,0.0,0.0,0.055555556,0.23570226
18_22_05.bmp,1.5,0.222222222,0.427792632,0.777777778,0.427792632,0.055555556,0.23570226,0.111111111,0.323380833,0.0,0.0,0.0,0.0,0.0,0.0
37_15_05.bmp,2.4444444444444446,0.166666667,0.383482494,0.444444444,0.511309993,0.0,0.0,0.722222222,0.460888599,0.166666667,0.383482494,0.055555556,0.23570226,0.055555556,0.23570226
28_02_01.bmp,3.2222222222222223,0.0,0.0,0.666666667,0.48507125,0.111111111,0.323380833,0.055555556,0.23570226,0.166666667,0.383482494,0.055555556,0.23570226,0.0,0.0
32_23_01.bmp,2.611111111111111,0.166666667,0.383482494,0.277777778,0.460888599,0.0,0.0,0.555555556,0.511309993,0.333333333,0.48507125,0.055555556,0.23570226,0.055555556,0.23570226
14_08_05.bmp,1.6111111111111112,0.222222222,0.427792632,0.888888889,0.323380833,0.0,0.0,0.055555556,0.23570226,0.0,0.0,0.111111111,0.323380833,0.111111111,0.323380833
10_02_01.bmp,3.0,0.055555556,0.23570226,0.5,0.514495755,0.0,0.0,0.111111111,0.323380833,0.444444444,0.511309993,0.222222222,0.427792632,0.055555556,0.23570226
03_25_03.bmp,2.6666666666666665,0.111111111,0.323380833,0.055555556,0.23570226,0.0,0.0,0.0,0.0,0.055555556,0.23570226,0.0,0.0,0.888888889,0.323380833
14_01_05.bmp,1.3333333333333333,0.055555556,0.23570226,0.944444444,0.23570226,0.055555556,0.23570226,0.0,0.0,0.055555556,0.23570226,0.055555556,0.23570226,0.0,0.0
23_21_05.bmp,1.5555555555555556,0.111111111,0.323380833,0.277777778,0.460888599,0.055555556,0.23570226,0.888888889,0.323380833,0.166666667,0.383482494,0.0,0.0,0.0,0.0
1008.jpg,3.0,0.111111111,0.323380833,0.333333333,0.48507125,0.055555556,0.23570226,0.611111111,0.501631326,0.277777778,0.460888599,0.055555556,0.23570226,0.055555556,0.23570226
21_16_01.bmp,3.388888888888889,0.111111111,0.323380833,0.388888889,0.501631326,0.111111111,0.323380833,0.111111111,0.323380833,0.0,0.0,0.055555556,0.23570226,0.0,0.0
30_11_05.bmp,2.388888888888889,0.777777778,0.427792632,0.111111111,0.323380833,0.0,0.0,0.055555556,0.23570226,0.388888889,0.501631326,0.055555556,0.23570226,0.0,0.0
0477.jpg,3.1666666666666665,0.111111111,0.323380833,0.5,0.514495755,0.0,0.0,0.166666667,0.383482494,0.666666667,0.48507125,0.0,0.0,0.055555556,0.23570226
26_11_03.bmp,2.888888888888889,0.777777778,0.427792632,0.111111111,0.323380833,0.111111111,0.323380833,0.0,0.0,0.111111111,0.323380833,0.055555556,0.23570226,0.055555556,0.23570226
04_18_05.bmp,1.5555555555555556,0.222222222,0.427792632,0.888888889,0.323380833,0.111111111,0.323380833,0.0,0.0,0.166666667,0.383482494,0.111111111,0.323380833,0.055555556,0.23570226
29_04_04.bmp,2.2222222222222223,0.333333333,0.48507125,0.277777778,0.460888599,0.277777778,0.460888599,0.055555556,0.23570226,0.055555556,0.23570226,0.277777778,0.460888599,0.055555556,0.23570226
13_13_05.bmp,2.555555555555556,0.055555556,0.23570226,0.166666667,0.383482494,0.888888889,0.323380833,0.0,0.0,0.055555556,0.23570226,0.0,0.0,0.055555556,0.23570226
08_01_04.bmp,2.888888888888889,0.055555556,0.23570226,0.888888889,0.323380833,0.0,0.0,0.0,0.0,0.166666667,0.383482494,0.0,0.0,0.0,0.0
0685.jpg,3.2222222222222223,0.055555556,0.23570226,0.277777778,0.460888599,0.0,0.0,0.111111111,0.323380833,0.277777778,0.460888599,0.166666667,0.383482494,0.055555556,0.23570226
14_05_05.bmp,1.9444444444444444,0.111111111,0.323380833,0.888888889,0.323380833,0.111111111,0.323380833,0.0,0.0,0.0,0.0,0.055555556,0.23570226,0.111111111,0.323380833
0345.jpg,2.7222222222222223,0.111111111,0.323380833,0.944444444,0.23570226,0.055555556,0.23570226,0.055555556,0.23570226,0.0,0.0,0.0,0.0,0.0,0.0
0930.jpg,3.2777777777777777,0.111111111,0.323380833,0.333333333,0.48507125,0.0,0.0,0.611111111,0.501631326,0.222222222,0.427792632,0.055555556,0.23570226,0.055555556,0.23570226
06_18_03.bmp,2.2777777777777777,0.222222222,0.427792632,0.777777778,0.427792632,0.055555556,0.23570226,0.0,0.0,0.055555556,0.23570226,0.166666667,0.383482494,0.0,0.0
0212.jpg,2.4444444444444446,0.111111111,0.323380833,0.5,0.514495755,0.055555556,0.23570226,0.833333333,0.383482494,0.055555556,0.23570226,0.055555556,0.23570226,0.0,0.0
02_04_04.bmp,2.7777777777777777,0.222222222,0.427792632,0.222222222,0.427792632,0.166666667,0.383482494,0.055555556,0.23570226,0.5,0.514495755,0.111111111,0.323380833,0.055555556,0.23570226
0550.jpg,3.1666666666666665,0.111111111,0.323380833,0.333333333,0.48507125,0.055555556,0.23570226,0.111111111,0.323380833,0.722222222,0.460888599,0.0,0.0,0.055555556,0.23570226
17_05_05.bmp,1.8333333333333333,0.333333333,0.48507125,0.722222222,0.460888599,0.055555556,0.23570226,0.0,0.0,0.222222222,0.427792632,0.111111111,0.323380833,0.0,0.0
0985.jpg,3.388888888888889,0.055555556,0.23570226,0.222222222,0.427792632,0.0,0.0,0.611111111,0.501631326,0.055555556,0.23570226,0.0,0.0,0.0,0.0
05_24_05.bmp,1.2777777777777777,0.055555556,0.23570226,0.944444444,0.23570226,0.055555556,0.23570226,0.0,0.0,0.111111111,0.323380833,0.055555556,0.23570226,0.055555556,0.23570226
07_09_05.bmp,1.9444444444444444,0.833333333,0.383482494,0.222222222,0.427792632,0.111111111,0.323380833,0.0,0.0,0.166666667,0.383482494,0.0,0.0,0.0,0.0
18_01_03.bmp,2.6666666666666665,0.166666667,0.383482494,0.777777778,0.427792632,0.055555556,0.23570226,0.055555556,0.23570226,0.0,0.0,0.055555556,0.23570226,0.055555556,0.23570226
15_08_05.bmp,1.6666666666666667,0.388888889,0.501631326,0.722222222,0.460888599,0.0,0.0,0.055555556,0.23570226,0.222222222,0.427792632,0.111111111,0.323380833,0.055555556,0.23570226
0946.jpg,2.833333333333333,0.111111111,0.323380833,0.5,0.514495755,0.055555556,0.23570226,0.666666667,0.48507125,0.166666667,0.383482494,0.0,0.0,0.055555556,0.23570226
12_11_01.bmp,3.4444444444444446,0.333333333,0.48507125,0.222222222,0.427792632,0.111111111,0.323380833,0.0,0.0,0.111111111,0.323380833,0.0,0.0,0.0,0.0
0996.jpg,2.7777777777777777,0.055555556,0.23570226,0.333333333,0.48507125,0.0,0.0,0.611111111,0.501631326,0.388888889,0.501631326,0.055555556,0.23570226,0.0,0.0
03_14_05.bmp,1.7777777777777777,0.055555556,0.23570226,0.111111111,0.323380833,0.055555556,0.23570226,0.888888889,0.323380833,0.222222222,0.427792632,0.055555556,0.23570226,0.0,0.0
0734.jpg,3.1666666666666665,0.111111111,0.323380833,0.277777778,0.460888599,0.0,0.0,0.111111111,0.323380833,0.222222222,0.427792632,0.222222222,0.427792632,0.055555556,0.23570226
03_07_04.bmp,2.0,0.388888889,0.501631326,0.777777778,0.427792632,0.055555556,0.23570226,0.0,0.0,0.277777778,0.460888599,0.0,0.0,0.111111111,0.323380833
01424.jpg,4.111111111111111,0.111111111,0.323380833,0.388888889,0.501631326,0.166666667,0.383482494,0.0,0.0,0.0,0.0,0.0,0.0,0.055555556,0.23570226
19_23_01.bmp,3.111111111111111,0.055555556,0.23570226,0.055555556,0.23570226,0.055555556,0.23570226,0.555555556,0.511309993,0.055555556,0.23570226,0.055555556,0.23570226,0.166666667,0.383482494
0064.jpg,3.1666666666666665,0.0,0.0,0.388888889,0.501631326,0.888888889,0.323380833,0.055555556,0.23570226,0.055555556,0.23570226,0.0,0.0,0.055555556,0.23570226
0288.jpg,1.8333333333333333,0.166666667,0.383482494,0.388888889,0.501631326,0.0,0.0,0.777777778,0.427792632,0.055555556,0.23570226,0.0,0.0,0.055555556,0.23570226
04_14_02.bmp,2.9444444444444446,0.166666667,0.383482494,0.666666667,0.48507125,0.111111111,0.323380833,0.055555556,0.23570226,0.166666667,0.383482494,0.0,0.0,0.0,0.0
0343.jpg,3.1666666666666665,0.111111111,0.323380833,0.555555556,0.511309993,0.0,0.0,0.055555556,0.23570226,0.0,0.0,0.055555556,0.23570226,0.0,0.0
09_09_05.bmp,2.055555555555556,0.722222222,0.460888599,0.444444444,0.511309993,0.111111111,0.323380833,0.0,0.0,0.166666667,0.383482494,0.055555556,0.23570226,0.0,0.0
04_06_02.bmp,2.888888888888889,0.222222222,0.427792632,0.555555556,0.511309993,0.166666667,0.383482494,0.055555556,0.23570226,0.111111111,0.323380833,0.277777778,0.460888599,0.055555556,0.23570226
1037.jpg,3.4444444444444446,0.0,0.0,0.388888889,0.501631326,0.055555556,0.23570226,0.388888889,0.501631326,0.166666667,0.383482494,0.055555556,0.23570226,0.0,0.0
10_03_04.bmp,1.9444444444444444,0.111111111,0.323380833,0.944444444,0.23570226,0.055555556,0.23570226,0.0,0.0,0.333333333,0.48507125,0.222222222,0.427792632,0.055555556,0.23570226
27_01_01.bmp,3.111111111111111,0.0,0.0,0.388888889,0.501631326,0.055555556,0.23570226,0.055555556,0.23570226,0.611111111,0.501631326,0.0,0.0,0.0,0.0
0304.jpg,2.333333333333333,0.055555556,0.23570226,0.944444444,0.23570226,0.0,0.0,0.222222222,0.427792632,0.166666667,0.383482494,0.055555556,0.23570226,0.0,0.0
19_16_04.bmp,2.2222222222222223,0.277777778,0.460888599,0.722222222,0.460888599,0.055555556,0.23570226,0.0,0.0,0.055555556,0.23570226,0.055555556,0.23570226,0.0,0.0
21_19_05.bmp,1.9444444444444444,0.111111111,0.323380833,0.166666667,0.383482494,0.722222222,0.460888599,0.055555556,0.23570226,0.0,0.0,0.055555556,0.23570226,0.0,0.0
02_15_05.bmp,2.7222222222222223,0.111111111,0.323380833,0.444444444,0.511309993,0.111111111,0.323380833,0.388888889,0.501631326,0.388888889,0.501631326,0.055555556,0.23570226,0.0,0.0
32_17_05.bmp,2.111111111111111,0.0,0.0,0.611111111,0.501631326,0.111111111,0.323380833,0.0,0.0,0.5,0.514495755,0.166666667,0.383482494,0.166666667,0.383482494
25_06_04.bmp,2.0,0.277777778,0.460888599,0.5,0.514495755,0.277777778,0.460888599,0.0,0.0,0.166666667,0.383482494,0.055555556,0.23570226,0.055555556,0.23570226
18_24_05.bmp,1.2777777777777777,0.111111111,0.323380833,0.944444444,0.23570226,0.055555556,0.23570226,0.0,0.0,0.055555556,0.23570226,0.0,0.0,0.055555556,0.23570226
30_18_02.bmp,3.055555555555556,0.055555556,0.23570226,0.666666667,0.48507125,0.0,0.0,0.0,0.0,0.333333333,0.48507125,0.111111111,0.323380833,0.0,0.0
23_09_03.bmp,2.555555555555556,0.777777778,0.427792632,0.222222222,0.427792632,0.055555556,0.23570226,0.055555556,0.23570226,0.166666667,0.383482494,0.111111111,0.323380833,0.055555556,0.23570226
27_15_01.bmp,2.9444444444444446,0.166666667,0.383482494,0.222222222,0.427792632,0.611111111,0.501631326,0.0,0.0,0.388888889,0.501631326,0.0,0.0,0.055555556,0.23570226
14_22_03.bmp,2.2777777777777777,0.166666667,0.383482494,0.888888889,0.323380833,0.111111111,0.323380833,0.0,0.0,0.0,0.0,0.055555556,0.23570226,0.0,0.0
01_14_05.bmp,2.5,0.166666667,0.383482494,0.5,0.514495755,0.222222222,0.427792632,0.111111111,0.323380833,0.055555556,0.23570226,0.111111111,0.323380833,0.0,0.0
0228.jpg,1.7777777777777777,0.166666667,0.383482494,0.333333333,0.48507125,0.0,0.0,0.888888889,0.323380833,0.055555556,0.23570226,0.055555556,0.23570226,0.0,0.0
06_10_05.bmp,2.2222222222222223,0.777777778,0.427792632,0.166666667,0.383482494,0.055555556,0.23570226,0.0,0.0,0.111111111,0.323380833,0.055555556,0.23570226,0.055555556,0.23570226
34_05_03.bmp,2.888888888888889,0.222222222,0.427792632,0.611111111,0.501631326,0.111111111,0.323380833,0.055555556,0.23570226,0.0,0.0,0.0,0.0,0.055555556,0.23570226
0290.jpg,2.7222222222222223,0.166666667,0.383482494,0.222222222,0.427792632,0.0,0.0,0.777777778,0.427792632,0.055555556,0.23570226,0.055555556,0.23570226,0.055555556,0.23570226
37_11_05.bmp,2.2222222222222223,0.833333333,0.383482494,0.388888889,0.501631326,0.055555556,0.23570226,0.055555556,0.23570226,0.055555556,0.23570226,0.055555556,0.23570226,0.0,0.0
01429.jpg,3.6666666666666665,0.055555556,0.23570226,0.555555556,0.511309993,0.055555556,0.23570226,0.0,0.0,0.0,0.0,0.055555556,0.23570226,0.055555556,0.23570226
29_06_05.bmp,1.4444444444444444,0.333333333,0.48507125,0.166666667,0.383482494,0.333333333,0.48507125,0.055555556,0.23570226,0.111111111,0.323380833,0.111111111,0.323380833,0.0,0.0
0601.jpg,2.9444444444444446,0.055555556,0.23570226,0.333333333,0.48507125,0.055555556,0.23570226,0.111111111,0.323380833,0.388888889,0.501631326,0.277777778,0.460888599,0.111111111,0.323380833
1102.jpg,2.388888888888889,0.0,0.0,0.555555556,0.511309993,0.055555556,0.23570226,0.555555556,0.511309993,0.0,0.0,0.0,0.0,0.0,0.0
15_19_03.bmp,2.833333333333333,0.166666667,0.383482494,0.166666667,0.383482494,0.444444444,0.511309993,0.0,0.0,0.222222222,0.427792632,0.0,0.0,0.055555556,0.23570226
0004.jpg,2.888888888888889,0.055555556,0.23570226,0.277777778,0.460888599,0.833333333,0.383482494,0.055555556,0.23570226,0.222222222,0.427792632,0.055555556,0.23570226,0.0,0.0
33_20_04.bmp,2.0,0.444444444,0.511309993,0.555555556,0.511309993,0.166666667,0.383482494,0.166666667,0.383482494,0.388888889,0.501631326,0.0,0.0,0.0,0.0
10_16_01.bmp,2.9444444444444446,0.0,0.0,0.333333333,0.48507125,0.388888889,0.501631326,0.055555556,0.23570226,0.333333333,0.48507125,0.166666667,0.383482494,0.0,0.0
08_15_03.bmp,3.5,0.166666667,0.383482494,0.166666667,0.383482494,0.055555556,0.23570226,0.333333333,0.48507125,0.055555556,0.23570226,0.055555556,0.23570226,0.0,0.0
27_21_02.bmp,2.2222222222222223,0.222222222,0.427792632,0.166666667,0.383482494,0.388888889,0.501631326,0.222222222,0.427792632,0.277777778,0.460888599,0.111111111,0.323380833,0.0,0.0
21_04_04.bmp,2.5,0.277777778,0.460888599,0.444444444,0.511309993,0.166666667,0.383482494,0.0,0.0,0.111111111,0.323380833,0.055555556,0.23570226,0.0,0.0
13_20_04.bmp,2.1666666666666665,0.666666667,0.48507125,0.111111111,0.323380833,0.111111111,0.323380833,0.166666667,0.383482494,0.111111111,0.323380833,0.0,0.0,0.055555556,0.23570226
1002.jpg,3.1666666666666665,0.055555556,0.23570226,0.444444444,0.511309993,0.055555556,0.23570226,0.611111111,0.501631326,0.111111111,0.323380833,0.055555556,0.23570226,0.055555556,0.23570226
18_21_02.bmp,2.5,0.0,0.0,0.222222222,0.427792632,0.777777778,0.427792632,0.0,0.0,0.0,0.0,0.055555556,0.23570226,0.055555556,0.23570226
36_14_04.bmp,2.611111111111111,0.166666667,0.383482494,0.5,0.514495755,0.222222222,0.427792632,0.277777778,0.460888599,0.0,0.0,0.055555556,0.23570226,0.055555556,0.23570226
08_24_02.bmp,3.2222222222222223,0.111111111,0.323380833,0.5,0.514495755,0.0,0.0,0.055555556,0.23570226,0.0,0.0,0.0,0.0,0.055555556,0.23570226
0897.jpg,3.555555555555556,0.166666667,0.383482494,0.444444444,0.511309993,0.0,0.0,0.0,0.0,0.166666667,0.383482494,0.055555556,0.23570226,0.0,0.0
12_07_04.bmp,1.6666666666666667,0.055555556,0.23570226,0.944444444,0.23570226,0.111111111,0.323380833,0.055555556,0.23570226,0.0,0.0,0.055555556,0.23570226,0.0,0.0
03_21_05.bmp,1.5555555555555556,0.277777778,0.460888599,0.111111111,0.323380833,0.333333333,0.48507125,0.722222222,0.460888599,0.111111111,0.323380833,0.0,0.0,0.0,0.0
01274.jpg,2.833333333333333,0.0,0.0,0.555555556,0.511309993,0.0,0.0,0.055555556,0.23570226,0.666666667,0.48507125,0.222222222,0.427792632,0.055555556,0.23570226
12_08_05.bmp,1.8888888888888888,0.444444444,0.511309993,0.666666667,0.48507125,0.111111111,0.323380833,0.055555556,0.23570226,0.0,0.0,0.0,0.0,0.055555556,0.23570226
01279.jpg,3.0,0.0,0.0,0.611111111,0.501631326,0.0,0.0,0.055555556,0.23570226,0.388888889,0.501631326,0.444444444,0.511309993,0.222222222,0.427792632
34_12_05.bmp,1.9444444444444444,0.777777778,0.427792632,0.388888889,0.501631326,0.111111111,0.323380833,0.055555556,0.23570226,0.055555556,0.23570226,0.055555556,0.23570226,0.055555556,0.23570226
12_22_03.bmp,2.4444444444444446,0.166666667,0.383482494,0.777777778,0.427792632,0.166666667,0.383482494,0.0,0.0,0.111111111,0.323380833,0.111111111,0.323380833,0.0,0.0
31_03_01.bmp,3.611111111111111,0.055555556,0.23570226,0.166666667,0.383482494,0.055555556,0.23570226,0.055555556,0.23570226,0.222222222,0.427792632,0.055555556,0.23570226,0.055555556,0.23570226
27_12_01.bmp,3.388888888888889,0.222222222,0.427792632,0.388888889,0.501631326,0.111111111,0.323380833,0.055555556,0.23570226,0.444444444,0.511309993,0.111111111,0.323380833,0.0,0.0
34_16_02.bmp,2.7222222222222223,0.166666667,0.383482494,0.444444444,0.511309993,0.0,0.0,0.444444444,0.511309993,0.055555556,0.23570226,0.0,0.0,0.055555556,0.23570226
0867.jpg,3.611111111111111,0.166666667,0.383482494,0.444444444,0.511309993,0.0,0.0,0.055555556,0.23570226,0.166666667,0.383482494,0.0,0.0,0.055555556,0.23570226
0740.jpg,3.055555555555556,0.055555556,0.23570226,0.333333333,0.48507125,0.055555556,0.23570226,0.111111111,0.323380833,0.5,0.514495755,0.333333333,0.48507125,0.055555556,0.23570226
34_02_02.bmp,2.6666666666666665,0.0,0.0,0.777777778,0.427792632,0.166666667,0.383482494,0.0,0.0,0.055555556,0.23570226,0.055555556,0.23570226,0.055555556,0.23570226
37_06_03.bmp,2.4444444444444446,0.5,0.514495755,0.444444444,0.511309993,0.222222222,0.427792632,0.111111111,0.323380833,0.055555556,0.23570226,0.222222222,0.427792632,0.0,0.0
26_06_05.bmp,2.5,0.333333333,0.48507125,0.055555556,0.23570226,0.333333333,0.48507125,0.055555556,0.23570226,0.055555556,0.23570226,0.222222222,0.427792632,0.111111111,0.323380833
34_24_04.bmp,1.5,0.0,0.0,1.0,0.0,0.166666667,0.383482494,0.055555556,0.23570226,0.0,0.0,0.0,0.0,0.0,0.0
0640.jpg,3.333333333333333,0.055555556,0.23570226,0.444444444,0.511309993,0.055555556,0.23570226,0.111111111,0.323380833,0.111111111,0.323380833,0.055555556,0.23570226,0.055555556,0.23570226
13_20_03.bmp,2.4444444444444446,0.5,0.514495755,0.111111111,0.323380833,0.166666667,0.383482494,0.222222222,0.427792632,0.111111111,0.323380833,0.0,0.0,0.055555556,0.23570226
0270.jpg,1.8333333333333333,0.166666667,0.383482494,0.388888889,0.501631326,0.0,0.0,0.833333333,0.383482494,0.055555556,0.23570226,0.055555556,0.23570226,0.0,0.0
10_15_04.bmp,2.6666666666666665,0.111111111,0.323380833,0.388888889,0.501631326,0.111111111,0.323380833,0.444444444,0.511309993,0.333333333,0.48507125,0.222222222,0.427792632,0.055555556,0.23570226
24_07_01.bmp,3.2777777777777777,0.055555556,0.23570226,0.611111111,0.501631326,0.111111111,0.323380833,0.0,0.0,0.055555556,0.23570226,0.0,0.0,0.0,0.0
29_02_02.bmp,2.888888888888889,0.111111111,0.323380833,0.666666667,0.48507125,0.0,0.0,0.055555556,0.23570226,0.055555556,0.23570226,0.111111111,0.323380833,0.055555556,0.23570226
21_09_02.bmp,2.833333333333333,0.722222222,0.460888599,0.277777778,0.460888599,0.0,0.0,0.055555556,0.23570226,0.055555556,0.23570226,0.055555556,0.23570226,0.0,0.0
34_15_01.bmp,1.9444444444444444,0.111111111,0.323380833,0.333333333,0.48507125,0.833333333,0.383482494,0.055555556,0.23570226,0.0,0.0,0.0,0.0,0.055555556,0.23570226
04_11_03.bmp,2.4444444444444446,0.722222222,0.460888599,0.388888889,0.501631326,0.111111111,0.323380833,0.0,0.0,0.222222222,0.427792632,0.111111111,0.323380833,0.055555556,0.23570226
13_21_03.bmp,3.5,0.055555556,0.23570226,0.166666667,0.383482494,0.5,0.514495755,0.055555556,0.23570226,0.055555556,0.23570226,0.111111111,0.323380833,0.055555556,0.23570226
04_03_03.bmp,2.055555555555556,0.0,0.0,0.888888889,0.323380833,0.055555556,0.23570226,0.0,0.0,0.166666667,0.383482494,0.055555556,0.23570226,0.055555556,0.23570226
33_07_01.bmp,3.055555555555556,0.055555556,0.23570226,0.666666667,0.48507125,0.0,0.0,0.0,0.0,0.388888889,0.501631326,0.0,0.0,0.0,0.0
06_13_02.bmp,3.888888888888889,0.111111111,0.323380833,0.222222222,0.427792632,0.277777778,0.460888599,0.0,0.0,0.0,0.0,0.0,0.0,0.111111111,0.323380833
23_10_03.bmp,2.7222222222222223,0.722222222,0.460888599,0.277777778,0.460888599,0.055555556,0.23570226,0.0,0.0,0.222222222,0.427792632,0.055555556,0.23570226,0.0,0.0
33_01_05.bmp,1.7777777777777777,0.0,0.0,0.944444444,0.23570226,0.055555556,0.23570226,0.0,0.0,0.388888889,0.501631326,0.0,0.0,0.055555556,0.23570226
33_09_04.bmp,2.5,0.722222222,0.460888599,0.277777778,0.460888599,0.0,0.0,0.055555556,0.23570226,0.333333333,0.48507125,0.0,0.0,0.0,0.0
10_25_05.bmp,2.055555555555556,0.0,0.0,0.277777778,0.460888599,0.055555556,0.23570226,0.0,0.0,0.222222222,0.427792632,0.111111111,0.323380833,0.833333333,0.383482494
01_07_01.bmp,3.111111111111111,0.166666667,0.383482494,0.666666667,0.48507125,0.166666667,0.383482494,0.055555556,0.23570226,0.0,0.0,0.0,0.0,0.055555556,0.23570226
01_21_01.bmp,2.7222222222222223,0.055555556,0.23570226,0.666666667,0.48507125,0.277777778,0.460888599,0.055555556,0.23570226,0.055555556,0.23570226,0.0,0.0,0.055555556,0.23570226
06_03_05.bmp,1.6666666666666667,0.0,0.0,0.944444444,0.23570226,0.055555556,0.23570226,0.0,0.0,0.0,0.0,0.055555556,0.23570226,0.0,0.0
23_20_02.bmp,2.388888888888889,0.333333333,0.48507125,0.277777778,0.460888599,0.333333333,0.48507125,0.222222222,0.427792632,0.222222222,0.427792632,0.0,0.0,0.0,0.0
02_19_02.bmp,2.611111111111111,0.111111111,0.323380833,0.333333333,0.48507125,0.222222222,0.427792632,0.055555556,0.23570226,0.444444444,0.511309993,0.055555556,0.23570226,0.055555556,0.23570226
0236.jpg,1.8333333333333333,0.388888889,0.501631326,0.444444444,0.511309993,0.0,0.0,0.888888889,0.323380833,0.111111111,0.323380833,0.0,0.0,0.0,0.0
07_15_05.bmp,3.5,0.277777778,0.460888599,0.222222222,0.427792632,0.111111111,0.323380833,0.277777778,0.460888599,0.111111111,0.323380833,0.055555556,0.23570226,0.055555556,0.23570226
0172.jpg,2.833333333333333,0.111111111,0.323380833,0.277777778,0.460888599,0.777777778,0.427792632,0.0,0.0,0.222222222,0.427792632,0.0,0.0,0.0,0.0
22_04_01.bmp,3.555555555555556,0.111111111,0.323380833,0.388888889,0.501631326,0.055555556,0.23570226,0.0,0.0,0.111111111,0.323380833,0.166666667,0.383482494,0.055555556,0.23570226
19_09_04.bmp,2.4444444444444446,0.666666667,0.48507125,0.333333333,0.48507125,0.055555556,0.23570226,0.055555556,0.23570226,0.111111111,0.323380833,0.055555556,0.23570226,0.0,0.0
01187.jpg,3.2777777777777777,0.222222222,0.427792632,0.166666667,0.383482494,0.0,0.0,0.055555556,0.23570226,0.055555556,0.23570226,0.5,0.514495755,0.555555556,0.511309993
16_05_03.bmp,2.7222222222222223,0.222222222,0.427792632,0.555555556,0.511309993,0.111111111,0.323380833,0.0,0.0,0.388888889,0.501631326,0.444444444,0.511309993,0.0,0.0
14_13_04.bmp,2.555555555555556,0.0,0.0,0.166666667,0.383482494,0.944444444,0.23570226,0.0,0.0,0.055555556,0.23570226,0.055555556,0.23570226,0.055555556,0.23570226
0197.jpg,2.0,0.055555556,0.23570226,0.222222222,0.427792632,0.055555556,0.23570226,0.833333333,0.383482494,0.055555556,0.23570226,0.0,0.0,0.0,0.0
16_01_01.bmp,3.2222222222222223,0.055555556,0.23570226,0.055555556,0.23570226,0.0,0.0,0.055555556,0.23570226,0.444444444,0.511309993,0.666666667,0.48507125,0.055555556,0.23570226
21_22_02.bmp,2.555555555555556,0.222222222,0.427792632,0.777777778,0.427792632,0.055555556,0.23570226,0.0,0.0,0.0,0.0,0.0,0.0,0.055555556,0.23570226
0651.jpg,3.8333333333333335,0.055555556,0.23570226,0.277777778,0.460888599,0.0,0.0,0.111111111,0.323380833,0.055555556,0.23570226,0.0,0.0,0.055555556,0.23570226
0878.jpg,3.7222222222222223,0.055555556,0.23570226,0.444444444,0.511309993,0.055555556,0.23570226,0.0,0.0,0.166666667,0.383482494,0.0,0.0,0.055555556,0.23570226
01_10_04.bmp,2.2777777777777777,0.888888889,0.323380833,0.444444444,0.511309993,0.111111111,0.323380833,0.055555556,0.23570226,0.055555556,0.23570226,0.0,0.0,0.055555556,0.23570226
25_22_02.bmp,2.388888888888889,0.222222222,0.427792632,0.833333333,0.383482494,0.055555556,0.23570226,0.0,0.0,0.166666667,0.383482494,0.0,0.0,0.0,0.0
1079.jpg,3.388888888888889,0.055555556,0.23570226,0.277777778,0.460888599,0.055555556,0.23570226,0.5,0.514495755,0.055555556,0.23570226,0.055555556,0.23570226,0.055555556,0.23570226
0091.jpg,2.6666666666666665,0.0,0.0,0.277777778,0.460888599,0.944444444,0.23570226,0.0,0.0,0.166666667,0.383482494,0.166666667,0.383482494,0.111111111,0.323380833
03_17_03.bmp,2.7777777777777777,0.055555556,0.23570226,0.444444444,0.511309993,0.0,0.0,0.111111111,0.323380833,0.277777778,0.460888599,0.166666667,0.383482494,0.277777778,0.460888599
01453.jpg,3.333333333333333,0.111111111,0.323380833,0.666666667,0.48507125,0.111111111,0.323380833,0.0,0.0,0.0,0.0,0.0,0.0,0.055555556,0.23570226
09_17_03.bmp,2.611111111111111,0.166666667,0.383482494,0.444444444,0.511309993,0.055555556,0.23570226,0.0,0.0,0.222222222,0.427792632,0.111111111,0.323380833,0.222222222,0.427792632
02_07_02.bmp,2.6666666666666665,0.166666667,0.383482494,0.666666667,0.48507125,0.055555556,0.23570226,0.055555556,0.23570226,0.444444444,0.511309993,0.055555556,0.23570226,0.0,0.0
27_21_05.bmp,1.7777777777777777,0.166666667,0.383482494,0.277777778,0.460888599,0.277777778,0.460888599,0.555555556,0.511309993,0.277777778,0.460888599,0.055555556,0.23570226,0.111111111,0.323380833
37_02_01.bmp,3.555555555555556,0.055555556,0.23570226,0.5,0.514495755,0.0,0.0,0.111111111,0.323380833,0.111111111,0.323380833,0.111111111,0.323380833,0.0,0.0
35_21_02.bmp,1.6666666666666667,0.055555556,0.23570226,0.166666667,0.383482494,1.0,0.0,0.055555556,0.23570226,0.0,0.0,0.055555556,0.23570226,0.055555556,0.23570226
17_10_03.bmp,2.7222222222222223,0.777777778,0.427792632,0.222222222,0.427792632,0.111111111,0.323380833,0.0,0.0,0.222222222,0.427792632,0.111111111,0.323380833,0.055555556,0.23570226
03_19_05.bmp,2.833333333333333,0.111111111,0.323380833,0.222222222,0.427792632,0.722222222,0.460888599,0.055555556,0.23570226,0.0,0.0,0.0,0.0,0.0,0.0
32_11_05.bmp,2.1666666666666665,0.611111111,0.501631326,0.388888889,0.501631326,0.055555556,0.23570226,0.055555556,0.23570226,0.388888889,0.501631326,0.111111111,0.323380833,0.0,0.0
03_24_05.bmp,1.5,0.055555556,0.23570226,0.888888889,0.323380833,0.0,0.0,0.055555556,0.23570226,0.111111111,0.323380833,0.0,0.0,0.0,0.0
1021.jpg,3.611111111111111,0.055555556,0.23570226,0.277777778,0.460888599,0.0,0.0,0.277777778,0.460888599,0.166666667,0.383482494,0.0,0.0,0.055555556,0.23570226
15_14_03.bmp,2.7222222222222223,0.111111111,0.323380833,0.277777778,0.460888599,0.055555556,0.23570226,0.388888889,0.501631326,0.277777778,0.460888599,0.0,0.0,0.0,0.0
33_21_01.bmp,2.2777777777777777,0.111111111,0.323380833,0.388888889,0.501631326,0.888888889,0.323380833,0.277777778,0.460888599,0.333333333,0.48507125,0.055555556,0.23570226,0.0,0.0
31_03_02.bmp,3.111111111111111,0.055555556,0.23570226,0.722222222,0.460888599,0.055555556,0.23570226,0.0,0.0,0.222222222,0.427792632,0.0,0.0,0.055555556,0.23570226
14_11_01.bmp,3.333333333333333,0.5,0.514495755,0.333333333,0.48507125,0.055555556,0.23570226,0.055555556,0.23570226,0.055555556,0.23570226,0.055555556,0.23570226,0.055555556,0.23570226
01431.jpg,3.555555555555556,0.0,0.0,0.5,0.514495755,0.166666667,0.383482494,0.0,0.0,0.0,0.0,0.0,0.0,0.055555556,0.23570226
06_21_04.bmp,3.055555555555556,0.277777778,0.460888599,0.333333333,0.48507125,0.111111111,0.323380833,0.5,0.514495755,0.0,0.0,0.055555556,0.23570226,0.0,0.0
0846.jpg,3.4444444444444446,0.111111111,0.323380833,0.444444444,0.511309993,0.0,0.0,0.055555556,0.23570226,0.333333333,0.48507125,0.111111111,0.323380833,0.0,0.0
0710.jpg,3.6666666666666665,0.111111111,0.323380833,0.166666667,0.383482494,0.055555556,0.23570226,0.0,0.0,0.222222222,0.427792632,0.111111111,0.323380833,0.055555556,0.23570226
23_17_02.bmp,3.0,0.055555556,0.23570226,0.555555556,0.511309993,0.055555556,0.23570226,0.0,0.0,0.277777778,0.460888599,0.055555556,0.23570226,0.055555556,0.23570226
35_08_04.bmp,1.8333333333333333,0.111111111,0.323380833,0.888888889,0.323380833,0.055555556,0.23570226,0.0,0.0,0.055555556,0.23570226,0.055555556,0.23570226,0.055555556,0.23570226
03_03_04.bmp,2.611111111111111,0.055555556,0.23570226,0.777777778,0.427792632,0.055555556,0.23570226,0.0,0.0,0.111111111,0.323380833,0.0,0.0,0.0,0.0
01193.jpg,3.611111111111111,0.277777778,0.460888599,0.5,0.514495755,0.055555556,0.23570226,0.111111111,0.323380833,0.388888889,0.501631326,0.055555556,0.23570226,0.0,0.0
26_03_03.bmp,2.888888888888889,0.055555556,0.23570226,0.722222222,0.460888599,0.111111111,0.323380833,0.0,0.0,0.055555556,0.23570226,0.0,0.0,0.0,0.0
0406.jpg,2.2777777777777777,0.055555556,0.23570226,0.833333333,0.383482494,0.055555556,0.23570226,0.055555556,0.23570226,0.0,0.0,0.055555556,0.23570226,0.055555556,0.23570226
01235.jpg,3.4444444444444446,0.388888889,0.501631326,0.444444444,0.511309993,0.0,0.0,0.111111111,0.323380833,0.222222222,0.427792632,0.055555556,0.23570226,0.0,0.0
18_19_05.bmp,1.8888888888888888,0.111111111,0.323380833,0.333333333,0.48507125,0.833333333,0.383482494,0.0,0.0,0.055555556,0.23570226,0.0,0.0,0.055555556,0.23570226
26_22_02.bmp,2.888888888888889,0.166666667,0.383482494,0.666666667,0.48507125,0.166666667,0.383482494,0.0,0.0,0.055555556,0.23570226,0.0,0.0,0.0,0.0
25_18_04.bmp,2.0,0.111111111,0.323380833,0.722222222,0.460888599,0.111111111,0.323380833,0.0,0.0,0.166666667,0.383482494,0.111111111,0.323380833,0.0,0.0
14_25_03.bmp,2.2777777777777777,0.055555556,0.23570226,0.222222222,0.427792632,0.055555556,0.23570226,0.0,0.0,0.055555556,0.23570226,0.0,0.0,0.944444444,0.23570226
0511.jpg,2.388888888888889,0.0,0.0,0.5,0.514495755,0.0,0.0,0.555555556,0.511309993,0.666666667,0.48507125,0.055555556,0.23570226,0.055555556,0.23570226
1045.jpg,2.7222222222222223,0.0,0.0,0.555555556,0.511309993,0.0,0.0,0.555555556,0.511309993,0.055555556,0.23570226,0.0,0.0,0.055555556,0.23570226
15_04_04.bmp,2.5,0.333333333,0.48507125,0.111111111,0.323380833,0.166666667,0.383482494,0.055555556,0.23570226,0.222222222,0.427792632,0.222222222,0.427792632,0.111111111,0.323380833
35_24_02.bmp,2.2777777777777777,0.055555556,0.23570226,0.833333333,0.383482494,0.166666667,0.383482494,0.055555556,0.23570226,0.055555556,0.23570226,0.0,0.0,0.0,0.0
30_15_02.bmp,3.111111111111111,0.055555556,0.23570226,0.277777778,0.460888599,0.444444444,0.511309993,0.0,0.0,0.222222222,0.427792632,0.0,0.0,0.0,0.0
27_25_05.bmp,1.7777777777777777,0.055555556,0.23570226,0.333333333,0.48507125,0.0,0.0,0.0,0.0,0.388888889,0.501631326,0.0,0.0,0.944444444,0.23570226
0674.jpg,3.388888888888889,0.055555556,0.23570226,0.277777778,0.460888599,0.055555556,0.23570226,0.055555556,0.23570226,0.277777778,0.460888599,0.055555556,0.23570226,0.111111111,0.323380833
35_17_02.bmp,2.4444444444444446,0.166666667,0.383482494,0.611111111,0.501631326,0.055555556,0.23570226,0.055555556,0.23570226,0.111111111,0.323380833,0.111111111,0.323380833,0.222222222,0.427792632
20_25_04.bmp,2.0,0.055555556,0.23570226,0.166666667,0.383482494,0.055555556,0.23570226,0.0,0.0,0.111111111,0.323380833,0.0,0.0,0.944444444,0.23570226
01366.jpg,3.2777777777777777,0.0,0.0,0.777777778,0.427792632,0.055555556,0.23570226,0.055555556,0.23570226,0.0,0.0,0.0,0.0,0.111111111,0.323380833
30_06_01.bmp,3.2222222222222223,0.277777778,0.460888599,0.333333333,0.48507125,0.166666667,0.383482494,0.055555556,0.23570226,0.388888889,0.501631326,0.111111111,0.323380833,0.0,0.0
36_24_03.bmp,1.8888888888888888,0.111111111,0.323380833,0.833333333,0.383482494,0.111111111,0.323380833,0.055555556,0.23570226,0.0,0.0,0.0,0.0,0.0,0.0
18_13_04.bmp,2.888888888888889,0.055555556,0.23570226,0.222222222,0.427792632,0.833333333,0.383482494,0.055555556,0.23570226,0.0,0.0,0.0,0.0,0.055555556,0.23570226
25_06_02.bmp,2.888888888888889,0.277777778,0.460888599,0.444444444,0.511309993,0.333333333,0.48507125,0.0,0.0,0.111111111,0.323380833,0.0,0.0,0.055555556,0.23570226
0912.jpg,3.7777777777777777,0.111111111,0.323380833,0.388888889,0.501631326,0.055555556,0.23570226,0.055555556,0.23570226,0.166666667,0.383482494,0.0,0.0,0.0,0.0
01_04_05.bmp,3.0,0.111111111,0.323380833,0.611111111,0.501631326,0.111111111,0.323380833,0.0,0.0,0.0,0.0,0.166666667,0.383482494,0.166666667,0.383482494
0783.jpg,3.388888888888889,0.055555556,0.23570226,0.555555556,0.511309993,0.0,0.0,0.055555556,0.23570226,0.111111111,0.323380833,0.111111111,0.323380833,0.111111111,0.323380833
0376.jpg,2.1666666666666665,0.111111111,0.323380833,0.833333333,0.383482494,0.055555556,0.23570226,0.055555556,0.23570226,0.0,0.0,0.0,0.0,0.0,0.0
33_24_03.bmp,2.833333333333333,0.0,0.0,0.444444444,0.511309993,0.111111111,0.323380833,0.055555556,0.23570226,0.444444444,0.511309993,0.055555556,0.23570226,0.0,0.0
20_18_05.bmp,1.7222222222222223,0.166666667,0.383482494,0.777777778,0.427792632,0.055555556,0.23570226,0.0,0.0,0.055555556,0.23570226,0.055555556,0.23570226,0.111111111,0.323380833
06_04_01.bmp,3.8333333333333335,0.055555556,0.23570226,0.222222222,0.427792632,0.111111111,0.323380833,0.0,0.0,0.0,0.0,0.111111111,0.323380833,0.055555556,0.23570226
32_02_04.bmp,1.5555555555555556,0.0,0.0,0.944444444,0.23570226,0.055555556,0.23570226,0.055555556,0.23570226,0.444444444,0.511309993,0.055555556,0.23570226,0.0,0.0
36_19_01.bmp,3.2777777777777777,0.111111111,0.323380833,0.611111111,0.501631326,0.166666667,0.383482494,0.0,0.0,0.0,0.0,0.0,0.0,0.055555556,0.23570226
29_09_05.bmp,2.333333333333333,0.833333333,0.383482494,0.222222222,0.427792632,0.0,0.0,0.055555556,0.23570226,0.111111111,0.323380833,0.111111111,0.323380833,0.0,0.0
31_20_02.bmp,2.4444444444444446,0.5,0.514495755,0.5,0.514495755,0.222222222,0.427792632,0.166666667,0.383482494,0.166666667,0.383482494,0.0,0.0,0.055555556,0.23570226
08_25_03.bmp,2.333333333333333,0.111111111,0.323380833,0.0,0.0,0.055555556,0.23570226,0.0,0.0,0.055555556,0.23570226,0.0,0.0,0.833333333,0.383482494
35_06_05.bmp,1.3333333333333333,0.444444444,0.511309993,0.555555556,0.511309993,0.166666667,0.383482494,0.055555556,0.23570226,0.055555556,0.23570226,0.166666667,0.383482494,0.055555556,0.23570226
0636.jpg,3.4444444444444446,0.111111111,0.323380833,0.388888889,0.501631326,0.055555556,0.23570226,0.055555556,0.23570226,0.055555556,0.23570226,0.111111111,0.323380833,0.055555556,0.23570226
0817.jpg,3.5,0.111111111,0.323380833,0.444444444,0.511309993,0.0,0.0,0.055555556,0.23570226,0.111111111,0.323380833,0.055555556,0.23570226,0.055555556,0.23570226
13_04_04.bmp,3.055555555555556,0.333333333,0.48507125,0.166666667,0.383482494,0.111111111,0.323380833,0.0,0.0,0.111111111,0.323380833,0.222222222,0.427792632,0.055555556,0.23570226
14_15_03.bmp,3.4444444444444446,0.055555556,0.23570226,0.388888889,0.501631326,0.277777778,0.460888599,0.0,0.0,0.0,0.0,0.055555556,0.23570226,0.111111111,0.323380833
35_23_02.bmp,2.6666666666666665,0.055555556,0.23570226,0.222222222,0.427792632,0.0,0.0,0.722222222,0.460888599,0.055555556,0.23570226,0.0,0.0,0.166666667,0.383482494
10_07_01.bmp,2.888888888888889,0.111111111,0.323380833,0.666666667,0.48507125,0.0,0.0,0.111111111,0.323380833,0.333333333,0.48507125,0.166666667,0.383482494,0.0,0.0
0023.jpg,3.2777777777777777,0.0,0.0,0.333333333,0.48507125,0.666666667,0.48507125,0.0,0.0,0.055555556,0.23570226,0.111111111,0.323380833,0.0,0.0
31_07_05.bmp,1.3888888888888888,0.111111111,0.323380833,0.833333333,0.383482494,0.055555556,0.23570226,0.0,0.0,0.111111111,0.323380833,0.055555556,0.23570226,0.0,0.0
01231.jpg,4.111111111111111,0.166666667,0.383482494,0.222222222,0.427792632,0.0,0.0,0.0,0.0,0.222222222,0.427792632,0.0,0.0,0.111111111,0.323380833
06_08_03.bmp,2.888888888888889,0.5,0.514495755,0.444444444,0.511309993,0.111111111,0.323380833,0.055555556,0.23570226,0.0,0.0,0.111111111,0.323380833,0.055555556,0.23570226
30_17_01.bmp,3.2777777777777777,0.111111111,0.323380833,0.5,0.514495755,0.055555556,0.23570226,0.0,0.0,0.277777778,0.460888599,0.055555556,0.23570226,0.111111111,0.323380833
0178.jpg,3.2222222222222223,0.055555556,0.23570226,0.333333333,0.48507125,0.666666667,0.48507125,0.055555556,0.23570226,0.055555556,0.23570226,0.0,0.0,0.0,0.0
11_24_01.bmp,2.888888888888889,0.055555556,0.23570226,0.722222222,0.460888599,0.055555556,0.23570226,0.055555556,0.23570226,0.222222222,0.427792632,0.055555556,0.23570226,0.055555556,0.23570226
25_20_01.bmp,2.555555555555556,0.333333333,0.48507125,0.444444444,0.511309993,0.333333333,0.48507125,0.111111111,0.323380833,0.111111111,0.323380833,0.111111111,0.323380833,0.055555556,0.23570226
30_01_01.bmp,3.555555555555556,0.222222222,0.427792632,0.166666667,0.383482494,0.0,0.0,0.0,0.0,0.388888889,0.501631326,0.0,0.0,0.055555556,0.23570226
17_07_01.bmp,3.388888888888889,0.055555556,0.23570226,0.555555556,0.511309993,0.111111111,0.323380833,0.055555556,0.23570226,0.166666667,0.383482494,0.111111111,0.323380833,0.0,0.0
0081.jpg,2.2222222222222223,0.055555556,0.23570226,0.722222222,0.460888599,0.777777778,0.427792632,0.055555556,0.23570226,0.166666667,0.383482494,0.0,0.0,0.0,0.0
24_02_04.bmp,1.3888888888888888,0.0,0.0,1.0,0.0,0.055555556,0.23570226,0.0,0.0,0.0,0.0,0.0,0.0,0.0,0.0
01_11_03.bmp,2.055555555555556,0.833333333,0.383482494,0.388888889,0.501631326,0.222222222,0.427792632,0.0,0.0,0.055555556,0.23570226,0.055555556,0.23570226,0.055555556,0.23570226
12_17_01.bmp,3.333333333333333,0.277777778,0.460888599,0.333333333,0.48507125,0.055555556,0.23570226,0.0,0.0,0.166666667,0.383482494,0.0,0.0,0.166666667,0.383482494
0460.jpg,2.6666666666666665,0.055555556,0.23570226,0.388888889,0.501631326,0.055555556,0.23570226,0.0,0.0,0.833333333,0.383482494,0.0,0.0,0.0,0.0
32_24_03.bmp,2.2777777777777777,0.0,0.0,0.777777778,0.427792632,0.055555556,0.23570226,0.111111111,0.323380833,0.388888889,0.501631326,0.111111111,0.323380833,0.0,0.0
0328.jpg,1.8888888888888888,0.055555556,0.23570226,0.888888889,0.323380833,0.055555556,0.23570226,0.111111111,0.323380833,0.0,0.0,0.0,0.0,0.0,0.0
11_10_02.bmp,3.0,0.666666667,0.48507125,0.333333333,0.48507125,0.0,0.0,0.055555556,0.23570226,0.222222222,0.427792632,0.055555556,0.23570226,0.111111111,0.323380833
29_16_04.bmp,2.4444444444444446,0.222222222,0.427792632,0.888888889,0.323380833,0.0,0.0,0.0,0.0,0.055555556,0.23570226,0.055555556,0.23570226,0.0,0.0
34_20_04.bmp,2.388888888888889,0.333333333,0.48507125,0.611111111,0.501631326,0.166666667,0.383482494,0.111111111,0.323380833,0.0,0.0,0.111111111,0.323380833,0.0,0.0
29_23_05.bmp,1.9444444444444444,0.055555556,0.23570226,0.222222222,0.427792632,0.0,0.0,0.722222222,0.460888599,0.111111111,0.323380833,0.166666667,0.383482494,0.055555556,0.23570226
19_10_01.bmp,3.2222222222222223,0.444444444,0.511309993,0.333333333,0.48507125,0.055555556,0.23570226,0.0,0.0,0.166666667,0.383482494,0.055555556,0.23570226,0.055555556,0.23570226
29_16_03.bmp,3.055555555555556,0.111111111,0.323380833,0.611111111,0.501631326,0.0,0.0,0.0,0.0,0.111111111,0.323380833,0.111111111,0.323380833,0.055555556,0.23570226
0220.jpg,1.8333333333333333,0.166666667,0.383482494,0.444444444,0.511309993,0.0,0.0,0.888888889,0.323380833,0.0,0.0,0.0,0.0,0.0,0.0
11_04_05.bmp,1.9444444444444444,0.222222222,0.427792632,0.333333333,0.48507125,0.166666667,0.383482494,0.166666667,0.383482494,0.222222222,0.427792632,0.166666667,0.383482494,0.0,0.0
35_21_01.bmp,1.6666666666666667,0.111111111,0.323380833,0.166666667,0.383482494,0.888888889,0.323380833,0.0,0.0,0.055555556,0.23570226,0.0,0.0,0.055555556,0.23570226
0536.jpg,2.7222222222222223,0.055555556,0.23570226,0.5,0.514495755,0.0,0.0,0.111111111,0.323380833,0.833333333,0.383482494,0.0,0.0,0.055555556,0.23570226
14_01_03.bmp,2.555555555555556,0.055555556,0.23570226,0.833333333,0.383482494,0.111111111,0.323380833,0.055555556,0.23570226,0.0,0.0,0.111111111,0.323380833,0.111111111,0.323380833
21_07_01.bmp,3.2222222222222223,0.222222222,0.427792632,0.611111111,0.501631326,0.0,0.0,0.0,0.0,0.055555556,0.23570226,0.0,0.0,0.0,0.0
18_19_01.bmp,3.0,0.166666667,0.383482494,0.611111111,0.501631326,0.222222222,0.427792632,0.055555556,0.23570226,0.0,0.0,0.055555556,0.23570226,0.055555556,0.23570226
0221.jpg,2.111111111111111,0.111111111,0.323380833,0.333333333,0.48507125,0.055555556,0.23570226,0.888888889,0.323380833,0.055555556,0.23570226,0.0,0.0,0.0,0.0
0409.jpg,2.2777777777777777,0.055555556,0.23570226,0.888888889,0.323380833,0.0,0.0,0.055555556,0.23570226,0.0,0.0,0.055555556,0.23570226,0.055555556,0.23570226
0540.jpg,3.388888888888889,0.055555556,0.23570226,0.333333333,0.48507125,0.111111111,0.323380833,0.111111111,0.323380833,0.666666667,0.48507125,0.0,0.0,0.0,0.0
01419.jpg,4.055555555555555,0.055555556,0.23570226,0.333333333,0.48507125,0.111111111,0.323380833,0.0,0.0,0.0,0.0,0.0,0.0,0.055555556,0.23570226
31_13_02.bmp,3.555555555555556,0.055555556,0.23570226,0.388888889,0.501631326,0.166666667,0.383482494,0.055555556,0.23570226,0.166666667,0.383482494,0.0,0.0,0.055555556,0.23570226
10_19_02.bmp,3.111111111111111,0.111111111,0.323380833,0.388888889,0.501631326,0.277777778,0.460888599,0.055555556,0.23570226,0.388888889,0.501631326,0.166666667,0.383482494,0.0,0.0
33_09_05.bmp,2.388888888888889,0.888888889,0.323380833,0.388888889,0.501631326,0.0,0.0,0.0,0.0,0.333333333,0.48507125,0.0,0.0,0.0,0.0
20_18_03.bmp,2.4444444444444446,0.222222222,0.427792632,0.722222222,0.460888599,0.055555556,0.23570226,0.0,0.0,0.111111111,0.323380833,0.055555556,0.23570226,0.0,0.0
01379.jpg,3.1666666666666665,0.0,0.0,0.611111111,0.501631326,0.055555556,0.23570226,0.0,0.0,0.055555556,0.23570226,0.0,0.0,0.111111111,0.323380833
11_21_02.bmp,2.5,0.166666667,0.383482494,0.277777778,0.460888599,0.555555556,0.511309993,0.111111111,0.323380833,0.277777778,0.460888599,0.111111111,0.323380833,0.0,0.0
03_12_03.bmp,2.9444444444444446,0.666666667,0.48507125,0.166666667,0.383482494,0.055555556,0.23570226,0.055555556,0.23570226,0.166666667,0.383482494,0.055555556,0.23570226,0.055555556,0.23570226
17_20_02.bmp,2.4444444444444446,0.444444444,0.511309993,0.166666667,0.383482494,0.277777778,0.460888599,0.166666667,0.383482494,0.277777778,0.460888599,0.055555556,0.23570226,0.055555556,0.23570226
37_18_01.bmp,3.1666666666666665,0.111111111,0.323380833,0.555555556,0.511309993,0.0,0.0,0.0,0.0,0.111111111,0.323380833,0.166666667,0.383482494,0.0,0.0
27_21_04.bmp,2.0,0.166666667,0.383482494,0.388888889,0.501631326,0.166666667,0.383482494,0.555555556,0.511309993,0.277777778,0.460888599,0.055555556,0.23570226,0.0,0.0
06_10_03.bmp,2.888888888888889,0.722222222,0.460888599,0.166666667,0.383482494,0.111111111,0.323380833,0.0,0.0,0.055555556,0.23570226,0.055555556,0.23570226,0.055555556,0.23570226
15_20_04.bmp,1.9444444444444444,0.388888889,0.501631326,0.166666667,0.383482494,0.277777778,0.460888599,0.388888889,0.501631326,0.166666667,0.383482494,0.0,0.0,0.0,0.0
20_10_04.bmp,2.0,0.777777778,0.427792632,0.222222222,0.427792632,0.055555556,0.23570226,0.0,0.0,0.166666667,0.383482494,0.111111111,0.323380833,0.0,0.0
03_09_03.bmp,2.6666666666666665,0.666666667,0.48507125,0.166666667,0.383482494,0.166666667,0.383482494,0.0,0.0,0.222222222,0.427792632,0.0,0.0,0.055555556,0.23570226
36_01_02.bmp,3.333333333333333,0.111111111,0.323380833,0.611111111,0.501631326,0.111111111,0.323380833,0.0,0.0,0.055555556,0.23570226,0.0,0.0,0.055555556,0.23570226
0051.jpg,3.111111111111111,0.055555556,0.23570226,0.277777778,0.460888599,0.777777778,0.427792632,0.055555556,0.23570226,0.166666667,0.383482494,0.055555556,0.23570226,0.0,0.0
01208.jpg,4.055555555555555,0.388888889,0.501631326,0.333333333,0.48507125,0.055555556,0.23570226,0.222222222,0.427792632,0.055555556,0.23570226,0.0,0.0,0.0,0.0
24_15_03.bmp,3.1666666666666665,0.111111111,0.323380833,0.444444444,0.511309993,0.111111111,0.323380833,0.111111111,0.323380833,0.0,0.0,0.055555556,0.23570226,0.0,0.0
0729.jpg,3.7777777777777777,0.055555556,0.23570226,0.166666667,0.383482494,0.0,0.0,0.055555556,0.23570226,0.166666667,0.383482494,0.055555556,0.23570226,0.055555556,0.23570226
24_02_01.bmp,3.4444444444444446,0.055555556,0.23570226,0.611111111,0.501631326,0.111111111,0.323380833,0.0,0.0,0.0,0.0,0.0,0.0,0.0,0.0
01_18_04.bmp,2.2777777777777777,0.166666667,0.383482494,0.611111111,0.501631326,0.166666667,0.383482494,0.0,0.0,0.111111111,0.323380833,0.055555556,0.23570226,0.0,0.0
01_23_04.bmp,2.2222222222222223,0.055555556,0.23570226,0.666666667,0.48507125,0.111111111,0.323380833,0.722222222,0.460888599,0.0,0.0,0.222222222,0.427792632,0.166666667,0.383482494
25_05_04.bmp,1.7222222222222223,0.444444444,0.511309993,0.555555556,0.511309993,0.111111111,0.323380833,0.0,0.0,0.111111111,0.323380833,0.0,0.0,0.055555556,0.23570226
28_14_03.bmp,2.6666666666666665,0.111111111,0.323380833,0.5,0.514495755,0.111111111,0.323380833,0.388888889,0.501631326,0.222222222,0.427792632,0.055555556,0.23570226,0.0,0.0
04_06_04.bmp,2.111111111111111,0.388888889,0.501631326,0.666666667,0.48507125,0.222222222,0.427792632,0.0,0.0,0.111111111,0.323380833,0.277777778,0.460888599,0.055555556,0.23570226
29_25_05.bmp,2.111111111111111,0.055555556,0.23570226,0.222222222,0.427792632,0.055555556,0.23570226,0.0,0.0,0.055555556,0.23570226,0.111111111,0.323380833,0.833333333,0.383482494
26_16_04.bmp,2.333333333333333,0.166666667,0.383482494,0.777777778,0.427792632,0.055555556,0.23570226,0.222222222,0.427792632,0.055555556,0.23570226,0.0,0.0,0.0,0.0
0016.jpg,3.111111111111111,0.055555556,0.23570226,0.111111111,0.323380833,0.555555556,0.511309993,0.055555556,0.23570226,0.333333333,0.48507125,0.055555556,0.23570226,0.0,0.0
12_04_03.bmp,3.055555555555556,0.277777778,0.460888599,0.277777778,0.460888599,0.166666667,0.383482494,0.111111111,0.323380833,0.0,0.0,0.166666667,0.383482494,0.111111111,0.323380833
0048.jpg,3.2222222222222223,0.055555556,0.23570226,0.277777778,0.460888599,0.833333333,0.383482494,0.0,0.0,0.222222222,0.427792632,0.0,0.0,0.055555556,0.23570226
12_24_01.bmp,3.111111111111111,0.166666667,0.383482494,0.5,0.514495755,0.111111111,0.323380833,0.166666667,0.383482494,0.0,0.0,0.111111111,0.323380833,0.111111111,0.323380833
04_19_03.bmp,2.555555555555556,0.388888889,0.501631326,0.722222222,0.460888599,0.166666667,0.383482494,0.0,0.0,0.166666667,0.383482494,0.0,0.0,0.0,0.0
11_11_01.bmp,3.1666666666666665,0.555555556,0.511309993,0.277777778,0.460888599,0.0,0.0,0.055555556,0.23570226,0.277777778,0.460888599,0.111111111,0.323380833,0.0,0.0
22_25_04.bmp,2.2777777777777777,0.111111111,0.323380833,0.166666667,0.383482494,0.0,0.0,0.055555556,0.23570226,0.0,0.0,0.0,0.0,0.833333333,0.383482494
31_02_04.bmp,1.4444444444444444,0.0,0.0,0.944444444,0.23570226,0.055555556,0.23570226,0.055555556,0.23570226,0.111111111,0.323380833,0.0,0.0,0.0,0.0
0859.jpg,3.5,0.111111111,0.323380833,0.444444444,0.511309993,0.055555556,0.23570226,0.055555556,0.23570226,0.166666667,0.383482494,0.055555556,0.23570226,0.0,0.0
15_04_05.bmp,2.333333333333333,0.277777778,0.460888599,0.111111111,0.323380833,0.277777778,0.460888599,0.055555556,0.23570226,0.222222222,0.427792632,0.166666667,0.383482494,0.0,0.0
0249.jpg,1.7777777777777777,0.277777778,0.460888599,0.388888889,0.501631326,0.0,0.0,0.944444444,0.23570226,0.111111111,0.323380833,0.0,0.0,0.0,0.0
31_10_05.bmp,2.388888888888889,0.777777778,0.427792632,0.333333333,0.48507125,0.0,0.0,0.0,0.0,0.111111111,0.323380833,0.0,0.0,0.111111111,0.323380833
11_19_03.bmp,2.5,0.166666667,0.383482494,0.333333333,0.48507125,0.444444444,0.511309993,0.0,0.0,0.222222222,0.427792632,0.055555556,0.23570226,0.055555556,0.23570226
04_07_01.bmp,2.555555555555556,0.333333333,0.48507125,0.666666667,0.48507125,0.111111111,0.323380833,0.055555556,0.23570226,0.166666667,0.383482494,0.0,0.0,0.0,0.0
37_20_05.bmp,2.0,0.611111111,0.501631326,0.611111111,0.501631326,0.111111111,0.323380833,0.388888889,0.501631326,0.111111111,0.323380833,0.055555556,0.23570226,0.0,0.0
17_04_04.bmp,2.1666666666666665,0.277777778,0.460888599,0.444444444,0.511309993,0.166666667,0.383482494,0.055555556,0.23570226,0.166666667,0.383482494,0.277777778,0.460888599,0.055555556,0.23570226
17_16_03.bmp,2.833333333333333,0.166666667,0.383482494,0.722222222,0.460888599,0.111111111,0.323380833,0.0,0.0,0.166666667,0.383482494,0.055555556,0.23570226,0.055555556,0.23570226
03_02_02.bmp,3.333333333333333,0.055555556,0.23570226,0.611111111,0.501631326,0.111111111,0.323380833,0.0,0.0,0.166666667,0.383482494,0.0,0.0,0.055555556,0.23570226
01296.jpg,2.4444444444444446,0.277777778,0.460888599,0.833333333,0.383482494,0.166666667,0.383482494,0.055555556,0.23570226,0.111111111,0.323380833,0.0,0.0,0.055555556,0.23570226
26_21_04.bmp,3.2222222222222223,0.166666667,0.383482494,0.388888889,0.501631326,0.055555556,0.23570226,0.055555556,0.23570226,0.055555556,0.23570226,0.055555556,0.23570226,0.055555556,0.23570226
35_19_04.bmp,2.555555555555556,0.055555556,0.23570226,0.388888889,0.501631326,0.555555556,0.511309993,0.0,0.0,0.055555556,0.23570226,0.055555556,0.23570226,0.055555556,0.23570226
02_10_01.bmp,3.2222222222222223,0.333333333,0.48507125,0.277777778,0.460888599,0.055555556,0.23570226,0.0,0.0,0.5,0.514495755,0.055555556,0.23570226,0.0,0.0
29_05_02.bmp,3.055555555555556,0.277777778,0.460888599,0.611111111,0.501631326,0.0,0.0,0.0,0.0,0.055555556,0.23570226,0.166666667,0.383482494,0.0,0.0
0314.jpg,2.555555555555556,0.111111111,0.323380833,0.888888889,0.323380833,0.0,0.0,0.111111111,0.323380833,0.222222222,0.427792632,0.0,0.0,0.055555556,0.23570226
0847.jpg,3.4444444444444446,0.111111111,0.323380833,0.444444444,0.511309993,0.0,0.0,0.0,0.0,0.388888889,0.501631326,0.055555556,0.23570226,0.055555556,0.23570226
12_16_05.bmp,1.5,0.222222222,0.427792632,0.944444444,0.23570226,0.055555556,0.23570226,0.0,0.0,0.0,0.0,0.0,0.0,0.055555556,0.23570226
0672.jpg,3.611111111111111,0.055555556,0.23570226,0.166666667,0.383482494,0.055555556,0.23570226,0.111111111,0.323380833,0.277777778,0.460888599,0.111111111,0.323380833,0.055555556,0.23570226
23_12_03.bmp,2.7222222222222223,0.5,0.514495755,0.277777778,0.460888599,0.0,0.0,0.0,0.0,0.277777778,0.460888599,0.111111111,0.323380833,0.0,0.0
12_24_02.bmp,2.833333333333333,0.055555556,0.23570226,0.777777778,0.427792632,0.055555556,0.23570226,0.055555556,0.23570226,0.055555556,0.23570226,0.055555556,0.23570226,0.166666667,0.383482494
31_24_03.bmp,2.2222222222222223,0.055555556,0.23570226,0.777777778,0.427792632,0.0,0.0,0.0,0.0,0.111111111,0.323380833,0.055555556,0.23570226,0.055555556,0.23570226
06_23_03.bmp,3.0,0.055555556,0.23570226,0.0,0.0,0.0,0.0,0.777777778,0.427792632,0.0,0.0,0.055555556,0.23570226,0.166666667,0.383482494
34_14_03.bmp,3.1666666666666665,0.166666667,0.383482494,0.444444444,0.511309993,0.333333333,0.48507125,0.055555556,0.23570226,0.055555556,0.23570226,0.0,0.0,0.055555556,0.23570226
18_10_05.bmp,1.9444444444444444,0.888888889,0.323380833,0.222222222,0.427792632,0.055555556,0.23570226,0.0,0.0,0.055555556,0.23570226,0.0,0.0,0.0,0.0
16_19_03.bmp,2.7222222222222223,0.111111111,0.323380833,0.333333333,0.48507125,0.333333333,0.48507125,0.055555556,0.23570226,0.333333333,0.48507125,0.388888889,0.501631326,0.0,0.0
12_06_02.bmp,2.9444444444444446,0.277777778,0.460888599,0.333333333,0.48507125,0.277777778,0.460888599,0.0,0.0,0.0,0.0,0.166666667,0.383482494,0.055555556,0.23570226
17_17_05.bmp,2.4444444444444446,0.055555556,0.23570226,0.5,0.514495755,0.0,0.0,0.0,0.0,0.333333333,0.48507125,0.222222222,0.427792632,0.166666667,0.383482494
0616.jpg,3.555555555555556,0.111111111,0.323380833,0.333333333,0.48507125,0.0,0.0,0.222222222,0.427792632,0.055555556,0.23570226,0.055555556,0.23570226,0.055555556,0.23570226
03_22_05.bmp,2.1666666666666665,0.388888889,0.501631326,0.777777778,0.427792632,0.055555556,0.23570226,0.0,0.0,0.055555556,0.23570226,0.0,0.0,0.055555556,0.23570226
0753.jpg,3.7777777777777777,0.055555556,0.23570226,0.444444444,0.511309993,0.055555556,0.23570226,0.0,0.0,0.0,0.0,0.055555556,0.23570226,0.055555556,0.23570226
10_10_04.bmp,2.2222222222222223,0.833333333,0.383482494,0.333333333,0.48507125,0.055555556,0.23570226,0.0,0.0,0.277777778,0.460888599,0.111111111,0.323380833,0.0,0.0
11_15_01.bmp,2.055555555555556,0.0,0.0,0.222222222,0.427792632,0.888888889,0.323380833,0.055555556,0.23570226,0.166666667,0.383482494,0.055555556,0.23570226,0.055555556,0.23570226
15_19_04.bmp,2.555555555555556,0.222222222,0.427792632,0.222222222,0.427792632,0.777777778,0.427792632,0.055555556,0.23570226,0.222222222,0.427792632,0.0,0.0,0.0,0.0
01198.jpg,3.611111111111111,0.277777778,0.460888599,0.166666667,0.383482494,0.055555556,0.23570226,0.0,0.0,0.611111111,0.501631326,0.0,0.0,0.0,0.0
34_10_05.bmp,2.055555555555556,0.833333333,0.383482494,0.277777778,0.460888599,0.111111111,0.323380833,0.111111111,0.323380833,0.055555556,0.23570226,0.055555556,0.23570226,0.055555556,0.23570226
23_01_02.bmp,3.111111111111111,0.111111111,0.323380833,0.444444444,0.511309993,0.0,0.0,0.0,0.0,0.333333333,0.48507125,0.0,0.0,0.055555556,0.23570226
21_01_02.bmp,3.6666666666666665,0.055555556,0.23570226,0.444444444,0.511309993,0.055555556,0.23570226,0.0,0.0,0.0,0.0,0.055555556,0.23570226,0.0,0.0
10_07_02.bmp,2.388888888888889,0.222222222,0.427792632,0.722222222,0.460888599,0.055555556,0.23570226,0.0,0.0,0.277777778,0.460888599,0.166666667,0.383482494,0.0,0.0
36_14_01.bmp,3.333333333333333,0.111111111,0.323380833,0.555555556,0.511309993,0.166666667,0.383482494,0.0,0.0,0.055555556,0.23570226,0.0,0.0,0.055555556,0.23570226
0469.jpg,3.055555555555556,0.0,0.0,0.5,0.514495755,0.055555556,0.23570226,0.166666667,0.383482494,0.555555556,0.511309993,0.0,0.0,0.111111111,0.323380833
0300.jpg,2.111111111111111,0.222222222,0.427792632,0.222222222,0.427792632,0.0,0.0,0.833333333,0.383482494,0.111111111,0.323380833,0.055555556,0.23570226,0.055555556,0.23570226
14_05_03.bmp,2.611111111111111,0.111111111,0.323380833,0.777777778,0.427792632,0.111111111,0.323380833,0.0,0.0,0.0,0.0,0.055555556,0.23570226,0.055555556,0.23570226
22_23_01.bmp,2.888888888888889,0.0,0.0,0.166666667,0.383482494,0.055555556,0.23570226,0.722222222,0.460888599,0.0,0.0,0.055555556,0.23570226,0.055555556,0.23570226
35_21_04.bmp,2.555555555555556,0.111111111,0.323380833,0.444444444,0.511309993,0.111111111,0.323380833,0.444444444,0.511309993,0.055555556,0.23570226,0.0,0.0,0.0,0.0
37_18_05.bmp,2.111111111111111,0.166666667,0.383482494,0.888888889,0.323380833,0.0,0.0,0.0,0.0,0.055555556,0.23570226,0.055555556,0.23570226,0.055555556,0.23570226
09_08_02.bmp,3.2222222222222223,0.388888889,0.501631326,0.555555556,0.511309993,0.111111111,0.323380833,0.0,0.0,0.111111111,0.323380833,0.055555556,0.23570226,0.055555556,0.23570226
33_11_03.bmp,2.833333333333333,0.666666667,0.48507125,0.222222222,0.427792632,0.0,0.0,0.055555556,0.23570226,0.444444444,0.511309993,0.055555556,0.23570226,0.0,0.0
0606.jpg,3.4444444444444446,0.111111111,0.323380833,0.388888889,0.501631326,0.0,0.0,0.055555556,0.23570226,0.277777778,0.460888599,0.111111111,0.323380833,0.055555556,0.23570226
08_09_04.bmp,2.7222222222222223,0.722222222,0.460888599,0.166666667,0.383482494,0.0,0.0,0.0,0.0,0.111111111,0.323380833,0.0,0.0,0.0,0.0
04_07_05.bmp,1.3333333333333333,0.333333333,0.48507125,0.833333333,0.383482494,0.111111111,0.323380833,0.0,0.0,0.111111111,0.323380833,0.055555556,0.23570226,0.111111111,0.323380833
14_10_05.bmp,2.111111111111111,0.777777778,0.427792632,0.333333333,0.48507125,0.055555556,0.23570226,0.055555556,0.23570226,0.055555556,0.23570226,0.055555556,0.23570226,0.0,0.0
01324.jpg,3.7777777777777777,0.166666667,0.383482494,0.5,0.514495755,0.0,0.0,0.0,0.0,0.0,0.0,0.055555556,0.23570226,0.277777778,0.460888599
0479.jpg,3.055555555555556,0.0,0.0,0.388888889,0.501631326,0.0,0.0,0.111111111,0.323380833,0.666666667,0.48507125,0.0,0.0,0.055555556,0.23570226
0218.jpg,2.1666666666666665,0.055555556,0.23570226,0.277777778,0.460888599,0.0,0.0,0.833333333,0.383482494,0.055555556,0.23570226,0.0,0.0,0.055555556,0.23570226
10_20_02.bmp,2.2777777777777777,0.555555556,0.511309993,0.277777778,0.460888599,0.333333333,0.48507125,0.055555556,0.23570226,0.333333333,0.48507125,0.166666667,0.383482494,0.0,0.0
02_09_04.bmp,2.4444444444444446,0.888888889,0.323380833,0.388888889,0.501631326,0.055555556,0.23570226,0.0,0.0,0.444444444,0.511309993,0.055555556,0.23570226,0.0,0.0
25_11_01.bmp,3.2222222222222223,0.555555556,0.511309993,0.222222222,0.427792632,0.055555556,0.23570226,0.0,0.0,0.111111111,0.323380833,0.055555556,0.23570226,0.055555556,0.23570226
0669.jpg,3.111111111111111,0.0,0.0,0.388888889,0.501631326,0.055555556,0.23570226,0.111111111,0.323380833,0.555555556,0.511309993,0.166666667,0.383482494,0.055555556,0.23570226
17_18_04.bmp,2.5,0.055555556,0.23570226,0.777777778,0.427792632,0.055555556,0.23570226,0.0,0.0,0.166666667,0.383482494,0.111111111,0.323380833,0.0,0.0
12_19_02.bmp,3.1666666666666665,0.055555556,0.23570226,0.333333333,0.48507125,0.222222222,0.427792632,0.0,0.0,0.055555556,0.23570226,0.055555556,0.23570226,0.055555556,0.23570226
11_08_03.bmp,2.388888888888889,0.277777778,0.460888599,0.555555556,0.511309993,0.055555556,0.23570226,0.055555556,0.23570226,0.222222222,0.427792632,0.111111111,0.323380833,0.055555556,0.23570226
21_20_05.bmp,1.8333333333333333,0.611111111,0.501631326,0.388888889,0.501631326,0.222222222,0.427792632,0.222222222,0.427792632,0.055555556,0.23570226,0.0,0.0,0.0,0.0
08_13_04.bmp,3.4444444444444446,0.111111111,0.323380833,0.0,0.0,0.777777778,0.427792632,0.055555556,0.23570226,0.0,0.0,0.0,0.0,0.0,0.0
20_18_02.bmp,2.5,0.166666667,0.383482494,0.722222222,0.460888599,0.111111111,0.323380833,0.0,0.0,0.111111111,0.323380833,0.055555556,0.23570226,0.055555556,0.23570226
27_11_01.bmp,3.333333333333333,0.5,0.514495755,0.166666667,0.383482494,0.111111111,0.323380833,0.055555556,0.23570226,0.444444444,0.511309993,0.055555556,0.23570226,0.055555556,0.23570226
01251.jpg,3.2777777777777777,0.333333333,0.48507125,0.555555556,0.511309993,0.0,0.0,0.055555556,0.23570226,0.055555556,0.23570226,0.166666667,0.383482494,0.055555556,0.23570226
17_06_03.bmp,2.2222222222222223,0.222222222,0.427792632,0.444444444,0.511309993,0.166666667,0.383482494,0.055555556,0.23570226,0.222222222,0.427792632,0.222222222,0.427792632,0.0,0.0
15_09_05.bmp,2.1666666666666665,0.722222222,0.460888599,0.222222222,0.427792632,0.111111111,0.323380833,0.0,0.0,0.333333333,0.48507125,0.0,0.0,0.0,0.0
31_17_02.bmp,2.4444444444444446,0.055555556,0.23570226,0.5,0.514495755,0.055555556,0.23570226,0.0,0.0,0.333333333,0.48507125,0.166666667,0.383482494,0.222222222,0.427792632
13_23_04.bmp,2.555555555555556,0.055555556,0.23570226,0.166666667,0.383482494,0.055555556,0.23570226,0.777777778,0.427792632,0.055555556,0.23570226,0.0,0.0,0.166666667,0.383482494
25_24_05.bmp,1.3333333333333333,0.166666667,0.383482494,0.888888889,0.323380833,0.055555556,0.23570226,0.0,0.0,0.111111111,0.323380833,0.0,0.0,0.0,0.0
18_07_02.bmp,2.611111111111111,0.111111111,0.323380833,0.833333333,0.383482494,0.111111111,0.323380833,0.0,0.0,0.055555556,0.23570226,0.055555556,0.23570226,0.055555556,0.23570226
13_13_04.bmp,3.0,0.0,0.0,0.111111111,0.323380833,0.833333333,0.383482494,0.055555556,0.23570226,0.055555556,0.23570226,0.0,0.0,0.055555556,0.23570226
18_06_02.bmp,2.6666666666666665,0.277777778,0.460888599,0.5,0.514495755,0.166666667,0.383482494,0.055555556,0.23570226,0.111111111,0.323380833,0.055555556,0.23570226,0.111111111,0.323380833
08_08_03.bmp,3.1666666666666665,0.444444444,0.511309993,0.611111111,0.501631326,0.0,0.0,0.166666667,0.383482494,0.055555556,0.23570226,0.055555556,0.23570226,0.055555556,0.23570226
22_21_02.bmp,2.7222222222222223,0.111111111,0.323380833,0.166666667,0.383482494,0.722222222,0.460888599,0.0,0.0,0.055555556,0.23570226,0.0,0.0,0.0,0.0
01_25_05.bmp,2.0,0.055555556,0.23570226,0.333333333,0.48507125,0.055555556,0.23570226,0.055555556,0.23570226,0.055555556,0.23570226,0.0,0.0,0.888888889,0.323380833
05_10_01.bmp,2.9444444444444446,0.444444444,0.511309993,0.388888889,0.501631326,0.055555556,0.23570226,0.0,0.0,0.0,0.0,0.055555556,0.23570226,0.111111111,0.323380833
0788.jpg,3.4444444444444446,0.166666667,0.383482494,0.444444444,0.511309993,0.055555556,0.23570226,0.0,0.0,0.222222222,0.427792632,0.0,0.0,0.111111111,0.323380833
32_11_02.bmp,2.7222222222222223,0.611111111,0.501631326,0.333333333,0.48507125,0.055555556,0.23570226,0.055555556,0.23570226,0.333333333,0.48507125,0.111111111,0.323380833,0.111111111,0.323380833
0726.jpg,3.2222222222222223,0.055555556,0.23570226,0.277777778,0.460888599,0.055555556,0.23570226,0.0,0.0,0.277777778,0.460888599,0.222222222,0.427792632,0.055555556,0.23570226
11_24_05.bmp,1.5,0.0,0.0,0.944444444,0.23570226,0.0,0.0,0.055555556,0.23570226,0.277777778,0.460888599,0.0,0.0,0.055555556,0.23570226
01_07_03.bmp,2.7777777777777777,0.222222222,0.427792632,0.722222222,0.460888599,0.111111111,0.323380833,0.0,0.0,0.0,0.0,0.0,0.0,0.111111111,0.323380833
0340.jpg,3.611111111111111,0.055555556,0.23570226,0.444444444,0.511309993,0.055555556,0.23570226,0.055555556,0.23570226,0.111111111,0.323380833,0.0,0.0,0.0,0.0
20_14_02.bmp,3.333333333333333,0.111111111,0.323380833,0.277777778,0.460888599,0.0,0.0,0.222222222,0.427792632,0.222222222,0.427792632,0.055555556,0.23570226,0.0,0.0
02_05_04.bmp,2.055555555555556,0.388888889,0.501631326,0.611111111,0.501631326,0.055555556,0.23570226,0.0,0.0,0.611111111,0.501631326,0.055555556,0.23570226,0.0,0.0
36_09_04.bmp,2.388888888888889,0.777777778,0.427792632,0.444444444,0.511309993,0.055555556,0.23570226,0.0,0.0,0.055555556,0.23570226,0.0,0.0,0.111111111,0.323380833
24_16_02.bmp,3.2777777777777777,0.055555556,0.23570226,0.666666667,0.48507125,0.055555556,0.23570226,0.0,0.0,0.0,0.0,0.0,0.0,0.0,0.0
14_18_05.bmp,1.5555555555555556,0.055555556,0.23570226,0.888888889,0.323380833,0.111111111,0.323380833,0.055555556,0.23570226,0.0,0.0,0.055555556,0.23570226,0.055555556,0.23570226
05_06_02.bmp,2.555555555555556,0.333333333,0.48507125,0.5,0.514495755,0.111111111,0.323380833,0.0,0.0,0.055555556,0.23570226,0.222222222,0.427792632,0.111111111,0.323380833
01392.jpg,3.8333333333333335,0.111111111,0.323380833,0.666666667,0.48507125,0.055555556,0.23570226,0.0,0.0,0.055555556,0.23570226,0.0,0.0,0.0,0.0
01319.jpg,2.833333333333333,0.333333333,0.48507125,0.666666667,0.48507125,0.0,0.0,0.0,0.0,0.555555556,0.511309993,0.055555556,0.23570226,0.055555556,0.23570226
16_14_04.bmp,2.055555555555556,0.111111111,0.323380833,0.111111111,0.323380833,0.111111111,0.323380833,0.833333333,0.383482494,0.333333333,0.48507125,0.333333333,0.48507125,0.0,0.0
01327.jpg,3.2222222222222223,0.111111111,0.323380833,0.666666667,0.48507125,0.055555556,0.23570226,0.055555556,0.23570226,0.0,0.0,0.0,0.0,0.055555556,0.23570226
04_12_01.bmp,3.055555555555556,0.444444444,0.511309993,0.444444444,0.511309993,0.055555556,0.23570226,0.0,0.0,0.166666667,0.383482494,0.0,0.0,0.055555556,0.23570226
32_07_01.bmp,2.7777777777777777,0.0,0.0,0.611111111,0.501631326,0.166666667,0.383482494,0.166666667,0.383482494,0.388888889,0.501631326,0.055555556,0.23570226,0.0,0.0
16_19_01.bmp,3.333333333333333,0.055555556,0.23570226,0.222222222,0.427792632,0.111111111,0.323380833,0.0,0.0,0.388888889,0.501631326,0.388888889,0.501631326,0.0,0.0
24_18_03.bmp,2.6666666666666665,0.055555556,0.23570226,0.777777778,0.427792632,0.055555556,0.23570226,0.0,0.0,0.0,0.0,0.055555556,0.23570226,0.055555556,0.23570226
13_16_05.bmp,1.7777777777777777,0.222222222,0.427792632,0.777777778,0.427792632,0.055555556,0.23570226,0.0,0.0,0.111111111,0.323380833,0.0,0.0,0.0,0.0
1076.jpg,3.333333333333333,0.055555556,0.23570226,0.444444444,0.511309993,0.055555556,0.23570226,0.333333333,0.48507125,0.055555556,0.23570226,0.166666667,0.383482494,0.111111111,0.323380833
0200.jpg,2.0,0.055555556,0.23570226,0.166666667,0.383482494,0.0,0.0,0.944444444,0.23570226,0.0,0.0,0.0,0.0,0.055555556,0.23570226
01_23_03.bmp,2.611111111111111,0.0,0.0,0.555555556,0.511309993,0.055555556,0.23570226,0.833333333,0.383482494,0.055555556,0.23570226,0.055555556,0.23570226,0.111111111,0.323380833
13_13_02.bmp,3.6666666666666665,0.055555556,0.23570226,0.222222222,0.427792632,0.388888889,0.501631326,0.0,0.0,0.166666667,0.383482494,0.0,0.0,0.111111111,0.323380833
35_09_03.bmp,1.9444444444444444,0.722222222,0.460888599,0.5,0.514495755,0.055555556,0.23570226,0.0,0.0,0.111111111,0.323380833,0.0,0.0,0.055555556,0.23570226
34_18_01.bmp,2.5,0.055555556,0.23570226,0.666666667,0.48507125,0.166666667,0.383482494,0.0,0.0,0.111111111,0.323380833,0.111111111,0.323380833,0.055555556,0.23570226
12_25_04.bmp,2.2222222222222223,0.055555556,0.23570226,0.166666667,0.383482494,0.055555556,0.23570226,0.0,0.0,0.055555556,0.23570226,0.055555556,0.23570226,0.888888889,0.323380833
27_13_05.bmp,2.7222222222222223,0.111111111,0.323380833,0.166666667,0.383482494,0.888888889,0.323380833,0.0,0.0,0.277777778,0.460888599,0.0,0.0,0.055555556,0.23570226
07_10_02.bmp,2.611111111111111,0.777777778,0.427792632,0.388888889,0.501631326,0.055555556,0.23570226,0.055555556,0.23570226,0.111111111,0.323380833,0.0,0.0,0.055555556,0.23570226
36_10_02.bmp,3.055555555555556,0.444444444,0.511309993,0.555555556,0.511309993,0.055555556,0.23570226,0.055555556,0.23570226,0.0,0.0,0.055555556,0.23570226,0.055555556,0.23570226
0759.jpg,3.555555555555556,0.055555556,0.23570226,0.333333333,0.48507125,0.0,0.0,0.055555556,0.23570226,0.111111111,0.323380833,0.055555556,0.23570226,0.111111111,0.323380833
0055.jpg,2.1666666666666665,0.055555556,0.23570226,0.555555556,0.511309993,0.944444444,0.23570226,0.0,0.0,0.166666667,0.383482494,0.055555556,0.23570226,0.0,0.0
20_11_01.bmp,2.833333333333333,0.5,0.514495755,0.277777778,0.460888599,0.111111111,0.323380833,0.055555556,0.23570226,0.111111111,0.323380833,0.111111111,0.323380833,0.0,0.0
21_08_05.bmp,1.7777777777777777,0.444444444,0.511309993,0.611111111,0.501631326,0.0,0.0,0.166666667,0.383482494,0.055555556,0.23570226,0.055555556,0.23570226,0.0,0.0
08_22_03.bmp,2.7777777777777777,0.333333333,0.48507125,0.555555556,0.511309993,0.0,0.0,0.0,0.0,0.055555556,0.23570226,0.0,0.0,0.055555556,0.23570226
0476.jpg,3.2777777777777777,0.055555556,0.23570226,0.5,0.514495755,0.0,0.0,0.166666667,0.383482494,0.777777778,0.427792632,0.0,0.0,0.055555556,0.23570226
20_20_03.bmp,2.2222222222222223,0.611111111,0.501631326,0.222222222,0.427792632,0.166666667,0.383482494,0.277777778,0.460888599,0.111111111,0.323380833,0.0,0.0,0.0,0.0
11_05_01.bmp,3.055555555555556,0.166666667,0.383482494,0.388888889,0.501631326,0.055555556,0.23570226,0.111111111,0.323380833,0.333333333,0.48507125,0.055555556,0.23570226,0.055555556,0.23570226
0892.jpg,3.888888888888889,0.222222222,0.427792632,0.444444444,0.511309993,0.055555556,0.23570226,0.0,0.0,0.111111111,0.323380833,0.0,0.0,0.055555556,0.23570226
31_02_05.bmp,1.2222222222222223,0.055555556,0.23570226,0.833333333,0.383482494,0.0,0.0,0.0,0.0,0.166666667,0.383482494,0.0,0.0,0.0,0.0
0242.jpg,1.8888888888888888,0.333333333,0.48507125,0.388888889,0.501631326,0.055555556,0.23570226,0.777777778,0.427792632,0.166666667,0.383482494,0.0,0.0,0.0,0.0
21_25_04.bmp,2.0,0.055555556,0.23570226,0.111111111,0.323380833,0.0,0.0,0.055555556,0.23570226,0.0,0.0,0.0,0.0,0.833333333,0.383482494
0700.jpg,3.2777777777777777,0.055555556,0.23570226,0.5,0.514495755,0.0,0.0,0.111111111,0.323380833,0.388888889,0.501631326,0.055555556,0.23570226,0.055555556,0.23570226
09_23_01.bmp,3.2222222222222223,0.111111111,0.323380833,0.055555556,0.23570226,0.0,0.0,0.777777778,0.427792632,0.111111111,0.323380833,0.0,0.0,0.0,0.0
35_05_05.bmp,1.5,0.333333333,0.48507125,0.833333333,0.383482494,0.111111111,0.323380833,0.0,0.0,0.0,0.0,0.055555556,0.23570226,0.055555556,0.23570226
05_23_04.bmp,2.1666666666666665,0.111111111,0.323380833,0.333333333,0.48507125,0.0,0.0,0.722222222,0.460888599,0.055555556,0.23570226,0.055555556,0.23570226,0.166666667,0.383482494
01282.jpg,3.333333333333333,0.388888889,0.501631326,0.611111111,0.501631326,0.166666667,0.383482494,0.0,0.0,0.111111111,0.323380833,0.055555556,0.23570226,0.111111111,0.323380833
0787.jpg,3.611111111111111,0.111111111,0.323380833,0.444444444,0.511309993,0.0,0.0,0.0,0.0,0.055555556,0.23570226,0.222222222,0.427792632,0.055555556,0.23570226
1112.jpg,1.8333333333333333,0.0,0.0,0.777777778,0.427792632,0.055555556,0.23570226,0.444444444,0.511309993,0.388888889,0.501631326,0.0,0.0,0.0,0.0
24_01_02.bmp,3.388888888888889,0.055555556,0.23570226,0.444444444,0.511309993,0.166666667,0.383482494,0.0,0.0,0.0,0.0,0.0,0.0,0.0,0.0
1143.jpg,3.055555555555556,0.0,0.0,0.277777778,0.460888599,0.0,0.0,0.055555556,0.23570226,0.166666667,0.383482494,0.777777778,0.427792632,0.0,0.0
32_09_04.bmp,2.5,0.666666667,0.48507125,0.333333333,0.48507125,0.055555556,0.23570226,0.055555556,0.23570226,0.388888889,0.501631326,0.055555556,0.23570226,0.0,0.0
0392.jpg,2.611111111111111,0.111111111,0.323380833,0.777777778,0.427792632,0.0,0.0,0.166666667,0.383482494,0.111111111,0.323380833,0.055555556,0.23570226,0.0,0.0
01289.jpg,3.0,0.388888889,0.501631326,0.722222222,0.460888599,0.0,0.0,0.0,0.0,0.166666667,0.383482494,0.055555556,0.23570226,0.0,0.0
37_21_04.bmp,2.2777777777777777,0.166666667,0.383482494,0.277777778,0.460888599,0.055555556,0.23570226,0.722222222,0.460888599,0.055555556,0.23570226,0.055555556,0.23570226,0.0,0.0
0704.jpg,3.4444444444444446,0.055555556,0.23570226,0.388888889,0.501631326,0.0,0.0,0.055555556,0.23570226,0.277777778,0.460888599,0.055555556,0.23570226,0.111111111,0.323380833
32_01_01.bmp,2.888888888888889,0.111111111,0.323380833,0.444444444,0.511309993,0.222222222,0.427792632,0.111111111,0.323380833,0.5,0.514495755,0.111111111,0.323380833,0.0,0.0
10_05_02.bmp,2.833333333333333,0.111111111,0.323380833,0.611111111,0.501631326,0.0,0.0,0.111111111,0.323380833,0.277777778,0.460888599,0.222222222,0.427792632,0.055555556,0.23570226
01_05_02.bmp,2.555555555555556,0.277777778,0.460888599,0.722222222,0.460888599,0.166666667,0.383482494,0.0,0.0,0.0,0.0,0.055555556,0.23570226,0.055555556,0.23570226
05_09_04.bmp,2.055555555555556,0.888888889,0.323380833,0.333333333,0.48507125,0.055555556,0.23570226,0.055555556,0.23570226,0.055555556,0.23570226,0.055555556,0.23570226,0.111111111,0.323380833
0809.jpg,3.2777777777777777,0.0,0.0,0.555555556,0.511309993,0.0,0.0,0.0,0.0,0.333333333,0.48507125,0.111111111,0.323380833,0.0,0.0
37_21_01.bmp,3.1666666666666665,0.055555556,0.23570226,0.166666667,0.383482494,0.666666667,0.48507125,0.0,0.0,0.055555556,0.23570226,0.055555556,0.23570226,0.0,0.0
23_14_02.bmp,3.1666666666666665,0.111111111,0.323380833,0.333333333,0.48507125,0.055555556,0.23570226,0.388888889,0.501631326,0.277777778,0.460888599,0.055555556,0.23570226,0.055555556,0.23570226
0624.jpg,3.4444444444444446,0.0,0.0,0.555555556,0.511309993,0.0,0.0,0.166666667,0.383482494,0.111111111,0.323380833,0.055555556,0.23570226,0.055555556,0.23570226
01179.jpg,3.6666666666666665,0.277777778,0.460888599,0.5,0.514495755,0.055555556,0.23570226,0.0,0.0,0.0,0.0,0.0,0.0,0.0,0.0
33_21_05.bmp,1.8888888888888888,0.222222222,0.427792632,0.444444444,0.511309993,0.0,0.0,0.555555556,0.511309993,0.388888889,0.501631326,0.055555556,0.23570226,0.0,0.0
22_07_03.bmp,2.1666666666666665,0.055555556,0.23570226,0.833333333,0.383482494,0.0,0.0,0.0,0.0,0.166666667,0.383482494,0.111111111,0.323380833,0.055555556,0.23570226
22_07_02.bmp,2.7777777777777777,0.0,0.0,0.722222222,0.460888599,0.055555556,0.23570226,0.0,0.0,0.111111111,0.323380833,0.111111111,0.323380833,0.0,0.0
33_05_03.bmp,2.555555555555556,0.277777778,0.460888599,0.722222222,0.460888599,0.055555556,0.23570226,0.0,0.0,0.5,0.514495755,0.055555556,0.23570226,0.0,0.0
16_11_02.bmp,3.1666666666666665,0.666666667,0.48507125,0.166666667,0.383482494,0.0,0.0,0.055555556,0.23570226,0.333333333,0.48507125,0.277777778,0.460888599,0.0,0.0
28_12_01.bmp,3.111111111111111,0.277777778,0.460888599,0.555555556,0.511309993,0.111111111,0.323380833,0.0,0.0,0.222222222,0.427792632,0.055555556,0.23570226,0.0,0.0
26_15_02.bmp,4.0,0.055555556,0.23570226,0.111111111,0.323380833,0.333333333,0.48507125,0.055555556,0.23570226,0.0,0.0,0.0,0.0,0.0,0.0
20_04_03.bmp,2.6666666666666665,0.333333333,0.48507125,0.277777778,0.460888599,0.277777778,0.460888599,0.0,0.0,0.111111111,0.323380833,0.277777778,0.460888599,0.055555556,0.23570226
07_06_04.bmp,1.8888888888888888,0.444444444,0.511309993,0.388888889,0.501631326,0.222222222,0.427792632,0.0,0.0,0.111111111,0.323380833,0.166666667,0.383482494,0.111111111,0.323380833
01494.jpg,3.7777777777777777,0.166666667,0.383482494,0.5,0.514495755,0.111111111,0.323380833,0.0,0.0,0.055555556,0.23570226,0.055555556,0.23570226,0.0,0.0
20_07_01.bmp,3.055555555555556,0.166666667,0.383482494,0.611111111,0.501631326,0.111111111,0.323380833,0.0,0.0,0.111111111,0.323380833,0.111111111,0.323380833,0.0,0.0
37_16_05.bmp,1.6666666666666667,0.166666667,0.383482494,0.888888889,0.323380833,0.0,0.0,0.0,0.0,0.055555556,0.23570226,0.055555556,0.23570226,0.0,0.0
19_04_03.bmp,2.9444444444444446,0.277777778,0.460888599,0.222222222,0.427792632,0.222222222,0.427792632,0.055555556,0.23570226,0.166666667,0.383482494,0.222222222,0.427792632,0.055555556,0.23570226
16_21_03.bmp,2.6666666666666665,0.111111111,0.323380833,0.055555556,0.23570226,0.666666667,0.48507125,0.0,0.0,0.333333333,0.48507125,0.277777778,0.460888599,0.111111111,0.323380833
0295.jpg,2.055555555555556,0.111111111,0.323380833,0.5,0.514495755,0.0,0.0,0.833333333,0.383482494,0.055555556,0.23570226,0.0,0.0,0.0,0.0
24_23_02.bmp,2.888888888888889,0.055555556,0.23570226,0.166666667,0.383482494,0.055555556,0.23570226,0.777777778,0.427792632,0.0,0.0,0.0,0.0,0.055555556,0.23570226
1096.jpg,3.333333333333333,0.055555556,0.23570226,0.333333333,0.48507125,0.0,0.0,0.0,0.0,0.555555556,0.511309993,0.111111111,0.323380833,0.0,0.0
01_15_02.bmp,2.333333333333333,0.166666667,0.383482494,0.777777778,0.427792632,0.444444444,0.511309993,0.0,0.0,0.0,0.0,0.0,0.0,0.111111111,0.323380833
0910.jpg,3.7222222222222223,0.277777778,0.460888599,0.388888889,0.501631326,0.055555556,0.23570226,0.0,0.0,0.222222222,0.427792632,0.0,0.0,0.0,0.0
01475.jpg,3.4444444444444446,0.055555556,0.23570226,0.666666667,0.48507125,0.111111111,0.323380833,0.055555556,0.23570226,0.055555556,0.23570226,0.0,0.0,0.055555556,0.23570226
