filename,mos,noise_mean,noise_std,blur_mean,blur_std,overexposure_mean,overexposure_std,lowlight_mean,lowlight_std,warp_mean,warp_std,stain_mean,stain_std,occlusion_mean,occlusion_std
16_20_04.bmp,2.0,0.5,0.514495755,0.222222222,0.427792632,0.277777778,0.460888599,0.333333333,0.48507125,0.333333333,0.48507125,0.333333333,0.48507125,0.0,0.0
14_01_04.bmp,1.6666666666666667,0.055555556,0.23570226,0.888888889,0.323380833,0.055555556,0.23570226,0.055555556,0.23570226,0.0,0.0,0.111111111,0.323380833,0.0,0.0
18_08_05.bmp,2.111111111111111,0.277777778,0.460888599,0.555555556,0.511309993,0.055555556,0.23570226,0.055555556,0.23570226,0.055555556,0.23570226,0.055555556,0.23570226,0.055555556,0.23570226
17_22_05.bmp,1.6111111111111112,0.222222222,0.427792632,0.833333333,0.383482494,0.0,0.0,0.111111111,0.323380833,0.222222222,0.427792632,0.055555556,0.23570226,0.0,0.0
0417.jpg,2.9444444444444446,0.055555556,0.23570226,0.777777778,0.427792632,0.0,0.0,0.111111111,0.323380833,0.0,0.0,0.055555556,0.23570226,0.111111111,0.323380833
11_14_05.bmp,1.3333333333333333,0.055555556,0.23570226,0.111111111,0.323380833,0.111111111,0.323380833,0.777777778,0.427792632,0.222222222,0.427792632,0.055555556,0.23570226,0.055555556,0.23570226
1084.jpg,4.055555555555555,0.111111111,0.323380833,0.166666667,0.383482494,0.0,0.0,0.055555556,0.23570226,0.111111111,0.323380833,0.0,0.0,0.0,0.0
23_09_03.bmp,2.555555555555556,0.777777778,0.427792632,0.222222222,0.427792632,0.055555556,0.23570226,0.055555556,0.23570226,0.166666667,0.383482494,0.111111111,0.323380833,0.055555556,0.23570226
10_05_02.bmp,2.833333333333333,0.111111111,0.323380833,0.611111111,0.501631326,0.0,0.0,0.111111111,0.323380833,0.277777778,0.460888599,0.222222222,0.427792632,0.055555556,0.23570226
08_06_03.bmp,3.4444444444444446,0.388888889,0.501631326,0.166666667,0.383482494,0.111111111,0.323380833,0.055555556,0.23570226,0.111111111,0.323380833,0.055555556,0.23570226,0.0,0.0
02_16_01.bmp,3.2222222222222223,0.0,0.0,0.222222222,0.427792632,0.222222222,0.427792632,0.111111111,0.323380833,0.5,0.514495755,0.111111111,0.323380833,0.055555556,0.23570226
01_07_03.bmp,2.7777777777777777,0.222222222,0.427792632,0.722222222,0.460888599,0.111111111,0.323380833,0.0,0.0,0.0,0.0,0.0,0.0,0.111111111,0.323380833
02_16_03.bmp,2.611111111111111,0.333333333,0.48507125,0.666666667,0.48507125,0.055555556,0.23570226,0.0,0.0,0.333333333,0.48507125,0.055555556,0.23570226,0.055555556,0.23570226
34_04_04.bmp,2.1666666666666665,0.222222222,0.427792632,0.388888889,0.501631326,0.333333333,0.48507125,0.055555556,0.23570226,0.0,0.0,0.166666667,0.383482494,0.055555556,0.23570226
30_16_02.bmp,3.2777777777777777,0.0,0.0,0.5,0.514495755,0.166666667,0.383482494,0.0,0.0,0.277777778,0.460888599,0.055555556,0.23570226,0.0,0.0
15_16_01.bmp,3.055555555555556,0.055555556,0.23570226,0.277777778,0.460888599,0.166666667,0.383482494,0.055555556,0.23570226,0.222222222,0.427792632,0.055555556,0.23570226,0.055555556,0.23570226
05_25_02.bmp,2.611111111111111,0.111111111,0.323380833,0.222222222,0.427792632,0.055555556,0.23570226,0.055555556,0.23570226,0.0,0.0,0.111111111,0.323380833,0.944444444,0.23570226
36_25_05.bmp,1.7777777777777777,0.111111111,0.323380833,0.166666667,0.383482494,0.111111111,0.323380833,0.055555556,0.23570226,0.055555556,0.23570226,0.0,0.0,0.944444444,0.23570226
03_23_02.bmp,3.1666666666666665,0.055555556,0.23570226,0.111111111,0.323380833,0.055555556,0.23570226,0.777777778,0.427792632,0.055555556,0.23570226,0.0,0.0,0.055555556,0.23570226
27_06_03.bmp,2.5,0.222222222,0.427792632,0.444444444,0.511309993,0.222222222,0.427792632,0.0,0.0,0.388888889,0.501631326,0.222222222,0.427792632,0.055555556,0.23570226
10_13_01.bmp,3.2222222222222223,0.111111111,0.323380833,0.388888889,0.501631326,0.111111111,0.323380833,0.0,0.0,0.444444444,0.511309993,0.222222222,0.427792632,0.055555556,0.23570226
27_11_03.bmp,2.611111111111111,0.777777778,0.427792632,0.222222222,0.427792632,0.111111111,0.323380833,0.0,0.0,0.444444444,0.511309993,0.055555556,0.23570226,0.055555556,0.23570226
03_08_01.bmp,3.7777777777777777,0.166666667,0.383482494,0.222222222,0.427792632,0.055555556,0.23570226,0.0,0.0,0.222222222,0.427792632,0.0,0.0,0.111111111,0.323380833
14_20_05.bmp,1.8333333333333333,0.611111111,0.501631326,0.388888889,0.501631326,0.166666667,0.383482494,0.277777778,0.460888599,0.055555556,0.23570226,0.0,0.0,0.0,0.0
21_25_03.bmp,2.611111111111111,0.055555556,0.23570226,0.055555556,0.23570226,0.111111111,0.323380833,0.0,0.0,0.0,0.0,0.055555556,0.23570226,0.888888889,0.323380833
0194.jpg,1.8333333333333333,0.055555556,0.23570226,0.277777778,0.460888599,0.055555556,0.23570226,0.888888889,0.323380833,0.111111111,0.323380833,0.055555556,0.23570226,0.055555556,0.23570226
0350.jpg,2.7777777777777777,0.111111111,0.323380833,0.722222222,0.460888599,0.0,0.0,0.055555556,0.23570226,0.222222222,0.427792632,0.0,0.0,0.055555556,0.23570226
27_11_02.bmp,2.9444444444444446,0.611111111,0.501631326,0.166666667,0.383482494,0.055555556,0.23570226,0.0,0.0,0.444444444,0.511309993,0.111111111,0.323380833,0.111111111,0.323380833
0386.jpg,3.111111111111111,0.055555556,0.23570226,0.722222222,0.460888599,0.0,0.0,0.055555556,0.23570226,0.055555556,0.23570226,0.0,0.0,0.0,0.0
22_06_04.bmp,2.1666666666666665,0.444444444,0.511309993,0.333333333,0.48507125,0.111111111,0.323380833,0.111111111,0.323380833,0.111111111,0.323380833,0.277777778,0.460888599,0.0,0.0
27_07_02.bmp,2.833333333333333,0.055555556,0.23570226,0.777777778,0.427792632,0.0,0.0,0.055555556,0.23570226,0.388888889,0.501631326,0.055555556,0.23570226,0.111111111,0.323380833
06_02_05.bmp,1.1666666666666667,0.0,0.0,0.944444444,0.23570226,0.055555556,0.23570226,0.055555556,0.23570226,0.0,0.0,0.111111111,0.323380833,0.055555556,0.23570226
32_25_03.bmp,2.2777777777777777,0.055555556,0.23570226,0.222222222,0.427792632,0.055555556,0.23570226,0.0,0.0,0.333333333,0.48507125,0.055555556,0.23570226,0.944444444,0.23570226
03_19_02.bmp,3.611111111111111,0.111111111,0.323380833,0.222222222,0.427792632,0.055555556,0.23570226,0.055555556,0.23570226,0.111111111,0.323380833,0.055555556,0.23570226,0.055555556,0.23570226
12_22_02.bmp,2.833333333333333,0.222222222,0.427792632,0.666666667,0.48507125,0.166666667,0.383482494,0.055555556,0.23570226,0.0,0.0,0.0,0.0,0.055555556,0.23570226
01_18_05.bmp,1.5,0.166666667,0.383482494,0.833333333,0.383482494,0.222222222,0.427792632,0.0,0.0,0.0,0.0,0.0,0.0,0.111111111,0.323380833
02_05_04.bmp,2.055555555555556,0.388888889,0.501631326,0.611111111,0.501631326,0.055555556,0.23570226,0.0,0.0,0.611111111,0.501631326,0.055555556,0.23570226,0.0,0.0
12_13_02.bmp,3.2777777777777777,0.055555556,0.23570226,0.166666667,0.383482494,0.388888889,0.501631326,0.0,0.0,0.055555556,0.23570226,0.111111111,0.323380833,0.055555556,0.23570226
14_24_03.bmp,1.9444444444444444,0.0,0.0,0.888888889,0.323380833,0.055555556,0.23570226,0.0,0.0,0.111111111,0.323380833,0.055555556,0.23570226,0.0,0.0
01166.jpg,3.388888888888889,0.111111111,0.323380833,0.611111111,0.501631326,0.055555556,0.23570226,0.0,0.0,0.555555556,0.511309993,0.0,0.0,0.0,0.0
27_05_04.bmp,1.9444444444444444,0.277777778,0.460888599,0.722222222,0.460888599,0.055555556,0.23570226,0.055555556,0.23570226,0.388888889,0.501631326,0.055555556,0.23570226,0.055555556,0.23570226
11_17_02.bmp,2.7222222222222223,0.111111111,0.323380833,0.444444444,0.511309993,0.0,0.0,0.055555556,0.23570226,0.277777778,0.460888599,0.166666667,0.383482494,0.333333333,0.48507125
23_14_01.bmp,3.2777777777777777,0.0,0.0,0.5,0.514495755,0.055555556,0.23570226,0.166666667,0.383482494,0.222222222,0.427792632,0.055555556,0.23570226,0.0,0.0
09_03_01.bmp,3.7222222222222223,0.111111111,0.323380833,0.388888889,0.501631326,0.111111111,0.323380833,0.055555556,0.23570226,0.222222222,0.427792632,0.0,0.0,0.055555556,0.23570226
01192.jpg,3.2222222222222223,0.333333333,0.48507125,0.222222222,0.427792632,0.0,0.0,0.0,0.0,0.222222222,0.427792632,0.055555556,0.23570226,0.833333333,0.383482494
0143.jpg,2.7222222222222223,0.055555556,0.23570226,0.277777778,0.460888599,0.888888889,0.323380833,0.0,0.0,0.111111111,0.323380833,0.111111111,0.323380833,0.055555556,0.23570226
31_11_05.bmp,2.388888888888889,0.666666667,0.48507125,0.222222222,0.427792632,0.055555556,0.23570226,0.0,0.0,0.166666667,0.383482494,0.0,0.0,0.055555556,0.23570226
36_04_05.bmp,2.2222222222222223,0.333333333,0.48507125,0.388888889,0.501631326,0.333333333,0.48507125,0.055555556,0.23570226,0.055555556,0.23570226,0.166666667,0.383482494,0.111111111,0.323380833
36_06_02.bmp,3.111111111111111,0.166666667,0.383482494,0.5,0.514495755,0.222222222,0.427792632,0.0,0.0,0.055555556,0.23570226,0.055555556,0.23570226,0.055555556,0.23570226
15_08_01.bmp,3.388888888888889,0.222222222,0.427792632,0.333333333,0.48507125,0.055555556,0.23570226,0.055555556,0.23570226,0.222222222,0.427792632,0.055555556,0.23570226,0.055555556,0.23570226
15_01_02.bmp,3.388888888888889,0.166666667,0.383482494,0.444444444,0.511309993,0.0,0.0,0.0,0.0,0.333333333,0.48507125,0.0,0.0,0.055555556,0.23570226
20_07_01.bmp,3.055555555555556,0.166666667,0.383482494,0.611111111,0.501631326,0.111111111,0.323380833,0.0,0.0,0.111111111,0.323380833,0.111111111,0.323380833,0.0,0.0
30_12_01.bmp,3.5,0.277777778,0.460888599,0.333333333,0.48507125,0.055555556,0.23570226,0.0,0.0,0.277777778,0.460888599,0.0,0.0,0.055555556,0.23570226
34_25_02.bmp,2.6666666666666665,0.055555556,0.23570226,0.111111111,0.323380833,0.166666667,0.383482494,0.0,0.0,0.0,0.0,0.0,0.0,0.944444444,0.23570226
01247.jpg,3.5,0.0,0.0,0.333333333,0.48507125,0.0,0.0,0.333333333,0.48507125,0.722222222,0.460888599,0.055555556,0.23570226,0.0,0.0
0584.jpg,3.0,0.055555556,0.23570226,0.222222222,0.427792632,0.0,0.0,0.388888889,0.501631326,0.388888889,0.501631326,0.111111111,0.323380833,0.055555556,0.23570226
21_14_04.bmp,2.2222222222222223,0.166666667,0.383482494,0.333333333,0.48507125,0.166666667,0.383482494,0.722222222,0.460888599,0.0,0.0,0.0,0.0,0.0,0.0
0688.jpg,3.111111111111111,0.055555556,0.23570226,0.277777778,0.460888599,0.0,0.0,0.222222222,0.427792632,0.111111111,0.323380833,0.055555556,0.23570226,0.611111111,0.501631326
10_05_01.bmp,2.9444444444444446,0.111111111,0.323380833,0.611111111,0.501631326,0.0,0.0,0.0,0.0,0.388888889,0.501631326,0.222222222,0.427792632,0.111111111,0.323380833
05_15_01.bmp,2.055555555555556,0.055555556,0.23570226,0.277777778,0.460888599,0.944444444,0.23570226,0.0,0.0,0.0,0.0,0.055555556,0.23570226,0.111111111,0.323380833
0889.jpg,3.888888888888889,0.222222222,0.427792632,0.444444444,0.511309993,0.0,0.0,0.0,0.0,0.166666667,0.383482494,0.055555556,0.23570226,0.0,0.0
06_07_02.bmp,2.9444444444444446,0.5,0.514495755,0.444444444,0.511309993,0.055555556,0.23570226,0.055555556,0.23570226,0.0,0.0,0.055555556,0.23570226,0.111111111,0.323380833
0748.jpg,3.388888888888889,0.111111111,0.323380833,0.388888889,0.501631326,0.0,0.0,0.0,0.0,0.055555556,0.23570226,0.166666667,0.383482494,0.055555556,0.23570226
22_25_05.bmp,2.0,0.055555556,0.23570226,0.166666667,0.383482494,0.0,0.0,0.0,0.0,0.0,0.0,0.0,0.0,0.833333333,0.383482494
13_09_05.bmp,2.2777777777777777,0.777777778,0.427792632,0.111111111,0.323380833,0.055555556,0.23570226,0.055555556,0.23570226,0.222222222,0.427792632,0.0,0.0,0.0,0.0
0823.jpg,3.1666666666666665,0.055555556,0.23570226,0.555555556,0.511309993,0.0,0.0,0.0,0.0,0.166666667,0.383482494,0.111111111,0.323380833,0.0,0.0
10_09_01.bmp,3.055555555555556,0.5,0.514495755,0.444444444,0.511309993,0.0,0.0,0.0,0.0,0.277777778,0.460888599,0.166666667,0.383482494,0.0,0.0
31_11_03.bmp,2.6666666666666665,0.611111111,0.501631326,0.166666667,0.383482494,0.111111111,0.323380833,0.055555556,0.23570226,0.166666667,0.383482494,0.0,0.0,0.055555556,0.23570226
1096.jpg,3.333333333333333,0.055555556,0.23570226,0.333333333,0.48507125,0.0,0.0,0.0,0.0,0.555555556,0.511309993,0.111111111,0.323380833,0.0,0.0
25_06_04.bmp,2.0,0.277777778,0.460888599,0.5,0.514495755,0.277777778,0.460888599,0.0,0.0,0.166666667,0.383482494,0.055555556,0.23570226,0.055555556,0.23570226
28_21_03.bmp,2.7777777777777777,0.055555556,0.23570226,0.111111111,0.323380833,0.555555556,0.511309993,0.0,0.0,0.166666667,0.383482494,0.0,0.0,0.055555556,0.23570226
26_09_04.bmp,2.888888888888889,0.611111111,0.501631326,0.222222222,0.427792632,0.055555556,0.23570226,0.0,0.0,0.111111111,0.323380833,0.0,0.0,0.055555556,0.23570226
35_02_05.bmp,1.3888888888888888,0.0,0.0,0.944444444,0.23570226,0.111111111,0.323380833,0.055555556,0.23570226,0.0,0.0,0.0,0.0,0.0,0.0
15_16_05.bmp,1.7222222222222223,0.222222222,0.427792632,0.833333333,0.383482494,0.0,0.0,0.111111111,0.323380833,0.222222222,0.427792632,0.0,0.0,0.0,0.0
34_08_05.bmp,1.8333333333333333,0.166666667,0.383482494,0.833333333,0.383482494,0.166666667,0.383482494,0.055555556,0.23570226,0.0,0.0,0.0,0.0,0.055555556,0.23570226
25_10_02.bmp,2.833333333333333,0.722222222,0.460888599,0.333333333,0.48507125,0.111111111,0.323380833,0.055555556,0.23570226,0.166666667,0.383482494,0.0,0.0,0.055555556,0.23570226
01406.jpg,3.9444444444444446,0.111111111,0.323380833,0.444444444,0.511309993,0.111111111,0.323380833,0.0,0.0,0.0,0.0,0.055555556,0.23570226,0.0,0.0
12_09_03.bmp,2.6666666666666665,0.777777778,0.427792632,0.166666667,0.383482494,0.055555556,0.23570226,0.0,0.0,0.055555556,0.23570226,0.055555556,0.23570226,0.055555556,0.23570226
05_02_03.bmp,1.7222222222222223,0.055555556,0.23570226,0.888888889,0.323380833,0.111111111,0.323380833,0.0,0.0,0.055555556,0.23570226,0.055555556,0.23570226,0.055555556,0.23570226
17_11_04.bmp,2.388888888888889,0.777777778,0.427792632,0.277777778,0.460888599,0.0,0.0,0.0,0.0,0.222222222,0.427792632,0.166666667,0.383482494,0.0,0.0
01197.jpg,3.555555555555556,0.277777778,0.460888599,0.277777778,0.460888599,0.0,0.0,0.0,0.0,0.444444444,0.511309993,0.055555556,0.23570226,0.0,0.0
1110.jpg,1.7777777777777777,0.055555556,0.23570226,0.888888889,0.323380833,0.055555556,0.23570226,0.0,0.0,0.444444444,0.511309993,0.0,0.0,0.0,0.0
0542.jpg,2.333333333333333,0.055555556,0.23570226,0.5,0.514495755,0.0,0.0,0.166666667,0.383482494,0.833333333,0.383482494,0.055555556,0.23570226,0.055555556,0.23570226
27_24_01.bmp,3.0,0.0,0.0,0.5,0.514495755,0.0,0.0,0.111111111,0.323380833,0.388888889,0.501631326,0.055555556,0.23570226,0.055555556,0.23570226
12_08_01.bmp,3.4444444444444446,0.222222222,0.427792632,0.388888889,0.501631326,0.055555556,0.23570226,0.0,0.0,0.166666667,0.383482494,0.0,0.0,0.055555556,0.23570226
01_19_02.bmp,3.2777777777777777,0.111111111,0.323380833,0.666666667,0.48507125,0.166666667,0.383482494,0.0,0.0,0.0,0.0,0.0,0.0,0.055555556,0.23570226
23_12_05.bmp,2.0,0.777777778,0.427792632,0.277777778,0.460888599,0.111111111,0.323380833,0.0,0.0,0.222222222,0.427792632,0.055555556,0.23570226,0.0,0.0
01235.jpg,3.4444444444444446,0.388888889,0.501631326,0.444444444,0.511309993,0.0,0.0,0.111111111,0.323380833,0.222222222,0.427792632,0.055555556,0.23570226,0.0,0.0
25_13_02.bmp,3.0,0.055555556,0.23570226,0.333333333,0.48507125,0.388888889,0.501631326,0.055555556,0.23570226,0.111111111,0.323380833,0.055555556,0.23570226,0.055555556,0.23570226
31_20_03.bmp,2.2777777777777777,0.444444444,0.511309993,0.555555556,0.511309993,0.166666667,0.383482494,0.277777778,0.460888599,0.111111111,0.323380833,0.0,0.0,0.111111111,0.323380833
23_13_03.bmp,2.833333333333333,0.0,0.0,0.333333333,0.48507125,0.611111111,0.501631326,0.0,0.0,0.277777778,0.460888599,0.0,0.0,0.055555556,0.23570226
13_18_01.bmp,2.9444444444444446,0.111111111,0.323380833,0.666666667,0.48507125,0.055555556,0.23570226,0.0,0.0,0.222222222,0.427792632,0.0,0.0,0.111111111,0.323380833
1043.jpg,3.6666666666666665,0.055555556,0.23570226,0.222222222,0.427792632,0.055555556,0.23570226,0.611111111,0.501631326,0.166666667,0.383482494,0.0,0.0,0.0,0.0
05_20_02.bmp,2.5,0.666666667,0.48507125,0.277777778,0.460888599,0.166666667,0.383482494,0.166666667,0.383482494,0.111111111,0.323380833,0.0,0.0,0.055555556,0.23570226
0428.jpg,2.333333333333333,0.0,0.0,0.777777778,0.427792632,0.055555556,0.23570226,0.055555556,0.23570226,0.0,0.0,0.111111111,0.323380833,0.0,0.0
12_17_01.bmp,3.333333333333333,0.277777778,0.460888599,0.333333333,0.48507125,0.055555556,0.23570226,0.0,0.0,0.166666667,0.383482494,0.0,0.0,0.166666667,0.383482494
19_07_05.bmp,1.3333333333333333,0.166666667,0.383482494,0.833333333,0.383482494,0.0,0.0,0.0,0.0,0.055555556,0.23570226,0.055555556,0.23570226,0.055555556,0.23570226
36_12_04.bmp,2.388888888888889,0.888888889,0.323380833,0.333333333,0.48507125,0.166666667,0.383482494,0.0,0.0,0.055555556,0.23570226,0.0,0.0,0.111111111,0.323380833
31_22_02.bmp,2.7222222222222223,0.111111111,0.323380833,0.722222222,0.460888599,0.0,0.0,0.0,0.0,0.222222222,0.427792632,0.0,0.0,0.0,0.0
18_13_04.bmp,2.888888888888889,0.055555556,0.23570226,0.222222222,0.427792632,0.833333333,0.383482494,0.055555556,0.23570226,0.0,0.0,0.0,0.0,0.055555556,0.23570226
11_05_05.bmp,1.9444444444444444,0.388888889,0.501631326,0.666666667,0.48507125,0.055555556,0.23570226,0.055555556,0.23570226,0.333333333,0.48507125,0.055555556,0.23570226,0.055555556,0.23570226
12_12_04.bmp,2.388888888888889,0.666666667,0.48507125,0.166666667,0.383482494,0.166666667,0.383482494,0.055555556,0.23570226,0.111111111,0.323380833,0.055555556,0.23570226,0.0,0.0
31_20_05.bmp,1.7222222222222223,0.611111111,0.501631326,0.5,0.514495755,0.166666667,0.383482494,0.222222222,0.427792632,0.111111111,0.323380833,0.055555556,0.23570226,0.0,0.0
22_09_04.bmp,2.2777777777777777,0.777777778,0.427792632,0.222222222,0.427792632,0.0,0.0,0.055555556,0.23570226,0.222222222,0.427792632,0.111111111,0.323380833,0.0,0.0
0736.jpg,3.333333333333333,0.055555556,0.23570226,0.277777778,0.460888599,0.0,0.0,0.055555556,0.23570226,0.333333333,0.48507125,0.111111111,0.323380833,0.111111111,0.323380833
01181.jpg,3.111111111111111,0.277777778,0.460888599,0.555555556,0.511309993,0.055555556,0.23570226,0.0,0.0,0.611111111,0.501631326,0.166666667,0.383482494,0.0,0.0
24_13_03.bmp,2.833333333333333,0.055555556,0.23570226,0.333333333,0.48507125,0.5,0.514495755,0.0,0.0,0.0,0.0,0.0,0.0,0.0,0.0
20_08_02.bmp,3.2777777777777777,0.166666667,0.383482494,0.5,0.514495755,0.111111111,0.323380833,0.0,0.0,0.111111111,0.323380833,0.111111111,0.323380833,0.0,0.0
04_02_02.bmp,2.388888888888889,0.111111111,0.323380833,0.833333333,0.383482494,0.055555556,0.23570226,0.055555556,0.23570226,0.222222222,0.427792632,0.0,0.0,0.055555556,0.23570226
19_18_01.bmp,3.0,0.055555556,0.23570226,0.555555556,0.511309993,0.111111111,0.323380833,0.0,0.0,0.222222222,0.427792632,0.111111111,0.323380833,0.055555556,0.23570226
20_23_01.bmp,3.055555555555556,0.0,0.0,0.166666667,0.383482494,0.0,0.0,0.722222222,0.460888599,0.166666667,0.383482494,0.0,0.0,0.055555556,0.23570226
23_12_01.bmp,3.4444444444444446,0.277777778,0.460888599,0.388888889,0.501631326,0.0,0.0,0.0,0.0,0.277777778,0.460888599,0.111111111,0.323380833,0.0,0.0
19_01_01.bmp,3.611111111111111,0.055555556,0.23570226,0.444444444,0.511309993,0.111111111,0.323380833,0.0,0.0,0.055555556,0.23570226,0.277777778,0.460888599,0.055555556,0.23570226
18_11_04.bmp,2.5,0.777777778,0.427792632,0.222222222,0.427792632,0.166666667,0.383482494,0.055555556,0.23570226,0.055555556,0.23570226,0.0,0.0,0.0,0.0
01368.jpg,3.2777777777777777,0.055555556,0.23570226,0.666666667,0.48507125,0.111111111,0.323380833,0.0,0.0,0.0,0.0,0.0,0.0,0.055555556,0.23570226
07_19_05.bmp,1.8888888888888888,0.111111111,0.323380833,0.333333333,0.48507125,0.777777778,0.427792632,0.055555556,0.23570226,0.111111111,0.323380833,0.055555556,0.23570226,0.0,0.0
30_04_05.bmp,2.333333333333333,0.333333333,0.48507125,0.222222222,0.427792632,0.222222222,0.427792632,0.111111111,0.323380833,0.222222222,0.427792632,0.166666667,0.383482494,0.0,0.0
10_10_05.bmp,2.111111111111111,0.888888889,0.323380833,0.388888889,0.501631326,0.0,0.0,0.0,0.0,0.333333333,0.48507125,0.111111111,0.323380833,0.055555556,0.23570226
08_13_03.bmp,4.055555555555555,0.166666667,0.383482494,0.0,0.0,0.444444444,0.511309993,0.055555556,0.23570226,0.055555556,0.23570226,0.055555556,0.23570226,0.0,0.0
11_23_05.bmp,2.0,0.055555556,0.23570226,0.222222222,0.427792632,0.0,0.0,0.777777778,0.427792632,0.222222222,0.427792632,0.055555556,0.23570226,0.166666667,0.383482494
0605.jpg,3.2222222222222223,0.055555556,0.23570226,0.611111111,0.501631326,0.055555556,0.23570226,0.055555556,0.23570226,0.333333333,0.48507125,0.0,0.0,0.0,0.0
02_05_05.bmp,1.7777777777777777,0.5,0.514495755,0.611111111,0.501631326,0.055555556,0.23570226,0.0,0.0,0.611111111,0.501631326,0.0,0.0,0.055555556,0.23570226
08_16_03.bmp,3.611111111111111,0.388888889,0.501631326,0.277777778,0.460888599,0.111111111,0.323380833,0.0,0.0,0.0,0.0,0.055555556,0.23570226,0.055555556,0.23570226
29_13_02.bmp,3.333333333333333,0.111111111,0.323380833,0.166666667,0.383482494,0.111111111,0.323380833,0.055555556,0.23570226,0.055555556,0.23570226,0.166666667,0.383482494,0.055555556,0.23570226
08_20_01.bmp,2.5,0.5,0.514495755,0.277777778,0.460888599,0.333333333,0.48507125,0.111111111,0.323380833,0.055555556,0.23570226,0.111111111,0.323380833,0.0,0.0
28_18_05.bmp,2.333333333333333,0.055555556,0.23570226,0.777777778,0.427792632,0.166666667,0.383482494,0.055555556,0.23570226,0.277777778,0.460888599,0.055555556,0.23570226,0.0,0.0
25_21_01.bmp,1.8333333333333333,0.055555556,0.23570226,0.277777778,0.460888599,0.833333333,0.383482494,0.055555556,0.23570226,0.166666667,0.383482494,0.0,0.0,0.0,0.0
12_09_05.bmp,2.4444444444444446,0.833333333,0.383482494,0.277777778,0.460888599,0.055555556,0.23570226,0.0,0.0,0.111111111,0.323380833,0.0,0.0,0.055555556,0.23570226
15_16_03.bmp,2.9444444444444446,0.222222222,0.427792632,0.611111111,0.501631326,0.0,0.0,0.055555556,0.23570226,0.222222222,0.427792632,0.0,0.0,0.111111111,0.323380833
1117.jpg,2.2222222222222223,0.0,0.0,0.277777778,0.460888599,0.0,0.0,0.833333333,0.383482494,0.0,0.0,0.055555556,0.23570226,0.055555556,0.23570226
01169.jpg,3.6666666666666665,0.222222222,0.427792632,0.277777778,0.460888599,0.055555556,0.23570226,0.0,0.0,0.611111111,0.501631326,0.0,0.0,0.055555556,0.23570226
0560.jpg,2.4444444444444446,0.0,0.0,0.555555556,0.511309993,0.0,0.0,0.555555556,0.511309993,0.666666667,0.48507125,0.0,0.0,0.0,0.0
36_18_04.bmp,2.2777777777777777,0.055555556,0.23570226,0.777777778,0.427792632,0.222222222,0.427792632,0.055555556,0.23570226,0.055555556,0.23570226,0.0,0.0,0.055555556,0.23570226
28_16_02.bmp,3.111111111111111,0.111111111,0.323380833,0.555555556,0.511309993,0.0,0.0,0.055555556,0.23570226,0.277777778,0.460888599,0.0,0.0,0.0,0.0
01278.jpg,3.0,0.444444444,0.511309993,0.722222222,0.460888599,0.055555556,0.23570226,0.055555556,0.23570226,0.055555556,0.23570226,0.0,0.0,0.055555556,0.23570226
0035.jpg,2.7777777777777777,0.0,0.0,0.555555556,0.511309993,0.888888889,0.323380833,0.055555556,0.23570226,0.055555556,0.23570226,0.055555556,0.23570226,0.0,0.0
0789.jpg,3.6666666666666665,0.111111111,0.323380833,0.444444444,0.511309993,0.0,0.0,0.055555556,0.23570226,0.055555556,0.23570226,0.111111111,0.323380833,0.055555556,0.23570226
29_06_03.bmp,1.8333333333333333,0.333333333,0.48507125,0.277777778,0.460888599,0.277777778,0.460888599,0.111111111,0.323380833,0.055555556,0.23570226,0.166666667,0.383482494,0.055555556,0.23570226
1120.jpg,3.2222222222222223,0.055555556,0.23570226,0.611111111,0.501631326,0.0,0.0,0.0,0.0,0.055555556,0.23570226,0.111111111,0.323380833,0.0,0.0
0085.jpg,2.333333333333333,0.0,0.0,0.555555556,0.511309993,1.0,0.0,0.0,0.0,0.111111111,0.323380833,0.0,0.0,0.111111111,0.323380833
34_24_04.bmp,1.5,0.0,0.0,1.0,0.0,0.166666667,0.383482494,0.055555556,0.23570226,0.0,0.0,0.0,0.0,0.0,0.0
13_18_02.bmp,2.7777777777777777,0.055555556,0.23570226,0.722222222,0.460888599,0.111111111,0.323380833,0.0,0.0,0.222222222,0.427792632,0.0,0.0,0.055555556,0.23570226
36_12_01.bmp,3.4444444444444446,0.166666667,0.383482494,0.388888889,0.501631326,0.166666667,0.383482494,0.0,0.0,0.0,0.0,0.055555556,0.23570226,0.055555556,0.23570226
0463.jpg,3.2777777777777777,0.111111111,0.323380833,0.222222222,0.427792632,0.0,0.0,0.111111111,0.323380833,0.777777778,0.427792632,0.0,0.0,0.055555556,0.23570226
15_04_04.bmp,2.5,0.333333333,0.48507125,0.111111111,0.323380833,0.166666667,0.383482494,0.055555556,0.23570226,0.222222222,0.427792632,0.222222222,0.427792632,0.111111111,0.323380833
01_08_04.bmp,2.2777777777777777,0.333333333,0.48507125,0.777777778,0.427792632,0.111111111,0.323380833,0.0,0.0,0.0,0.0,0.0,0.0,0.055555556,0.23570226
19_05_01.bmp,3.611111111111111,0.166666667,0.383482494,0.222222222,0.427792632,0.222222222,0.427792632,0.055555556,0.23570226,0.166666667,0.383482494,0.055555556,0.23570226,0.055555556,0.23570226
0510.jpg,2.388888888888889,0.0,0.0,0.444444444,0.511309993,0.0,0.0,0.611111111,0.501631326,0.722222222,0.460888599,0.0,0.0,0.0,0.0
05_07_05.bmp,1.3888888888888888,0.222222222,0.427792632,0.888888889,0.323380833,0.055555556,0.23570226,0.0,0.0,0.0,0.0,0.055555556,0.23570226,0.055555556,0.23570226
11_05_04.bmp,2.0,0.444444444,0.511309993,0.666666667,0.48507125,0.0,0.0,0.111111111,0.323380833,0.333333333,0.48507125,0.055555556,0.23570226,0.0,0.0
04_18_01.bmp,2.2777777777777777,0.222222222,0.427792632,0.777777778,0.427792632,0.166666667,0.383482494,0.0,0.0,0.222222222,0.427792632,0.055555556,0.23570226,0.111111111,0.323380833
29_07_02.bmp,3.1666666666666665,0.222222222,0.427792632,0.611111111,0.501631326,0.0,0.0,0.0,0.0,0.055555556,0.23570226,0.111111111,0.323380833,0.111111111,0.323380833
16_01_04.bmp,2.1666666666666665,0.055555556,0.23570226,0.777777778,0.427792632,0.055555556,0.23570226,0.0,0.0,0.333333333,0.48507125,0.555555556,0.511309993,0.0,0.0
30_13_02.bmp,3.555555555555556,0.055555556,0.23570226,0.277777778,0.460888599,0.222222222,0.427792632,0.055555556,0.23570226,0.166666667,0.383482494,0.055555556,0.23570226,0.0,0.0
23_22_04.bmp,2.055555555555556,0.166666667,0.383482494,0.833333333,0.383482494,0.0,0.0,0.111111111,0.323380833,0.166666667,0.383482494,0.0,0.0,0.0,0.0
21_04_02.bmp,3.2222222222222223,0.111111111,0.323380833,0.388888889,0.501631326,0.055555556,0.23570226,0.055555556,0.23570226,0.055555556,0.23570226,0.0,0.0,0.0,0.0
14_21_02.bmp,2.1666666666666665,0.111111111,0.323380833,0.166666667,0.383482494,0.888888889,0.323380833,0.0,0.0,0.0,0.0,0.111111111,0.323380833,0.055555556,0.23570226
07_08_01.bmp,3.111111111111111,0.277777778,0.460888599,0.555555556,0.511309993,0.055555556,0.23570226,0.0,0.0,0.166666667,0.383482494,0.055555556,0.23570226,0.055555556,0.23570226
10_16_03.bmp,2.833333333333333,0.055555556,0.23570226,0.611111111,0.501631326,0.055555556,0.23570226,0.166666667,0.383482494,0.333333333,0.48507125,0.166666667,0.383482494,0.0,0.0
27_23_04.bmp,2.055555555555556,0.0,0.0,0.222222222,0.427792632,0.0,0.0,0.777777778,0.427792632,0.222222222,0.427792632,0.0,0.0,0.166666667,0.383482494
09_16_04.bmp,2.111111111111111,0.166666667,0.383482494,0.888888889,0.323380833,0.0,0.0,0.0,0.0,0.111111111,0.323380833,0.111111111,0.323380833,0.0,0.0
13_06_02.bmp,3.111111111111111,0.222222222,0.427792632,0.333333333,0.48507125,0.166666667,0.383482494,0.055555556,0.23570226,0.166666667,0.383482494,0.166666667,0.383482494,0.055555556,0.23570226
0633.jpg,3.388888888888889,0.111111111,0.323380833,0.444444444,0.511309993,0.0,0.0,0.166666667,0.383482494,0.166666667,0.383482494,0.055555556,0.23570226,0.055555556,0.23570226
29_23_04.bmp,2.2222222222222223,0.111111111,0.323380833,0.222222222,0.427792632,0.0,0.0,0.666666667,0.48507125,0.111111111,0.323380833,0.111111111,0.323380833,0.166666667,0.383482494
06_03_03.bmp,2.7222222222222223,0.111111111,0.323380833,0.777777778,0.427792632,0.055555556,0.23570226,0.0,0.0,0.055555556,0.23570226,0.055555556,0.23570226,0.111111111,0.323380833
0423.jpg,2.5,0.055555556,0.23570226,0.777777778,0.427792632,0.111111111,0.323380833,0.055555556,0.23570226,0.111111111,0.323380833,0.0,0.0,0.0,0.0
0925.jpg,1.3888888888888888,0.0,0.0,0.944444444,0.23570226,0.0,0.0,0.166666667,0.383482494,0.333333333,0.48507125,0.0,0.0,0.0,0.0
0405.jpg,2.888888888888889,0.055555556,0.23570226,0.833333333,0.383482494,0.0,0.0,0.055555556,0.23570226,0.111111111,0.323380833,0.0,0.0,0.055555556,0.23570226
14_17_04.bmp,2.555555555555556,0.166666667,0.383482494,0.444444444,0.511309993,0.111111111,0.323380833,0.0,0.0,0.111111111,0.323380833,0.111111111,0.323380833,0.166666667,0.383482494
0666.jpg,3.333333333333333,0.055555556,0.23570226,0.5,0.514495755,0.055555556,0.23570226,0.055555556,0.23570226,0.166666667,0.383482494,0.055555556,0.23570226,0.055555556,0.23570226
11_24_04.bmp,1.7777777777777777,0.055555556,0.23570226,0.833333333,0.383482494,0.0,0.0,0.0,0.0,0.277777778,0.460888599,0.0,0.0,0.111111111,0.323380833
29_05_05.bmp,1.8888888888888888,0.444444444,0.511309993,0.722222222,0.460888599,0.055555556,0.23570226,0.0,0.0,0.111111111,0.323380833,0.055555556,0.23570226,0.055555556,0.23570226
0940.jpg,3.0,0.055555556,0.23570226,0.333333333,0.48507125,0.0,0.0,0.666666667,0.48507125,0.166666667,0.383482494,0.0,0.0,0.055555556,0.23570226
28_19_02.bmp,2.888888888888889,0.166666667,0.383482494,0.666666667,0.48507125,0.111111111,0.323380833,0.055555556,0.23570226,0.166666667,0.383482494,0.0,0.0,0.0,0.0
0514.jpg,2.2222222222222223,0.111111111,0.323380833,0.555555556,0.511309993,0.0,0.0,0.555555556,0.511309993,0.722222222,0.460888599,0.0,0.0,0.0,0.0
0355.jpg,3.2777777777777777,0.111111111,0.323380833,0.833333333,0.383482494,0.0,0.0,0.055555556,0.23570226,0.0,0.0,0.055555556,0.23570226,0.0,0.0
27_21_04.bmp,2.0,0.166666667,0.383482494,0.388888889,0.501631326,0.166666667,0.383482494,0.555555556,0.511309993,0.277777778,0.460888599,0.055555556,0.23570226,0.0,0.0
35_06_02.bmp,2.2777777777777777,0.333333333,0.48507125,0.555555556,0.511309993,0.277777778,0.460888599,0.0,0.0,0.0,0.0,0.166666667,0.383482494,0.055555556,0.23570226
06_04_04.bmp,3.0,0.333333333,0.48507125,0.111111111,0.323380833,0.166666667,0.383482494,0.111111111,0.323380833,0.055555556,0.23570226,0.222222222,0.427792632,0.055555556,0.23570226
03_13_02.bmp,3.888888888888889,0.166666667,0.383482494,0.111111111,0.323380833,0.222222222,0.427792632,0.0,0.0,0.111111111,0.323380833,0.055555556,0.23570226,0.055555556,0.23570226
0127.jpg,2.4444444444444446,0.111111111,0.323380833,0.277777778,0.460888599,0.888888889,0.323380833,0.111111111,0.323380833,0.055555556,0.23570226,0.055555556,0.23570226,0.055555556,0.23570226
09_04_01.bmp,3.5,0.111111111,0.323380833,0.5,0.514495755,0.166666667,0.383482494,0.055555556,0.23570226,0.111111111,0.323380833,0.055555556,0.23570226,0.0,0.0
03_18_05.bmp,1.9444444444444444,0.277777778,0.460888599,0.722222222,0.460888599,0.0,0.0,0.055555556,0.23570226,0.166666667,0.383482494,0.055555556,0.23570226,0.111111111,0.323380833
36_19_03.bmp,3.055555555555556,0.055555556,0.23570226,0.5,0.514495755,0.166666667,0.383482494,0.0,0.0,0.055555556,0.23570226,0.0,0.0,0.111111111,0.323380833
05_07_01.bmp,3.1666666666666665,0.166666667,0.383482494,0.444444444,0.511309993,0.055555556,0.23570226,0.0,0.0,0.0,0.0,0.055555556,0.23570226,0.111111111,0.323380833
07_24_03.bmp,2.111111111111111,0.111111111,0.323380833,0.833333333,0.383482494,0.111111111,0.323380833,0.0,0.0,0.111111111,0.323380833,0.055555556,0.23570226,0.0,0.0
03_06_05.bmp,1.7777777777777777,0.388888889,0.501631326,0.333333333,0.48507125,0.333333333,0.48507125,0.0,0.0,0.166666667,0.383482494,0.111111111,0.323380833,0.055555556,0.23570226
0996.jpg,2.7777777777777777,0.055555556,0.23570226,0.333333333,0.48507125,0.0,0.0,0.611111111,0.501631326,0.388888889,0.501631326,0.055555556,0.23570226,0.0,0.0
33_12_05.bmp,2.2777777777777777,0.611111111,0.501631326,0.388888889,0.501631326,0.0,0.0,0.055555556,0.23570226,0.444444444,0.511309993,0.055555556,0.23570226,0.0,0.0
07_13_05.bmp,1.8333333333333333,0.055555556,0.23570226,0.277777778,0.460888599,0.944444444,0.23570226,0.0,0.0,0.111111111,0.323380833,0.0,0.0,0.055555556,0.23570226
10_24_04.bmp,1.7222222222222223,0.055555556,0.23570226,0.888888889,0.323380833,0.0,0.0,0.055555556,0.23570226,0.277777778,0.460888599,0.111111111,0.323380833,0.055555556,0.23570226
35_22_05.bmp,1.6666666666666667,0.277777778,0.460888599,0.888888889,0.323380833,0.055555556,0.23570226,0.055555556,0.23570226,0.0,0.0,0.055555556,0.23570226,0.0,0.0
22_06_03.bmp,2.4444444444444446,0.388888889,0.501631326,0.444444444,0.511309993,0.222222222,0.427792632,0.0,0.0,0.111111111,0.323380833,0.222222222,0.427792632,0.0,0.0
02_20_05.bmp,1.5555555555555556,0.555555556,0.511309993,0.333333333,0.48507125,0.444444444,0.511309993,0.166666667,0.383482494,0.222222222,0.427792632,0.055555556,0.23570226,0.0,0.0
31_16_01.bmp,3.111111111111111,0.055555556,0.23570226,0.388888889,0.501631326,0.222222222,0.427792632,0.0,0.0,0.166666667,0.383482494,0.055555556,0.23570226,0.055555556,0.23570226
27_13_02.bmp,3.1666666666666665,0.055555556,0.23570226,0.277777778,0.460888599,0.166666667,0.383482494,0.055555556,0.23570226,0.555555556,0.511309993,0.055555556,0.23570226,0.055555556,0.23570226
08_04_03.bmp,3.5,0.388888889,0.501631326,0.166666667,0.383482494,0.222222222,0.427792632,0.0,0.0,0.166666667,0.383482494,0.0,0.0,0.0,0.0
01248.jpg,2.6666666666666665,0.333333333,0.48507125,0.833333333,0.383482494,0.0,0.0,0.111111111,0.323380833,0.166666667,0.383482494,0.055555556,0.23570226,0.055555556,0.23570226
17_13_02.bmp,3.388888888888889,0.0,0.0,0.444444444,0.511309993,0.388888889,0.501631326,0.0,0.0,0.166666667,0.383482494,0.055555556,0.23570226,0.055555556,0.23570226
14_12_04.bmp,2.1666666666666665,0.777777778,0.427792632,0.222222222,0.427792632,0.111111111,0.323380833,0.0,0.0,0.055555556,0.23570226,0.055555556,0.23570226,0.055555556,0.23570226
14_19_04.bmp,2.1666666666666665,0.333333333,0.48507125,0.444444444,0.511309993,0.444444444,0.511309993,0.0,0.0,0.0,0.0,0.055555556,0.23570226,0.055555556,0.23570226
35_07_04.bmp,1.5,0.055555556,0.23570226,0.888888889,0.323380833,0.055555556,0.23570226,0.0,0.0,0.055555556,0.23570226,0.055555556,0.23570226,0.111111111,0.323380833
20_07_03.bmp,2.388888888888889,0.166666667,0.383482494,0.777777778,0.427792632,0.111111111,0.323380833,0.0,0.0,0.111111111,0.323380833,0.111111111,0.323380833,0.0,0.0
24_05_02.bmp,3.1666666666666665,0.111111111,0.323380833,0.777777778,0.427792632,0.055555556,0.23570226,0.0,0.0,0.0,0.0,0.0,0.0,0.0,0.0
19_18_04.bmp,2.1666666666666665,0.055555556,0.23570226,0.777777778,0.427792632,0.055555556,0.23570226,0.055555556,0.23570226,0.166666667,0.383482494,0.111111111,0.323380833,0.055555556,0.23570226
34_08_02.bmp,3.055555555555556,0.055555556,0.23570226,0.666666667,0.48507125,0.111111111,0.323380833,0.0,0.0,0.0,0.0,0.0,0.0,0.055555556,0.23570226
09_19_01.bmp,3.5,0.166666667,0.383482494,0.444444444,0.511309993,0.111111111,0.323380833,0.055555556,0.23570226,0.111111111,0.323380833,0.055555556,0.23570226,0.055555556,0.23570226
15_03_04.bmp,2.2777777777777777,0.111111111,0.323380833,0.777777778,0.427792632,0.0,0.0,0.0,0.0,0.277777778,0.460888599,0.0,0.0,0.055555556,0.23570226
0600.jpg,3.1666666666666665,0.166666667,0.383482494,0.388888889,0.501631326,0.055555556,0.23570226,0.111111111,0.323380833,0.333333333,0.48507125,0.166666667,0.383482494,0.0,0.0
0307.jpg,1.8333333333333333,0.055555556,0.23570226,0.944444444,0.23570226,0.055555556,0.23570226,0.166666667,0.383482494,0.222222222,0.427792632,0.0,0.0,0.0,0.0
31_01_03.bmp,2.833333333333333,0.0,0.0,0.833333333,0.383482494,0.0,0.0,0.055555556,0.23570226,0.222222222,0.427792632,0.0,0.0,0.055555556,0.23570226
0933.jpg,2.7222222222222223,0.055555556,0.23570226,0.388888889,0.501631326,0.0,0.0,0.722222222,0.460888599,0.333333333,0.48507125,0.055555556,0.23570226,0.055555556,0.23570226
17_12_03.bmp,2.555555555555556,0.666666667,0.48507125,0.277777778,0.460888599,0.055555556,0.23570226,0.0,0.0,0.222222222,0.427792632,0.111111111,0.323380833,0.0,0.0
08_10_01.bmp,4.166666666666667,0.222222222,0.427792632,0.166666667,0.383482494,0.055555556,0.23570226,0.055555556,0.23570226,0.111111111,0.323380833,0.0,0.0,0.055555556,0.23570226
17_05_02.bmp,3.1666666666666665,0.222222222,0.427792632,0.666666667,0.48507125,0.055555556,0.23570226,0.055555556,0.23570226,0.222222222,0.427792632,0.111111111,0.323380833,0.0,0.0
22_21_02.bmp,2.7222222222222223,0.111111111,0.323380833,0.166666667,0.383482494,0.722222222,0.460888599,0.0,0.0,0.055555556,0.23570226,0.0,0.0,0.0,0.0
0393.jpg,3.2222222222222223,0.055555556,0.23570226,0.777777778,0.427792632,0.055555556,0.23570226,0.166666667,0.383482494,0.0,0.0,0.0,0.0,0.0,0.0
24_03_04.bmp,2.388888888888889,0.055555556,0.23570226,0.777777778,0.427792632,0.0,0.0,0.0,0.0,0.055555556,0.23570226,0.055555556,0.23570226,0.055555556,0.23570226
05_02_01.bmp,2.9444444444444446,0.111111111,0.323380833,0.611111111,0.501631326,0.111111111,0.323380833,0.0,0.0,0.0,0.0,0.055555556,0.23570226,0.055555556,0.23570226
34_22_03.bmp,1.7222222222222223,0.222222222,0.427792632,0.833333333,0.383482494,0.166666667,0.383482494,0.055555556,0.23570226,0.0,0.0,0.0,0.0,0.0,0.0
0375.jpg,2.2222222222222223,0.055555556,0.23570226,0.888888889,0.323380833,0.055555556,0.23570226,0.111111111,0.323380833,0.055555556,0.23570226,0.0,0.0,0.0,0.0
03_21_02.bmp,3.388888888888889,0.111111111,0.323380833,0.111111111,0.323380833,0.555555556,0.511309993,0.0,0.0,0.055555556,0.23570226,0.0,0.0,0.055555556,0.23570226
24_04_02.bmp,3.0,0.333333333,0.48507125,0.277777778,0.460888599,0.277777778,0.460888599,0.111111111,0.323380833,0.055555556,0.23570226,0.0,0.0,0.0,0.0
08_11_03.bmp,3.0,0.888888889,0.323380833,0.055555556,0.23570226,0.0,0.0,0.111111111,0.323380833,0.055555556,0.23570226,0.055555556,0.23570226,0.0,0.0
19_10_05.bmp,2.2777777777777777,0.833333333,0.383482494,0.388888889,0.501631326,0.055555556,0.23570226,0.0,0.0,0.111111111,0.323380833,0.055555556,0.23570226,0.0,0.0
03_12_05.bmp,2.4444444444444446,0.777777778,0.427792632,0.222222222,0.427792632,0.111111111,0.323380833,0.0,0.0,0.222222222,0.427792632,0.055555556,0.23570226,0.0,0.0
25_05_05.bmp,1.6666666666666667,0.444444444,0.511309993,0.666666667,0.48507125,0.166666667,0.383482494,0.0,0.0,0.111111111,0.323380833,0.0,0.0,0.055555556,0.23570226
31_09_03.bmp,2.833333333333333,0.722222222,0.460888599,0.277777778,0.460888599,0.055555556,0.23570226,0.0,0.0,0.166666667,0.383482494,0.0,0.0,0.055555556,0.23570226
10_01_03.bmp,2.333333333333333,0.0,0.0,0.777777778,0.427792632,0.0,0.0,0.111111111,0.323380833,0.444444444,0.511309993,0.222222222,0.427792632,0.055555556,0.23570226
14_17_05.bmp,2.333333333333333,0.166666667,0.383482494,0.444444444,0.511309993,0.055555556,0.23570226,0.0,0.0,0.166666667,0.383482494,0.166666667,0.383482494,0.277777778,0.460888599
34_11_01.bmp,3.1666666666666665,0.555555556,0.511309993,0.333333333,0.48507125,0.277777778,0.460888599,0.055555556,0.23570226,0.0,0.0,0.0,0.0,0.055555556,0.23570226
17_09_03.bmp,2.5,0.777777778,0.427792632,0.222222222,0.427792632,0.111111111,0.323380833,0.0,0.0,0.222222222,0.427792632,0.055555556,0.23570226,0.055555556,0.23570226
34_14_02.bmp,3.4444444444444446,0.111111111,0.323380833,0.5,0.514495755,0.166666667,0.383482494,0.0,0.0,0.0,0.0,0.0,0.0,0.055555556,0.23570226
01203.jpg,3.5,0.277777778,0.460888599,0.388888889,0.501631326,0.0,0.0,0.166666667,0.383482494,0.333333333,0.48507125,0.055555556,0.23570226,0.0,0.0
20_23_05.bmp,2.0,0.111111111,0.323380833,0.166666667,0.383482494,0.0,0.0,0.722222222,0.460888599,0.111111111,0.323380833,0.0,0.0,0.111111111,0.323380833
0070.jpg,2.6666666666666665,0.111111111,0.323380833,0.444444444,0.511309993,0.944444444,0.23570226,0.055555556,0.23570226,0.0,0.0,0.0,0.0,0.055555556,0.23570226
23_23_05.bmp,1.8333333333333333,0.055555556,0.23570226,0.277777778,0.460888599,0.055555556,0.23570226,0.777777778,0.427792632,0.111111111,0.323380833,0.0,0.0,0.111111111,0.323380833
31_11_01.bmp,3.2777777777777777,0.333333333,0.48507125,0.277777778,0.460888599,0.0,0.0,0.055555556,0.23570226,0.222222222,0.427792632,0.0,0.0,0.055555556,0.23570226
0465.jpg,3.1666666666666665,0.055555556,0.23570226,0.111111111,0.323380833,0.055555556,0.23570226,0.166666667,0.383482494,0.777777778,0.427792632,0.055555556,0.23570226,0.0,0.0
01_17_05.bmp,2.055555555555556,0.111111111,0.323380833,0.5,0.514495755,0.166666667,0.383482494,0.055555556,0.23570226,0.333333333,0.48507125,0.055555556,0.23570226,0.277777778,0.460888599
08_18_04.bmp,2.833333333333333,0.444444444,0.511309993,0.555555556,0.511309993,0.055555556,0.23570226,0.0,0.0,0.055555556,0.23570226,0.055555556,0.23570226,0.055555556,0.23570226
26_01_05.bmp,1.6111111111111112,0.055555556,0.23570226,0.888888889,0.323380833,0.055555556,0.23570226,0.0,0.0,0.0,0.0,0.0,0.0,0.0,0.0
09_25_04.bmp,2.111111111111111,0.055555556,0.23570226,0.111111111,0.323380833,0.055555556,0.23570226,0.0,0.0,0.055555556,0.23570226,0.0,0.0,0.944444444,0.23570226
21_24_03.bmp,1.8333333333333333,0.111111111,0.323380833,0.944444444,0.23570226,0.055555556,0.23570226,0.0,0.0,0.0,0.0,0.0,0.0,0.0,0.0
0502.jpg,2.6666666666666665,0.111111111,0.323380833,0.5,0.514495755,0.055555556,0.23570226,0.444444444,0.511309993,0.722222222,0.460888599,0.0,0.0,0.0,0.0
16_12_01.bmp,3.4444444444444446,0.222222222,0.427792632,0.166666667,0.383482494,0.0,0.0,0.0,0.0,0.333333333,0.48507125,0.333333333,0.48507125,0.0,0.0
27_09_01.bmp,3.2222222222222223,0.611111111,0.501631326,0.5,0.514495755,0.0,0.0,0.0,0.0,0.333333333,0.48507125,0.055555556,0.23570226,0.055555556,0.23570226
01455.jpg,3.2222222222222223,0.055555556,0.23570226,0.722222222,0.460888599,0.111111111,0.323380833,0.055555556,0.23570226,0.0,0.0,0.0,0.0,0.0,0.0
29_09_04.bmp,2.4444444444444446,0.777777778,0.427792632,0.166666667,0.383482494,0.0,0.0,0.0,0.0,0.111111111,0.323380833,0.166666667,0.383482494,0.055555556,0.23570226
26_16_04.bmp,2.333333333333333,0.166666667,0.383482494,0.777777778,0.427792632,0.055555556,0.23570226,0.222222222,0.427792632,0.055555556,0.23570226,0.0,0.0,0.0,0.0
01_04_04.bmp,2.7777777777777777,0.111111111,0.323380833,0.666666667,0.48507125,0.166666667,0.383482494,0.0,0.0,0.0,0.0,0.111111111,0.323380833,0.055555556,0.23570226
34_18_02.bmp,2.111111111111111,0.111111111,0.323380833,0.888888889,0.323380833,0.166666667,0.383482494,0.0,0.0,0.055555556,0.23570226,0.055555556,0.23570226,0.055555556,0.23570226
05_17_01.bmp,3.0,0.166666667,0.383482494,0.5,0.514495755,0.222222222,0.427792632,0.0,0.0,0.0,0.0,0.166666667,0.383482494,0.166666667,0.383482494
04_16_05.bmp,1.7777777777777777,0.277777778,0.460888599,0.944444444,0.23570226,0.0,0.0,0.0,0.0,0.166666667,0.383482494,0.0,0.0,0.0,0.0
19_19_03.bmp,2.833333333333333,0.111111111,0.323380833,0.333333333,0.48507125,0.388888889,0.501631326,0.055555556,0.23570226,0.111111111,0.323380833,0.166666667,0.383482494,0.055555556,0.23570226
26_16_05.bmp,1.6666666666666667,0.111111111,0.323380833,0.777777778,0.427792632,0.0,0.0,0.277777778,0.460888599,0.111111111,0.323380833,0.0,0.0,0.055555556,0.23570226
06_13_05.bmp,2.9444444444444446,0.111111111,0.323380833,0.055555556,0.23570226,0.722222222,0.460888599,0.0,0.0,0.0,0.0,0.055555556,0.23570226,0.111111111,0.323380833
09_15_05.bmp,2.833333333333333,0.222222222,0.427792632,0.444444444,0.511309993,0.111111111,0.323380833,0.277777778,0.460888599,0.166666667,0.383482494,0.055555556,0.23570226,0.055555556,0.23570226
06_23_04.bmp,2.5,0.055555556,0.23570226,0.166666667,0.383482494,0.0,0.0,0.722222222,0.460888599,0.0,0.0,0.055555556,0.23570226,0.055555556,0.23570226
01_05_02.bmp,2.555555555555556,0.277777778,0.460888599,0.722222222,0.460888599,0.166666667,0.383482494,0.0,0.0,0.0,0.0,0.055555556,0.23570226,0.055555556,0.23570226
22_22_03.bmp,2.2777777777777777,0.222222222,0.427792632,0.833333333,0.383482494,0.0,0.0,0.055555556,0.23570226,0.055555556,0.23570226,0.166666667,0.383482494,0.0,0.0
02_23_04.bmp,2.555555555555556,0.055555556,0.23570226,0.222222222,0.427792632,0.055555556,0.23570226,0.777777778,0.427792632,0.222222222,0.427792632,0.055555556,0.23570226,0.111111111,0.323380833
30_03_02.bmp,3.4444444444444446,0.055555556,0.23570226,0.5,0.514495755,0.111111111,0.323380833,0.0,0.0,0.333333333,0.48507125,0.055555556,0.23570226,0.0,0.0
0753.jpg,3.7777777777777777,0.055555556,0.23570226,0.444444444,0.511309993,0.055555556,0.23570226,0.0,0.0,0.0,0.0,0.055555556,0.23570226,0.055555556,0.23570226
0165.jpg,2.9444444444444446,0.166666667,0.383482494,0.277777778,0.460888599,0.833333333,0.383482494,0.0,0.0,0.055555556,0.23570226,0.0,0.0,0.055555556,0.23570226
01172.jpg,4.611111111111111,0.055555556,0.23570226,0.0,0.0,0.055555556,0.23570226,0.055555556,0.23570226,0.111111111,0.323380833,0.0,0.0,0.055555556,0.23570226
30_08_04.bmp,2.333333333333333,0.388888889,0.501631326,0.555555556,0.511309993,0.055555556,0.23570226,0.055555556,0.23570226,0.277777778,0.460888599,0.055555556,0.23570226,0.0,0.0
05_03_05.bmp,1.5,0.0,0.0,0.833333333,0.383482494,0.055555556,0.23570226,0.0,0.0,0.055555556,0.23570226,0.111111111,0.323380833,0.0,0.0
02_12_03.bmp,2.7222222222222223,0.777777778,0.427792632,0.388888889,0.501631326,0.111111111,0.323380833,0.0,0.0,0.5,0.514495755,0.055555556,0.23570226,0.0,0.0
25_12_01.bmp,3.055555555555556,0.5,0.514495755,0.388888889,0.501631326,0.055555556,0.23570226,0.0,0.0,0.111111111,0.323380833,0.111111111,0.323380833,0.055555556,0.23570226
1141.jpg,2.611111111111111,0.055555556,0.23570226,0.388888889,0.501631326,0.055555556,0.23570226,0.388888889,0.501631326,0.055555556,0.23570226,0.666666667,0.48507125,0.0,0.0
23_10_05.bmp,2.111111111111111,0.722222222,0.460888599,0.333333333,0.48507125,0.111111111,0.323380833,0.0,0.0,0.222222222,0.427792632,0.0,0.0,0.055555556,0.23570226
0567.jpg,3.388888888888889,0.055555556,0.23570226,0.388888889,0.501631326,0.0,0.0,0.055555556,0.23570226,0.555555556,0.511309993,0.111111111,0.323380833,0.111111111,0.323380833
0443.jpg,3.0,0.0,0.0,0.833333333,0.383482494,0.055555556,0.23570226,0.0,0.0,0.111111111,0.323380833,0.055555556,0.23570226,0.055555556,0.23570226
01322.jpg,2.7777777777777777,0.5,0.514495755,0.666666667,0.48507125,0.111111111,0.323380833,0.0,0.0,0.222222222,0.427792632,0.166666667,0.383482494,0.0,0.0
32_02_03.bmp,2.0,0.055555556,0.23570226,0.944444444,0.23570226,0.166666667,0.383482494,0.0,0.0,0.444444444,0.511309993,0.055555556,0.23570226,0.0,0.0
0048.jpg,3.2222222222222223,0.055555556,0.23570226,0.277777778,0.460888599,0.833333333,0.383482494,0.0,0.0,0.222222222,0.427792632,0.0,0.0,0.055555556,0.23570226
28_18_04.bmp,2.9444444444444446,0.055555556,0.23570226,0.666666667,0.48507125,0.055555556,0.23570226,0.055555556,0.23570226,0.111111111,0.323380833,0.111111111,0.323380833,0.0,0.0
25_23_04.bmp,2.055555555555556,0.055555556,0.23570226,0.222222222,0.427792632,0.111111111,0.323380833,0.666666667,0.48507125,0.111111111,0.323380833,0.0,0.0,0.166666667,0.383482494
12_16_05.bmp,1.5,0.222222222,0.427792632,0.944444444,0.23570226,0.055555556,0.23570226,0.0,0.0,0.0,0.0,0.0,0.0,0.055555556,0.23570226
29_02_01.bmp,3.4444444444444446,0.111111111,0.323380833,0.5,0.514495755,0.0,0.0,0.055555556,0.23570226,0.111111111,0.323380833,0.055555556,0.23570226,0.055555556,0.23570226
01_01_03.bmp,2.7222222222222223,0.111111111,0.323380833,0.777777778,0.427792632,0.111111111,0.323380833,0.0,0.0,0.0,0.0,0.0,0.0,0.055555556,0.23570226
31_07_05.bmp,1.3888888888888888,0.111111111,0.323380833,0.833333333,0.383482494,0.055555556,0.23570226,0.0,0.0,0.111111111,0.323380833,0.055555556,0.23570226,0.0,0.0
10_08_01.bmp,3.055555555555556,0.166666667,0.383482494,0.611111111,0.501631326,0.055555556,0.23570226,0.0,0.0,0.333333333,0.48507125,0.222222222,0.427792632,0.055555556,0.23570226
0001.jpg,3.0588235294117645,0.058823529,0.242535625,0.411764706,0.507299656,0.882352941,0.332105582,0.0,0.0,0.176470588,0.392952624,0.0,0.0,0.0,0.0
20_22_04.bmp,2.0,0.111111111,0.323380833,0.833333333,0.383482494,0.055555556,0.23570226,0.0,0.0,0.111111111,0.323380833,0.055555556,0.23570226,0.0,0.0
27_09_05.bmp,2.1666666666666665,0.777777778,0.427792632,0.277777778,0.460888599,0.0,0.0,0.055555556,0.23570226,0.388888889,0.501631326,0.111111111,0.323380833,0.0,0.0
27_05_02.bmp,3.0,0.277777778,0.460888599,0.5,0.514495755,0.055555556,0.23570226,0.0,0.0,0.5,0.514495755,0.0,0.0,0.111111111,0.323380833
24_12_01.bmp,3.5,0.111111111,0.323380833,0.388888889,0.501631326,0.166666667,0.383482494,0.0,0.0,0.0,0.0,0.055555556,0.23570226,0.055555556,0.23570226
01426.jpg,3.7777777777777777,0.0,0.0,0.444444444,0.511309993,0.166666667,0.383482494,0.055555556,0.23570226,0.0,0.0,0.0,0.0,0.0,0.0
16_19_03.bmp,2.7222222222222223,0.111111111,0.323380833,0.333333333,0.48507125,0.333333333,0.48507125,0.055555556,0.23570226,0.333333333,0.48507125,0.388888889,0.501631326,0.0,0.0
0492.jpg,3.5,0.055555556,0.23570226,0.333333333,0.48507125,0.055555556,0.23570226,0.0,0.0,0.611111111,0.501631326,0.0,0.0,0.055555556,0.23570226
0760.jpg,3.6666666666666665,0.055555556,0.23570226,0.444444444,0.511309993,0.0,0.0,0.0,0.0,0.166666667,0.383482494,0.055555556,0.23570226,0.055555556,0.23570226
37_03_02.bmp,3.5,0.055555556,0.23570226,0.611111111,0.501631326,0.055555556,0.23570226,0.055555556,0.23570226,0.111111111,0.323380833,0.055555556,0.23570226,0.0,0.0
21_17_04.bmp,2.4444444444444446,0.055555556,0.23570226,0.5,0.514495755,0.0,0.0,0.0,0.0,0.111111111,0.323380833,0.222222222,0.427792632,0.166666667,0.383482494
29_10_04.bmp,2.6666666666666665,0.833333333,0.383482494,0.166666667,0.383482494,0.0,0.0,0.0,0.0,0.111111111,0.323380833,0.166666667,0.383482494,0.0,0.0
06_25_05.bmp,1.8888888888888888,0.055555556,0.23570226,0.055555556,0.23570226,0.111111111,0.323380833,0.0,0.0,0.0,0.0,0.0,0.0,0.944444444,0.23570226
06_01_04.bmp,2.1666666666666665,0.0,0.0,0.888888889,0.323380833,0.111111111,0.323380833,0.055555556,0.23570226,0.0,0.0,0.055555556,0.23570226,0.055555556,0.23570226
31_12_02.bmp,2.833333333333333,0.611111111,0.501631326,0.166666667,0.383482494,0.0,0.0,0.0,0.0,0.166666667,0.383482494,0.055555556,0.23570226,0.055555556,0.23570226
03_13_04.bmp,3.5,0.055555556,0.23570226,0.222222222,0.427792632,0.666666667,0.48507125,0.0,0.0,0.055555556,0.23570226,0.0,0.0,0.111111111,0.323380833
1028.jpg,3.111111111111111,0.055555556,0.23570226,0.555555556,0.511309993,0.111111111,0.323380833,0.444444444,0.511309993,0.111111111,0.323380833,0.0,0.0,0.055555556,0.23570226
11_14_03.bmp,2.4444444444444446,0.055555556,0.23570226,0.222222222,0.427792632,0.111111111,0.323380833,0.777777778,0.427792632,0.277777778,0.460888599,0.055555556,0.23570226,0.0,0.0
0088.jpg,1.8888888888888888,0.0,0.0,0.5,0.514495755,1.0,0.0,0.0,0.0,0.0,0.0,0.0,0.0,0.055555556,0.23570226
15_25_02.bmp,2.7222222222222223,0.055555556,0.23570226,0.055555556,0.23570226,0.0,0.0,0.111111111,0.323380833,0.222222222,0.427792632,0.0,0.0,0.888888889,0.323380833
29_22_01.bmp,3.2222222222222223,0.111111111,0.323380833,0.555555556,0.511309993,0.0,0.0,0.111111111,0.323380833,0.055555556,0.23570226,0.111111111,0.323380833,0.0,0.0
01_12_02.bmp,2.5,0.722222222,0.460888599,0.611111111,0.501631326,0.166666667,0.383482494,0.0,0.0,0.0,0.0,0.0,0.0,0.111111111,0.323380833
0529.jpg,2.7777777777777777,0.166666667,0.383482494,0.444444444,0.511309993,0.0,0.0,0.222222222,0.427792632,0.777777778,0.427792632,0.055555556,0.23570226,0.055555556,0.23570226
10_22_04.bmp,1.9444444444444444,0.166666667,0.383482494,0.888888889,0.323380833,0.0,0.0,0.055555556,0.23570226,0.277777778,0.460888599,0.222222222,0.427792632,0.0,0.0
35_06_04.bmp,1.6666666666666667,0.444444444,0.511309993,0.5,0.514495755,0.277777778,0.460888599,0.111111111,0.323380833,0.0,0.0,0.166666667,0.383482494,0.055555556,0.23570226
20_13_04.bmp,2.2777777777777777,0.055555556,0.23570226,0.111111111,0.323380833,0.888888889,0.323380833,0.0,0.0,0.055555556,0.23570226,0.055555556,0.23570226,0.055555556,0.23570226
20_15_04.bmp,3.1666666666666665,0.055555556,0.23570226,0.277777778,0.460888599,0.111111111,0.323380833,0.222222222,0.427792632,0.166666667,0.383482494,0.111111111,0.323380833,0.0,0.0
0072.jpg,3.333333333333333,0.055555556,0.23570226,0.222222222,0.427792632,0.722222222,0.460888599,0.0,0.0,0.111111111,0.323380833,0.0,0.0,0.0,0.0
01259.jpg,3.333333333333333,0.333333333,0.48507125,0.444444444,0.511309993,0.055555556,0.23570226,0.0,0.0,0.111111111,0.323380833,0.055555556,0.23570226,0.055555556,0.23570226
30_05_02.bmp,3.2777777777777777,0.277777778,0.460888599,0.5,0.514495755,0.111111111,0.323380833,0.0,0.0,0.333333333,0.48507125,0.0,0.0,0.0,0.0
12_15_01.bmp,2.5,0.055555556,0.23570226,0.111111111,0.323380833,0.944444444,0.23570226,0.0,0.0,0.055555556,0.23570226,0.0,0.0,0.055555556,0.23570226
19_20_02.bmp,2.388888888888889,0.5,0.514495755,0.166666667,0.383482494,0.222222222,0.427792632,0.222222222,0.427792632,0.111111111,0.323380833,0.055555556,0.23570226,0.055555556,0.23570226
12_12_03.bmp,2.6666666666666665,0.666666667,0.48507125,0.277777778,0.460888599,0.055555556,0.23570226,0.055555556,0.23570226,0.111111111,0.323380833,0.055555556,0.23570226,0.055555556,0.23570226
01302.jpg,2.7222222222222223,0.444444444,0.511309993,0.888888889,0.323380833,0.0,0.0,0.0,0.0,0.166666667,0.383482494,0.055555556,0.23570226,0.0,0.0
25_09_03.bmp,2.388888888888889,0.722222222,0.460888599,0.388888889,0.501631326,0.111111111,0.323380833,0.0,0.0,0.166666667,0.383482494,0.0,0.0,0.0,0.0
09_10_01.bmp,3.2777777777777777,0.388888889,0.501631326,0.277777778,0.460888599,0.166666667,0.383482494,0.055555556,0.23570226,0.111111111,0.323380833,0.0,0.0,0.0,0.0
06_08_01.bmp,3.555555555555556,0.166666667,0.383482494,0.388888889,0.501631326,0.055555556,0.23570226,0.0,0.0,0.0,0.0,0.111111111,0.323380833,0.055555556,0.23570226
20_24_01.bmp,3.111111111111111,0.111111111,0.323380833,0.611111111,0.501631326,0.111111111,0.323380833,0.055555556,0.23570226,0.055555556,0.23570226,0.111111111,0.323380833,0.0,0.0
20_13_03.bmp,3.0,0.111111111,0.323380833,0.277777778,0.460888599,0.611111111,0.501631326,0.0,0.0,0.111111111,0.323380833,0.111111111,0.323380833,0.0,0.0
01474.jpg,3.7777777777777777,0.0,0.0,0.444444444,0.511309993,0.166666667,0.383482494,0.0,0.0,0.0,0.0,0.0,0.0,0.111111111,0.323380833
13_06_04.bmp,2.611111111111111,0.333333333,0.48507125,0.222222222,0.427792632,0.333333333,0.48507125,0.055555556,0.23570226,0.166666667,0.383482494,0.222222222,0.427792632,0.055555556,0.23570226
23_16_04.bmp,2.2777777777777777,0.166666667,0.383482494,0.833333333,0.383482494,0.0,0.0,0.0,0.0,0.166666667,0.383482494,0.0,0.0,0.0,0.0
37_14_02.bmp,3.0,0.111111111,0.323380833,0.444444444,0.511309993,0.0,0.0,0.555555556,0.511309993,0.055555556,0.23570226,0.055555556,0.23570226,0.055555556,0.23570226
0586.jpg,3.0,0.111111111,0.323380833,0.222222222,0.427792632,0.0,0.0,0.333333333,0.48507125,0.5,0.514495755,0.111111111,0.323380833,0.055555556,0.23570226
06_02_01.bmp,3.2222222222222223,0.111111111,0.323380833,0.555555556,0.511309993,0.055555556,0.23570226,0.0,0.0,0.0,0.0,0.055555556,0.23570226,0.111111111,0.323380833
18_21_03.bmp,2.4444444444444446,0.055555556,0.23570226,0.333333333,0.48507125,0.666666667,0.48507125,0.055555556,0.23570226,0.0,0.0,0.0,0.0,0.055555556,0.23570226
03_04_02.bmp,3.7777777777777777,0.111111111,0.323380833,0.222222222,0.427792632,0.166666667,0.383482494,0.055555556,0.23570226,0.111111111,0.323380833,0.055555556,0.23570226,0.055555556,0.23570226
23_20_02.bmp,2.388888888888889,0.333333333,0.48507125,0.277777778,0.460888599,0.333333333,0.48507125,0.222222222,0.427792632,0.222222222,0.427792632,0.0,0.0,0.0,0.0
34_13_05.bmp,2.0,0.111111111,0.323380833,0.277777778,0.460888599,0.777777778,0.427792632,0.0,0.0,0.0,0.0,0.055555556,0.23570226,0.111111111,0.323380833
34_10_04.bmp,2.2222222222222223,0.777777778,0.427792632,0.388888889,0.501631326,0.055555556,0.23570226,0.111111111,0.323380833,0.055555556,0.23570226,0.0,0.0,0.055555556,0.23570226
19_07_01.bmp,3.055555555555556,0.111111111,0.323380833,0.444444444,0.511309993,0.166666667,0.383482494,0.0,0.0,0.111111111,0.323380833,0.111111111,0.323380833,0.111111111,0.323380833
14_02_05.bmp,1.1666666666666667,0.0,0.0,0.944444444,0.23570226,0.111111111,0.323380833,0.0,0.0,0.055555556,0.23570226,0.055555556,0.23570226,0.0,0.0
35_18_04.bmp,2.0,0.166666667,0.383482494,0.888888889,0.323380833,0.111111111,0.323380833,0.0,0.0,0.0,0.0,0.0,0.0,0.055555556,0.23570226
27_01_01.bmp,3.111111111111111,0.0,0.0,0.388888889,0.501631326,0.055555556,0.23570226,0.055555556,0.23570226,0.611111111,0.501631326,0.0,0.0,0.0,0.0
04_25_02.bmp,2.555555555555556,0.111111111,0.323380833,0.388888889,0.501631326,0.055555556,0.23570226,0.0,0.0,0.111111111,0.323380833,0.0,0.0,0.944444444,0.23570226
11_25_01.bmp,2.9444444444444446,0.055555556,0.23570226,0.055555556,0.23570226,0.0,0.0,0.055555556,0.23570226,0.166666667,0.383482494,0.111111111,0.323380833,0.888888889,0.323380833
07_06_04.bmp,1.8888888888888888,0.444444444,0.511309993,0.388888889,0.501631326,0.222222222,0.427792632,0.0,0.0,0.111111111,0.323380833,0.166666667,0.383482494,0.111111111,0.323380833
0726.jpg,3.2222222222222223,0.055555556,0.23570226,0.277777778,0.460888599,0.055555556,0.23570226,0.0,0.0,0.277777778,0.460888599,0.222222222,0.427792632,0.055555556,0.23570226
28_14_04.bmp,2.2777777777777777,0.166666667,0.383482494,0.444444444,0.511309993,0.055555556,0.23570226,0.555555556,0.511309993,0.222222222,0.427792632,0.055555556,0.23570226,0.0,0.0
23_05_05.bmp,1.8888888888888888,0.333333333,0.48507125,0.722222222,0.460888599,0.055555556,0.23570226,0.055555556,0.23570226,0.277777778,0.460888599,0.055555556,0.23570226,0.0,0.0
37_11_04.bmp,2.4444444444444446,0.722222222,0.460888599,0.333333333,0.48507125,0.111111111,0.323380833,0.0,0.0,0.055555556,0.23570226,0.055555556,0.23570226,0.0,0.0
26_08_04.bmp,3.0,0.166666667,0.383482494,0.555555556,0.511309993,0.055555556,0.23570226,0.0,0.0,0.055555556,0.23570226,0.0,0.0,0.0,0.0
04_22_05.bmp,1.4444444444444444,0.166666667,0.383482494,0.888888889,0.323380833,0.166666667,0.383482494,0.055555556,0.23570226,0.166666667,0.383482494,0.0,0.0,0.0,0.0
0888.jpg,3.6666666666666665,0.166666667,0.383482494,0.444444444,0.511309993,0.055555556,0.23570226,0.055555556,0.23570226,0.111111111,0.323380833,0.055555556,0.23570226,0.055555556,0.23570226
21_03_04.bmp,2.055555555555556,0.111111111,0.323380833,0.888888889,0.323380833,0.0,0.0,0.0,0.0,0.0,0.0,0.0,0.0,0.0,0.0
01284.jpg,3.2222222222222223,0.111111111,0.323380833,0.277777778,0.460888599,0.0,0.0,0.0,0.0,0.5,0.514495755,0.277777778,0.460888599,0.444444444,0.511309993
21_12_05.bmp,2.0,0.777777778,0.427792632,0.388888889,0.501631326,0.055555556,0.23570226,0.055555556,0.23570226,0.055555556,0.23570226,0.0,0.0,0.0,0.0
10_23_01.bmp,3.1666666666666665,0.055555556,0.23570226,0.333333333,0.48507125,0.055555556,0.23570226,0.666666667,0.48507125,0.277777778,0.460888599,0.166666667,0.383482494,0.055555556,0.23570226
15_07_03.bmp,2.4444444444444446,0.277777778,0.460888599,0.666666667,0.48507125,0.0,0.0,0.0,0.0,0.277777778,0.460888599,0.0,0.0,0.055555556,0.23570226
01_11_05.bmp,1.6666666666666667,0.944444444,0.23570226,0.444444444,0.511309993,0.166666667,0.383482494,0.055555556,0.23570226,0.111111111,0.323380833,0.055555556,0.23570226,0.0,0.0
22_03_03.bmp,2.388888888888889,0.111111111,0.323380833,0.833333333,0.383482494,0.0,0.0,0.0,0.0,0.166666667,0.383482494,0.111111111,0.323380833,0.0,0.0
30_14_01.bmp,3.111111111111111,0.055555556,0.23570226,0.222222222,0.427792632,0.055555556,0.23570226,0.277777778,0.460888599,0.277777778,0.460888599,0.055555556,0.23570226,0.0,0.0
12_12_02.bmp,3.0,0.611111111,0.501631326,0.166666667,0.383482494,0.055555556,0.23570226,0.055555556,0.23570226,0.111111111,0.323380833,0.111111111,0.323380833,0.055555556,0.23570226
15_19_01.bmp,3.4444444444444446,0.111111111,0.323380833,0.388888889,0.501631326,0.111111111,0.323380833,0.055555556,0.23570226,0.222222222,0.427792632,0.0,0.0,0.055555556,0.23570226
36_09_01.bmp,3.111111111111111,0.555555556,0.511309993,0.5,0.514495755,0.111111111,0.323380833,0.0,0.0,0.055555556,0.23570226,0.0,0.0,0.111111111,0.323380833
17_20_01.bmp,2.611111111111111,0.277777778,0.460888599,0.333333333,0.48507125,0.222222222,0.427792632,0.166666667,0.383482494,0.166666667,0.383482494,0.0,0.0,0.111111111,0.323380833
1007.jpg,3.333333333333333,0.111111111,0.323380833,0.277777778,0.460888599,0.0,0.0,0.555555556,0.511309993,0.333333333,0.48507125,0.0,0.0,0.0,0.0
09_11_05.bmp,1.9444444444444444,0.777777778,0.427792632,0.333333333,0.48507125,0.055555556,0.23570226,0.0,0.0,0.166666667,0.383482494,0.055555556,0.23570226,0.0,0.0
1017.jpg,3.6666666666666665,0.055555556,0.23570226,0.333333333,0.48507125,0.0,0.0,0.222222222,0.427792632,0.111111111,0.323380833,0.055555556,0.23570226,0.055555556,0.23570226
17_07_02.bmp,3.0,0.277777778,0.460888599,0.611111111,0.501631326,0.055555556,0.23570226,0.055555556,0.23570226,0.166666667,0.383482494,0.111111111,0.323380833,0.055555556,0.23570226
01358.jpg,3.055555555555556,0.055555556,0.23570226,0.833333333,0.383482494,0.111111111,0.323380833,0.055555556,0.23570226,0.0,0.0,0.055555556,0.23570226,0.055555556,0.23570226
0286.jpg,2.388888888888889,0.277777778,0.460888599,0.333333333,0.48507125,0.055555556,0.23570226,0.722222222,0.460888599,0.111111111,0.323380833,0.0,0.0,0.055555556,0.23570226
10_16_01.bmp,2.9444444444444446,0.0,0.0,0.333333333,0.48507125,0.388888889,0.501631326,0.055555556,0.23570226,0.333333333,0.48507125,0.166666667,0.383482494,0.0,0.0
09_06_04.bmp,1.8333333333333333,0.222222222,0.427792632,0.5,0.514495755,0.166666667,0.383482494,0.111111111,0.323380833,0.222222222,0.427792632,0.166666667,0.383482494,0.055555556,0.23570226
23_16_05.bmp,1.7777777777777777,0.111111111,0.323380833,0.833333333,0.383482494,0.0,0.0,0.055555556,0.23570226,0.222222222,0.427792632,0.0,0.0,0.0,0.0
18_17_05.bmp,2.2777777777777777,0.111111111,0.323380833,0.5,0.514495755,0.055555556,0.23570226,0.055555556,0.23570226,0.111111111,0.323380833,0.111111111,0.323380833,0.277777778,0.460888599
27_22_05.bmp,1.6111111111111112,0.222222222,0.427792632,0.777777778,0.427792632,0.0,0.0,0.055555556,0.23570226,0.222222222,0.427792632,0.055555556,0.23570226,0.055555556,0.23570226
04_22_03.bmp,1.8333333333333333,0.222222222,0.427792632,0.833333333,0.383482494,0.222222222,0.427792632,0.0,0.0,0.166666667,0.383482494,0.0,0.0,0.055555556,0.23570226
31_25_04.bmp,2.1666666666666665,0.111111111,0.323380833,0.111111111,0.323380833,0.055555556,0.23570226,0.0,0.0,0.111111111,0.323380833,0.0,0.0,0.722222222,0.460888599
11_25_02.bmp,2.5,0.055555556,0.23570226,0.055555556,0.23570226,0.055555556,0.23570226,0.055555556,0.23570226,0.222222222,0.427792632,0.055555556,0.23570226,0.888888889,0.323380833
0589.jpg,3.2222222222222223,0.111111111,0.323380833,0.333333333,0.48507125,0.0,0.0,0.277777778,0.460888599,0.555555556,0.511309993,0.055555556,0.23570226,0.055555556,0.23570226
08_21_03.bmp,2.6666666666666665,0.222222222,0.427792632,0.222222222,0.427792632,0.388888889,0.501631326,0.333333333,0.48507125,0.055555556,0.23570226,0.055555556,0.23570226,0.111111111,0.323380833
0324.jpg,2.4444444444444446,0.055555556,0.23570226,0.833333333,0.383482494,0.111111111,0.323380833,0.111111111,0.323380833,0.111111111,0.323380833,0.0,0.0,0.0,0.0
20_02_05.bmp,1.2777777777777777,0.0,0.0,0.888888889,0.323380833,0.055555556,0.23570226,0.0,0.0,0.111111111,0.323380833,0.111111111,0.323380833,0.0,0.0
14_01_02.bmp,3.333333333333333,0.166666667,0.383482494,0.555555556,0.511309993,0.111111111,0.323380833,0.0,0.0,0.0,0.0,0.055555556,0.23570226,0.055555556,0.23570226
0014.jpg,3.2222222222222223,0.055555556,0.23570226,0.166666667,0.383482494,0.777777778,0.427792632,0.055555556,0.23570226,0.111111111,0.323380833,0.0,0.0,0.0,0.0
09_07_01.bmp,3.055555555555556,0.166666667,0.383482494,0.611111111,0.501631326,0.055555556,0.23570226,0.055555556,0.23570226,0.166666667,0.383482494,0.055555556,0.23570226,0.0,0.0
35_20_03.bmp,2.388888888888889,0.333333333,0.48507125,0.555555556,0.511309993,0.166666667,0.383482494,0.111111111,0.323380833,0.0,0.0,0.0,0.0,0.0,0.0
18_03_04.bmp,2.111111111111111,0.055555556,0.23570226,0.888888889,0.323380833,0.055555556,0.23570226,0.055555556,0.23570226,0.0,0.0,0.055555556,0.23570226,0.0,0.0
01_22_05.bmp,1.6666666666666667,0.444444444,0.511309993,0.888888889,0.323380833,0.111111111,0.323380833,0.055555556,0.23570226,0.055555556,0.23570226,0.0,0.0,0.0,0.0
34_08_04.bmp,2.388888888888889,0.111111111,0.323380833,0.777777778,0.427792632,0.111111111,0.323380833,0.0,0.0,0.055555556,0.23570226,0.0,0.0,0.111111111,0.323380833
04_07_04.bmp,1.7222222222222223,0.388888889,0.501631326,0.666666667,0.48507125,0.055555556,0.23570226,0.0,0.0,0.222222222,0.427792632,0.111111111,0.323380833,0.055555556,0.23570226
16_25_02.bmp,2.888888888888889,0.055555556,0.23570226,0.055555556,0.23570226,0.0,0.0,0.055555556,0.23570226,0.333333333,0.48507125,0.222222222,0.427792632,0.833333333,0.383482494
37_05_01.bmp,3.611111111111111,0.166666667,0.383482494,0.5,0.514495755,0.0,0.0,0.111111111,0.323380833,0.111111111,0.323380833,0.111111111,0.323380833,0.0,0.0
12_01_01.bmp,3.888888888888889,0.055555556,0.23570226,0.166666667,0.383482494,0.277777778,0.460888599,0.0,0.0,0.055555556,0.23570226,0.0,0.0,0.0,0.0
0684.jpg,3.333333333333333,0.055555556,0.23570226,0.333333333,0.48507125,0.055555556,0.23570226,0.111111111,0.323380833,0.333333333,0.48507125,0.055555556,0.23570226,0.055555556,0.23570226
18_25_02.bmp,2.6666666666666665,0.111111111,0.323380833,0.111111111,0.323380833,0.055555556,0.23570226,0.0,0.0,0.0,0.0,0.111111111,0.323380833,0.944444444,0.23570226
21_04_04.bmp,2.5,0.277777778,0.460888599,0.444444444,0.511309993,0.166666667,0.383482494,0.0,0.0,0.111111111,0.323380833,0.055555556,0.23570226,0.0,0.0
07_13_04.bmp,2.5,0.111111111,0.323380833,0.277777778,0.460888599,0.888888889,0.323380833,0.055555556,0.23570226,0.111111111,0.323380833,0.0,0.0,0.055555556,0.23570226
0300.jpg,2.111111111111111,0.222222222,0.427792632,0.222222222,0.427792632,0.0,0.0,0.833333333,0.383482494,0.111111111,0.323380833,0.055555556,0.23570226,0.055555556,0.23570226
06_14_05.bmp,2.111111111111111,0.333333333,0.48507125,0.333333333,0.48507125,0.055555556,0.23570226,0.666666667,0.48507125,0.055555556,0.23570226,0.166666667,0.383482494,0.055555556,0.23570226
01_12_05.bmp,1.8333333333333333,0.777777778,0.427792632,0.666666667,0.48507125,0.111111111,0.323380833,0.055555556,0.23570226,0.055555556,0.23570226,0.0,0.0,0.111111111,0.323380833
27_02_02.bmp,3.055555555555556,0.0,0.0,0.666666667,0.48507125,0.0,0.0,0.055555556,0.23570226,0.5,0.514495755,0.0,0.0,0.055555556,0.23570226
15_24_02.bmp,2.9444444444444446,0.111111111,0.323380833,0.722222222,0.460888599,0.055555556,0.23570226,0.111111111,0.323380833,0.222222222,0.427792632,0.0,0.0,0.055555556,0.23570226
06_01_05.bmp,1.3888888888888888,0.0,0.0,1.0,0.0,0.111111111,0.323380833,0.0,0.0,0.055555556,0.23570226,0.055555556,0.23570226,0.0,0.0
17_16_02.bmp,3.055555555555556,0.0,0.0,0.444444444,0.511309993,0.166666667,0.383482494,0.111111111,0.323380833,0.166666667,0.383482494,0.055555556,0.23570226,0.0,0.0
29_08_02.bmp,3.055555555555556,0.166666667,0.383482494,0.555555556,0.511309993,0.0,0.0,0.0,0.0,0.166666667,0.383482494,0.111111111,0.323380833,0.0,0.0
25_18_04.bmp,2.0,0.111111111,0.323380833,0.722222222,0.460888599,0.111111111,0.323380833,0.0,0.0,0.166666667,0.383482494,0.111111111,0.323380833,0.0,0.0
0174.jpg,2.7777777777777777,0.055555556,0.23570226,0.333333333,0.48507125,0.777777778,0.427792632,0.0,0.0,0.055555556,0.23570226,0.055555556,0.23570226,0.055555556,0.23570226
28_08_05.bmp,2.111111111111111,0.444444444,0.511309993,0.611111111,0.501631326,0.055555556,0.23570226,0.055555556,0.23570226,0.222222222,0.427792632,0.055555556,0.23570226,0.0,0.0
21_14_05.bmp,1.7777777777777777,0.111111111,0.323380833,0.222222222,0.427792632,0.055555556,0.23570226,0.944444444,0.23570226,0.0,0.0,0.111111111,0.323380833,0.0,0.0
01256.jpg,3.0,0.388888889,0.501631326,0.833333333,0.383482494,0.0,0.0,0.0,0.0,0.555555556,0.511309993,0.0,0.0,0.0,0.0
0374.jpg,2.1666666666666665,0.111111111,0.323380833,0.833333333,0.383482494,0.0,0.0,0.111111111,0.323380833,0.055555556,0.23570226,0.055555556,0.23570226,0.055555556,0.23570226
0267.jpg,2.055555555555556,0.111111111,0.323380833,0.388888889,0.501631326,0.0,0.0,0.888888889,0.323380833,0.0,0.0,0.0,0.0,0.0,0.0
08_15_05.bmp,2.388888888888889,0.111111111,0.323380833,0.222222222,0.427792632,0.055555556,0.23570226,0.888888889,0.323380833,0.0,0.0,0.055555556,0.23570226,0.0,0.0
20_16_04.bmp,2.2777777777777777,0.111111111,0.323380833,0.722222222,0.460888599,0.0,0.0,0.055555556,0.23570226,0.111111111,0.323380833,0.055555556,0.23570226,0.0,0.0
05_11_02.bmp,2.833333333333333,0.777777778,0.427792632,0.333333333,0.48507125,0.055555556,0.23570226,0.055555556,0.23570226,0.0,0.0,0.111111111,0.323380833,0.0,0.0
25_08_05.bmp,1.6666666666666667,0.333333333,0.48507125,0.777777778,0.427792632,0.055555556,0.23570226,0.055555556,0.23570226,0.111111111,0.323380833,0.111111111,0.323380833,0.0,0.0
01399.jpg,3.5,0.166666667,0.383482494,0.555555556,0.511309993,0.111111111,0.323380833,0.055555556,0.23570226,0.0,0.0,0.0,0.0,0.111111111,0.323380833
34_13_01.bmp,3.2777777777777777,0.111111111,0.323380833,0.333333333,0.48507125,0.333333333,0.48507125,0.0,0.0,0.055555556,0.23570226,0.0,0.0,0.055555556,0.23570226
10_01_04.bmp,1.9444444444444444,0.055555556,0.23570226,0.888888889,0.323380833,0.055555556,0.23570226,0.055555556,0.23570226,0.333333333,0.48507125,0.222222222,0.427792632,0.055555556,0.23570226
30_19_02.bmp,2.888888888888889,0.277777778,0.460888599,0.333333333,0.48507125,0.222222222,0.427792632,0.0,0.0,0.277777778,0.460888599,0.0,0.0,0.0,0.0
20_20_01.bmp,2.5,0.5,0.514495755,0.222222222,0.427792632,0.222222222,0.427792632,0.277777778,0.460888599,0.111111111,0.323380833,0.055555556,0.23570226,0.0,0.0
16_23_02.bmp,2.611111111111111,0.0,0.0,0.277777778,0.460888599,0.0,0.0,0.777777778,0.427792632,0.277777778,0.460888599,0.333333333,0.48507125,0.055555556,0.23570226
18_08_03.bmp,2.4444444444444446,0.388888889,0.501631326,0.555555556,0.511309993,0.055555556,0.23570226,0.055555556,0.23570226,0.0,0.0,0.055555556,0.23570226,0.055555556,0.23570226
0553.jpg,2.888888888888889,0.111111111,0.323380833,0.388888889,0.501631326,0.0,0.0,0.111111111,0.323380833,0.722222222,0.460888599,0.0,0.0,0.0,0.0
01_06_05.bmp,2.111111111111111,0.166666667,0.383482494,0.722222222,0.460888599,0.222222222,0.427792632,0.0,0.0,0.0,0.0,0.444444444,0.511309993,0.111111111,0.323380833
33_10_05.bmp,2.333333333333333,0.722222222,0.460888599,0.333333333,0.48507125,0.055555556,0.23570226,0.0,0.0,0.444444444,0.511309993,0.0,0.0,0.0,0.0
35_16_05.bmp,1.4444444444444444,0.111111111,0.323380833,0.777777778,0.427792632,0.055555556,0.23570226,0.0,0.0,0.111111111,0.323380833,0.0,0.0,0.0,0.0
28_04_04.bmp,2.388888888888889,0.222222222,0.427792632,0.444444444,0.511309993,0.333333333,0.48507125,0.055555556,0.23570226,0.166666667,0.383482494,0.111111111,0.323380833,0.0,0.0
0432.jpg,2.833333333333333,0.055555556,0.23570226,0.777777778,0.427792632,0.055555556,0.23570226,0.055555556,0.23570226,0.0,0.0,0.0,0.0,0.055555556,0.23570226
04_23_03.bmp,2.555555555555556,0.166666667,0.383482494,0.388888889,0.501631326,0.0,0.0,0.833333333,0.383482494,0.111111111,0.323380833,0.055555556,0.23570226,0.055555556,0.23570226
0188.jpg,3.7777777777777777,0.055555556,0.23570226,0.166666667,0.383482494,0.666666667,0.48507125,0.055555556,0.23570226,0.055555556,0.23570226,0.0,0.0,0.055555556,0.23570226
14_14_02.bmp,3.5,0.166666667,0.383482494,0.333333333,0.48507125,0.055555556,0.23570226,0.166666667,0.383482494,0.0,0.0,0.111111111,0.323380833,0.055555556,0.23570226
02_21_04.bmp,2.111111111111111,0.166666667,0.383482494,0.5,0.514495755,0.222222222,0.427792632,0.555555556,0.511309993,0.277777778,0.460888599,0.055555556,0.23570226,0.055555556,0.23570226
0394.jpg,2.555555555555556,0.111111111,0.323380833,0.833333333,0.383482494,0.0,0.0,0.166666667,0.383482494,0.0,0.0,0.0,0.0,0.111111111,0.323380833
30_17_01.bmp,3.2777777777777777,0.111111111,0.323380833,0.5,0.514495755,0.055555556,0.23570226,0.0,0.0,0.277777778,0.460888599,0.055555556,0.23570226,0.111111111,0.323380833
20_03_01.bmp,3.333333333333333,0.055555556,0.23570226,0.388888889,0.501631326,0.111111111,0.323380833,0.0,0.0,0.333333333,0.48507125,0.111111111,0.323380833,0.0,0.0
07_23_01.bmp,2.833333333333333,0.055555556,0.23570226,0.166666667,0.383482494,0.0,0.0,0.777777778,0.427792632,0.055555556,0.23570226,0.055555556,0.23570226,0.111111111,0.323380833
0319.jpg,1.7777777777777777,0.055555556,0.23570226,0.944444444,0.23570226,0.055555556,0.23570226,0.111111111,0.323380833,0.222222222,0.427792632,0.0,0.0,0.055555556,0.23570226
01_21_03.bmp,2.6666666666666665,0.111111111,0.323380833,0.722222222,0.460888599,0.222222222,0.427792632,0.0,0.0,0.0,0.0,0.0,0.0,0.111111111,0.323380833
23_06_05.bmp,1.6666666666666667,0.333333333,0.48507125,0.333333333,0.48507125,0.222222222,0.427792632,0.111111111,0.323380833,0.222222222,0.427792632,0.222222222,0.427792632,0.0,0.0
19_13_02.bmp,3.1666666666666665,0.111111111,0.323380833,0.222222222,0.427792632,0.444444444,0.511309993,0.0,0.0,0.166666667,0.383482494,0.055555556,0.23570226,0.055555556,0.23570226
16_16_02.bmp,3.111111111111111,0.055555556,0.23570226,0.166666667,0.383482494,0.111111111,0.323380833,0.166666667,0.383482494,0.277777778,0.460888599,0.277777778,0.460888599,0.0,0.0
07_22_04.bmp,1.7777777777777777,0.388888889,0.501631326,0.611111111,0.501631326,0.166666667,0.383482494,0.0,0.0,0.0,0.0,0.055555556,0.23570226,0.0,0.0
01261.jpg,3.611111111111111,0.166666667,0.383482494,0.611111111,0.501631326,0.0,0.0,0.111111111,0.323380833,0.277777778,0.460888599,0.0,0.0,0.055555556,0.23570226
02_02_03.bmp,2.0,0.055555556,0.23570226,0.833333333,0.383482494,0.0,0.0,0.0,0.0,0.555555556,0.511309993,0.055555556,0.23570226,0.055555556,0.23570226
01436.jpg,3.7777777777777777,0.0,0.0,0.5,0.514495755,0.166666667,0.383482494,0.0,0.0,0.0,0.0,0.0,0.0,0.0,0.0
06_16_01.bmp,3.7222222222222223,0.111111111,0.323380833,0.222222222,0.427792632,0.277777778,0.460888599,0.055555556,0.23570226,0.0,0.0,0.055555556,0.23570226,0.055555556,0.23570226
09_22_02.bmp,2.611111111111111,0.166666667,0.383482494,0.611111111,0.501631326,0.166666667,0.383482494,0.055555556,0.23570226,0.166666667,0.383482494,0.111111111,0.323380833,0.0,0.0
34_23_05.bmp,1.9444444444444444,0.111111111,0.323380833,0.111111111,0.323380833,0.166666667,0.383482494,0.722222222,0.460888599,0.0,0.0,0.0,0.0,0.277777778,0.460888599
27_17_02.bmp,2.833333333333333,0.111111111,0.323380833,0.5,0.514495755,0.055555556,0.23570226,0.0,0.0,0.444444444,0.511309993,0.166666667,0.383482494,0.222222222,0.427792632
01277.jpg,4.111111111111111,0.166666667,0.383482494,0.333333333,0.48507125,0.111111111,0.323380833,0.055555556,0.23570226,0.277777778,0.460888599,0.0,0.0,0.0,0.0
14_18_02.bmp,2.833333333333333,0.111111111,0.323380833,0.666666667,0.48507125,0.055555556,0.23570226,0.0,0.0,0.055555556,0.23570226,0.055555556,0.23570226,0.055555556,0.23570226
14_24_05.bmp,1.2777777777777777,0.055555556,0.23570226,0.888888889,0.323380833,0.111111111,0.323380833,0.0,0.0,0.055555556,0.23570226,0.055555556,0.23570226,0.0,0.0
04_19_03.bmp,2.555555555555556,0.388888889,0.501631326,0.722222222,0.460888599,0.166666667,0.383482494,0.0,0.0,0.166666667,0.383482494,0.0,0.0,0.0,0.0
22_02_01.bmp,3.1666666666666665,0.111111111,0.323380833,0.611111111,0.501631326,0.055555556,0.23570226,0.055555556,0.23570226,0.111111111,0.323380833,0.111111111,0.323380833,0.0,0.0
0278.jpg,2.2222222222222223,0.111111111,0.323380833,0.222222222,0.427792632,0.055555556,0.23570226,0.888888889,0.323380833,0.055555556,0.23570226,0.055555556,0.23570226,0.0,0.0
01295.jpg,4.166666666666667,0.166666667,0.383482494,0.166666667,0.383482494,0.055555556,0.23570226,0.055555556,0.23570226,0.166666667,0.383482494,0.0,0.0,0.111111111,0.323380833
32_17_05.bmp,2.111111111111111,0.0,0.0,0.611111111,0.501631326,0.111111111,0.323380833,0.0,0.0,0.5,0.514495755,0.166666667,0.383482494,0.166666667,0.383482494
08_12_03.bmp,3.2777777777777777,0.555555556,0.511309993,0.055555556,0.23570226,0.055555556,0.23570226,0.0,0.0,0.055555556,0.23570226,0.0,0.0,0.055555556,0.23570226
0439.jpg,2.888888888888889,0.0,0.0,0.888888889,0.323380833,0.0,0.0,0.055555556,0.23570226,0.111111111,0.323380833,0.055555556,0.23570226,0.055555556,0.23570226
28_17_04.bmp,2.388888888888889,0.111111111,0.323380833,0.5,0.514495755,0.055555556,0.23570226,0.055555556,0.23570226,0.388888889,0.501631326,0.166666667,0.383482494,0.166666667,0.383482494
25_02_03.bmp,1.7222222222222223,0.055555556,0.23570226,1.0,0.0,0.111111111,0.323380833,0.0,0.0,0.111111111,0.323380833,0.0,0.0,0.0,0.0
35_18_01.bmp,2.555555555555556,0.111111111,0.323380833,0.666666667,0.48507125,0.111111111,0.323380833,0.0,0.0,0.055555556,0.23570226,0.0,0.0,0.111111111,0.323380833
07_17_01.bmp,2.9444444444444446,0.111111111,0.323380833,0.5,0.514495755,0.055555556,0.23570226,0.055555556,0.23570226,0.111111111,0.323380833,0.111111111,0.323380833,0.222222222,0.427792632
37_17_01.bmp,3.111111111111111,0.111111111,0.323380833,0.555555556,0.511309993,0.0,0.0,0.0,0.0,0.111111111,0.323380833,0.111111111,0.323380833,0.222222222,0.427792632
24_12_04.bmp,2.611111111111111,0.666666667,0.48507125,0.333333333,0.48507125,0.055555556,0.23570226,0.0,0.0,0.055555556,0.23570226,0.111111111,0.323380833,0.0,0.0
23_02_03.bmp,2.111111111111111,0.055555556,0.23570226,0.944444444,0.23570226,0.0,0.0,0.0,0.0,0.222222222,0.427792632,0.055555556,0.23570226,0.055555556,0.23570226
17_19_05.bmp,1.6111111111111112,0.055555556,0.23570226,0.166666667,0.383482494,0.833333333,0.383482494,0.055555556,0.23570226,0.111111111,0.323380833,0.055555556,0.23570226,0.0,0.0
16_24_05.bmp,1.5555555555555556,0.111111111,0.323380833,0.777777778,0.427792632,0.0,0.0,0.055555556,0.23570226,0.277777778,0.460888599,0.277777778,0.460888599,0.111111111,0.323380833
01314.jpg,3.333333333333333,0.444444444,0.511309993,0.5,0.514495755,0.0,0.0,0.0,0.0,0.388888889,0.501631326,0.055555556,0.23570226,0.0,0.0
13_24_01.bmp,3.388888888888889,0.111111111,0.323380833,0.611111111,0.501631326,0.222222222,0.427792632,0.0,0.0,0.111111111,0.323380833,0.0,0.0,0.055555556,0.23570226
02_21_02.bmp,2.4444444444444446,0.055555556,0.23570226,0.166666667,0.383482494,0.777777778,0.427792632,0.0,0.0,0.277777778,0.460888599,0.166666667,0.383482494,0.0,0.0
19_06_01.bmp,3.2777777777777777,0.277777778,0.460888599,0.388888889,0.501631326,0.222222222,0.427792632,0.0,0.0,0.111111111,0.323380833,0.055555556,0.23570226,0.111111111,0.323380833
06_21_04.bmp,3.055555555555556,0.277777778,0.460888599,0.333333333,0.48507125,0.111111111,0.323380833,0.5,0.514495755,0.0,0.0,0.055555556,0.23570226,0.0,0.0
19_03_03.bmp,2.5,0.055555556,0.23570226,0.722222222,0.460888599,0.0,0.0,0.0,0.0,0.111111111,0.323380833,0.055555556,0.23570226,0.0,0.0
24_25_04.bmp,2.333333333333333,0.055555556,0.23570226,0.166666667,0.383482494,0.0,0.0,0.0,0.0,0.0,0.0,0.0,0.0,0.833333333,0.383482494
01167.jpg,4.055555555555555,0.055555556,0.23570226,0.055555556,0.23570226,0.0,0.0,0.277777778,0.460888599,0.277777778,0.460888599,0.0,0.0,0.055555556,0.23570226
0338.jpg,3.111111111111111,0.166666667,0.383482494,0.555555556,0.511309993,0.0,0.0,0.0,0.0,0.055555556,0.23570226,0.055555556,0.23570226,0.0,0.0
15_14_03.bmp,2.7222222222222223,0.111111111,0.323380833,0.277777778,0.460888599,0.055555556,0.23570226,0.388888889,0.501631326,0.277777778,0.460888599,0.0,0.0,0.0,0.0
14_08_02.bmp,3.055555555555556,0.166666667,0.383482494,0.666666667,0.48507125,0.055555556,0.23570226,0.055555556,0.23570226,0.0,0.0,0.111111111,0.323380833,0.111111111,0.323380833
07_24_04.bmp,1.5,0.055555556,0.23570226,0.888888889,0.323380833,0.166666667,0.383482494,0.0,0.0,0.055555556,0.23570226,0.0,0.0,0.0,0.0
24_03_02.bmp,3.111111111111111,0.055555556,0.23570226,0.666666667,0.48507125,0.111111111,0.323380833,0.0,0.0,0.0,0.0,0.055555556,0.23570226,0.0,0.0
34_23_03.bmp,2.555555555555556,0.055555556,0.23570226,0.166666667,0.383482494,0.0,0.0,0.777777778,0.427792632,0.0,0.0,0.055555556,0.23570226,0.111111111,0.323380833
17_09_01.bmp,2.888888888888889,0.722222222,0.460888599,0.222222222,0.427792632,0.055555556,0.23570226,0.0,0.0,0.166666667,0.383482494,0.055555556,0.23570226,0.0,0.0
09_25_05.bmp,1.8333333333333333,0.055555556,0.23570226,0.055555556,0.23570226,0.055555556,0.23570226,0.0,0.0,0.166666667,0.383482494,0.0,0.0,0.777777778,0.427792632
14_20_02.bmp,2.555555555555556,0.333333333,0.48507125,0.333333333,0.48507125,0.166666667,0.383482494,0.222222222,0.427792632,0.055555556,0.23570226,0.055555556,0.23570226,0.0,0.0
35_21_05.bmp,1.7777777777777777,0.166666667,0.383482494,0.5,0.514495755,0.111111111,0.323380833,0.611111111,0.501631326,0.0,0.0,0.055555556,0.23570226,0.0,0.0
11_18_01.bmp,2.9444444444444446,0.055555556,0.23570226,0.666666667,0.48507125,0.055555556,0.23570226,0.055555556,0.23570226,0.333333333,0.48507125,0.111111111,0.323380833,0.0,0.0
12_14_04.bmp,2.2222222222222223,0.111111111,0.323380833,0.166666667,0.383482494,0.111111111,0.323380833,0.666666667,0.48507125,0.055555556,0.23570226,0.055555556,0.23570226,0.055555556,0.23570226
12_14_01.bmp,3.388888888888889,0.111111111,0.323380833,0.222222222,0.427792632,0.222222222,0.427792632,0.111111111,0.323380833,0.055555556,0.23570226,0.055555556,0.23570226,0.055555556,0.23570226
01206.jpg,4.0,0.111111111,0.323380833,0.222222222,0.427792632,0.0,0.0,0.0,0.0,0.666666667,0.48507125,0.0,0.0,0.111111111,0.323380833
12_17_05.bmp,2.333333333333333,0.111111111,0.323380833,0.444444444,0.511309993,0.111111111,0.323380833,0.0,0.0,0.166666667,0.383482494,0.166666667,0.383482494,0.166666667,0.383482494
18_13_01.bmp,3.388888888888889,0.055555556,0.23570226,0.5,0.514495755,0.111111111,0.323380833,0.055555556,0.23570226,0.055555556,0.23570226,0.055555556,0.23570226,0.055555556,0.23570226
24_01_04.bmp,2.0,0.0,0.0,0.944444444,0.23570226,0.055555556,0.23570226,0.055555556,0.23570226,0.0,0.0,0.055555556,0.23570226,0.0,0.0
01251.jpg,3.2777777777777777,0.333333333,0.48507125,0.555555556,0.511309993,0.0,0.0,0.055555556,0.23570226,0.055555556,0.23570226,0.166666667,0.383482494,0.055555556,0.23570226
31_14_03.bmp,2.7777777777777777,0.222222222,0.427792632,0.277777778,0.460888599,0.055555556,0.23570226,0.5,0.514495755,0.166666667,0.383482494,0.0,0.0,0.055555556,0.23570226
0302.jpg,2.055555555555556,0.277777778,0.460888599,0.277777778,0.460888599,0.0,0.0,0.777777778,0.427792632,0.111111111,0.323380833,0.0,0.0,0.055555556,0.23570226
33_16_03.bmp,3.055555555555556,0.055555556,0.23570226,0.555555556,0.511309993,0.0,0.0,0.0,0.0,0.388888889,0.501631326,0.0,0.0,0.055555556,0.23570226
01_16_03.bmp,2.2222222222222223,0.277777778,0.460888599,0.666666667,0.48507125,0.055555556,0.23570226,0.166666667,0.383482494,0.0,0.0,0.0,0.0,0.055555556,0.23570226
06_17_02.bmp,3.055555555555556,0.166666667,0.383482494,0.388888889,0.501631326,0.166666667,0.383482494,0.055555556,0.23570226,0.111111111,0.323380833,0.222222222,0.427792632,0.277777778,0.460888599
1100.jpg,1.5,0.055555556,0.23570226,0.944444444,0.23570226,0.0,0.0,0.222222222,0.427792632,0.166666667,0.383482494,0.0,0.0,0.0,0.0
01290.jpg,2.888888888888889,0.333333333,0.48507125,0.722222222,0.460888599,0.055555556,0.23570226,0.0,0.0,0.055555556,0.23570226,0.166666667,0.383482494,0.0,0.0
17_18_05.bmp,1.6666666666666667,0.055555556,0.23570226,0.833333333,0.383482494,0.0,0.0,0.0,0.0,0.277777778,0.460888599,0.111111111,0.323380833,0.111111111,0.323380833
0796.jpg,3.5,0.0,0.0,0.5,0.514495755,0.055555556,0.23570226,0.055555556,0.23570226,0.222222222,0.427792632,0.0,0.0,0.0,0.0
28_07_04.bmp,2.111111111111111,0.166666667,0.383482494,0.888888889,0.323380833,0.111111111,0.323380833,0.055555556,0.23570226,0.222222222,0.427792632,0.055555556,0.23570226,0.0,0.0
32_25_05.bmp,1.6666666666666667,0.111111111,0.323380833,0.222222222,0.427792632,0.111111111,0.323380833,0.0,0.0,0.277777778,0.460888599,0.055555556,0.23570226,0.833333333,0.383482494
26_11_03.bmp,2.888888888888889,0.777777778,0.427792632,0.111111111,0.323380833,0.111111111,0.323380833,0.0,0.0,0.111111111,0.323380833,0.055555556,0.23570226,0.055555556,0.23570226
31_01_02.bmp,3.1666666666666665,0.055555556,0.23570226,0.5,0.514495755,0.0,0.0,0.0,0.0,0.333333333,0.48507125,0.055555556,0.23570226,0.055555556,0.23570226
26_12_01.bmp,4.0,0.055555556,0.23570226,0.111111111,0.323380833,0.222222222,0.427792632,0.055555556,0.23570226,0.055555556,0.23570226,0.0,0.0,0.0,0.0
0480.jpg,3.2222222222222223,0.055555556,0.23570226,0.277777778,0.460888599,0.055555556,0.23570226,0.055555556,0.23570226,0.722222222,0.460888599,0.0,0.0,0.0,0.0
10_22_01.bmp,2.833333333333333,0.055555556,0.23570226,0.722222222,0.460888599,0.0,0.0,0.055555556,0.23570226,0.388888889,0.501631326,0.277777778,0.460888599,0.055555556,0.23570226
25_08_04.bmp,1.7222222222222223,0.333333333,0.48507125,0.722222222,0.460888599,0.0,0.0,0.0,0.0,0.166666667,0.383482494,0.111111111,0.323380833,0.055555556,0.23570226
10_19_02.bmp,3.111111111111111,0.111111111,0.323380833,0.388888889,0.501631326,0.277777778,0.460888599,0.055555556,0.23570226,0.388888889,0.501631326,0.166666667,0.383482494,0.0,0.0
01154.jpg,2.7777777777777777,0.111111111,0.323380833,0.888888889,0.323380833,0.111111111,0.323380833,0.0,0.0,0.277777778,0.460888599,0.0,0.0,0.111111111,0.323380833
30_16_05.bmp,1.7222222222222223,0.222222222,0.427792632,0.888888889,0.323380833,0.0,0.0,0.0,0.0,0.222222222,0.427792632,0.0,0.0,0.0,0.0
0025.jpg,2.2777777777777777,0.055555556,0.23570226,0.444444444,0.511309993,0.944444444,0.23570226,0.0,0.0,0.055555556,0.23570226,0.222222222,0.427792632,0.0,0.0
27_03_03.bmp,2.7222222222222223,0.055555556,0.23570226,0.611111111,0.501631326,0.055555556,0.23570226,0.055555556,0.23570226,0.5,0.514495755,0.0,0.0,0.055555556,0.23570226
15_22_05.bmp,1.8333333333333333,0.277777778,0.460888599,0.722222222,0.460888599,0.0,0.0,0.111111111,0.323380833,0.166666667,0.383482494,0.0,0.0,0.0,0.0
0897.jpg,3.555555555555556,0.166666667,0.383482494,0.444444444,0.511309993,0.0,0.0,0.0,0.0,0.166666667,0.383482494,0.055555556,0.23570226,0.0,0.0
1069.jpg,3.388888888888889,0.055555556,0.23570226,0.388888889,0.501631326,0.0,0.0,0.333333333,0.48507125,0.222222222,0.427792632,0.055555556,0.23570226,0.055555556,0.23570226
01160.jpg,2.333333333333333,0.222222222,0.427792632,0.944444444,0.23570226,0.0,0.0,0.111111111,0.323380833,0.111111111,0.323380833,0.0,0.0,0.0,0.0
05_20_03.bmp,2.055555555555556,0.722222222,0.460888599,0.333333333,0.48507125,0.166666667,0.383482494,0.111111111,0.323380833,0.055555556,0.23570226,0.0,0.0,0.055555556,0.23570226
23_06_01.bmp,3.055555555555556,0.277777778,0.460888599,0.444444444,0.511309993,0.222222222,0.427792632,0.0,0.0,0.277777778,0.460888599,0.111111111,0.323380833,0.0,0.0
10_20_05.bmp,1.7222222222222223,0.444444444,0.511309993,0.222222222,0.427792632,0.333333333,0.48507125,0.055555556,0.23570226,0.222222222,0.427792632,0.111111111,0.323380833,0.055555556,0.23570226
12_09_02.bmp,2.833333333333333,0.666666667,0.48507125,0.222222222,0.427792632,0.055555556,0.23570226,0.055555556,0.23570226,0.055555556,0.23570226,0.0,0.0,0.055555556,0.23570226
19_09_05.bmp,2.2777777777777777,0.777777778,0.427792632,0.333333333,0.48507125,0.055555556,0.23570226,0.0,0.0,0.111111111,0.323380833,0.055555556,0.23570226,0.055555556,0.23570226
1072.jpg,3.2222222222222223,0.055555556,0.23570226,0.388888889,0.501631326,0.055555556,0.23570226,0.5,0.514495755,0.111111111,0.323380833,0.055555556,0.23570226,0.055555556,0.23570226
01230.jpg,2.4444444444444446,0.333333333,0.48507125,0.833333333,0.383482494,0.055555556,0.23570226,0.111111111,0.323380833,0.5,0.514495755,0.055555556,0.23570226,0.0,0.0
0993.jpg,2.888888888888889,0.055555556,0.23570226,0.222222222,0.427792632,0.0,0.0,0.611111111,0.501631326,0.333333333,0.48507125,0.055555556,0.23570226,0.722222222,0.460888599
0187.jpg,3.611111111111111,0.055555556,0.23570226,0.166666667,0.383482494,0.666666667,0.48507125,0.0,0.0,0.222222222,0.427792632,0.0,0.0,0.055555556,0.23570226
31_08_03.bmp,2.7777777777777777,0.333333333,0.48507125,0.722222222,0.460888599,0.0,0.0,0.055555556,0.23570226,0.111111111,0.323380833,0.055555556,0.23570226,0.055555556,0.23570226
01_12_01.bmp,2.888888888888889,0.166666667,0.383482494,0.555555556,0.511309993,0.111111111,0.323380833,0.0,0.0,0.0,0.0,0.055555556,0.23570226,0.055555556,0.23570226
30_15_05.bmp,2.555555555555556,0.055555556,0.23570226,0.333333333,0.48507125,0.0,0.0,0.5,0.514495755,0.277777778,0.460888599,0.055555556,0.23570226,0.055555556,0.23570226
31_14_02.bmp,3.1666666666666665,0.055555556,0.23570226,0.333333333,0.48507125,0.0,0.0,0.388888889,0.501631326,0.166666667,0.383482494,0.0,0.0,0.055555556,0.23570226
34_07_03.bmp,1.8888888888888888,0.222222222,0.427792632,0.777777778,0.427792632,0.166666667,0.383482494,0.0,0.0,0.055555556,0.23570226,0.0,0.0,0.111111111,0.323380833
21_15_02.bmp,2.7777777777777777,0.111111111,0.323380833,0.277777778,0.460888599,0.666666667,0.48507125,0.0,0.0,0.055555556,0.23570226,0.055555556,0.23570226,0.055555556,0.23570226
19_25_03.bmp,2.388888888888889,0.0,0.0,0.111111111,0.323380833,0.055555556,0.23570226,0.0,0.0,0.111111111,0.323380833,0.055555556,0.23570226,0.888888889,0.323380833
27_08_03.bmp,2.5,0.166666667,0.383482494,0.611111111,0.501631326,0.055555556,0.23570226,0.0,0.0,0.5,0.514495755,0.0,0.0,0.055555556,0.23570226
0441.jpg,2.888888888888889,0.055555556,0.23570226,0.722222222,0.460888599,0.0,0.0,0.111111111,0.323380833,0.0,0.0,0.0,0.0,0.055555556,0.23570226
37_03_01.bmp,3.611111111111111,0.111111111,0.323380833,0.444444444,0.511309993,0.055555556,0.23570226,0.111111111,0.323380833,0.055555556,0.23570226,0.055555556,0.23570226,0.0,0.0
35_10_02.bmp,2.4444444444444446,0.722222222,0.460888599,0.5,0.514495755,0.055555556,0.23570226,0.055555556,0.23570226,0.055555556,0.23570226,0.055555556,0.23570226,0.055555556,0.23570226
15_18_04.bmp,2.611111111111111,0.222222222,0.427792632,0.611111111,0.501631326,0.0,0.0,0.0,0.0,0.222222222,0.427792632,0.055555556,0.23570226,0.0,0.0
33_04_01.bmp,3.2777777777777777,0.055555556,0.23570226,0.333333333,0.48507125,0.0,0.0,0.0,0.0,0.555555556,0.511309993,0.0,0.0,0.055555556,0.23570226
36_24_04.bmp,1.5555555555555556,0.0,0.0,0.944444444,0.23570226,0.222222222,0.427792632,0.0,0.0,0.055555556,0.23570226,0.0,0.0,0.0,0.0
28_03_02.bmp,3.111111111111111,0.111111111,0.323380833,0.666666667,0.48507125,0.055555556,0.23570226,0.0,0.0,0.166666667,0.383482494,0.0,0.0,0.0,0.0
33_15_03.bmp,2.9444444444444446,0.0,0.0,0.388888889,0.501631326,0.0,0.0,0.222222222,0.427792632,0.444444444,0.511309993,0.0,0.0,0.0,0.0
16_08_05.bmp,1.7777777777777777,0.333333333,0.48507125,0.666666667,0.48507125,0.0,0.0,0.055555556,0.23570226,0.277777778,0.460888599,0.166666667,0.383482494,0.0,0.0
22_25_01.bmp,2.7222222222222223,0.111111111,0.323380833,0.055555556,0.23570226,0.055555556,0.23570226,0.0,0.0,0.0,0.0,0.0,0.0,0.944444444,0.23570226
08_15_01.bmp,3.2222222222222223,0.055555556,0.23570226,0.055555556,0.23570226,0.666666667,0.48507125,0.055555556,0.23570226,0.055555556,0.23570226,0.055555556,0.23570226,0.0,0.0
09_01_05.bmp,1.2222222222222223,0.111111111,0.323380833,0.833333333,0.383482494,0.111111111,0.323380833,0.055555556,0.23570226,0.166666667,0.383482494,0.0,0.0,0.0,0.0
13_20_05.bmp,2.111111111111111,0.611111111,0.501631326,0.111111111,0.323380833,0.111111111,0.323380833,0.222222222,0.427792632,0.111111111,0.323380833,0.111111111,0.323380833,0.111111111,0.323380833
36_07_03.bmp,2.333333333333333,0.166666667,0.383482494,0.722222222,0.460888599,0.111111111,0.323380833,0.0,0.0,0.0,0.0,0.055555556,0.23570226,0.055555556,0.23570226
22_23_03.bmp,2.555555555555556,0.0,0.0,0.166666667,0.383482494,0.0,0.0,0.777777778,0.427792632,0.055555556,0.23570226,0.0,0.0,0.055555556,0.23570226
20_08_03.bmp,2.5,0.333333333,0.48507125,0.555555556,0.511309993,0.055555556,0.23570226,0.055555556,0.23570226,0.111111111,0.323380833,0.111111111,0.323380833,0.0,0.0
0495.jpg,3.055555555555556,0.055555556,0.23570226,0.444444444,0.511309993,0.055555556,0.23570226,0.0,0.0,0.722222222,0.460888599,0.0,0.0,0.0,0.0
26_18_04.bmp,2.833333333333333,0.0,0.0,0.722222222,0.460888599,0.111111111,0.323380833,0.0,0.0,0.111111111,0.323380833,0.0,0.0,0.0,0.0
01279.jpg,3.0,0.0,0.0,0.611111111,0.501631326,0.0,0.0,0.055555556,0.23570226,0.388888889,0.501631326,0.444444444,0.511309993,0.222222222,0.427792632
23_14_02.bmp,3.1666666666666665,0.111111111,0.323380833,0.333333333,0.48507125,0.055555556,0.23570226,0.388888889,0.501631326,0.277777778,0.460888599,0.055555556,0.23570226,0.055555556,0.23570226
30_11_05.bmp,2.388888888888889,0.777777778,0.427792632,0.111111111,0.323380833,0.0,0.0,0.055555556,0.23570226,0.388888889,0.501631326,0.055555556,0.23570226,0.0,0.0
34_06_04.bmp,2.0,0.333333333,0.48507125,0.388888889,0.501631326,0.333333333,0.48507125,0.055555556,0.23570226,0.0,0.0,0.166666667,0.383482494,0.055555556,0.23570226
21_13_01.bmp,3.7777777777777777,0.166666667,0.383482494,0.333333333,0.48507125,0.055555556,0.23570226,0.0,0.0,0.0,0.0,0.0,0.0,0.111111111,0.323380833
24_06_02.bmp,2.555555555555556,0.222222222,0.427792632,0.388888889,0.501631326,0.277777778,0.460888599,0.055555556,0.23570226,0.055555556,0.23570226,0.0,0.0,0.055555556,0.23570226
15_05_02.bmp,3.2777777777777777,0.222222222,0.427792632,0.388888889,0.501631326,0.055555556,0.23570226,0.0,0.0,0.277777778,0.460888599,0.055555556,0.23570226,0.055555556,0.23570226
12_25_02.bmp,2.611111111111111,0.166666667,0.383482494,0.111111111,0.323380833,0.055555556,0.23570226,0.055555556,0.23570226,0.0,0.0,0.055555556,0.23570226,0.833333333,0.383482494
0367.jpg,2.055555555555556,0.166666667,0.383482494,0.888888889,0.323380833,0.055555556,0.23570226,0.277777778,0.460888599,0.055555556,0.23570226,0.0,0.0,0.055555556,0.23570226
08_10_02.bmp,3.611111111111111,0.444444444,0.511309993,0.111111111,0.323380833,0.055555556,0.23570226,0.055555556,0.23570226,0.055555556,0.23570226,0.0,0.0,0.0,0.0
24_09_04.bmp,2.388888888888889,0.722222222,0.460888599,0.333333333,0.48507125,0.055555556,0.23570226,0.0,0.0,0.111111111,0.323380833,0.0,0.0,0.055555556,0.23570226
25_01_02.bmp,3.111111111111111,0.055555556,0.23570226,0.611111111,0.501631326,0.166666667,0.383482494,0.0,0.0,0.166666667,0.383482494,0.055555556,0.23570226,0.055555556,0.23570226
02_22_04.bmp,1.8888888888888888,0.444444444,0.511309993,0.777777778,0.427792632,0.0,0.0,0.055555556,0.23570226,0.333333333,0.48507125,0.111111111,0.323380833,0.0,0.0
32_21_02.bmp,2.0,0.277777778,0.460888599,0.444444444,0.511309993,0.444444444,0.511309993,0.277777778,0.460888599,0.333333333,0.48507125,0.0,0.0,0.055555556,0.23570226
09_16_03.bmp,2.9444444444444446,0.111111111,0.323380833,0.555555556,0.511309993,0.055555556,0.23570226,0.0,0.0,0.166666667,0.383482494,0.0,0.0,0.0,0.0
0919.jpg,3.888888888888889,0.166666667,0.383482494,0.222222222,0.427792632,0.0,0.0,0.0,0.0,0.166666667,0.383482494,0.055555556,0.23570226,0.0,0.0
23_12_03.bmp,2.7222222222222223,0.5,0.514495755,0.277777778,0.460888599,0.0,0.0,0.0,0.0,0.277777778,0.460888599,0.111111111,0.323380833,0.0,0.0
07_10_05.bmp,2.0,0.833333333,0.383482494,0.333333333,0.48507125,0.111111111,0.323380833,0.0,0.0,0.111111111,0.323380833,0.0,0.0,0.0,0.0
24_20_05.bmp,1.6666666666666667,0.611111111,0.501631326,0.444444444,0.511309993,0.166666667,0.383482494,0.166666667,0.383482494,0.055555556,0.23570226,0.0,0.0,0.0,0.0
13_12_02.bmp,3.111111111111111,0.555555556,0.511309993,0.166666667,0.383482494,0.111111111,0.323380833,0.0,0.0,0.111111111,0.323380833,0.0,0.0,0.055555556,0.23570226
25_18_01.bmp,2.7222222222222223,0.055555556,0.23570226,0.666666667,0.48507125,0.055555556,0.23570226,0.055555556,0.23570226,0.111111111,0.323380833,0.111111111,0.323380833,0.055555556,0.23570226
28_16_01.bmp,3.2222222222222223,0.055555556,0.23570226,0.388888889,0.501631326,0.222222222,0.427792632,0.055555556,0.23570226,0.222222222,0.427792632,0.055555556,0.23570226,0.0,0.0
01249.jpg,2.9444444444444446,0.444444444,0.511309993,0.611111111,0.501631326,0.0,0.0,0.055555556,0.23570226,0.277777778,0.460888599,0.0,0.0,0.0,0.0
18_22_04.bmp,1.5,0.222222222,0.427792632,0.777777778,0.427792632,0.055555556,0.23570226,0.055555556,0.23570226,0.0,0.0,0.055555556,0.23570226,0.055555556,0.23570226
20_25_03.bmp,2.2777777777777777,0.055555556,0.23570226,0.111111111,0.323380833,0.055555556,0.23570226,0.111111111,0.323380833,0.055555556,0.23570226,0.0,0.0,0.888888889,0.323380833
24_21_03.bmp,2.7222222222222223,0.111111111,0.323380833,0.388888889,0.501631326,0.333333333,0.48507125,0.111111111,0.323380833,0.055555556,0.23570226,0.0,0.0,0.0,0.0
0904.jpg,3.7222222222222223,0.111111111,0.323380833,0.555555556,0.511309993,0.055555556,0.23570226,0.0,0.0,0.166666667,0.383482494,0.0,0.0,0.0,0.0
36_12_02.bmp,3.0,0.5,0.514495755,0.5,0.514495755,0.111111111,0.323380833,0.055555556,0.23570226,0.055555556,0.23570226,0.0,0.0,0.055555556,0.23570226
02_17_02.bmp,2.388888888888889,0.055555556,0.23570226,0.277777778,0.460888599,0.0,0.0,0.055555556,0.23570226,0.5,0.514495755,0.055555556,0.23570226,0.388888889,0.501631326
24_25_01.bmp,2.9444444444444446,0.111111111,0.323380833,0.055555556,0.23570226,0.055555556,0.23570226,0.0,0.0,0.0,0.0,0.0,0.0,0.833333333,0.383482494
0827.jpg,3.5,0.055555556,0.23570226,0.444444444,0.511309993,0.0,0.0,0.111111111,0.323380833,0.0,0.0,0.055555556,0.23570226,0.055555556,0.23570226
20_10_04.bmp,2.0,0.777777778,0.427792632,0.222222222,0.427792632,0.055555556,0.23570226,0.0,0.0,0.166666667,0.383482494,0.111111111,0.323380833,0.0,0.0
03_22_05.bmp,2.1666666666666665,0.388888889,0.501631326,0.777777778,0.427792632,0.055555556,0.23570226,0.0,0.0,0.055555556,0.23570226,0.0,0.0,0.055555556,0.23570226
01190.jpg,3.0,0.222222222,0.427792632,0.555555556,0.511309993,0.055555556,0.23570226,0.166666667,0.383482494,0.222222222,0.427792632,0.055555556,0.23570226,0.222222222,0.427792632
10_02_04.bmp,1.6111111111111112,0.055555556,0.23570226,0.833333333,0.383482494,0.0,0.0,0.055555556,0.23570226,0.388888889,0.501631326,0.166666667,0.383482494,0.0,0.0
29_13_01.bmp,3.2777777777777777,0.166666667,0.383482494,0.388888889,0.501631326,0.055555556,0.23570226,0.055555556,0.23570226,0.111111111,0.323380833,0.111111111,0.323380833,0.055555556,0.23570226
37_10_03.bmp,2.888888888888889,0.777777778,0.427792632,0.333333333,0.48507125,0.0,0.0,0.0,0.0,0.055555556,0.23570226,0.055555556,0.23570226,0.0,0.0
22_02_05.bmp,1.2777777777777777,0.0,0.0,0.888888889,0.323380833,0.0,0.0,0.0,0.0,0.111111111,0.323380833,0.111111111,0.323380833,0.055555556,0.23570226
10_18_03.bmp,2.055555555555556,0.055555556,0.23570226,0.777777778,0.427792632,0.111111111,0.323380833,0.111111111,0.323380833,0.444444444,0.511309993,0.222222222,0.427792632,0.111111111,0.323380833
36_21_04.bmp,2.388888888888889,0.388888889,0.501631326,0.555555556,0.511309993,0.111111111,0.323380833,0.222222222,0.427792632,0.0,0.0,0.111111111,0.323380833,0.055555556,0.23570226
0803.jpg,3.555555555555556,0.0,0.0,0.388888889,0.501631326,0.0,0.0,0.0,0.0,0.111111111,0.323380833,0.055555556,0.23570226,0.055555556,0.23570226
02_24_02.bmp,2.2777777777777777,0.111111111,0.323380833,0.611111111,0.501631326,0.055555556,0.23570226,0.055555556,0.23570226,0.277777778,0.460888599,0.055555556,0.23570226,0.055555556,0.23570226
30_16_03.bmp,2.833333333333333,0.111111111,0.323380833,0.555555556,0.511309993,0.0,0.0,0.111111111,0.323380833,0.222222222,0.427792632,0.0,0.0,0.0,0.0
30_02_04.bmp,1.6666666666666667,0.055555556,0.23570226,0.888888889,0.323380833,0.111111111,0.323380833,0.0,0.0,0.333333333,0.48507125,0.0,0.0,0.0,0.0
11_13_05.bmp,2.111111111111111,0.055555556,0.23570226,0.166666667,0.383482494,0.944444444,0.23570226,0.0,0.0,0.222222222,0.427792632,0.111111111,0.323380833,0.055555556,0.23570226
07_11_05.bmp,1.7222222222222223,0.888888889,0.323380833,0.277777778,0.460888599,0.111111111,0.323380833,0.0,0.0,0.111111111,0.323380833,0.111111111,0.323380833,0.0,0.0
0336.jpg,3.0,0.166666667,0.383482494,0.666666667,0.48507125,0.0,0.0,0.111111111,0.323380833,0.055555556,0.23570226,0.0,0.0,0.055555556,0.23570226
14_25_01.bmp,2.888888888888889,0.055555556,0.23570226,0.166666667,0.383482494,0.111111111,0.323380833,0.0,0.0,0.0,0.0,0.111111111,0.323380833,1.0,0.0
33_20_01.bmp,2.833333333333333,0.333333333,0.48507125,0.444444444,0.511309993,0.111111111,0.323380833,0.111111111,0.323380833,0.388888889,0.501631326,0.055555556,0.23570226,0.0,0.0
24_15_01.bmp,2.333333333333333,0.055555556,0.23570226,0.166666667,0.383482494,0.833333333,0.383482494,0.055555556,0.23570226,0.0,0.0,0.0,0.0,0.0,0.0
17_25_04.bmp,2.1666666666666665,0.0,0.0,0.055555556,0.23570226,0.055555556,0.23570226,0.055555556,0.23570226,0.166666667,0.383482494,0.055555556,0.23570226,0.777777778,0.427792632
27_13_04.bmp,2.833333333333333,0.055555556,0.23570226,0.222222222,0.427792632,0.555555556,0.511309993,0.055555556,0.23570226,0.444444444,0.511309993,0.0,0.0,0.055555556,0.23570226
01386.jpg,3.611111111111111,0.055555556,0.23570226,0.666666667,0.48507125,0.055555556,0.23570226,0.0,0.0,0.055555556,0.23570226,0.0,0.0,0.055555556,0.23570226
30_05_05.bmp,1.7777777777777777,0.388888889,0.501631326,0.777777778,0.427792632,0.055555556,0.23570226,0.055555556,0.23570226,0.388888889,0.501631326,0.0,0.0,0.055555556,0.23570226
12_10_01.bmp,3.388888888888889,0.444444444,0.511309993,0.333333333,0.48507125,0.055555556,0.23570226,0.0,0.0,0.0,0.0,0.0,0.0,0.055555556,0.23570226
0110.jpg,2.5,0.0,0.0,0.333333333,0.48507125,1.0,0.0,0.0,0.0,0.111111111,0.323380833,0.055555556,0.23570226,0.055555556,0.23570226
02_18_03.bmp,2.4444444444444446,0.111111111,0.323380833,0.666666667,0.48507125,0.055555556,0.23570226,0.0,0.0,0.5,0.514495755,0.111111111,0.323380833,0.055555556,0.23570226
0669.jpg,3.111111111111111,0.0,0.0,0.388888889,0.501631326,0.055555556,0.23570226,0.111111111,0.323380833,0.555555556,0.511309993,0.166666667,0.383482494,0.055555556,0.23570226
21_13_05.bmp,2.2777777777777777,0.055555556,0.23570226,0.277777778,0.460888599,0.833333333,0.383482494,0.0,0.0,0.055555556,0.23570226,0.0,0.0,0.111111111,0.323380833
32_18_04.bmp,2.555555555555556,0.055555556,0.23570226,0.722222222,0.460888599,0.055555556,0.23570226,0.055555556,0.23570226,0.388888889,0.501631326,0.055555556,0.23570226,0.0,0.0
21_17_01.bmp,3.1666666666666665,0.111111111,0.323380833,0.5,0.514495755,0.0,0.0,0.055555556,0.23570226,0.111111111,0.323380833,0.111111111,0.323380833,0.055555556,0.23570226
09_05_01.bmp,3.555555555555556,0.222222222,0.427792632,0.5,0.514495755,0.166666667,0.383482494,0.0,0.0,0.111111111,0.323380833,0.055555556,0.23570226,0.0,0.0
0309.jpg,2.0,0.055555556,0.23570226,0.888888889,0.323380833,0.0,0.0,0.166666667,0.383482494,0.111111111,0.323380833,0.055555556,0.23570226,0.0,0.0
29_14_05.bmp,1.4444444444444444,0.111111111,0.323380833,0.111111111,0.323380833,0.0,0.0,0.888888889,0.323380833,0.0,0.0,0.166666667,0.383482494,0.0,0.0
28_03_03.bmp,3.1666666666666665,0.055555556,0.23570226,0.722222222,0.460888599,0.055555556,0.23570226,0.055555556,0.23570226,0.166666667,0.383482494,0.0,0.0,0.0,0.0
12_19_03.bmp,3.111111111111111,0.111111111,0.323380833,0.277777778,0.460888599,0.333333333,0.48507125,0.0,0.0,0.055555556,0.23570226,0.0,0.0,0.111111111,0.323380833
10_23_03.bmp,2.7777777777777777,0.111111111,0.323380833,0.222222222,0.427792632,0.0,0.0,0.777777778,0.427792632,0.333333333,0.48507125,0.166666667,0.383482494,0.055555556,0.23570226
02_02_01.bmp,3.111111111111111,0.0,0.0,0.333333333,0.48507125,0.055555556,0.23570226,0.0,0.0,0.555555556,0.511309993,0.055555556,0.23570226,0.055555556,0.23570226
0764.jpg,3.333333333333333,0.055555556,0.23570226,0.444444444,0.511309993,0.055555556,0.23570226,0.055555556,0.23570226,0.0,0.0,0.111111111,0.323380833,0.055555556,0.23570226
35_15_01.bmp,1.7222222222222223,0.055555556,0.23570226,0.166666667,0.383482494,0.888888889,0.323380833,0.055555556,0.23570226,0.0,0.0,0.0,0.0,0.0,0.0
20_07_04.bmp,1.4444444444444444,0.111111111,0.323380833,0.777777778,0.427792632,0.055555556,0.23570226,0.0,0.0,0.055555556,0.23570226,0.055555556,0.23570226,0.055555556,0.23570226
0219.jpg,2.1666666666666665,0.055555556,0.23570226,0.277777778,0.460888599,0.0,0.0,0.888888889,0.323380833,0.111111111,0.323380833,0.0,0.0,0.0,0.0
0967.jpg,2.9444444444444446,0.055555556,0.23570226,0.388888889,0.501631326,0.055555556,0.23570226,0.611111111,0.501631326,0.166666667,0.383482494,0.0,0.0,0.055555556,0.23570226
35_03_05.bmp,1.3888888888888888,0.055555556,0.23570226,0.888888889,0.323380833,0.055555556,0.23570226,0.0,0.0,0.055555556,0.23570226,0.0,0.0,0.0,0.0
34_12_04.bmp,2.333333333333333,0.611111111,0.501631326,0.388888889,0.501631326,0.222222222,0.427792632,0.0,0.0,0.055555556,0.23570226,0.0,0.0,0.055555556,0.23570226
18_04_02.bmp,3.111111111111111,0.222222222,0.427792632,0.444444444,0.511309993,0.222222222,0.427792632,0.055555556,0.23570226,0.0,0.0,0.055555556,0.23570226,0.055555556,0.23570226
26_03_01.bmp,4.166666666666667,0.055555556,0.23570226,0.166666667,0.383482494,0.111111111,0.323380833,0.055555556,0.23570226,0.055555556,0.23570226,0.0,0.0,0.111111111,0.323380833
01212.jpg,3.388888888888889,0.222222222,0.427792632,0.611111111,0.501631326,0.111111111,0.323380833,0.111111111,0.323380833,0.333333333,0.48507125,0.055555556,0.23570226,0.055555556,0.23570226
06_05_02.bmp,3.1666666666666665,0.222222222,0.427792632,0.722222222,0.460888599,0.055555556,0.23570226,0.055555556,0.23570226,0.0,0.0,0.111111111,0.323380833,0.055555556,0.23570226
20_09_03.bmp,2.611111111111111,0.777777778,0.427792632,0.333333333,0.48507125,0.111111111,0.323380833,0.0,0.0,0.055555556,0.23570226,0.055555556,0.23570226,0.0,0.0
07_04_03.bmp,3.0,0.333333333,0.48507125,0.5,0.514495755,0.277777778,0.460888599,0.0,0.0,0.111111111,0.323380833,0.055555556,0.23570226,0.055555556,0.23570226
0050.jpg,3.2777777777777777,0.055555556,0.23570226,0.277777778,0.460888599,0.833333333,0.383482494,0.0,0.0,0.277777778,0.460888599,0.0,0.0,0.0,0.0
01_24_02.bmp,2.2777777777777777,0.0,0.0,0.833333333,0.383482494,0.111111111,0.323380833,0.055555556,0.23570226,0.0,0.0,0.0,0.0,0.055555556,0.23570226
05_23_03.bmp,2.6666666666666665,0.111111111,0.323380833,0.277777778,0.460888599,0.0,0.0,0.777777778,0.427792632,0.0,0.0,0.055555556,0.23570226,0.111111111,0.323380833
01_14_02.bmp,3.2222222222222223,0.055555556,0.23570226,0.666666667,0.48507125,0.111111111,0.323380833,0.0,0.0,0.055555556,0.23570226,0.0,0.0,0.111111111,0.323380833
16_03_05.bmp,1.7222222222222223,0.0,0.0,0.833333333,0.383482494,0.0,0.0,0.055555556,0.23570226,0.388888889,0.501631326,0.444444444,0.511309993,0.0,0.0
01360.jpg,4.277777777777778,0.055555556,0.23570226,0.388888889,0.501631326,0.222222222,0.427792632,0.055555556,0.23570226,0.0,0.0,0.0,0.0,0.0,0.0
0661.jpg,3.388888888888889,0.111111111,0.323380833,0.611111111,0.501631326,0.0,0.0,0.055555556,0.23570226,0.111111111,0.323380833,0.0,0.0,0.055555556,0.23570226
19_23_05.bmp,2.055555555555556,0.055555556,0.23570226,0.055555556,0.23570226,0.0,0.0,0.777777778,0.427792632,0.055555556,0.23570226,0.055555556,0.23570226,0.166666667,0.383482494
12_10_02.bmp,3.0,0.666666667,0.48507125,0.222222222,0.427792632,0.055555556,0.23570226,0.0,0.0,0.111111111,0.323380833,0.0,0.0,0.111111111,0.323380833
10_13_05.bmp,2.1666666666666665,0.055555556,0.23570226,0.222222222,0.427792632,0.944444444,0.23570226,0.055555556,0.23570226,0.388888889,0.501631326,0.111111111,0.323380833,0.055555556,0.23570226
01_20_02.bmp,3.055555555555556,0.055555556,0.23570226,0.722222222,0.460888599,0.111111111,0.323380833,0.055555556,0.23570226,0.0,0.0,0.055555556,0.23570226,0.0,0.0
1062.jpg,3.7222222222222223,0.111111111,0.323380833,0.444444444,0.511309993,0.0,0.0,0.277777778,0.460888599,0.055555556,0.23570226,0.0,0.0,0.111111111,0.323380833
0030.jpg,1.9444444444444444,0.055555556,0.23570226,0.5,0.514495755,0.888888889,0.323380833,0.0,0.0,0.222222222,0.427792632,0.0,0.0,0.0,0.0
30_01_05.bmp,1.6111111111111112,0.0,0.0,0.944444444,0.23570226,0.0,0.0,0.0,0.0,0.277777778,0.460888599,0.0,0.0,0.0,0.0
0196.jpg,1.9444444444444444,0.055555556,0.23570226,0.222222222,0.427792632,0.0,0.0,0.888888889,0.323380833,0.0,0.0,0.0,0.0,0.0,0.0
36_18_03.bmp,2.388888888888889,0.111111111,0.323380833,0.777777778,0.427792632,0.111111111,0.323380833,0.055555556,0.23570226,0.0,0.0,0.0,0.0,0.055555556,0.23570226
30_09_02.bmp,2.9444444444444446,0.777777778,0.427792632,0.166666667,0.383482494,0.0,0.0,0.055555556,0.23570226,0.222222222,0.427792632,0.0,0.0,0.0,0.0
07_18_01.bmp,2.833333333333333,0.111111111,0.323380833,0.555555556,0.511309993,0.055555556,0.23570226,0.0,0.0,0.166666667,0.383482494,0.111111111,0.323380833,0.166666667,0.383482494
27_15_03.bmp,2.9444444444444446,0.055555556,0.23570226,0.333333333,0.48507125,0.111111111,0.323380833,0.222222222,0.427792632,0.444444444,0.511309993,0.0,0.0,0.0,0.0
02_16_02.bmp,3.111111111111111,0.055555556,0.23570226,0.444444444,0.511309993,0.055555556,0.23570226,0.055555556,0.23570226,0.5,0.514495755,0.055555556,0.23570226,0.055555556,0.23570226
27_06_04.bmp,2.333333333333333,0.222222222,0.427792632,0.5,0.514495755,0.222222222,0.427792632,0.0,0.0,0.444444444,0.511309993,0.166666667,0.383482494,0.0,0.0
0096.jpg,2.6666666666666665,0.0,0.0,0.277777778,0.460888599,0.888888889,0.323380833,0.0,0.0,0.111111111,0.323380833,0.055555556,0.23570226,0.055555556,0.23570226
05_02_02.bmp,2.4444444444444446,0.166666667,0.383482494,0.833333333,0.383482494,0.111111111,0.323380833,0.0,0.0,0.0,0.0,0.055555556,0.23570226,0.055555556,0.23570226
0902.jpg,3.4444444444444446,0.111111111,0.323380833,0.444444444,0.511309993,0.055555556,0.23570226,0.0,0.0,0.222222222,0.427792632,0.055555556,0.23570226,0.0,0.0
07_09_05.bmp,1.9444444444444444,0.833333333,0.383482494,0.222222222,0.427792632,0.111111111,0.323380833,0.0,0.0,0.166666667,0.383482494,0.0,0.0,0.0,0.0
37_09_04.bmp,2.611111111111111,0.888888889,0.323380833,0.333333333,0.48507125,0.055555556,0.23570226,0.0,0.0,0.055555556,0.23570226,0.055555556,0.23570226,0.0,0.0
14_21_03.bmp,2.388888888888889,0.055555556,0.23570226,0.222222222,0.427792632,0.888888889,0.323380833,0.0,0.0,0.0,0.0,0.055555556,0.23570226,0.111111111,0.323380833
0561.jpg,3.111111111111111,0.055555556,0.23570226,0.333333333,0.48507125,0.0,0.0,0.055555556,0.23570226,0.777777778,0.427792632,0.0,0.0,0.055555556,0.23570226
30_09_04.bmp,2.555555555555556,0.777777778,0.427792632,0.222222222,0.427792632,0.055555556,0.23570226,0.0,0.0,0.222222222,0.427792632,0.0,0.0,0.0,0.0
29_19_05.bmp,1.8888888888888888,0.055555556,0.23570226,0.222222222,0.427792632,0.833333333,0.383482494,0.055555556,0.23570226,0.055555556,0.23570226,0.111111111,0.323380833,0.055555556,0.23570226
0636.jpg,3.4444444444444446,0.111111111,0.323380833,0.388888889,0.501631326,0.055555556,0.23570226,0.055555556,0.23570226,0.055555556,0.23570226,0.111111111,0.323380833,0.055555556,0.23570226
04_20_05.bmp,1.9444444444444444,0.611111111,0.501631326,0.5,0.514495755,0.166666667,0.383482494,0.0,0.0,0.222222222,0.427792632,0.0,0.0,0.0,0.0
27_23_02.bmp,2.7222222222222223,0.055555556,0.23570226,0.166666667,0.383482494,0.055555556,0.23570226,0.722222222,0.460888599,0.222222222,0.427792632,0.0,0.0,0.0,0.0
01253.jpg,3.555555555555556,0.444444444,0.511309993,0.277777778,0.460888599,0.0,0.0,0.166666667,0.383482494,0.111111111,0.323380833,0.055555556,0.23570226,0.055555556,0.23570226
01_22_03.bmp,1.7777777777777777,0.444444444,0.511309993,0.833333333,0.383482494,0.222222222,0.427792632,0.0,0.0,0.0,0.0,0.055555556,0.23570226,0.055555556,0.23570226
0577.jpg,3.2222222222222223,0.055555556,0.23570226,0.277777778,0.460888599,0.0,0.0,0.055555556,0.23570226,0.611111111,0.501631326,0.055555556,0.23570226,0.055555556,0.23570226
34_01_05.bmp,1.5,0.055555556,0.23570226,0.888888889,0.323380833,0.166666667,0.383482494,0.0,0.0,0.055555556,0.23570226,0.0,0.0,0.0,0.0
08_19_04.bmp,2.6666666666666665,0.333333333,0.48507125,0.277777778,0.460888599,0.611111111,0.501631326,0.0,0.0,0.0,0.0,0.111111111,0.323380833,0.055555556,0.23570226
03_23_03.bmp,3.0,0.111111111,0.323380833,0.055555556,0.23570226,0.055555556,0.23570226,0.777777778,0.427792632,0.055555556,0.23570226,0.0,0.0,0.055555556,0.23570226
14_20_03.bmp,2.5,0.333333333,0.48507125,0.277777778,0.460888599,0.166666667,0.383482494,0.277777778,0.460888599,0.055555556,0.23570226,0.055555556,0.23570226,0.0,0.0
08_12_04.bmp,3.111111111111111,0.833333333,0.383482494,0.055555556,0.23570226,0.055555556,0.23570226,0.0,0.0,0.111111111,0.323380833,0.055555556,0.23570226,0.0,0.0
01393.jpg,4.277777777777778,0.111111111,0.323380833,0.444444444,0.511309993,0.055555556,0.23570226,0.0,0.0,0.0,0.0,0.0,0.0,0.055555556,0.23570226
1074.jpg,3.2222222222222223,0.055555556,0.23570226,0.444444444,0.511309993,0.0,0.0,0.5,0.514495755,0.111111111,0.323380833,0.222222222,0.427792632,0.055555556,0.23570226
01293.jpg,3.1666666666666665,0.333333333,0.48507125,0.444444444,0.511309993,0.055555556,0.23570226,0.055555556,0.23570226,0.388888889,0.501631326,0.0,0.0,0.0,0.0
10_04_02.bmp,3.055555555555556,0.166666667,0.383482494,0.388888889,0.501631326,0.111111111,0.323380833,0.222222222,0.427792632,0.333333333,0.48507125,0.444444444,0.511309993,0.055555556,0.23570226
13_02_02.bmp,2.9444444444444446,0.0,0.0,0.722222222,0.460888599,0.111111111,0.323380833,0.0,0.0,0.166666667,0.383482494,0.111111111,0.323380833,0.055555556,0.23570226
16_17_04.bmp,2.333333333333333,0.055555556,0.23570226,0.5,0.514495755,0.055555556,0.23570226,0.0,0.0,0.388888889,0.501631326,0.388888889,0.501631326,0.111111111,0.323380833
17_04_05.bmp,1.9444444444444444,0.333333333,0.48507125,0.333333333,0.48507125,0.166666667,0.383482494,0.055555556,0.23570226,0.166666667,0.383482494,0.222222222,0.427792632,0.111111111,0.323380833
01254.jpg,3.8333333333333335,0.111111111,0.323380833,0.111111111,0.323380833,0.055555556,0.23570226,0.0,0.0,0.388888889,0.501631326,0.0,0.0,0.5,0.514495755
0874.jpg,3.611111111111111,0.055555556,0.23570226,0.444444444,0.511309993,0.055555556,0.23570226,0.0,0.0,0.111111111,0.323380833,0.055555556,0.23570226,0.0,0.0
01488.jpg,2.9444444444444446,0.111111111,0.323380833,0.666666667,0.48507125,0.111111111,0.323380833,0.0,0.0,0.0,0.0,0.055555556,0.23570226,0.0,0.0
09_10_05.bmp,2.111111111111111,0.777777778,0.427792632,0.444444444,0.511309993,0.111111111,0.323380833,0.0,0.0,0.166666667,0.383482494,0.111111111,0.323380833,0.0,0.0
12_19_04.bmp,2.7777777777777777,0.111111111,0.323380833,0.222222222,0.427792632,0.722222222,0.460888599,0.111111111,0.323380833,0.0,0.0,0.0,0.0,0.0,0.0
03_04_03.bmp,3.4444444444444446,0.388888889,0.501631326,0.166666667,0.383482494,0.166666667,0.383482494,0.055555556,0.23570226,0.111111111,0.323380833,0.166666667,0.383482494,0.055555556,0.23570226
01331.jpg,3.1666666666666665,0.111111111,0.323380833,0.722222222,0.460888599,0.111111111,0.323380833,0.055555556,0.23570226,0.0,0.0,0.0,0.0,0.055555556,0.23570226
0784.jpg,3.388888888888889,0.166666667,0.383482494,0.444444444,0.511309993,0.055555556,0.23570226,0.0,0.0,0.0,0.0,0.055555556,0.23570226,0.055555556,0.23570226
0344.jpg,2.4444444444444446,0.166666667,0.383482494,0.833333333,0.383482494,0.055555556,0.23570226,0.055555556,0.23570226,0.055555556,0.23570226,0.0,0.0,0.0,0.0
0839.jpg,3.5,0.166666667,0.383482494,0.333333333,0.48507125,0.0,0.0,0.055555556,0.23570226,0.166666667,0.383482494,0.055555556,0.23570226,0.0,0.0
0766.jpg,3.2777777777777777,0.055555556,0.23570226,0.444444444,0.511309993,0.0,0.0,0.055555556,0.23570226,0.277777778,0.460888599,0.0,0.0,0.055555556,0.23570226
23_22_01.bmp,3.1666666666666665,0.111111111,0.323380833,0.5,0.514495755,0.111111111,0.323380833,0.111111111,0.323380833,0.333333333,0.48507125,0.0,0.0,0.0,0.0
10_19_04.bmp,2.5,0.166666667,0.383482494,0.444444444,0.511309993,0.388888889,0.501631326,0.0,0.0,0.277777778,0.460888599,0.222222222,0.427792632,0.055555556,0.23570226
0759.jpg,3.555555555555556,0.055555556,0.23570226,0.333333333,0.48507125,0.0,0.0,0.055555556,0.23570226,0.111111111,0.323380833,0.055555556,0.23570226,0.111111111,0.323380833
15_13_02.bmp,3.111111111111111,0.0,0.0,0.222222222,0.427792632,0.5,0.514495755,0.0,0.0,0.222222222,0.427792632,0.0,0.0,0.111111111,0.323380833
12_06_03.bmp,2.611111111111111,0.333333333,0.48507125,0.166666667,0.383482494,0.277777778,0.460888599,0.0,0.0,0.0,0.0,0.166666667,0.383482494,0.055555556,0.23570226
15_03_02.bmp,3.055555555555556,0.0,0.0,0.777777778,0.427792632,0.0,0.0,0.0,0.0,0.333333333,0.48507125,0.055555556,0.23570226,0.055555556,0.23570226
05_15_03.bmp,3.1666666666666665,0.111111111,0.323380833,0.333333333,0.48507125,0.277777778,0.460888599,0.0,0.0,0.055555556,0.23570226,0.055555556,0.23570226,0.055555556,0.23570226
29_25_01.bmp,2.833333333333333,0.055555556,0.23570226,0.111111111,0.323380833,0.0,0.0,0.055555556,0.23570226,0.055555556,0.23570226,0.166666667,0.383482494,0.888888889,0.323380833
0079.jpg,2.2222222222222223,0.055555556,0.23570226,0.555555556,0.511309993,0.777777778,0.427792632,0.0,0.0,0.055555556,0.23570226,0.055555556,0.23570226,0.166666667,0.383482494
29_10_05.bmp,2.1666666666666665,0.722222222,0.460888599,0.166666667,0.383482494,0.055555556,0.23570226,0.0,0.0,0.166666667,0.383482494,0.111111111,0.323380833,0.0,0.0
01372.jpg,4.055555555555555,0.111111111,0.323380833,0.444444444,0.511309993,0.166666667,0.383482494,0.0,0.0,0.0,0.0,0.0,0.0,0.055555556,0.23570226
1033.jpg,3.0,0.055555556,0.23570226,0.277777778,0.460888599,0.0,0.0,0.5,0.514495755,0.111111111,0.323380833,0.111111111,0.323380833,0.111111111,0.323380833
1040.jpg,3.111111111111111,0.055555556,0.23570226,0.555555556,0.511309993,0.0,0.0,0.5,0.514495755,0.166666667,0.383482494,0.0,0.0,0.055555556,0.23570226
26_20_02.bmp,3.8333333333333335,0.055555556,0.23570226,0.277777778,0.460888599,0.055555556,0.23570226,0.055555556,0.23570226,0.055555556,0.23570226,0.055555556,0.23570226,0.111111111,0.323380833
21_25_05.bmp,1.8888888888888888,0.055555556,0.23570226,0.166666667,0.383482494,0.0,0.0,0.055555556,0.23570226,0.0,0.0,0.055555556,0.23570226,0.888888889,0.323380833
10_06_04.bmp,2.0,0.388888889,0.501631326,0.277777778,0.460888599,0.222222222,0.427792632,0.166666667,0.383482494,0.277777778,0.460888599,0.222222222,0.427792632,0.0,0.0
25_12_02.bmp,2.7222222222222223,0.777777778,0.427792632,0.277777778,0.460888599,0.111111111,0.323380833,0.0,0.0,0.111111111,0.323380833,0.0,0.0,0.111111111,0.323380833
1078.jpg,3.611111111111111,0.055555556,0.23570226,0.333333333,0.48507125,0.0,0.0,0.444444444,0.511309993,0.111111111,0.323380833,0.055555556,0.23570226,0.111111111,0.323380833
0731.jpg,3.8333333333333335,0.111111111,0.323380833,0.166666667,0.383482494,0.0,0.0,0.0,0.0,0.277777778,0.460888599,0.111111111,0.323380833,0.055555556,0.23570226
05_13_05.bmp,2.055555555555556,0.111111111,0.323380833,0.444444444,0.511309993,0.777777778,0.427792632,0.0,0.0,0.0,0.0,0.111111111,0.323380833,0.055555556,0.23570226
13_20_01.bmp,3.0,0.388888889,0.501631326,0.222222222,0.427792632,0.444444444,0.511309993,0.111111111,0.323380833,0.055555556,0.23570226,0.0,0.0,0.111111111,0.323380833
37_23_02.bmp,2.7777777777777777,0.055555556,0.23570226,0.222222222,0.427792632,0.0,0.0,0.722222222,0.460888599,0.111111111,0.323380833,0.055555556,0.23570226,0.111111111,0.323380833
34_17_05.bmp,2.2777777777777777,0.055555556,0.23570226,0.555555556,0.511309993,0.222222222,0.427792632,0.055555556,0.23570226,0.111111111,0.323380833,0.166666667,0.383482494,0.222222222,0.427792632
29_17_04.bmp,2.1666666666666665,0.055555556,0.23570226,0.611111111,0.501631326,0.055555556,0.23570226,0.0,0.0,0.222222222,0.427792632,0.222222222,0.427792632,0.222222222,0.427792632
22_04_04.bmp,2.2777777777777777,0.444444444,0.511309993,0.444444444,0.511309993,0.166666667,0.383482494,0.0,0.0,0.111111111,0.323380833,0.222222222,0.427792632,0.0,0.0
18_16_01.bmp,3.111111111111111,0.055555556,0.23570226,0.388888889,0.501631326,0.277777778,0.460888599,0.111111111,0.323380833,0.0,0.0,0.0,0.0,0.055555556,0.23570226
01_11_01.bmp,2.7777777777777777,0.5,0.514495755,0.444444444,0.511309993,0.277777778,0.460888599,0.0,0.0,0.055555556,0.23570226,0.055555556,0.23570226,0.055555556,0.23570226
36_12_05.bmp,2.1666666666666665,0.888888889,0.323380833,0.444444444,0.511309993,0.055555556,0.23570226,0.0,0.0,0.111111111,0.323380833,0.0,0.0,0.0,0.0
0620.jpg,3.4444444444444446,0.111111111,0.323380833,0.388888889,0.501631326,0.0,0.0,0.166666667,0.383482494,0.055555556,0.23570226,0.111111111,0.323380833,0.055555556,0.23570226
27_20_01.bmp,2.7222222222222223,0.277777778,0.460888599,0.333333333,0.48507125,0.277777778,0.460888599,0.166666667,0.383482494,0.388888889,0.501631326,0.0,0.0,0.0,0.0
0900.jpg,3.7777777777777777,0.111111111,0.323380833,0.5,0.514495755,0.0,0.0,0.0,0.0,0.111111111,0.323380833,0.0,0.0,0.055555556,0.23570226
16_10_05.bmp,2.2222222222222223,0.833333333,0.383482494,0.222222222,0.427792632,0.0,0.0,0.0,0.0,0.333333333,0.48507125,0.388888889,0.501631326,0.0,0.0
0987.jpg,2.833333333333333,0.111111111,0.323380833,0.388888889,0.501631326,0.055555556,0.23570226,0.666666667,0.48507125,0.277777778,0.460888599,0.055555556,0.23570226,0.055555556,0.23570226
01151.jpg,4.055555555555555,0.111111111,0.323380833,0.277777778,0.460888599,0.0,0.0,0.0,0.0,0.277777778,0.460888599,0.055555556,0.23570226,0.055555556,0.23570226
0957.jpg,2.888888888888889,0.111111111,0.323380833,0.333333333,0.48507125,0.055555556,0.23570226,0.666666667,0.48507125,0.111111111,0.323380833,0.0,0.0,0.0,0.0
17_05_04.bmp,2.055555555555556,0.444444444,0.511309993,0.777777778,0.427792632,0.055555556,0.23570226,0.055555556,0.23570226,0.166666667,0.383482494,0.111111111,0.323380833,0.055555556,0.23570226
25_24_01.bmp,2.555555555555556,0.111111111,0.323380833,0.833333333,0.383482494,0.166666667,0.383482494,0.0,0.0,0.166666667,0.383482494,0.0,0.0,0.111111111,0.323380833
01441.jpg,3.9444444444444446,0.111111111,0.323380833,0.277777778,0.460888599,0.166666667,0.383482494,0.0,0.0,0.055555556,0.23570226,0.0,0.0,0.111111111,0.323380833
05_06_03.bmp,2.333333333333333,0.388888889,0.501631326,0.444444444,0.511309993,0.222222222,0.427792632,0.055555556,0.23570226,0.055555556,0.23570226,0.277777778,0.460888599,0.055555556,0.23570226
0621.jpg,3.2777777777777777,0.166666667,0.383482494,0.5,0.514495755,0.0,0.0,0.166666667,0.383482494,0.0,0.0,0.0,0.0,0.055555556,0.23570226
16_21_02.bmp,2.555555555555556,0.055555556,0.23570226,0.111111111,0.323380833,0.666666667,0.48507125,0.0,0.0,0.277777778,0.460888599,0.333333333,0.48507125,0.0,0.0
06_25_02.bmp,2.6666666666666665,0.055555556,0.23570226,0.0,0.0,0.055555556,0.23570226,0.0,0.0,0.0,0.0,0.055555556,0.23570226,0.944444444,0.23570226
27_23_05.bmp,2.055555555555556,0.0,0.0,0.277777778,0.460888599,0.055555556,0.23570226,0.722222222,0.460888599,0.222222222,0.427792632,0.0,0.0,0.111111111,0.323380833
13_25_03.bmp,2.555555555555556,0.111111111,0.323380833,0.055555556,0.23570226,0.111111111,0.323380833,0.111111111,0.323380833,0.055555556,0.23570226,0.0,0.0,1.0,0.0
18_15_03.bmp,3.111111111111111,0.166666667,0.383482494,0.333333333,0.48507125,0.277777778,0.460888599,0.055555556,0.23570226,0.055555556,0.23570226,0.0,0.0,0.055555556,0.23570226
31_21_02.bmp,2.7777777777777777,0.055555556,0.23570226,0.222222222,0.427792632,0.722222222,0.460888599,0.0,0.0,0.166666667,0.383482494,0.055555556,0.23570226,0.0,0.0
19_18_02.bmp,2.9444444444444446,0.111111111,0.323380833,0.555555556,0.511309993,0.055555556,0.23570226,0.0,0.0,0.166666667,0.383482494,0.166666667,0.383482494,0.055555556,0.23570226
15_03_03.bmp,2.555555555555556,0.055555556,0.23570226,0.666666667,0.48507125,0.055555556,0.23570226,0.055555556,0.23570226,0.277777778,0.460888599,0.0,0.0,0.055555556,0.23570226
0399.jpg,2.388888888888889,0.055555556,0.23570226,0.777777778,0.427792632,0.055555556,0.23570226,0.222222222,0.427792632,0.055555556,0.23570226,0.0,0.0,0.111111111,0.323380833
0896.jpg,3.7777777777777777,0.111111111,0.323380833,0.555555556,0.511309993,0.0,0.0,0.055555556,0.23570226,0.111111111,0.323380833,0.0,0.0,0.0,0.0
0067.jpg,1.8888888888888888,0.0,0.0,0.611111111,0.501631326,1.0,0.0,0.055555556,0.23570226,0.055555556,0.23570226,0.055555556,0.23570226,0.166666667,0.383482494
01398.jpg,3.2777777777777777,0.0,0.0,0.722222222,0.460888599,0.166666667,0.383482494,0.0,0.0,0.0,0.0,0.0,0.0,0.0,0.0
0115.jpg,2.611111111111111,0.0,0.0,0.277777778,0.460888599,0.944444444,0.23570226,0.0,0.0,0.055555556,0.23570226,0.0,0.0,0.166666667,0.383482494
09_18_01.bmp,2.833333333333333,0.111111111,0.323380833,0.666666667,0.48507125,0.111111111,0.323380833,0.055555556,0.23570226,0.111111111,0.323380833,0.055555556,0.23570226,0.111111111,0.323380833
0685.jpg,3.2222222222222223,0.055555556,0.23570226,0.277777778,0.460888599,0.0,0.0,0.111111111,0.323380833,0.277777778,0.460888599,0.166666667,0.383482494,0.055555556,0.23570226
0421.jpg,3.1666666666666665,0.0,0.0,0.611111111,0.501631326,0.111111111,0.323380833,0.222222222,0.427792632,0.0,0.0,0.0,0.0,0.055555556,0.23570226
16_17_02.bmp,3.0,0.055555556,0.23570226,0.444444444,0.511309993,0.0,0.0,0.0,0.0,0.333333333,0.48507125,0.444444444,0.511309993,0.055555556,0.23570226
01255.jpg,2.6666666666666665,0.277777778,0.460888599,0.833333333,0.383482494,0.0,0.0,0.055555556,0.23570226,0.333333333,0.48507125,0.0,0.0,0.166666667,0.383482494
29_15_04.bmp,2.833333333333333,0.055555556,0.23570226,0.444444444,0.511309993,0.055555556,0.23570226,0.388888889,0.501631326,0.166666667,0.383482494,0.111111111,0.323380833,0.055555556,0.23570226
01379.jpg,3.1666666666666665,0.0,0.0,0.611111111,0.501631326,0.055555556,0.23570226,0.0,0.0,0.055555556,0.23570226,0.0,0.0,0.111111111,0.323380833
36_06_05.bmp,2.111111111111111,0.444444444,0.511309993,0.444444444,0.511309993,0.277777778,0.460888599,0.0,0.0,0.0,0.0,0.166666667,0.383482494,0.055555556,0.23570226
0436.jpg,2.7777777777777777,0.0,0.0,0.833333333,0.383482494,0.0,0.0,0.111111111,0.323380833,0.055555556,0.23570226,0.055555556,0.23570226,0.055555556,0.23570226
11_04_04.bmp,2.2222222222222223,0.277777778,0.460888599,0.333333333,0.48507125,0.055555556,0.23570226,0.166666667,0.383482494,0.277777778,0.460888599,0.111111111,0.323380833,0.0,0.0
0881.jpg,3.611111111111111,0.111111111,0.323380833,0.5,0.514495755,0.0,0.0,0.0,0.0,0.111111111,0.323380833,0.0,0.0,0.055555556,0.23570226
35_07_01.bmp,2.833333333333333,0.111111111,0.323380833,0.611111111,0.501631326,0.055555556,0.23570226,0.055555556,0.23570226,0.0,0.0,0.055555556,0.23570226,0.055555556,0.23570226
0318.jpg,3.2222222222222223,0.055555556,0.23570226,0.722222222,0.460888599,0.0,0.0,0.111111111,0.323380833,0.111111111,0.323380833,0.055555556,0.23570226,0.0,0.0
30_06_01.bmp,3.2222222222222223,0.277777778,0.460888599,0.333333333,0.48507125,0.166666667,0.383482494,0.055555556,0.23570226,0.388888889,0.501631326,0.111111111,0.323380833,0.0,0.0
16_22_05.bmp,1.6111111111111112,0.277777778,0.460888599,0.722222222,0.460888599,0.0,0.0,0.055555556,0.23570226,0.333333333,0.48507125,0.277777778,0.460888599,0.0,0.0
34_17_02.bmp,2.7777777777777777,0.055555556,0.23570226,0.5,0.514495755,0.166666667,0.383482494,0.055555556,0.23570226,0.166666667,0.383482494,0.222222222,0.427792632,0.222222222,0.427792632
1109.jpg,3.333333333333333,0.0,0.0,0.333333333,0.48507125,0.0,0.0,0.0,0.0,0.722222222,0.460888599,0.0,0.0,0.0,0.0
21_02_02.bmp,2.833333333333333,0.0,0.0,0.833333333,0.383482494,0.111111111,0.323380833,0.0,0.0,0.0,0.0,0.0,0.0,0.055555556,0.23570226
01362.jpg,4.333333333333333,0.111111111,0.323380833,0.388888889,0.501631326,0.055555556,0.23570226,0.0,0.0,0.0,0.0,0.0,0.0,0.055555556,0.23570226
09_17_05.bmp,2.0,0.166666667,0.383482494,0.388888889,0.501631326,0.055555556,0.23570226,0.0,0.0,0.222222222,0.427792632,0.166666667,0.383482494,0.222222222,0.427792632
0322.jpg,2.4444444444444446,0.055555556,0.23570226,0.888888889,0.323380833,0.0,0.0,0.166666667,0.383482494,0.055555556,0.23570226,0.0,0.0,0.111111111,0.323380833
0045.jpg,3.333333333333333,0.0,0.0,0.277777778,0.460888599,0.777777778,0.427792632,0.055555556,0.23570226,0.055555556,0.23570226,0.0,0.0,0.0,0.0
29_24_05.bmp,1.8333333333333333,0.055555556,0.23570226,0.888888889,0.323380833,0.0,0.0,0.0,0.0,0.055555556,0.23570226,0.0,0.0,0.055555556,0.23570226
1090.jpg,2.9444444444444446,0.055555556,0.23570226,0.444444444,0.511309993,0.055555556,0.23570226,0.555555556,0.511309993,0.055555556,0.23570226,0.055555556,0.23570226,0.055555556,0.23570226
01202.jpg,3.6666666666666665,0.222222222,0.427792632,0.388888889,0.501631326,0.0,0.0,0.055555556,0.23570226,0.277777778,0.460888599,0.0,0.0,0.0,0.0
0494.jpg,3.4444444444444446,0.055555556,0.23570226,0.277777778,0.460888599,0.0,0.0,0.055555556,0.23570226,0.722222222,0.460888599,0.0,0.0,0.055555556,0.23570226
01498.jpg,3.611111111111111,0.111111111,0.323380833,0.555555556,0.511309993,0.166666667,0.383482494,0.055555556,0.23570226,0.0,0.0,0.0,0.0,0.0,0.0
17_14_01.bmp,3.2777777777777777,0.055555556,0.23570226,0.444444444,0.511309993,0.055555556,0.23570226,0.166666667,0.383482494,0.166666667,0.383482494,0.166666667,0.383482494,0.055555556,0.23570226
14_13_04.bmp,2.555555555555556,0.0,0.0,0.166666667,0.383482494,0.944444444,0.23570226,0.0,0.0,0.055555556,0.23570226,0.055555556,0.23570226,0.055555556,0.23570226
11_08_04.bmp,1.9444444444444444,0.388888889,0.501631326,0.777777778,0.427792632,0.0,0.0,0.055555556,0.23570226,0.166666667,0.383482494,0.055555556,0.23570226,0.055555556,0.23570226
26_11_04.bmp,2.4444444444444446,0.777777778,0.427792632,0.111111111,0.323380833,0.166666667,0.383482494,0.0,0.0,0.055555556,0.23570226,0.0,0.0,0.0,0.0
02_02_05.bmp,1.2777777777777777,0.055555556,0.23570226,0.888888889,0.323380833,0.0,0.0,0.0,0.0,0.444444444,0.511309993,0.0,0.0,0.055555556,0.23570226
16_11_01.bmp,3.555555555555556,0.333333333,0.48507125,0.166666667,0.383482494,0.0,0.0,0.0,0.0,0.277777778,0.460888599,0.277777778,0.460888599,0.055555556,0.23570226
0569.jpg,3.2222222222222223,0.055555556,0.23570226,0.277777778,0.460888599,0.0,0.0,0.222222222,0.427792632,0.666666667,0.48507125,0.0,0.0,0.055555556,0.23570226
1018.jpg,3.6666666666666665,0.111111111,0.323380833,0.388888889,0.501631326,0.0,0.0,0.166666667,0.383482494,0.055555556,0.23570226,0.166666667,0.383482494,0.055555556,0.23570226
0980.jpg,3.055555555555556,0.0,0.0,0.388888889,0.501631326,0.055555556,0.23570226,0.555555556,0.511309993,0.166666667,0.383482494,0.0,0.0,0.055555556,0.23570226
25_04_01.bmp,3.4444444444444446,0.055555556,0.23570226,0.388888889,0.501631326,0.111111111,0.323380833,0.055555556,0.23570226,0.166666667,0.383482494,0.0,0.0,0.055555556,0.23570226
37_13_05.bmp,3.0,0.055555556,0.23570226,0.222222222,0.427792632,0.666666667,0.48507125,0.111111111,0.323380833,0.055555556,0.23570226,0.055555556,0.23570226,0.0,0.0
22_03_02.bmp,3.111111111111111,0.111111111,0.323380833,0.666666667,0.48507125,0.055555556,0.23570226,0.0,0.0,0.111111111,0.323380833,0.166666667,0.383482494,0.055555556,0.23570226
04_20_03.bmp,2.4444444444444446,0.555555556,0.511309993,0.5,0.514495755,0.222222222,0.427792632,0.0,0.0,0.222222222,0.427792632,0.0,0.0,0.0,0.0
34_02_04.bmp,1.6666666666666667,0.055555556,0.23570226,0.888888889,0.323380833,0.111111111,0.323380833,0.0,0.0,0.166666667,0.383482494,0.0,0.0,0.0,0.0
13_11_01.bmp,3.555555555555556,0.444444444,0.511309993,0.166666667,0.383482494,0.111111111,0.323380833,0.0,0.0,0.111111111,0.323380833,0.0,0.0,0.111111111,0.323380833
18_03_03.bmp,2.611111111111111,0.111111111,0.323380833,0.777777778,0.427792632,0.055555556,0.23570226,0.055555556,0.23570226,0.0,0.0,0.0,0.0,0.055555556,0.23570226
19_15_02.bmp,2.388888888888889,0.055555556,0.23570226,0.111111111,0.323380833,0.777777778,0.427792632,0.055555556,0.23570226,0.055555556,0.23570226,0.055555556,0.23570226,0.055555556,0.23570226
36_23_02.bmp,2.833333333333333,0.055555556,0.23570226,0.111111111,0.323380833,0.111111111,0.323380833,0.666666667,0.48507125,0.0,0.0,0.0,0.0,0.222222222,0.427792632
07_20_01.bmp,2.611111111111111,0.611111111,0.501631326,0.444444444,0.511309993,0.111111111,0.323380833,0.0,0.0,0.111111111,0.323380833,0.055555556,0.23570226,0.055555556,0.23570226
08_16_05.bmp,2.111111111111111,0.444444444,0.511309993,0.722222222,0.460888599,0.0,0.0,0.0,0.0,0.055555556,0.23570226,0.0,0.0,0.0,0.0
04_09_02.bmp,2.7777777777777777,0.5,0.514495755,0.5,0.514495755,0.055555556,0.23570226,0.055555556,0.23570226,0.222222222,0.427792632,0.0,0.0,0.055555556,0.23570226
01275.jpg,3.111111111111111,0.333333333,0.48507125,0.666666667,0.48507125,0.0,0.0,0.055555556,0.23570226,0.166666667,0.383482494,0.0,0.0,0.0,0.0
25_12_03.bmp,2.388888888888889,0.777777778,0.427792632,0.333333333,0.48507125,0.055555556,0.23570226,0.0,0.0,0.166666667,0.383482494,0.0,0.0,0.055555556,0.23570226
01_05_04.bmp,1.7222222222222223,0.444444444,0.511309993,0.833333333,0.383482494,0.111111111,0.323380833,0.111111111,0.323380833,0.0,0.0,0.055555556,0.23570226,0.111111111,0.323380833
26_01_02.bmp,4.166666666666667,0.055555556,0.23570226,0.166666667,0.383482494,0.111111111,0.323380833,0.0,0.0,0.055555556,0.23570226,0.0,0.0,0.111111111,0.323380833
35_24_03.bmp,1.7777777777777777,0.0,0.0,0.833333333,0.383482494,0.055555556,0.23570226,0.111111111,0.323380833,0.0,0.0,0.0,0.0,0.055555556,0.23570226
07_01_05.bmp,1.5555555555555556,0.0,0.0,0.888888889,0.323380833,0.277777778,0.460888599,0.0,0.0,0.055555556,0.23570226,0.0,0.0,0.055555556,0.23570226
01321.jpg,2.7777777777777777,0.333333333,0.48507125,0.611111111,0.501631326,0.055555556,0.23570226,0.0,0.0,0.666666667,0.48507125,0.0,0.0,0.0,0.0
24_11_05.bmp,2.0,0.833333333,0.383482494,0.388888889,0.501631326,0.055555556,0.23570226,0.0,0.0,0.111111111,0.323380833,0.055555556,0.23570226,0.0,0.0
25_13_04.bmp,2.1666666666666665,0.055555556,0.23570226,0.222222222,0.427792632,0.833333333,0.383482494,0.055555556,0.23570226,0.111111111,0.323380833,0.0,0.0,0.055555556,0.23570226
37_16_02.bmp,3.2777777777777777,0.055555556,0.23570226,0.555555556,0.511309993,0.0,0.0,0.055555556,0.23570226,0.055555556,0.23570226,0.055555556,0.23570226,0.0,0.0
18_02_01.bmp,3.1666666666666665,0.277777778,0.460888599,0.666666667,0.48507125,0.055555556,0.23570226,0.0,0.0,0.055555556,0.23570226,0.0,0.0,0.055555556,0.23570226
1102.jpg,2.388888888888889,0.0,0.0,0.555555556,0.511309993,0.055555556,0.23570226,0.555555556,0.511309993,0.0,0.0,0.0,0.0,0.0,0.0
0501.jpg,2.833333333333333,0.111111111,0.323380833,0.444444444,0.511309993,0.055555556,0.23570226,0.5,0.514495755,0.666666667,0.48507125,0.0,0.0,0.0,0.0
0145.jpg,2.333333333333333,0.055555556,0.23570226,0.388888889,0.501631326,0.777777778,0.427792632,0.0,0.0,0.0,0.0,0.0,0.0,0.055555556,0.23570226
0329.jpg,2.2777777777777777,0.055555556,0.23570226,0.944444444,0.23570226,0.055555556,0.23570226,0.111111111,0.323380833,0.111111111,0.323380833,0.0,0.0,0.111111111,0.323380833
33_17_05.bmp,2.333333333333333,0.055555556,0.23570226,0.611111111,0.501631326,0.0,0.0,0.055555556,0.23570226,0.444444444,0.511309993,0.166666667,0.383482494,0.166666667,0.383482494
04_11_05.bmp,2.055555555555556,0.833333333,0.383482494,0.333333333,0.48507125,0.055555556,0.23570226,0.055555556,0.23570226,0.222222222,0.427792632,0.055555556,0.23570226,0.0,0.0
28_04_02.bmp,3.055555555555556,0.166666667,0.383482494,0.444444444,0.511309993,0.277777778,0.460888599,0.055555556,0.23570226,0.166666667,0.383482494,0.111111111,0.323380833,0.0,0.0
26_24_05.bmp,1.4444444444444444,0.0,0.0,0.888888889,0.323380833,0.055555556,0.23570226,0.055555556,0.23570226,0.0,0.0,0.055555556,0.23570226,0.111111111,0.323380833
17_19_02.bmp,3.1666666666666665,0.222222222,0.427792632,0.5,0.514495755,0.166666667,0.383482494,0.0,0.0,0.166666667,0.383482494,0.111111111,0.323380833,0.0,0.0
06_01_01.bmp,4.0,0.055555556,0.23570226,0.166666667,0.383482494,0.166666667,0.383482494,0.0,0.0,0.055555556,0.23570226,0.055555556,0.23570226,0.111111111,0.323380833
13_10_01.bmp,3.333333333333333,0.388888889,0.501631326,0.333333333,0.48507125,0.111111111,0.323380833,0.055555556,0.23570226,0.111111111,0.323380833,0.055555556,0.23570226,0.055555556,0.23570226
16_25_05.bmp,2.1666666666666665,0.0,0.0,0.111111111,0.323380833,0.055555556,0.23570226,0.0,0.0,0.277777778,0.460888599,0.222222222,0.427792632,0.777777778,0.427792632
01_08_05.bmp,1.8333333333333333,0.444444444,0.511309993,0.666666667,0.48507125,0.166666667,0.383482494,0.0,0.0,0.055555556,0.23570226,0.111111111,0.323380833,0.111111111,0.323380833
02_01_04.bmp,2.055555555555556,0.055555556,0.23570226,0.944444444,0.23570226,0.0,0.0,0.055555556,0.23570226,0.555555556,0.511309993,0.0,0.0,0.055555556,0.23570226
24_07_01.bmp,3.2777777777777777,0.055555556,0.23570226,0.611111111,0.501631326,0.111111111,0.323380833,0.0,0.0,0.055555556,0.23570226,0.0,0.0,0.0,0.0
01211.jpg,4.0,0.222222222,0.427792632,0.111111111,0.323380833,0.0,0.0,0.0,0.0,0.333333333,0.48507125,0.055555556,0.23570226,0.0,0.0
34_05_03.bmp,2.888888888888889,0.222222222,0.427792632,0.611111111,0.501631326,0.111111111,0.323380833,0.055555556,0.23570226,0.0,0.0,0.0,0.0,0.055555556,0.23570226
37_07_04.bmp,1.8333333333333333,0.111111111,0.323380833,0.888888889,0.323380833,0.0,0.0,0.055555556,0.23570226,0.055555556,0.23570226,0.055555556,0.23570226,0.055555556,0.23570226
0003.jpg,2.5,0.055555556,0.23570226,0.277777778,0.460888599,0.777777778,0.427792632,0.0,0.0,0.722222222,0.460888599,0.555555556,0.511309993,0.0,0.0
30_04_03.bmp,2.6666666666666665,0.333333333,0.48507125,0.166666667,0.383482494,0.277777778,0.460888599,0.111111111,0.323380833,0.222222222,0.427792632,0.222222222,0.427792632,0.0,0.0
31_02_03.bmp,2.111111111111111,0.0,0.0,0.944444444,0.23570226,0.0,0.0,0.0,0.0,0.166666667,0.383482494,0.055555556,0.23570226,0.055555556,0.23570226
0782.jpg,3.5,0.055555556,0.23570226,0.444444444,0.511309993,0.0,0.0,0.0,0.0,0.111111111,0.323380833,0.0,0.0,0.055555556,0.23570226
37_16_03.bmp,3.0,0.166666667,0.383482494,0.666666667,0.48507125,0.0,0.0,0.055555556,0.23570226,0.055555556,0.23570226,0.055555556,0.23570226,0.0,0.0
11_08_01.bmp,3.0,0.055555556,0.23570226,0.444444444,0.511309993,0.0,0.0,0.111111111,0.323380833,0.388888889,0.501631326,0.055555556,0.23570226,0.0,0.0
18_08_01.bmp,3.0,0.222222222,0.427792632,0.5,0.514495755,0.055555556,0.23570226,0.0,0.0,0.0,0.0,0.0,0.0,0.055555556,0.23570226
31_08_01.bmp,3.555555555555556,0.166666667,0.383482494,0.388888889,0.501631326,0.055555556,0.23570226,0.055555556,0.23570226,0.222222222,0.427792632,0.0,0.0,0.111111111,0.323380833
30_23_03.bmp,2.611111111111111,0.055555556,0.23570226,0.166666667,0.383482494,0.055555556,0.23570226,0.666666667,0.48507125,0.166666667,0.383482494,0.0,0.0,0.166666667,0.383482494
23_04_03.bmp,2.9444444444444446,0.333333333,0.48507125,0.388888889,0.501631326,0.166666667,0.383482494,0.0,0.0,0.277777778,0.460888599,0.166666667,0.383482494,0.0,0.0
14_09_01.bmp,2.7777777777777777,0.722222222,0.460888599,0.222222222,0.427792632,0.055555556,0.23570226,0.0,0.0,0.055555556,0.23570226,0.111111111,0.323380833,0.055555556,0.23570226
18_01_02.bmp,2.888888888888889,0.166666667,0.383482494,0.666666667,0.48507125,0.055555556,0.23570226,0.055555556,0.23570226,0.0,0.0,0.0,0.0,0.055555556,0.23570226
01_07_05.bmp,1.6666666666666667,0.388888889,0.501631326,0.777777778,0.427792632,0.166666667,0.383482494,0.0,0.0,0.055555556,0.23570226,0.166666667,0.383482494,0.111111111,0.323380833
01319.jpg,2.833333333333333,0.333333333,0.48507125,0.666666667,0.48507125,0.0,0.0,0.0,0.0,0.555555556,0.511309993,0.055555556,0.23570226,0.055555556,0.23570226
37_06_04.bmp,1.9444444444444444,0.5,0.514495755,0.444444444,0.511309993,0.277777778,0.460888599,0.111111111,0.323380833,0.055555556,0.23570226,0.222222222,0.427792632,0.055555556,0.23570226
12_09_01.bmp,2.833333333333333,0.611111111,0.501631326,0.166666667,0.383482494,0.111111111,0.323380833,0.0,0.0,0.166666667,0.383482494,0.0,0.0,0.0,0.0
0224.jpg,1.6666666666666667,0.055555556,0.23570226,0.388888889,0.501631326,0.0,0.0,0.944444444,0.23570226,0.0,0.0,0.055555556,0.23570226,0.0,0.0
33_14_04.bmp,1.7777777777777777,0.111111111,0.323380833,0.333333333,0.48507125,0.055555556,0.23570226,0.888888889,0.323380833,0.333333333,0.48507125,0.055555556,0.23570226,0.0,0.0
0139.jpg,2.7222222222222223,0.055555556,0.23570226,0.5,0.514495755,0.944444444,0.23570226,0.055555556,0.23570226,0.055555556,0.23570226,0.0,0.0,0.055555556,0.23570226
11_07_01.bmp,2.7777777777777777,0.055555556,0.23570226,0.611111111,0.501631326,0.0,0.0,0.111111111,0.323380833,0.388888889,0.501631326,0.055555556,0.23570226,0.0,0.0
08_21_01.bmp,2.2777777777777777,0.222222222,0.427792632,0.388888889,0.501631326,0.722222222,0.460888599,0.111111111,0.323380833,0.0,0.0,0.111111111,0.323380833,0.0,0.0
07_05_03.bmp,2.2222222222222223,0.277777778,0.460888599,0.722222222,0.460888599,0.055555556,0.23570226,0.0,0.0,0.111111111,0.323380833,0.111111111,0.323380833,0.111111111,0.323380833
22_24_02.bmp,2.555555555555556,0.166666667,0.383482494,0.833333333,0.383482494,0.0,0.0,0.0,0.0,0.055555556,0.23570226,0.166666667,0.383482494,0.0,0.0
37_02_02.bmp,3.2777777777777777,0.0,0.0,0.833333333,0.383482494,0.055555556,0.23570226,0.055555556,0.23570226,0.055555556,0.23570226,0.166666667,0.383482494,0.0,0.0
0021.jpg,3.4444444444444446,0.0,0.0,0.277777778,0.460888599,0.722222222,0.460888599,0.0,0.0,0.222222222,0.427792632,0.0,0.0,0.0,0.0
27_11_04.bmp,2.6666666666666665,0.666666667,0.48507125,0.277777778,0.460888599,0.055555556,0.23570226,0.0,0.0,0.555555556,0.511309993,0.055555556,0.23570226,0.055555556,0.23570226
01_02_01.bmp,3.055555555555556,0.111111111,0.323380833,0.666666667,0.48507125,0.111111111,0.323380833,0.0,0.0,0.0,0.0,0.055555556,0.23570226,0.055555556,0.23570226
0373.jpg,2.055555555555556,0.222222222,0.427792632,0.888888889,0.323380833,0.0,0.0,0.055555556,0.23570226,0.166666667,0.383482494,0.0,0.0,0.0,0.0
0617.jpg,2.9444444444444446,0.111111111,0.323380833,0.5,0.514495755,0.0,0.0,0.166666667,0.383482494,0.222222222,0.427792632,0.055555556,0.23570226,0.055555556,0.23570226
26_24_01.bmp,3.8333333333333335,0.111111111,0.323380833,0.388888889,0.501631326,0.166666667,0.383482494,0.0,0.0,0.055555556,0.23570226,0.0,0.0,0.111111111,0.323380833
0205.jpg,1.7777777777777777,0.055555556,0.23570226,0.222222222,0.427792632,0.055555556,0.23570226,0.944444444,0.23570226,0.166666667,0.383482494,0.0,0.0,0.0,0.0
14_19_01.bmp,3.5,0.222222222,0.427792632,0.333333333,0.48507125,0.277777778,0.460888599,0.0,0.0,0.0,0.0,0.055555556,0.23570226,0.055555556,0.23570226
17_11_01.bmp,3.4444444444444446,0.555555556,0.511309993,0.055555556,0.23570226,0.0,0.0,0.0,0.0,0.166666667,0.383482494,0.111111111,0.323380833,0.055555556,0.23570226
01423.jpg,4.0,0.055555556,0.23570226,0.444444444,0.511309993,0.111111111,0.323380833,0.0,0.0,0.0,0.0,0.055555556,0.23570226,0.0,0.0
32_15_01.bmp,2.055555555555556,0.111111111,0.323380833,0.166666667,0.383482494,0.888888889,0.323380833,0.0,0.0,0.333333333,0.48507125,0.0,0.0,0.0,0.0
0254.jpg,1.9444444444444444,0.166666667,0.383482494,0.388888889,0.501631326,0.0,0.0,0.888888889,0.323380833,0.111111111,0.323380833,0.055555556,0.23570226,0.0,0.0
33_06_03.bmp,2.0,0.277777778,0.460888599,0.388888889,0.501631326,0.222222222,0.427792632,0.0,0.0,0.388888889,0.501631326,0.055555556,0.23570226,0.111111111,0.323380833
24_18_03.bmp,2.6666666666666665,0.055555556,0.23570226,0.777777778,0.427792632,0.055555556,0.23570226,0.0,0.0,0.0,0.0,0.055555556,0.23570226,0.055555556,0.23570226
21_03_01.bmp,3.6666666666666665,0.055555556,0.23570226,0.5,0.514495755,0.0,0.0,0.0,0.0,0.0,0.0,0.055555556,0.23570226,0.0,0.0
01_06_01.bmp,3.055555555555556,0.0,0.0,0.722222222,0.460888599,0.166666667,0.383482494,0.0,0.0,0.055555556,0.23570226,0.055555556,0.23570226,0.055555556,0.23570226
29_11_02.bmp,3.0,0.777777778,0.427792632,0.277777778,0.460888599,0.0,0.0,0.0,0.0,0.111111111,0.323380833,0.111111111,0.323380833,0.0,0.0
16_07_01.bmp,3.0,0.055555556,0.23570226,0.333333333,0.48507125,0.111111111,0.323380833,0.0,0.0,0.277777778,0.460888599,0.444444444,0.511309993,0.055555556,0.23570226
13_23_03.bmp,3.055555555555556,0.055555556,0.23570226,0.055555556,0.23570226,0.111111111,0.323380833,0.888888889,0.323380833,0.111111111,0.323380833,0.0,0.0,0.166666667,0.383482494
0170.jpg,1.9444444444444444,0.055555556,0.23570226,0.333333333,0.48507125,0.944444444,0.23570226,0.055555556,0.23570226,0.166666667,0.383482494,0.0,0.0,0.0,0.0
20_03_03.bmp,2.5,0.0,0.0,0.833333333,0.383482494,0.111111111,0.323380833,0.0,0.0,0.111111111,0.323380833,0.111111111,0.323380833,0.0,0.0
01236.jpg,3.611111111111111,0.388888889,0.501631326,0.5,0.514495755,0.0,0.0,0.0,0.0,0.0,0.0,0.0,0.0,0.055555556,0.23570226
31_01_04.bmp,2.333333333333333,0.055555556,0.23570226,0.833333333,0.383482494,0.055555556,0.23570226,0.0,0.0,0.166666667,0.383482494,0.0,0.0,0.055555556,0.23570226
20_19_04.bmp,2.5,0.333333333,0.48507125,0.277777778,0.460888599,0.444444444,0.511309993,0.055555556,0.23570226,0.055555556,0.23570226,0.0,0.0,0.0,0.0
01_12_03.bmp,2.2777777777777777,0.777777778,0.427792632,0.444444444,0.511309993,0.111111111,0.323380833,0.055555556,0.23570226,0.0,0.0,0.055555556,0.23570226,0.055555556,0.23570226
11_02_02.bmp,2.6666666666666665,0.055555556,0.23570226,0.722222222,0.460888599,0.055555556,0.23570226,0.055555556,0.23570226,0.333333333,0.48507125,0.055555556,0.23570226,0.0,0.0
10_03_04.bmp,1.9444444444444444,0.111111111,0.323380833,0.944444444,0.23570226,0.055555556,0.23570226,0.0,0.0,0.333333333,0.48507125,0.222222222,0.427792632,0.055555556,0.23570226
18_15_02.bmp,2.611111111111111,0.111111111,0.323380833,0.277777778,0.460888599,0.722222222,0.460888599,0.0,0.0,0.0,0.0,0.0,0.0,0.055555556,0.23570226
06_24_04.bmp,1.6111111111111112,0.055555556,0.23570226,0.888888889,0.323380833,0.111111111,0.323380833,0.0,0.0,0.055555556,0.23570226,0.055555556,0.23570226,0.055555556,0.23570226
26_18_05.bmp,1.8888888888888888,0.055555556,0.23570226,0.777777778,0.427792632,0.166666667,0.383482494,0.0,0.0,0.111111111,0.323380833,0.055555556,0.23570226,0.0,0.0
16_02_02.bmp,2.611111111111111,0.0,0.0,0.666666667,0.48507125,0.055555556,0.23570226,0.0,0.0,0.333333333,0.48507125,0.555555556,0.511309993,0.0,0.0
18_18_01.bmp,3.111111111111111,0.055555556,0.23570226,0.666666667,0.48507125,0.055555556,0.23570226,0.0,0.0,0.0,0.0,0.0,0.0,0.055555556,0.23570226
01450.jpg,3.4444444444444446,0.0,0.0,0.722222222,0.460888599,0.111111111,0.323380833,0.0,0.0,0.055555556,0.23570226,0.0,0.0,0.111111111,0.323380833
20_10_03.bmp,2.555555555555556,0.611111111,0.501631326,0.222222222,0.427792632,0.055555556,0.23570226,0.0,0.0,0.111111111,0.323380833,0.055555556,0.23570226,0.055555556,0.23570226
23_04_05.bmp,2.2777777777777777,0.277777778,0.460888599,0.388888889,0.501631326,0.111111111,0.323380833,0.111111111,0.323380833,0.222222222,0.427792632,0.166666667,0.383482494,0.0,0.0
14_10_04.bmp,2.1666666666666665,0.833333333,0.383482494,0.277777778,0.460888599,0.111111111,0.323380833,0.0,0.0,0.0,0.0,0.111111111,0.323380833,0.0,0.0
07_01_04.bmp,1.8888888888888888,0.0,0.0,0.944444444,0.23570226,0.222222222,0.427792632,0.0,0.0,0.111111111,0.323380833,0.055555556,0.23570226,0.0,0.0
0580.jpg,2.9444444444444446,0.055555556,0.23570226,0.222222222,0.427792632,0.055555556,0.23570226,0.111111111,0.323380833,0.611111111,0.501631326,0.055555556,0.23570226,0.055555556,0.23570226
03_17_02.bmp,3.055555555555556,0.111111111,0.323380833,0.444444444,0.511309993,0.0,0.0,0.055555556,0.23570226,0.277777778,0.460888599,0.111111111,0.323380833,0.277777778,0.460888599
01_03_04.bmp,2.0,0.0,0.0,0.888888889,0.323380833,0.166666667,0.383482494,0.0,0.0,0.111111111,0.323380833,0.0,0.0,0.0,0.0
02_07_05.bmp,1.3333333333333333,0.277777778,0.460888599,0.888888889,0.323380833,0.0,0.0,0.055555556,0.23570226,0.5,0.514495755,0.055555556,0.23570226,0.111111111,0.323380833
0148.jpg,2.555555555555556,0.111111111,0.323380833,0.5,0.514495755,0.888888889,0.323380833,0.0,0.0,0.166666667,0.383482494,0.055555556,0.23570226,0.0,0.0
23_20_03.bmp,2.0,0.333333333,0.48507125,0.388888889,0.501631326,0.166666667,0.383482494,0.277777778,0.460888599,0.166666667,0.383482494,0.055555556,0.23570226,0.055555556,0.23570226
06_20_01.bmp,3.111111111111111,0.555555556,0.511309993,0.333333333,0.48507125,0.055555556,0.23570226,0.055555556,0.23570226,0.055555556,0.23570226,0.055555556,0.23570226,0.055555556,0.23570226
0033.jpg,2.6666666666666665,0.0,0.0,0.277777778,0.460888599,0.888888889,0.323380833,0.0,0.0,0.0,0.0,0.111111111,0.323380833,0.0,0.0
0227.jpg,1.4444444444444444,0.222222222,0.427792632,0.444444444,0.511309993,0.0,0.0,0.888888889,0.323380833,0.055555556,0.23570226,0.0,0.0,0.0,0.0
1025.jpg,2.833333333333333,0.055555556,0.23570226,0.444444444,0.511309993,0.0,0.0,0.5,0.514495755,0.166666667,0.383482494,0.0,0.0,0.111111111,0.323380833
33_17_01.bmp,3.055555555555556,0.055555556,0.23570226,0.444444444,0.511309993,0.055555556,0.23570226,0.0,0.0,0.388888889,0.501631326,0.0,0.0,0.111111111,0.323380833
05_22_03.bmp,1.8333333333333333,0.222222222,0.427792632,0.777777778,0.427792632,0.166666667,0.383482494,0.055555556,0.23570226,0.0,0.0,0.055555556,0.23570226,0.0,0.0
01_20_04.bmp,2.7777777777777777,0.055555556,0.23570226,0.722222222,0.460888599,0.222222222,0.427792632,0.055555556,0.23570226,0.0,0.0,0.0,0.0,0.0,0.0
32_23_01.bmp,2.611111111111111,0.166666667,0.383482494,0.277777778,0.460888599,0.0,0.0,0.555555556,0.511309993,0.333333333,0.48507125,0.055555556,0.23570226,0.055555556,0.23570226
05_20_01.bmp,2.888888888888889,0.555555556,0.511309993,0.333333333,0.48507125,0.222222222,0.427792632,0.166666667,0.383482494,0.055555556,0.23570226,0.0,0.0,0.055555556,0.23570226
10_25_03.bmp,2.2777777777777777,0.055555556,0.23570226,0.222222222,0.427792632,0.055555556,0.23570226,0.0,0.0,0.277777778,0.460888599,0.111111111,0.323380833,0.944444444,0.23570226
17_17_04.bmp,2.333333333333333,0.111111111,0.323380833,0.444444444,0.511309993,0.055555556,0.23570226,0.055555556,0.23570226,0.333333333,0.48507125,0.222222222,0.427792632,0.166666667,0.383482494
01489.jpg,3.5,0.111111111,0.323380833,0.611111111,0.501631326,0.166666667,0.383482494,0.0,0.0,0.0,0.0,0.0,0.0,0.0,0.0
1066.jpg,3.555555555555556,0.222222222,0.427792632,0.388888889,0.501631326,0.0,0.0,0.277777778,0.460888599,0.055555556,0.23570226,0.0,0.0,0.055555556,0.23570226
15_01_03.bmp,2.6666666666666665,0.0,0.0,0.833333333,0.383482494,0.055555556,0.23570226,0.0,0.0,0.277777778,0.460888599,0.055555556,0.23570226,0.055555556,0.23570226
0578.jpg,3.1666666666666665,0.111111111,0.323380833,0.333333333,0.48507125,0.055555556,0.23570226,0.055555556,0.23570226,0.555555556,0.511309993,0.055555556,0.23570226,0.055555556,0.23570226
1076.jpg,3.333333333333333,0.055555556,0.23570226,0.444444444,0.511309993,0.055555556,0.23570226,0.333333333,0.48507125,0.055555556,0.23570226,0.166666667,0.383482494,0.111111111,0.323380833
37_25_04.bmp,2.333333333333333,0.055555556,0.23570226,0.166666667,0.383482494,0.0,0.0,0.111111111,0.323380833,0.055555556,0.23570226,0.055555556,0.23570226,0.888888889,0.323380833
1070.jpg,3.333333333333333,0.055555556,0.23570226,0.555555556,0.511309993,0.055555556,0.23570226,0.333333333,0.48507125,0.055555556,0.23570226,0.055555556,0.23570226,0.0,0.0
37_25_03.bmp,2.4444444444444446,0.0,0.0,0.166666667,0.383482494,0.0,0.0,0.055555556,0.23570226,0.055555556,0.23570226,0.111111111,0.323380833,0.944444444,0.23570226
24_19_01.bmp,3.0,0.277777778,0.460888599,0.666666667,0.48507125,0.111111111,0.323380833,0.0,0.0,0.0,0.0,0.0,0.0,0.0,0.0
0002.jpg,3.0,0.0,0.0,0.166666667,0.383482494,0.777777778,0.427792632,0.055555556,0.23570226,0.555555556,0.511309993,0.0,0.0,0.0,0.0
04_04_04.bmp,2.6666666666666665,0.166666667,0.383482494,0.444444444,0.511309993,0.055555556,0.23570226,0.0,0.0,0.111111111,0.323380833,0.444444444,0.511309993,0.111111111,0.323380833
25_01_04.bmp,1.8888888888888888,0.055555556,0.23570226,0.888888889,0.323380833,0.055555556,0.23570226,0.0,0.0,0.166666667,0.383482494,0.055555556,0.23570226,0.0,0.0
13_15_01.bmp,2.7222222222222223,0.111111111,0.323380833,0.166666667,0.383482494,0.833333333,0.383482494,0.055555556,0.23570226,0.055555556,0.23570226,0.055555556,0.23570226,0.055555556,0.23570226
01437.jpg,3.6666666666666665,0.0,0.0,0.555555556,0.511309993,0.111111111,0.323380833,0.055555556,0.23570226,0.0,0.0,0.055555556,0.23570226,0.0,0.0
28_08_02.bmp,3.055555555555556,0.111111111,0.323380833,0.611111111,0.501631326,0.055555556,0.23570226,0.0,0.0,0.222222222,0.427792632,0.111111111,0.323380833,0.0,0.0
25_21_02.bmp,2.2222222222222223,0.166666667,0.383482494,0.333333333,0.48507125,0.777777778,0.427792632,0.0,0.0,0.111111111,0.323380833,0.0,0.0,0.0,0.0
28_13_01.bmp,3.111111111111111,0.055555556,0.23570226,0.388888889,0.501631326,0.333333333,0.48507125,0.0,0.0,0.111111111,0.323380833,0.055555556,0.23570226,0.0,0.0
32_06_04.bmp,1.8888888888888888,0.277777778,0.460888599,0.444444444,0.511309993,0.222222222,0.427792632,0.055555556,0.23570226,0.388888889,0.501631326,0.222222222,0.427792632,0.055555556,0.23570226
28_12_03.bmp,2.388888888888889,0.611111111,0.501631326,0.444444444,0.511309993,0.166666667,0.383482494,0.0,0.0,0.277777778,0.460888599,0.055555556,0.23570226,0.0,0.0
36_21_02.bmp,2.2777777777777777,0.111111111,0.323380833,0.388888889,0.501631326,0.722222222,0.460888599,0.0,0.0,0.0,0.0,0.055555556,0.23570226,0.0,0.0
19_03_02.bmp,3.0,0.055555556,0.23570226,0.722222222,0.460888599,0.055555556,0.23570226,0.055555556,0.23570226,0.111111111,0.323380833,0.055555556,0.23570226,0.055555556,0.23570226
29_16_02.bmp,2.9444444444444446,0.111111111,0.323380833,0.555555556,0.511309993,0.0,0.0,0.111111111,0.323380833,0.111111111,0.323380833,0.111111111,0.323380833,0.0,0.0
03_21_01.bmp,3.333333333333333,0.055555556,0.23570226,0.111111111,0.323380833,0.555555556,0.511309993,0.0,0.0,0.111111111,0.323380833,0.0,0.0,0.055555556,0.23570226
13_04_05.bmp,2.9444444444444446,0.333333333,0.48507125,0.166666667,0.383482494,0.166666667,0.383482494,0.055555556,0.23570226,0.166666667,0.383482494,0.222222222,0.427792632,0.111111111,0.323380833
08_04_05.bmp,2.611111111111111,0.333333333,0.48507125,0.222222222,0.427792632,0.222222222,0.427792632,0.0,0.0,0.166666667,0.383482494,0.222222222,0.427792632,0.0,0.0
37_16_05.bmp,1.6666666666666667,0.166666667,0.383482494,0.888888889,0.323380833,0.0,0.0,0.0,0.0,0.055555556,0.23570226,0.055555556,0.23570226,0.0,0.0
0719.jpg,3.5,0.055555556,0.23570226,0.277777778,0.460888599,0.0,0.0,0.0,0.0,0.333333333,0.48507125,0.111111111,0.323380833,0.055555556,0.23570226
1125.jpg,2.7222222222222223,0.111111111,0.323380833,0.111111111,0.323380833,0.0,0.0,0.0,0.0,0.444444444,0.511309993,0.666666667,0.48507125,0.0,0.0
09_20_04.bmp,1.8333333333333333,0.722222222,0.460888599,0.611111111,0.501631326,0.166666667,0.383482494,0.055555556,0.23570226,0.166666667,0.383482494,0.055555556,0.23570226,0.055555556,0.23570226
23_02_05.bmp,1.3333333333333333,0.055555556,0.23570226,0.833333333,0.383482494,0.055555556,0.23570226,0.055555556,0.23570226,0.166666667,0.383482494,0.0,0.0,0.0,0.0
09_03_03.bmp,2.4444444444444446,0.111111111,0.323380833,0.777777778,0.427792632,0.111111111,0.323380833,0.0,0.0,0.111111111,0.323380833,0.055555556,0.23570226,0.0,0.0
25_03_04.bmp,2.0,0.055555556,0.23570226,0.888888889,0.323380833,0.111111111,0.323380833,0.0,0.0,0.111111111,0.323380833,0.0,0.0,0.055555556,0.23570226
37_16_01.bmp,3.5,0.0,0.0,0.5,0.514495755,0.055555556,0.23570226,0.111111111,0.323380833,0.055555556,0.23570226,0.055555556,0.23570226,0.0,0.0
09_24_04.bmp,1.5,0.166666667,0.383482494,0.833333333,0.383482494,0.111111111,0.323380833,0.0,0.0,0.111111111,0.323380833,0.0,0.0,0.055555556,0.23570226
18_03_05.bmp,1.6111111111111112,0.111111111,0.323380833,0.833333333,0.383482494,0.055555556,0.23570226,0.0,0.0,0.0,0.0,0.055555556,0.23570226,0.0,0.0
37_12_02.bmp,3.333333333333333,0.611111111,0.501631326,0.444444444,0.511309993,0.0,0.0,0.0,0.0,0.111111111,0.323380833,0.055555556,0.23570226,0.055555556,0.23570226
06_09_04.bmp,2.388888888888889,0.777777778,0.427792632,0.166666667,0.383482494,0.111111111,0.323380833,0.0,0.0,0.111111111,0.323380833,0.055555556,0.23570226,0.055555556,0.23570226
0824.jpg,3.333333333333333,0.055555556,0.23570226,0.5,0.514495755,0.055555556,0.23570226,0.0,0.0,0.0,0.0,0.0,0.0,0.055555556,0.23570226
30_07_03.bmp,2.6666666666666665,0.333333333,0.48507125,0.666666667,0.48507125,0.0,0.0,0.0,0.0,0.277777778,0.460888599,0.055555556,0.23570226,0.055555556,0.23570226
35_12_05.bmp,1.7222222222222223,0.888888889,0.323380833,0.5,0.514495755,0.055555556,0.23570226,0.0,0.0,0.111111111,0.323380833,0.055555556,0.23570226,0.0,0.0
04_19_01.bmp,2.7777777777777777,0.166666667,0.383482494,0.666666667,0.48507125,0.055555556,0.23570226,0.055555556,0.23570226,0.166666667,0.383482494,0.0,0.0,0.055555556,0.23570226
15_22_01.bmp,3.111111111111111,0.166666667,0.383482494,0.5,0.514495755,0.166666667,0.383482494,0.0,0.0,0.277777778,0.460888599,0.0,0.0,0.055555556,0.23570226
01219.jpg,2.6666666666666665,0.166666667,0.383482494,0.722222222,0.460888599,0.0,0.0,0.111111111,0.323380833,0.944444444,0.23570226,0.111111111,0.323380833,0.111111111,0.323380833
17_06_05.bmp,1.6666666666666667,0.222222222,0.427792632,0.388888889,0.501631326,0.166666667,0.383482494,0.055555556,0.23570226,0.166666667,0.383482494,0.222222222,0.427792632,0.055555556,0.23570226
01366.jpg,3.2777777777777777,0.0,0.0,0.777777778,0.427792632,0.055555556,0.23570226,0.055555556,0.23570226,0.0,0.0,0.0,0.0,0.111111111,0.323380833
01_25_04.bmp,1.8333333333333333,0.055555556,0.23570226,0.333333333,0.48507125,0.111111111,0.323380833,0.0,0.0,0.0,0.0,0.055555556,0.23570226,0.944444444,0.23570226
18_21_01.bmp,2.611111111111111,0.111111111,0.323380833,0.166666667,0.383482494,0.833333333,0.383482494,0.055555556,0.23570226,0.0,0.0,0.0,0.0,0.055555556,0.23570226
0806.jpg,3.5,0.0,0.0,0.444444444,0.511309993,0.055555556,0.23570226,0.0,0.0,0.166666667,0.383482494,0.0,0.0,0.0,0.0
32_18_05.bmp,1.6111111111111112,0.111111111,0.323380833,0.777777778,0.427792632,0.055555556,0.23570226,0.0,0.0,0.444444444,0.511309993,0.055555556,0.23570226,0.055555556,0.23570226
13_08_05.bmp,2.0,0.444444444,0.511309993,0.666666667,0.48507125,0.055555556,0.23570226,0.0,0.0,0.166666667,0.383482494,0.055555556,0.23570226,0.166666667,0.383482494
16_20_01.bmp,2.5,0.166666667,0.383482494,0.333333333,0.48507125,0.222222222,0.427792632,0.277777778,0.460888599,0.388888889,0.501631326,0.277777778,0.460888599,0.0,0.0
09_19_02.bmp,3.2777777777777777,0.333333333,0.48507125,0.444444444,0.511309993,0.111111111,0.323380833,0.055555556,0.23570226,0.111111111,0.323380833,0.055555556,0.23570226,0.0,0.0
0954.jpg,2.9444444444444446,0.0,0.0,0.333333333,0.48507125,0.055555556,0.23570226,0.666666667,0.48507125,0.166666667,0.383482494,0.0,0.0,0.0,0.0
09_05_02.bmp,2.9444444444444446,0.166666667,0.383482494,0.777777778,0.427792632,0.055555556,0.23570226,0.055555556,0.23570226,0.111111111,0.323380833,0.055555556,0.23570226,0.0,0.0
17_16_04.bmp,2.333333333333333,0.277777778,0.460888599,0.777777778,0.427792632,0.055555556,0.23570226,0.0,0.0,0.222222222,0.427792632,0.0,0.0,0.0,0.0
02_08_01.bmp,3.333333333333333,0.0,0.0,0.5,0.514495755,0.055555556,0.23570226,0.0,0.0,0.555555556,0.511309993,0.055555556,0.23570226,0.0,0.0
1038.jpg,3.5,0.055555556,0.23570226,0.333333333,0.48507125,0.0,0.0,0.555555556,0.511309993,0.111111111,0.323380833,0.0,0.0,0.0,0.0
33_25_03.bmp,2.4444444444444446,0.111111111,0.323380833,0.166666667,0.383482494,0.0,0.0,0.0,0.0,0.333333333,0.48507125,0.055555556,0.23570226,0.944444444,0.23570226
01_17_01.bmp,2.7777777777777777,0.166666667,0.383482494,0.666666667,0.48507125,0.111111111,0.323380833,0.0,0.0,0.166666667,0.383482494,0.055555556,0.23570226,0.166666667,0.383482494
01483.jpg,3.388888888888889,0.055555556,0.23570226,0.611111111,0.501631326,0.111111111,0.323380833,0.0,0.0,0.055555556,0.23570226,0.055555556,0.23570226,0.055555556,0.23570226
0313.jpg,2.4444444444444446,0.111111111,0.323380833,0.944444444,0.23570226,0.0,0.0,0.222222222,0.427792632,0.222222222,0.427792632,0.055555556,0.23570226,0.111111111,0.323380833
02_12_02.bmp,3.0,0.777777778,0.427792632,0.444444444,0.511309993,0.055555556,0.23570226,0.0,0.0,0.555555556,0.511309993,0.055555556,0.23570226,0.111111111,0.323380833
0112.jpg,2.5,0.055555556,0.23570226,0.5,0.514495755,0.944444444,0.23570226,0.055555556,0.23570226,0.055555556,0.23570226,0.055555556,0.23570226,0.055555556,0.23570226
0018.jpg,3.111111111111111,0.0,0.0,0.333333333,0.48507125,0.666666667,0.48507125,0.0,0.0,0.055555556,0.23570226,0.0,0.0,0.0,0.0
37_08_02.bmp,3.2777777777777777,0.111111111,0.323380833,0.611111111,0.501631326,0.0,0.0,0.055555556,0.23570226,0.055555556,0.23570226,0.111111111,0.323380833,0.0,0.0
0890.jpg,3.7222222222222223,0.166666667,0.383482494,0.444444444,0.511309993,0.0,0.0,0.055555556,0.23570226,0.111111111,0.323380833,0.111111111,0.323380833,0.0,0.0
29_22_04.bmp,2.333333333333333,0.166666667,0.383482494,0.888888889,0.323380833,0.0,0.0,0.0,0.0,0.166666667,0.383482494,0.111111111,0.323380833,0.0,0.0
22_10_04.bmp,2.111111111111111,0.777777778,0.427792632,0.388888889,0.501631326,0.0,0.0,0.055555556,0.23570226,0.166666667,0.383482494,0.111111111,0.323380833,0.0,0.0
14_18_03.bmp,2.2777777777777777,0.166666667,0.383482494,0.666666667,0.48507125,0.166666667,0.383482494,0.055555556,0.23570226,0.055555556,0.23570226,0.055555556,0.23570226,0.0,0.0
1085.jpg,2.7222222222222223,0.055555556,0.23570226,0.222222222,0.427792632,0.0,0.0,0.055555556,0.23570226,0.666666667,0.48507125,0.611111111,0.501631326,0.222222222,0.427792632
0210.jpg,1.7222222222222223,0.277777778,0.460888599,0.444444444,0.511309993,0.055555556,0.23570226,0.833333333,0.383482494,0.055555556,0.23570226,0.055555556,0.23570226,0.055555556,0.23570226
05_09_02.bmp,2.5,0.722222222,0.460888599,0.444444444,0.511309993,0.055555556,0.23570226,0.0,0.0,0.111111111,0.323380833,0.111111111,0.323380833,0.055555556,0.23570226
28_19_04.bmp,2.6666666666666665,0.0,0.0,0.388888889,0.501631326,0.555555556,0.511309993,0.0,0.0,0.166666667,0.383482494,0.055555556,0.23570226,0.0,0.0
17_25_02.bmp,2.888888888888889,0.055555556,0.23570226,0.0,0.0,0.0,0.0,0.0,0.0,0.222222222,0.427792632,0.055555556,0.23570226,0.777777778,0.427792632
01_07_02.bmp,2.888888888888889,0.166666667,0.383482494,0.666666667,0.48507125,0.111111111,0.323380833,0.055555556,0.23570226,0.0,0.0,0.0,0.0,0.055555556,0.23570226
14_16_05.bmp,1.5555555555555556,0.222222222,0.427792632,0.888888889,0.323380833,0.0,0.0,0.0,0.0,0.055555556,0.23570226,0.055555556,0.23570226,0.055555556,0.23570226
0855.jpg,3.7222222222222223,0.055555556,0.23570226,0.444444444,0.511309993,0.055555556,0.23570226,0.0,0.0,0.277777778,0.460888599,0.0,0.0,0.0,0.0
15_10_01.bmp,3.4444444444444446,0.444444444,0.511309993,0.277777778,0.460888599,0.0,0.0,0.0,0.0,0.277777778,0.460888599,0.055555556,0.23570226,0.055555556,0.23570226
17_15_01.bmp,1.7777777777777777,0.0,0.0,0.277777778,0.460888599,0.833333333,0.383482494,0.0,0.0,0.166666667,0.383482494,0.0,0.0,0.055555556,0.23570226
37_20_03.bmp,2.333333333333333,0.277777778,0.460888599,0.5,0.514495755,0.166666667,0.383482494,0.333333333,0.48507125,0.055555556,0.23570226,0.055555556,0.23570226,0.0,0.0
0568.jpg,3.6666666666666665,0.111111111,0.323380833,0.166666667,0.383482494,0.0,0.0,0.111111111,0.323380833,0.5,0.514495755,0.0,0.0,0.055555556,0.23570226
11_17_04.bmp,2.5,0.111111111,0.323380833,0.444444444,0.511309993,0.0,0.0,0.111111111,0.323380833,0.333333333,0.48507125,0.111111111,0.323380833,0.222222222,0.427792632
17_05_01.bmp,3.611111111111111,0.055555556,0.23570226,0.444444444,0.511309993,0.111111111,0.323380833,0.0,0.0,0.222222222,0.427792632,0.055555556,0.23570226,0.0,0.0
11_11_05.bmp,2.2222222222222223,0.833333333,0.383482494,0.277777778,0.460888599,0.0,0.0,0.111111111,0.323380833,0.222222222,0.427792632,0.055555556,0.23570226,0.0,0.0
30_10_05.bmp,2.2777777777777777,0.722222222,0.460888599,0.166666667,0.383482494,0.0,0.0,0.0,0.0,0.333333333,0.48507125,0.0,0.0,0.055555556,0.23570226
33_25_02.bmp,2.6666666666666665,0.055555556,0.23570226,0.111111111,0.323380833,0.0,0.0,0.0,0.0,0.333333333,0.48507125,0.0,0.0,0.888888889,0.323380833
13_11_02.bmp,3.0,0.833333333,0.383482494,0.111111111,0.323380833,0.166666667,0.383482494,0.0,0.0,0.111111111,0.323380833,0.0,0.0,0.055555556,0.23570226
1067.jpg,3.333333333333333,0.111111111,0.323380833,0.444444444,0.511309993,0.055555556,0.23570226,0.277777778,0.460888599,0.111111111,0.323380833,0.055555556,0.23570226,0.055555556,0.23570226
1113.jpg,2.0,0.055555556,0.23570226,0.777777778,0.427792632,0.444444444,0.511309993,0.055555556,0.23570226,0.277777778,0.460888599,0.0,0.0,0.0,0.0
23_08_01.bmp,3.2777777777777777,0.055555556,0.23570226,0.444444444,0.511309993,0.111111111,0.323380833,0.0,0.0,0.277777778,0.460888599,0.111111111,0.323380833,0.0,0.0
27_04_01.bmp,3.333333333333333,0.166666667,0.383482494,0.222222222,0.427792632,0.055555556,0.23570226,0.0,0.0,0.611111111,0.501631326,0.055555556,0.23570226,0.055555556,0.23570226
26_02_04.bmp,2.055555555555556,0.0,0.0,0.944444444,0.23570226,0.055555556,0.23570226,0.055555556,0.23570226,0.055555556,0.23570226,0.055555556,0.23570226,0.0,0.0
32_13_03.bmp,2.4444444444444446,0.0,0.0,0.5,0.514495755,0.555555556,0.511309993,0.055555556,0.23570226,0.333333333,0.48507125,0.055555556,0.23570226,0.055555556,0.23570226
26_14_04.bmp,3.5,0.055555556,0.23570226,0.333333333,0.48507125,0.111111111,0.323380833,0.166666667,0.383482494,0.055555556,0.23570226,0.055555556,0.23570226,0.055555556,0.23570226
24_19_03.bmp,2.6666666666666665,0.277777778,0.460888599,0.722222222,0.460888599,0.0,0.0,0.0,0.0,0.0,0.0,0.0,0.0,0.055555556,0.23570226
05_01_04.bmp,1.9444444444444444,0.166666667,0.383482494,0.833333333,0.383482494,0.111111111,0.323380833,0.055555556,0.23570226,0.0,0.0,0.111111111,0.323380833,0.0,0.0
17_14_03.bmp,2.7777777777777777,0.055555556,0.23570226,0.222222222,0.427792632,0.166666667,0.383482494,0.444444444,0.511309993,0.222222222,0.427792632,0.111111111,0.323380833,0.111111111,0.323380833
30_03_01.bmp,3.7222222222222223,0.166666667,0.383482494,0.166666667,0.383482494,0.0,0.0,0.055555556,0.23570226,0.388888889,0.501631326,0.0,0.0,0.0,0.0
23_03_01.bmp,3.5,0.111111111,0.323380833,0.333333333,0.48507125,0.055555556,0.23570226,0.055555556,0.23570226,0.277777778,0.460888599,0.055555556,0.23570226,0.0,0.0
0449.jpg,2.7222222222222223,0.111111111,0.323380833,0.833333333,0.383482494,0.055555556,0.23570226,0.055555556,0.23570226,0.111111111,0.323380833,0.055555556,0.23570226,0.055555556,0.23570226
0459.jpg,2.6666666666666665,0.111111111,0.323380833,0.388888889,0.501631326,0.0,0.0,0.055555556,0.23570226,0.777777778,0.427792632,0.055555556,0.23570226,0.055555556,0.23570226
0415.jpg,3.1666666666666665,0.111111111,0.323380833,0.777777778,0.427792632,0.0,0.0,0.055555556,0.23570226,0.0,0.0,0.055555556,0.23570226,0.0,0.0
19_15_01.bmp,1.6111111111111112,0.055555556,0.23570226,0.111111111,0.323380833,0.888888889,0.323380833,0.0,0.0,0.055555556,0.23570226,0.166666667,0.383482494,0.055555556,0.23570226
27_11_01.bmp,3.333333333333333,0.5,0.514495755,0.166666667,0.383482494,0.111111111,0.323380833,0.055555556,0.23570226,0.444444444,0.511309993,0.055555556,0.23570226,0.055555556,0.23570226
0792.jpg,3.388888888888889,0.111111111,0.323380833,0.555555556,0.511309993,0.0,0.0,0.0,0.0,0.277777778,0.460888599,0.055555556,0.23570226,0.0,0.0
0223.jpg,1.9444444444444444,0.111111111,0.323380833,0.444444444,0.511309993,0.0,0.0,0.888888889,0.323380833,0.055555556,0.23570226,0.0,0.0,0.0,0.0
24_03_03.bmp,2.6666666666666665,0.055555556,0.23570226,0.777777778,0.427792632,0.055555556,0.23570226,0.0,0.0,0.0,0.0,0.0,0.0,0.0,0.0
0146.jpg,2.2777777777777777,0.166666667,0.383482494,0.5,0.514495755,0.944444444,0.23570226,0.055555556,0.23570226,0.055555556,0.23570226,0.0,0.0,0.0,0.0
0158.jpg,2.388888888888889,0.111111111,0.323380833,0.333333333,0.48507125,0.888888889,0.323380833,0.055555556,0.23570226,0.111111111,0.323380833,0.0,0.0,0.055555556,0.23570226
36_08_02.bmp,3.055555555555556,0.055555556,0.23570226,0.555555556,0.511309993,0.111111111,0.323380833,0.0,0.0,0.055555556,0.23570226,0.055555556,0.23570226,0.111111111,0.323380833
36_15_01.bmp,1.7777777777777777,0.055555556,0.23570226,0.277777778,0.460888599,0.888888889,0.323380833,0.0,0.0,0.0,0.0,0.055555556,0.23570226,0.0,0.0
01475.jpg,3.4444444444444446,0.055555556,0.23570226,0.666666667,0.48507125,0.111111111,0.323380833,0.055555556,0.23570226,0.055555556,0.23570226,0.0,0.0,0.055555556,0.23570226
13_18_03.bmp,2.5,0.0,0.0,0.722222222,0.460888599,0.055555556,0.23570226,0.0,0.0,0.277777778,0.460888599,0.055555556,0.23570226,0.111111111,0.323380833
0406.jpg,2.2777777777777777,0.055555556,0.23570226,0.833333333,0.383482494,0.055555556,0.23570226,0.055555556,0.23570226,0.0,0.0,0.055555556,0.23570226,0.055555556,0.23570226
09_03_04.bmp,2.055555555555556,0.222222222,0.427792632,0.833333333,0.383482494,0.166666667,0.383482494,0.0,0.0,0.166666667,0.383482494,0.0,0.0,0.0,0.0
1058.jpg,3.7222222222222223,0.055555556,0.23570226,0.277777778,0.460888599,0.055555556,0.23570226,0.333333333,0.48507125,0.055555556,0.23570226,0.111111111,0.323380833,0.111111111,0.323380833
13_14_03.bmp,3.388888888888889,0.055555556,0.23570226,0.166666667,0.383482494,0.055555556,0.23570226,0.333333333,0.48507125,0.166666667,0.383482494,0.0,0.0,0.111111111,0.323380833
0064.jpg,3.1666666666666665,0.0,0.0,0.388888889,0.501631326,0.888888889,0.323380833,0.055555556,0.23570226,0.055555556,0.23570226,0.0,0.0,0.055555556,0.23570226
0840.jpg,3.6666666666666665,0.111111111,0.323380833,0.388888889,0.501631326,0.0,0.0,0.055555556,0.23570226,0.166666667,0.383482494,0.0,0.0,0.055555556,0.23570226
13_25_02.bmp,2.7777777777777777,0.0,0.0,0.111111111,0.323380833,0.111111111,0.323380833,0.0,0.0,0.055555556,0.23570226,0.0,0.0,0.833333333,0.383482494
23_14_05.bmp,1.2222222222222223,0.111111111,0.323380833,0.222222222,0.427792632,0.055555556,0.23570226,0.833333333,0.383482494,0.222222222,0.427792632,0.055555556,0.23570226,0.055555556,0.23570226
30_15_04.bmp,3.111111111111111,0.0,0.0,0.333333333,0.48507125,0.0,0.0,0.388888889,0.501631326,0.333333333,0.48507125,0.055555556,0.23570226,0.0,0.0
08_13_02.bmp,4.166666666666667,0.166666667,0.383482494,0.055555556,0.23570226,0.277777778,0.460888599,0.055555556,0.23570226,0.055555556,0.23570226,0.0,0.0,0.0,0.0
23_20_04.bmp,1.7777777777777777,0.444444444,0.511309993,0.277777778,0.460888599,0.222222222,0.427792632,0.277777778,0.460888599,0.166666667,0.383482494,0.0,0.0,0.0,0.0
0238.jpg,1.9444444444444444,0.222222222,0.427792632,0.444444444,0.511309993,0.0,0.0,0.888888889,0.323380833,0.055555556,0.23570226,0.055555556,0.23570226,0.0,0.0
1021.jpg,3.611111111111111,0.055555556,0.23570226,0.277777778,0.460888599,0.0,0.0,0.277777778,0.460888599,0.166666667,0.383482494,0.0,0.0,0.055555556,0.23570226
22_16_01.bmp,3.2777777777777777,0.055555556,0.23570226,0.5,0.514495755,0.277777778,0.460888599,0.055555556,0.23570226,0.055555556,0.23570226,0.111111111,0.323380833,0.0,0.0
28_24_01.bmp,3.055555555555556,0.333333333,0.48507125,0.555555556,0.511309993,0.222222222,0.427792632,0.0,0.0,0.111111111,0.323380833,0.0,0.0,0.0,0.0
03_20_01.bmp,2.611111111111111,0.388888889,0.501631326,0.166666667,0.383482494,0.277777778,0.460888599,0.111111111,0.323380833,0.055555556,0.23570226,0.0,0.0,0.0,0.0
24_04_05.bmp,2.1666666666666665,0.333333333,0.48507125,0.333333333,0.48507125,0.333333333,0.48507125,0.055555556,0.23570226,0.0,0.0,0.0,0.0,0.0,0.0
37_24_03.bmp,2.4444444444444446,0.0,0.0,0.944444444,0.23570226,0.0,0.0,0.055555556,0.23570226,0.055555556,0.23570226,0.111111111,0.323380833,0.0,0.0
07_24_05.bmp,1.2777777777777777,0.0,0.0,0.888888889,0.323380833,0.111111111,0.323380833,0.055555556,0.23570226,0.055555556,0.23570226,0.0,0.0,0.055555556,0.23570226
34_24_01.bmp,2.9444444444444446,0.0,0.0,0.666666667,0.48507125,0.222222222,0.427792632,0.0,0.0,0.055555556,0.23570226,0.0,0.0,0.055555556,0.23570226
28_21_02.bmp,2.833333333333333,0.111111111,0.323380833,0.111111111,0.323380833,0.611111111,0.501631326,0.0,0.0,0.166666667,0.383482494,0.055555556,0.23570226,0.0,0.0
26_07_01.bmp,3.888888888888889,0.055555556,0.23570226,0.388888889,0.501631326,0.111111111,0.323380833,0.0,0.0,0.055555556,0.23570226,0.0,0.0,0.0,0.0
15_12_02.bmp,3.0,0.611111111,0.501631326,0.166666667,0.383482494,0.111111111,0.323380833,0.0,0.0,0.277777778,0.460888599,0.0,0.0,0.055555556,0.23570226
12_22_03.bmp,2.4444444444444446,0.166666667,0.383482494,0.777777778,0.427792632,0.166666667,0.383482494,0.0,0.0,0.111111111,0.323380833,0.111111111,0.323380833,0.0,0.0
0137.jpg,2.6666666666666665,0.055555556,0.23570226,0.555555556,0.511309993,0.944444444,0.23570226,0.055555556,0.23570226,0.055555556,0.23570226,0.0,0.0,0.0,0.0
04_24_03.bmp,1.8333333333333333,0.055555556,0.23570226,0.888888889,0.323380833,0.111111111,0.323380833,0.0,0.0,0.166666667,0.383482494,0.055555556,0.23570226,0.0,0.0
33_22_04.bmp,2.333333333333333,0.166666667,0.383482494,0.777777778,0.427792632,0.055555556,0.23570226,0.0,0.0,0.388888889,0.501631326,0.0,0.0,0.0,0.0
30_24_04.bmp,2.2222222222222223,0.055555556,0.23570226,0.888888889,0.323380833,0.0,0.0,0.0,0.0,0.277777778,0.460888599,0.0,0.0,0.111111111,0.323380833
28_20_05.bmp,1.8333333333333333,0.722222222,0.460888599,0.555555556,0.511309993,0.166666667,0.383482494,0.055555556,0.23570226,0.166666667,0.383482494,0.055555556,0.23570226,0.0,0.0
15_25_01.bmp,3.111111111111111,0.055555556,0.23570226,0.055555556,0.23570226,0.0,0.0,0.0,0.0,0.166666667,0.383482494,0.0,0.0,0.888888889,0.323380833
23_19_01.bmp,3.2222222222222223,0.166666667,0.383482494,0.388888889,0.501631326,0.166666667,0.383482494,0.0,0.0,0.277777778,0.460888599,0.055555556,0.23570226,0.0,0.0
01365.jpg,3.4444444444444446,0.055555556,0.23570226,0.722222222,0.460888599,0.055555556,0.23570226,0.0,0.0,0.0,0.0,0.0,0.0,0.055555556,0.23570226
14_14_04.bmp,2.5,0.055555556,0.23570226,0.222222222,0.427792632,0.166666667,0.383482494,0.555555556,0.511309993,0.0,0.0,0.111111111,0.323380833,0.055555556,0.23570226
15_12_05.bmp,2.111111111111111,0.777777778,0.427792632,0.166666667,0.383482494,0.111111111,0.323380833,0.0,0.0,0.222222222,0.427792632,0.055555556,0.23570226,0.055555556,0.23570226
09_23_03.bmp,2.7777777777777777,0.055555556,0.23570226,0.166666667,0.383482494,0.055555556,0.23570226,0.777777778,0.427792632,0.111111111,0.323380833,0.0,0.0,0.0,0.0
13_23_04.bmp,2.555555555555556,0.055555556,0.23570226,0.166666667,0.383482494,0.055555556,0.23570226,0.777777778,0.427792632,0.055555556,0.23570226,0.0,0.0,0.166666667,0.383482494
01_14_04.bmp,2.7222222222222223,0.111111111,0.323380833,0.666666667,0.48507125,0.222222222,0.427792632,0.055555556,0.23570226,0.111111111,0.323380833,0.055555556,0.23570226,0.0,0.0
13_12_04.bmp,2.611111111111111,0.777777778,0.427792632,0.222222222,0.427792632,0.055555556,0.23570226,0.0,0.0,0.277777778,0.460888599,0.0,0.0,0.055555556,0.23570226
37_14_05.bmp,1.2777777777777777,0.166666667,0.383482494,0.444444444,0.511309993,0.111111111,0.323380833,0.833333333,0.383482494,0.0,0.0,0.055555556,0.23570226,0.0,0.0
11_18_04.bmp,2.333333333333333,0.055555556,0.23570226,0.666666667,0.48507125,0.111111111,0.323380833,0.055555556,0.23570226,0.222222222,0.427792632,0.055555556,0.23570226,0.0,0.0
16_15_02.bmp,2.888888888888889,0.111111111,0.323380833,0.111111111,0.323380833,0.722222222,0.460888599,0.0,0.0,0.388888889,0.501631326,0.388888889,0.501631326,0.0,0.0
16_24_03.bmp,2.055555555555556,0.0,0.0,0.833333333,0.383482494,0.0,0.0,0.0,0.0,0.277777778,0.460888599,0.333333333,0.48507125,0.055555556,0.23570226
07_07_04.bmp,1.8888888888888888,0.277777778,0.460888599,0.722222222,0.460888599,0.055555556,0.23570226,0.0,0.0,0.055555556,0.23570226,0.0,0.0,0.055555556,0.23570226
0862.jpg,3.388888888888889,0.111111111,0.323380833,0.444444444,0.511309993,0.055555556,0.23570226,0.055555556,0.23570226,0.166666667,0.383482494,0.0,0.0,0.055555556,0.23570226
09_20_03.bmp,2.111111111111111,0.666666667,0.48507125,0.444444444,0.511309993,0.222222222,0.427792632,0.0,0.0,0.166666667,0.383482494,0.111111111,0.323380833,0.0,0.0
12_21_02.bmp,2.9444444444444446,0.055555556,0.23570226,0.055555556,0.23570226,0.722222222,0.460888599,0.055555556,0.23570226,0.055555556,0.23570226,0.0,0.0,0.0,0.0
04_15_04.bmp,2.888888888888889,0.222222222,0.427792632,0.611111111,0.501631326,0.222222222,0.427792632,0.055555556,0.23570226,0.166666667,0.383482494,0.0,0.0,0.055555556,0.23570226
11_05_03.bmp,2.388888888888889,0.388888889,0.501631326,0.611111111,0.501631326,0.0,0.0,0.111111111,0.323380833,0.277777778,0.460888599,0.055555556,0.23570226,0.055555556,0.23570226
12_15_05.bmp,2.9444444444444446,0.111111111,0.323380833,0.222222222,0.427792632,0.055555556,0.23570226,0.388888889,0.501631326,0.166666667,0.383482494,0.055555556,0.23570226,0.055555556,0.23570226
26_25_04.bmp,2.333333333333333,0.055555556,0.23570226,0.111111111,0.323380833,0.111111111,0.323380833,0.0,0.0,0.055555556,0.23570226,0.0,0.0,0.944444444,0.23570226
30_01_01.bmp,3.555555555555556,0.222222222,0.427792632,0.166666667,0.383482494,0.0,0.0,0.0,0.0,0.388888889,0.501631326,0.0,0.0,0.055555556,0.23570226
31_04_04.bmp,2.611111111111111,0.444444444,0.511309993,0.333333333,0.48507125,0.166666667,0.383482494,0.055555556,0.23570226,0.222222222,0.427792632,0.166666667,0.383482494,0.055555556,0.23570226
15_20_03.bmp,2.388888888888889,0.444444444,0.511309993,0.277777778,0.460888599,0.166666667,0.383482494,0.388888889,0.501631326,0.222222222,0.427792632,0.055555556,0.23570226,0.0,0.0
17_23_02.bmp,2.833333333333333,0.0,0.0,0.166666667,0.383482494,0.111111111,0.323380833,0.777777778,0.427792632,0.166666667,0.383482494,0.055555556,0.23570226,0.0,0.0
24_14_04.bmp,2.055555555555556,0.111111111,0.323380833,0.166666667,0.383482494,0.055555556,0.23570226,0.833333333,0.383482494,0.055555556,0.23570226,0.055555556,0.23570226,0.0,0.0
35_12_03.bmp,2.388888888888889,0.833333333,0.383482494,0.5,0.514495755,0.055555556,0.23570226,0.0,0.0,0.055555556,0.23570226,0.0,0.0,0.055555556,0.23570226
01391.jpg,3.7222222222222223,0.055555556,0.23570226,0.611111111,0.501631326,0.111111111,0.323380833,0.055555556,0.23570226,0.0,0.0,0.055555556,0.23570226,0.055555556,0.23570226
12_14_03.bmp,2.9444444444444446,0.111111111,0.323380833,0.166666667,0.383482494,0.111111111,0.323380833,0.5,0.514495755,0.111111111,0.323380833,0.111111111,0.323380833,0.055555556,0.23570226
33_20_05.bmp,1.7777777777777777,0.444444444,0.511309993,0.5,0.514495755,0.222222222,0.427792632,0.222222222,0.427792632,0.333333333,0.48507125,0.0,0.0,0.055555556,0.23570226
35_08_01.bmp,2.9444444444444446,0.111111111,0.323380833,0.611111111,0.501631326,0.055555556,0.23570226,0.055555556,0.23570226,0.0,0.0,0.055555556,0.23570226,0.055555556,0.23570226
26_02_05.bmp,1.3333333333333333,0.055555556,0.23570226,0.833333333,0.383482494,0.111111111,0.323380833,0.0,0.0,0.0,0.0,0.0,0.0,0.0,0.0
01495.jpg,3.7777777777777777,0.055555556,0.23570226,0.5,0.514495755,0.111111111,0.323380833,0.0,0.0,0.0,0.0,0.0,0.0,0.055555556,0.23570226
37_05_02.bmp,3.333333333333333,0.222222222,0.427792632,0.722222222,0.460888599,0.055555556,0.23570226,0.055555556,0.23570226,0.055555556,0.23570226,0.055555556,0.23570226,0.0,0.0
0091.jpg,2.6666666666666665,0.0,0.0,0.277777778,0.460888599,0.944444444,0.23570226,0.0,0.0,0.166666667,0.383482494,0.166666667,0.383482494,0.111111111,0.323380833
10_14_04.bmp,1.8333333333333333,0.111111111,0.323380833,0.166666667,0.383482494,0.111111111,0.323380833,0.833333333,0.383482494,0.277777778,0.460888599,0.277777778,0.460888599,0.0,0.0
07_08_04.bmp,2.055555555555556,0.555555556,0.511309993,0.666666667,0.48507125,0.0,0.0,0.055555556,0.23570226,0.111111111,0.323380833,0.055555556,0.23570226,0.0,0.0
24_01_03.bmp,2.7777777777777777,0.055555556,0.23570226,0.833333333,0.383482494,0.166666667,0.383482494,0.0,0.0,0.0,0.0,0.0,0.0,0.0,0.0
01456.jpg,3.4444444444444446,0.055555556,0.23570226,0.666666667,0.48507125,0.111111111,0.323380833,0.0,0.0,0.055555556,0.23570226,0.111111111,0.323380833,0.444444444,0.511309993
02_10_04.bmp,2.388888888888889,0.833333333,0.383482494,0.388888889,0.501631326,0.0,0.0,0.055555556,0.23570226,0.388888889,0.501631326,0.055555556,0.23570226,0.0,0.0
28_11_04.bmp,2.5,0.833333333,0.383482494,0.222222222,0.427792632,0.166666667,0.383482494,0.0,0.0,0.222222222,0.427792632,0.055555556,0.23570226,0.055555556,0.23570226
0042.jpg,3.2222222222222223,0.0,0.0,0.277777778,0.460888599,0.944444444,0.23570226,0.0,0.0,0.111111111,0.323380833,0.0,0.0,0.055555556,0.23570226
06_18_04.bmp,2.2777777777777777,0.222222222,0.427792632,0.833333333,0.383482494,0.111111111,0.323380833,0.0,0.0,0.0,0.0,0.166666667,0.383482494,0.055555556,0.23570226
01453.jpg,3.333333333333333,0.111111111,0.323380833,0.666666667,0.48507125,0.111111111,0.323380833,0.0,0.0,0.0,0.0,0.0,0.0,0.055555556,0.23570226
33_04_05.bmp,2.055555555555556,0.166666667,0.383482494,0.388888889,0.501631326,0.277777778,0.460888599,0.055555556,0.23570226,0.333333333,0.48507125,0.166666667,0.383482494,0.055555556,0.23570226
0991.jpg,3.1666666666666665,0.055555556,0.23570226,0.388888889,0.501631326,0.055555556,0.23570226,0.611111111,0.501631326,0.333333333,0.48507125,0.0,0.0,0.055555556,0.23570226
0124.jpg,2.7777777777777777,0.111111111,0.323380833,0.277777778,0.460888599,0.888888889,0.323380833,0.0,0.0,0.055555556,0.23570226,0.055555556,0.23570226,0.055555556,0.23570226
01_09_05.bmp,2.055555555555556,0.888888889,0.323380833,0.444444444,0.511309993,0.055555556,0.23570226,0.0,0.0,0.055555556,0.23570226,0.0,0.0,0.111111111,0.323380833
17_07_05.bmp,1.3888888888888888,0.222222222,0.427792632,0.833333333,0.383482494,0.055555556,0.23570226,0.0,0.0,0.222222222,0.427792632,0.0,0.0,0.0,0.0
28_04_01.bmp,3.2222222222222223,0.111111111,0.323380833,0.555555556,0.511309993,0.111111111,0.323380833,0.0,0.0,0.222222222,0.427792632,0.0,0.0,0.0,0.0
07_09_02.bmp,2.611111111111111,0.722222222,0.460888599,0.388888889,0.501631326,0.055555556,0.23570226,0.0,0.0,0.111111111,0.323380833,0.0,0.0,0.055555556,0.23570226
06_08_04.bmp,2.555555555555556,0.444444444,0.511309993,0.611111111,0.501631326,0.0,0.0,0.0,0.0,0.055555556,0.23570226,0.111111111,0.323380833,0.055555556,0.23570226
0550.jpg,3.1666666666666665,0.111111111,0.323380833,0.333333333,0.48507125,0.055555556,0.23570226,0.111111111,0.323380833,0.722222222,0.460888599,0.0,0.0,0.055555556,0.23570226
0915.jpg,3.9444444444444446,0.111111111,0.323380833,0.277777778,0.460888599,0.055555556,0.23570226,0.055555556,0.23570226,0.166666667,0.383482494,0.0,0.0,0.055555556,0.23570226
26_25_02.bmp,2.7777777777777777,0.111111111,0.323380833,0.055555556,0.23570226,0.111111111,0.323380833,0.0,0.0,0.055555556,0.23570226,0.0,0.0,0.944444444,0.23570226
35_17_01.bmp,2.7777777777777777,0.166666667,0.383482494,0.5,0.514495755,0.055555556,0.23570226,0.0,0.0,0.166666667,0.383482494,0.111111111,0.323380833,0.277777778,0.460888599
35_21_03.bmp,1.8888888888888888,0.055555556,0.23570226,0.222222222,0.427792632,0.944444444,0.23570226,0.055555556,0.23570226,0.0,0.0,0.0,0.0,0.055555556,0.23570226
17_06_01.bmp,2.388888888888889,0.444444444,0.511309993,0.333333333,0.48507125,0.222222222,0.427792632,0.055555556,0.23570226,0.166666667,0.383482494,0.166666667,0.383482494,0.0,0.0
09_20_02.bmp,2.555555555555556,0.555555556,0.511309993,0.333333333,0.48507125,0.222222222,0.427792632,0.0,0.0,0.222222222,0.427792632,0.111111111,0.323380833,0.0,0.0
34_09_02.bmp,2.7222222222222223,0.666666667,0.48507125,0.388888889,0.501631326,0.166666667,0.383482494,0.0,0.0,0.0,0.0,0.0,0.0,0.055555556,0.23570226
29_06_02.bmp,2.055555555555556,0.388888889,0.501631326,0.333333333,0.48507125,0.222222222,0.427792632,0.0,0.0,0.055555556,0.23570226,0.166666667,0.383482494,0.111111111,0.323380833
0727.jpg,3.2777777777777777,0.111111111,0.323380833,0.111111111,0.323380833,0.055555556,0.23570226,0.0,0.0,0.277777778,0.460888599,0.166666667,0.383482494,0.055555556,0.23570226
05_19_01.bmp,3.2777777777777777,0.277777778,0.460888599,0.5,0.514495755,0.111111111,0.323380833,0.055555556,0.23570226,0.0,0.0,0.055555556,0.23570226,0.055555556,0.23570226
06_06_01.bmp,3.4444444444444446,0.388888889,0.501631326,0.222222222,0.427792632,0.166666667,0.383482494,0.0,0.0,0.0,0.0,0.166666667,0.383482494,0.055555556,0.23570226
27_02_01.bmp,3.333333333333333,0.0,0.0,0.333333333,0.48507125,0.111111111,0.323380833,0.055555556,0.23570226,0.555555556,0.511309993,0.055555556,0.23570226,0.055555556,0.23570226
37_09_01.bmp,3.2222222222222223,0.555555556,0.511309993,0.5,0.514495755,0.055555556,0.23570226,0.0,0.0,0.055555556,0.23570226,0.055555556,0.23570226,0.0,0.0
24_07_03.bmp,2.4444444444444446,0.111111111,0.323380833,0.888888889,0.323380833,0.055555556,0.23570226,0.0,0.0,0.0,0.0,0.055555556,0.23570226,0.0,0.0
06_10_03.bmp,2.888888888888889,0.722222222,0.460888599,0.166666667,0.383482494,0.111111111,0.323380833,0.0,0.0,0.055555556,0.23570226,0.055555556,0.23570226,0.055555556,0.23570226
19_15_03.bmp,3.055555555555556,0.111111111,0.323380833,0.277777778,0.460888599,0.277777778,0.460888599,0.0,0.0,0.111111111,0.323380833,0.111111111,0.323380833,0.111111111,0.323380833
01339.jpg,3.0,0.055555556,0.23570226,0.777777778,0.427792632,0.055555556,0.23570226,0.055555556,0.23570226,0.055555556,0.23570226,0.111111111,0.323380833,0.055555556,0.23570226
01338.jpg,3.055555555555556,0.166666667,0.383482494,0.722222222,0.460888599,0.111111111,0.323380833,0.0,0.0,0.0,0.0,0.0,0.0,0.0,0.0
10_25_02.bmp,2.6666666666666665,0.0,0.0,0.222222222,0.427792632,0.0,0.0,0.0,0.0,0.277777778,0.460888599,0.111111111,0.323380833,0.888888889,0.323380833
23_18_05.bmp,1.7777777777777777,0.111111111,0.323380833,0.888888889,0.323380833,0.0,0.0,0.0,0.0,0.277777778,0.460888599,0.0,0.0,0.0,0.0
20_05_05.bmp,1.7222222222222223,0.277777778,0.460888599,0.666666667,0.48507125,0.111111111,0.323380833,0.055555556,0.23570226,0.111111111,0.323380833,0.111111111,0.323380833,0.0,0.0
35_04_05.bmp,1.7777777777777777,0.277777778,0.460888599,0.555555556,0.511309993,0.277777778,0.460888599,0.0,0.0,0.0,0.0,0.166666667,0.383482494,0.055555556,0.23570226
01377.jpg,3.333333333333333,0.055555556,0.23570226,0.666666667,0.48507125,0.111111111,0.323380833,0.0,0.0,0.055555556,0.23570226,0.0,0.0,0.055555556,0.23570226
1020.jpg,3.6666666666666665,0.055555556,0.23570226,0.388888889,0.501631326,0.0,0.0,0.222222222,0.427792632,0.055555556,0.23570226,0.0,0.0,0.111111111,0.323380833
25_05_02.bmp,2.5,0.5,0.514495755,0.5,0.514495755,0.166666667,0.383482494,0.0,0.0,0.111111111,0.323380833,0.055555556,0.23570226,0.055555556,0.23570226
34_03_01.bmp,3.4444444444444446,0.111111111,0.323380833,0.388888889,0.501631326,0.222222222,0.427792632,0.0,0.0,0.055555556,0.23570226,0.0,0.0,0.111111111,0.323380833
01494.jpg,3.7777777777777777,0.166666667,0.383482494,0.5,0.514495755,0.111111111,0.323380833,0.0,0.0,0.055555556,0.23570226,0.055555556,0.23570226,0.0,0.0
0781.jpg,3.555555555555556,0.0,0.0,0.444444444,0.511309993,0.0,0.0,0.0,0.0,0.111111111,0.323380833,0.0,0.0,0.055555556,0.23570226
15_23_05.bmp,2.111111111111111,0.111111111,0.323380833,0.166666667,0.383482494,0.0,0.0,0.722222222,0.460888599,0.222222222,0.427792632,0.055555556,0.23570226,0.055555556,0.23570226
18_08_02.bmp,3.0,0.388888889,0.501631326,0.555555556,0.511309993,0.055555556,0.23570226,0.0,0.0,0.0,0.0,0.0,0.0,0.111111111,0.323380833
0870.jpg,3.5,0.055555556,0.23570226,0.444444444,0.511309993,0.055555556,0.23570226,0.0,0.0,0.277777778,0.460888599,0.0,0.0,0.0,0.0
0521.jpg,2.9444444444444446,0.111111111,0.323380833,0.5,0.514495755,0.0,0.0,0.388888889,0.501631326,0.444444444,0.511309993,0.0,0.0,0.0,0.0
24_01_05.bmp,1.3888888888888888,0.0,0.0,1.0,0.0,0.055555556,0.23570226,0.0,0.0,0.055555556,0.23570226,0.0,0.0,0.0,0.0
05_06_04.bmp,1.6666666666666667,0.555555556,0.511309993,0.333333333,0.48507125,0.222222222,0.427792632,0.055555556,0.23570226,0.055555556,0.23570226,0.277777778,0.460888599,0.055555556,0.23570226
24_22_03.bmp,2.388888888888889,0.222222222,0.427792632,0.777777778,0.427792632,0.0,0.0,0.0,0.0,0.055555556,0.23570226,0.0,0.0,0.0,0.0
16_06_01.bmp,2.7222222222222223,0.333333333,0.48507125,0.111111111,0.323380833,0.166666667,0.383482494,0.055555556,0.23570226,0.277777778,0.460888599,0.5,0.514495755,0.111111111,0.323380833
01243.jpg,3.8333333333333335,0.333333333,0.48507125,0.333333333,0.48507125,0.0,0.0,0.055555556,0.23570226,0.055555556,0.23570226,0.055555556,0.23570226,0.055555556,0.23570226
0388.jpg,2.6666666666666665,0.111111111,0.323380833,0.722222222,0.460888599,0.055555556,0.23570226,0.055555556,0.23570226,0.055555556,0.23570226,0.055555556,0.23570226,0.055555556,0.23570226
25_13_01.bmp,3.388888888888889,0.111111111,0.323380833,0.555555556,0.511309993,0.111111111,0.323380833,0.0,0.0,0.111111111,0.323380833,0.0,0.0,0.055555556,0.23570226
29_04_05.bmp,1.8333333333333333,0.333333333,0.48507125,0.166666667,0.383482494,0.333333333,0.48507125,0.055555556,0.23570226,0.055555556,0.23570226,0.277777778,0.460888599,0.0,0.0
01207.jpg,3.4444444444444446,0.222222222,0.427792632,0.444444444,0.511309993,0.0,0.0,0.0,0.0,0.555555556,0.511309993,0.055555556,0.23570226,0.055555556,0.23570226
12_15_03.bmp,3.388888888888889,0.111111111,0.323380833,0.277777778,0.460888599,0.111111111,0.323380833,0.166666667,0.383482494,0.111111111,0.323380833,0.055555556,0.23570226,0.0,0.0
02_02_02.bmp,2.6666666666666665,0.0,0.0,0.888888889,0.323380833,0.0,0.0,0.0,0.0,0.611111111,0.501631326,0.055555556,0.23570226,0.055555556,0.23570226
08_16_02.bmp,3.5,0.166666667,0.383482494,0.222222222,0.427792632,0.222222222,0.427792632,0.0,0.0,0.055555556,0.23570226,0.0,0.0,0.0,0.0
05_21_03.bmp,2.6666666666666665,0.111111111,0.323380833,0.388888889,0.501631326,0.611111111,0.501631326,0.055555556,0.23570226,0.0,0.0,0.111111111,0.323380833,0.055555556,0.23570226
37_11_03.bmp,2.833333333333333,0.777777778,0.427792632,0.388888889,0.501631326,0.0,0.0,0.0,0.0,0.055555556,0.23570226,0.055555556,0.23570226,0.0,0.0
02_08_05.bmp,1.6111111111111112,0.555555556,0.511309993,0.722222222,0.460888599,0.055555556,0.23570226,0.0,0.0,0.333333333,0.48507125,0.055555556,0.23570226,0.277777778,0.460888599
16_05_05.bmp,1.9444444444444444,0.277777778,0.460888599,0.5,0.514495755,0.055555556,0.23570226,0.0,0.0,0.388888889,0.501631326,0.388888889,0.501631326,0.0,0.0
0190.jpg,2.833333333333333,0.055555556,0.23570226,0.388888889,0.501631326,0.777777778,0.427792632,0.055555556,0.23570226,0.111111111,0.323380833,0.0,0.0,0.055555556,0.23570226
33_10_02.bmp,3.0,0.555555556,0.511309993,0.444444444,0.511309993,0.0,0.0,0.0,0.0,0.5,0.514495755,0.0,0.0,0.055555556,0.23570226
04_10_04.bmp,2.388888888888889,0.833333333,0.383482494,0.444444444,0.511309993,0.055555556,0.23570226,0.0,0.0,0.222222222,0.427792632,0.0,0.0,0.0,0.0
0053.jpg,3.055555555555556,0.0,0.0,0.277777778,0.460888599,0.833333333,0.383482494,0.0,0.0,0.277777778,0.460888599,0.0,0.0,0.0,0.0
01447.jpg,3.111111111111111,0.055555556,0.23570226,0.666666667,0.48507125,0.055555556,0.23570226,0.0,0.0,0.0,0.0,0.0,0.0,0.333333333,0.48507125
0023.jpg,3.2777777777777777,0.0,0.0,0.333333333,0.48507125,0.666666667,0.48507125,0.0,0.0,0.055555556,0.23570226,0.111111111,0.323380833,0.0,0.0
08_20_05.bmp,1.8888888888888888,0.611111111,0.501631326,0.166666667,0.383482494,0.277777778,0.460888599,0.388888889,0.501631326,0.055555556,0.23570226,0.055555556,0.23570226,0.0,0.0
23_13_05.bmp,2.1666666666666665,0.111111111,0.323380833,0.277777778,0.460888599,0.833333333,0.383482494,0.0,0.0,0.166666667,0.383482494,0.055555556,0.23570226,0.0,0.0
05_11_01.bmp,3.055555555555556,0.5,0.514495755,0.333333333,0.48507125,0.055555556,0.23570226,0.0,0.0,0.0,0.0,0.111111111,0.323380833,0.055555556,0.23570226
33_09_04.bmp,2.5,0.722222222,0.460888599,0.277777778,0.460888599,0.0,0.0,0.055555556,0.23570226,0.333333333,0.48507125,0.0,0.0,0.0,0.0
28_20_03.bmp,2.5,0.444444444,0.511309993,0.611111111,0.501631326,0.111111111,0.323380833,0.055555556,0.23570226,0.222222222,0.427792632,0.111111111,0.323380833,0.0,0.0
07_17_03.bmp,2.5,0.111111111,0.323380833,0.5,0.514495755,0.111111111,0.323380833,0.0,0.0,0.333333333,0.48507125,0.111111111,0.323380833,0.277777778,0.460888599
18_10_01.bmp,3.1666666666666665,0.388888889,0.501631326,0.444444444,0.511309993,0.055555556,0.23570226,0.055555556,0.23570226,0.0,0.0,0.0,0.0,0.055555556,0.23570226
12_13_04.bmp,2.6666666666666665,0.055555556,0.23570226,0.111111111,0.323380833,0.833333333,0.383482494,0.055555556,0.23570226,0.0,0.0,0.0,0.0,0.111111111,0.323380833
03_25_01.bmp,3.1666666666666665,0.055555556,0.23570226,0.055555556,0.23570226,0.055555556,0.23570226,0.055555556,0.23570226,0.055555556,0.23570226,0.0,0.0,0.944444444,0.23570226
14_02_01.bmp,3.2777777777777777,0.0,0.0,0.555555556,0.511309993,0.055555556,0.23570226,0.055555556,0.23570226,0.0,0.0,0.055555556,0.23570226,0.055555556,0.23570226
10_03_01.bmp,3.4444444444444446,0.055555556,0.23570226,0.444444444,0.511309993,0.0,0.0,0.0,0.0,0.444444444,0.511309993,0.222222222,0.427792632,0.111111111,0.323380833
16_14_03.bmp,2.888888888888889,0.055555556,0.23570226,0.111111111,0.323380833,0.166666667,0.383482494,0.5,0.514495755,0.277777778,0.460888599,0.388888889,0.501631326,0.0,0.0
01404.jpg,4.055555555555555,0.0,0.0,0.555555556,0.511309993,0.111111111,0.323380833,0.0,0.0,0.0,0.0,0.0,0.0,0.055555556,0.23570226
31_04_05.bmp,2.333333333333333,0.388888889,0.501631326,0.333333333,0.48507125,0.222222222,0.427792632,0.055555556,0.23570226,0.166666667,0.383482494,0.166666667,0.383482494,0.111111111,0.323380833
29_17_01.bmp,2.888888888888889,0.055555556,0.23570226,0.5,0.514495755,0.055555556,0.23570226,0.0,0.0,0.166666667,0.383482494,0.222222222,0.427792632,0.222222222,0.427792632
0945.jpg,2.833333333333333,0.0,0.0,0.5,0.514495755,0.0,0.0,0.666666667,0.48507125,0.166666667,0.383482494,0.0,0.0,0.055555556,0.23570226
32_21_01.bmp,1.3888888888888888,0.166666667,0.383482494,0.444444444,0.511309993,0.444444444,0.511309993,0.333333333,0.48507125,0.277777778,0.460888599,0.0,0.0,0.0,0.0
1105.jpg,2.9444444444444446,0.0,0.0,0.388888889,0.501631326,0.111111111,0.323380833,0.111111111,0.323380833,0.5,0.514495755,0.166666667,0.383482494,0.0,0.0
14_10_03.bmp,2.5,0.833333333,0.383482494,0.277777778,0.460888599,0.055555556,0.23570226,0.0,0.0,0.111111111,0.323380833,0.055555556,0.23570226,0.055555556,0.23570226
12_08_04.bmp,2.1666666666666665,0.444444444,0.511309993,0.611111111,0.501631326,0.0,0.0,0.0,0.0,0.0,0.0,0.055555556,0.23570226,0.166666667,0.383482494
35_19_02.bmp,2.611111111111111,0.166666667,0.383482494,0.722222222,0.460888599,0.222222222,0.427792632,0.0,0.0,0.055555556,0.23570226,0.0,0.0,0.055555556,0.23570226
0788.jpg,3.4444444444444446,0.166666667,0.383482494,0.444444444,0.511309993,0.055555556,0.23570226,0.0,0.0,0.222222222,0.427792632,0.0,0.0,0.111111111,0.323380833
01_10_03.bmp,2.611111111111111,0.777777778,0.427792632,0.5,0.514495755,0.111111111,0.323380833,0.0,0.0,0.0,0.0,0.0,0.0,0.055555556,0.23570226
03_19_03.bmp,3.388888888888889,0.222222222,0.427792632,0.222222222,0.427792632,0.166666667,0.383482494,0.055555556,0.23570226,0.111111111,0.323380833,0.0,0.0,0.111111111,0.323380833
0398.jpg,3.111111111111111,0.222222222,0.427792632,0.666666667,0.48507125,0.055555556,0.23570226,0.111111111,0.323380833,0.0,0.0,0.0,0.0,0.055555556,0.23570226
04_20_01.bmp,2.555555555555556,0.333333333,0.48507125,0.666666667,0.48507125,0.111111111,0.323380833,0.166666667,0.383482494,0.277777778,0.460888599,0.0,0.0,0.0,0.0
13_14_05.bmp,2.2222222222222223,0.055555556,0.23570226,0.166666667,0.383482494,0.055555556,0.23570226,0.777777778,0.427792632,0.222222222,0.427792632,0.055555556,0.23570226,0.111111111,0.323380833
0749.jpg,3.7222222222222223,0.0,0.0,0.333333333,0.48507125,0.0,0.0,0.055555556,0.23570226,0.055555556,0.23570226,0.055555556,0.23570226,0.055555556,0.23570226
21_01_05.bmp,1.7222222222222223,0.0,0.0,1.0,0.0,0.111111111,0.323380833,0.0,0.0,0.0,0.0,0.0,0.0,0.0,0.0
18_23_03.bmp,2.6666666666666665,0.111111111,0.323380833,0.166666667,0.383482494,0.0,0.0,0.777777778,0.427792632,0.0,0.0,0.055555556,0.23570226,0.166666667,0.383482494
0508.jpg,2.9444444444444446,0.055555556,0.23570226,0.388888889,0.501631326,0.055555556,0.23570226,0.555555556,0.511309993,0.666666667,0.48507125,0.0,0.0,0.055555556,0.23570226
30_05_01.bmp,3.4444444444444446,0.166666667,0.383482494,0.277777778,0.460888599,0.0,0.0,0.0,0.0,0.333333333,0.48507125,0.055555556,0.23570226,0.0,0.0
03_17_03.bmp,2.7777777777777777,0.055555556,0.23570226,0.444444444,0.511309993,0.0,0.0,0.111111111,0.323380833,0.277777778,0.460888599,0.166666667,0.383482494,0.277777778,0.460888599
17_25_01.bmp,3.2777777777777777,0.055555556,0.23570226,0.055555556,0.23570226,0.055555556,0.23570226,0.055555556,0.23570226,0.166666667,0.383482494,0.055555556,0.23570226,0.777777778,0.427792632
06_06_04.bmp,2.2222222222222223,0.555555556,0.511309993,0.166666667,0.383482494,0.277777778,0.460888599,0.055555556,0.23570226,0.0,0.0,0.222222222,0.427792632,0.055555556,0.23570226
01383.jpg,3.611111111111111,0.055555556,0.23570226,0.777777778,0.427792632,0.055555556,0.23570226,0.0,0.0,0.0,0.0,0.0,0.0,0.055555556,0.23570226
24_03_01.bmp,3.611111111111111,0.111111111,0.323380833,0.444444444,0.511309993,0.111111111,0.323380833,0.0,0.0,0.055555556,0.23570226,0.0,0.0,0.0,0.0
0603.jpg,3.555555555555556,0.111111111,0.323380833,0.5,0.514495755,0.0,0.0,0.0,0.0,0.222222222,0.427792632,0.055555556,0.23570226,0.055555556,0.23570226
14_07_02.bmp,2.4444444444444446,0.166666667,0.383482494,0.777777778,0.427792632,0.111111111,0.323380833,0.0,0.0,0.0,0.0,0.166666667,0.383482494,0.055555556,0.23570226
14_08_05.bmp,1.6111111111111112,0.222222222,0.427792632,0.888888889,0.323380833,0.0,0.0,0.055555556,0.23570226,0.0,0.0,0.111111111,0.323380833,0.111111111,0.323380833
35_08_03.bmp,2.2222222222222223,0.055555556,0.23570226,0.777777778,0.427792632,0.055555556,0.23570226,0.0,0.0,0.0,0.0,0.055555556,0.23570226,0.111111111,0.323380833
16_13_04.bmp,2.833333333333333,0.0,0.0,0.111111111,0.323380833,0.833333333,0.383482494,0.055555556,0.23570226,0.333333333,0.48507125,0.333333333,0.48507125,0.0,0.0
0414.jpg,2.9444444444444446,0.055555556,0.23570226,0.777777778,0.427792632,0.0,0.0,0.111111111,0.323380833,0.0,0.0,0.0,0.0,0.055555556,0.23570226
02_18_04.bmp,2.4444444444444446,0.166666667,0.383482494,0.666666667,0.48507125,0.055555556,0.23570226,0.055555556,0.23570226,0.611111111,0.501631326,0.055555556,0.23570226,0.0,0.0
0352.jpg,2.7222222222222223,0.111111111,0.323380833,0.888888889,0.323380833,0.0,0.0,0.111111111,0.323380833,0.055555556,0.23570226,0.0,0.0,0.0,0.0
01_07_01.bmp,3.111111111111111,0.166666667,0.383482494,0.666666667,0.48507125,0.166666667,0.383482494,0.055555556,0.23570226,0.0,0.0,0.0,0.0,0.055555556,0.23570226
01304.jpg,3.1666666666666665,0.444444444,0.511309993,0.388888889,0.501631326,0.055555556,0.23570226,0.166666667,0.383482494,0.277777778,0.460888599,0.0,0.0,0.0,0.0
11_06_02.bmp,2.611111111111111,0.222222222,0.427792632,0.444444444,0.511309993,0.166666667,0.383482494,0.111111111,0.323380833,0.222222222,0.427792632,0.111111111,0.323380833,0.055555556,0.23570226
0320.jpg,2.333333333333333,0.111111111,0.323380833,0.888888889,0.323380833,0.0,0.0,0.111111111,0.323380833,0.111111111,0.323380833,0.055555556,0.23570226,0.0,0.0
08_06_02.bmp,3.6666666666666665,0.277777778,0.460888599,0.111111111,0.323380833,0.166666667,0.383482494,0.055555556,0.23570226,0.166666667,0.383482494,0.111111111,0.323380833,0.0,0.0
0317.jpg,2.5,0.111111111,0.323380833,0.833333333,0.383482494,0.0,0.0,0.166666667,0.383482494,0.111111111,0.323380833,0.055555556,0.23570226,0.055555556,0.23570226
12_03_02.bmp,3.111111111111111,0.111111111,0.323380833,0.722222222,0.460888599,0.055555556,0.23570226,0.055555556,0.23570226,0.055555556,0.23570226,0.0,0.0,0.055555556,0.23570226
28_12_05.bmp,2.055555555555556,0.722222222,0.460888599,0.444444444,0.511309993,0.111111111,0.323380833,0.0,0.0,0.222222222,0.427792632,0.0,0.0,0.055555556,0.23570226
01183.jpg,2.388888888888889,0.333333333,0.48507125,0.833333333,0.383482494,0.0,0.0,0.055555556,0.23570226,0.444444444,0.511309993,0.0,0.0,0.0,0.0
23_25_03.bmp,2.1666666666666665,0.055555556,0.23570226,0.055555556,0.23570226,0.0,0.0,0.055555556,0.23570226,0.111111111,0.323380833,0.0,0.0,0.888888889,0.323380833
27_20_02.bmp,2.555555555555556,0.388888889,0.501631326,0.333333333,0.48507125,0.222222222,0.427792632,0.166666667,0.383482494,0.388888889,0.501631326,0.055555556,0.23570226,0.0,0.0
05_10_03.bmp,2.2777777777777777,0.722222222,0.460888599,0.388888889,0.501631326,0.111111111,0.323380833,0.0,0.0,0.055555556,0.23570226,0.055555556,0.23570226,0.055555556,0.23570226
26_20_04.bmp,3.2222222222222223,0.166666667,0.383482494,0.388888889,0.501631326,0.166666667,0.383482494,0.0,0.0,0.055555556,0.23570226,0.055555556,0.23570226,0.055555556,0.23570226
07_20_02.bmp,2.2222222222222223,0.611111111,0.501631326,0.333333333,0.48507125,0.166666667,0.383482494,0.055555556,0.23570226,0.166666667,0.383482494,0.055555556,0.23570226,0.111111111,0.323380833
35_24_04.bmp,1.3888888888888888,0.0,0.0,0.888888889,0.323380833,0.111111111,0.323380833,0.0,0.0,0.0,0.0,0.0,0.0,0.0,0.0
01268.jpg,3.4444444444444446,0.055555556,0.23570226,0.611111111,0.501631326,0.0,0.0,0.111111111,0.323380833,0.5,0.514495755,0.0,0.0,0.111111111,0.323380833
30_19_05.bmp,2.388888888888889,0.166666667,0.383482494,0.166666667,0.383482494,0.722222222,0.460888599,0.0,0.0,0.166666667,0.383482494,0.0,0.0,0.055555556,0.23570226
14_11_01.bmp,3.333333333333333,0.5,0.514495755,0.333333333,0.48507125,0.055555556,0.23570226,0.055555556,0.23570226,0.055555556,0.23570226,0.055555556,0.23570226,0.055555556,0.23570226
27_02_03.bmp,2.2777777777777777,0.0,0.0,0.777777778,0.427792632,0.0,0.0,0.111111111,0.323380833,0.5,0.514495755,0.0,0.0,0.0,0.0
25_05_01.bmp,2.9444444444444446,0.166666667,0.383482494,0.555555556,0.511309993,0.111111111,0.323380833,0.0,0.0,0.111111111,0.323380833,0.0,0.0,0.111111111,0.323380833
36_16_01.bmp,3.055555555555556,0.111111111,0.323380833,0.555555556,0.511309993,0.222222222,0.427792632,0.111111111,0.323380833,0.0,0.0,0.055555556,0.23570226,0.111111111,0.323380833
04_06_01.bmp,3.1666666666666665,0.166666667,0.383482494,0.555555556,0.511309993,0.166666667,0.383482494,0.0,0.0,0.222222222,0.427792632,0.166666667,0.383482494,0.111111111,0.323380833
0975.jpg,3.055555555555556,0.0,0.0,0.388888889,0.501631326,0.055555556,0.23570226,0.611111111,0.501631326,0.277777778,0.460888599,0.0,0.0,0.055555556,0.23570226
02_05_03.bmp,2.4444444444444446,0.333333333,0.48507125,0.555555556,0.511309993,0.111111111,0.323380833,0.0,0.0,0.666666667,0.48507125,0.0,0.0,0.0,0.0
27_10_05.bmp,2.1666666666666665,0.666666667,0.48507125,0.333333333,0.48507125,0.0,0.0,0.055555556,0.23570226,0.444444444,0.511309993,0.111111111,0.323380833,0.055555556,0.23570226
17_10_01.bmp,3.4444444444444446,0.5,0.514495755,0.333333333,0.48507125,0.0,0.0,0.0,0.0,0.166666667,0.383482494,0.166666667,0.383482494,0.0,0.0
10_21_01.bmp,2.4444444444444446,0.166666667,0.383482494,0.166666667,0.383482494,0.722222222,0.460888599,0.111111111,0.323380833,0.166666667,0.383482494,0.444444444,0.511309993,0.0,0.0
34_12_05.bmp,1.9444444444444444,0.777777778,0.427792632,0.388888889,0.501631326,0.111111111,0.323380833,0.055555556,0.23570226,0.055555556,0.23570226,0.055555556,0.23570226,0.055555556,0.23570226
26_04_01.bmp,3.9444444444444446,0.055555556,0.23570226,0.222222222,0.427792632,0.111111111,0.323380833,0.0,0.0,0.055555556,0.23570226,0.0,0.0,0.111111111,0.323380833
33_13_03.bmp,3.2222222222222223,0.055555556,0.23570226,0.333333333,0.48507125,0.222222222,0.427792632,0.055555556,0.23570226,0.5,0.514495755,0.0,0.0,0.0,0.0
0315.jpg,2.555555555555556,0.055555556,0.23570226,0.833333333,0.383482494,0.111111111,0.323380833,0.111111111,0.323380833,0.055555556,0.23570226,0.055555556,0.23570226,0.0,0.0
09_12_01.bmp,3.0,0.222222222,0.427792632,0.5,0.514495755,0.111111111,0.323380833,0.0,0.0,0.166666667,0.383482494,0.055555556,0.23570226,0.0,0.0
07_02_02.bmp,2.611111111111111,0.055555556,0.23570226,0.888888889,0.323380833,0.166666667,0.383482494,0.0,0.0,0.111111111,0.323380833,0.0,0.0,0.055555556,0.23570226
35_06_03.bmp,1.8888888888888888,0.333333333,0.48507125,0.555555556,0.511309993,0.277777778,0.460888599,0.0,0.0,0.0,0.0,0.222222222,0.427792632,0.111111111,0.323380833
23_14_03.bmp,2.611111111111111,0.055555556,0.23570226,0.277777778,0.460888599,0.055555556,0.23570226,0.666666667,0.48507125,0.222222222,0.427792632,0.111111111,0.323380833,0.0,0.0
03_11_01.bmp,3.5,0.444444444,0.511309993,0.111111111,0.323380833,0.055555556,0.23570226,0.0,0.0,0.055555556,0.23570226,0.0,0.0,0.055555556,0.23570226
27_07_04.bmp,1.8333333333333333,0.111111111,0.323380833,0.833333333,0.383482494,0.055555556,0.23570226,0.055555556,0.23570226,0.222222222,0.427792632,0.111111111,0.323380833,0.0,0.0
08_01_04.bmp,2.888888888888889,0.055555556,0.23570226,0.888888889,0.323380833,0.0,0.0,0.0,0.0,0.166666667,0.383482494,0.0,0.0,0.0,0.0
35_25_05.bmp,1.9444444444444444,0.111111111,0.323380833,0.388888889,0.501631326,0.055555556,0.23570226,0.0,0.0,0.0,0.0,0.0,0.0,0.944444444,0.23570226
06_10_04.bmp,2.611111111111111,0.777777778,0.427792632,0.166666667,0.383482494,0.111111111,0.323380833,0.0,0.0,0.055555556,0.23570226,0.111111111,0.323380833,0.055555556,0.23570226
11_22_02.bmp,2.555555555555556,0.277777778,0.460888599,0.611111111,0.501631326,0.055555556,0.23570226,0.0,0.0,0.277777778,0.460888599,0.055555556,0.23570226,0.0,0.0
0026.jpg,2.388888888888889,0.055555556,0.23570226,0.444444444,0.511309993,0.944444444,0.23570226,0.0,0.0,0.0,0.0,0.0,0.0,0.055555556,0.23570226
34_22_04.bmp,1.7222222222222223,0.166666667,0.383482494,0.833333333,0.383482494,0.166666667,0.383482494,0.0,0.0,0.0,0.0,0.055555556,0.23570226,0.055555556,0.23570226
0822.jpg,3.4444444444444446,0.0,0.0,0.555555556,0.511309993,0.0,0.0,0.055555556,0.23570226,0.111111111,0.323380833,0.0,0.0,0.222222222,0.427792632
32_22_03.bmp,2.333333333333333,0.111111111,0.323380833,0.777777778,0.427792632,0.055555556,0.23570226,0.055555556,0.23570226,0.388888889,0.501631326,0.055555556,0.23570226,0.0,0.0
0422.jpg,3.2777777777777777,0.166666667,0.383482494,0.555555556,0.511309993,0.0,0.0,0.055555556,0.23570226,0.055555556,0.23570226,0.055555556,0.23570226,0.055555556,0.23570226
0093.jpg,2.2777777777777777,0.055555556,0.23570226,0.611111111,0.501631326,0.944444444,0.23570226,0.0,0.0,0.055555556,0.23570226,0.0,0.0,0.0,0.0
22_13_03.bmp,3.111111111111111,0.055555556,0.23570226,0.277777778,0.460888599,0.555555556,0.511309993,0.0,0.0,0.111111111,0.323380833,0.166666667,0.383482494,0.0,0.0
22_17_02.bmp,2.9444444444444446,0.111111111,0.323380833,0.555555556,0.511309993,0.055555556,0.23570226,0.055555556,0.23570226,0.111111111,0.323380833,0.166666667,0.383482494,0.166666667,0.383482494
08_02_05.bmp,1.8333333333333333,0.0,0.0,1.0,0.0,0.0,0.0,0.0,0.0,0.111111111,0.323380833,0.0,0.0,0.0,0.0
0776.jpg,3.555555555555556,0.0,0.0,0.444444444,0.511309993,0.055555556,0.23570226,0.0,0.0,0.111111111,0.323380833,0.055555556,0.23570226,0.055555556,0.23570226
20_05_02.bmp,3.055555555555556,0.166666667,0.383482494,0.555555556,0.511309993,0.055555556,0.23570226,0.055555556,0.23570226,0.166666667,0.383482494,0.111111111,0.323380833,0.0,0.0
12_02_04.bmp,1.7222222222222223,0.111111111,0.323380833,0.944444444,0.23570226,0.055555556,0.23570226,0.0,0.0,0.0,0.0,0.055555556,0.23570226,0.0,0.0
05_02_05.bmp,1.2222222222222223,0.111111111,0.323380833,0.944444444,0.23570226,0.055555556,0.23570226,0.0,0.0,0.0,0.0,0.111111111,0.323380833,0.0,0.0
36_17_04.bmp,2.2777777777777777,0.055555556,0.23570226,0.555555556,0.511309993,0.166666667,0.383482494,0.0,0.0,0.277777778,0.460888599,0.222222222,0.427792632,0.166666667,0.383482494
01_02_03.bmp,1.7777777777777777,0.055555556,0.23570226,0.944444444,0.23570226,0.166666667,0.383482494,0.055555556,0.23570226,0.0,0.0,0.055555556,0.23570226,0.055555556,0.23570226
04_06_04.bmp,2.111111111111111,0.388888889,0.501631326,0.666666667,0.48507125,0.222222222,0.427792632,0.0,0.0,0.111111111,0.323380833,0.277777778,0.460888599,0.055555556,0.23570226
17_21_01.bmp,1.9444444444444444,0.055555556,0.23570226,0.277777778,0.460888599,0.833333333,0.383482494,0.055555556,0.23570226,0.166666667,0.383482494,0.0,0.0,0.055555556,0.23570226
15_19_04.bmp,2.555555555555556,0.222222222,0.427792632,0.222222222,0.427792632,0.777777778,0.427792632,0.055555556,0.23570226,0.222222222,0.427792632,0.0,0.0,0.0,0.0
28_12_04.bmp,2.2222222222222223,0.722222222,0.460888599,0.388888889,0.501631326,0.111111111,0.323380833,0.0,0.0,0.222222222,0.427792632,0.111111111,0.323380833,0.0,0.0
14_10_01.bmp,3.2222222222222223,0.444444444,0.511309993,0.444444444,0.511309993,0.055555556,0.23570226,0.0,0.0,0.0,0.0,0.055555556,0.23570226,0.111111111,0.323380833
15_11_01.bmp,3.333333333333333,0.5,0.514495755,0.222222222,0.427792632,0.0,0.0,0.0,0.0,0.277777778,0.460888599,0.0,0.0,0.055555556,0.23570226
08_17_04.bmp,2.4444444444444446,0.111111111,0.323380833,0.444444444,0.511309993,0.055555556,0.23570226,0.055555556,0.23570226,0.166666667,0.383482494,0.111111111,0.323380833,0.333333333,0.48507125
10_20_01.bmp,2.555555555555556,0.388888889,0.501631326,0.333333333,0.48507125,0.388888889,0.501631326,0.055555556,0.23570226,0.222222222,0.427792632,0.111111111,0.323380833,0.055555556,0.23570226
01424.jpg,4.111111111111111,0.111111111,0.323380833,0.388888889,0.501631326,0.166666667,0.383482494,0.0,0.0,0.0,0.0,0.0,0.0,0.055555556,0.23570226
32_03_05.bmp,1.9444444444444444,0.055555556,0.23570226,0.777777778,0.427792632,0.166666667,0.383482494,0.055555556,0.23570226,0.444444444,0.511309993,0.055555556,0.23570226,0.055555556,0.23570226
31_03_04.bmp,2.333333333333333,0.055555556,0.23570226,0.833333333,0.383482494,0.0,0.0,0.0,0.0,0.222222222,0.427792632,0.0,0.0,0.055555556,0.23570226
29_16_04.bmp,2.4444444444444446,0.222222222,0.427792632,0.888888889,0.323380833,0.0,0.0,0.0,0.0,0.055555556,0.23570226,0.055555556,0.23570226,0.0,0.0
03_18_04.bmp,2.9444444444444446,0.277777778,0.460888599,0.5,0.514495755,0.0,0.0,0.055555556,0.23570226,0.166666667,0.383482494,0.055555556,0.23570226,0.055555556,0.23570226
0503.jpg,2.611111111111111,0.166666667,0.383482494,0.388888889,0.501631326,0.0,0.0,0.555555556,0.511309993,0.722222222,0.460888599,0.0,0.0,0.111111111,0.323380833
20_21_05.bmp,1.7777777777777777,0.166666667,0.383482494,0.222222222,0.427792632,0.055555556,0.23570226,0.611111111,0.501631326,0.166666667,0.383482494,0.055555556,0.23570226,0.0,0.0
16_23_03.bmp,2.7222222222222223,0.111111111,0.323380833,0.111111111,0.323380833,0.0,0.0,0.722222222,0.460888599,0.277777778,0.460888599,0.277777778,0.460888599,0.111111111,0.323380833
10_05_04.bmp,1.9444444444444444,0.388888889,0.501631326,0.777777778,0.427792632,0.0,0.0,0.055555556,0.23570226,0.277777778,0.460888599,0.222222222,0.427792632,0.0,0.0
13_25_05.bmp,2.055555555555556,0.0,0.0,0.055555556,0.23570226,0.111111111,0.323380833,0.0,0.0,0.055555556,0.23570226,0.055555556,0.23570226,0.944444444,0.23570226
32_08_02.bmp,2.7222222222222223,0.0,0.0,0.666666667,0.48507125,0.055555556,0.23570226,0.055555556,0.23570226,0.5,0.514495755,0.055555556,0.23570226,0.0,0.0
28_07_01.bmp,3.055555555555556,0.222222222,0.427792632,0.555555556,0.511309993,0.166666667,0.383482494,0.0,0.0,0.222222222,0.427792632,0.0,0.0,0.0,0.0
0574.jpg,3.1666666666666665,0.111111111,0.323380833,0.277777778,0.460888599,0.0,0.0,0.055555556,0.23570226,0.555555556,0.511309993,0.055555556,0.23570226,0.111111111,0.323380833
0237.jpg,2.2777777777777777,0.222222222,0.427792632,0.333333333,0.48507125,0.055555556,0.23570226,0.722222222,0.460888599,0.111111111,0.323380833,0.0,0.0,0.0,0.0
07_04_05.bmp,2.555555555555556,0.388888889,0.501631326,0.388888889,0.501631326,0.277777778,0.460888599,0.0,0.0,0.055555556,0.23570226,0.166666667,0.383482494,0.055555556,0.23570226
01_23_02.bmp,3.0,0.111111111,0.323380833,0.444444444,0.511309993,0.111111111,0.323380833,0.888888889,0.323380833,0.0,0.0,0.111111111,0.323380833,0.111111111,0.323380833
36_10_04.bmp,2.333333333333333,0.777777778,0.427792632,0.444444444,0.511309993,0.111111111,0.323380833,0.0,0.0,0.055555556,0.23570226,0.055555556,0.23570226,0.111111111,0.323380833
0491.jpg,3.4444444444444446,0.055555556,0.23570226,0.333333333,0.48507125,0.055555556,0.23570226,0.055555556,0.23570226,0.722222222,0.460888599,0.055555556,0.23570226,0.055555556,0.23570226
12_06_04.bmp,2.1666666666666665,0.388888889,0.501631326,0.222222222,0.427792632,0.277777778,0.460888599,0.111111111,0.323380833,0.0,0.0,0.222222222,0.427792632,0.055555556,0.23570226
30_17_05.bmp,2.2777777777777777,0.111111111,0.323380833,0.444444444,0.511309993,0.055555556,0.23570226,0.0,0.0,0.333333333,0.48507125,0.111111111,0.323380833,0.166666667,0.383482494
19_23_03.bmp,2.6666666666666665,0.055555556,0.23570226,0.055555556,0.23570226,0.0,0.0,0.722222222,0.460888599,0.111111111,0.323380833,0.111111111,0.323380833,0.111111111,0.323380833
18_12_01.bmp,3.333333333333333,0.333333333,0.48507125,0.555555556,0.511309993,0.166666667,0.383482494,0.0,0.0,0.0,0.0,0.0,0.0,0.055555556,0.23570226
01296.jpg,2.4444444444444446,0.277777778,0.460888599,0.833333333,0.383482494,0.166666667,0.383482494,0.055555556,0.23570226,0.111111111,0.323380833,0.0,0.0,0.055555556,0.23570226
24_12_02.bmp,3.111111111111111,0.444444444,0.511309993,0.5,0.514495755,0.111111111,0.323380833,0.0,0.0,0.0,0.0,0.0,0.0,0.0,0.0
01185.jpg,3.8333333333333335,0.166666667,0.383482494,0.388888889,0.501631326,0.0,0.0,0.166666667,0.383482494,0.111111111,0.323380833,0.111111111,0.323380833,0.055555556,0.23570226
03_08_03.bmp,3.333333333333333,0.333333333,0.48507125,0.5,0.514495755,0.055555556,0.23570226,0.0,0.0,0.111111111,0.323380833,0.0,0.0,0.055555556,0.23570226
01_05_01.bmp,2.7777777777777777,0.111111111,0.323380833,0.611111111,0.501631326,0.111111111,0.323380833,0.055555556,0.23570226,0.055555556,0.23570226,0.0,0.0,0.055555556,0.23570226
35_03_01.bmp,3.055555555555556,0.222222222,0.427792632,0.555555556,0.511309993,0.0,0.0,0.055555556,0.23570226,0.0,0.0,0.055555556,0.23570226,0.055555556,0.23570226
0474.jpg,3.388888888888889,0.055555556,0.23570226,0.388888889,0.501631326,0.0,0.0,0.222222222,0.427792632,0.611111111,0.501631326,0.055555556,0.23570226,0.055555556,0.23570226
0379.jpg,2.4444444444444446,0.166666667,0.383482494,0.833333333,0.383482494,0.0,0.0,0.055555556,0.23570226,0.055555556,0.23570226,0.055555556,0.23570226,0.055555556,0.23570226
01_16_04.bmp,1.8333333333333333,0.388888889,0.501631326,0.833333333,0.383482494,0.0,0.0,0.111111111,0.323380833,0.055555556,0.23570226,0.0,0.0,0.111111111,0.323380833
23_21_03.bmp,2.611111111111111,0.055555556,0.23570226,0.388888889,0.501631326,0.611111111,0.501631326,0.055555556,0.23570226,0.055555556,0.23570226,0.055555556,0.23570226,0.0,0.0
05_05_04.bmp,1.7777777777777777,0.444444444,0.511309993,0.444444444,0.511309993,0.055555556,0.23570226,0.055555556,0.23570226,0.0,0.0,0.111111111,0.323380833,0.055555556,0.23570226
32_08_03.bmp,2.4444444444444446,0.222222222,0.427792632,0.666666667,0.48507125,0.055555556,0.23570226,0.166666667,0.383482494,0.444444444,0.511309993,0.055555556,0.23570226,0.0,0.0
36_17_03.bmp,2.611111111111111,0.111111111,0.323380833,0.611111111,0.501631326,0.166666667,0.383482494,0.0,0.0,0.166666667,0.383482494,0.166666667,0.383482494,0.222222222,0.427792632
0303.jpg,2.7222222222222223,0.166666667,0.383482494,0.222222222,0.427792632,0.055555556,0.23570226,0.833333333,0.383482494,0.111111111,0.323380833,0.0,0.0,0.055555556,0.23570226
21_05_02.bmp,2.833333333333333,0.222222222,0.427792632,0.722222222,0.460888599,0.0,0.0,0.055555556,0.23570226,0.055555556,0.23570226,0.055555556,0.23570226,0.055555556,0.23570226
35_24_02.bmp,2.2777777777777777,0.055555556,0.23570226,0.833333333,0.383482494,0.166666667,0.383482494,0.055555556,0.23570226,0.055555556,0.23570226,0.0,0.0,0.0,0.0
10_07_05.bmp,1.4444444444444444,0.111111111,0.323380833,0.888888889,0.323380833,0.0,0.0,0.0,0.0,0.166666667,0.383482494,0.111111111,0.323380833,0.0,0.0
1114.jpg,1.4444444444444444,0.0,0.0,0.666666667,0.48507125,0.0,0.0,0.777777778,0.427792632,0.111111111,0.323380833,0.055555556,0.23570226,0.0,0.0
27_02_04.bmp,1.7222222222222223,0.055555556,0.23570226,0.888888889,0.323380833,0.055555556,0.23570226,0.0,0.0,0.388888889,0.501631326,0.0,0.0,0.0,0.0
01184.jpg,3.8333333333333335,0.277777778,0.460888599,0.055555556,0.23570226,0.055555556,0.23570226,0.388888889,0.501631326,0.277777778,0.460888599,0.0,0.0,0.0,0.0
01397.jpg,3.1666666666666665,0.0,0.0,0.833333333,0.383482494,0.111111111,0.323380833,0.055555556,0.23570226,0.0,0.0,0.055555556,0.23570226,0.0,0.0
04_03_01.bmp,3.111111111111111,0.111111111,0.323380833,0.722222222,0.460888599,0.055555556,0.23570226,0.055555556,0.23570226,0.166666667,0.383482494,0.0,0.0,0.0,0.0
01200.jpg,2.7777777777777777,0.166666667,0.383482494,0.555555556,0.511309993,0.0,0.0,0.0,0.0,0.111111111,0.323380833,0.777777778,0.427792632,0.277777778,0.460888599
36_17_02.bmp,2.7222222222222223,0.055555556,0.23570226,0.666666667,0.48507125,0.222222222,0.427792632,0.0,0.0,0.166666667,0.383482494,0.111111111,0.323380833,0.222222222,0.427792632
18_17_03.bmp,2.7222222222222223,0.166666667,0.383482494,0.5,0.514495755,0.055555556,0.23570226,0.0,0.0,0.111111111,0.323380833,0.166666667,0.383482494,0.277777778,0.460888599
13_16_05.bmp,1.7777777777777777,0.222222222,0.427792632,0.777777778,0.427792632,0.055555556,0.23570226,0.0,0.0,0.111111111,0.323380833,0.0,0.0,0.0,0.0
1013.jpg,3.5,0.055555556,0.23570226,0.277777778,0.460888599,0.0,0.0,0.333333333,0.48507125,0.166666667,0.383482494,0.055555556,0.23570226,0.111111111,0.323380833
08_23_04.bmp,2.7777777777777777,0.166666667,0.383482494,0.111111111,0.323380833,0.055555556,0.23570226,0.777777778,0.427792632,0.111111111,0.323380833,0.0,0.0,0.111111111,0.323380833
0745.jpg,2.9444444444444446,0.111111111,0.323380833,0.666666667,0.48507125,0.055555556,0.23570226,0.0,0.0,0.0,0.0,0.111111111,0.323380833,0.055555556,0.23570226
01227.jpg,4.555555555555555,0.111111111,0.323380833,0.055555556,0.23570226,0.0,0.0,0.055555556,0.23570226,0.111111111,0.323380833,0.111111111,0.323380833,0.111111111,0.323380833
19_01_03.bmp,2.7777777777777777,0.0,0.0,0.722222222,0.460888599,0.055555556,0.23570226,0.0,0.0,0.055555556,0.23570226,0.111111111,0.323380833,0.055555556,0.23570226
0630.jpg,3.2222222222222223,0.111111111,0.323380833,0.5,0.514495755,0.0,0.0,0.166666667,0.383482494,0.055555556,0.23570226,0.111111111,0.323380833,0.055555556,0.23570226
01_24_03.bmp,1.9444444444444444,0.111111111,0.323380833,0.888888889,0.323380833,0.166666667,0.383482494,0.0,0.0,0.0,0.0,0.0,0.0,0.111111111,0.323380833
02_19_03.bmp,2.555555555555556,0.333333333,0.48507125,0.277777778,0.460888599,0.333333333,0.48507125,0.0,0.0,0.388888889,0.501631326,0.0,0.0,0.111111111,0.323380833
09_01_02.bmp,3.5,0.166666667,0.383482494,0.555555556,0.511309993,0.222222222,0.427792632,0.055555556,0.23570226,0.111111111,0.323380833,0.111111111,0.323380833,0.0,0.0
26_18_01.bmp,3.2222222222222223,0.111111111,0.323380833,0.5,0.514495755,0.222222222,0.427792632,0.0,0.0,0.055555556,0.23570226,0.055555556,0.23570226,0.166666667,0.383482494
0020.jpg,2.055555555555556,0.055555556,0.23570226,0.5,0.514495755,0.833333333,0.383482494,0.0,0.0,0.333333333,0.48507125,0.111111111,0.323380833,0.055555556,0.23570226
0180.jpg,2.833333333333333,0.055555556,0.23570226,0.388888889,0.501631326,0.777777778,0.427792632,0.0,0.0,0.0,0.0,0.0,0.0,0.0,0.0
34_06_03.bmp,2.2222222222222223,0.333333333,0.48507125,0.388888889,0.501631326,0.277777778,0.460888599,0.111111111,0.323380833,0.0,0.0,0.166666667,0.383482494,0.111111111,0.323380833
18_13_03.bmp,2.9444444444444446,0.055555556,0.23570226,0.5,0.514495755,0.388888889,0.501631326,0.0,0.0,0.0,0.0,0.055555556,0.23570226,0.055555556,0.23570226
27_16_05.bmp,1.6666666666666667,0.277777778,0.460888599,0.944444444,0.23570226,0.055555556,0.23570226,0.0,0.0,0.277777778,0.460888599,0.0,0.0,0.0,0.0
25_14_04.bmp,2.388888888888889,0.055555556,0.23570226,0.333333333,0.48507125,0.055555556,0.23570226,0.722222222,0.460888599,0.111111111,0.323380833,0.055555556,0.23570226,0.055555556,0.23570226
1086.jpg,2.5,0.055555556,0.23570226,0.111111111,0.323380833,0.055555556,0.23570226,0.0,0.0,0.388888889,0.501631326,0.833333333,0.383482494,0.222222222,0.427792632
25_11_05.bmp,1.9444444444444444,0.777777778,0.427792632,0.166666667,0.383482494,0.055555556,0.23570226,0.0,0.0,0.222222222,0.427792632,0.055555556,0.23570226,0.0,0.0
28_25_01.bmp,2.888888888888889,0.055555556,0.23570226,0.111111111,0.323380833,0.055555556,0.23570226,0.0,0.0,0.222222222,0.427792632,0.055555556,0.23570226,0.944444444,0.23570226
01_09_03.bmp,2.555555555555556,0.666666667,0.48507125,0.444444444,0.511309993,0.166666667,0.383482494,0.055555556,0.23570226,0.0,0.0,0.0,0.0,0.055555556,0.23570226
08_13_04.bmp,3.4444444444444446,0.111111111,0.323380833,0.0,0.0,0.777777778,0.427792632,0.055555556,0.23570226,0.0,0.0,0.0,0.0,0.0,0.0
02_04_04.bmp,2.7777777777777777,0.222222222,0.427792632,0.222222222,0.427792632,0.166666667,0.383482494,0.055555556,0.23570226,0.5,0.514495755,0.111111111,0.323380833,0.055555556,0.23570226
01476.jpg,3.388888888888889,0.055555556,0.23570226,0.722222222,0.460888599,0.111111111,0.323380833,0.0,0.0,0.0,0.0,0.0,0.0,0.055555556,0.23570226
36_04_01.bmp,3.5,0.111111111,0.323380833,0.444444444,0.511309993,0.166666667,0.383482494,0.055555556,0.23570226,0.0,0.0,0.0,0.0,0.055555556,0.23570226
11_19_03.bmp,2.5,0.166666667,0.383482494,0.333333333,0.48507125,0.444444444,0.511309993,0.0,0.0,0.222222222,0.427792632,0.055555556,0.23570226,0.055555556,0.23570226
35_23_02.bmp,2.6666666666666665,0.055555556,0.23570226,0.222222222,0.427792632,0.0,0.0,0.722222222,0.460888599,0.055555556,0.23570226,0.0,0.0,0.166666667,0.383482494
24_01_02.bmp,3.388888888888889,0.055555556,0.23570226,0.444444444,0.511309993,0.166666667,0.383482494,0.0,0.0,0.0,0.0,0.0,0.0,0.0,0.0
0347.jpg,3.0,0.166666667,0.383482494,0.777777778,0.427792632,0.0,0.0,0.055555556,0.23570226,0.0,0.0,0.0,0.0,0.055555556,0.23570226
0243.jpg,1.7777777777777777,0.222222222,0.427792632,0.5,0.514495755,0.0,0.0,0.833333333,0.383482494,0.111111111,0.323380833,0.0,0.0,0.0,0.0
14_21_05.bmp,1.9444444444444444,0.166666667,0.383482494,0.222222222,0.427792632,0.166666667,0.383482494,0.611111111,0.501631326,0.055555556,0.23570226,0.055555556,0.23570226,0.0,0.0
16_16_04.bmp,2.2222222222222223,0.277777778,0.460888599,0.611111111,0.501631326,0.055555556,0.23570226,0.111111111,0.323380833,0.333333333,0.48507125,0.277777778,0.460888599,0.0,0.0
08_16_04.bmp,2.6666666666666665,0.333333333,0.48507125,0.611111111,0.501631326,0.055555556,0.23570226,0.111111111,0.323380833,0.0,0.0,0.0,0.0,0.0,0.0
07_23_05.bmp,2.055555555555556,0.111111111,0.323380833,0.333333333,0.48507125,0.0,0.0,0.833333333,0.383482494,0.0,0.0,0.055555556,0.23570226,0.0,0.0
32_10_03.bmp,2.555555555555556,0.666666667,0.48507125,0.444444444,0.511309993,0.055555556,0.23570226,0.111111111,0.323380833,0.333333333,0.48507125,0.055555556,0.23570226,0.0,0.0
15_15_02.bmp,2.4444444444444446,0.055555556,0.23570226,0.222222222,0.427792632,0.833333333,0.383482494,0.0,0.0,0.166666667,0.383482494,0.0,0.0,0.055555556,0.23570226
18_14_05.bmp,1.8333333333333333,0.166666667,0.383482494,0.166666667,0.383482494,0.111111111,0.323380833,0.777777778,0.427792632,0.0,0.0,0.0,0.0,0.0,0.0
08_19_03.bmp,3.2777777777777777,0.222222222,0.427792632,0.166666667,0.383482494,0.333333333,0.48507125,0.055555556,0.23570226,0.055555556,0.23570226,0.055555556,0.23570226,0.0,0.0
27_21_05.bmp,1.7777777777777777,0.166666667,0.383482494,0.277777778,0.460888599,0.277777778,0.460888599,0.555555556,0.511309993,0.277777778,0.460888599,0.055555556,0.23570226,0.111111111,0.323380833
25_07_03.bmp,2.388888888888889,0.111111111,0.323380833,0.777777778,0.427792632,0.111111111,0.323380833,0.055555556,0.23570226,0.111111111,0.323380833,0.0,0.0,0.055555556,0.23570226
32_05_02.bmp,2.5,0.166666667,0.383482494,0.666666667,0.48507125,0.111111111,0.323380833,0.111111111,0.323380833,0.444444444,0.511309993,0.055555556,0.23570226,0.0,0.0
21_01_04.bmp,2.111111111111111,0.0,0.0,0.944444444,0.23570226,0.055555556,0.23570226,0.0,0.0,0.0,0.0,0.0,0.0,0.0,0.0
1079.jpg,3.388888888888889,0.055555556,0.23570226,0.277777778,0.460888599,0.055555556,0.23570226,0.5,0.514495755,0.055555556,0.23570226,0.055555556,0.23570226,0.055555556,0.23570226
25_13_05.bmp,1.8333333333333333,0.055555556,0.23570226,0.166666667,0.383482494,0.888888889,0.323380833,0.0,0.0,0.111111111,0.323380833,0.0,0.0,0.0,0.0
21_21_03.bmp,2.888888888888889,0.111111111,0.323380833,0.277777778,0.460888599,0.555555556,0.511309993,0.0,0.0,0.055555556,0.23570226,0.0,0.0,0.0,0.0
13_25_01.bmp,3.388888888888889,0.0,0.0,0.055555556,0.23570226,0.055555556,0.23570226,0.0,0.0,0.166666667,0.383482494,0.055555556,0.23570226,0.888888889,0.323380833
26_17_02.bmp,3.055555555555556,0.055555556,0.23570226,0.388888889,0.501631326,0.166666667,0.383482494,0.055555556,0.23570226,0.166666667,0.383482494,0.166666667,0.383482494,0.222222222,0.427792632
13_04_02.bmp,3.7222222222222223,0.055555556,0.23570226,0.277777778,0.460888599,0.055555556,0.23570226,0.0,0.0,0.222222222,0.427792632,0.055555556,0.23570226,0.111111111,0.323380833
27_12_01.bmp,3.388888888888889,0.222222222,0.427792632,0.388888889,0.501631326,0.111111111,0.323380833,0.055555556,0.23570226,0.444444444,0.511309993,0.111111111,0.323380833,0.0,0.0
27_13_03.bmp,3.055555555555556,0.055555556,0.23570226,0.222222222,0.427792632,0.277777778,0.460888599,0.055555556,0.23570226,0.5,0.514495755,0.055555556,0.23570226,0.111111111,0.323380833
12_15_02.bmp,2.888888888888889,0.055555556,0.23570226,0.111111111,0.323380833,0.722222222,0.460888599,0.0,0.0,0.0,0.0,0.0,0.0,0.055555556,0.23570226
15_02_02.bmp,2.888888888888889,0.055555556,0.23570226,0.777777778,0.427792632,0.055555556,0.23570226,0.0,0.0,0.277777778,0.460888599,0.0,0.0,0.0,0.0
03_19_05.bmp,2.833333333333333,0.111111111,0.323380833,0.222222222,0.427792632,0.722222222,0.460888599,0.055555556,0.23570226,0.0,0.0,0.0,0.0,0.0,0.0
34_14_01.bmp,3.2777777777777777,0.111111111,0.323380833,0.444444444,0.511309993,0.277777778,0.460888599,0.055555556,0.23570226,0.0,0.0,0.0,0.0,0.055555556,0.23570226
01_02_04.bmp,1.5555555555555556,0.055555556,0.23570226,1.0,0.0,0.111111111,0.323380833,0.0,0.0,0.055555556,0.23570226,0.0,0.0,0.0,0.0
05_01_01.bmp,3.5,0.166666667,0.383482494,0.388888889,0.501631326,0.333333333,0.48507125,0.0,0.0,0.0,0.0,0.055555556,0.23570226,0.055555556,0.23570226
04_20_04.bmp,2.111111111111111,0.611111111,0.501631326,0.555555556,0.511309993,0.277777778,0.460888599,0.055555556,0.23570226,0.166666667,0.383482494,0.0,0.0,0.0,0.0
37_07_03.bmp,2.2777777777777777,0.166666667,0.383482494,0.777777778,0.427792632,0.055555556,0.23570226,0.111111111,0.323380833,0.055555556,0.23570226,0.055555556,0.23570226,0.0,0.0
13_21_04.bmp,2.888888888888889,0.111111111,0.323380833,0.333333333,0.48507125,0.111111111,0.323380833,0.333333333,0.48507125,0.111111111,0.323380833,0.0,0.0,0.055555556,0.23570226
0089.jpg,1.4444444444444444,0.0,0.0,0.666666667,0.48507125,0.944444444,0.23570226,0.055555556,0.23570226,0.0,0.0,0.0,0.0,0.0,0.0
37_23_03.bmp,2.555555555555556,0.055555556,0.23570226,0.222222222,0.427792632,0.111111111,0.323380833,0.722222222,0.460888599,0.055555556,0.23570226,0.055555556,0.23570226,0.111111111,0.323380833
35_05_05.bmp,1.5,0.333333333,0.48507125,0.833333333,0.383482494,0.111111111,0.323380833,0.0,0.0,0.0,0.0,0.055555556,0.23570226,0.055555556,0.23570226
28_24_02.bmp,2.888888888888889,0.111111111,0.323380833,0.5,0.514495755,0.111111111,0.323380833,0.055555556,0.23570226,0.166666667,0.383482494,0.0,0.0,0.0,0.0
22_24_05.bmp,1.2777777777777777,0.111111111,0.323380833,0.888888889,0.323380833,0.0,0.0,0.0,0.0,0.166666667,0.383482494,0.111111111,0.323380833,0.0,0.0
04_03_04.bmp,1.7777777777777777,0.055555556,0.23570226,0.833333333,0.383482494,0.055555556,0.23570226,0.0,0.0,0.166666667,0.383482494,0.0,0.0,0.055555556,0.23570226
10_04_04.bmp,2.388888888888889,0.333333333,0.48507125,0.277777778,0.460888599,0.055555556,0.23570226,0.166666667,0.383482494,0.333333333,0.48507125,0.388888889,0.501631326,0.111111111,0.323380833
25_06_02.bmp,2.888888888888889,0.277777778,0.460888599,0.444444444,0.511309993,0.333333333,0.48507125,0.0,0.0,0.111111111,0.323380833,0.0,0.0,0.055555556,0.23570226
01_03_05.bmp,1.7222222222222223,0.0,0.0,0.833333333,0.383482494,0.111111111,0.323380833,0.0,0.0,0.055555556,0.23570226,0.0,0.0,0.055555556,0.23570226
0485.jpg,2.888888888888889,0.055555556,0.23570226,0.444444444,0.511309993,0.0,0.0,0.222222222,0.427792632,0.722222222,0.460888599,0.055555556,0.23570226,0.111111111,0.323380833
03_06_04.bmp,2.1666666666666665,0.388888889,0.501631326,0.333333333,0.48507125,0.277777778,0.460888599,0.055555556,0.23570226,0.111111111,0.323380833,0.111111111,0.323380833,0.055555556,0.23570226
28_03_04.bmp,2.4444444444444446,0.055555556,0.23570226,0.777777778,0.427792632,0.111111111,0.323380833,0.0,0.0,0.222222222,0.427792632,0.0,0.0,0.055555556,0.23570226
1052.jpg,3.1666666666666665,0.111111111,0.323380833,0.444444444,0.511309993,0.0,0.0,0.5,0.514495755,0.111111111,0.323380833,0.055555556,0.23570226,0.055555556,0.23570226
0751.jpg,3.1666666666666665,0.055555556,0.23570226,0.5,0.514495755,0.0,0.0,0.0,0.0,0.0,0.0,0.055555556,0.23570226,0.055555556,0.23570226
0790.jpg,3.1666666666666665,0.055555556,0.23570226,0.388888889,0.501631326,0.055555556,0.23570226,0.0,0.0,0.111111111,0.323380833,0.444444444,0.511309993,0.055555556,0.23570226
31_17_04.bmp,2.111111111111111,0.055555556,0.23570226,0.611111111,0.501631326,0.0,0.0,0.055555556,0.23570226,0.333333333,0.48507125,0.166666667,0.383482494,0.222222222,0.427792632
20_12_02.bmp,2.9444444444444446,0.722222222,0.460888599,0.388888889,0.501631326,0.055555556,0.23570226,0.0,0.0,0.055555556,0.23570226,0.055555556,0.23570226,0.0,0.0
29_21_04.bmp,2.0,0.111111111,0.323380833,0.388888889,0.501631326,0.111111111,0.323380833,0.611111111,0.501631326,0.166666667,0.383482494,0.111111111,0.323380833,0.0,0.0
13_24_05.bmp,1.3333333333333333,0.055555556,0.23570226,0.944444444,0.23570226,0.055555556,0.23570226,0.0,0.0,0.111111111,0.323380833,0.055555556,0.23570226,0.0,0.0
1042.jpg,3.055555555555556,0.055555556,0.23570226,0.555555556,0.511309993,0.0,0.0,0.444444444,0.511309993,0.166666667,0.383482494,0.0,0.0,0.0,0.0
0730.jpg,3.111111111111111,0.055555556,0.23570226,0.333333333,0.48507125,0.0,0.0,0.0,0.0,0.277777778,0.460888599,0.277777778,0.460888599,0.111111111,0.323380833
0876.jpg,3.6666666666666665,0.055555556,0.23570226,0.5,0.514495755,0.0,0.0,0.055555556,0.23570226,0.111111111,0.323380833,0.055555556,0.23570226,0.0,0.0
0152.jpg,1.9444444444444444,0.055555556,0.23570226,0.388888889,0.501631326,0.833333333,0.383482494,0.0,0.0,0.277777778,0.460888599,0.055555556,0.23570226,0.0,0.0
32_20_05.bmp,1.3888888888888888,0.5,0.514495755,0.555555556,0.511309993,0.166666667,0.383482494,0.166666667,0.383482494,0.333333333,0.48507125,0.055555556,0.23570226,0.111111111,0.323380833
31_24_01.bmp,3.111111111111111,0.0,0.0,0.555555556,0.511309993,0.055555556,0.23570226,0.055555556,0.23570226,0.166666667,0.383482494,0.0,0.0,0.055555556,0.23570226
18_04_03.bmp,2.7777777777777777,0.388888889,0.501631326,0.222222222,0.427792632,0.166666667,0.383482494,0.111111111,0.323380833,0.0,0.0,0.055555556,0.23570226,0.166666667,0.383482494
27_06_01.bmp,2.9444444444444446,0.222222222,0.427792632,0.5,0.514495755,0.055555556,0.23570226,0.055555556,0.23570226,0.444444444,0.511309993,0.055555556,0.23570226,0.0,0.0
15_04_05.bmp,2.333333333333333,0.277777778,0.460888599,0.111111111,0.323380833,0.277777778,0.460888599,0.055555556,0.23570226,0.222222222,0.427792632,0.166666667,0.383482494,0.0,0.0
01451.jpg,3.9444444444444446,0.055555556,0.23570226,0.555555556,0.511309993,0.055555556,0.23570226,0.0,0.0,0.0,0.0,0.055555556,0.23570226,0.055555556,0.23570226
15_11_04.bmp,2.555555555555556,0.666666667,0.48507125,0.166666667,0.383482494,0.055555556,0.23570226,0.0,0.0,0.277777778,0.460888599,0.055555556,0.23570226,0.0,0.0
23_08_05.bmp,1.6666666666666667,0.222222222,0.427792632,0.777777778,0.427792632,0.0,0.0,0.055555556,0.23570226,0.166666667,0.383482494,0.111111111,0.323380833,0.0,0.0
05_15_02.bmp,2.1666666666666665,0.111111111,0.323380833,0.277777778,0.460888599,0.833333333,0.383482494,0.055555556,0.23570226,0.0,0.0,0.055555556,0.23570226,0.055555556,0.23570226
14_15_02.bmp,2.111111111111111,0.111111111,0.323380833,0.222222222,0.427792632,0.888888889,0.323380833,0.0,0.0,0.0,0.0,0.055555556,0.23570226,0.055555556,0.23570226
25_10_05.bmp,1.9444444444444444,0.777777778,0.427792632,0.333333333,0.48507125,0.111111111,0.323380833,0.0,0.0,0.222222222,0.427792632,0.0,0.0,0.0,0.0
35_10_01.bmp,3.0,0.5,0.514495755,0.5,0.514495755,0.055555556,0.23570226,0.055555556,0.23570226,0.0,0.0,0.0,0.0,0.055555556,0.23570226
07_13_03.bmp,2.888888888888889,0.166666667,0.383482494,0.333333333,0.48507125,0.722222222,0.460888599,0.0,0.0,0.166666667,0.383482494,0.0,0.0,0.055555556,0.23570226
01_04_03.bmp,3.1666666666666665,0.111111111,0.323380833,0.611111111,0.501631326,0.111111111,0.323380833,0.0,0.0,0.055555556,0.23570226,0.111111111,0.323380833,0.055555556,0.23570226
01417.jpg,3.611111111111111,0.111111111,0.323380833,0.611111111,0.501631326,0.055555556,0.23570226,0.055555556,0.23570226,0.0,0.0,0.0,0.0,0.055555556,0.23570226
25_11_04.bmp,2.2777777777777777,0.722222222,0.460888599,0.222222222,0.427792632,0.166666667,0.383482494,0.0,0.0,0.166666667,0.383482494,0.055555556,0.23570226,0.055555556,0.23570226
08_01_03.bmp,3.7222222222222223,0.055555556,0.23570226,0.5,0.514495755,0.111111111,0.323380833,0.055555556,0.23570226,0.055555556,0.23570226,0.055555556,0.23570226,0.0,0.0
34_01_01.bmp,3.2777777777777777,0.111111111,0.323380833,0.555555556,0.511309993,0.277777778,0.460888599,0.055555556,0.23570226,0.055555556,0.23570226,0.0,0.0,0.111111111,0.323380833
13_24_04.bmp,1.8888888888888888,0.0,0.0,0.944444444,0.23570226,0.055555556,0.23570226,0.055555556,0.23570226,0.055555556,0.23570226,0.055555556,0.23570226,0.0,0.0
30_10_02.bmp,2.9444444444444446,0.611111111,0.501631326,0.333333333,0.48507125,0.0,0.0,0.0,0.0,0.277777778,0.460888599,0.0,0.0,0.0,0.0
0107.jpg,3.111111111111111,0.0,0.0,0.333333333,0.48507125,0.833333333,0.383482494,0.0,0.0,0.111111111,0.323380833,0.055555556,0.23570226,0.0,0.0
15_02_04.bmp,1.5555555555555556,0.055555556,0.23570226,0.944444444,0.23570226,0.055555556,0.23570226,0.0,0.0,0.222222222,0.427792632,0.055555556,0.23570226,0.0,0.0
37_15_05.bmp,2.4444444444444446,0.166666667,0.383482494,0.444444444,0.511309993,0.0,0.0,0.722222222,0.460888599,0.166666667,0.383482494,0.055555556,0.23570226,0.055555556,0.23570226
28_15_04.bmp,3.055555555555556,0.055555556,0.23570226,0.388888889,0.501631326,0.0,0.0,0.222222222,0.427792632,0.222222222,0.427792632,0.055555556,0.23570226,0.0,0.0
33_08_03.bmp,2.833333333333333,0.111111111,0.323380833,0.611111111,0.501631326,0.0,0.0,0.055555556,0.23570226,0.444444444,0.511309993,0.0,0.0,0.055555556,0.23570226
1000.jpg,3.388888888888889,0.111111111,0.323380833,0.277777778,0.460888599,0.0,0.0,0.666666667,0.48507125,0.388888889,0.501631326,0.0,0.0,0.0,0.0
11_23_04.bmp,2.2777777777777777,0.055555556,0.23570226,0.277777778,0.460888599,0.0,0.0,0.833333333,0.383482494,0.222222222,0.427792632,0.111111111,0.323380833,0.0,0.0
0733.jpg,3.055555555555556,0.055555556,0.23570226,0.277777778,0.460888599,0.055555556,0.23570226,0.0,0.0,0.333333333,0.48507125,0.333333333,0.48507125,0.055555556,0.23570226
11_24_02.bmp,2.7222222222222223,0.055555556,0.23570226,0.722222222,0.460888599,0.055555556,0.23570226,0.111111111,0.323380833,0.222222222,0.427792632,0.055555556,0.23570226,0.0,0.0
02_25_02.bmp,2.7222222222222223,0.111111111,0.323380833,0.055555556,0.23570226,0.0,0.0,0.0,0.0,0.277777778,0.460888599,0.055555556,0.23570226,0.888888889,0.323380833
0195.jpg,1.9444444444444444,0.111111111,0.323380833,0.222222222,0.427792632,0.0,0.0,0.944444444,0.23570226,0.0,0.0,0.0,0.0,0.0,0.0
37_18_02.bmp,2.9444444444444446,0.111111111,0.323380833,0.777777778,0.427792632,0.055555556,0.23570226,0.0,0.0,0.111111111,0.323380833,0.055555556,0.23570226,0.055555556,0.23570226
24_04_01.bmp,3.555555555555556,0.055555556,0.23570226,0.5,0.514495755,0.111111111,0.323380833,0.0,0.0,0.0,0.0,0.0,0.0,0.055555556,0.23570226
1051.jpg,3.2777777777777777,0.0,0.0,0.555555556,0.511309993,0.055555556,0.23570226,0.5,0.514495755,0.111111111,0.323380833,0.0,0.0,0.111111111,0.323380833
17_18_01.bmp,3.0,0.0,0.0,0.777777778,0.427792632,0.0,0.0,0.055555556,0.23570226,0.166666667,0.383482494,0.166666667,0.383482494,0.0,0.0
0802.jpg,3.555555555555556,0.0,0.0,0.5,0.514495755,0.0,0.0,0.0,0.0,0.166666667,0.383482494,0.0,0.0,0.0,0.0
25_16_04.bmp,1.7222222222222223,0.166666667,0.383482494,0.777777778,0.427792632,0.055555556,0.23570226,0.0,0.0,0.166666667,0.383482494,0.0,0.0,0.055555556,0.23570226
36_11_04.bmp,2.2222222222222223,0.833333333,0.383482494,0.333333333,0.48507125,0.166666667,0.383482494,0.0,0.0,0.111111111,0.323380833,0.055555556,0.23570226,0.0,0.0
37_25_02.bmp,2.833333333333333,0.0,0.0,0.222222222,0.427792632,0.0,0.0,0.111111111,0.323380833,0.055555556,0.23570226,0.055555556,0.23570226,0.888888889,0.323380833
26_13_04.bmp,3.9444444444444446,0.055555556,0.23570226,0.166666667,0.383482494,0.111111111,0.323380833,0.055555556,0.23570226,0.055555556,0.23570226,0.0,0.0,0.0,0.0
27_07_03.bmp,2.2777777777777777,0.055555556,0.23570226,0.777777778,0.427792632,0.0,0.0,0.055555556,0.23570226,0.333333333,0.48507125,0.055555556,0.23570226,0.055555556,0.23570226
03_23_05.bmp,2.1666666666666665,0.0,0.0,0.222222222,0.427792632,0.0,0.0,0.888888889,0.323380833,0.055555556,0.23570226,0.0,0.0,0.055555556,0.23570226
03_05_04.bmp,1.9444444444444444,0.388888889,0.501631326,0.777777778,0.427792632,0.055555556,0.23570226,0.0,0.0,0.166666667,0.383482494,0.111111111,0.323380833,0.055555556,0.23570226
0427.jpg,2.555555555555556,0.055555556,0.23570226,0.777777778,0.427792632,0.0,0.0,0.055555556,0.23570226,0.055555556,0.23570226,0.055555556,0.23570226,0.0,0.0
14_18_04.bmp,2.111111111111111,0.055555556,0.23570226,0.666666667,0.48507125,0.111111111,0.323380833,0.055555556,0.23570226,0.055555556,0.23570226,0.111111111,0.323380833,0.055555556,0.23570226
12_17_04.bmp,2.5,0.111111111,0.323380833,0.555555556,0.511309993,0.055555556,0.23570226,0.0,0.0,0.166666667,0.383482494,0.111111111,0.323380833,0.222222222,0.427792632
29_18_02.bmp,3.055555555555556,0.111111111,0.323380833,0.611111111,0.501631326,0.0,0.0,0.055555556,0.23570226,0.055555556,0.23570226,0.111111111,0.323380833,0.055555556,0.23570226
01333.jpg,3.888888888888889,0.111111111,0.323380833,0.388888889,0.501631326,0.111111111,0.323380833,0.0,0.0,0.055555556,0.23570226,0.0,0.0,0.055555556,0.23570226
03_06_02.bmp,3.0,0.388888889,0.501631326,0.166666667,0.383482494,0.166666667,0.383482494,0.055555556,0.23570226,0.166666667,0.383482494,0.222222222,0.427792632,0.055555556,0.23570226
04_12_05.bmp,2.055555555555556,0.722222222,0.460888599,0.5,0.514495755,0.111111111,0.323380833,0.0,0.0,0.222222222,0.427792632,0.055555556,0.23570226,0.0,0.0
29_21_03.bmp,3.0,0.166666667,0.383482494,0.388888889,0.501631326,0.444444444,0.511309993,0.0,0.0,0.055555556,0.23570226,0.166666667,0.383482494,0.111111111,0.323380833
21_21_04.bmp,2.1666666666666665,0.111111111,0.323380833,0.5,0.514495755,0.111111111,0.323380833,0.444444444,0.511309993,0.055555556,0.23570226,0.0,0.0,0.0,0.0
22_19_03.bmp,2.833333333333333,0.166666667,0.383482494,0.5,0.514495755,0.444444444,0.511309993,0.0,0.0,0.055555556,0.23570226,0.055555556,0.23570226,0.055555556,0.23570226
01467.jpg,3.388888888888889,0.055555556,0.23570226,0.666666667,0.48507125,0.222222222,0.427792632,0.0,0.0,0.0,0.0,0.0,0.0,0.055555556,0.23570226
0440.jpg,2.833333333333333,0.0,0.0,0.722222222,0.460888599,0.055555556,0.23570226,0.166666667,0.383482494,0.111111111,0.323380833,0.222222222,0.427792632,0.055555556,0.23570226
01162.jpg,3.888888888888889,0.222222222,0.427792632,0.5,0.514495755,0.0,0.0,0.055555556,0.23570226,0.166666667,0.383482494,0.055555556,0.23570226,0.0,0.0
0706.jpg,3.4444444444444446,0.055555556,0.23570226,0.388888889,0.501631326,0.055555556,0.23570226,0.0,0.0,0.277777778,0.460888599,0.055555556,0.23570226,0.055555556,0.23570226
04_16_04.bmp,1.9444444444444444,0.277777778,0.460888599,0.833333333,0.383482494,0.055555556,0.23570226,0.0,0.0,0.222222222,0.427792632,0.055555556,0.23570226,0.0,0.0
04_09_05.bmp,2.333333333333333,0.777777778,0.427792632,0.333333333,0.48507125,0.055555556,0.23570226,0.0,0.0,0.166666667,0.383482494,0.111111111,0.323380833,0.0,0.0
32_04_03.bmp,2.2777777777777777,0.277777778,0.460888599,0.5,0.514495755,0.166666667,0.383482494,0.055555556,0.23570226,0.444444444,0.511309993,0.222222222,0.427792632,0.055555556,0.23570226
0498.jpg,2.388888888888889,0.111111111,0.323380833,0.444444444,0.511309993,0.0,0.0,0.5,0.514495755,0.666666667,0.48507125,0.055555556,0.23570226,0.0,0.0
21_22_05.bmp,1.6111111111111112,0.166666667,0.383482494,0.833333333,0.383482494,0.0,0.0,0.0,0.0,0.0,0.0,0.0,0.0,0.0,0.0
0530.jpg,3.111111111111111,0.111111111,0.323380833,0.5,0.514495755,0.0,0.0,0.111111111,0.323380833,0.833333333,0.383482494,0.055555556,0.23570226,0.0,0.0
12_18_03.bmp,2.5,0.111111111,0.323380833,0.777777778,0.427792632,0.055555556,0.23570226,0.055555556,0.23570226,0.055555556,0.23570226,0.111111111,0.323380833,0.0,0.0
29_25_04.bmp,2.111111111111111,0.055555556,0.23570226,0.111111111,0.323380833,0.055555556,0.23570226,0.0,0.0,0.111111111,0.323380833,0.055555556,0.23570226,0.888888889,0.323380833
30_24_02.bmp,3.1666666666666665,0.0,0.0,0.5,0.514495755,0.0,0.0,0.055555556,0.23570226,0.277777778,0.460888599,0.055555556,0.23570226,0.055555556,0.23570226
1010.jpg,3.6666666666666665,0.055555556,0.23570226,0.166666667,0.383482494,0.0,0.0,0.611111111,0.501631326,0.277777778,0.460888599,0.0,0.0,0.0,0.0
36_11_01.bmp,3.2777777777777777,0.388888889,0.501631326,0.444444444,0.511309993,0.222222222,0.427792632,0.0,0.0,0.055555556,0.23570226,0.0,0.0,0.055555556,0.23570226
11_12_04.bmp,2.388888888888889,0.722222222,0.460888599,0.388888889,0.501631326,0.111111111,0.323380833,0.055555556,0.23570226,0.277777778,0.460888599,0.055555556,0.23570226,0.0,0.0
28_15_01.bmp,2.388888888888889,0.055555556,0.23570226,0.222222222,0.427792632,0.888888889,0.323380833,0.055555556,0.23570226,0.166666667,0.383482494,0.055555556,0.23570226,0.0,0.0
0918.jpg,3.7777777777777777,0.111111111,0.323380833,0.5,0.514495755,0.0,0.0,0.0,0.0,0.222222222,0.427792632,0.0,0.0,0.055555556,0.23570226
0051.jpg,3.111111111111111,0.055555556,0.23570226,0.277777778,0.460888599,0.777777778,0.427792632,0.055555556,0.23570226,0.166666667,0.383482494,0.055555556,0.23570226,0.0,0.0
03_11_05.bmp,2.1666666666666665,0.888888889,0.323380833,0.277777778,0.460888599,0.0,0.0,0.0,0.0,0.166666667,0.383482494,0.055555556,0.23570226,0.055555556,0.23570226
25_01_03.bmp,2.4444444444444446,0.055555556,0.23570226,0.888888889,0.323380833,0.055555556,0.23570226,0.055555556,0.23570226,0.166666667,0.383482494,0.055555556,0.23570226,0.055555556,0.23570226
29_15_03.bmp,3.2222222222222223,0.111111111,0.323380833,0.444444444,0.511309993,0.111111111,0.323380833,0.111111111,0.323380833,0.055555556,0.23570226,0.111111111,0.323380833,0.055555556,0.23570226
01_10_05.bmp,2.0,0.944444444,0.23570226,0.333333333,0.48507125,0.055555556,0.23570226,0.0,0.0,0.055555556,0.23570226,0.055555556,0.23570226,0.111111111,0.323380833
35_03_04.bmp,1.7222222222222223,0.111111111,0.323380833,0.944444444,0.23570226,0.0,0.0,0.0,0.0,0.0,0.0,0.0,0.0,0.0,0.0
36_16_04.bmp,2.0,0.166666667,0.383482494,0.833333333,0.383482494,0.0,0.0,0.111111111,0.323380833,0.055555556,0.23570226,0.0,0.0,0.0,0.0
01402.jpg,3.6666666666666665,0.055555556,0.23570226,0.555555556,0.511309993,0.166666667,0.383482494,0.0,0.0,0.055555556,0.23570226,0.0,0.0,0.055555556,0.23570226
26_06_03.bmp,3.555555555555556,0.055555556,0.23570226,0.166666667,0.383482494,0.166666667,0.383482494,0.0,0.0,0.111111111,0.323380833,0.055555556,0.23570226,0.055555556,0.23570226
0692.jpg,3.055555555555556,0.111111111,0.323380833,0.5,0.514495755,0.055555556,0.23570226,0.0,0.0,0.222222222,0.427792632,0.166666667,0.383482494,0.055555556,0.23570226
05_06_01.bmp,3.0,0.333333333,0.48507125,0.5,0.514495755,0.166666667,0.383482494,0.0,0.0,0.0,0.0,0.111111111,0.323380833,0.055555556,0.23570226
0512.jpg,2.888888888888889,0.111111111,0.323380833,0.333333333,0.48507125,0.0,0.0,0.5,0.514495755,0.611111111,0.501631326,0.0,0.0,0.055555556,0.23570226
0119.jpg,2.388888888888889,0.055555556,0.23570226,0.277777778,0.460888599,0.944444444,0.23570226,0.0,0.0,0.166666667,0.383482494,0.0,0.0,0.055555556,0.23570226
22_18_03.bmp,2.2222222222222223,0.111111111,0.323380833,0.777777778,0.427792632,0.0,0.0,0.0,0.0,0.111111111,0.323380833,0.166666667,0.383482494,0.055555556,0.23570226
14_07_03.bmp,1.9444444444444444,0.222222222,0.427792632,0.833333333,0.383482494,0.055555556,0.23570226,0.0,0.0,0.0,0.0,0.111111111,0.323380833,0.111111111,0.323380833
08_05_05.bmp,2.111111111111111,0.444444444,0.511309993,0.611111111,0.501631326,0.055555556,0.23570226,0.0,0.0,0.166666667,0.383482494,0.055555556,0.23570226,0.0,0.0
26_19_01.bmp,3.8333333333333335,0.055555556,0.23570226,0.166666667,0.383482494,0.222222222,0.427792632,0.055555556,0.23570226,0.055555556,0.23570226,0.055555556,0.23570226,0.111111111,0.323380833
37_04_01.bmp,3.611111111111111,0.166666667,0.383482494,0.444444444,0.511309993,0.055555556,0.23570226,0.111111111,0.323380833,0.055555556,0.23570226,0.055555556,0.23570226,0.0,0.0
08_18_02.bmp,3.5,0.333333333,0.48507125,0.444444444,0.511309993,0.055555556,0.23570226,0.0,0.0,0.055555556,0.23570226,0.055555556,0.23570226,0.0,0.0
28_12_01.bmp,3.111111111111111,0.277777778,0.460888599,0.555555556,0.511309993,0.111111111,0.323380833,0.0,0.0,0.222222222,0.427792632,0.055555556,0.23570226,0.0,0.0
01217.jpg,4.0,0.333333333,0.48507125,0.166666667,0.383482494,0.0,0.0,0.0,0.0,0.055555556,0.23570226,0.055555556,0.23570226,0.111111111,0.323380833
02_23_05.bmp,2.0,0.111111111,0.323380833,0.111111111,0.323380833,0.0,0.0,0.722222222,0.460888599,0.222222222,0.427792632,0.111111111,0.323380833,0.166666667,0.383482494
31_05_02.bmp,3.0,0.277777778,0.460888599,0.777777778,0.427792632,0.055555556,0.23570226,0.0,0.0,0.277777778,0.460888599,0.0,0.0,0.055555556,0.23570226
0533.jpg,2.833333333333333,0.055555556,0.23570226,0.444444444,0.511309993,0.055555556,0.23570226,0.222222222,0.427792632,0.777777778,0.427792632,0.055555556,0.23570226,0.055555556,0.23570226
33_18_05.bmp,2.111111111111111,0.0,0.0,0.777777778,0.427792632,0.0,0.0,0.055555556,0.23570226,0.444444444,0.511309993,0.055555556,0.23570226,0.0,0.0
0997.jpg,3.388888888888889,0.111111111,0.323380833,0.277777778,0.460888599,0.055555556,0.23570226,0.611111111,0.501631326,0.333333333,0.48507125,0.0,0.0,0.055555556,0.23570226
07_22_02.bmp,2.2777777777777777,0.277777778,0.460888599,0.611111111,0.501631326,0.222222222,0.427792632,0.0,0.0,0.055555556,0.23570226,0.0,0.0,0.0,0.0
10_19_03.bmp,2.7777777777777777,0.333333333,0.48507125,0.333333333,0.48507125,0.388888889,0.501631326,0.0,0.0,0.333333333,0.48507125,0.222222222,0.427792632,0.0,0.0
22_03_04.bmp,1.7777777777777777,0.111111111,0.323380833,0.833333333,0.383482494,0.0,0.0,0.055555556,0.23570226,0.111111111,0.323380833,0.055555556,0.23570226,0.0,0.0
28_14_01.bmp,3.111111111111111,0.166666667,0.383482494,0.5,0.514495755,0.0,0.0,0.111111111,0.323380833,0.222222222,0.427792632,0.055555556,0.23570226,0.055555556,0.23570226
18_07_05.bmp,1.1666666666666667,0.111111111,0.323380833,0.833333333,0.383482494,0.055555556,0.23570226,0.055555556,0.23570226,0.055555556,0.23570226,0.111111111,0.323380833,0.0,0.0
0251.jpg,2.2222222222222223,0.166666667,0.383482494,0.222222222,0.427792632,0.055555556,0.23570226,0.888888889,0.323380833,0.111111111,0.323380833,0.0,0.0,0.055555556,0.23570226
10_03_05.bmp,1.6666666666666667,0.055555556,0.23570226,0.888888889,0.323380833,0.0,0.0,0.055555556,0.23570226,0.388888889,0.501631326,0.222222222,0.427792632,0.0,0.0
13_25_04.bmp,2.2777777777777777,0.055555556,0.23570226,0.055555556,0.23570226,0.111111111,0.323380833,0.0,0.0,0.111111111,0.323380833,0.0,0.0,0.888888889,0.323380833
36_23_05.bmp,1.8888888888888888,0.055555556,0.23570226,0.166666667,0.383482494,0.0,0.0,0.833333333,0.383482494,0.0,0.0,0.0,0.0,0.222222222,0.427792632
02_09_02.bmp,2.7777777777777777,0.722222222,0.460888599,0.388888889,0.501631326,0.0,0.0,0.0,0.0,0.5,0.514495755,0.055555556,0.23570226,0.111111111,0.323380833
18_01_03.bmp,2.6666666666666665,0.166666667,0.383482494,0.777777778,0.427792632,0.055555556,0.23570226,0.055555556,0.23570226,0.0,0.0,0.055555556,0.23570226,0.055555556,0.23570226
10_12_05.bmp,2.0,0.777777778,0.427792632,0.333333333,0.48507125,0.055555556,0.23570226,0.111111111,0.323380833,0.277777778,0.460888599,0.166666667,0.383482494,0.0,0.0
13_05_02.bmp,3.1666666666666665,0.222222222,0.427792632,0.444444444,0.511309993,0.111111111,0.323380833,0.055555556,0.23570226,0.222222222,0.427792632,0.0,0.0,0.055555556,0.23570226
15_02_01.bmp,3.333333333333333,0.055555556,0.23570226,0.444444444,0.511309993,0.0,0.0,0.0,0.0,0.222222222,0.427792632,0.0,0.0,0.055555556,0.23570226
34_11_03.bmp,2.611111111111111,0.888888889,0.323380833,0.333333333,0.48507125,0.166666667,0.383482494,0.0,0.0,0.055555556,0.23570226,0.0,0.0,0.111111111,0.323380833
18_17_01.bmp,3.055555555555556,0.111111111,0.323380833,0.5,0.514495755,0.111111111,0.323380833,0.0,0.0,0.055555556,0.23570226,0.055555556,0.23570226,0.222222222,0.427792632
02_21_03.bmp,2.7222222222222223,0.055555556,0.23570226,0.222222222,0.427792632,0.666666667,0.48507125,0.0,0.0,0.333333333,0.48507125,0.055555556,0.23570226,0.055555556,0.23570226
35_16_01.bmp,2.9444444444444446,0.111111111,0.323380833,0.555555556,0.511309993,0.277777778,0.460888599,0.0,0.0,0.0,0.0,0.0,0.0,0.055555556,0.23570226
16_16_01.bmp,3.111111111111111,0.111111111,0.323380833,0.166666667,0.383482494,0.277777778,0.460888599,0.055555556,0.23570226,0.222222222,0.427792632,0.388888889,0.501631326,0.0,0.0
0484.jpg,3.388888888888889,0.0,0.0,0.388888889,0.501631326,0.055555556,0.23570226,0.111111111,0.323380833,0.666666667,0.48507125,0.0,0.0,0.0,0.0
0490.jpg,3.388888888888889,0.111111111,0.323380833,0.333333333,0.48507125,0.0,0.0,0.055555556,0.23570226,0.611111111,0.501631326,0.0,0.0,0.0,0.0
37_24_05.bmp,1.2777777777777777,0.0,0.0,0.888888889,0.323380833,0.055555556,0.23570226,0.0,0.0,0.055555556,0.23570226,0.0,0.0,0.055555556,0.23570226
37_23_04.bmp,2.5,0.111111111,0.323380833,0.222222222,0.427792632,0.0,0.0,0.722222222,0.460888599,0.111111111,0.323380833,0.111111111,0.323380833,0.111111111,0.323380833
03_14_03.bmp,3.4444444444444446,0.111111111,0.323380833,0.111111111,0.323380833,0.111111111,0.323380833,0.333333333,0.48507125,0.111111111,0.323380833,0.055555556,0.23570226,0.0,0.0
36_07_01.bmp,3.2222222222222223,0.111111111,0.323380833,0.555555556,0.511309993,0.111111111,0.323380833,0.0,0.0,0.0,0.0,0.055555556,0.23570226,0.111111111,0.323380833
37_01_02.bmp,3.555555555555556,0.055555556,0.23570226,0.555555556,0.511309993,0.0,0.0,0.055555556,0.23570226,0.055555556,0.23570226,0.055555556,0.23570226,0.0,0.0
36_17_01.bmp,3.0,0.111111111,0.323380833,0.555555556,0.511309993,0.166666667,0.383482494,0.0,0.0,0.166666667,0.383482494,0.055555556,0.23570226,0.222222222,0.427792632
03_15_05.bmp,3.388888888888889,0.111111111,0.323380833,0.111111111,0.323380833,0.055555556,0.23570226,0.333333333,0.48507125,0.111111111,0.323380833,0.055555556,0.23570226,0.0,0.0
17_07_01.bmp,3.388888888888889,0.055555556,0.23570226,0.555555556,0.511309993,0.111111111,0.323380833,0.055555556,0.23570226,0.166666667,0.383482494,0.111111111,0.323380833,0.0,0.0
01443.jpg,3.611111111111111,0.111111111,0.323380833,0.444444444,0.511309993,0.111111111,0.323380833,0.055555556,0.23570226,0.0,0.0,0.0,0.0,0.055555556,0.23570226
18_22_02.bmp,2.4444444444444446,0.333333333,0.48507125,0.833333333,0.383482494,0.111111111,0.323380833,0.0,0.0,0.055555556,0.23570226,0.0,0.0,0.0,0.0
02_10_03.bmp,2.611111111111111,0.777777778,0.427792632,0.388888889,0.501631326,0.0,0.0,0.0,0.0,0.555555556,0.511309993,0.111111111,0.323380833,0.0,0.0
33_17_04.bmp,2.6666666666666665,0.055555556,0.23570226,0.611111111,0.501631326,0.0,0.0,0.0,0.0,0.444444444,0.511309993,0.111111111,0.323380833,0.222222222,0.427792632
30_15_03.bmp,3.1666666666666665,0.166666667,0.383482494,0.222222222,0.427792632,0.055555556,0.23570226,0.166666667,0.383482494,0.333333333,0.48507125,0.055555556,0.23570226,0.0,0.0
0689.jpg,2.888888888888889,0.166666667,0.383482494,0.277777778,0.460888599,0.111111111,0.323380833,0.0,0.0,0.166666667,0.383482494,0.5,0.514495755,0.111111111,0.323380833
23_18_01.bmp,2.6666666666666665,0.0,0.0,0.666666667,0.48507125,0.055555556,0.23570226,0.0,0.0,0.277777778,0.460888599,0.166666667,0.383482494,0.055555556,0.23570226
37_06_03.bmp,2.4444444444444446,0.5,0.514495755,0.444444444,0.511309993,0.222222222,0.427792632,0.111111111,0.323380833,0.055555556,0.23570226,0.222222222,0.427792632,0.0,0.0
22_06_02.bmp,2.7222222222222223,0.388888889,0.501631326,0.444444444,0.511309993,0.222222222,0.427792632,0.0,0.0,0.166666667,0.383482494,0.222222222,0.427792632,0.0,0.0
32_07_01.bmp,2.7777777777777777,0.0,0.0,0.611111111,0.501631326,0.166666667,0.383482494,0.166666667,0.383482494,0.388888889,0.501631326,0.055555556,0.23570226,0.0,0.0
05_18_03.bmp,1.9444444444444444,0.222222222,0.427792632,0.777777778,0.427792632,0.111111111,0.323380833,0.0,0.0,0.055555556,0.23570226,0.111111111,0.323380833,0.166666667,0.383482494
21_23_01.bmp,3.0,0.055555556,0.23570226,0.111111111,0.323380833,0.055555556,0.23570226,0.722222222,0.460888599,0.0,0.0,0.0,0.0,0.111111111,0.323380833
37_09_03.bmp,2.7777777777777777,0.833333333,0.383482494,0.333333333,0.48507125,0.0,0.0,0.0,0.0,0.055555556,0.23570226,0.111111111,0.323380833,0.0,0.0
35_03_02.bmp,2.611111111111111,0.166666667,0.383482494,0.833333333,0.383482494,0.0,0.0,0.0,0.0,0.0,0.0,0.055555556,0.23570226,0.055555556,0.23570226
0488.jpg,3.5,0.055555556,0.23570226,0.333333333,0.48507125,0.0,0.0,0.0,0.0,0.722222222,0.460888599,0.0,0.0,0.055555556,0.23570226
0756.jpg,3.7222222222222223,0.055555556,0.23570226,0.388888889,0.501631326,0.055555556,0.23570226,0.0,0.0,0.0,0.0,0.055555556,0.23570226,0.055555556,0.23570226
0080.jpg,2.4444444444444446,0.055555556,0.23570226,0.611111111,0.501631326,0.944444444,0.23570226,0.0,0.0,0.222222222,0.427792632,0.055555556,0.23570226,0.111111111,0.323380833
0986.jpg,2.888888888888889,0.055555556,0.23570226,0.444444444,0.511309993,0.0,0.0,0.611111111,0.501631326,0.333333333,0.48507125,0.055555556,0.23570226,0.055555556,0.23570226
33_09_01.bmp,3.1666666666666665,0.5,0.514495755,0.444444444,0.511309993,0.0,0.0,0.0,0.0,0.388888889,0.501631326,0.0,0.0,0.0,0.0
10_19_05.bmp,2.2777777777777777,0.055555556,0.23570226,0.277777778,0.460888599,0.833333333,0.383482494,0.0,0.0,0.166666667,0.383482494,0.111111111,0.323380833,0.0,0.0
36_14_05.bmp,1.9444444444444444,0.333333333,0.48507125,0.444444444,0.511309993,0.111111111,0.323380833,0.388888889,0.501631326,0.055555556,0.23570226,0.055555556,0.23570226,0.055555556,0.23570226
19_02_01.bmp,3.2777777777777777,0.111111111,0.323380833,0.555555556,0.511309993,0.0,0.0,0.0,0.0,0.055555556,0.23570226,0.111111111,0.323380833,0.055555556,0.23570226
04_01_04.bmp,1.7222222222222223,0.166666667,0.383482494,0.888888889,0.323380833,0.222222222,0.427792632,0.0,0.0,0.111111111,0.323380833,0.0,0.0,0.111111111,0.323380833
36_20_01.bmp,3.1666666666666665,0.388888889,0.501631326,0.444444444,0.511309993,0.222222222,0.427792632,0.111111111,0.323380833,0.0,0.0,0.055555556,0.23570226,0.0,0.0
22_04_02.bmp,3.2222222222222223,0.222222222,0.427792632,0.388888889,0.501631326,0.111111111,0.323380833,0.0,0.0,0.166666667,0.383482494,0.222222222,0.427792632,0.0,0.0
20_20_05.bmp,1.7222222222222223,0.555555556,0.511309993,0.166666667,0.383482494,0.277777778,0.460888599,0.333333333,0.48507125,0.055555556,0.23570226,0.111111111,0.323380833,0.0,0.0
31_13_04.bmp,3.0,0.111111111,0.323380833,0.277777778,0.460888599,0.666666667,0.48507125,0.0,0.0,0.222222222,0.427792632,0.055555556,0.23570226,0.055555556,0.23570226
20_14_02.bmp,3.333333333333333,0.111111111,0.323380833,0.277777778,0.460888599,0.0,0.0,0.222222222,0.427792632,0.222222222,0.427792632,0.055555556,0.23570226,0.0,0.0
10_08_04.bmp,2.055555555555556,0.388888889,0.501631326,0.611111111,0.501631326,0.0,0.0,0.055555556,0.23570226,0.333333333,0.48507125,0.111111111,0.323380833,0.0,0.0
28_17_01.bmp,3.388888888888889,0.166666667,0.383482494,0.444444444,0.511309993,0.166666667,0.383482494,0.0,0.0,0.166666667,0.383482494,0.055555556,0.23570226,0.055555556,0.23570226
19_02_03.bmp,2.055555555555556,0.055555556,0.23570226,0.888888889,0.323380833,0.055555556,0.23570226,0.0,0.0,0.055555556,0.23570226,0.0,0.0,0.055555556,0.23570226
0654.jpg,3.611111111111111,0.055555556,0.23570226,0.5,0.514495755,0.055555556,0.23570226,0.111111111,0.323380833,0.055555556,0.23570226,0.0,0.0,0.055555556,0.23570226
26_02_01.bmp,4.111111111111111,0.055555556,0.23570226,0.222222222,0.427792632,0.111111111,0.323380833,0.055555556,0.23570226,0.055555556,0.23570226,0.0,0.0,0.111111111,0.323380833
31_23_02.bmp,2.9444444444444446,0.055555556,0.23570226,0.111111111,0.323380833,0.055555556,0.23570226,0.722222222,0.460888599,0.166666667,0.383482494,0.0,0.0,0.111111111,0.323380833
10_11_04.bmp,2.4444444444444446,0.833333333,0.383482494,0.333333333,0.48507125,0.055555556,0.23570226,0.055555556,0.23570226,0.388888889,0.501631326,0.111111111,0.323380833,0.055555556,0.23570226
36_02_03.bmp,1.7777777777777777,0.0,0.0,0.944444444,0.23570226,0.111111111,0.323380833,0.0,0.0,0.055555556,0.23570226,0.0,0.0,0.111111111,0.323380833
04_08_05.bmp,1.8333333333333333,0.5,0.514495755,0.722222222,0.460888599,0.166666667,0.383482494,0.0,0.0,0.222222222,0.427792632,0.055555556,0.23570226,0.111111111,0.323380833
09_14_04.bmp,2.055555555555556,0.222222222,0.427792632,0.277777778,0.460888599,0.166666667,0.383482494,0.555555556,0.511309993,0.166666667,0.383482494,0.055555556,0.23570226,0.055555556,0.23570226
30_05_03.bmp,2.611111111111111,0.388888889,0.501631326,0.611111111,0.501631326,0.111111111,0.323380833,0.0,0.0,0.333333333,0.48507125,0.0,0.0,0.0,0.0
21_04_03.bmp,2.833333333333333,0.277777778,0.460888599,0.388888889,0.501631326,0.222222222,0.427792632,0.0,0.0,0.055555556,0.23570226,0.0,0.0,0.055555556,0.23570226
01_23_05.bmp,1.9444444444444444,0.055555556,0.23570226,0.555555556,0.511309993,0.0,0.0,0.722222222,0.460888599,0.0,0.0,0.222222222,0.427792632,0.111111111,0.323380833
21_14_01.bmp,3.388888888888889,0.111111111,0.323380833,0.277777778,0.460888599,0.111111111,0.323380833,0.222222222,0.427792632,0.0,0.0,0.0,0.0,0.0,0.0
16_10_04.bmp,2.7222222222222223,0.777777778,0.427792632,0.166666667,0.383482494,0.0,0.0,0.055555556,0.23570226,0.277777778,0.460888599,0.444444444,0.511309993,0.0,0.0
11_14_02.bmp,2.6666666666666665,0.0,0.0,0.166666667,0.383482494,0.166666667,0.383482494,0.5,0.514495755,0.333333333,0.48507125,0.055555556,0.23570226,0.0,0.0
25_24_02.bmp,2.1666666666666665,0.055555556,0.23570226,0.888888889,0.323380833,0.111111111,0.323380833,0.055555556,0.23570226,0.111111111,0.323380833,0.0,0.0,0.055555556,0.23570226
09_11_04.bmp,2.2222222222222223,0.722222222,0.460888599,0.388888889,0.501631326,0.055555556,0.23570226,0.055555556,0.23570226,0.222222222,0.427792632,0.055555556,0.23570226,0.0,0.0
23_07_04.bmp,1.9444444444444444,0.111111111,0.323380833,0.944444444,0.23570226,0.0,0.0,0.0,0.0,0.222222222,0.427792632,0.055555556,0.23570226,0.055555556,0.23570226
16_06_02.bmp,2.2777777777777777,0.277777778,0.460888599,0.111111111,0.323380833,0.222222222,0.427792632,0.111111111,0.323380833,0.277777778,0.460888599,0.555555556,0.511309993,0.111111111,0.323380833
21_16_05.bmp,1.5,0.166666667,0.383482494,0.888888889,0.323380833,0.055555556,0.23570226,0.0,0.0,0.055555556,0.23570226,0.0,0.0,0.0,0.0
14_08_03.bmp,2.055555555555556,0.333333333,0.48507125,0.666666667,0.48507125,0.055555556,0.23570226,0.0,0.0,0.0,0.0,0.166666667,0.383482494,0.055555556,0.23570226
33_13_05.bmp,2.555555555555556,0.111111111,0.323380833,0.277777778,0.460888599,0.777777778,0.427792632,0.055555556,0.23570226,0.333333333,0.48507125,0.0,0.0,0.0,0.0
31_24_02.bmp,2.7777777777777777,0.0,0.0,0.833333333,0.383482494,0.055555556,0.23570226,0.0,0.0,0.166666667,0.383482494,0.0,0.0,0.055555556,0.23570226
35_18_02.bmp,2.111111111111111,0.111111111,0.323380833,0.722222222,0.460888599,0.055555556,0.23570226,0.055555556,0.23570226,0.055555556,0.23570226,0.0,0.0,0.055555556,0.23570226
01_06_04.bmp,2.333333333333333,0.277777778,0.460888599,0.722222222,0.460888599,0.222222222,0.427792632,0.0,0.0,0.0,0.0,0.333333333,0.48507125,0.166666667,0.383482494
22_20_04.bmp,1.7222222222222223,0.333333333,0.48507125,0.333333333,0.48507125,0.277777778,0.460888599,0.333333333,0.48507125,0.111111111,0.323380833,0.111111111,0.323380833,0.0,0.0
20_22_03.bmp,2.4444444444444446,0.166666667,0.383482494,0.611111111,0.501631326,0.111111111,0.323380833,0.055555556,0.23570226,0.111111111,0.323380833,0.111111111,0.323380833,0.0,0.0
02_07_04.bmp,1.8333333333333333,0.277777778,0.460888599,0.888888889,0.323380833,0.0,0.0,0.0,0.0,0.388888889,0.501631326,0.055555556,0.23570226,0.055555556,0.23570226
29_09_05.bmp,2.333333333333333,0.833333333,0.383482494,0.222222222,0.427792632,0.0,0.0,0.055555556,0.23570226,0.111111111,0.323380833,0.111111111,0.323380833,0.0,0.0
06_03_05.bmp,1.6666666666666667,0.0,0.0,0.944444444,0.23570226,0.055555556,0.23570226,0.0,0.0,0.0,0.0,0.055555556,0.23570226,0.0,0.0
15_10_05.bmp,2.1666666666666665,0.777777778,0.427792632,0.166666667,0.383482494,0.055555556,0.23570226,0.055555556,0.23570226,0.277777778,0.460888599,0.055555556,0.23570226,0.0,0.0
17_14_05.bmp,1.8333333333333333,0.055555556,0.23570226,0.166666667,0.383482494,0.055555556,0.23570226,0.833333333,0.383482494,0.277777778,0.460888599,0.111111111,0.323380833,0.0,0.0
20_05_04.bmp,2.055555555555556,0.222222222,0.427792632,0.666666667,0.48507125,0.111111111,0.323380833,0.0,0.0,0.166666667,0.383482494,0.111111111,0.323380833,0.055555556,0.23570226
22_14_04.bmp,1.7777777777777777,0.0,0.0,0.277777778,0.460888599,0.0,0.0,0.777777778,0.427792632,0.166666667,0.383482494,0.111111111,0.323380833,0.0,0.0
07_14_05.bmp,2.111111111111111,0.222222222,0.427792632,0.222222222,0.427792632,0.055555556,0.23570226,0.777777778,0.427792632,0.166666667,0.383482494,0.055555556,0.23570226,0.0,0.0
04_05_05.bmp,1.5555555555555556,0.388888889,0.501631326,0.777777778,0.427792632,0.166666667,0.383482494,0.0,0.0,0.166666667,0.383482494,0.111111111,0.323380833,0.055555556,0.23570226
15_09_02.bmp,2.7222222222222223,0.722222222,0.460888599,0.166666667,0.383482494,0.055555556,0.23570226,0.0,0.0,0.277777778,0.460888599,0.0,0.0,0.0,0.0
18_03_01.bmp,3.555555555555556,0.222222222,0.427792632,0.5,0.514495755,0.111111111,0.323380833,0.0,0.0,0.0,0.0,0.0,0.0,0.055555556,0.23570226
28_09_05.bmp,2.2222222222222223,0.777777778,0.427792632,0.222222222,0.427792632,0.111111111,0.323380833,0.0,0.0,0.222222222,0.427792632,0.0,0.0,0.0,0.0
34_11_05.bmp,1.7777777777777777,0.833333333,0.383482494,0.333333333,0.48507125,0.111111111,0.323380833,0.055555556,0.23570226,0.111111111,0.323380833,0.0,0.0,0.055555556,0.23570226
02_09_03.bmp,2.6666666666666665,0.777777778,0.427792632,0.333333333,0.48507125,0.0,0.0,0.0,0.0,0.555555556,0.511309993,0.055555556,0.23570226,0.055555556,0.23570226
36_21_05.bmp,1.9444444444444444,0.388888889,0.501631326,0.555555556,0.511309993,0.166666667,0.383482494,0.388888889,0.501631326,0.0,0.0,0.055555556,0.23570226,0.055555556,0.23570226
1046.jpg,2.9444444444444446,0.055555556,0.23570226,0.5,0.514495755,0.055555556,0.23570226,0.5,0.514495755,0.222222222,0.427792632,0.0,0.0,0.0,0.0
11_10_03.bmp,2.4444444444444446,0.777777778,0.427792632,0.333333333,0.48507125,0.0,0.0,0.055555556,0.23570226,0.166666667,0.383482494,0.055555556,0.23570226,0.0,0.0
31_21_05.bmp,1.5555555555555556,0.055555556,0.23570226,0.222222222,0.427792632,0.111111111,0.323380833,0.722222222,0.460888599,0.111111111,0.323380833,0.0,0.0,0.0,0.0
26_16_01.bmp,3.5,0.111111111,0.323380833,0.0,0.0,0.0,0.0,0.277777778,0.460888599,0.111111111,0.323380833,0.0,0.0,0.055555556,0.23570226
04_14_01.bmp,3.055555555555556,0.111111111,0.323380833,0.5,0.514495755,0.222222222,0.427792632,0.0,0.0,0.166666667,0.383482494,0.0,0.0,0.055555556,0.23570226
20_03_02.bmp,2.7777777777777777,0.166666667,0.383482494,0.722222222,0.460888599,0.055555556,0.23570226,0.0,0.0,0.111111111,0.323380833,0.111111111,0.323380833,0.055555556,0.23570226
21_05_04.bmp,1.8888888888888888,0.277777778,0.460888599,0.722222222,0.460888599,0.055555556,0.23570226,0.0,0.0,0.055555556,0.23570226,0.055555556,0.23570226,0.055555556,0.23570226
33_14_01.bmp,3.111111111111111,0.0,0.0,0.444444444,0.511309993,0.055555556,0.23570226,0.388888889,0.501631326,0.444444444,0.511309993,0.0,0.0,0.0,0.0
33_21_02.bmp,2.5,0.222222222,0.427792632,0.444444444,0.511309993,0.5,0.514495755,0.277777778,0.460888599,0.333333333,0.48507125,0.0,0.0,0.0,0.0
01_14_01.bmp,3.111111111111111,0.111111111,0.323380833,0.611111111,0.501631326,0.166666667,0.383482494,0.0,0.0,0.0,0.0,0.0,0.0,0.055555556,0.23570226
16_10_03.bmp,2.6666666666666665,0.722222222,0.460888599,0.166666667,0.383482494,0.055555556,0.23570226,0.0,0.0,0.333333333,0.48507125,0.388888889,0.501631326,0.0,0.0
27_22_03.bmp,2.111111111111111,0.222222222,0.427792632,0.833333333,0.383482494,0.0,0.0,0.0,0.0,0.388888889,0.501631326,0.111111111,0.323380833,0.0,0.0
01353.jpg,2.333333333333333,0.055555556,0.23570226,0.833333333,0.383482494,0.166666667,0.383482494,0.055555556,0.23570226,0.0,0.0,0.055555556,0.23570226,0.055555556,0.23570226
36_21_01.bmp,2.0,0.111111111,0.323380833,0.444444444,0.511309993,0.722222222,0.460888599,0.055555556,0.23570226,0.055555556,0.23570226,0.055555556,0.23570226,0.055555556,0.23570226
26_17_04.bmp,2.5,0.0,0.0,0.388888889,0.501631326,0.111111111,0.323380833,0.0,0.0,0.166666667,0.383482494,0.222222222,0.427792632,0.222222222,0.427792632
13_06_05.bmp,2.111111111111111,0.388888889,0.501631326,0.222222222,0.427792632,0.388888889,0.501631326,0.055555556,0.23570226,0.222222222,0.427792632,0.166666667,0.383482494,0.055555556,0.23570226
34_04_05.bmp,1.8333333333333333,0.222222222,0.427792632,0.444444444,0.511309993,0.277777778,0.460888599,0.055555556,0.23570226,0.0,0.0,0.222222222,0.427792632,0.055555556,0.23570226
26_04_04.bmp,3.6666666666666665,0.111111111,0.323380833,0.0,0.0,0.277777778,0.460888599,0.055555556,0.23570226,0.055555556,0.23570226,0.055555556,0.23570226,0.055555556,0.23570226
07_25_01.bmp,3.2222222222222223,0.111111111,0.323380833,0.444444444,0.511309993,0.111111111,0.323380833,0.0,0.0,0.055555556,0.23570226,0.0,0.0,0.277777778,0.460888599
21_22_01.bmp,3.1666666666666665,0.111111111,0.323380833,0.666666667,0.48507125,0.055555556,0.23570226,0.111111111,0.323380833,0.0,0.0,0.0,0.0,0.055555556,0.23570226
02_04_01.bmp,3.611111111111111,0.055555556,0.23570226,0.277777778,0.460888599,0.055555556,0.23570226,0.0,0.0,0.5,0.514495755,0.0,0.0,0.0,0.0
0132.jpg,2.7777777777777777,0.055555556,0.23570226,0.166666667,0.383482494,0.944444444,0.23570226,0.055555556,0.23570226,0.0,0.0,0.055555556,0.23570226,0.055555556,0.23570226
27_04_05.bmp,2.0,0.277777778,0.460888599,0.444444444,0.511309993,0.166666667,0.383482494,0.055555556,0.23570226,0.333333333,0.48507125,0.166666667,0.383482494,0.055555556,0.23570226
08_19_05.bmp,2.333333333333333,0.166666667,0.383482494,0.166666667,0.383482494,0.777777778,0.427792632,0.055555556,0.23570226,0.0,0.0,0.166666667,0.383482494,0.0,0.0
36_22_03.bmp,2.111111111111111,0.111111111,0.323380833,0.777777778,0.427792632,0.166666667,0.383482494,0.0,0.0,0.0,0.0,0.0,0.0,0.055555556,0.23570226
13_16_01.bmp,3.555555555555556,0.055555556,0.23570226,0.222222222,0.427792632,0.222222222,0.427792632,0.055555556,0.23570226,0.111111111,0.323380833,0.0,0.0,0.111111111,0.323380833
05_16_01.bmp,3.2777777777777777,0.111111111,0.323380833,0.444444444,0.511309993,0.277777778,0.460888599,0.055555556,0.23570226,0.0,0.0,0.055555556,0.23570226,0.055555556,0.23570226
34_10_01.bmp,3.2777777777777777,0.277777778,0.460888599,0.277777778,0.460888599,0.222222222,0.427792632,0.0,0.0,0.055555556,0.23570226,0.055555556,0.23570226,0.055555556,0.23570226
30_20_02.bmp,2.611111111111111,0.388888889,0.501631326,0.444444444,0.511309993,0.222222222,0.427792632,0.222222222,0.427792632,0.222222222,0.427792632,0.0,0.0,0.0,0.0
11_11_04.bmp,2.555555555555556,0.888888889,0.323380833,0.222222222,0.427792632,0.111111111,0.323380833,0.055555556,0.23570226,0.222222222,0.427792632,0.055555556,0.23570226,0.0,0.0
17_22_02.bmp,2.388888888888889,0.222222222,0.427792632,0.666666667,0.48507125,0.111111111,0.323380833,0.055555556,0.23570226,0.222222222,0.427792632,0.0,0.0,0.0,0.0
36_13_02.bmp,3.055555555555556,0.055555556,0.23570226,0.5,0.514495755,0.333333333,0.48507125,0.0,0.0,0.0,0.0,0.055555556,0.23570226,0.055555556,0.23570226
01_10_02.bmp,2.9444444444444446,0.611111111,0.501631326,0.444444444,0.511309993,0.166666667,0.383482494,0.0,0.0,0.0,0.0,0.055555556,0.23570226,0.055555556,0.23570226
01_05_05.bmp,1.3888888888888888,0.444444444,0.511309993,0.833333333,0.383482494,0.111111111,0.323380833,0.055555556,0.23570226,0.0,0.0,0.111111111,0.323380833,0.055555556,0.23570226
20_02_03.bmp,1.7777777777777777,0.111111111,0.323380833,0.833333333,0.383482494,0.111111111,0.323380833,0.0,0.0,0.055555556,0.23570226,0.055555556,0.23570226,0.0,0.0
0470.jpg,3.2777777777777777,0.055555556,0.23570226,0.388888889,0.501631326,0.0,0.0,0.111111111,0.323380833,0.611111111,0.501631326,0.0,0.0,0.0,0.0
23_19_04.bmp,1.9444444444444444,0.166666667,0.383482494,0.222222222,0.427792632,0.611111111,0.501631326,0.055555556,0.23570226,0.333333333,0.48507125,0.0,0.0,0.0,0.0
03_20_04.bmp,2.111111111111111,0.611111111,0.501631326,0.055555556,0.23570226,0.333333333,0.48507125,0.111111111,0.323380833,0.166666667,0.383482494,0.055555556,0.23570226,0.0,0.0
06_25_04.bmp,1.7777777777777777,0.111111111,0.323380833,0.0,0.0,0.055555556,0.23570226,0.0,0.0,0.0,0.0,0.055555556,0.23570226,1.0,0.0
0912.jpg,3.7777777777777777,0.111111111,0.323380833,0.388888889,0.501631326,0.055555556,0.23570226,0.055555556,0.23570226,0.166666667,0.383482494,0.0,0.0,0.0,0.0
26_23_02.bmp,3.055555555555556,0.0,0.0,0.055555556,0.23570226,0.055555556,0.23570226,0.722222222,0.460888599,0.055555556,0.23570226,0.055555556,0.23570226,0.111111111,0.323380833
23_01_02.bmp,3.111111111111111,0.111111111,0.323380833,0.444444444,0.511309993,0.0,0.0,0.0,0.0,0.333333333,0.48507125,0.0,0.0,0.055555556,0.23570226
12_06_05.bmp,1.7222222222222223,0.444444444,0.511309993,0.222222222,0.427792632,0.166666667,0.383482494,0.055555556,0.23570226,0.055555556,0.23570226,0.222222222,0.427792632,0.055555556,0.23570226
04_07_03.bmp,1.8333333333333333,0.388888889,0.501631326,0.722222222,0.460888599,0.055555556,0.23570226,0.055555556,0.23570226,0.222222222,0.427792632,0.055555556,0.23570226,0.055555556,0.23570226
08_09_03.bmp,3.0,0.722222222,0.460888599,0.0,0.0,0.0,0.0,0.055555556,0.23570226,0.111111111,0.323380833,0.0,0.0,0.0,0.0
06_03_04.bmp,2.388888888888889,0.055555556,0.23570226,0.888888889,0.323380833,0.055555556,0.23570226,0.055555556,0.23570226,0.0,0.0,0.111111111,0.323380833,0.0,0.0
33_24_03.bmp,2.833333333333333,0.0,0.0,0.444444444,0.511309993,0.111111111,0.323380833,0.055555556,0.23570226,0.444444444,0.511309993,0.055555556,0.23570226,0.0,0.0
10_04_05.bmp,2.111111111111111,0.388888889,0.501631326,0.333333333,0.48507125,0.166666667,0.383482494,0.166666667,0.383482494,0.277777778,0.460888599,0.333333333,0.48507125,0.055555556,0.23570226
31_11_04.bmp,2.611111111111111,0.666666667,0.48507125,0.166666667,0.383482494,0.055555556,0.23570226,0.055555556,0.23570226,0.111111111,0.323380833,0.055555556,0.23570226,0.111111111,0.323380833
22_04_01.bmp,3.555555555555556,0.111111111,0.323380833,0.388888889,0.501631326,0.055555556,0.23570226,0.0,0.0,0.111111111,0.323380833,0.166666667,0.383482494,0.055555556,0.23570226
35_03_03.bmp,2.0,0.166666667,0.383482494,0.833333333,0.383482494,0.0,0.0,0.0,0.0,0.0,0.0,0.0,0.0,0.111111111,0.323380833
19_06_05.bmp,1.8333333333333333,0.333333333,0.48507125,0.222222222,0.427792632,0.222222222,0.427792632,0.166666667,0.383482494,0.111111111,0.323380833,0.222222222,0.427792632,0.055555556,0.23570226
14_08_04.bmp,1.8333333333333333,0.333333333,0.48507125,0.666666667,0.48507125,0.055555556,0.23570226,0.0,0.0,0.055555556,0.23570226,0.111111111,0.323380833,0.055555556,0.23570226
15_06_03.bmp,2.1666666666666665,0.333333333,0.48507125,0.222222222,0.427792632,0.166666667,0.383482494,0.055555556,0.23570226,0.166666667,0.383482494,0.222222222,0.427792632,0.055555556,0.23570226
35_25_04.bmp,2.1666666666666665,0.055555556,0.23570226,0.333333333,0.48507125,0.055555556,0.23570226,0.055555556,0.23570226,0.0,0.0,0.055555556,0.23570226,0.944444444,0.23570226
36_18_05.bmp,1.7222222222222223,0.055555556,0.23570226,0.888888889,0.323380833,0.166666667,0.383482494,0.0,0.0,0.0,0.0,0.055555556,0.23570226,0.055555556,0.23570226
26_24_03.bmp,2.7777777777777777,0.055555556,0.23570226,0.666666667,0.48507125,0.111111111,0.323380833,0.0,0.0,0.055555556,0.23570226,0.055555556,0.23570226,0.0,0.0
27_06_05.bmp,1.8888888888888888,0.222222222,0.427792632,0.388888889,0.501631326,0.277777778,0.460888599,0.166666667,0.383482494,0.333333333,0.48507125,0.166666667,0.383482494,0.0,0.0
0274.jpg,2.833333333333333,0.166666667,0.383482494,0.277777778,0.460888599,0.0,0.0,0.777777778,0.427792632,0.055555556,0.23570226,0.0,0.0,0.055555556,0.23570226
0740.jpg,3.055555555555556,0.055555556,0.23570226,0.333333333,0.48507125,0.055555556,0.23570226,0.111111111,0.323380833,0.5,0.514495755,0.333333333,0.48507125,0.055555556,0.23570226
32_14_01.bmp,2.7222222222222223,0.055555556,0.23570226,0.388888889,0.501631326,0.111111111,0.323380833,0.5,0.514495755,0.333333333,0.48507125,0.055555556,0.23570226,0.0,0.0
26_17_01.bmp,3.2777777777777777,0.055555556,0.23570226,0.222222222,0.427792632,0.222222222,0.427792632,0.055555556,0.23570226,0.055555556,0.23570226,0.0,0.0,0.166666667,0.383482494
22_20_05.bmp,1.5,0.333333333,0.48507125,0.333333333,0.48507125,0.222222222,0.427792632,0.388888889,0.501631326,0.111111111,0.323380833,0.166666667,0.383482494,0.055555556,0.23570226
22_12_05.bmp,1.9444444444444444,0.777777778,0.427792632,0.388888889,0.501631326,0.0,0.0,0.0,0.0,0.222222222,0.427792632,0.111111111,0.323380833,0.055555556,0.23570226
19_22_01.bmp,3.055555555555556,0.166666667,0.383482494,0.5,0.514495755,0.111111111,0.323380833,0.055555556,0.23570226,0.111111111,0.323380833,0.111111111,0.323380833,0.111111111,0.323380833
27_09_04.bmp,2.1666666666666665,0.666666667,0.48507125,0.333333333,0.48507125,0.0,0.0,0.0,0.0,0.388888889,0.501631326,0.055555556,0.23570226,0.111111111,0.323380833
05_16_05.bmp,1.3888888888888888,0.333333333,0.48507125,0.833333333,0.383482494,0.0,0.0,0.055555556,0.23570226,0.055555556,0.23570226,0.055555556,0.23570226,0.0,0.0
01_15_05.bmp,2.888888888888889,0.111111111,0.323380833,0.611111111,0.501631326,0.222222222,0.427792632,0.111111111,0.323380833,0.0,0.0,0.0,0.0,0.055555556,0.23570226
20_03_04.bmp,1.6666666666666667,0.055555556,0.23570226,0.777777778,0.427792632,0.055555556,0.23570226,0.055555556,0.23570226,0.166666667,0.383482494,0.111111111,0.323380833,0.0,0.0
09_24_02.bmp,2.6666666666666665,0.055555556,0.23570226,0.777777778,0.427792632,0.055555556,0.23570226,0.111111111,0.323380833,0.166666667,0.383482494,0.055555556,0.23570226,0.0,0.0
23_05_03.bmp,2.2222222222222223,0.333333333,0.48507125,0.666666667,0.48507125,0.055555556,0.23570226,0.0,0.0,0.277777778,0.460888599,0.166666667,0.383482494,0.0,0.0
10_07_01.bmp,2.888888888888889,0.111111111,0.323380833,0.666666667,0.48507125,0.0,0.0,0.111111111,0.323380833,0.333333333,0.48507125,0.166666667,0.383482494,0.0,0.0
0807.jpg,3.388888888888889,0.055555556,0.23570226,0.444444444,0.511309993,0.0,0.0,0.055555556,0.23570226,0.166666667,0.383482494,0.0,0.0,0.0,0.0
30_12_04.bmp,2.7222222222222223,0.666666667,0.48507125,0.222222222,0.427792632,0.0,0.0,0.0,0.0,0.277777778,0.460888599,0.055555556,0.23570226,0.0,0.0
01156.jpg,4.222222222222222,0.222222222,0.427792632,0.166666667,0.383482494,0.0,0.0,0.055555556,0.23570226,0.277777778,0.460888599,0.0,0.0,0.0,0.0
16_02_04.bmp,1.7222222222222223,0.0,0.0,0.888888889,0.323380833,0.0,0.0,0.0,0.0,0.277777778,0.460888599,0.444444444,0.511309993,0.0,0.0
21_22_03.bmp,2.1666666666666665,0.166666667,0.383482494,0.888888889,0.323380833,0.0,0.0,0.055555556,0.23570226,0.0,0.0,0.055555556,0.23570226,0.0,0.0
15_15_05.bmp,2.888888888888889,0.055555556,0.23570226,0.277777778,0.460888599,0.055555556,0.23570226,0.388888889,0.501631326,0.277777778,0.460888599,0.0,0.0,0.055555556,0.23570226
11_11_03.bmp,2.6666666666666665,0.777777778,0.427792632,0.277777778,0.460888599,0.0,0.0,0.055555556,0.23570226,0.333333333,0.48507125,0.055555556,0.23570226,0.111111111,0.323380833
01_25_05.bmp,2.0,0.055555556,0.23570226,0.333333333,0.48507125,0.055555556,0.23570226,0.055555556,0.23570226,0.055555556,0.23570226,0.0,0.0,0.888888889,0.323380833
0346.jpg,3.0,0.111111111,0.323380833,0.777777778,0.427792632,0.0,0.0,0.111111111,0.323380833,0.0,0.0,0.055555556,0.23570226,0.055555556,0.23570226
0140.jpg,2.9444444444444446,0.111111111,0.323380833,0.333333333,0.48507125,0.611111111,0.501631326,0.0,0.0,0.055555556,0.23570226,0.111111111,0.323380833,0.111111111,0.323380833
30_02_05.bmp,1.6111111111111112,0.0,0.0,0.888888889,0.323380833,0.055555556,0.23570226,0.055555556,0.23570226,0.277777778,0.460888599,0.0,0.0,0.0,0.0
36_08_01.bmp,3.333333333333333,0.111111111,0.323380833,0.555555556,0.511309993,0.111111111,0.323380833,0.0,0.0,0.0,0.0,0.0,0.0,0.055555556,0.23570226
01320.jpg,3.4444444444444446,0.388888889,0.501631326,0.388888889,0.501631326,0.111111111,0.323380833,0.0,0.0,0.0,0.0,0.111111111,0.323380833,0.222222222,0.427792632
11_20_03.bmp,1.9444444444444444,0.333333333,0.48507125,0.277777778,0.460888599,0.222222222,0.427792632,0.277777778,0.460888599,0.222222222,0.427792632,0.055555556,0.23570226,0.055555556,0.23570226
06_09_01.bmp,3.1666666666666665,0.666666667,0.48507125,0.166666667,0.383482494,0.166666667,0.383482494,0.0,0.0,0.0,0.0,0.055555556,0.23570226,0.055555556,0.23570226
27_21_02.bmp,2.2222222222222223,0.222222222,0.427792632,0.166666667,0.383482494,0.388888889,0.501631326,0.222222222,0.427792632,0.277777778,0.460888599,0.111111111,0.323380833,0.0,0.0
22_16_03.bmp,2.5,0.055555556,0.23570226,0.722222222,0.460888599,0.055555556,0.23570226,0.055555556,0.23570226,0.111111111,0.323380833,0.055555556,0.23570226,0.0,0.0
33_19_05.bmp,2.0,0.111111111,0.323380833,0.277777778,0.460888599,0.722222222,0.460888599,0.166666667,0.383482494,0.333333333,0.48507125,0.0,0.0,0.0,0.0
01_18_02.bmp,2.333333333333333,0.111111111,0.323380833,0.722222222,0.460888599,0.166666667,0.383482494,0.0,0.0,0.055555556,0.23570226,0.0,0.0,0.111111111,0.323380833
30_08_05.bmp,1.9444444444444444,0.388888889,0.501631326,0.611111111,0.501631326,0.055555556,0.23570226,0.055555556,0.23570226,0.277777778,0.460888599,0.111111111,0.323380833,0.0,0.0
34_18_03.bmp,1.8888888888888888,0.055555556,0.23570226,0.833333333,0.383482494,0.166666667,0.383482494,0.055555556,0.23570226,0.055555556,0.23570226,0.111111111,0.323380833,0.055555556,0.23570226
1103.jpg,2.7222222222222223,0.0,0.0,0.555555556,0.511309993,0.0,0.0,0.611111111,0.501631326,0.055555556,0.23570226,0.0,0.0,0.0,0.0
02_23_03.bmp,2.833333333333333,0.0,0.0,0.111111111,0.323380833,0.055555556,0.23570226,0.722222222,0.460888599,0.277777778,0.460888599,0.055555556,0.23570226,0.166666667,0.383482494
0144.jpg,2.888888888888889,0.111111111,0.323380833,0.222222222,0.427792632,0.777777778,0.427792632,0.111111111,0.323380833,0.111111111,0.323380833,0.222222222,0.427792632,0.055555556,0.23570226
12_19_05.bmp,2.611111111111111,0.055555556,0.23570226,0.111111111,0.323380833,0.666666667,0.48507125,0.055555556,0.23570226,0.0,0.0,0.0,0.0,0.0,0.0
32_07_02.bmp,2.555555555555556,0.0,0.0,0.722222222,0.460888599,0.055555556,0.23570226,0.222222222,0.427792632,0.333333333,0.48507125,0.055555556,0.23570226,0.111111111,0.323380833
1101.jpg,2.611111111111111,0.166666667,0.383482494,0.666666667,0.48507125,0.0,0.0,0.111111111,0.323380833,0.0,0.0,0.111111111,0.323380833,0.0,0.0
0172.jpg,2.833333333333333,0.111111111,0.323380833,0.277777778,0.460888599,0.777777778,0.427792632,0.0,0.0,0.222222222,0.427792632,0.0,0.0,0.0,0.0
14_14_03.bmp,2.833333333333333,0.111111111,0.323380833,0.222222222,0.427792632,0.111111111,0.323380833,0.444444444,0.511309993,0.055555556,0.23570226,0.111111111,0.323380833,0.055555556,0.23570226
01280.jpg,3.7222222222222223,0.055555556,0.23570226,0.222222222,0.427792632,0.055555556,0.23570226,0.0,0.0,0.611111111,0.501631326,0.055555556,0.23570226,0.0,0.0
14_05_03.bmp,2.611111111111111,0.111111111,0.323380833,0.777777778,0.427792632,0.111111111,0.323380833,0.0,0.0,0.0,0.0,0.055555556,0.23570226,0.055555556,0.23570226
04_03_05.bmp,1.5555555555555556,0.0,0.0,0.833333333,0.383482494,0.111111111,0.323380833,0.055555556,0.23570226,0.166666667,0.383482494,0.0,0.0,0.0,0.0
09_19_03.bmp,2.9444444444444446,0.333333333,0.48507125,0.5,0.514495755,0.333333333,0.48507125,0.0,0.0,0.166666667,0.383482494,0.055555556,0.23570226,0.0,0.0
16_18_01.bmp,3.055555555555556,0.0,0.0,0.444444444,0.511309993,0.055555556,0.23570226,0.0,0.0,0.388888889,0.501631326,0.388888889,0.501631326,0.111111111,0.323380833
32_12_03.bmp,2.6666666666666665,0.5,0.514495755,0.555555556,0.511309993,0.111111111,0.323380833,0.055555556,0.23570226,0.333333333,0.48507125,0.055555556,0.23570226,0.055555556,0.23570226
06_20_03.bmp,2.333333333333333,0.611111111,0.501631326,0.277777778,0.460888599,0.111111111,0.323380833,0.0,0.0,0.055555556,0.23570226,0.0,0.0,0.055555556,0.23570226
0678.jpg,3.5,0.055555556,0.23570226,0.222222222,0.427792632,0.0,0.0,0.111111111,0.323380833,0.388888889,0.501631326,0.055555556,0.23570226,0.055555556,0.23570226
19_12_03.bmp,2.7222222222222223,0.833333333,0.383482494,0.222222222,0.427792632,0.055555556,0.23570226,0.0,0.0,0.111111111,0.323380833,0.111111111,0.323380833,0.055555556,0.23570226
01_13_02.bmp,3.055555555555556,0.055555556,0.23570226,0.666666667,0.48507125,0.166666667,0.383482494,0.0,0.0,0.055555556,0.23570226,0.0,0.0,0.055555556,0.23570226
34_09_04.bmp,2.2777777777777777,0.777777778,0.427792632,0.333333333,0.48507125,0.055555556,0.23570226,0.055555556,0.23570226,0.055555556,0.23570226,0.055555556,0.23570226,0.055555556,0.23570226
01264.jpg,3.2222222222222223,0.166666667,0.383482494,0.444444444,0.511309993,0.111111111,0.323380833,0.0,0.0,0.444444444,0.511309993,0.666666667,0.48507125,0.0,0.0
20_25_01.bmp,3.111111111111111,0.111111111,0.323380833,0.277777778,0.460888599,0.055555556,0.23570226,0.055555556,0.23570226,0.055555556,0.23570226,0.055555556,0.23570226,0.5,0.514495755
19_20_05.bmp,1.7222222222222223,0.555555556,0.511309993,0.166666667,0.383482494,0.277777778,0.460888599,0.222222222,0.427792632,0.111111111,0.323380833,0.111111111,0.323380833,0.055555556,0.23570226
35_24_05.bmp,1.3888888888888888,0.055555556,0.23570226,0.944444444,0.23570226,0.111111111,0.323380833,0.0,0.0,0.0,0.0,0.0,0.0,0.055555556,0.23570226
34_20_03.bmp,2.611111111111111,0.444444444,0.511309993,0.5,0.514495755,0.166666667,0.383482494,0.055555556,0.23570226,0.0,0.0,0.055555556,0.23570226,0.0,0.0
16_06_04.bmp,2.0,0.333333333,0.48507125,0.166666667,0.383482494,0.166666667,0.383482494,0.111111111,0.323380833,0.277777778,0.460888599,0.444444444,0.511309993,0.055555556,0.23570226
26_08_03.bmp,3.2222222222222223,0.111111111,0.323380833,0.333333333,0.48507125,0.111111111,0.323380833,0.055555556,0.23570226,0.055555556,0.23570226,0.0,0.0,0.0,0.0
0040.jpg,3.6666666666666665,0.055555556,0.23570226,0.166666667,0.383482494,0.722222222,0.460888599,0.055555556,0.23570226,0.055555556,0.23570226,0.0,0.0,0.0,0.0
12_20_05.bmp,1.7222222222222223,0.444444444,0.511309993,0.111111111,0.323380833,0.166666667,0.383482494,0.333333333,0.48507125,0.055555556,0.23570226,0.055555556,0.23570226,0.055555556,0.23570226
01_09_01.bmp,2.7222222222222223,0.444444444,0.511309993,0.5,0.514495755,0.166666667,0.383482494,0.0,0.0,0.0,0.0,0.055555556,0.23570226,0.111111111,0.323380833
0558.jpg,2.7222222222222223,0.055555556,0.23570226,0.444444444,0.511309993,0.0,0.0,0.055555556,0.23570226,0.722222222,0.460888599,0.055555556,0.23570226,0.0,0.0
0767.jpg,3.1666666666666665,0.055555556,0.23570226,0.444444444,0.511309993,0.0,0.0,0.0,0.0,0.388888889,0.501631326,0.222222222,0.427792632,0.055555556,0.23570226
35_13_03.bmp,2.555555555555556,0.111111111,0.323380833,0.444444444,0.511309993,0.666666667,0.48507125,0.0,0.0,0.0,0.0,0.0,0.0,0.055555556,0.23570226
10_12_02.bmp,2.7222222222222223,0.722222222,0.460888599,0.388888889,0.501631326,0.0,0.0,0.0,0.0,0.277777778,0.460888599,0.166666667,0.383482494,0.055555556,0.23570226
35_01_02.bmp,2.611111111111111,0.055555556,0.23570226,0.777777778,0.427792632,0.055555556,0.23570226,0.0,0.0,0.0,0.0,0.055555556,0.23570226,0.055555556,0.23570226
25_06_01.bmp,3.2777777777777777,0.277777778,0.460888599,0.555555556,0.511309993,0.111111111,0.323380833,0.0,0.0,0.166666667,0.383482494,0.055555556,0.23570226,0.055555556,0.23570226
0046.jpg,3.2222222222222223,0.055555556,0.23570226,0.277777778,0.460888599,0.833333333,0.383482494,0.0,0.0,0.111111111,0.323380833,0.0,0.0,0.0,0.0
07_03_04.bmp,2.1666666666666665,0.0,0.0,0.777777778,0.427792632,0.166666667,0.383482494,0.0,0.0,0.055555556,0.23570226,0.0,0.0,0.055555556,0.23570226
14_23_01.bmp,3.1666666666666665,0.111111111,0.323380833,0.166666667,0.383482494,0.0,0.0,0.777777778,0.427792632,0.0,0.0,0.0,0.0,0.055555556,0.23570226
12_02_01.bmp,3.388888888888889,0.055555556,0.23570226,0.611111111,0.501631326,0.111111111,0.323380833,0.0,0.0,0.055555556,0.23570226,0.055555556,0.23570226,0.055555556,0.23570226
0844.jpg,3.6666666666666665,0.166666667,0.383482494,0.166666667,0.383482494,0.0,0.0,0.111111111,0.323380833,0.166666667,0.383482494,0.055555556,0.23570226,0.0,0.0
05_13_01.bmp,3.4444444444444446,0.222222222,0.427792632,0.333333333,0.48507125,0.111111111,0.323380833,0.055555556,0.23570226,0.055555556,0.23570226,0.055555556,0.23570226,0.055555556,0.23570226
19_08_01.bmp,3.5,0.222222222,0.427792632,0.444444444,0.511309993,0.111111111,0.323380833,0.0,0.0,0.111111111,0.323380833,0.055555556,0.23570226,0.055555556,0.23570226
33_01_05.bmp,1.7777777777777777,0.0,0.0,0.944444444,0.23570226,0.055555556,0.23570226,0.0,0.0,0.388888889,0.501631326,0.0,0.0,0.055555556,0.23570226
17_17_01.bmp,2.7222222222222223,0.166666667,0.383482494,0.5,0.514495755,0.0,0.0,0.0,0.0,0.277777778,0.460888599,0.111111111,0.323380833,0.166666667,0.383482494
0686.jpg,2.2222222222222223,0.111111111,0.323380833,0.722222222,0.460888599,0.0,0.0,0.111111111,0.323380833,0.166666667,0.383482494,0.111111111,0.323380833,0.0,0.0
36_22_01.bmp,2.7777777777777777,0.166666667,0.383482494,0.5,0.514495755,0.333333333,0.48507125,0.0,0.0,0.0,0.0,0.0,0.0,0.111111111,0.323380833
33_12_04.bmp,2.611111111111111,0.444444444,0.511309993,0.5,0.514495755,0.0,0.0,0.0,0.0,0.5,0.514495755,0.055555556,0.23570226,0.0,0.0
05_16_03.bmp,2.7222222222222223,0.222222222,0.427792632,0.611111111,0.501631326,0.166666667,0.383482494,0.055555556,0.23570226,0.0,0.0,0.111111111,0.323380833,0.0,0.0
0365.jpg,2.055555555555556,0.055555556,0.23570226,0.888888889,0.323380833,0.0,0.0,0.055555556,0.23570226,0.111111111,0.323380833,0.055555556,0.23570226,0.0,0.0
0382.jpg,2.333333333333333,0.111111111,0.323380833,0.888888889,0.323380833,0.0,0.0,0.166666667,0.383482494,0.111111111,0.323380833,0.0,0.0,0.0,0.0
17_21_04.bmp,2.4444444444444446,0.222222222,0.427792632,0.277777778,0.460888599,0.111111111,0.323380833,0.611111111,0.501631326,0.166666667,0.383482494,0.111111111,0.323380833,0.0,0.0
1048.jpg,3.111111111111111,0.055555556,0.23570226,0.555555556,0.511309993,0.0,0.0,0.666666667,0.48507125,0.166666667,0.383482494,0.055555556,0.23570226,0.0,0.0
07_03_01.bmp,3.555555555555556,0.055555556,0.23570226,0.444444444,0.511309993,0.222222222,0.427792632,0.0,0.0,0.111111111,0.323380833,0.0,0.0,0.111111111,0.323380833
1080.jpg,3.4444444444444446,0.111111111,0.323380833,0.388888889,0.501631326,0.055555556,0.23570226,0.388888889,0.501631326,0.055555556,0.23570226,0.055555556,0.23570226,0.055555556,0.23570226
0505.jpg,2.888888888888889,0.055555556,0.23570226,0.444444444,0.511309993,0.0,0.0,0.666666667,0.48507125,0.777777778,0.427792632,0.055555556,0.23570226,0.055555556,0.23570226
0962.jpg,3.388888888888889,0.111111111,0.323380833,0.166666667,0.383482494,0.0,0.0,0.666666667,0.48507125,0.111111111,0.323380833,0.055555556,0.23570226,0.0,0.0
20_09_04.bmp,2.611111111111111,0.777777778,0.427792632,0.222222222,0.427792632,0.055555556,0.23570226,0.055555556,0.23570226,0.055555556,0.23570226,0.111111111,0.323380833,0.0,0.0
22_01_01.bmp,3.5,0.111111111,0.323380833,0.611111111,0.501631326,0.0,0.0,0.0,0.0,0.111111111,0.323380833,0.166666667,0.383482494,0.0,0.0
0077.jpg,3.555555555555556,0.055555556,0.23570226,0.222222222,0.427792632,0.444444444,0.511309993,0.0,0.0,0.222222222,0.427792632,0.055555556,0.23570226,0.055555556,0.23570226
25_20_03.bmp,2.0,0.5,0.514495755,0.444444444,0.511309993,0.222222222,0.427792632,0.222222222,0.427792632,0.166666667,0.383482494,0.055555556,0.23570226,0.0,0.0
04_07_05.bmp,1.3333333333333333,0.333333333,0.48507125,0.833333333,0.383482494,0.111111111,0.323380833,0.0,0.0,0.111111111,0.323380833,0.055555556,0.23570226,0.111111111,0.323380833
0635.jpg,3.4444444444444446,0.055555556,0.23570226,0.5,0.514495755,0.055555556,0.23570226,0.111111111,0.323380833,0.111111111,0.323380833,0.055555556,0.23570226,0.055555556,0.23570226
03_05_05.bmp,2.055555555555556,0.333333333,0.48507125,0.722222222,0.460888599,0.111111111,0.323380833,0.0,0.0,0.166666667,0.383482494,0.111111111,0.323380833,0.055555556,0.23570226
32_25_01.bmp,2.7222222222222223,0.055555556,0.23570226,0.277777778,0.460888599,0.055555556,0.23570226,0.055555556,0.23570226,0.277777778,0.460888599,0.055555556,0.23570226,0.888888889,0.323380833
35_20_05.bmp,1.7222222222222223,0.555555556,0.511309993,0.555555556,0.511309993,0.222222222,0.427792632,0.166666667,0.383482494,0.0,0.0,0.0,0.0,0.0,0.0
27_19_03.bmp,2.611111111111111,0.166666667,0.383482494,0.444444444,0.511309993,0.444444444,0.511309993,0.055555556,0.23570226,0.388888889,0.501631326,0.111111111,0.323380833,0.055555556,0.23570226
29_03_04.bmp,2.5,0.111111111,0.323380833,0.777777778,0.427792632,0.0,0.0,0.111111111,0.323380833,0.055555556,0.23570226,0.055555556,0.23570226,0.0,0.0
34_11_04.bmp,2.1666666666666665,0.888888889,0.323380833,0.333333333,0.48507125,0.166666667,0.383482494,0.0,0.0,0.111111111,0.323380833,0.0,0.0,0.055555556,0.23570226
08_23_05.bmp,2.2222222222222223,0.166666667,0.383482494,0.055555556,0.23570226,0.0,0.0,0.777777778,0.427792632,0.0,0.0,0.055555556,0.23570226,0.055555556,0.23570226
32_04_01.bmp,2.7777777777777777,0.055555556,0.23570226,0.444444444,0.511309993,0.277777778,0.460888599,0.0,0.0,0.388888889,0.501631326,0.055555556,0.23570226,0.0,0.0
06_19_02.bmp,3.4444444444444446,0.444444444,0.511309993,0.333333333,0.48507125,0.222222222,0.427792632,0.0,0.0,0.0,0.0,0.166666667,0.383482494,0.055555556,0.23570226
04_08_03.bmp,2.6666666666666665,0.388888889,0.501631326,0.722222222,0.460888599,0.111111111,0.323380833,0.0,0.0,0.222222222,0.427792632,0.055555556,0.23570226,0.111111111,0.323380833
27_18_04.bmp,2.833333333333333,0.111111111,0.323380833,0.666666667,0.48507125,0.0,0.0,0.0,0.0,0.388888889,0.501631326,0.111111111,0.323380833,0.0,0.0
21_19_03.bmp,2.611111111111111,0.166666667,0.383482494,0.388888889,0.501631326,0.5,0.514495755,0.0,0.0,0.0,0.0,0.0,0.0,0.055555556,0.23570226
37_07_02.bmp,2.833333333333333,0.222222222,0.427792632,0.833333333,0.383482494,0.0,0.0,0.055555556,0.23570226,0.055555556,0.23570226,0.111111111,0.323380833,0.055555556,0.23570226
08_17_01.bmp,3.7222222222222223,0.277777778,0.460888599,0.111111111,0.323380833,0.111111111,0.323380833,0.055555556,0.23570226,0.166666667,0.383482494,0.055555556,0.23570226,0.055555556,0.23570226
06_21_01.bmp,2.5,0.111111111,0.323380833,0.277777778,0.460888599,0.833333333,0.383482494,0.0,0.0,0.0,0.0,0.055555556,0.23570226,0.055555556,0.23570226
0755.jpg,3.7777777777777777,0.055555556,0.23570226,0.388888889,0.501631326,0.0,0.0,0.0,0.0,0.111111111,0.323380833,0.0,0.0,0.055555556,0.23570226
01310.jpg,3.111111111111111,0.388888889,0.501631326,0.611111111,0.501631326,0.0,0.0,0.277777778,0.460888599,0.055555556,0.23570226,0.444444444,0.511309993,0.0,0.0
25_22_02.bmp,2.388888888888889,0.222222222,0.427792632,0.833333333,0.383482494,0.055555556,0.23570226,0.0,0.0,0.166666667,0.383482494,0.0,0.0,0.0,0.0
17_12_04.bmp,2.2777777777777777,0.666666667,0.48507125,0.333333333,0.48507125,0.111111111,0.323380833,0.0,0.0,0.222222222,0.427792632,0.055555556,0.23570226,0.0,0.0
16_20_05.bmp,1.7777777777777777,0.555555556,0.511309993,0.166666667,0.383482494,0.333333333,0.48507125,0.222222222,0.427792632,0.277777778,0.460888599,0.277777778,0.460888599,0.055555556,0.23570226
24_05_01.bmp,3.388888888888889,0.055555556,0.23570226,0.444444444,0.511309993,0.055555556,0.23570226,0.055555556,0.23570226,0.0,0.0,0.0,0.0,0.055555556,0.23570226
13_04_03.bmp,3.388888888888889,0.222222222,0.427792632,0.333333333,0.48507125,0.111111111,0.323380833,0.055555556,0.23570226,0.166666667,0.383482494,0.055555556,0.23570226,0.055555556,0.23570226
29_04_02.bmp,2.6666666666666665,0.388888889,0.501631326,0.222222222,0.427792632,0.277777778,0.460888599,0.055555556,0.23570226,0.111111111,0.323380833,0.222222222,0.427792632,0.055555556,0.23570226
0335.jpg,2.888888888888889,0.111111111,0.323380833,0.666666667,0.48507125,0.055555556,0.23570226,0.166666667,0.383482494,0.055555556,0.23570226,0.0,0.0,0.0,0.0
0988.jpg,3.333333333333333,0.055555556,0.23570226,0.166666667,0.383482494,0.0,0.0,0.666666667,0.48507125,0.222222222,0.427792632,0.0,0.0,0.055555556,0.23570226
01_23_04.bmp,2.2222222222222223,0.055555556,0.23570226,0.666666667,0.48507125,0.111111111,0.323380833,0.722222222,0.460888599,0.0,0.0,0.222222222,0.427792632,0.166666667,0.383482494
08_07_03.bmp,2.4444444444444446,0.277777778,0.460888599,0.777777778,0.427792632,0.0,0.0,0.055555556,0.23570226,0.055555556,0.23570226,0.055555556,0.23570226,0.0,0.0
0963.jpg,2.888888888888889,0.0,0.0,0.388888889,0.501631326,0.055555556,0.23570226,0.666666667,0.48507125,0.111111111,0.323380833,0.0,0.0,0.055555556,0.23570226
0311.jpg,3.055555555555556,0.166666667,0.383482494,0.666666667,0.48507125,0.055555556,0.23570226,0.166666667,0.383482494,0.222222222,0.427792632,0.0,0.0,0.055555556,0.23570226
0235.jpg,1.9444444444444444,0.111111111,0.323380833,0.333333333,0.48507125,0.0,0.0,0.833333333,0.383482494,0.055555556,0.23570226,0.0,0.0,0.055555556,0.23570226
29_18_03.bmp,3.055555555555556,0.111111111,0.323380833,0.666666667,0.48507125,0.0,0.0,0.0,0.0,0.111111111,0.323380833,0.111111111,0.323380833,0.0,0.0
33_03_05.bmp,2.111111111111111,0.111111111,0.323380833,0.777777778,0.427792632,0.0,0.0,0.0,0.0,0.388888889,0.501631326,0.0,0.0,0.0,0.0
16_17_05.bmp,2.2777777777777777,0.111111111,0.323380833,0.388888889,0.501631326,0.0,0.0,0.0,0.0,0.444444444,0.511309993,0.5,0.514495755,0.055555556,0.23570226
0517.jpg,2.7222222222222223,0.111111111,0.323380833,0.388888889,0.501631326,0.055555556,0.23570226,0.444444444,0.511309993,0.666666667,0.48507125,0.055555556,0.23570226,0.055555556,0.23570226
15_17_04.bmp,2.2777777777777777,0.111111111,0.323380833,0.444444444,0.511309993,0.055555556,0.23570226,0.0,0.0,0.333333333,0.48507125,0.055555556,0.23570226,0.277777778,0.460888599
0939.jpg,2.888888888888889,0.055555556,0.23570226,0.333333333,0.48507125,0.055555556,0.23570226,0.666666667,0.48507125,0.166666667,0.383482494,0.055555556,0.23570226,0.055555556,0.23570226
18_06_01.bmp,3.055555555555556,0.166666667,0.383482494,0.611111111,0.501631326,0.111111111,0.323380833,0.111111111,0.323380833,0.055555556,0.23570226,0.0,0.0,0.055555556,0.23570226
0765.jpg,3.333333333333333,0.111111111,0.323380833,0.388888889,0.501631326,0.0,0.0,0.0,0.0,0.277777778,0.460888599,0.0,0.0,0.055555556,0.23570226
13_01_04.bmp,2.2777777777777777,0.0,0.0,0.888888889,0.323380833,0.055555556,0.23570226,0.055555556,0.23570226,0.166666667,0.383482494,0.055555556,0.23570226,0.111111111,0.323380833
0834.jpg,3.4444444444444446,0.0,0.0,0.555555556,0.511309993,0.0,0.0,0.111111111,0.323380833,0.111111111,0.323380833,0.0,0.0,0.055555556,0.23570226
31_09_05.bmp,2.2777777777777777,0.777777778,0.427792632,0.222222222,0.427792632,0.111111111,0.323380833,0.0,0.0,0.166666667,0.383482494,0.0,0.0,0.055555556,0.23570226
33_07_04.bmp,1.8888888888888888,0.166666667,0.383482494,0.888888889,0.323380833,0.0,0.0,0.055555556,0.23570226,0.333333333,0.48507125,0.055555556,0.23570226,0.0,0.0
22_08_03.bmp,2.4444444444444446,0.222222222,0.427792632,0.722222222,0.460888599,0.0,0.0,0.055555556,0.23570226,0.111111111,0.323380833,0.166666667,0.383482494,0.0,0.0
05_03_03.bmp,2.4444444444444446,0.055555556,0.23570226,0.833333333,0.383482494,0.111111111,0.323380833,0.0,0.0,0.0,0.0,0.055555556,0.23570226,0.055555556,0.23570226
27_04_04.bmp,2.2777777777777777,0.333333333,0.48507125,0.444444444,0.511309993,0.111111111,0.323380833,0.111111111,0.323380833,0.333333333,0.48507125,0.111111111,0.323380833,0.0,0.0
12_05_02.bmp,3.2222222222222223,0.333333333,0.48507125,0.555555556,0.511309993,0.111111111,0.323380833,0.0,0.0,0.055555556,0.23570226,0.055555556,0.23570226,0.055555556,0.23570226
0483.jpg,3.2222222222222223,0.111111111,0.323380833,0.333333333,0.48507125,0.0,0.0,0.111111111,0.323380833,0.722222222,0.460888599,0.0,0.0,0.055555556,0.23570226
02_15_05.bmp,2.7222222222222223,0.111111111,0.323380833,0.444444444,0.511309993,0.111111111,0.323380833,0.388888889,0.501631326,0.388888889,0.501631326,0.055555556,0.23570226,0.0,0.0
0880.jpg,3.611111111111111,0.055555556,0.23570226,0.444444444,0.511309993,0.0,0.0,0.055555556,0.23570226,0.277777778,0.460888599,0.0,0.0,0.0,0.0
09_10_04.bmp,2.4444444444444446,0.722222222,0.460888599,0.444444444,0.511309993,0.055555556,0.23570226,0.055555556,0.23570226,0.166666667,0.383482494,0.111111111,0.323380833,0.0,0.0
02_01_02.bmp,3.333333333333333,0.0,0.0,0.444444444,0.511309993,0.0,0.0,0.0,0.0,0.666666667,0.48507125,0.055555556,0.23570226,0.111111111,0.323380833
35_12_02.bmp,2.611111111111111,0.722222222,0.460888599,0.5,0.514495755,0.055555556,0.23570226,0.055555556,0.23570226,0.055555556,0.23570226,0.055555556,0.23570226,0.055555556,0.23570226
0670.jpg,3.4444444444444446,0.055555556,0.23570226,0.277777778,0.460888599,0.0,0.0,0.111111111,0.323380833,0.277777778,0.460888599,0.055555556,0.23570226,0.055555556,0.23570226
09_06_02.bmp,2.555555555555556,0.333333333,0.48507125,0.5,0.514495755,0.166666667,0.383482494,0.055555556,0.23570226,0.111111111,0.323380833,0.166666667,0.383482494,0.0,0.0
36_10_02.bmp,3.055555555555556,0.444444444,0.511309993,0.555555556,0.511309993,0.055555556,0.23570226,0.055555556,0.23570226,0.0,0.0,0.055555556,0.23570226,0.055555556,0.23570226
01179.jpg,3.6666666666666665,0.277777778,0.460888599,0.5,0.514495755,0.055555556,0.23570226,0.0,0.0,0.0,0.0,0.0,0.0,0.0,0.0
34_22_01.bmp,2.611111111111111,0.222222222,0.427792632,0.722222222,0.460888599,0.333333333,0.48507125,0.055555556,0.23570226,0.0,0.0,0.0,0.0,0.055555556,0.23570226
28_02_03.bmp,2.388888888888889,0.0,0.0,0.833333333,0.383482494,0.111111111,0.323380833,0.0,0.0,0.166666667,0.383482494,0.0,0.0,0.055555556,0.23570226
0531.jpg,2.6666666666666665,0.111111111,0.323380833,0.555555556,0.511309993,0.055555556,0.23570226,0.222222222,0.427792632,0.777777778,0.427792632,0.0,0.0,0.055555556,0.23570226
28_25_03.bmp,2.4444444444444446,0.055555556,0.23570226,0.111111111,0.323380833,0.055555556,0.23570226,0.055555556,0.23570226,0.166666667,0.383482494,0.055555556,0.23570226,0.833333333,0.383482494
31_17_01.bmp,2.833333333333333,0.111111111,0.323380833,0.555555556,0.511309993,0.0,0.0,0.0,0.0,0.277777778,0.460888599,0.111111111,0.323380833,0.277777778,0.460888599
14_06_05.bmp,1.3333333333333333,0.333333333,0.48507125,0.388888889,0.501631326,0.277777778,0.460888599,0.055555556,0.23570226,0.055555556,0.23570226,0.055555556,0.23570226,0.055555556,0.23570226
0444.jpg,2.833333333333333,0.055555556,0.23570226,0.722222222,0.460888599,0.0,0.0,0.055555556,0.23570226,0.222222222,0.427792632,0.111111111,0.323380833,0.111111111,0.323380833
15_11_03.bmp,2.833333333333333,0.722222222,0.460888599,0.111111111,0.323380833,0.055555556,0.23570226,0.0,0.0,0.277777778,0.460888599,0.0,0.0,0.055555556,0.23570226
32_02_01.bmp,2.7777777777777777,0.055555556,0.23570226,0.5,0.514495755,0.222222222,0.427792632,0.055555556,0.23570226,0.5,0.514495755,0.055555556,0.23570226,0.0,0.0
27_03_05.bmp,1.8888888888888888,0.0,0.0,0.833333333,0.383482494,0.0,0.0,0.0,0.0,0.444444444,0.511309993,0.055555556,0.23570226,0.0,0.0
17_11_05.bmp,2.111111111111111,0.777777778,0.427792632,0.222222222,0.427792632,0.055555556,0.23570226,0.055555556,0.23570226,0.222222222,0.427792632,0.166666667,0.383482494,0.0,0.0
01176.jpg,3.111111111111111,0.277777778,0.460888599,0.666666667,0.48507125,0.5,0.514495755,0.0,0.0,0.111111111,0.323380833,0.222222222,0.427792632,0.166666667,0.383482494
26_14_02.bmp,4.111111111111111,0.111111111,0.323380833,0.055555556,0.23570226,0.055555556,0.23570226,0.111111111,0.323380833,0.055555556,0.23570226,0.055555556,0.23570226,0.055555556,0.23570226
15_20_01.bmp,2.7777777777777777,0.388888889,0.501631326,0.222222222,0.427792632,0.166666667,0.383482494,0.333333333,0.48507125,0.277777778,0.460888599,0.0,0.0,0.0,0.0
37_06_05.bmp,1.6111111111111112,0.5,0.514495755,0.444444444,0.511309993,0.277777778,0.460888599,0.111111111,0.323380833,0.111111111,0.323380833,0.277777778,0.460888599,0.055555556,0.23570226
0081.jpg,2.2222222222222223,0.055555556,0.23570226,0.722222222,0.460888599,0.777777778,0.427792632,0.055555556,0.23570226,0.166666667,0.383482494,0.0,0.0,0.0,0.0
05_09_05.bmp,2.055555555555556,0.833333333,0.383482494,0.333333333,0.48507125,0.111111111,0.323380833,0.0,0.0,0.111111111,0.323380833,0.055555556,0.23570226,0.0,0.0
07_25_05.bmp,1.7777777777777777,0.055555556,0.23570226,0.166666667,0.383482494,0.111111111,0.323380833,0.055555556,0.23570226,0.055555556,0.23570226,0.0,0.0,0.888888889,0.323380833
1089.jpg,3.4444444444444446,0.055555556,0.23570226,0.555555556,0.511309993,0.0,0.0,0.0,0.0,0.0,0.0,0.055555556,0.23570226,0.0,0.0
24_04_04.bmp,2.333333333333333,0.388888889,0.501631326,0.388888889,0.501631326,0.222222222,0.427792632,0.0,0.0,0.0,0.0,0.055555556,0.23570226,0.0,0.0
24_19_04.bmp,2.2777777777777777,0.333333333,0.48507125,0.666666667,0.48507125,0.055555556,0.23570226,0.055555556,0.23570226,0.055555556,0.23570226,0.0,0.0,0.0,0.0
01309.jpg,3.388888888888889,0.333333333,0.48507125,0.388888889,0.501631326,0.0,0.0,0.055555556,0.23570226,0.5,0.514495755,0.0,0.0,0.055555556,0.23570226
30_24_05.bmp,1.4444444444444444,0.0,0.0,0.888888889,0.323380833,0.055555556,0.23570226,0.0,0.0,0.166666667,0.383482494,0.0,0.0,0.111111111,0.323380833
27_18_02.bmp,2.9444444444444446,0.166666667,0.383482494,0.611111111,0.501631326,0.055555556,0.23570226,0.0,0.0,0.5,0.514495755,0.055555556,0.23570226,0.055555556,0.23570226
16_02_03.bmp,2.1666666666666665,0.055555556,0.23570226,0.777777778,0.427792632,0.0,0.0,0.0,0.0,0.333333333,0.48507125,0.388888889,0.501631326,0.0,0.0
21_21_01.bmp,2.7777777777777777,0.055555556,0.23570226,0.277777778,0.460888599,0.666666667,0.48507125,0.055555556,0.23570226,0.055555556,0.23570226,0.0,0.0,0.055555556,0.23570226
12_11_05.bmp,2.1666666666666665,0.833333333,0.383482494,0.277777778,0.460888599,0.055555556,0.23570226,0.0,0.0,0.111111111,0.323380833,0.055555556,0.23570226,0.0,0.0
0011.jpg,3.8333333333333335,0.055555556,0.23570226,0.111111111,0.323380833,0.722222222,0.460888599,0.0,0.0,0.0,0.0,0.0,0.0,0.0,0.0
34_25_04.bmp,2.2777777777777777,0.111111111,0.323380833,0.111111111,0.323380833,0.111111111,0.323380833,0.055555556,0.23570226,0.0,0.0,0.0,0.0,0.944444444,0.23570226
37_11_02.bmp,3.1666666666666665,0.666666667,0.48507125,0.333333333,0.48507125,0.0,0.0,0.0,0.0,0.111111111,0.323380833,0.111111111,0.323380833,0.0,0.0
11_01_01.bmp,3.111111111111111,0.111111111,0.323380833,0.388888889,0.501631326,0.0,0.0,0.055555556,0.23570226,0.388888889,0.501631326,0.222222222,0.427792632,0.0,0.0
36_24_02.bmp,2.5,0.111111111,0.323380833,0.833333333,0.383482494,0.222222222,0.427792632,0.0,0.0,0.0,0.0,0.0,0.0,0.111111111,0.323380833
01_06_03.bmp,2.4444444444444446,0.111111111,0.323380833,0.666666667,0.48507125,0.111111111,0.323380833,0.0,0.0,0.055555556,0.23570226,0.444444444,0.511309993,0.111111111,0.323380833
14_07_01.bmp,3.055555555555556,0.166666667,0.383482494,0.666666667,0.48507125,0.055555556,0.23570226,0.0,0.0,0.055555556,0.23570226,0.111111111,0.323380833,0.055555556,0.23570226
01188.jpg,2.6666666666666665,0.333333333,0.48507125,0.777777778,0.427792632,0.0,0.0,0.222222222,0.427792632,0.333333333,0.48507125,0.0,0.0,0.055555556,0.23570226
13_03_04.bmp,2.333333333333333,0.055555556,0.23570226,0.888888889,0.323380833,0.055555556,0.23570226,0.0,0.0,0.166666667,0.383482494,0.055555556,0.23570226,0.055555556,0.23570226
25_08_03.bmp,2.111111111111111,0.277777778,0.460888599,0.777777778,0.427792632,0.111111111,0.323380833,0.0,0.0,0.111111111,0.323380833,0.055555556,0.23570226,0.111111111,0.323380833
0155.jpg,2.111111111111111,0.111111111,0.323380833,0.333333333,0.48507125,0.833333333,0.383482494,0.0,0.0,0.166666667,0.383482494,0.0,0.0,0.0,0.0
0217.jpg,2.5,0.222222222,0.427792632,0.444444444,0.511309993,0.111111111,0.323380833,0.777777778,0.427792632,0.111111111,0.323380833,0.0,0.0,0.0,0.0
06_20_02.bmp,2.7777777777777777,0.555555556,0.511309993,0.333333333,0.48507125,0.055555556,0.23570226,0.0,0.0,0.111111111,0.323380833,0.0,0.0,0.055555556,0.23570226
09_11_03.bmp,2.555555555555556,0.611111111,0.501631326,0.5,0.514495755,0.111111111,0.323380833,0.0,0.0,0.166666667,0.383482494,0.055555556,0.23570226,0.055555556,0.23570226
26_16_03.bmp,3.1666666666666665,0.055555556,0.23570226,0.277777778,0.460888599,0.055555556,0.23570226,0.444444444,0.511309993,0.055555556,0.23570226,0.0,0.0,0.0,0.0
01380.jpg,3.333333333333333,0.0,0.0,0.722222222,0.460888599,0.111111111,0.323380833,0.055555556,0.23570226,0.0,0.0,0.0,0.0,0.055555556,0.23570226
0938.jpg,2.9444444444444446,0.111111111,0.323380833,0.388888889,0.501631326,0.0,0.0,0.722222222,0.460888599,0.222222222,0.427792632,0.055555556,0.23570226,0.055555556,0.23570226
17_20_05.bmp,1.6111111111111112,0.555555556,0.511309993,0.277777778,0.460888599,0.277777778,0.460888599,0.277777778,0.460888599,0.166666667,0.383482494,0.0,0.0,0.0,0.0
14_13_05.bmp,1.6111111111111112,0.0,0.0,0.222222222,0.427792632,0.888888889,0.323380833,0.111111111,0.323380833,0.0,0.0,0.055555556,0.23570226,0.111111111,0.323380833
06_23_02.bmp,3.2222222222222223,0.055555556,0.23570226,0.0,0.0,0.055555556,0.23570226,0.777777778,0.427792632,0.0,0.0,0.0,0.0,0.055555556,0.23570226
02_14_04.bmp,2.0,0.111111111,0.323380833,0.388888889,0.501631326,0.0,0.0,0.888888889,0.323380833,0.388888889,0.501631326,0.111111111,0.323380833,0.0,0.0
0363.jpg,2.4444444444444446,0.111111111,0.323380833,0.944444444,0.23570226,0.055555556,0.23570226,0.055555556,0.23570226,0.0,0.0,0.0,0.0,0.0,0.0
37_15_01.bmp,3.111111111111111,0.055555556,0.23570226,0.277777778,0.460888599,0.666666667,0.48507125,0.055555556,0.23570226,0.111111111,0.323380833,0.0,0.0,0.0,0.0
01370.jpg,3.2777777777777777,0.0,0.0,0.777777778,0.427792632,0.055555556,0.23570226,0.0,0.0,0.055555556,0.23570226,0.0,0.0,0.055555556,0.23570226
0927.jpg,1.6666666666666667,0.0,0.0,0.888888889,0.323380833,0.055555556,0.23570226,0.111111111,0.323380833,0.277777778,0.460888599,0.055555556,0.23570226,0.0,0.0
35_25_03.bmp,2.0,0.055555556,0.23570226,0.388888889,0.501631326,0.055555556,0.23570226,0.0,0.0,0.0,0.0,0.0,0.0,1.0,0.0
09_09_04.bmp,2.4444444444444446,0.722222222,0.460888599,0.333333333,0.48507125,0.055555556,0.23570226,0.055555556,0.23570226,0.166666667,0.383482494,0.111111111,0.323380833,0.0,0.0
19_24_04.bmp,1.6111111111111112,0.055555556,0.23570226,0.833333333,0.383482494,0.0,0.0,0.0,0.0,0.166666667,0.383482494,0.111111111,0.323380833,0.111111111,0.323380833
17_16_03.bmp,2.833333333333333,0.166666667,0.383482494,0.722222222,0.460888599,0.111111111,0.323380833,0.0,0.0,0.166666667,0.383482494,0.055555556,0.23570226,0.055555556,0.23570226
1026.jpg,3.055555555555556,0.055555556,0.23570226,0.388888889,0.501631326,0.0,0.0,0.555555556,0.511309993,0.111111111,0.323380833,0.055555556,0.23570226,0.0,0.0
0326.jpg,2.5,0.166666667,0.383482494,0.833333333,0.383482494,0.055555556,0.23570226,0.111111111,0.323380833,0.055555556,0.23570226,0.0,0.0,0.055555556,0.23570226
20_08_04.bmp,2.111111111111111,0.277777778,0.460888599,0.722222222,0.460888599,0.055555556,0.23570226,0.0,0.0,0.055555556,0.23570226,0.166666667,0.383482494,0.0,0.0
0771.jpg,3.5,0.111111111,0.323380833,0.444444444,0.511309993,0.055555556,0.23570226,0.0,0.0,0.166666667,0.383482494,0.055555556,0.23570226,0.055555556,0.23570226
17_18_02.bmp,2.7222222222222223,0.222222222,0.427792632,0.777777778,0.427792632,0.0,0.0,0.0,0.0,0.222222222,0.427792632,0.166666667,0.383482494,0.0,0.0
10_10_01.bmp,3.333333333333333,0.333333333,0.48507125,0.388888889,0.501631326,0.055555556,0.23570226,0.0,0.0,0.333333333,0.48507125,0.111111111,0.323380833,0.0,0.0
0974.jpg,3.5,0.055555556,0.23570226,0.277777778,0.460888599,0.0,0.0,0.611111111,0.501631326,0.222222222,0.427792632,0.055555556,0.23570226,0.0,0.0
08_20_03.bmp,2.4444444444444446,0.5,0.514495755,0.222222222,0.427792632,0.277777778,0.460888599,0.277777778,0.460888599,0.055555556,0.23570226,0.055555556,0.23570226,0.055555556,0.23570226
06_14_03.bmp,3.555555555555556,0.277777778,0.460888599,0.111111111,0.323380833,0.055555556,0.23570226,0.222222222,0.427792632,0.055555556,0.23570226,0.055555556,0.23570226,0.055555556,0.23570226
01375.jpg,3.388888888888889,0.0,0.0,0.722222222,0.460888599,0.111111111,0.323380833,0.055555556,0.23570226,0.0,0.0,0.0,0.0,0.055555556,0.23570226
0265.jpg,1.8333333333333333,0.111111111,0.323380833,0.277777778,0.460888599,0.111111111,0.323380833,0.833333333,0.383482494,0.055555556,0.23570226,0.0,0.0,0.0,0.0
25_06_03.bmp,2.555555555555556,0.277777778,0.460888599,0.444444444,0.511309993,0.277777778,0.460888599,0.055555556,0.23570226,0.111111111,0.323380833,0.055555556,0.23570226,0.111111111,0.323380833
06_19_03.bmp,3.0,0.555555556,0.511309993,0.388888889,0.501631326,0.222222222,0.427792632,0.0,0.0,0.0,0.0,0.111111111,0.323380833,0.111111111,0.323380833
09_14_02.bmp,2.9444444444444446,0.222222222,0.427792632,0.555555556,0.511309993,0.111111111,0.323380833,0.111111111,0.323380833,0.111111111,0.323380833,0.166666667,0.383482494,0.0,0.0
35_01_01.bmp,3.0,0.166666667,0.383482494,0.666666667,0.48507125,0.055555556,0.23570226,0.0,0.0,0.055555556,0.23570226,0.055555556,0.23570226,0.111111111,0.323380833
06_22_02.bmp,2.7222222222222223,0.222222222,0.427792632,0.722222222,0.460888599,0.222222222,0.427792632,0.055555556,0.23570226,0.0,0.0,0.055555556,0.23570226,0.0,0.0
0239.jpg,2.2222222222222223,0.277777778,0.460888599,0.333333333,0.48507125,0.0,0.0,0.833333333,0.383482494,0.055555556,0.23570226,0.0,0.0,0.111111111,0.323380833
12_11_04.bmp,2.5,0.722222222,0.460888599,0.166666667,0.383482494,0.055555556,0.23570226,0.055555556,0.23570226,0.055555556,0.23570226,0.055555556,0.23570226,0.055555556,0.23570226
28_10_01.bmp,3.111111111111111,0.444444444,0.511309993,0.333333333,0.48507125,0.111111111,0.323380833,0.0,0.0,0.277777778,0.460888599,0.055555556,0.23570226,0.0,0.0
08_22_03.bmp,2.7777777777777777,0.333333333,0.48507125,0.555555556,0.511309993,0.0,0.0,0.0,0.0,0.055555556,0.23570226,0.0,0.0,0.055555556,0.23570226
12_23_04.bmp,2.611111111111111,0.055555556,0.23570226,0.055555556,0.23570226,0.111111111,0.323380833,0.777777778,0.427792632,0.055555556,0.23570226,0.055555556,0.23570226,0.111111111,0.323380833
07_16_04.bmp,2.388888888888889,0.333333333,0.48507125,0.666666667,0.48507125,0.055555556,0.23570226,0.055555556,0.23570226,0.055555556,0.23570226,0.0,0.0,0.0,0.0
06_13_02.bmp,3.888888888888889,0.111111111,0.323380833,0.222222222,0.427792632,0.277777778,0.460888599,0.0,0.0,0.0,0.0,0.0,0.0,0.111111111,0.323380833
0466.jpg,3.333333333333333,0.055555556,0.23570226,0.333333333,0.48507125,0.0,0.0,0.111111111,0.323380833,0.666666667,0.48507125,0.0,0.0,0.055555556,0.23570226
05_22_02.bmp,2.2222222222222223,0.222222222,0.427792632,0.777777778,0.427792632,0.222222222,0.427792632,0.0,0.0,0.0,0.0,0.055555556,0.23570226,0.0,0.0
03_04_04.bmp,3.1666666666666665,0.277777778,0.460888599,0.222222222,0.427792632,0.111111111,0.323380833,0.0,0.0,0.166666667,0.383482494,0.222222222,0.427792632,0.055555556,0.23570226
06_17_03.bmp,2.5,0.166666667,0.383482494,0.444444444,0.511309993,0.055555556,0.23570226,0.0,0.0,0.055555556,0.23570226,0.333333333,0.48507125,0.333333333,0.48507125
17_06_03.bmp,2.2222222222222223,0.222222222,0.427792632,0.444444444,0.511309993,0.166666667,0.383482494,0.055555556,0.23570226,0.222222222,0.427792632,0.222222222,0.427792632,0.0,0.0
26_07_03.bmp,2.611111111111111,0.277777778,0.460888599,0.666666667,0.48507125,0.055555556,0.23570226,0.0,0.0,0.111111111,0.323380833,0.0,0.0,0.0,0.0
15_10_03.bmp,2.7777777777777777,0.722222222,0.460888599,0.166666667,0.383482494,0.055555556,0.23570226,0.0,0.0,0.277777778,0.460888599,0.0,0.0,0.0,0.0
24_22_04.bmp,1.9444444444444444,0.111111111,0.323380833,0.888888889,0.323380833,0.0,0.0,0.055555556,0.23570226,0.055555556,0.23570226,0.0,0.0,0.0,0.0
20_20_02.bmp,2.388888888888889,0.5,0.514495755,0.277777778,0.460888599,0.166666667,0.383482494,0.277777778,0.460888599,0.111111111,0.323380833,0.055555556,0.23570226,0.055555556,0.23570226
14_24_04.bmp,1.7222222222222223,0.055555556,0.23570226,1.0,0.0,0.055555556,0.23570226,0.055555556,0.23570226,0.055555556,0.23570226,0.111111111,0.323380833,0.0,0.0
21_18_03.bmp,2.055555555555556,0.111111111,0.323380833,0.777777778,0.427792632,0.0,0.0,0.055555556,0.23570226,0.055555556,0.23570226,0.111111111,0.323380833,0.0,0.0
34_24_05.bmp,1.2777777777777777,0.055555556,0.23570226,0.888888889,0.323380833,0.166666667,0.383482494,0.0,0.0,0.055555556,0.23570226,0.055555556,0.23570226,0.055555556,0.23570226
03_04_05.bmp,2.611111111111111,0.388888889,0.501631326,0.111111111,0.323380833,0.166666667,0.383482494,0.0,0.0,0.055555556,0.23570226,0.277777778,0.460888599,0.055555556,0.23570226
10_01_02.bmp,3.0,0.0,0.0,0.555555556,0.511309993,0.055555556,0.23570226,0.055555556,0.23570226,0.5,0.514495755,0.333333333,0.48507125,0.0,0.0
01_01_01.bmp,3.2777777777777777,0.111111111,0.323380833,0.555555556,0.511309993,0.166666667,0.383482494,0.055555556,0.23570226,0.055555556,0.23570226,0.111111111,0.323380833,0.111111111,0.323380833
27_16_04.bmp,2.111111111111111,0.277777778,0.460888599,0.722222222,0.460888599,0.055555556,0.23570226,0.0,0.0,0.388888889,0.501631326,0.0,0.0,0.0,0.0
02_25_03.bmp,2.4444444444444446,0.166666667,0.383482494,0.111111111,0.323380833,0.055555556,0.23570226,0.0,0.0,0.222222222,0.427792632,0.055555556,0.23570226,0.888888889,0.323380833
01329.jpg,3.111111111111111,0.055555556,0.23570226,0.722222222,0.460888599,0.055555556,0.23570226,0.0,0.0,0.0,0.0,0.055555556,0.23570226,0.055555556,0.23570226
0953.jpg,3.555555555555556,0.166666667,0.383482494,0.166666667,0.383482494,0.0,0.0,0.611111111,0.501631326,0.166666667,0.383482494,0.0,0.0,0.111111111,0.323380833
31_16_03.bmp,2.4444444444444446,0.333333333,0.48507125,0.611111111,0.501631326,0.0,0.0,0.055555556,0.23570226,0.166666667,0.383482494,0.0,0.0,0.055555556,0.23570226
02_10_01.bmp,3.2222222222222223,0.333333333,0.48507125,0.277777778,0.460888599,0.055555556,0.23570226,0.0,0.0,0.5,0.514495755,0.055555556,0.23570226,0.0,0.0
21_01_02.bmp,3.6666666666666665,0.055555556,0.23570226,0.444444444,0.511309993,0.055555556,0.23570226,0.0,0.0,0.0,0.0,0.055555556,0.23570226,0.0,0.0
20_04_01.bmp,3.1666666666666665,0.111111111,0.323380833,0.444444444,0.511309993,0.055555556,0.23570226,0.055555556,0.23570226,0.166666667,0.383482494,0.111111111,0.323380833,0.055555556,0.23570226
1023.jpg,3.555555555555556,0.111111111,0.323380833,0.333333333,0.48507125,0.0,0.0,0.333333333,0.48507125,0.277777778,0.460888599,0.0,0.0,0.055555556,0.23570226
0469.jpg,3.055555555555556,0.0,0.0,0.5,0.514495755,0.055555556,0.23570226,0.166666667,0.383482494,0.555555556,0.511309993,0.0,0.0,0.111111111,0.323380833
04_17_01.bmp,2.7222222222222223,0.166666667,0.383482494,0.666666667,0.48507125,0.111111111,0.323380833,0.055555556,0.23570226,0.166666667,0.383482494,0.055555556,0.23570226,0.055555556,0.23570226
03_18_01.bmp,3.388888888888889,0.333333333,0.48507125,0.166666667,0.383482494,0.055555556,0.23570226,0.0,0.0,0.111111111,0.323380833,0.055555556,0.23570226,0.055555556,0.23570226
0936.jpg,3.333333333333333,0.055555556,0.23570226,0.222222222,0.427792632,0.0,0.0,0.555555556,0.511309993,0.222222222,0.427792632,0.0,0.0,0.111111111,0.323380833
23_18_02.bmp,2.6666666666666665,0.055555556,0.23570226,0.722222222,0.460888599,0.0,0.0,0.055555556,0.23570226,0.277777778,0.460888599,0.055555556,0.23570226,0.0,0.0
10_01_01.bmp,2.888888888888889,0.055555556,0.23570226,0.444444444,0.511309993,0.055555556,0.23570226,0.055555556,0.23570226,0.444444444,0.511309993,0.388888889,0.501631326,0.111111111,0.323380833
29_13_05.bmp,2.5,0.055555556,0.23570226,0.277777778,0.460888599,0.833333333,0.383482494,0.055555556,0.23570226,0.055555556,0.23570226,0.055555556,0.23570226,0.055555556,0.23570226
0959.jpg,3.388888888888889,0.055555556,0.23570226,0.111111111,0.323380833,0.0,0.0,0.722222222,0.460888599,0.166666667,0.383482494,0.055555556,0.23570226,0.0,0.0
32_24_02.bmp,2.6666666666666665,0.055555556,0.23570226,0.722222222,0.460888599,0.111111111,0.323380833,0.111111111,0.323380833,0.333333333,0.48507125,0.055555556,0.23570226,0.055555556,0.23570226
34_01_04.bmp,1.8333333333333333,0.0,0.0,0.888888889,0.323380833,0.222222222,0.427792632,0.0,0.0,0.222222222,0.427792632,0.0,0.0,0.055555556,0.23570226
03_10_03.bmp,2.9444444444444446,0.722222222,0.460888599,0.166666667,0.383482494,0.111111111,0.323380833,0.0,0.0,0.222222222,0.427792632,0.055555556,0.23570226,0.055555556,0.23570226
0509.jpg,2.388888888888889,0.055555556,0.23570226,0.444444444,0.511309993,0.055555556,0.23570226,0.555555556,0.511309993,0.722222222,0.460888599,0.0,0.0,0.055555556,0.23570226
04_12_01.bmp,3.055555555555556,0.444444444,0.511309993,0.444444444,0.511309993,0.055555556,0.23570226,0.0,0.0,0.166666667,0.383482494,0.0,0.0,0.055555556,0.23570226
01274.jpg,2.833333333333333,0.0,0.0,0.555555556,0.511309993,0.0,0.0,0.055555556,0.23570226,0.666666667,0.48507125,0.222222222,0.427792632,0.055555556,0.23570226
32_02_05.bmp,1.3888888888888888,0.055555556,0.23570226,0.888888889,0.323380833,0.055555556,0.23570226,0.0,0.0,0.444444444,0.511309993,0.055555556,0.23570226,0.0,0.0
0171.jpg,2.555555555555556,0.055555556,0.23570226,0.222222222,0.427792632,0.722222222,0.460888599,0.055555556,0.23570226,0.111111111,0.323380833,0.0,0.0,0.111111111,0.323380833
33_09_02.bmp,2.9444444444444446,0.555555556,0.511309993,0.277777778,0.460888599,0.0,0.0,0.0,0.0,0.388888889,0.501631326,0.055555556,0.23570226,0.0,0.0
26_13_01.bmp,4.055555555555555,0.055555556,0.23570226,0.055555556,0.23570226,0.277777778,0.460888599,0.0,0.0,0.111111111,0.323380833,0.0,0.0,0.055555556,0.23570226
34_02_02.bmp,2.6666666666666665,0.0,0.0,0.777777778,0.427792632,0.166666667,0.383482494,0.0,0.0,0.055555556,0.23570226,0.055555556,0.23570226,0.055555556,0.23570226
22_05_05.bmp,1.3888888888888888,0.388888889,0.501631326,0.722222222,0.460888599,0.055555556,0.23570226,0.055555556,0.23570226,0.111111111,0.323380833,0.111111111,0.323380833,0.0,0.0
18_05_02.bmp,2.833333333333333,0.333333333,0.48507125,0.555555556,0.511309993,0.111111111,0.323380833,0.0,0.0,0.0,0.0,0.0,0.0,0.055555556,0.23570226
35_25_01.bmp,2.611111111111111,0.111111111,0.323380833,0.333333333,0.48507125,0.0,0.0,0.055555556,0.23570226,0.055555556,0.23570226,0.0,0.0,0.944444444,0.23570226
0958.jpg,3.111111111111111,0.0,0.0,0.333333333,0.48507125,0.055555556,0.23570226,0.722222222,0.460888599,0.111111111,0.323380833,0.0,0.0,0.111111111,0.323380833
0585.jpg,3.111111111111111,0.055555556,0.23570226,0.222222222,0.427792632,0.0,0.0,0.388888889,0.501631326,0.444444444,0.511309993,0.055555556,0.23570226,0.055555556,0.23570226
12_01_02.bmp,3.7222222222222223,0.111111111,0.323380833,0.222222222,0.427792632,0.222222222,0.427792632,0.0,0.0,0.111111111,0.323380833,0.055555556,0.23570226,0.055555556,0.23570226
23_24_03.bmp,2.388888888888889,0.055555556,0.23570226,0.833333333,0.383482494,0.0,0.0,0.055555556,0.23570226,0.222222222,0.427792632,0.0,0.0,0.0,0.0
0153.jpg,1.8888888888888888,0.111111111,0.323380833,0.388888889,0.501631326,0.944444444,0.23570226,0.055555556,0.23570226,0.222222222,0.427792632,0.055555556,0.23570226,0.0,0.0
18_24_02.bmp,2.333333333333333,0.277777778,0.460888599,0.777777778,0.427792632,0.055555556,0.23570226,0.0,0.0,0.055555556,0.23570226,0.0,0.0,0.055555556,0.23570226
26_05_02.bmp,3.8333333333333335,0.222222222,0.427792632,0.277777778,0.460888599,0.166666667,0.383482494,0.0,0.0,0.111111111,0.323380833,0.0,0.0,0.111111111,0.323380833
0931.jpg,2.833333333333333,0.111111111,0.323380833,0.388888889,0.501631326,0.055555556,0.23570226,0.666666667,0.48507125,0.222222222,0.427792632,0.0,0.0,0.055555556,0.23570226
07_21_02.bmp,2.111111111111111,0.111111111,0.323380833,0.388888889,0.501631326,0.722222222,0.460888599,0.055555556,0.23570226,0.111111111,0.323380833,0.0,0.0,0.0,0.0
0041.jpg,3.5,0.0,0.0,0.333333333,0.48507125,0.666666667,0.48507125,0.0,0.0,0.0,0.0,0.055555556,0.23570226,0.0,0.0
07_15_01.bmp,1.7222222222222223,0.166666667,0.383482494,0.222222222,0.427792632,0.888888889,0.323380833,0.055555556,0.23570226,0.111111111,0.323380833,0.0,0.0,0.0,0.0
30_04_04.bmp,2.388888888888889,0.277777778,0.460888599,0.222222222,0.427792632,0.222222222,0.427792632,0.055555556,0.23570226,0.277777778,0.460888599,0.222222222,0.427792632,0.055555556,0.23570226
0192.jpg,2.7777777777777777,0.111111111,0.323380833,0.388888889,0.501631326,0.888888889,0.323380833,0.0,0.0,0.055555556,0.23570226,0.0,0.0,0.055555556,0.23570226
23_10_01.bmp,3.4444444444444446,0.277777778,0.460888599,0.388888889,0.501631326,0.0,0.0,0.0,0.0,0.277777778,0.460888599,0.055555556,0.23570226,0.055555556,0.23570226
03_23_04.bmp,2.555555555555556,0.055555556,0.23570226,0.166666667,0.383482494,0.0,0.0,0.888888889,0.323380833,0.055555556,0.23570226,0.055555556,0.23570226,0.055555556,0.23570226
29_17_03.bmp,2.555555555555556,0.111111111,0.323380833,0.5,0.514495755,0.0,0.0,0.0,0.0,0.222222222,0.427792632,0.222222222,0.427792632,0.222222222,0.427792632
16_16_05.bmp,1.5,0.388888889,0.501631326,0.777777778,0.427792632,0.0,0.0,0.0,0.0,0.277777778,0.460888599,0.222222222,0.427792632,0.0,0.0
06_17_04.bmp,2.333333333333333,0.222222222,0.427792632,0.5,0.514495755,0.055555556,0.23570226,0.0,0.0,0.055555556,0.23570226,0.222222222,0.427792632,0.277777778,0.460888599
0304.jpg,2.333333333333333,0.055555556,0.23570226,0.944444444,0.23570226,0.0,0.0,0.222222222,0.427792632,0.166666667,0.383482494,0.055555556,0.23570226,0.0,0.0
29_13_03.bmp,3.4444444444444446,0.055555556,0.23570226,0.388888889,0.501631326,0.277777778,0.460888599,0.0,0.0,0.055555556,0.23570226,0.166666667,0.383482494,0.0,0.0
23_07_03.bmp,2.4444444444444446,0.277777778,0.460888599,0.666666667,0.48507125,0.055555556,0.23570226,0.0,0.0,0.166666667,0.383482494,0.055555556,0.23570226,0.0,0.0
36_14_01.bmp,3.333333333333333,0.111111111,0.323380833,0.555555556,0.511309993,0.166666667,0.383482494,0.0,0.0,0.055555556,0.23570226,0.0,0.0,0.055555556,0.23570226
35_05_01.bmp,2.611111111111111,0.388888889,0.501631326,0.722222222,0.460888599,0.055555556,0.23570226,0.055555556,0.23570226,0.0,0.0,0.0,0.0,0.055555556,0.23570226
08_15_04.bmp,3.333333333333333,0.111111111,0.323380833,0.333333333,0.48507125,0.0,0.0,0.5,0.514495755,0.111111111,0.323380833,0.0,0.0,0.0,0.0
17_24_03.bmp,2.2777777777777777,0.055555556,0.23570226,0.833333333,0.383482494,0.0,0.0,0.111111111,0.323380833,0.166666667,0.383482494,0.0,0.0,0.0,0.0
0123.jpg,1.6111111111111112,0.055555556,0.23570226,0.388888889,0.501631326,0.944444444,0.23570226,0.055555556,0.23570226,0.222222222,0.427792632,0.055555556,0.23570226,0.055555556,0.23570226
25_17_04.bmp,2.4444444444444446,0.055555556,0.23570226,0.555555556,0.511309993,0.111111111,0.323380833,0.055555556,0.23570226,0.222222222,0.427792632,0.222222222,0.427792632,0.222222222,0.427792632
24_18_02.bmp,2.4444444444444446,0.111111111,0.323380833,0.666666667,0.48507125,0.055555556,0.23570226,0.0,0.0,0.055555556,0.23570226,0.0,0.0,0.055555556,0.23570226
34_12_03.bmp,3.0,0.5,0.514495755,0.333333333,0.48507125,0.166666667,0.383482494,0.0,0.0,0.055555556,0.23570226,0.055555556,0.23570226,0.055555556,0.23570226
24_16_03.bmp,2.7777777777777777,0.111111111,0.323380833,0.722222222,0.460888599,0.111111111,0.323380833,0.055555556,0.23570226,0.055555556,0.23570226,0.0,0.0,0.0,0.0
01161.jpg,3.0,0.222222222,0.427792632,0.5,0.514495755,0.0,0.0,0.055555556,0.23570226,0.166666667,0.383482494,0.0,0.0,0.5,0.514495755
21_01_01.bmp,3.6666666666666665,0.055555556,0.23570226,0.444444444,0.511309993,0.0,0.0,0.0,0.0,0.0,0.0,0.0,0.0,0.055555556,0.23570226
22_19_01.bmp,3.333333333333333,0.111111111,0.323380833,0.444444444,0.511309993,0.055555556,0.23570226,0.0,0.0,0.111111111,0.323380833,0.111111111,0.323380833,0.0,0.0
08_13_05.bmp,3.111111111111111,0.055555556,0.23570226,0.055555556,0.23570226,0.833333333,0.383482494,0.0,0.0,0.0,0.0,0.055555556,0.23570226,0.0,0.0
16_06_05.bmp,1.8888888888888888,0.222222222,0.427792632,0.333333333,0.48507125,0.166666667,0.383482494,0.111111111,0.323380833,0.333333333,0.48507125,0.444444444,0.511309993,0.055555556,0.23570226
0699.jpg,2.888888888888889,0.111111111,0.323380833,0.444444444,0.511309993,0.0,0.0,0.111111111,0.323380833,0.388888889,0.501631326,0.055555556,0.23570226,0.055555556,0.23570226
30_06_02.bmp,2.888888888888889,0.277777778,0.460888599,0.166666667,0.383482494,0.277777778,0.460888599,0.055555556,0.23570226,0.277777778,0.460888599,0.166666667,0.383482494,0.0,0.0
1092.jpg,2.388888888888889,0.055555556,0.23570226,0.333333333,0.48507125,0.0,0.0,0.0,0.0,0.722222222,0.460888599,0.277777778,0.460888599,0.055555556,0.23570226
01173.jpg,2.333333333333333,0.111111111,0.323380833,0.944444444,0.23570226,0.0,0.0,0.0,0.0,0.388888889,0.501631326,0.0,0.0,0.0,0.0
0720.jpg,3.333333333333333,0.055555556,0.23570226,0.277777778,0.460888599,0.0,0.0,0.055555556,0.23570226,0.388888889,0.501631326,0.166666667,0.383482494,0.055555556,0.23570226
13_10_04.bmp,2.5,0.833333333,0.383482494,0.166666667,0.383482494,0.055555556,0.23570226,0.0,0.0,0.166666667,0.383482494,0.055555556,0.23570226,0.055555556,0.23570226
35_04_04.bmp,2.2777777777777777,0.277777778,0.460888599,0.5,0.514495755,0.277777778,0.460888599,0.0,0.0,0.0,0.0,0.166666667,0.383482494,0.111111111,0.323380833
01367.jpg,3.0,0.0,0.0,0.777777778,0.427792632,0.055555556,0.23570226,0.0,0.0,0.055555556,0.23570226,0.111111111,0.323380833,0.111111111,0.323380833
35_04_02.bmp,2.7222222222222223,0.444444444,0.511309993,0.5,0.514495755,0.222222222,0.427792632,0.0,0.0,0.0,0.0,0.055555556,0.23570226,0.055555556,0.23570226
27_22_04.bmp,2.111111111111111,0.222222222,0.427792632,0.833333333,0.383482494,0.055555556,0.23570226,0.055555556,0.23570226,0.277777778,0.460888599,0.055555556,0.23570226,0.0,0.0
36_04_03.bmp,2.833333333333333,0.222222222,0.427792632,0.444444444,0.511309993,0.277777778,0.460888599,0.055555556,0.23570226,0.0,0.0,0.055555556,0.23570226,0.055555556,0.23570226
30_15_01.bmp,3.111111111111111,0.055555556,0.23570226,0.111111111,0.323380833,0.722222222,0.460888599,0.0,0.0,0.166666667,0.383482494,0.111111111,0.323380833,0.0,0.0
0805.jpg,3.5,0.111111111,0.323380833,0.444444444,0.511309993,0.0,0.0,0.055555556,0.23570226,0.166666667,0.383482494,0.0,0.0,0.055555556,0.23570226
0061.jpg,3.333333333333333,0.055555556,0.23570226,0.555555556,0.511309993,0.5,0.514495755,0.0,0.0,0.055555556,0.23570226,0.055555556,0.23570226,0.055555556,0.23570226
01_03_03.bmp,2.5,0.111111111,0.323380833,0.777777778,0.427792632,0.111111111,0.323380833,0.055555556,0.23570226,0.0,0.0,0.0,0.0,0.0,0.0
08_12_01.bmp,4.111111111111111,0.277777778,0.460888599,0.0,0.0,0.055555556,0.23570226,0.0,0.0,0.055555556,0.23570226,0.0,0.0,0.0,0.0
32_22_01.bmp,2.611111111111111,0.111111111,0.323380833,0.555555556,0.511309993,0.111111111,0.323380833,0.055555556,0.23570226,0.444444444,0.511309993,0.055555556,0.23570226,0.055555556,0.23570226
0922.jpg,1.8333333333333333,0.0,0.0,0.833333333,0.383482494,0.055555556,0.23570226,0.388888889,0.501631326,0.333333333,0.48507125,0.0,0.0,0.0,0.0
22_09_01.bmp,3.2222222222222223,0.5,0.514495755,0.388888889,0.501631326,0.055555556,0.23570226,0.0,0.0,0.166666667,0.383482494,0.111111111,0.323380833,0.0,0.0
35_23_03.bmp,2.2222222222222223,0.055555556,0.23570226,0.222222222,0.427792632,0.055555556,0.23570226,0.722222222,0.460888599,0.0,0.0,0.055555556,0.23570226,0.166666667,0.383482494
32_01_02.bmp,2.9444444444444446,0.055555556,0.23570226,0.555555556,0.511309993,0.277777778,0.460888599,0.0,0.0,0.5,0.514495755,0.055555556,0.23570226,0.0,0.0
23_17_02.bmp,3.0,0.055555556,0.23570226,0.555555556,0.511309993,0.055555556,0.23570226,0.0,0.0,0.277777778,0.460888599,0.055555556,0.23570226,0.055555556,0.23570226
26_03_04.bmp,2.6666666666666665,0.111111111,0.323380833,0.833333333,0.383482494,0.111111111,0.323380833,0.0,0.0,0.111111111,0.323380833,0.0,0.0,0.0,0.0
03_17_01.bmp,3.555555555555556,0.055555556,0.23570226,0.333333333,0.48507125,0.166666667,0.383482494,0.111111111,0.323380833,0.166666667,0.383482494,0.0,0.0,0.166666667,0.383482494
24_20_04.bmp,2.055555555555556,0.555555556,0.511309993,0.388888889,0.501631326,0.111111111,0.323380833,0.222222222,0.427792632,0.111111111,0.323380833,0.0,0.0,0.0,0.0
22_14_03.bmp,2.7777777777777777,0.111111111,0.323380833,0.333333333,0.48507125,0.055555556,0.23570226,0.611111111,0.501631326,0.111111111,0.323380833,0.111111111,0.323380833,0.0,0.0
1093.jpg,2.388888888888889,0.055555556,0.23570226,0.111111111,0.323380833,0.0,0.0,0.111111111,0.323380833,0.722222222,0.460888599,0.222222222,0.427792632,0.111111111,0.323380833
07_20_03.bmp,2.111111111111111,0.555555556,0.511309993,0.555555556,0.511309993,0.166666667,0.383482494,0.111111111,0.323380833,0.111111111,0.323380833,0.055555556,0.23570226,0.0,0.0
18_10_02.bmp,2.9444444444444446,0.611111111,0.501631326,0.333333333,0.48507125,0.111111111,0.323380833,0.0,0.0,0.055555556,0.23570226,0.0,0.0,0.055555556,0.23570226
13_11_05.bmp,2.2222222222222223,0.944444444,0.23570226,0.111111111,0.323380833,0.111111111,0.323380833,0.055555556,0.23570226,0.166666667,0.383482494,0.0,0.0,0.055555556,0.23570226
11_06_04.bmp,2.111111111111111,0.277777778,0.460888599,0.333333333,0.48507125,0.222222222,0.427792632,0.222222222,0.427792632,0.166666667,0.383482494,0.111111111,0.323380833,0.0,0.0
24_22_02.bmp,2.6666666666666665,0.111111111,0.323380833,0.722222222,0.460888599,0.111111111,0.323380833,0.0,0.0,0.0,0.0,0.0,0.0,0.055555556,0.23570226
0209.jpg,1.6666666666666667,0.611111111,0.501631326,0.444444444,0.511309993,0.0,0.0,0.666666667,0.48507125,0.111111111,0.323380833,0.055555556,0.23570226,0.0,0.0
10_14_05.bmp,1.3888888888888888,0.0,0.0,0.222222222,0.427792632,0.111111111,0.323380833,0.944444444,0.23570226,0.166666667,0.383482494,0.111111111,0.323380833,0.0,0.0
37_18_03.bmp,3.2222222222222223,0.222222222,0.427792632,0.722222222,0.460888599,0.0,0.0,0.0,0.0,0.055555556,0.23570226,0.055555556,0.23570226,0.0,0.0
0625.jpg,3.333333333333333,0.055555556,0.23570226,0.5,0.514495755,0.0,0.0,0.166666667,0.383482494,0.0,0.0,0.111111111,0.323380833,0.0,0.0
09_07_02.bmp,2.7222222222222223,0.277777778,0.460888599,0.722222222,0.460888599,0.111111111,0.323380833,0.0,0.0,0.111111111,0.323380833,0.055555556,0.23570226,0.055555556,0.23570226
07_25_02.bmp,2.611111111111111,0.055555556,0.23570226,0.277777778,0.460888599,0.111111111,0.323380833,0.0,0.0,0.055555556,0.23570226,0.0,0.0,0.944444444,0.23570226
29_16_03.bmp,3.055555555555556,0.111111111,0.323380833,0.611111111,0.501631326,0.0,0.0,0.0,0.0,0.111111111,0.323380833,0.111111111,0.323380833,0.055555556,0.23570226
14_09_04.bmp,2.2777777777777777,0.833333333,0.383482494,0.222222222,0.427792632,0.111111111,0.323380833,0.055555556,0.23570226,0.055555556,0.23570226,0.055555556,0.23570226,0.0,0.0
11_24_05.bmp,1.5,0.0,0.0,0.944444444,0.23570226,0.0,0.0,0.055555556,0.23570226,0.277777778,0.460888599,0.0,0.0,0.055555556,0.23570226
01_20_01.bmp,2.888888888888889,0.055555556,0.23570226,0.777777778,0.427792632,0.111111111,0.323380833,0.055555556,0.23570226,0.055555556,0.23570226,0.0,0.0,0.055555556,0.23570226
01312.jpg,2.0,0.5,0.514495755,0.777777778,0.427792632,0.055555556,0.23570226,0.055555556,0.23570226,0.055555556,0.23570226,0.0,0.0,0.0,0.0
29_21_05.bmp,1.7777777777777777,0.111111111,0.323380833,0.222222222,0.427792632,0.055555556,0.23570226,0.611111111,0.501631326,0.111111111,0.323380833,0.111111111,0.323380833,0.055555556,0.23570226
37_11_05.bmp,2.2222222222222223,0.833333333,0.383482494,0.388888889,0.501631326,0.055555556,0.23570226,0.055555556,0.23570226,0.055555556,0.23570226,0.055555556,0.23570226,0.0,0.0
0838.jpg,4.055555555555555,0.111111111,0.323380833,0.277777778,0.460888599,0.0,0.0,0.0,0.0,0.222222222,0.427792632,0.111111111,0.323380833,0.0,0.0
0288.jpg,1.8333333333333333,0.166666667,0.383482494,0.388888889,0.501631326,0.0,0.0,0.777777778,0.427792632,0.055555556,0.23570226,0.0,0.0,0.055555556,0.23570226
34_21_05.bmp,1.7777777777777777,0.222222222,0.427792632,0.666666667,0.48507125,0.277777778,0.460888599,0.277777778,0.460888599,0.0,0.0,0.055555556,0.23570226,0.055555556,0.23570226
26_09_01.bmp,3.7222222222222223,0.333333333,0.48507125,0.166666667,0.383482494,0.055555556,0.23570226,0.0,0.0,0.055555556,0.23570226,0.055555556,0.23570226,0.0,0.0
0612.jpg,3.333333333333333,0.055555556,0.23570226,0.444444444,0.511309993,0.055555556,0.23570226,0.055555556,0.23570226,0.277777778,0.460888599,0.055555556,0.23570226,0.055555556,0.23570226
19_14_05.bmp,1.6666666666666667,0.055555556,0.23570226,0.166666667,0.383482494,0.055555556,0.23570226,0.777777778,0.427792632,0.166666667,0.383482494,0.111111111,0.323380833,0.0,0.0
36_23_01.bmp,2.9444444444444446,0.055555556,0.23570226,0.111111111,0.323380833,0.055555556,0.23570226,0.666666667,0.48507125,0.0,0.0,0.055555556,0.23570226,0.277777778,0.460888599
13_02_05.bmp,1.2777777777777777,0.0,0.0,0.888888889,0.323380833,0.055555556,0.23570226,0.0,0.0,0.055555556,0.23570226,0.0,0.0,0.055555556,0.23570226
01282.jpg,3.333333333333333,0.388888889,0.501631326,0.611111111,0.501631326,0.166666667,0.383482494,0.0,0.0,0.111111111,0.323380833,0.055555556,0.23570226,0.111111111,0.323380833
32_19_05.bmp,1.6111111111111112,0.277777778,0.460888599,0.222222222,0.427792632,0.555555556,0.511309993,0.444444444,0.511309993,0.388888889,0.501631326,0.055555556,0.23570226,0.055555556,0.23570226
09_19_05.bmp,2.7222222222222223,0.055555556,0.23570226,0.277777778,0.460888599,0.666666667,0.48507125,0.055555556,0.23570226,0.111111111,0.323380833,0.0,0.0,0.0,0.0
07_08_02.bmp,2.9444444444444446,0.222222222,0.427792632,0.666666667,0.48507125,0.166666667,0.383482494,0.055555556,0.23570226,0.055555556,0.23570226,0.0,0.0,0.055555556,0.23570226
0836.jpg,3.4444444444444446,0.166666667,0.383482494,0.5,0.514495755,0.055555556,0.23570226,0.0,0.0,0.277777778,0.460888599,0.055555556,0.23570226,0.0,0.0
05_21_02.bmp,2.333333333333333,0.055555556,0.23570226,0.222222222,0.427792632,0.888888889,0.323380833,0.055555556,0.23570226,0.0,0.0,0.055555556,0.23570226,0.055555556,0.23570226
32_06_05.bmp,1.3888888888888888,0.333333333,0.48507125,0.388888889,0.501631326,0.166666667,0.383482494,0.055555556,0.23570226,0.333333333,0.48507125,0.166666667,0.383482494,0.0,0.0
32_21_03.bmp,2.333333333333333,0.166666667,0.383482494,0.444444444,0.511309993,0.388888889,0.501631326,0.222222222,0.427792632,0.388888889,0.501631326,0.055555556,0.23570226,0.0,0.0
1061.jpg,3.611111111111111,0.055555556,0.23570226,0.5,0.514495755,0.055555556,0.23570226,0.222222222,0.427792632,0.111111111,0.323380833,0.111111111,0.323380833,0.055555556,0.23570226
0066.jpg,3.888888888888889,0.055555556,0.23570226,0.222222222,0.427792632,0.611111111,0.501631326,0.0,0.0,0.055555556,0.23570226,0.055555556,0.23570226,0.0,0.0
0321.jpg,2.888888888888889,0.055555556,0.23570226,0.777777778,0.427792632,0.0,0.0,0.277777778,0.460888599,0.222222222,0.427792632,0.0,0.0,0.0,0.0
07_06_01.bmp,3.0,0.277777778,0.460888599,0.555555556,0.511309993,0.055555556,0.23570226,0.0,0.0,0.055555556,0.23570226,0.111111111,0.323380833,0.055555556,0.23570226
19_21_03.bmp,2.611111111111111,0.055555556,0.23570226,0.222222222,0.427792632,0.777777778,0.427792632,0.055555556,0.23570226,0.055555556,0.23570226,0.055555556,0.23570226,0.055555556,0.23570226
24_11_04.bmp,2.5,0.777777778,0.427792632,0.388888889,0.501631326,0.055555556,0.23570226,0.0,0.0,0.055555556,0.23570226,0.055555556,0.23570226,0.055555556,0.23570226
14_22_01.bmp,3.0,0.111111111,0.323380833,0.555555556,0.511309993,0.388888889,0.501631326,0.0,0.0,0.0,0.0,0.055555556,0.23570226,0.055555556,0.23570226
1130.jpg,3.1666666666666665,0.055555556,0.23570226,0.055555556,0.23570226,0.0,0.0,0.166666667,0.383482494,0.722222222,0.460888599,0.111111111,0.323380833,0.055555556,0.23570226
32_03_04.bmp,2.111111111111111,0.0,0.0,0.833333333,0.383482494,0.166666667,0.383482494,0.0,0.0,0.444444444,0.511309993,0.055555556,0.23570226,0.0,0.0
30_07_02.bmp,3.0,0.277777778,0.460888599,0.5,0.514495755,0.0,0.0,0.055555556,0.23570226,0.333333333,0.48507125,0.111111111,0.323380833,0.0,0.0
10_24_03.bmp,2.2777777777777777,0.0,0.0,0.888888889,0.323380833,0.055555556,0.23570226,0.111111111,0.323380833,0.222222222,0.427792632,0.166666667,0.383482494,0.0,0.0
01492.jpg,3.7222222222222223,0.111111111,0.323380833,0.666666667,0.48507125,0.055555556,0.23570226,0.0,0.0,0.0,0.0,0.0,0.0,0.055555556,0.23570226
35_05_03.bmp,1.8888888888888888,0.388888889,0.501631326,0.833333333,0.383482494,0.055555556,0.23570226,0.055555556,0.23570226,0.0,0.0,0.0,0.0,0.055555556,0.23570226
09_02_02.bmp,2.6666666666666665,0.111111111,0.323380833,0.888888889,0.323380833,0.111111111,0.323380833,0.055555556,0.23570226,0.111111111,0.323380833,0.0,0.0,0.0,0.0
0328.jpg,1.8888888888888888,0.055555556,0.23570226,0.888888889,0.323380833,0.055555556,0.23570226,0.111111111,0.323380833,0.0,0.0,0.0,0.0,0.0,0.0
0811.jpg,3.555555555555556,0.0,0.0,0.555555556,0.511309993,0.0,0.0,0.055555556,0.23570226,0.277777778,0.460888599,0.0,0.0,0.0,0.0
0644.jpg,2.888888888888889,0.055555556,0.23570226,0.555555556,0.511309993,0.055555556,0.23570226,0.111111111,0.323380833,0.111111111,0.323380833,0.055555556,0.23570226,0.055555556,0.23570226
28_21_04.bmp,2.055555555555556,0.222222222,0.427792632,0.555555556,0.511309993,0.055555556,0.23570226,0.5,0.514495755,0.166666667,0.383482494,0.0,0.0,0.0,0.0
27_08_05.bmp,1.8888888888888888,0.222222222,0.427792632,0.777777778,0.427792632,0.055555556,0.23570226,0.055555556,0.23570226,0.388888889,0.501631326,0.055555556,0.23570226,0.055555556,0.23570226
20_14_04.bmp,2.611111111111111,0.055555556,0.23570226,0.222222222,0.427792632,0.055555556,0.23570226,0.666666667,0.48507125,0.111111111,0.323380833,0.055555556,0.23570226,0.055555556,0.23570226
07_11_03.bmp,2.333333333333333,0.833333333,0.383482494,0.222222222,0.427792632,0.111111111,0.323380833,0.0,0.0,0.111111111,0.323380833,0.111111111,0.323380833,0.055555556,0.23570226
0204.jpg,1.6666666666666667,0.055555556,0.23570226,0.166666667,0.383482494,0.055555556,0.23570226,0.944444444,0.23570226,0.0,0.0,0.0,0.0,0.444444444,0.511309993
0164.jpg,2.4444444444444446,0.111111111,0.323380833,0.611111111,0.501631326,0.888888889,0.323380833,0.0,0.0,0.111111111,0.323380833,0.0,0.0,0.055555556,0.23570226
08_25_01.bmp,3.055555555555556,0.166666667,0.383482494,0.111111111,0.323380833,0.0,0.0,0.055555556,0.23570226,0.055555556,0.23570226,0.0,0.0,0.777777778,0.427792632
37_20_02.bmp,2.555555555555556,0.222222222,0.427792632,0.444444444,0.511309993,0.111111111,0.323380833,0.333333333,0.48507125,0.055555556,0.23570226,0.055555556,0.23570226,0.055555556,0.23570226
36_23_04.bmp,2.333333333333333,0.055555556,0.23570226,0.111111111,0.323380833,0.0,0.0,0.666666667,0.48507125,0.055555556,0.23570226,0.055555556,0.23570226,0.222222222,0.427792632
0941.jpg,2.6666666666666665,0.111111111,0.323380833,0.333333333,0.48507125,0.0,0.0,0.666666667,0.48507125,0.166666667,0.383482494,0.0,0.0,0.055555556,0.23570226
22_10_02.bmp,2.7222222222222223,0.777777778,0.427792632,0.333333333,0.48507125,0.0,0.0,0.055555556,0.23570226,0.166666667,0.383482494,0.111111111,0.323380833,0.0,0.0
28_24_04.bmp,2.2222222222222223,0.111111111,0.323380833,0.833333333,0.383482494,0.111111111,0.323380833,0.0,0.0,0.222222222,0.427792632,0.0,0.0,0.0,0.0
32_10_01.bmp,2.833333333333333,0.388888889,0.501631326,0.444444444,0.511309993,0.166666667,0.383482494,0.111111111,0.323380833,0.333333333,0.48507125,0.055555556,0.23570226,0.0,0.0
35_12_01.bmp,3.1666666666666665,0.5,0.514495755,0.444444444,0.511309993,0.111111111,0.323380833,0.055555556,0.23570226,0.0,0.0,0.0,0.0,0.111111111,0.323380833
27_10_04.bmp,2.611111111111111,0.666666667,0.48507125,0.333333333,0.48507125,0.0,0.0,0.0,0.0,0.5,0.514495755,0.055555556,0.23570226,0.055555556,0.23570226
0331.jpg,2.1666666666666665,0.055555556,0.23570226,0.555555556,0.511309993,0.0,0.0,0.777777778,0.427792632,0.0,0.0,0.055555556,0.23570226,0.055555556,0.23570226
31_12_03.bmp,2.833333333333333,0.666666667,0.48507125,0.333333333,0.48507125,0.055555556,0.23570226,0.0,0.0,0.111111111,0.323380833,0.0,0.0,0.111111111,0.323380833
32_12_01.bmp,2.7222222222222223,0.166666667,0.383482494,0.444444444,0.511309993,0.055555556,0.23570226,0.111111111,0.323380833,0.333333333,0.48507125,0.055555556,0.23570226,0.0,0.0
01_08_03.bmp,2.611111111111111,0.222222222,0.427792632,0.833333333,0.383482494,0.111111111,0.323380833,0.055555556,0.23570226,0.055555556,0.23570226,0.166666667,0.383482494,0.055555556,0.23570226
18_10_04.bmp,2.5,0.777777778,0.427792632,0.222222222,0.427792632,0.055555556,0.23570226,0.055555556,0.23570226,0.0,0.0,0.0,0.0,0.0,0.0
0687.jpg,2.9444444444444446,0.055555556,0.23570226,0.444444444,0.511309993,0.0,0.0,0.166666667,0.383482494,0.222222222,0.427792632,0.055555556,0.23570226,0.055555556,0.23570226
11_16_05.bmp,1.4444444444444444,0.388888889,0.501631326,0.833333333,0.383482494,0.111111111,0.323380833,0.0,0.0,0.222222222,0.427792632,0.0,0.0,0.055555556,0.23570226
0655.jpg,3.333333333333333,0.111111111,0.323380833,0.5,0.514495755,0.0,0.0,0.055555556,0.23570226,0.111111111,0.323380833,0.111111111,0.323380833,0.111111111,0.323380833
10_17_05.bmp,2.4444444444444446,0.0,0.0,0.555555556,0.511309993,0.055555556,0.23570226,0.055555556,0.23570226,0.444444444,0.511309993,0.222222222,0.427792632,0.222222222,0.427792632
0266.jpg,2.333333333333333,0.111111111,0.323380833,0.277777778,0.460888599,0.0,0.0,0.888888889,0.323380833,0.055555556,0.23570226,0.0,0.0,0.055555556,0.23570226
21_15_05.bmp,2.7777777777777777,0.166666667,0.383482494,0.444444444,0.511309993,0.055555556,0.23570226,0.444444444,0.511309993,0.0,0.0,0.0,0.0,0.0,0.0
19_13_04.bmp,2.4444444444444446,0.0,0.0,0.166666667,0.383482494,0.833333333,0.383482494,0.0,0.0,0.055555556,0.23570226,0.111111111,0.323380833,0.055555556,0.23570226
0257.jpg,1.7777777777777777,0.111111111,0.323380833,0.388888889,0.501631326,0.055555556,0.23570226,0.833333333,0.383482494,0.055555556,0.23570226,0.0,0.0,0.055555556,0.23570226
19_09_01.bmp,3.333333333333333,0.555555556,0.511309993,0.277777778,0.460888599,0.055555556,0.23570226,0.0,0.0,0.055555556,0.23570226,0.111111111,0.323380833,0.055555556,0.23570226
09_10_02.bmp,2.7777777777777777,0.611111111,0.501631326,0.333333333,0.48507125,0.055555556,0.23570226,0.0,0.0,0.222222222,0.427792632,0.055555556,0.23570226,0.055555556,0.23570226
24_17_02.bmp,2.888888888888889,0.111111111,0.323380833,0.5,0.514495755,0.055555556,0.23570226,0.055555556,0.23570226,0.111111111,0.323380833,0.166666667,0.383482494,0.111111111,0.323380833
30_11_01.bmp,3.4444444444444446,0.444444444,0.511309993,0.166666667,0.383482494,0.0,0.0,0.055555556,0.23570226,0.277777778,0.460888599,0.0,0.0,0.0,0.0
02_08_02.bmp,2.9444444444444446,0.111111111,0.323380833,0.5,0.514495755,0.0,0.0,0.0,0.0,0.5,0.514495755,0.055555556,0.23570226,0.055555556,0.23570226
16_22_04.bmp,1.9444444444444444,0.222222222,0.427792632,0.777777778,0.427792632,0.0,0.0,0.0,0.0,0.388888889,0.501631326,0.277777778,0.460888599,0.055555556,0.23570226
37_01_05.bmp,1.7222222222222223,0.055555556,0.23570226,0.944444444,0.23570226,0.111111111,0.323380833,0.0,0.0,0.055555556,0.23570226,0.0,0.0,0.0,0.0
01182.jpg,3.388888888888889,0.166666667,0.383482494,0.5,0.514495755,0.0,0.0,0.166666667,0.383482494,0.666666667,0.48507125,0.0,0.0,0.055555556,0.23570226
19_15_04.bmp,3.0,0.055555556,0.23570226,0.111111111,0.323380833,0.0,0.0,0.166666667,0.383482494,0.111111111,0.323380833,0.111111111,0.323380833,0.055555556,0.23570226
0178.jpg,3.2222222222222223,0.055555556,0.23570226,0.333333333,0.48507125,0.666666667,0.48507125,0.055555556,0.23570226,0.055555556,0.23570226,0.0,0.0,0.0,0.0
35_02_02.bmp,2.388888888888889,0.055555556,0.23570226,0.833333333,0.383482494,0.0,0.0,0.0,0.0,0.055555556,0.23570226,0.0,0.0,0.111111111,0.323380833
30_01_04.bmp,2.611111111111111,0.055555556,0.23570226,0.777777778,0.427792632,0.111111111,0.323380833,0.0,0.0,0.333333333,0.48507125,0.0,0.0,0.0,0.0
10_14_03.bmp,2.555555555555556,0.055555556,0.23570226,0.277777778,0.460888599,0.166666667,0.383482494,0.722222222,0.460888599,0.333333333,0.48507125,0.277777778,0.460888599,0.055555556,0.23570226
0705.jpg,3.7222222222222223,0.055555556,0.23570226,0.277777778,0.460888599,0.0,0.0,0.222222222,0.427792632,0.166666667,0.383482494,0.055555556,0.23570226,0.055555556,0.23570226
11_20_04.bmp,1.5555555555555556,0.388888889,0.501631326,0.166666667,0.383482494,0.277777778,0.460888599,0.444444444,0.511309993,0.166666667,0.383482494,0.111111111,0.323380833,0.055555556,0.23570226
25_18_02.bmp,2.5,0.0,0.0,0.777777778,0.427792632,0.055555556,0.23570226,0.0,0.0,0.111111111,0.323380833,0.111111111,0.323380833,0.055555556,0.23570226
18_12_03.bmp,2.5,0.722222222,0.460888599,0.388888889,0.501631326,0.166666667,0.383482494,0.0,0.0,0.0,0.0,0.055555556,0.23570226,0.055555556,0.23570226
08_24_05.bmp,1.5555555555555556,0.0,0.0,0.944444444,0.23570226,0.0,0.0,0.0,0.0,0.055555556,0.23570226,0.0,0.0,0.0,0.0
11_17_03.bmp,2.2222222222222223,0.111111111,0.323380833,0.444444444,0.511309993,0.055555556,0.23570226,0.055555556,0.23570226,0.277777778,0.460888599,0.111111111,0.323380833,0.222222222,0.427792632
11_21_05.bmp,1.6666666666666667,0.166666667,0.383482494,0.166666667,0.383482494,0.055555556,0.23570226,0.555555556,0.511309993,0.166666667,0.383482494,0.111111111,0.323380833,0.055555556,0.23570226
18_22_05.bmp,1.5,0.222222222,0.427792632,0.777777778,0.427792632,0.055555556,0.23570226,0.111111111,0.323380833,0.0,0.0,0.0,0.0,0.0,0.0
07_03_03.bmp,2.555555555555556,0.111111111,0.323380833,0.777777778,0.427792632,0.222222222,0.427792632,0.0,0.0,0.111111111,0.323380833,0.0,0.0,0.055555556,0.23570226
34_07_04.bmp,1.3888888888888888,0.166666667,0.383482494,0.888888889,0.323380833,0.055555556,0.23570226,0.055555556,0.23570226,0.0,0.0,0.0,0.0,0.055555556,0.23570226
05_18_02.bmp,2.111111111111111,0.166666667,0.383482494,0.666666667,0.48507125,0.055555556,0.23570226,0.0,0.0,0.111111111,0.323380833,0.166666667,0.383482494,0.111111111,0.323380833
37_19_05.bmp,2.7777777777777777,0.055555556,0.23570226,0.166666667,0.383482494,0.722222222,0.460888599,0.055555556,0.23570226,0.055555556,0.23570226,0.055555556,0.23570226,0.0,0.0
01337.jpg,3.2777777777777777,0.111111111,0.323380833,0.722222222,0.460888599,0.055555556,0.23570226,0.055555556,0.23570226,0.0,0.0,0.0,0.0,0.166666667,0.383482494
1128.jpg,2.1666666666666665,0.0,0.0,0.555555556,0.511309993,0.055555556,0.23570226,0.888888889,0.323380833,0.0,0.0,0.055555556,0.23570226,0.055555556,0.23570226
0973.jpg,2.9444444444444446,0.111111111,0.323380833,0.5,0.514495755,0.0,0.0,0.611111111,0.501631326,0.222222222,0.427792632,0.0,0.0,0.055555556,0.23570226
24_06_03.bmp,2.5,0.222222222,0.427792632,0.388888889,0.501631326,0.388888889,0.501631326,0.055555556,0.23570226,0.0,0.0,0.0,0.0,0.0,0.0
03_03_02.bmp,3.4444444444444446,0.111111111,0.323380833,0.555555556,0.511309993,0.055555556,0.23570226,0.055555556,0.23570226,0.111111111,0.323380833,0.055555556,0.23570226,0.055555556,0.23570226
03_03_05.bmp,2.1666666666666665,0.111111111,0.323380833,0.833333333,0.383482494,0.055555556,0.23570226,0.0,0.0,0.111111111,0.323380833,0.0,0.0,0.055555556,0.23570226
0632.jpg,3.333333333333333,0.055555556,0.23570226,0.444444444,0.511309993,0.055555556,0.23570226,0.166666667,0.383482494,0.111111111,0.323380833,0.0,0.0,0.055555556,0.23570226
0968.jpg,2.7222222222222223,0.055555556,0.23570226,0.555555556,0.511309993,0.0,0.0,0.611111111,0.501631326,0.055555556,0.23570226,0.055555556,0.23570226,0.055555556,0.23570226
31_15_01.bmp,2.888888888888889,0.111111111,0.323380833,0.166666667,0.383482494,0.777777778,0.427792632,0.0,0.0,0.111111111,0.323380833,0.055555556,0.23570226,0.0,0.0
23_15_03.bmp,3.1666666666666665,0.055555556,0.23570226,0.5,0.514495755,0.111111111,0.323380833,0.055555556,0.23570226,0.222222222,0.427792632,0.055555556,0.23570226,0.0,0.0
20_25_02.bmp,2.555555555555556,0.111111111,0.323380833,0.111111111,0.323380833,0.055555556,0.23570226,0.0,0.0,0.055555556,0.23570226,0.055555556,0.23570226,0.888888889,0.323380833
04_10_03.bmp,2.4444444444444446,0.666666667,0.48507125,0.444444444,0.511309993,0.055555556,0.23570226,0.055555556,0.23570226,0.277777778,0.460888599,0.0,0.0,0.0,0.0
19_13_03.bmp,3.055555555555556,0.055555556,0.23570226,0.166666667,0.383482494,0.555555556,0.511309993,0.055555556,0.23570226,0.111111111,0.323380833,0.111111111,0.323380833,0.055555556,0.23570226
31_15_03.bmp,3.388888888888889,0.0,0.0,0.388888889,0.501631326,0.0,0.0,0.111111111,0.323380833,0.222222222,0.427792632,0.0,0.0,0.055555556,0.23570226
21_11_04.bmp,2.4444444444444446,0.833333333,0.383482494,0.222222222,0.427792632,0.0,0.0,0.055555556,0.23570226,0.055555556,0.23570226,0.055555556,0.23570226,0.055555556,0.23570226
17_22_03.bmp,2.333333333333333,0.222222222,0.427792632,0.833333333,0.383482494,0.055555556,0.23570226,0.0,0.0,0.222222222,0.427792632,0.0,0.0,0.055555556,0.23570226
26_06_05.bmp,2.5,0.333333333,0.48507125,0.055555556,0.23570226,0.333333333,0.48507125,0.055555556,0.23570226,0.055555556,0.23570226,0.222222222,0.427792632,0.111111111,0.323380833
07_17_04.bmp,2.388888888888889,0.111111111,0.323380833,0.555555556,0.511309993,0.055555556,0.23570226,0.0,0.0,0.277777778,0.460888599,0.111111111,0.323380833,0.277777778,0.460888599
16_03_04.bmp,2.055555555555556,0.055555556,0.23570226,0.833333333,0.383482494,0.0,0.0,0.0,0.0,0.333333333,0.48507125,0.388888889,0.501631326,0.055555556,0.23570226
1011.jpg,3.333333333333333,0.055555556,0.23570226,0.333333333,0.48507125,0.055555556,0.23570226,0.5,0.514495755,0.111111111,0.323380833,0.0,0.0,0.055555556,0.23570226
30_05_04.bmp,2.2777777777777777,0.388888889,0.501631326,0.666666667,0.48507125,0.055555556,0.23570226,0.055555556,0.23570226,0.333333333,0.48507125,0.055555556,0.23570226,0.0,0.0
19_11_01.bmp,3.388888888888889,0.5,0.514495755,0.222222222,0.427792632,0.055555556,0.23570226,0.0,0.0,0.166666667,0.383482494,0.111111111,0.323380833,0.055555556,0.23570226
0757.jpg,3.888888888888889,0.111111111,0.323380833,0.333333333,0.48507125,0.0,0.0,0.0,0.0,0.166666667,0.383482494,0.055555556,0.23570226,0.055555556,0.23570226
10_15_03.bmp,3.111111111111111,0.0,0.0,0.5,0.514495755,0.0,0.0,0.0,0.0,0.388888889,0.501631326,0.222222222,0.427792632,0.055555556,0.23570226
12_18_02.bmp,2.555555555555556,0.166666667,0.383482494,0.777777778,0.427792632,0.055555556,0.23570226,0.0,0.0,0.111111111,0.323380833,0.055555556,0.23570226,0.0,0.0
0664.jpg,3.388888888888889,0.111111111,0.323380833,0.611111111,0.501631326,0.0,0.0,0.111111111,0.323380833,0.055555556,0.23570226,0.0,0.0,0.055555556,0.23570226
32_20_03.bmp,1.7222222222222223,0.611111111,0.501631326,0.444444444,0.511309993,0.166666667,0.383482494,0.055555556,0.23570226,0.333333333,0.48507125,0.111111111,0.323380833,0.055555556,0.23570226
33_07_05.bmp,1.5,0.0,0.0,0.944444444,0.23570226,0.0,0.0,0.0,0.0,0.333333333,0.48507125,0.055555556,0.23570226,0.0,0.0
35_21_02.bmp,1.6666666666666667,0.055555556,0.23570226,0.166666667,0.383482494,1.0,0.0,0.055555556,0.23570226,0.0,0.0,0.055555556,0.23570226,0.055555556,0.23570226
07_04_02.bmp,3.1666666666666665,0.333333333,0.48507125,0.388888889,0.501631326,0.166666667,0.383482494,0.0,0.0,0.111111111,0.323380833,0.055555556,0.23570226,0.055555556,0.23570226
17_04_01.bmp,3.388888888888889,0.222222222,0.427792632,0.444444444,0.511309993,0.0,0.0,0.055555556,0.23570226,0.166666667,0.383482494,0.055555556,0.23570226,0.055555556,0.23570226
02_15_03.bmp,3.333333333333333,0.0,0.0,0.333333333,0.48507125,0.222222222,0.427792632,0.055555556,0.23570226,0.444444444,0.511309993,0.055555556,0.23570226,0.055555556,0.23570226
30_25_02.bmp,2.9444444444444446,0.055555556,0.23570226,0.111111111,0.323380833,0.0,0.0,0.055555556,0.23570226,0.166666667,0.383482494,0.055555556,0.23570226,0.888888889,0.323380833
06_22_03.bmp,2.111111111111111,0.166666667,0.383482494,0.777777778,0.427792632,0.166666667,0.383482494,0.0,0.0,0.0,0.0,0.055555556,0.23570226,0.055555556,0.23570226
09_13_01.bmp,3.4444444444444446,0.166666667,0.383482494,0.388888889,0.501631326,0.166666667,0.383482494,0.0,0.0,0.111111111,0.323380833,0.111111111,0.323380833,0.0,0.0
0305.jpg,2.055555555555556,0.111111111,0.323380833,0.888888889,0.323380833,0.0,0.0,0.111111111,0.323380833,0.222222222,0.427792632,0.0,0.0,0.055555556,0.23570226
15_25_04.bmp,2.388888888888889,0.055555556,0.23570226,0.0,0.0,0.055555556,0.23570226,0.0,0.0,0.222222222,0.427792632,0.0,0.0,0.833333333,0.383482494
07_09_01.bmp,2.888888888888889,0.666666667,0.48507125,0.388888889,0.501631326,0.111111111,0.323380833,0.0,0.0,0.111111111,0.323380833,0.0,0.0,0.055555556,0.23570226
0435.jpg,2.833333333333333,0.0,0.0,0.777777778,0.427792632,0.055555556,0.23570226,0.055555556,0.23570226,0.111111111,0.323380833,0.055555556,0.23570226,0.0,0.0
01_08_01.bmp,2.833333333333333,0.111111111,0.323380833,0.611111111,0.501631326,0.111111111,0.323380833,0.0,0.0,0.0,0.0,0.055555556,0.23570226,0.055555556,0.23570226
15_02_03.bmp,2.055555555555556,0.0,0.0,0.888888889,0.323380833,0.0,0.0,0.055555556,0.23570226,0.222222222,0.427792632,0.0,0.0,0.0,0.0
37_06_02.bmp,2.833333333333333,0.333333333,0.48507125,0.5,0.514495755,0.111111111,0.323380833,0.111111111,0.323380833,0.055555556,0.23570226,0.222222222,0.427792632,0.055555556,0.23570226
12_04_04.bmp,2.833333333333333,0.388888889,0.501631326,0.277777778,0.460888599,0.222222222,0.427792632,0.0,0.0,0.0,0.0,0.166666667,0.383482494,0.0,0.0
35_02_04.bmp,1.5,0.0,0.0,1.0,0.0,0.055555556,0.23570226,0.055555556,0.23570226,0.0,0.0,0.0,0.0,0.0,0.0
11_10_05.bmp,2.1666666666666665,0.833333333,0.383482494,0.277777778,0.460888599,0.0,0.0,0.055555556,0.23570226,0.222222222,0.427792632,0.111111111,0.323380833,0.0,0.0
32_05_05.bmp,1.5,0.333333333,0.48507125,0.666666667,0.48507125,0.111111111,0.323380833,0.111111111,0.323380833,0.388888889,0.501631326,0.055555556,0.23570226,0.0,0.0
35_19_03.bmp,2.1666666666666665,0.277777778,0.460888599,0.5,0.514495755,0.333333333,0.48507125,0.055555556,0.23570226,0.0,0.0,0.0,0.0,0.055555556,0.23570226
05_18_04.bmp,2.055555555555556,0.166666667,0.383482494,0.833333333,0.383482494,0.111111111,0.323380833,0.0,0.0,0.055555556,0.23570226,0.111111111,0.323380833,0.055555556,0.23570226
26_06_01.bmp,4.0,0.111111111,0.323380833,0.055555556,0.23570226,0.111111111,0.323380833,0.055555556,0.23570226,0.055555556,0.23570226,0.0,0.0,0.055555556,0.23570226
09_12_04.bmp,2.555555555555556,0.666666667,0.48507125,0.277777778,0.460888599,0.111111111,0.323380833,0.055555556,0.23570226,0.166666667,0.383482494,0.055555556,0.23570226,0.0,0.0
0709.jpg,3.5,0.055555556,0.23570226,0.333333333,0.48507125,0.0,0.0,0.0,0.0,0.333333333,0.48507125,0.111111111,0.323380833,0.055555556,0.23570226
28_20_04.bmp,2.1666666666666665,0.666666667,0.48507125,0.611111111,0.501631326,0.111111111,0.323380833,0.055555556,0.23570226,0.166666667,0.383482494,0.055555556,0.23570226,0.0,0.0
18_17_04.bmp,2.1666666666666665,0.055555556,0.23570226,0.5,0.514495755,0.111111111,0.323380833,0.0,0.0,0.166666667,0.383482494,0.111111111,0.323380833,0.222222222,0.427792632
16_05_01.bmp,3.5,0.055555556,0.23570226,0.222222222,0.427792632,0.111111111,0.323380833,0.055555556,0.23570226,0.333333333,0.48507125,0.444444444,0.511309993,0.0,0.0
19_19_04.bmp,2.5,0.166666667,0.383482494,0.388888889,0.501631326,0.611111111,0.501631326,0.0,0.0,0.111111111,0.323380833,0.055555556,0.23570226,0.0,0.0
10_21_04.bmp,1.9444444444444444,0.055555556,0.23570226,0.555555556,0.511309993,0.277777778,0.460888599,0.388888889,0.501631326,0.277777778,0.460888599,0.222222222,0.427792632,0.055555556,0.23570226
15_18_02.bmp,3.111111111111111,0.111111111,0.323380833,0.611111111,0.501631326,0.055555556,0.23570226,0.0,0.0,0.222222222,0.427792632,0.0,0.0,0.0,0.0
13_19_05.bmp,2.9444444444444446,0.055555556,0.23570226,0.388888889,0.501631326,0.5,0.514495755,0.055555556,0.23570226,0.111111111,0.323380833,0.0,0.0,0.055555556,0.23570226
01303.jpg,3.2222222222222223,0.222222222,0.427792632,0.333333333,0.48507125,0.055555556,0.23570226,0.111111111,0.323380833,0.722222222,0.460888599,0.0,0.0,0.0,0.0
0327.jpg,1.8333333333333333,0.055555556,0.23570226,0.833333333,0.383482494,0.0,0.0,0.111111111,0.323380833,0.0,0.0,0.055555556,0.23570226,0.055555556,0.23570226
0914.jpg,3.6666666666666665,0.166666667,0.383482494,0.388888889,0.501631326,0.0,0.0,0.0,0.0,0.222222222,0.427792632,0.055555556,0.23570226,0.0,0.0
0924.jpg,1.4444444444444444,0.0,0.0,0.833333333,0.383482494,0.0,0.0,0.166666667,0.383482494,0.222222222,0.427792632,0.055555556,0.23570226,0.0,0.0
0683.jpg,3.5,0.111111111,0.323380833,0.333333333,0.48507125,0.0,0.0,0.111111111,0.323380833,0.277777778,0.460888599,0.111111111,0.323380833,0.0,0.0
37_18_05.bmp,2.111111111111111,0.166666667,0.383482494,0.888888889,0.323380833,0.0,0.0,0.0,0.0,0.055555556,0.23570226,0.055555556,0.23570226,0.055555556,0.23570226
0937.jpg,3.0,0.166666667,0.383482494,0.611111111,0.501631326,0.0,0.0,0.555555556,0.511309993,0.222222222,0.427792632,0.0,0.0,0.0,0.0
18_25_05.bmp,1.7777777777777777,0.111111111,0.323380833,0.055555556,0.23570226,0.111111111,0.323380833,0.055555556,0.23570226,0.0,0.0,0.0,0.0,0.888888889,0.323380833
35_11_03.bmp,2.333333333333333,0.722222222,0.460888599,0.333333333,0.48507125,0.055555556,0.23570226,0.0,0.0,0.055555556,0.23570226,0.055555556,0.23570226,0.111111111,0.323380833
33_10_01.bmp,3.5,0.111111111,0.323380833,0.388888889,0.501631326,0.055555556,0.23570226,0.055555556,0.23570226,0.5,0.514495755,0.0,0.0,0.0,0.0
26_22_02.bmp,2.888888888888889,0.166666667,0.383482494,0.666666667,0.48507125,0.166666667,0.383482494,0.0,0.0,0.055555556,0.23570226,0.0,0.0,0.0,0.0
05_23_05.bmp,1.8888888888888888,0.055555556,0.23570226,0.277777778,0.460888599,0.055555556,0.23570226,0.722222222,0.460888599,0.0,0.0,0.111111111,0.323380833,0.222222222,0.427792632
36_10_03.bmp,2.7777777777777777,0.833333333,0.383482494,0.444444444,0.511309993,0.111111111,0.323380833,0.0,0.0,0.0,0.0,0.0,0.0,0.055555556,0.23570226
15_06_01.bmp,2.7777777777777777,0.222222222,0.427792632,0.166666667,0.383482494,0.166666667,0.383482494,0.111111111,0.323380833,0.222222222,0.427792632,0.0,0.0,0.055555556,0.23570226
17_08_04.bmp,1.8888888888888888,0.5,0.514495755,0.555555556,0.511309993,0.0,0.0,0.0,0.0,0.166666667,0.383482494,0.166666667,0.383482494,0.0,0.0
0653.jpg,3.055555555555556,0.0,0.0,0.388888889,0.501631326,0.0,0.0,0.055555556,0.23570226,0.055555556,0.23570226,0.111111111,0.323380833,0.777777778,0.427792632
0559.jpg,2.7222222222222223,0.111111111,0.323380833,0.444444444,0.511309993,0.0,0.0,0.055555556,0.23570226,0.722222222,0.460888599,0.0,0.0,0.0,0.0
07_14_01.bmp,3.2777777777777777,0.222222222,0.427792632,0.388888889,0.501631326,0.166666667,0.383482494,0.055555556,0.23570226,0.166666667,0.383482494,0.0,0.0,0.055555556,0.23570226
0074.jpg,3.7777777777777777,0.0,0.0,0.166666667,0.383482494,0.555555556,0.511309993,0.0,0.0,0.166666667,0.383482494,0.0,0.0,0.055555556,0.23570226
0772.jpg,3.6666666666666665,0.111111111,0.323380833,0.333333333,0.48507125,0.055555556,0.23570226,0.0,0.0,0.055555556,0.23570226,0.055555556,0.23570226,0.055555556,0.23570226
15_22_03.bmp,2.388888888888889,0.277777778,0.460888599,0.777777778,0.427792632,0.0,0.0,0.0,0.0,0.277777778,0.460888599,0.0,0.0,0.055555556,0.23570226
19_01_04.bmp,1.9444444444444444,0.0,0.0,0.944444444,0.23570226,0.0,0.0,0.0,0.0,0.111111111,0.323380833,0.055555556,0.23570226,0.111111111,0.323380833
22_05_04.bmp,1.7777777777777777,0.277777778,0.460888599,0.777777778,0.427792632,0.055555556,0.23570226,0.0,0.0,0.166666667,0.383482494,0.111111111,0.323380833,0.055555556,0.23570226
13_08_03.bmp,2.833333333333333,0.277777778,0.460888599,0.666666667,0.48507125,0.055555556,0.23570226,0.0,0.0,0.055555556,0.23570226,0.111111111,0.323380833,0.055555556,0.23570226
07_12_01.bmp,3.2777777777777777,0.388888889,0.501631326,0.388888889,0.501631326,0.055555556,0.23570226,0.0,0.0,0.111111111,0.323380833,0.055555556,0.23570226,0.111111111,0.323380833
30_12_05.bmp,2.4444444444444446,0.722222222,0.460888599,0.222222222,0.427792632,0.055555556,0.23570226,0.055555556,0.23570226,0.277777778,0.460888599,0.0,0.0,0.0,0.0
01348.jpg,3.0,0.111111111,0.323380833,0.722222222,0.460888599,0.055555556,0.23570226,0.0,0.0,0.055555556,0.23570226,0.0,0.0,0.055555556,0.23570226
24_02_01.bmp,3.4444444444444446,0.055555556,0.23570226,0.611111111,0.501631326,0.111111111,0.323380833,0.0,0.0,0.0,0.0,0.0,0.0,0.0,0.0
35_19_04.bmp,2.555555555555556,0.055555556,0.23570226,0.388888889,0.501631326,0.555555556,0.511309993,0.0,0.0,0.055555556,0.23570226,0.055555556,0.23570226,0.055555556,0.23570226
34_19_03.bmp,3.0,0.111111111,0.323380833,0.611111111,0.501631326,0.166666667,0.383482494,0.0,0.0,0.055555556,0.23570226,0.0,0.0,0.055555556,0.23570226
25_19_01.bmp,3.2222222222222223,0.166666667,0.383482494,0.611111111,0.501631326,0.055555556,0.23570226,0.0,0.0,0.111111111,0.323380833,0.0,0.0,0.111111111,0.323380833
0177.jpg,2.888888888888889,0.055555556,0.23570226,0.333333333,0.48507125,0.722222222,0.460888599,0.0,0.0,0.055555556,0.23570226,0.0,0.0,0.111111111,0.323380833
11_03_04.bmp,2.1666666666666665,0.0,0.0,0.777777778,0.427792632,0.0,0.0,0.111111111,0.323380833,0.222222222,0.427792632,0.111111111,0.323380833,0.0,0.0
12_23_05.bmp,2.388888888888889,0.111111111,0.323380833,0.0,0.0,0.055555556,0.23570226,0.722222222,0.460888599,0.055555556,0.23570226,0.111111111,0.323380833,0.222222222,0.427792632
14_25_04.bmp,2.111111111111111,0.055555556,0.23570226,0.166666667,0.383482494,0.111111111,0.323380833,0.055555556,0.23570226,0.0,0.0,0.055555556,0.23570226,1.0,0.0
36_01_02.bmp,3.333333333333333,0.111111111,0.323380833,0.611111111,0.501631326,0.111111111,0.323380833,0.0,0.0,0.055555556,0.23570226,0.0,0.0,0.055555556,0.23570226
09_12_02.bmp,2.888888888888889,0.555555556,0.511309993,0.5,0.514495755,0.111111111,0.323380833,0.0,0.0,0.166666667,0.383482494,0.055555556,0.23570226,0.0,0.0
17_07_04.bmp,2.0,0.166666667,0.383482494,0.888888889,0.323380833,0.0,0.0,0.0,0.0,0.166666667,0.383482494,0.111111111,0.323380833,0.0,0.0
09_05_04.bmp,1.9444444444444444,0.333333333,0.48507125,0.777777778,0.427792632,0.055555556,0.23570226,0.055555556,0.23570226,0.111111111,0.323380833,0.111111111,0.323380833,0.0,0.0
0864.jpg,3.611111111111111,0.055555556,0.23570226,0.555555556,0.511309993,0.0,0.0,0.0,0.0,0.166666667,0.383482494,0.0,0.0,0.0,0.0
34_19_05.bmp,2.388888888888889,0.111111111,0.323380833,0.722222222,0.460888599,0.277777778,0.460888599,0.0,0.0,0.0,0.0,0.055555556,0.23570226,0.055555556,0.23570226
09_08_05.bmp,1.9444444444444444,0.5,0.514495755,0.666666667,0.48507125,0.0,0.0,0.055555556,0.23570226,0.166666667,0.383482494,0.055555556,0.23570226,0.055555556,0.23570226
27_10_02.bmp,2.9444444444444446,0.611111111,0.501631326,0.388888889,0.501631326,0.055555556,0.23570226,0.0,0.0,0.444444444,0.511309993,0.055555556,0.23570226,0.111111111,0.323380833
1118.jpg,2.833333333333333,0.055555556,0.23570226,0.444444444,0.511309993,0.0,0.0,0.055555556,0.23570226,0.722222222,0.460888599,0.0,0.0,0.0,0.0
10_23_05.bmp,1.8888888888888888,0.055555556,0.23570226,0.277777778,0.460888599,0.055555556,0.23570226,0.777777778,0.427792632,0.333333333,0.48507125,0.111111111,0.323380833,0.111111111,0.323380833
0837.jpg,2.7222222222222223,0.0,0.0,0.722222222,0.460888599,0.055555556,0.23570226,0.0,0.0,0.111111111,0.323380833,0.111111111,0.323380833,0.055555556,0.23570226
35_18_05.bmp,1.6666666666666667,0.166666667,0.383482494,0.833333333,0.383482494,0.0,0.0,0.055555556,0.23570226,0.0,0.0,0.0,0.0,0.111111111,0.323380833
31_12_01.bmp,3.388888888888889,0.333333333,0.48507125,0.277777778,0.460888599,0.055555556,0.23570226,0.0,0.0,0.222222222,0.427792632,0.0,0.0,0.055555556,0.23570226
0921.jpg,3.9444444444444446,0.111111111,0.323380833,0.333333333,0.48507125,0.055555556,0.23570226,0.055555556,0.23570226,0.055555556,0.23570226,0.0,0.0,0.055555556,0.23570226
14_15_05.bmp,3.388888888888889,0.111111111,0.323380833,0.277777778,0.460888599,0.0,0.0,0.222222222,0.427792632,0.055555556,0.23570226,0.055555556,0.23570226,0.055555556,0.23570226
26_23_01.bmp,3.0,0.0,0.0,0.0,0.0,0.111111111,0.323380833,0.722222222,0.460888599,0.111111111,0.323380833,0.0,0.0,0.111111111,0.323380833
37_21_01.bmp,3.1666666666666665,0.055555556,0.23570226,0.166666667,0.383482494,0.666666667,0.48507125,0.0,0.0,0.055555556,0.23570226,0.055555556,0.23570226,0.0,0.0
34_16_05.bmp,1.3888888888888888,0.166666667,0.383482494,0.833333333,0.383482494,0.055555556,0.23570226,0.333333333,0.48507125,0.0,0.0,0.0,0.0,0.0,0.0
11_22_01.bmp,2.833333333333333,0.277777778,0.460888599,0.388888889,0.501631326,0.055555556,0.23570226,0.222222222,0.427792632,0.222222222,0.427792632,0.055555556,0.23570226,0.055555556,0.23570226
24_23_03.bmp,2.2222222222222223,0.055555556,0.23570226,0.222222222,0.427792632,0.0,0.0,0.722222222,0.460888599,0.055555556,0.23570226,0.0,0.0,0.055555556,0.23570226
15_23_01.bmp,3.055555555555556,0.111111111,0.323380833,0.166666667,0.383482494,0.0,0.0,0.833333333,0.383482494,0.166666667,0.383482494,0.0,0.0,0.055555556,0.23570226
29_17_02.bmp,2.611111111111111,0.166666667,0.383482494,0.5,0.514495755,0.0,0.0,0.055555556,0.23570226,0.222222222,0.427792632,0.166666667,0.383482494,0.222222222,0.427792632
13_22_04.bmp,1.9444444444444444,0.222222222,0.427792632,0.777777778,0.427792632,0.111111111,0.323380833,0.0,0.0,0.055555556,0.23570226,0.055555556,0.23570226,0.0,0.0
01_11_02.bmp,2.333333333333333,0.777777778,0.427792632,0.5,0.514495755,0.111111111,0.323380833,0.055555556,0.23570226,0.0,0.0,0.055555556,0.23570226,0.111111111,0.323380833
21_23_03.bmp,2.555555555555556,0.111111111,0.323380833,0.166666667,0.383482494,0.0,0.0,0.722222222,0.460888599,0.0,0.0,0.0,0.0,0.055555556,0.23570226
01_14_05.bmp,2.5,0.166666667,0.383482494,0.5,0.514495755,0.222222222,0.427792632,0.111111111,0.323380833,0.055555556,0.23570226,0.111111111,0.323380833,0.0,0.0
09_11_02.bmp,3.0,0.666666667,0.48507125,0.388888889,0.501631326,0.055555556,0.23570226,0.0,0.0,0.222222222,0.427792632,0.055555556,0.23570226,0.0,0.0
37_10_02.bmp,3.333333333333333,0.666666667,0.48507125,0.333333333,0.48507125,0.0,0.0,0.055555556,0.23570226,0.111111111,0.323380833,0.055555556,0.23570226,0.0,0.0
24_16_04.bmp,2.055555555555556,0.166666667,0.383482494,0.777777778,0.427792632,0.055555556,0.23570226,0.0,0.0,0.055555556,0.23570226,0.055555556,0.23570226,0.055555556,0.23570226
09_04_04.bmp,2.611111111111111,0.222222222,0.427792632,0.388888889,0.501631326,0.277777778,0.460888599,0.055555556,0.23570226,0.111111111,0.323380833,0.166666667,0.383482494,0.0,0.0
15_23_02.bmp,3.111111111111111,0.055555556,0.23570226,0.166666667,0.383482494,0.055555556,0.23570226,0.722222222,0.460888599,0.166666667,0.383482494,0.055555556,0.23570226,0.055555556,0.23570226
11_06_05.bmp,2.055555555555556,0.277777778,0.460888599,0.333333333,0.48507125,0.222222222,0.427792632,0.166666667,0.383482494,0.222222222,0.427792632,0.166666667,0.383482494,0.055555556,0.23570226
03_07_04.bmp,2.0,0.388888889,0.501631326,0.777777778,0.427792632,0.055555556,0.23570226,0.0,0.0,0.277777778,0.460888599,0.0,0.0,0.111111111,0.323380833
34_03_04.bmp,2.0,0.0,0.0,0.888888889,0.323380833,0.166666667,0.383482494,0.055555556,0.23570226,0.055555556,0.23570226,0.0,0.0,0.055555556,0.23570226
13_07_05.bmp,1.3333333333333333,0.055555556,0.23570226,0.888888889,0.323380833,0.055555556,0.23570226,0.055555556,0.23570226,0.055555556,0.23570226,0.111111111,0.323380833,0.0,0.0
01486.jpg,3.333333333333333,0.055555556,0.23570226,0.611111111,0.501631326,0.222222222,0.427792632,0.0,0.0,0.055555556,0.23570226,0.0,0.0,0.055555556,0.23570226
31_09_02.bmp,2.611111111111111,0.666666667,0.48507125,0.222222222,0.427792632,0.0,0.0,0.0,0.0,0.222222222,0.427792632,0.0,0.0,0.111111111,0.323380833
17_21_02.bmp,1.9444444444444444,0.055555556,0.23570226,0.222222222,0.427792632,0.777777778,0.427792632,0.055555556,0.23570226,0.166666667,0.383482494,0.0,0.0,0.0,0.0
22_04_05.bmp,2.111111111111111,0.388888889,0.501631326,0.5,0.514495755,0.166666667,0.383482494,0.055555556,0.23570226,0.111111111,0.323380833,0.222222222,0.427792632,0.0,0.0
01187.jpg,3.2777777777777777,0.222222222,0.427792632,0.166666667,0.383482494,0.0,0.0,0.055555556,0.23570226,0.055555556,0.23570226,0.5,0.514495755,0.555555556,0.511309993
12_20_02.bmp,2.555555555555556,0.333333333,0.48507125,0.222222222,0.427792632,0.277777778,0.460888599,0.222222222,0.427792632,0.166666667,0.383482494,0.055555556,0.23570226,0.0,0.0
18_06_03.bmp,2.5,0.333333333,0.48507125,0.444444444,0.511309993,0.277777778,0.460888599,0.055555556,0.23570226,0.055555556,0.23570226,0.166666667,0.383482494,0.055555556,0.23570226
07_07_05.bmp,1.4444444444444444,0.222222222,0.427792632,0.777777778,0.427792632,0.055555556,0.23570226,0.0,0.0,0.111111111,0.323380833,0.0,0.0,0.111111111,0.323380833
05_09_01.bmp,2.833333333333333,0.666666667,0.48507125,0.5,0.514495755,0.055555556,0.23570226,0.0,0.0,0.0,0.0,0.111111111,0.323380833,0.055555556,0.23570226
0451.jpg,2.888888888888889,0.055555556,0.23570226,0.388888889,0.501631326,0.0,0.0,0.0,0.0,0.833333333,0.383482494,0.0,0.0,0.055555556,0.23570226
05_17_04.bmp,2.333333333333333,0.166666667,0.383482494,0.5,0.514495755,0.055555556,0.23570226,0.0,0.0,0.111111111,0.323380833,0.277777778,0.460888599,0.277777778,0.460888599
33_11_02.bmp,3.1666666666666665,0.5,0.514495755,0.277777778,0.460888599,0.0,0.0,0.0,0.0,0.444444444,0.511309993,0.055555556,0.23570226,0.055555556,0.23570226
10_08_03.bmp,2.611111111111111,0.444444444,0.511309993,0.666666667,0.48507125,0.0,0.0,0.0,0.0,0.333333333,0.48507125,0.166666667,0.383482494,0.0,0.0
04_02_01.bmp,2.888888888888889,0.111111111,0.323380833,0.666666667,0.48507125,0.166666667,0.383482494,0.0,0.0,0.166666667,0.383482494,0.0,0.0,0.055555556,0.23570226
1143.jpg,3.055555555555556,0.0,0.0,0.277777778,0.460888599,0.0,0.0,0.055555556,0.23570226,0.166666667,0.383482494,0.777777778,0.427792632,0.0,0.0
02_13_05.bmp,2.388888888888889,0.0,0.0,0.166666667,0.383482494,0.944444444,0.23570226,0.055555556,0.23570226,0.388888889,0.501631326,0.0,0.0,0.0,0.0
33_15_04.bmp,2.7777777777777777,0.055555556,0.23570226,0.444444444,0.511309993,0.055555556,0.23570226,0.5,0.514495755,0.388888889,0.501631326,0.055555556,0.23570226,0.0,0.0
36_01_01.bmp,3.2777777777777777,0.055555556,0.23570226,0.5,0.514495755,0.166666667,0.383482494,0.0,0.0,0.0,0.0,0.0,0.0,0.111111111,0.323380833
11_04_05.bmp,1.9444444444444444,0.222222222,0.427792632,0.333333333,0.48507125,0.166666667,0.383482494,0.166666667,0.383482494,0.222222222,0.427792632,0.166666667,0.383482494,0.0,0.0
15_21_02.bmp,2.555555555555556,0.055555556,0.23570226,0.166666667,0.383482494,0.722222222,0.460888599,0.0,0.0,0.111111111,0.323380833,0.055555556,0.23570226,0.111111111,0.323380833
30_01_03.bmp,3.4444444444444446,0.055555556,0.23570226,0.333333333,0.48507125,0.111111111,0.323380833,0.055555556,0.23570226,0.333333333,0.48507125,0.0,0.0,0.0,0.0
10_04_03.bmp,2.6666666666666665,0.277777778,0.460888599,0.388888889,0.501631326,0.166666667,0.383482494,0.166666667,0.383482494,0.277777778,0.460888599,0.333333333,0.48507125,0.0,0.0
0642.jpg,3.4444444444444446,0.166666667,0.383482494,0.444444444,0.511309993,0.0,0.0,0.111111111,0.323380833,0.055555556,0.23570226,0.055555556,0.23570226,0.0,0.0
09_14_05.bmp,1.3888888888888888,0.277777778,0.460888599,0.277777778,0.460888599,0.055555556,0.23570226,0.611111111,0.501631326,0.166666667,0.383482494,0.111111111,0.323380833,0.0,0.0
04_11_01.bmp,2.833333333333333,0.333333333,0.48507125,0.388888889,0.501631326,0.055555556,0.23570226,0.0,0.0,0.222222222,0.427792632,0.055555556,0.23570226,0.055555556,0.23570226
09_22_03.bmp,2.111111111111111,0.277777778,0.460888599,0.777777778,0.427792632,0.166666667,0.383482494,0.0,0.0,0.166666667,0.383482494,0.055555556,0.23570226,0.055555556,0.23570226
03_05_03.bmp,2.7777777777777777,0.222222222,0.427792632,0.611111111,0.501631326,0.055555556,0.23570226,0.055555556,0.23570226,0.166666667,0.383482494,0.0,0.0,0.055555556,0.23570226
0476.jpg,3.2777777777777777,0.055555556,0.23570226,0.5,0.514495755,0.0,0.0,0.166666667,0.383482494,0.777777778,0.427792632,0.0,0.0,0.055555556,0.23570226
30_09_05.bmp,2.388888888888889,0.833333333,0.383482494,0.222222222,0.427792632,0.0,0.0,0.0,0.0,0.222222222,0.427792632,0.055555556,0.23570226,0.055555556,0.23570226
03_14_05.bmp,1.7777777777777777,0.055555556,0.23570226,0.111111111,0.323380833,0.055555556,0.23570226,0.888888889,0.323380833,0.222222222,0.427792632,0.055555556,0.23570226,0.0,0.0
0779.jpg,3.2777777777777777,0.055555556,0.23570226,0.388888889,0.501631326,0.0,0.0,0.055555556,0.23570226,0.111111111,0.323380833,0.222222222,0.427792632,0.055555556,0.23570226
13_15_05.bmp,3.4444444444444446,0.111111111,0.323380833,0.055555556,0.23570226,0.0,0.0,0.333333333,0.48507125,0.111111111,0.323380833,0.055555556,0.23570226,0.055555556,0.23570226
28_17_03.bmp,2.6666666666666665,0.055555556,0.23570226,0.555555556,0.511309993,0.055555556,0.23570226,0.055555556,0.23570226,0.333333333,0.48507125,0.277777778,0.460888599,0.166666667,0.383482494
0157.jpg,2.5,0.055555556,0.23570226,0.333333333,0.48507125,0.888888889,0.323380833,0.0,0.0,0.111111111,0.323380833,0.055555556,0.23570226,0.111111111,0.323380833
0212.jpg,2.4444444444444446,0.111111111,0.323380833,0.5,0.514495755,0.055555556,0.23570226,0.833333333,0.383482494,0.055555556,0.23570226,0.055555556,0.23570226,0.0,0.0
05_06_05.bmp,1.5555555555555556,0.5,0.514495755,0.388888889,0.501631326,0.333333333,0.48507125,0.0,0.0,0.055555556,0.23570226,0.277777778,0.460888599,0.055555556,0.23570226
0852.jpg,3.5,0.055555556,0.23570226,0.388888889,0.501631326,0.0,0.0,0.055555556,0.23570226,0.388888889,0.501631326,0.0,0.0,0.0,0.0
36_02_05.bmp,1.3333333333333333,0.0,0.0,0.833333333,0.383482494,0.166666667,0.383482494,0.0,0.0,0.0,0.0,0.055555556,0.23570226,0.0,0.0
04_10_05.bmp,2.2222222222222223,0.777777778,0.427792632,0.388888889,0.501631326,0.055555556,0.23570226,0.055555556,0.23570226,0.222222222,0.427792632,0.0,0.0,0.055555556,0.23570226
08_03_01.bmp,4.0,0.166666667,0.383482494,0.166666667,0.383482494,0.0,0.0,0.055555556,0.23570226,0.166666667,0.383482494,0.055555556,0.23570226,0.055555556,0.23570226
17_12_01.bmp,3.333333333333333,0.388888889,0.501631326,0.333333333,0.48507125,0.055555556,0.23570226,0.0,0.0,0.166666667,0.383482494,0.111111111,0.323380833,0.0,0.0
24_17_04.bmp,2.4444444444444446,0.111111111,0.323380833,0.5,0.514495755,0.055555556,0.23570226,0.0,0.0,0.055555556,0.23570226,0.111111111,0.323380833,0.222222222,0.427792632
18_18_03.bmp,2.333333333333333,0.055555556,0.23570226,0.777777778,0.427792632,0.055555556,0.23570226,0.055555556,0.23570226,0.055555556,0.23570226,0.0,0.0,0.111111111,0.323380833
01332.jpg,3.555555555555556,0.111111111,0.323380833,0.611111111,0.501631326,0.055555556,0.23570226,0.055555556,0.23570226,0.0,0.0,0.0,0.0,0.055555556,0.23570226
27_03_04.bmp,2.611111111111111,0.055555556,0.23570226,0.777777778,0.427792632,0.0,0.0,0.111111111,0.323380833,0.388888889,0.501631326,0.0,0.0,0.0,0.0
0489.jpg,3.055555555555556,0.111111111,0.323380833,0.388888889,0.501631326,0.0,0.0,0.055555556,0.23570226,0.722222222,0.460888599,0.055555556,0.23570226,0.055555556,0.23570226
07_25_03.bmp,2.2777777777777777,0.055555556,0.23570226,0.166666667,0.383482494,0.055555556,0.23570226,0.0,0.0,0.055555556,0.23570226,0.055555556,0.23570226,0.833333333,0.383482494
0356.jpg,3.111111111111111,0.111111111,0.323380833,0.722222222,0.460888599,0.0,0.0,0.055555556,0.23570226,0.055555556,0.23570226,0.0,0.0,0.055555556,0.23570226
20_10_01.bmp,3.2777777777777777,0.277777778,0.460888599,0.333333333,0.48507125,0.111111111,0.323380833,0.0,0.0,0.111111111,0.323380833,0.111111111,0.323380833,0.0,0.0
32_22_02.bmp,2.333333333333333,0.222222222,0.427792632,0.722222222,0.460888599,0.111111111,0.323380833,0.0,0.0,0.388888889,0.501631326,0.055555556,0.23570226,0.0,0.0
14_19_03.bmp,2.5,0.277777778,0.460888599,0.388888889,0.501631326,0.388888889,0.501631326,0.055555556,0.23570226,0.0,0.0,0.111111111,0.323380833,0.055555556,0.23570226
33_16_04.bmp,2.611111111111111,0.222222222,0.427792632,0.777777778,0.427792632,0.0,0.0,0.0,0.0,0.444444444,0.511309993,0.0,0.0,0.0,0.0
23_21_01.bmp,2.6666666666666665,0.111111111,0.323380833,0.222222222,0.427792632,0.722222222,0.460888599,0.0,0.0,0.111111111,0.323380833,0.055555556,0.23570226,0.0,0.0
01344.jpg,4.0,0.111111111,0.323380833,0.388888889,0.501631326,0.111111111,0.323380833,0.0,0.0,0.0,0.0,0.0,0.0,0.111111111,0.323380833
37_14_04.bmp,1.6666666666666667,0.166666667,0.383482494,0.333333333,0.48507125,0.055555556,0.23570226,0.888888889,0.323380833,0.111111111,0.323380833,0.111111111,0.323380833,0.111111111,0.323380833
15_15_04.bmp,3.0,0.222222222,0.427792632,0.222222222,0.427792632,0.055555556,0.23570226,0.166666667,0.383482494,0.222222222,0.427792632,0.0,0.0,0.055555556,0.23570226
36_06_01.bmp,3.2222222222222223,0.111111111,0.323380833,0.555555556,0.511309993,0.111111111,0.323380833,0.055555556,0.23570226,0.055555556,0.23570226,0.0,0.0,0.055555556,0.23570226
0038.jpg,2.833333333333333,0.055555556,0.23570226,0.444444444,0.511309993,0.888888889,0.323380833,0.0,0.0,0.0,0.0,0.055555556,0.23570226,0.055555556,0.23570226
18_15_01.bmp,1.8333333333333333,0.055555556,0.23570226,0.166666667,0.383482494,0.888888889,0.323380833,0.055555556,0.23570226,0.055555556,0.23570226,0.055555556,0.23570226,0.055555556,0.23570226
35_22_01.bmp,2.388888888888889,0.222222222,0.427792632,0.722222222,0.460888599,0.277777778,0.460888599,0.055555556,0.23570226,0.055555556,0.23570226,0.0,0.0,0.055555556,0.23570226
11_23_02.bmp,2.7222222222222223,0.055555556,0.23570226,0.222222222,0.427792632,0.055555556,0.23570226,0.777777778,0.427792632,0.222222222,0.427792632,0.111111111,0.323380833,0.055555556,0.23570226
10_09_03.bmp,2.555555555555556,0.722222222,0.460888599,0.333333333,0.48507125,0.0,0.0,0.0,0.0,0.222222222,0.427792632,0.166666667,0.383482494,0.0,0.0
12_13_03.bmp,3.0,0.111111111,0.323380833,0.166666667,0.383482494,0.555555556,0.511309993,0.0,0.0,0.111111111,0.323380833,0.055555556,0.23570226,0.0,0.0
0690.jpg,3.388888888888889,0.055555556,0.23570226,0.333333333,0.48507125,0.0,0.0,0.0,0.0,0.333333333,0.48507125,0.055555556,0.23570226,0.111111111,0.323380833
03_22_01.bmp,3.5,0.277777778,0.460888599,0.222222222,0.427792632,0.111111111,0.323380833,0.0,0.0,0.055555556,0.23570226,0.0,0.0,0.055555556,0.23570226
32_09_02.bmp,2.7222222222222223,0.5,0.514495755,0.333333333,0.48507125,0.055555556,0.23570226,0.055555556,0.23570226,0.333333333,0.48507125,0.111111111,0.323380833,0.0,0.0
34_19_01.bmp,3.1666666666666665,0.055555556,0.23570226,0.444444444,0.511309993,0.166666667,0.383482494,0.0,0.0,0.0,0.0,0.055555556,0.23570226,0.055555556,0.23570226
02_25_01.bmp,2.7222222222222223,0.055555556,0.23570226,0.166666667,0.383482494,0.0,0.0,0.0,0.0,0.277777778,0.460888599,0.111111111,0.323380833,0.833333333,0.383482494
32_14_03.bmp,1.7222222222222223,0.055555556,0.23570226,0.333333333,0.48507125,0.111111111,0.323380833,0.833333333,0.383482494,0.277777778,0.460888599,0.055555556,0.23570226,0.0,0.0
0647.jpg,3.888888888888889,0.055555556,0.23570226,0.166666667,0.383482494,0.055555556,0.23570226,0.111111111,0.323380833,0.111111111,0.323380833,0.0,0.0,0.055555556,0.23570226
0860.jpg,3.388888888888889,0.055555556,0.23570226,0.555555556,0.511309993,0.0,0.0,0.0,0.0,0.222222222,0.427792632,0.0,0.0,0.0,0.0
01413.jpg,3.333333333333333,0.0,0.0,0.611111111,0.501631326,0.055555556,0.23570226,0.0,0.0,0.0,0.0,0.0,0.0,0.111111111,0.323380833
35_16_02.bmp,2.555555555555556,0.166666667,0.383482494,0.722222222,0.460888599,0.111111111,0.323380833,0.0,0.0,0.0,0.0,0.055555556,0.23570226,0.055555556,0.23570226
16_05_04.bmp,2.1666666666666665,0.222222222,0.427792632,0.555555556,0.511309993,0.111111111,0.323380833,0.0,0.0,0.388888889,0.501631326,0.444444444,0.511309993,0.055555556,0.23570226
15_08_03.bmp,2.6666666666666665,0.444444444,0.511309993,0.611111111,0.501631326,0.0,0.0,0.0,0.0,0.222222222,0.427792632,0.0,0.0,0.055555556,0.23570226
20_04_05.bmp,2.055555555555556,0.388888889,0.501631326,0.388888889,0.501631326,0.166666667,0.383482494,0.055555556,0.23570226,0.055555556,0.23570226,0.222222222,0.427792632,0.0,0.0
36_18_02.bmp,2.5,0.111111111,0.323380833,0.777777778,0.427792632,0.111111111,0.323380833,0.0,0.0,0.0,0.0,0.055555556,0.23570226,0.111111111,0.323380833
21_13_02.bmp,3.2777777777777777,0.055555556,0.23570226,0.277777778,0.460888599,0.333333333,0.48507125,0.0,0.0,0.055555556,0.23570226,0.055555556,0.23570226,0.055555556,0.23570226
36_08_05.bmp,2.0,0.222222222,0.427792632,0.833333333,0.383482494,0.166666667,0.383482494,0.0,0.0,0.0,0.0,0.055555556,0.23570226,0.111111111,0.323380833
28_15_05.bmp,2.833333333333333,0.055555556,0.23570226,0.333333333,0.48507125,0.111111111,0.323380833,0.388888889,0.501631326,0.222222222,0.427792632,0.055555556,0.23570226,0.055555556,0.23570226
0536.jpg,2.7222222222222223,0.055555556,0.23570226,0.5,0.514495755,0.0,0.0,0.111111111,0.323380833,0.833333333,0.383482494,0.0,0.0,0.055555556,0.23570226
37_05_04.bmp,2.1666666666666665,0.444444444,0.511309993,0.722222222,0.460888599,0.055555556,0.23570226,0.0,0.0,0.111111111,0.323380833,0.055555556,0.23570226,0.0,0.0
1049.jpg,3.055555555555556,0.055555556,0.23570226,0.5,0.514495755,0.0,0.0,0.555555556,0.511309993,0.166666667,0.383482494,0.0,0.0,0.0,0.0
21_06_02.bmp,3.055555555555556,0.222222222,0.427792632,0.5,0.514495755,0.166666667,0.383482494,0.111111111,0.323380833,0.055555556,0.23570226,0.055555556,0.23570226,0.0,0.0
1099.jpg,2.6666666666666665,0.055555556,0.23570226,0.5,0.514495755,0.055555556,0.23570226,0.0,0.0,0.777777778,0.427792632,0.111111111,0.323380833,0.055555556,0.23570226
33_23_01.bmp,2.833333333333333,0.055555556,0.23570226,0.166666667,0.383482494,0.0,0.0,0.722222222,0.460888599,0.388888889,0.501631326,0.0,0.0,0.111111111,0.323380833
08_14_05.bmp,1.4444444444444444,0.055555556,0.23570226,0.166666667,0.383482494,0.111111111,0.323380833,0.888888889,0.323380833,0.055555556,0.23570226,0.055555556,0.23570226,0.055555556,0.23570226
0613.jpg,2.833333333333333,0.166666667,0.383482494,0.666666667,0.48507125,0.0,0.0,0.111111111,0.323380833,0.055555556,0.23570226,0.055555556,0.23570226,0.111111111,0.323380833
17_13_03.bmp,2.833333333333333,0.111111111,0.323380833,0.222222222,0.427792632,0.722222222,0.460888599,0.0,0.0,0.222222222,0.427792632,0.055555556,0.23570226,0.0,0.0
14_05_02.bmp,3.111111111111111,0.0,0.0,0.777777778,0.427792632,0.055555556,0.23570226,0.0,0.0,0.055555556,0.23570226,0.055555556,0.23570226,0.055555556,0.23570226
01479.jpg,3.888888888888889,0.166666667,0.383482494,0.333333333,0.48507125,0.166666667,0.383482494,0.0,0.0,0.0,0.0,0.055555556,0.23570226,0.111111111,0.323380833
20_22_05.bmp,1.7222222222222223,0.111111111,0.323380833,0.777777778,0.427792632,0.055555556,0.23570226,0.055555556,0.23570226,0.166666667,0.383482494,0.0,0.0,0.055555556,0.23570226
25_07_01.bmp,2.888888888888889,0.055555556,0.23570226,0.611111111,0.501631326,0.055555556,0.23570226,0.0,0.0,0.111111111,0.323380833,0.055555556,0.23570226,0.055555556,0.23570226
0126.jpg,3.055555555555556,0.055555556,0.23570226,0.166666667,0.383482494,0.944444444,0.23570226,0.0,0.0,0.0,0.0,0.055555556,0.23570226,0.055555556,0.23570226
24_14_02.bmp,3.5,0.055555556,0.23570226,0.277777778,0.460888599,0.0,0.0,0.222222222,0.427792632,0.0,0.0,0.0,0.0,0.0,0.0
07_10_01.bmp,3.0,0.5,0.514495755,0.333333333,0.48507125,0.055555556,0.23570226,0.0,0.0,0.055555556,0.23570226,0.055555556,0.23570226,0.111111111,0.323380833
36_24_03.bmp,1.8888888888888888,0.111111111,0.323380833,0.833333333,0.383482494,0.111111111,0.323380833,0.055555556,0.23570226,0.0,0.0,0.0,0.0,0.0,0.0
01409.jpg,3.6666666666666665,0.055555556,0.23570226,0.555555556,0.511309993,0.055555556,0.23570226,0.0,0.0,0.0,0.0,0.0,0.0,0.0,0.0
06_24_02.bmp,2.833333333333333,0.111111111,0.323380833,0.666666667,0.48507125,0.111111111,0.323380833,0.055555556,0.23570226,0.055555556,0.23570226,0.055555556,0.23570226,0.055555556,0.23570226
12_22_04.bmp,1.8333333333333333,0.222222222,0.427792632,0.777777778,0.427792632,0.111111111,0.323380833,0.0,0.0,0.055555556,0.23570226,0.055555556,0.23570226,0.0,0.0
20_01_05.bmp,1.4444444444444444,0.055555556,0.23570226,0.944444444,0.23570226,0.0,0.0,0.0,0.0,0.166666667,0.383482494,0.055555556,0.23570226,0.0,0.0
34_04_03.bmp,2.2777777777777777,0.222222222,0.427792632,0.444444444,0.511309993,0.277777778,0.460888599,0.055555556,0.23570226,0.0,0.0,0.166666667,0.383482494,0.111111111,0.323380833
0253.jpg,1.2222222222222223,0.166666667,0.383482494,0.444444444,0.511309993,0.0,0.0,0.888888889,0.323380833,0.0,0.0,0.0,0.0,0.055555556,0.23570226
19_22_03.bmp,2.1666666666666665,0.277777778,0.460888599,0.833333333,0.383482494,0.111111111,0.323380833,0.0,0.0,0.055555556,0.23570226,0.0,0.0,0.0,0.0
23_02_02.bmp,3.0,0.111111111,0.323380833,0.666666667,0.48507125,0.055555556,0.23570226,0.0,0.0,0.333333333,0.48507125,0.0,0.0,0.0,0.0
27_15_02.bmp,3.1666666666666665,0.055555556,0.23570226,0.277777778,0.460888599,0.444444444,0.511309993,0.111111111,0.323380833,0.388888889,0.501631326,0.055555556,0.23570226,0.0,0.0
01435.jpg,3.888888888888889,0.055555556,0.23570226,0.5,0.514495755,0.222222222,0.427792632,0.0,0.0,0.055555556,0.23570226,0.0,0.0,0.0,0.0
27_07_05.bmp,1.2777777777777777,0.055555556,0.23570226,0.888888889,0.323380833,0.055555556,0.23570226,0.0,0.0,0.222222222,0.427792632,0.055555556,0.23570226,0.0,0.0
10_23_02.bmp,2.888888888888889,0.055555556,0.23570226,0.222222222,0.427792632,0.0,0.0,0.777777778,0.427792632,0.333333333,0.48507125,0.166666667,0.383482494,0.166666667,0.383482494
33_16_02.bmp,3.111111111111111,0.055555556,0.23570226,0.5,0.514495755,0.111111111,0.323380833,0.055555556,0.23570226,0.444444444,0.511309993,0.0,0.0,0.0,0.0
34_15_05.bmp,3.0,0.111111111,0.323380833,0.388888889,0.501631326,0.277777778,0.460888599,0.111111111,0.323380833,0.055555556,0.23570226,0.0,0.0,0.055555556,0.23570226
15_20_02.bmp,2.7222222222222223,0.333333333,0.48507125,0.333333333,0.48507125,0.222222222,0.427792632,0.277777778,0.460888599,0.166666667,0.383482494,0.0,0.0,0.0,0.0
20_22_01.bmp,3.0,0.055555556,0.23570226,0.5,0.514495755,0.277777778,0.460888599,0.055555556,0.23570226,0.111111111,0.323380833,0.055555556,0.23570226,0.0,0.0
03_12_01.bmp,3.7222222222222223,0.222222222,0.427792632,0.222222222,0.427792632,0.0,0.0,0.055555556,0.23570226,0.111111111,0.323380833,0.055555556,0.23570226,0.055555556,0.23570226
12_25_03.bmp,2.555555555555556,0.055555556,0.23570226,0.111111111,0.323380833,0.111111111,0.323380833,0.055555556,0.23570226,0.055555556,0.23570226,0.0,0.0,0.888888889,0.323380833
21_18_02.bmp,2.333333333333333,0.111111111,0.323380833,0.833333333,0.383482494,0.0,0.0,0.0,0.0,0.111111111,0.323380833,0.111111111,0.323380833,0.0,0.0
34_05_04.bmp,2.833333333333333,0.277777778,0.460888599,0.666666667,0.48507125,0.222222222,0.427792632,0.0,0.0,0.055555556,0.23570226,0.0,0.0,0.055555556,0.23570226
16_12_03.bmp,2.7777777777777777,0.666666667,0.48507125,0.222222222,0.427792632,0.0,0.0,0.0,0.0,0.333333333,0.48507125,0.333333333,0.48507125,0.0,0.0
02_15_04.bmp,3.2777777777777777,0.0,0.0,0.222222222,0.427792632,0.0,0.0,0.166666667,0.383482494,0.388888889,0.501631326,0.055555556,0.23570226,0.0,0.0
07_03_05.bmp,1.7222222222222223,0.0,0.0,0.777777778,0.427792632,0.222222222,0.427792632,0.055555556,0.23570226,0.055555556,0.23570226,0.0,0.0,0.0,0.0
0130.jpg,3.1666666666666665,0.111111111,0.323380833,0.222222222,0.427792632,0.888888889,0.323380833,0.0,0.0,0.0,0.0,0.0,0.0,0.055555556,0.23570226
01171.jpg,3.7222222222222223,0.166666667,0.383482494,0.5,0.514495755,0.055555556,0.23570226,0.0,0.0,0.222222222,0.427792632,0.0,0.0,0.0,0.0
01384.jpg,3.8333333333333335,0.055555556,0.23570226,0.666666667,0.48507125,0.055555556,0.23570226,0.055555556,0.23570226,0.055555556,0.23570226,0.0,0.0,0.055555556,0.23570226
11_15_03.bmp,3.055555555555556,0.055555556,0.23570226,0.333333333,0.48507125,0.111111111,0.323380833,0.166666667,0.383482494,0.333333333,0.48507125,0.055555556,0.23570226,0.055555556,0.23570226
0983.jpg,3.611111111111111,0.055555556,0.23570226,0.222222222,0.427792632,0.0,0.0,0.611111111,0.501631326,0.111111111,0.323380833,0.0,0.0,0.055555556,0.23570226
25_04_05.bmp,2.2777777777777777,0.277777778,0.460888599,0.5,0.514495755,0.222222222,0.427792632,0.0,0.0,0.111111111,0.323380833,0.111111111,0.323380833,0.055555556,0.23570226
19_24_02.bmp,2.4444444444444446,0.0,0.0,0.722222222,0.460888599,0.055555556,0.23570226,0.0,0.0,0.111111111,0.323380833,0.111111111,0.323380833,0.055555556,0.23570226
29_23_05.bmp,1.9444444444444444,0.055555556,0.23570226,0.222222222,0.427792632,0.0,0.0,0.722222222,0.460888599,0.111111111,0.323380833,0.166666667,0.383482494,0.055555556,0.23570226
19_25_05.bmp,1.9444444444444444,0.055555556,0.23570226,0.111111111,0.323380833,0.111111111,0.323380833,0.055555556,0.23570226,0.055555556,0.23570226,0.055555556,0.23570226,0.777777778,0.427792632
20_07_02.bmp,2.555555555555556,0.166666667,0.383482494,0.722222222,0.460888599,0.055555556,0.23570226,0.055555556,0.23570226,0.111111111,0.323380833,0.166666667,0.383482494,0.0,0.0
15_13_05.bmp,2.055555555555556,0.111111111,0.323380833,0.111111111,0.323380833,0.888888889,0.323380833,0.0,0.0,0.166666667,0.383482494,0.055555556,0.23570226,0.0,0.0
0279.jpg,1.7777777777777777,0.166666667,0.383482494,0.388888889,0.501631326,0.0,0.0,0.888888889,0.323380833,0.111111111,0.323380833,0.0,0.0,0.0,0.0
0525.jpg,3.333333333333333,0.055555556,0.23570226,0.444444444,0.511309993,0.0,0.0,0.388888889,0.501631326,0.5,0.514495755,0.0,0.0,0.0,0.0
0519.jpg,3.5,0.055555556,0.23570226,0.388888889,0.501631326,0.0,0.0,0.388888889,0.501631326,0.5,0.514495755,0.0,0.0,0.0,0.0
0575.jpg,3.2777777777777777,0.055555556,0.23570226,0.222222222,0.427792632,0.0,0.0,0.111111111,0.323380833,0.555555556,0.511309993,0.055555556,0.23570226,0.055555556,0.23570226
33_11_01.bmp,3.2222222222222223,0.388888889,0.501631326,0.277777778,0.460888599,0.0,0.0,0.055555556,0.23570226,0.444444444,0.511309993,0.055555556,0.23570226,0.0,0.0
19_16_03.bmp,2.888888888888889,0.166666667,0.383482494,0.555555556,0.511309993,0.055555556,0.23570226,0.0,0.0,0.111111111,0.323380833,0.111111111,0.323380833,0.111111111,0.323380833
19_05_02.bmp,2.9444444444444446,0.222222222,0.427792632,0.611111111,0.501631326,0.166666667,0.383482494,0.0,0.0,0.111111111,0.323380833,0.055555556,0.23570226,0.111111111,0.323380833
28_07_03.bmp,2.7222222222222223,0.111111111,0.323380833,0.611111111,0.501631326,0.166666667,0.383482494,0.0,0.0,0.166666667,0.383482494,0.055555556,0.23570226,0.0,0.0
04_01_01.bmp,2.833333333333333,0.333333333,0.48507125,0.666666667,0.48507125,0.222222222,0.427792632,0.0,0.0,0.166666667,0.383482494,0.0,0.0,0.055555556,0.23570226
21_10_05.bmp,2.0,0.888888889,0.323380833,0.333333333,0.48507125,0.055555556,0.23570226,0.055555556,0.23570226,0.111111111,0.323380833,0.0,0.0,0.0,0.0
0290.jpg,2.7222222222222223,0.166666667,0.383482494,0.222222222,0.427792632,0.0,0.0,0.777777778,0.427792632,0.055555556,0.23570226,0.055555556,0.23570226,0.055555556,0.23570226
18_14_03.bmp,2.7222222222222223,0.222222222,0.427792632,0.333333333,0.48507125,0.055555556,0.23570226,0.388888889,0.501631326,0.055555556,0.23570226,0.0,0.0,0.111111111,0.323380833
0548.jpg,3.055555555555556,0.111111111,0.323380833,0.388888889,0.501631326,0.055555556,0.23570226,0.055555556,0.23570226,0.777777778,0.427792632,0.0,0.0,0.055555556,0.23570226
0456.jpg,2.833333333333333,0.055555556,0.23570226,0.222222222,0.427792632,0.055555556,0.23570226,0.055555556,0.23570226,0.833333333,0.383482494,0.055555556,0.23570226,0.055555556,0.23570226
01294.jpg,3.055555555555556,0.333333333,0.48507125,0.555555556,0.511309993,0.0,0.0,0.0,0.0,0.333333333,0.48507125,0.055555556,0.23570226,0.0,0.0
10_25_05.bmp,2.055555555555556,0.0,0.0,0.277777778,0.460888599,0.055555556,0.23570226,0.0,0.0,0.222222222,0.427792632,0.111111111,0.323380833,0.833333333,0.383482494
0964.jpg,2.5,0.111111111,0.323380833,0.666666667,0.48507125,0.055555556,0.23570226,0.611111111,0.501631326,0.222222222,0.427792632,0.0,0.0,0.055555556,0.23570226
31_23_04.bmp,2.1666666666666665,0.111111111,0.323380833,0.222222222,0.427792632,0.0,0.0,0.777777778,0.427792632,0.166666667,0.383482494,0.0,0.0,0.166666667,0.383482494
0056.jpg,2.055555555555556,0.055555556,0.23570226,0.555555556,0.511309993,0.944444444,0.23570226,0.0,0.0,0.111111111,0.323380833,0.0,0.0,0.0,0.0
0966.jpg,3.5,0.111111111,0.323380833,0.222222222,0.427792632,0.0,0.0,0.666666667,0.48507125,0.0,0.0,0.0,0.0,0.0,0.0
29_12_04.bmp,2.611111111111111,0.666666667,0.48507125,0.333333333,0.48507125,0.0,0.0,0.0,0.0,0.166666667,0.383482494,0.111111111,0.323380833,0.0,0.0
11_07_04.bmp,1.8333333333333333,0.222222222,0.427792632,0.833333333,0.383482494,0.0,0.0,0.055555556,0.23570226,0.222222222,0.427792632,0.111111111,0.323380833,0.0,0.0
09_07_05.bmp,1.5,0.166666667,0.383482494,0.833333333,0.383482494,0.055555556,0.23570226,0.0,0.0,0.166666667,0.383482494,0.111111111,0.323380833,0.0,0.0
14_11_04.bmp,2.333333333333333,0.833333333,0.383482494,0.166666667,0.383482494,0.055555556,0.23570226,0.0,0.0,0.055555556,0.23570226,0.166666667,0.383482494,0.055555556,0.23570226
11_03_05.bmp,1.5555555555555556,0.0,0.0,0.944444444,0.23570226,0.0,0.0,0.055555556,0.23570226,0.222222222,0.427792632,0.111111111,0.323380833,0.0,0.0
0691.jpg,3.055555555555556,0.055555556,0.23570226,0.333333333,0.48507125,0.055555556,0.23570226,0.0,0.0,0.5,0.514495755,0.055555556,0.23570226,0.0,0.0
08_03_03.bmp,3.611111111111111,0.055555556,0.23570226,0.611111111,0.501631326,0.055555556,0.23570226,0.0,0.0,0.111111111,0.323380833,0.0,0.0,0.055555556,0.23570226
21_24_04.bmp,1.3333333333333333,0.166666667,0.383482494,0.944444444,0.23570226,0.055555556,0.23570226,0.0,0.0,0.055555556,0.23570226,0.0,0.0,0.0,0.0
36_04_04.bmp,2.388888888888889,0.333333333,0.48507125,0.5,0.514495755,0.388888889,0.501631326,0.0,0.0,0.0,0.0,0.111111111,0.323380833,0.055555556,0.23570226
03_15_01.bmp,2.7777777777777777,0.055555556,0.23570226,0.166666667,0.383482494,0.888888889,0.323380833,0.0,0.0,0.111111111,0.323380833,0.0,0.0,0.055555556,0.23570226
11_12_05.bmp,2.055555555555556,0.833333333,0.383482494,0.333333333,0.48507125,0.055555556,0.23570226,0.111111111,0.323380833,0.277777778,0.460888599,0.055555556,0.23570226,0.0,0.0
0551.jpg,2.7222222222222223,0.111111111,0.323380833,0.5,0.514495755,0.0,0.0,0.055555556,0.23570226,0.777777778,0.427792632,0.0,0.0,0.055555556,0.23570226
01287.jpg,2.2222222222222223,0.388888889,0.501631326,0.833333333,0.383482494,0.111111111,0.323380833,0.0,0.0,0.111111111,0.323380833,0.055555556,0.23570226,0.0,0.0
07_14_02.bmp,3.333333333333333,0.222222222,0.427792632,0.222222222,0.427792632,0.055555556,0.23570226,0.111111111,0.323380833,0.111111111,0.323380833,0.055555556,0.23570226,0.055555556,0.23570226
0929.jpg,3.333333333333333,0.111111111,0.323380833,0.388888889,0.501631326,0.0,0.0,0.666666667,0.48507125,0.222222222,0.427792632,0.0,0.0,0.055555556,0.23570226
03_18_03.bmp,3.0,0.222222222,0.427792632,0.5,0.514495755,0.0,0.0,0.111111111,0.323380833,0.111111111,0.323380833,0.055555556,0.23570226,0.0,0.0
19_10_04.bmp,2.388888888888889,0.722222222,0.460888599,0.333333333,0.48507125,0.111111111,0.323380833,0.0,0.0,0.111111111,0.323380833,0.055555556,0.23570226,0.0,0.0
0054.jpg,2.2777777777777777,0.111111111,0.323380833,0.611111111,0.501631326,0.944444444,0.23570226,0.0,0.0,0.0,0.0,0.0,0.0,0.055555556,0.23570226
17_09_02.bmp,2.6666666666666665,0.722222222,0.460888599,0.166666667,0.383482494,0.055555556,0.23570226,0.055555556,0.23570226,0.277777778,0.460888599,0.055555556,0.23570226,0.0,0.0
05_05_05.bmp,1.3888888888888888,0.444444444,0.511309993,0.611111111,0.501631326,0.111111111,0.323380833,0.0,0.0,0.0,0.0,0.111111111,0.323380833,0.055555556,0.23570226
07_02_04.bmp,1.6666666666666667,0.0,0.0,1.0,0.0,0.111111111,0.323380833,0.055555556,0.23570226,0.0,0.0,0.0,0.0,0.0,0.0
05_24_03.bmp,1.8333333333333333,0.222222222,0.427792632,0.777777778,0.427792632,0.222222222,0.427792632,0.0,0.0,0.0,0.0,0.055555556,0.23570226,0.0,0.0
25_17_05.bmp,2.055555555555556,0.111111111,0.323380833,0.611111111,0.501631326,0.055555556,0.23570226,0.0,0.0,0.277777778,0.460888599,0.222222222,0.427792632,0.222222222,0.427792632
10_15_01.bmp,2.4444444444444446,0.055555556,0.23570226,0.222222222,0.427792632,0.888888889,0.323380833,0.055555556,0.23570226,0.166666667,0.383482494,0.166666667,0.383482494,0.0,0.0
0949.jpg,2.6666666666666665,0.055555556,0.23570226,0.444444444,0.511309993,0.0,0.0,0.666666667,0.48507125,0.166666667,0.383482494,0.055555556,0.23570226,0.0,0.0
06_24_05.bmp,1.5555555555555556,0.111111111,0.323380833,0.944444444,0.23570226,0.111111111,0.323380833,0.0,0.0,0.055555556,0.23570226,0.055555556,0.23570226,0.0,0.0
28_09_04.bmp,2.555555555555556,0.777777778,0.427792632,0.277777778,0.460888599,0.055555556,0.23570226,0.0,0.0,0.277777778,0.460888599,0.0,0.0,0.055555556,0.23570226
29_04_01.bmp,3.2777777777777777,0.166666667,0.383482494,0.5,0.514495755,0.0,0.0,0.111111111,0.323380833,0.111111111,0.323380833,0.111111111,0.323380833,0.055555556,0.23570226
20_08_05.bmp,1.6111111111111112,0.222222222,0.427792632,0.777777778,0.427792632,0.055555556,0.23570226,0.055555556,0.23570226,0.111111111,0.323380833,0.0,0.0,0.0,0.0
01286.jpg,3.7222222222222223,0.333333333,0.48507125,0.388888889,0.501631326,0.0,0.0,0.055555556,0.23570226,0.277777778,0.460888599,0.055555556,0.23570226,0.0,0.0
11_15_05.bmp,2.5,0.055555556,0.23570226,0.222222222,0.427792632,0.111111111,0.323380833,0.666666667,0.48507125,0.222222222,0.427792632,0.111111111,0.323380833,0.0,0.0
02_06_01.bmp,2.9444444444444446,0.277777778,0.460888599,0.444444444,0.511309993,0.111111111,0.323380833,0.055555556,0.23570226,0.555555556,0.511309993,0.111111111,0.323380833,0.0,0.0
31_18_02.bmp,2.888888888888889,0.111111111,0.323380833,0.666666667,0.48507125,0.0,0.0,0.0,0.0,0.166666667,0.383482494,0.111111111,0.323380833,0.055555556,0.23570226
01356.jpg,3.1666666666666665,0.0,0.0,0.722222222,0.460888599,0.222222222,0.427792632,0.0,0.0,0.0,0.0,0.0,0.0,0.0,0.0
25_25_05.bmp,2.0,0.055555556,0.23570226,0.111111111,0.323380833,0.055555556,0.23570226,0.0,0.0,0.111111111,0.323380833,0.111111111,0.323380833,0.777777778,0.427792632
16_20_03.bmp,2.1666666666666665,0.333333333,0.48507125,0.333333333,0.48507125,0.222222222,0.427792632,0.166666667,0.383482494,0.277777778,0.460888599,0.277777778,0.460888599,0.0,0.0
14_16_01.bmp,3.2222222222222223,0.055555556,0.23570226,0.388888889,0.501631326,0.333333333,0.48507125,0.055555556,0.23570226,0.0,0.0,0.111111111,0.323380833,0.055555556,0.23570226
02_12_05.bmp,2.2777777777777777,0.833333333,0.383482494,0.444444444,0.511309993,0.111111111,0.323380833,0.055555556,0.23570226,0.444444444,0.511309993,0.111111111,0.323380833,0.0,0.0
02_25_04.bmp,2.388888888888889,0.111111111,0.323380833,0.055555556,0.23570226,0.0,0.0,0.055555556,0.23570226,0.222222222,0.427792632,0.111111111,0.323380833,0.888888889,0.323380833
15_14_02.bmp,3.1666666666666665,0.055555556,0.23570226,0.222222222,0.427792632,0.055555556,0.23570226,0.222222222,0.427792632,0.222222222,0.427792632,0.0,0.0,0.055555556,0.23570226
20_12_05.bmp,2.1666666666666665,0.666666667,0.48507125,0.444444444,0.511309993,0.055555556,0.23570226,0.055555556,0.23570226,0.055555556,0.23570226,0.111111111,0.323380833,0.0,0.0
0109.jpg,1.5,0.0,0.0,0.555555556,0.511309993,0.944444444,0.23570226,0.0,0.0,0.166666667,0.383482494,0.055555556,0.23570226,0.055555556,0.23570226
19_06_03.bmp,2.555555555555556,0.388888889,0.501631326,0.222222222,0.427792632,0.277777778,0.460888599,0.055555556,0.23570226,0.111111111,0.323380833,0.277777778,0.460888599,0.055555556,0.23570226
22_02_04.bmp,1.5,0.055555556,0.23570226,0.944444444,0.23570226,0.0,0.0,0.055555556,0.23570226,0.166666667,0.383482494,0.055555556,0.23570226,0.0,0.0
04_04_02.bmp,3.388888888888889,0.111111111,0.323380833,0.5,0.514495755,0.111111111,0.323380833,0.0,0.0,0.222222222,0.427792632,0.055555556,0.23570226,0.0,0.0
32_11_04.bmp,2.333333333333333,0.611111111,0.501631326,0.444444444,0.511309993,0.055555556,0.23570226,0.055555556,0.23570226,0.333333333,0.48507125,0.055555556,0.23570226,0.0,0.0
02_19_01.bmp,2.888888888888889,0.166666667,0.383482494,0.5,0.514495755,0.166666667,0.383482494,0.055555556,0.23570226,0.444444444,0.511309993,0.055555556,0.23570226,0.055555556,0.23570226
09_17_03.bmp,2.611111111111111,0.166666667,0.383482494,0.444444444,0.511309993,0.055555556,0.23570226,0.0,0.0,0.222222222,0.427792632,0.111111111,0.323380833,0.222222222,0.427792632
29_05_03.bmp,2.555555555555556,0.333333333,0.48507125,0.666666667,0.48507125,0.0,0.0,0.0,0.0,0.111111111,0.323380833,0.111111111,0.323380833,0.055555556,0.23570226
15_20_05.bmp,1.8333333333333333,0.5,0.514495755,0.111111111,0.323380833,0.222222222,0.427792632,0.444444444,0.511309993,0.166666667,0.383482494,0.0,0.0,0.055555556,0.23570226
26_04_02.bmp,3.8333333333333335,0.166666667,0.383482494,0.166666667,0.383482494,0.166666667,0.383482494,0.0,0.0,0.111111111,0.323380833,0.0,0.0,0.055555556,0.23570226
18_15_05.bmp,3.111111111111111,0.055555556,0.23570226,0.333333333,0.48507125,0.055555556,0.23570226,0.388888889,0.501631326,0.055555556,0.23570226,0.0,0.0,0.055555556,0.23570226
02_13_02.bmp,3.388888888888889,0.0,0.0,0.333333333,0.48507125,0.166666667,0.383482494,0.055555556,0.23570226,0.444444444,0.511309993,0.0,0.0,0.055555556,0.23570226
33_23_04.bmp,2.2222222222222223,0.055555556,0.23570226,0.111111111,0.323380833,0.0,0.0,0.888888889,0.323380833,0.388888889,0.501631326,0.0,0.0,0.055555556,0.23570226
11_18_05.bmp,1.7222222222222223,0.111111111,0.323380833,0.722222222,0.460888599,0.055555556,0.23570226,0.111111111,0.323380833,0.222222222,0.427792632,0.055555556,0.23570226,0.055555556,0.23570226
0368.jpg,2.611111111111111,0.055555556,0.23570226,0.833333333,0.383482494,0.055555556,0.23570226,0.111111111,0.323380833,0.055555556,0.23570226,0.055555556,0.23570226,0.0,0.0
03_10_01.bmp,3.611111111111111,0.222222222,0.427792632,0.166666667,0.383482494,0.055555556,0.23570226,0.055555556,0.23570226,0.222222222,0.427792632,0.0,0.0,0.055555556,0.23570226
31_10_05.bmp,2.388888888888889,0.777777778,0.427792632,0.333333333,0.48507125,0.0,0.0,0.0,0.0,0.111111111,0.323380833,0.0,0.0,0.111111111,0.323380833
21_20_01.bmp,2.7777777777777777,0.222222222,0.427792632,0.333333333,0.48507125,0.166666667,0.383482494,0.277777778,0.460888599,0.055555556,0.23570226,0.0,0.0,0.055555556,0.23570226
29_14_03.bmp,2.1666666666666665,0.111111111,0.323380833,0.333333333,0.48507125,0.055555556,0.23570226,0.722222222,0.460888599,0.111111111,0.323380833,0.111111111,0.323380833,0.055555556,0.23570226
01416.jpg,3.388888888888889,0.055555556,0.23570226,0.666666667,0.48507125,0.055555556,0.23570226,0.0,0.0,0.055555556,0.23570226,0.0,0.0,0.055555556,0.23570226
28_18_03.bmp,3.0,0.111111111,0.323380833,0.722222222,0.460888599,0.055555556,0.23570226,0.055555556,0.23570226,0.222222222,0.427792632,0.055555556,0.23570226,0.0,0.0
03_15_03.bmp,3.4444444444444446,0.055555556,0.23570226,0.222222222,0.427792632,0.166666667,0.383482494,0.111111111,0.323380833,0.111111111,0.323380833,0.0,0.0,0.055555556,0.23570226
08_15_03.bmp,3.5,0.166666667,0.383482494,0.166666667,0.383482494,0.055555556,0.23570226,0.333333333,0.48507125,0.055555556,0.23570226,0.055555556,0.23570226,0.0,0.0
18_02_03.bmp,1.7777777777777777,0.055555556,0.23570226,0.944444444,0.23570226,0.055555556,0.23570226,0.055555556,0.23570226,0.055555556,0.23570226,0.0,0.0,0.055555556,0.23570226
18_09_02.bmp,2.888888888888889,0.777777778,0.427792632,0.277777778,0.460888599,0.055555556,0.23570226,0.0,0.0,0.055555556,0.23570226,0.0,0.0,0.055555556,0.23570226
25_23_01.bmp,2.9444444444444446,0.055555556,0.23570226,0.111111111,0.323380833,0.0,0.0,0.666666667,0.48507125,0.055555556,0.23570226,0.055555556,0.23570226,0.166666667,0.383482494
30_14_03.bmp,2.5,0.055555556,0.23570226,0.444444444,0.511309993,0.0,0.0,0.722222222,0.460888599,0.277777778,0.460888599,0.055555556,0.23570226,0.0,0.0
0609.jpg,3.1666666666666665,0.111111111,0.323380833,0.555555556,0.511309993,0.055555556,0.23570226,0.055555556,0.23570226,0.277777778,0.460888599,0.055555556,0.23570226,0.055555556,0.23570226
03_16_01.bmp,3.611111111111111,0.0,0.0,0.222222222,0.427792632,0.111111111,0.323380833,0.0,0.0,0.111111111,0.323380833,0.055555556,0.23570226,0.055555556,0.23570226
26_19_05.bmp,3.611111111111111,0.111111111,0.323380833,0.277777778,0.460888599,0.222222222,0.427792632,0.0,0.0,0.055555556,0.23570226,0.055555556,0.23570226,0.0,0.0
1082.jpg,3.2777777777777777,0.055555556,0.23570226,0.444444444,0.511309993,0.055555556,0.23570226,0.444444444,0.511309993,0.111111111,0.323380833,0.055555556,0.23570226,0.111111111,0.323380833
11_09_04.bmp,2.2222222222222223,0.888888889,0.323380833,0.277777778,0.460888599,0.0,0.0,0.055555556,0.23570226,0.333333333,0.48507125,0.055555556,0.23570226,0.0,0.0
26_21_03.bmp,3.7222222222222223,0.055555556,0.23570226,0.111111111,0.323380833,0.222222222,0.427792632,0.111111111,0.323380833,0.0,0.0,0.055555556,0.23570226,0.0,0.0
36_21_03.bmp,2.388888888888889,0.055555556,0.23570226,0.5,0.514495755,0.666666667,0.48507125,0.0,0.0,0.055555556,0.23570226,0.0,0.0,0.055555556,0.23570226
17_08_02.bmp,2.888888888888889,0.333333333,0.48507125,0.666666667,0.48507125,0.0,0.0,0.0,0.0,0.222222222,0.427792632,0.111111111,0.323380833,0.055555556,0.23570226
22_16_04.bmp,1.8888888888888888,0.111111111,0.323380833,0.888888889,0.323380833,0.055555556,0.23570226,0.0,0.0,0.055555556,0.23570226,0.055555556,0.23570226,0.055555556,0.23570226
0340.jpg,3.611111111111111,0.055555556,0.23570226,0.444444444,0.511309993,0.055555556,0.23570226,0.055555556,0.23570226,0.111111111,0.323380833,0.0,0.0,0.0,0.0
19_22_05.bmp,1.6111111111111112,0.222222222,0.427792632,0.833333333,0.383482494,0.055555556,0.23570226,0.0,0.0,0.111111111,0.323380833,0.055555556,0.23570226,0.0,0.0
17_10_03.bmp,2.7222222222222223,0.777777778,0.427792632,0.222222222,0.427792632,0.111111111,0.323380833,0.0,0.0,0.222222222,0.427792632,0.111111111,0.323380833,0.055555556,0.23570226
19_23_04.bmp,2.4444444444444446,0.055555556,0.23570226,0.166666667,0.383482494,0.055555556,0.23570226,0.666666667,0.48507125,0.055555556,0.23570226,0.055555556,0.23570226,0.111111111,0.323380833
0269.jpg,1.5,0.166666667,0.383482494,0.388888889,0.501631326,0.055555556,0.23570226,0.944444444,0.23570226,0.055555556,0.23570226,0.0,0.0,0.0,0.0
17_19_04.bmp,2.388888888888889,0.111111111,0.323380833,0.277777778,0.460888599,0.722222222,0.460888599,0.0,0.0,0.222222222,0.427792632,0.111111111,0.323380833,0.0,0.0
07_08_05.bmp,1.6111111111111112,0.555555556,0.511309993,0.666666667,0.48507125,0.0,0.0,0.0,0.0,0.111111111,0.323380833,0.111111111,0.323380833,0.055555556,0.23570226
0094.jpg,2.555555555555556,0.0,0.0,0.555555556,0.511309993,0.944444444,0.23570226,0.0,0.0,0.0,0.0,0.0,0.0,0.111111111,0.323380833
06_15_03.bmp,3.611111111111111,0.055555556,0.23570226,0.166666667,0.383482494,0.277777778,0.460888599,0.0,0.0,0.055555556,0.23570226,0.055555556,0.23570226,0.055555556,0.23570226
0598.jpg,3.6666666666666665,0.111111111,0.323380833,0.277777778,0.460888599,0.0,0.0,0.111111111,0.323380833,0.277777778,0.460888599,0.055555556,0.23570226,0.055555556,0.23570226
27_09_03.bmp,2.611111111111111,0.611111111,0.501631326,0.277777778,0.460888599,0.055555556,0.23570226,0.0,0.0,0.388888889,0.501631326,0.111111111,0.323380833,0.055555556,0.23570226
19_16_02.bmp,3.333333333333333,0.111111111,0.323380833,0.444444444,0.511309993,0.222222222,0.427792632,0.0,0.0,0.111111111,0.323380833,0.055555556,0.23570226,0.055555556,0.23570226
0615.jpg,2.888888888888889,0.055555556,0.23570226,0.611111111,0.501631326,0.055555556,0.23570226,0.111111111,0.323380833,0.111111111,0.323380833,0.055555556,0.23570226,0.055555556,0.23570226
26_03_02.bmp,3.7222222222222223,0.055555556,0.23570226,0.5,0.514495755,0.055555556,0.23570226,0.0,0.0,0.055555556,0.23570226,0.055555556,0.23570226,0.055555556,0.23570226
37_18_01.bmp,3.1666666666666665,0.111111111,0.323380833,0.555555556,0.511309993,0.0,0.0,0.0,0.0,0.111111111,0.323380833,0.166666667,0.383482494,0.0,0.0
01336.jpg,3.111111111111111,0.111111111,0.323380833,0.666666667,0.48507125,0.111111111,0.323380833,0.0,0.0,0.0,0.0,0.0,0.0,0.0,0.0
36_02_01.bmp,3.111111111111111,0.111111111,0.323380833,0.5,0.514495755,0.111111111,0.323380833,0.0,0.0,0.0,0.0,0.055555556,0.23570226,0.111111111,0.323380833
09_09_02.bmp,2.9444444444444446,0.611111111,0.501631326,0.388888889,0.501631326,0.111111111,0.323380833,0.055555556,0.23570226,0.166666667,0.383482494,0.055555556,0.23570226,0.0,0.0
33_05_05.bmp,2.2222222222222223,0.222222222,0.427792632,0.777777778,0.427792632,0.055555556,0.23570226,0.055555556,0.23570226,0.444444444,0.511309993,0.0,0.0,0.0,0.0
06_06_02.bmp,2.9444444444444446,0.5,0.514495755,0.166666667,0.383482494,0.166666667,0.383482494,0.055555556,0.23570226,0.0,0.0,0.222222222,0.427792632,0.055555556,0.23570226
34_06_05.bmp,1.8888888888888888,0.277777778,0.460888599,0.388888889,0.501631326,0.277777778,0.460888599,0.111111111,0.323380833,0.055555556,0.23570226,0.166666667,0.383482494,0.055555556,0.23570226
0552.jpg,2.7777777777777777,0.055555556,0.23570226,0.388888889,0.501631326,0.0,0.0,0.055555556,0.23570226,0.777777778,0.427792632,0.055555556,0.23570226,0.055555556,0.23570226
23_21_02.bmp,2.4444444444444446,0.055555556,0.23570226,0.166666667,0.383482494,0.777777778,0.427792632,0.111111111,0.323380833,0.055555556,0.23570226,0.0,0.0,0.0,0.0
24_25_03.bmp,2.5,0.0,0.0,0.055555556,0.23570226,0.0,0.0,0.055555556,0.23570226,0.055555556,0.23570226,0.0,0.0,0.888888889,0.323380833
32_14_02.bmp,2.5,0.0,0.0,0.277777778,0.460888599,0.055555556,0.23570226,0.722222222,0.460888599,0.277777778,0.460888599,0.111111111,0.323380833,0.055555556,0.23570226
11_01_04.bmp,2.055555555555556,0.0,0.0,0.888888889,0.323380833,0.0,0.0,0.055555556,0.23570226,0.166666667,0.383482494,0.166666667,0.383482494,0.0,0.0
25_18_03.bmp,2.055555555555556,0.055555556,0.23570226,0.722222222,0.460888599,0.111111111,0.323380833,0.0,0.0,0.111111111,0.323380833,0.166666667,0.383482494,0.055555556,0.23570226
07_10_04.bmp,2.0,0.777777778,0.427792632,0.333333333,0.48507125,0.055555556,0.23570226,0.055555556,0.23570226,0.111111111,0.323380833,0.0,0.0,0.055555556,0.23570226
05_23_01.bmp,3.0,0.055555556,0.23570226,0.277777778,0.460888599,0.0,0.0,0.888888889,0.323380833,0.0,0.0,0.055555556,0.23570226,0.111111111,0.323380833
24_14_05.bmp,1.4444444444444444,0.055555556,0.23570226,0.111111111,0.323380833,0.111111111,0.323380833,0.944444444,0.23570226,0.0,0.0,0.0,0.0,0.0,0.0
20_15_03.bmp,3.111111111111111,0.111111111,0.323380833,0.388888889,0.501631326,0.222222222,0.427792632,0.0,0.0,0.166666667,0.383482494,0.055555556,0.23570226,0.055555556,0.23570226
10_24_05.bmp,1.3333333333333333,0.0,0.0,0.888888889,0.323380833,0.0,0.0,0.055555556,0.23570226,0.166666667,0.383482494,0.111111111,0.323380833,0.055555556,0.23570226
35_17_03.bmp,2.2222222222222223,0.277777778,0.460888599,0.555555556,0.511309993,0.055555556,0.23570226,0.0,0.0,0.111111111,0.323380833,0.111111111,0.323380833,0.222222222,0.427792632
28_17_05.bmp,2.2222222222222223,0.055555556,0.23570226,0.5,0.514495755,0.111111111,0.323380833,0.055555556,0.23570226,0.277777778,0.460888599,0.166666667,0.383482494,0.166666667,0.383482494
28_05_01.bmp,3.0,0.277777778,0.460888599,0.5,0.514495755,0.111111111,0.323380833,0.0,0.0,0.166666667,0.383482494,0.055555556,0.23570226,0.0,0.0
02_23_02.bmp,2.888888888888889,0.166666667,0.383482494,0.166666667,0.383482494,0.0,0.0,0.666666667,0.48507125,0.277777778,0.460888599,0.055555556,0.23570226,0.0,0.0
01232.jpg,3.4444444444444446,0.277777778,0.460888599,0.333333333,0.48507125,0.0,0.0,0.166666667,0.383482494,0.333333333,0.48507125,0.5,0.514495755,0.0,0.0
20_16_02.bmp,3.111111111111111,0.166666667,0.383482494,0.444444444,0.511309993,0.166666667,0.383482494,0.055555556,0.23570226,0.111111111,0.323380833,0.111111111,0.323380833,0.0,0.0
18_24_05.bmp,1.2777777777777777,0.111111111,0.323380833,0.944444444,0.23570226,0.055555556,0.23570226,0.0,0.0,0.055555556,0.23570226,0.0,0.0,0.055555556,0.23570226
23_03_05.bmp,1.9444444444444444,0.055555556,0.23570226,0.944444444,0.23570226,0.055555556,0.23570226,0.0,0.0,0.277777778,0.460888599,0.0,0.0,0.0,0.0
12_04_01.bmp,3.7777777777777777,0.111111111,0.323380833,0.277777778,0.460888599,0.055555556,0.23570226,0.0,0.0,0.055555556,0.23570226,0.111111111,0.323380833,0.0,0.0
07_15_02.bmp,1.8888888888888888,0.111111111,0.323380833,0.277777778,0.460888599,0.777777778,0.427792632,0.0,0.0,0.111111111,0.323380833,0.055555556,0.23570226,0.0,0.0
21_23_02.bmp,2.7777777777777777,0.055555556,0.23570226,0.111111111,0.323380833,0.0,0.0,0.666666667,0.48507125,0.055555556,0.23570226,0.055555556,0.23570226,0.055555556,0.23570226
29_06_05.bmp,1.4444444444444444,0.333333333,0.48507125,0.166666667,0.383482494,0.333333333,0.48507125,0.055555556,0.23570226,0.111111111,0.323380833,0.111111111,0.323380833,0.0,0.0
19_17_04.bmp,2.611111111111111,0.055555556,0.23570226,0.388888889,0.501631326,0.055555556,0.23570226,0.0,0.0,0.277777778,0.460888599,0.277777778,0.460888599,0.166666667,0.383482494
03_02_05.bmp,1.6111111111111112,0.055555556,0.23570226,0.944444444,0.23570226,0.055555556,0.23570226,0.0,0.0,0.111111111,0.323380833,0.0,0.0,0.0,0.0
12_21_05.bmp,1.6111111111111112,0.166666667,0.383482494,0.166666667,0.383482494,0.222222222,0.427792632,0.611111111,0.501631326,0.166666667,0.383482494,0.055555556,0.23570226,0.055555556,0.23570226
08_22_02.bmp,3.1666666666666665,0.333333333,0.48507125,0.333333333,0.48507125,0.0,0.0,0.166666667,0.383482494,0.111111111,0.323380833,0.0,0.0,0.0,0.0
37_02_05.bmp,1.5555555555555556,0.055555556,0.23570226,0.944444444,0.23570226,0.055555556,0.23570226,0.0,0.0,0.055555556,0.23570226,0.0,0.0,0.0,0.0
05_09_03.bmp,2.333333333333333,0.777777778,0.427792632,0.388888889,0.501631326,0.111111111,0.323380833,0.0,0.0,0.055555556,0.23570226,0.055555556,0.23570226,0.055555556,0.23570226
32_19_01.bmp,2.7777777777777777,0.111111111,0.323380833,0.555555556,0.511309993,0.166666667,0.383482494,0.0,0.0,0.388888889,0.501631326,0.111111111,0.323380833,0.0,0.0
03_16_05.bmp,1.7777777777777777,0.333333333,0.48507125,0.888888889,0.323380833,0.055555556,0.23570226,0.055555556,0.23570226,0.111111111,0.323380833,0.0,0.0,0.0,0.0
10_17_01.bmp,3.055555555555556,0.111111111,0.323380833,0.5,0.514495755,0.0,0.0,0.0,0.0,0.388888889,0.501631326,0.222222222,0.427792632,0.111111111,0.323380833
0506.jpg,2.7222222222222223,0.055555556,0.23570226,0.388888889,0.501631326,0.0,0.0,0.611111111,0.501631326,0.666666667,0.48507125,0.055555556,0.23570226,0.0,0.0
35_19_05.bmp,2.333333333333333,0.166666667,0.383482494,0.555555556,0.511309993,0.444444444,0.511309993,0.111111111,0.323380833,0.0,0.0,0.0,0.0,0.055555556,0.23570226
0111.jpg,2.833333333333333,0.0,0.0,0.388888889,0.501631326,0.666666667,0.48507125,0.055555556,0.23570226,0.166666667,0.383482494,0.111111111,0.323380833,0.055555556,0.23570226
23_07_01.bmp,3.333333333333333,0.055555556,0.23570226,0.5,0.514495755,0.111111111,0.323380833,0.055555556,0.23570226,0.111111111,0.323380833,0.055555556,0.23570226,0.0,0.0
19_08_04.bmp,2.1666666666666665,0.277777778,0.460888599,0.722222222,0.460888599,0.055555556,0.23570226,0.055555556,0.23570226,0.055555556,0.23570226,0.166666667,0.383482494,0.055555556,0.23570226
29_02_05.bmp,1.3888888888888888,0.055555556,0.23570226,0.944444444,0.23570226,0.0,0.0,0.055555556,0.23570226,0.111111111,0.323380833,0.0,0.0,0.0,0.0
01_07_04.bmp,1.8888888888888888,0.444444444,0.511309993,0.888888889,0.323380833,0.166666667,0.383482494,0.0,0.0,0.0,0.0,0.166666667,0.383482494,0.055555556,0.23570226
09_03_02.bmp,3.333333333333333,0.166666667,0.383482494,0.722222222,0.460888599,0.111111111,0.323380833,0.055555556,0.23570226,0.111111111,0.323380833,0.0,0.0,0.0,0.0
21_06_04.bmp,2.388888888888889,0.388888889,0.501631326,0.388888889,0.501631326,0.222222222,0.427792632,0.055555556,0.23570226,0.0,0.0,0.166666667,0.383482494,0.0,0.0
25_12_04.bmp,2.1666666666666665,0.777777778,0.427792632,0.277777778,0.460888599,0.111111111,0.323380833,0.0,0.0,0.222222222,0.427792632,0.0,0.0,0.055555556,0.23570226
01222.jpg,3.555555555555556,0.166666667,0.383482494,0.444444444,0.511309993,0.0,0.0,0.055555556,0.23570226,0.222222222,0.427792632,0.0,0.0,0.111111111,0.323380833
02_18_01.bmp,2.388888888888889,0.055555556,0.23570226,0.666666667,0.48507125,0.055555556,0.23570226,0.0,0.0,0.5,0.514495755,0.111111111,0.323380833,0.166666667,0.383482494
0385.jpg,2.055555555555556,0.166666667,0.383482494,1.0,0.0,0.0,0.0,0.111111111,0.323380833,0.0,0.0,0.0,0.0,0.0,0.0
0535.jpg,3.111111111111111,0.111111111,0.323380833,0.388888889,0.501631326,0.0,0.0,0.166666667,0.383482494,0.833333333,0.383482494,0.0,0.0,0.0,0.0
32_03_02.bmp,2.7222222222222223,0.0,0.0,0.666666667,0.48507125,0.111111111,0.323380833,0.0,0.0,0.5,0.514495755,0.111111111,0.323380833,0.0,0.0
24_21_02.bmp,2.333333333333333,0.111111111,0.323380833,0.5,0.514495755,0.611111111,0.501631326,0.055555556,0.23570226,0.0,0.0,0.0,0.0,0.0,0.0
14_23_04.bmp,2.388888888888889,0.055555556,0.23570226,0.222222222,0.427792632,0.0,0.0,0.833333333,0.383482494,0.055555556,0.23570226,0.0,0.0,0.166666667,0.383482494
17_03_02.bmp,3.5,0.111111111,0.323380833,0.666666667,0.48507125,0.0,0.0,0.0,0.0,0.166666667,0.383482494,0.0,0.0,0.055555556,0.23570226
09_16_02.bmp,3.2777777777777777,0.166666667,0.383482494,0.611111111,0.501631326,0.0,0.0,0.055555556,0.23570226,0.111111111,0.323380833,0.0,0.0,0.0,0.0
18_11_05.bmp,2.1666666666666665,0.833333333,0.383482494,0.222222222,0.427792632,0.222222222,0.427792632,0.0,0.0,0.055555556,0.23570226,0.0,0.0,0.0,0.0
0150.jpg,1.5,0.055555556,0.23570226,0.388888889,0.501631326,0.944444444,0.23570226,0.0,0.0,0.111111111,0.323380833,0.0,0.0,0.0,0.0
03_20_03.bmp,2.333333333333333,0.555555556,0.511309993,0.166666667,0.383482494,0.277777778,0.460888599,0.111111111,0.323380833,0.222222222,0.427792632,0.055555556,0.23570226,0.0,0.0
17_11_02.bmp,3.2222222222222223,0.611111111,0.501631326,0.055555556,0.23570226,0.055555556,0.23570226,0.055555556,0.23570226,0.166666667,0.383482494,0.055555556,0.23570226,0.055555556,0.23570226
19_18_03.bmp,2.611111111111111,0.111111111,0.323380833,0.666666667,0.48507125,0.055555556,0.23570226,0.0,0.0,0.166666667,0.383482494,0.111111111,0.323380833,0.055555556,0.23570226
37_11_01.bmp,3.333333333333333,0.444444444,0.511309993,0.388888889,0.501631326,0.055555556,0.23570226,0.0,0.0,0.055555556,0.23570226,0.055555556,0.23570226,0.055555556,0.23570226
03_22_02.bmp,3.111111111111111,0.277777778,0.460888599,0.5,0.514495755,0.111111111,0.323380833,0.055555556,0.23570226,0.111111111,0.323380833,0.0,0.0,0.0,0.0
0899.jpg,3.5,0.166666667,0.383482494,0.444444444,0.511309993,0.055555556,0.23570226,0.0,0.0,0.055555556,0.23570226,0.0,0.0,0.0,0.0
1115.jpg,2.333333333333333,0.0,0.0,0.666666667,0.48507125,0.277777778,0.460888599,0.111111111,0.323380833,0.388888889,0.501631326,0.0,0.0,0.0,0.0
02_05_01.bmp,3.333333333333333,0.111111111,0.323380833,0.277777778,0.460888599,0.0,0.0,0.055555556,0.23570226,0.611111111,0.501631326,0.0,0.0,0.111111111,0.323380833
34_20_05.bmp,1.8888888888888888,0.444444444,0.511309993,0.666666667,0.48507125,0.166666667,0.383482494,0.055555556,0.23570226,0.0,0.0,0.055555556,0.23570226,0.0,0.0
23_10_04.bmp,2.388888888888889,0.777777778,0.427792632,0.222222222,0.427792632,0.055555556,0.23570226,0.0,0.0,0.222222222,0.427792632,0.111111111,0.323380833,0.0,0.0
01_15_03.bmp,2.6666666666666665,0.111111111,0.323380833,0.722222222,0.460888599,0.111111111,0.323380833,0.0,0.0,0.0,0.0,0.055555556,0.23570226,0.055555556,0.23570226
09_18_05.bmp,1.5,0.111111111,0.323380833,0.833333333,0.383482494,0.055555556,0.23570226,0.0,0.0,0.111111111,0.323380833,0.111111111,0.323380833,0.055555556,0.23570226
30_21_04.bmp,2.1666666666666665,0.166666667,0.383482494,0.277777778,0.460888599,0.055555556,0.23570226,0.722222222,0.460888599,0.166666667,0.383482494,0.0,0.0,0.0,0.0
37_13_02.bmp,3.5,0.0,0.0,0.277777778,0.460888599,0.166666667,0.383482494,0.055555556,0.23570226,0.055555556,0.23570226,0.111111111,0.323380833,0.0,0.0
06_16_03.bmp,3.2222222222222223,0.222222222,0.427792632,0.5,0.514495755,0.111111111,0.323380833,0.055555556,0.23570226,0.0,0.0,0.055555556,0.23570226,0.055555556,0.23570226
13_09_04.bmp,2.4444444444444446,0.777777778,0.427792632,0.166666667,0.383482494,0.166666667,0.383482494,0.0,0.0,0.222222222,0.427792632,0.111111111,0.323380833,0.0,0.0
26_14_03.bmp,3.8333333333333335,0.055555556,0.23570226,0.222222222,0.427792632,0.055555556,0.23570226,0.055555556,0.23570226,0.111111111,0.323380833,0.111111111,0.323380833,0.055555556,0.23570226
08_03_05.bmp,2.555555555555556,0.055555556,0.23570226,0.777777778,0.427792632,0.0,0.0,0.055555556,0.23570226,0.166666667,0.383482494,0.0,0.0,0.0,0.0
0665.jpg,3.4444444444444446,0.111111111,0.323380833,0.611111111,0.501631326,0.0,0.0,0.055555556,0.23570226,0.111111111,0.323380833,0.055555556,0.23570226,0.055555556,0.23570226
01_22_02.bmp,2.111111111111111,0.333333333,0.48507125,0.888888889,0.323380833,0.222222222,0.427792632,0.0,0.0,0.0,0.0,0.0,0.0,0.0,0.0
36_09_04.bmp,2.388888888888889,0.777777778,0.427792632,0.444444444,0.511309993,0.055555556,0.23570226,0.0,0.0,0.055555556,0.23570226,0.0,0.0,0.111111111,0.323380833
09_17_02.bmp,2.833333333333333,0.111111111,0.323380833,0.444444444,0.511309993,0.055555556,0.23570226,0.0,0.0,0.222222222,0.427792632,0.111111111,0.323380833,0.222222222,0.427792632
06_07_05.bmp,1.3888888888888888,0.333333333,0.48507125,0.777777778,0.427792632,0.055555556,0.23570226,0.055555556,0.23570226,0.055555556,0.23570226,0.111111111,0.323380833,0.055555556,0.23570226
0795.jpg,3.5,0.055555556,0.23570226,0.611111111,0.501631326,0.0,0.0,0.111111111,0.323380833,0.222222222,0.427792632,0.0,0.0,0.0,0.0
21_19_04.bmp,2.2777777777777777,0.222222222,0.427792632,0.277777778,0.460888599,0.666666667,0.48507125,0.0,0.0,0.055555556,0.23570226,0.0,0.0,0.0,0.0
11_24_03.bmp,2.2222222222222223,0.0,0.0,0.888888889,0.323380833,0.055555556,0.23570226,0.055555556,0.23570226,0.222222222,0.427792632,0.055555556,0.23570226,0.0,0.0
20_13_02.bmp,3.2777777777777777,0.055555556,0.23570226,0.277777778,0.460888599,0.388888889,0.501631326,0.055555556,0.23570226,0.111111111,0.323380833,0.111111111,0.323380833,0.0,0.0
20_11_01.bmp,2.833333333333333,0.5,0.514495755,0.277777778,0.460888599,0.111111111,0.323380833,0.055555556,0.23570226,0.111111111,0.323380833,0.111111111,0.323380833,0.0,0.0
01_13_04.bmp,2.6666666666666665,0.055555556,0.23570226,0.777777778,0.427792632,0.277777778,0.460888599,0.055555556,0.23570226,0.0,0.0,0.0,0.0,0.055555556,0.23570226
06_23_03.bmp,3.0,0.055555556,0.23570226,0.0,0.0,0.0,0.0,0.777777778,0.427792632,0.0,0.0,0.055555556,0.23570226,0.166666667,0.383482494
16_11_03.bmp,2.833333333333333,0.833333333,0.383482494,0.166666667,0.383482494,0.0,0.0,0.0,0.0,0.277777778,0.460888599,0.222222222,0.427792632,0.055555556,0.23570226
37_01_03.bmp,3.333333333333333,0.0,0.0,0.444444444,0.511309993,0.166666667,0.383482494,0.111111111,0.323380833,0.055555556,0.23570226,0.055555556,0.23570226,0.0,0.0
01189.jpg,3.111111111111111,0.055555556,0.23570226,0.5,0.514495755,0.055555556,0.23570226,0.0,0.0,0.055555556,0.23570226,0.388888889,0.501631326,0.555555556,0.511309993
0343.jpg,3.1666666666666665,0.111111111,0.323380833,0.555555556,0.511309993,0.0,0.0,0.055555556,0.23570226,0.0,0.0,0.055555556,0.23570226,0.0,0.0
0976.jpg,3.611111111111111,0.166666667,0.383482494,0.166666667,0.383482494,0.0,0.0,0.666666667,0.48507125,0.166666667,0.383482494,0.055555556,0.23570226,0.055555556,0.23570226
26_24_04.bmp,2.0,0.0,0.0,0.833333333,0.383482494,0.166666667,0.383482494,0.055555556,0.23570226,0.0,0.0,0.0,0.0,0.055555556,0.23570226
15_05_01.bmp,3.555555555555556,0.222222222,0.427792632,0.5,0.514495755,0.0,0.0,0.0,0.0,0.277777778,0.460888599,0.0,0.0,0.055555556,0.23570226
0149.jpg,1.7777777777777777,0.111111111,0.323380833,0.444444444,0.511309993,0.944444444,0.23570226,0.0,0.0,0.111111111,0.323380833,0.0,0.0,0.0,0.0
04_04_03.bmp,3.0,0.166666667,0.383482494,0.5,0.514495755,0.055555556,0.23570226,0.0,0.0,0.166666667,0.383482494,0.333333333,0.48507125,0.0,0.0
19_14_03.bmp,3.2222222222222223,0.0,0.0,0.111111111,0.323380833,0.055555556,0.23570226,0.555555556,0.511309993,0.166666667,0.383482494,0.111111111,0.323380833,0.055555556,0.23570226
11_23_01.bmp,2.7777777777777777,0.055555556,0.23570226,0.277777778,0.460888599,0.055555556,0.23570226,0.777777778,0.427792632,0.166666667,0.383482494,0.055555556,0.23570226,0.0,0.0
28_22_01.bmp,3.1666666666666665,0.111111111,0.323380833,0.5,0.514495755,0.277777778,0.460888599,0.0,0.0,0.166666667,0.383482494,0.0,0.0,0.055555556,0.23570226
20_06_02.bmp,2.833333333333333,0.277777778,0.460888599,0.388888889,0.501631326,0.222222222,0.427792632,0.055555556,0.23570226,0.111111111,0.323380833,0.166666667,0.383482494,0.055555556,0.23570226
09_15_04.bmp,3.2222222222222223,0.222222222,0.427792632,0.388888889,0.501631326,0.222222222,0.427792632,0.111111111,0.323380833,0.111111111,0.323380833,0.055555556,0.23570226,0.0,0.0
28_22_04.bmp,2.333333333333333,0.166666667,0.383482494,0.777777778,0.427792632,0.055555556,0.23570226,0.0,0.0,0.277777778,0.460888599,0.0,0.0,0.0,0.0
27_23_01.bmp,2.888888888888889,0.055555556,0.23570226,0.166666667,0.383482494,0.055555556,0.23570226,0.722222222,0.460888599,0.222222222,0.427792632,0.055555556,0.23570226,0.055555556,0.23570226
01381.jpg,4.388888888888889,0.111111111,0.323380833,0.444444444,0.511309993,0.055555556,0.23570226,0.0,0.0,0.0,0.0,0.055555556,0.23570226,0.0,0.0
07_05_04.bmp,1.8333333333333333,0.333333333,0.48507125,0.666666667,0.48507125,0.111111111,0.323380833,0.0,0.0,0.055555556,0.23570226,0.055555556,0.23570226,0.055555556,0.23570226
15_23_04.bmp,2.611111111111111,0.055555556,0.23570226,0.166666667,0.383482494,0.0,0.0,0.666666667,0.48507125,0.166666667,0.383482494,0.0,0.0,0.111111111,0.323380833
37_01_04.bmp,2.6666666666666665,0.0,0.0,0.833333333,0.383482494,0.055555556,0.23570226,0.055555556,0.23570226,0.055555556,0.23570226,0.055555556,0.23570226,0.055555556,0.23570226
01215.jpg,3.1666666666666665,0.333333333,0.48507125,0.944444444,0.23570226,0.055555556,0.23570226,0.0,0.0,0.222222222,0.427792632,0.0,0.0,0.055555556,0.23570226
02_03_02.bmp,3.0,0.0,0.0,0.555555556,0.511309993,0.055555556,0.23570226,0.0,0.0,0.611111111,0.501631326,0.0,0.0,0.055555556,0.23570226
01155.jpg,3.555555555555556,0.277777778,0.460888599,0.333333333,0.48507125,0.0,0.0,0.111111111,0.323380833,0.333333333,0.48507125,0.0,0.0,0.0,0.0
17_02_02.bmp,2.833333333333333,0.055555556,0.23570226,0.722222222,0.460888599,0.055555556,0.23570226,0.055555556,0.23570226,0.166666667,0.383482494,0.055555556,0.23570226,0.0,0.0
23_01_01.bmp,3.388888888888889,0.055555556,0.23570226,0.555555556,0.511309993,0.055555556,0.23570226,0.0,0.0,0.388888889,0.501631326,0.0,0.0,0.0,0.0
06_12_02.bmp,3.1666666666666665,0.611111111,0.501631326,0.277777778,0.460888599,0.055555556,0.23570226,0.0,0.0,0.111111111,0.323380833,0.055555556,0.23570226,0.055555556,0.23570226
33_13_01.bmp,3.388888888888889,0.111111111,0.323380833,0.166666667,0.383482494,0.166666667,0.383482494,0.0,0.0,0.5,0.514495755,0.0,0.0,0.055555556,0.23570226
17_22_01.bmp,2.9444444444444446,0.222222222,0.427792632,0.611111111,0.501631326,0.055555556,0.23570226,0.055555556,0.23570226,0.166666667,0.383482494,0.0,0.0,0.0,0.0
21_20_03.bmp,2.1666666666666665,0.666666667,0.48507125,0.5,0.514495755,0.166666667,0.383482494,0.166666667,0.383482494,0.055555556,0.23570226,0.055555556,0.23570226,0.0,0.0
10_07_02.bmp,2.388888888888889,0.222222222,0.427792632,0.722222222,0.460888599,0.055555556,0.23570226,0.0,0.0,0.277777778,0.460888599,0.166666667,0.383482494,0.0,0.0
09_23_02.bmp,3.0,0.055555556,0.23570226,0.111111111,0.323380833,0.0,0.0,0.777777778,0.427792632,0.111111111,0.323380833,0.055555556,0.23570226,0.055555556,0.23570226
27_10_03.bmp,2.7222222222222223,0.555555556,0.511309993,0.333333333,0.48507125,0.0,0.0,0.0,0.0,0.5,0.514495755,0.055555556,0.23570226,0.055555556,0.23570226
0588.jpg,3.4444444444444446,0.055555556,0.23570226,0.222222222,0.427792632,0.0,0.0,0.166666667,0.383482494,0.333333333,0.48507125,0.111111111,0.323380833,0.055555556,0.23570226
0376.jpg,2.1666666666666665,0.111111111,0.323380833,0.833333333,0.383482494,0.055555556,0.23570226,0.055555556,0.23570226,0.0,0.0,0.0,0.0,0.0,0.0
0404.jpg,2.7777777777777777,0.055555556,0.23570226,0.833333333,0.383482494,0.055555556,0.23570226,0.055555556,0.23570226,0.0,0.0,0.0,0.0,0.0,0.0
29_12_05.bmp,2.4444444444444446,0.666666667,0.48507125,0.388888889,0.501631326,0.111111111,0.323380833,0.0,0.0,0.111111111,0.323380833,0.111111111,0.323380833,0.0,0.0
28_09_03.bmp,2.7777777777777777,0.722222222,0.460888599,0.277777778,0.460888599,0.055555556,0.23570226,0.055555556,0.23570226,0.222222222,0.427792632,0.0,0.0,0.0,0.0
25_03_05.bmp,1.4444444444444444,0.0,0.0,0.888888889,0.323380833,0.111111111,0.323380833,0.0,0.0,0.166666667,0.383482494,0.0,0.0,0.0,0.0
01440.jpg,3.9444444444444446,0.055555556,0.23570226,0.333333333,0.48507125,0.222222222,0.427792632,0.0,0.0,0.0,0.0,0.0,0.0,0.0,0.0
05_13_04.bmp,2.5,0.0,0.0,0.388888889,0.501631326,0.777777778,0.427792632,0.055555556,0.23570226,0.0,0.0,0.055555556,0.23570226,0.055555556,0.23570226
33_04_04.bmp,2.2222222222222223,0.277777778,0.460888599,0.333333333,0.48507125,0.222222222,0.427792632,0.111111111,0.323380833,0.333333333,0.48507125,0.166666667,0.383482494,0.055555556,0.23570226
01373.jpg,3.2222222222222223,0.055555556,0.23570226,0.777777778,0.427792632,0.166666667,0.383482494,0.0,0.0,0.055555556,0.23570226,0.0,0.0,0.055555556,0.23570226
0248.jpg,1.3333333333333333,0.111111111,0.323380833,0.277777778,0.460888599,0.0,0.0,0.944444444,0.23570226,0.055555556,0.23570226,0.0,0.0,0.0,0.0
06_15_01.bmp,2.6666666666666665,0.055555556,0.23570226,0.166666667,0.383482494,0.777777778,0.427792632,0.0,0.0,0.0,0.0,0.0,0.0,0.111111111,0.323380833
0197.jpg,2.0,0.055555556,0.23570226,0.222222222,0.427792632,0.055555556,0.23570226,0.833333333,0.383482494,0.055555556,0.23570226,0.0,0.0,0.0,0.0
0099.jpg,2.2222222222222223,0.0,0.0,0.5,0.514495755,0.888888889,0.323380833,0.055555556,0.23570226,0.0,0.0,0.111111111,0.323380833,0.055555556,0.23570226
31_04_01.bmp,3.5,0.111111111,0.323380833,0.333333333,0.48507125,0.0,0.0,0.055555556,0.23570226,0.277777778,0.460888599,0.055555556,0.23570226,0.055555556,0.23570226
04_16_01.bmp,2.888888888888889,0.111111111,0.323380833,0.666666667,0.48507125,0.0,0.0,0.0,0.0,0.222222222,0.427792632,0.0,0.0,0.055555556,0.23570226
01153.jpg,4.055555555555555,0.222222222,0.427792632,0.222222222,0.427792632,0.0,0.0,0.055555556,0.23570226,0.333333333,0.48507125,0.0,0.0,0.055555556,0.23570226
01328.jpg,3.1666666666666665,0.222222222,0.427792632,0.722222222,0.460888599,0.166666667,0.383482494,0.0,0.0,0.055555556,0.23570226,0.0,0.0,0.0,0.0
37_21_04.bmp,2.2777777777777777,0.166666667,0.383482494,0.277777778,0.460888599,0.055555556,0.23570226,0.722222222,0.460888599,0.055555556,0.23570226,0.055555556,0.23570226,0.0,0.0
20_07_05.bmp,1.3333333333333333,0.055555556,0.23570226,0.944444444,0.23570226,0.055555556,0.23570226,0.0,0.0,0.111111111,0.323380833,0.111111111,0.323380833,0.0,0.0
26_10_05.bmp,2.555555555555556,0.722222222,0.460888599,0.222222222,0.427792632,0.055555556,0.23570226,0.055555556,0.23570226,0.055555556,0.23570226,0.0,0.0,0.055555556,0.23570226
02_23_01.bmp,2.9444444444444446,0.111111111,0.323380833,0.111111111,0.323380833,0.0,0.0,0.777777778,0.427792632,0.333333333,0.48507125,0.111111111,0.323380833,0.0,0.0
04_25_01.bmp,3.055555555555556,0.222222222,0.427792632,0.611111111,0.501631326,0.055555556,0.23570226,0.055555556,0.23570226,0.166666667,0.383482494,0.055555556,0.23570226,0.333333333,0.48507125
18_16_04.bmp,1.8888888888888888,0.222222222,0.427792632,0.777777778,0.427792632,0.0,0.0,0.0,0.0,0.055555556,0.23570226,0.0,0.0,0.0,0.0
26_22_04.bmp,2.2777777777777777,0.222222222,0.427792632,0.833333333,0.383482494,0.166666667,0.383482494,0.0,0.0,0.055555556,0.23570226,0.0,0.0,0.0,0.0
12_15_04.bmp,3.333333333333333,0.111111111,0.323380833,0.166666667,0.383482494,0.0,0.0,0.388888889,0.501631326,0.111111111,0.323380833,0.055555556,0.23570226,0.055555556,0.23570226
08_05_02.bmp,3.888888888888889,0.222222222,0.427792632,0.333333333,0.48507125,0.0,0.0,0.0,0.0,0.222222222,0.427792632,0.0,0.0,0.0,0.0
17_15_04.bmp,2.833333333333333,0.111111111,0.323380833,0.222222222,0.427792632,0.055555556,0.23570226,0.111111111,0.323380833,0.222222222,0.427792632,0.055555556,0.23570226,0.055555556,0.23570226
18_13_05.bmp,2.055555555555556,0.166666667,0.383482494,0.166666667,0.383482494,0.888888889,0.323380833,0.055555556,0.23570226,0.0,0.0,0.055555556,0.23570226,0.055555556,0.23570226
01_19_01.bmp,3.111111111111111,0.055555556,0.23570226,0.666666667,0.48507125,0.055555556,0.23570226,0.0,0.0,0.055555556,0.23570226,0.055555556,0.23570226,0.055555556,0.23570226
35_13_02.bmp,2.7222222222222223,0.111111111,0.323380833,0.444444444,0.511309993,0.388888889,0.501631326,0.0,0.0,0.055555556,0.23570226,0.0,0.0,0.111111111,0.323380833
1053.jpg,3.2777777777777777,0.0,0.0,0.388888889,0.501631326,0.0,0.0,0.611111111,0.501631326,0.166666667,0.383482494,0.0,0.0,0.055555556,0.23570226
15_05_03.bmp,2.611111111111111,0.333333333,0.48507125,0.666666667,0.48507125,0.055555556,0.23570226,0.055555556,0.23570226,0.222222222,0.427792632,0.0,0.0,0.0,0.0
0292.jpg,2.7222222222222223,0.222222222,0.427792632,0.333333333,0.48507125,0.0,0.0,0.777777778,0.427792632,0.0,0.0,0.0,0.0,0.0,0.0
02_14_02.bmp,3.5,0.0,0.0,0.222222222,0.427792632,0.111111111,0.323380833,0.055555556,0.23570226,0.5,0.514495755,0.111111111,0.323380833,0.055555556,0.23570226
36_13_03.bmp,2.833333333333333,0.111111111,0.323380833,0.444444444,0.511309993,0.5,0.514495755,0.055555556,0.23570226,0.0,0.0,0.0,0.0,0.055555556,0.23570226
33_02_02.bmp,3.1666666666666665,0.055555556,0.23570226,0.5,0.514495755,0.055555556,0.23570226,0.0,0.0,0.5,0.514495755,0.0,0.0,0.0,0.0
02_16_05.bmp,1.5,0.444444444,0.511309993,0.833333333,0.383482494,0.0,0.0,0.0,0.0,0.444444444,0.511309993,0.055555556,0.23570226,0.0,0.0
18_01_04.bmp,1.8333333333333333,0.055555556,0.23570226,0.888888889,0.323380833,0.111111111,0.323380833,0.0,0.0,0.0,0.0,0.055555556,0.23570226,0.055555556,0.23570226
27_23_03.bmp,2.555555555555556,0.055555556,0.23570226,0.222222222,0.427792632,0.0,0.0,0.833333333,0.383482494,0.277777778,0.460888599,0.0,0.0,0.0,0.0
35_01_05.bmp,1.4444444444444444,0.111111111,0.323380833,0.944444444,0.23570226,0.111111111,0.323380833,0.0,0.0,0.055555556,0.23570226,0.055555556,0.23570226,0.0,0.0
14_01_01.bmp,3.4444444444444446,0.111111111,0.323380833,0.5,0.514495755,0.055555556,0.23570226,0.0,0.0,0.0,0.0,0.166666667,0.383482494,0.055555556,0.23570226
33_22_02.bmp,3.1666666666666665,0.055555556,0.23570226,0.611111111,0.501631326,0.0,0.0,0.111111111,0.323380833,0.388888889,0.501631326,0.0,0.0,0.055555556,0.23570226
15_04_02.bmp,3.0,0.333333333,0.48507125,0.166666667,0.383482494,0.111111111,0.323380833,0.055555556,0.23570226,0.222222222,0.427792632,0.111111111,0.323380833,0.055555556,0.23570226
18_21_02.bmp,2.5,0.0,0.0,0.222222222,0.427792632,0.777777778,0.427792632,0.0,0.0,0.0,0.0,0.055555556,0.23570226,0.055555556,0.23570226
01205.jpg,3.5,0.222222222,0.427792632,0.388888889,0.501631326,0.0,0.0,0.0,0.0,0.555555556,0.511309993,0.0,0.0,0.055555556,0.23570226
29_08_05.bmp,1.8888888888888888,0.277777778,0.460888599,0.611111111,0.501631326,0.0,0.0,0.111111111,0.323380833,0.055555556,0.23570226,0.166666667,0.383482494,0.055555556,0.23570226
12_10_04.bmp,2.5,0.777777778,0.427792632,0.166666667,0.383482494,0.055555556,0.23570226,0.055555556,0.23570226,0.111111111,0.323380833,0.0,0.0,0.0,0.0
26_10_01.bmp,4.222222222222222,0.166666667,0.383482494,0.111111111,0.323380833,0.111111111,0.323380833,0.0,0.0,0.055555556,0.23570226,0.055555556,0.23570226,0.0,0.0
08_10_03.bmp,3.111111111111111,0.722222222,0.460888599,0.055555556,0.23570226,0.0,0.0,0.0,0.0,0.055555556,0.23570226,0.0,0.0,0.055555556,0.23570226
02_11_04.bmp,2.5,0.833333333,0.383482494,0.333333333,0.48507125,0.055555556,0.23570226,0.0,0.0,0.555555556,0.511309993,0.055555556,0.23570226,0.0,0.0
0182.jpg,3.111111111111111,0.111111111,0.323380833,0.277777778,0.460888599,0.722222222,0.460888599,0.0,0.0,0.055555556,0.23570226,0.055555556,0.23570226,0.055555556,0.23570226
36_07_05.bmp,1.5,0.055555556,0.23570226,0.833333333,0.383482494,0.055555556,0.23570226,0.055555556,0.23570226,0.0,0.0,0.055555556,0.23570226,0.055555556,0.23570226
29_22_03.bmp,2.5,0.166666667,0.383482494,0.777777778,0.427792632,0.055555556,0.23570226,0.111111111,0.323380833,0.055555556,0.23570226,0.111111111,0.323380833,0.0,0.0
0316.jpg,2.4444444444444446,0.055555556,0.23570226,0.888888889,0.323380833,0.0,0.0,0.166666667,0.383482494,0.166666667,0.383482494,0.0,0.0,0.0,0.0
22_18_04.bmp,2.0,0.055555556,0.23570226,0.944444444,0.23570226,0.055555556,0.23570226,0.0,0.0,0.055555556,0.23570226,0.166666667,0.383482494,0.0,0.0
33_10_03.bmp,2.7222222222222223,0.666666667,0.48507125,0.388888889,0.501631326,0.0,0.0,0.055555556,0.23570226,0.444444444,0.511309993,0.0,0.0,0.0,0.0
08_17_03.bmp,2.9444444444444446,0.166666667,0.383482494,0.388888889,0.501631326,0.0,0.0,0.0,0.0,0.166666667,0.383482494,0.111111111,0.323380833,0.333333333,0.48507125
13_17_04.bmp,2.5,0.055555556,0.23570226,0.5,0.514495755,0.055555556,0.23570226,0.0,0.0,0.166666667,0.383482494,0.166666667,0.383482494,0.222222222,0.427792632
0909.jpg,3.6666666666666665,0.166666667,0.383482494,0.388888889,0.501631326,0.0,0.0,0.055555556,0.23570226,0.333333333,0.48507125,0.0,0.0,0.055555556,0.23570226
26_19_02.bmp,4.0,0.0,0.0,0.222222222,0.427792632,0.055555556,0.23570226,0.055555556,0.23570226,0.055555556,0.23570226,0.0,0.0,0.055555556,0.23570226
28_10_03.bmp,2.7222222222222223,0.666666667,0.48507125,0.277777778,0.460888599,0.055555556,0.23570226,0.0,0.0,0.222222222,0.427792632,0.055555556,0.23570226,0.0,0.0
01_09_02.bmp,2.6666666666666665,0.611111111,0.501631326,0.555555556,0.511309993,0.111111111,0.323380833,0.0,0.0,0.111111111,0.323380833,0.0,0.0,0.055555556,0.23570226
28_22_05.bmp,1.7777777777777777,0.166666667,0.383482494,0.777777778,0.427792632,0.111111111,0.323380833,0.055555556,0.23570226,0.222222222,0.427792632,0.0,0.0,0.0,0.0
0841.jpg,3.4444444444444446,0.111111111,0.323380833,0.444444444,0.511309993,0.055555556,0.23570226,0.055555556,0.23570226,0.166666667,0.383482494,0.055555556,0.23570226,0.0,0.0
37_06_01.bmp,3.333333333333333,0.277777778,0.460888599,0.5,0.514495755,0.111111111,0.323380833,0.055555556,0.23570226,0.055555556,0.23570226,0.111111111,0.323380833,0.0,0.0
26_13_05.bmp,3.8333333333333335,0.055555556,0.23570226,0.055555556,0.23570226,0.277777778,0.460888599,0.0,0.0,0.055555556,0.23570226,0.0,0.0,0.055555556,0.23570226
35_10_03.bmp,2.2222222222222223,0.888888889,0.323380833,0.388888889,0.501631326,0.055555556,0.23570226,0.0,0.0,0.055555556,0.23570226,0.055555556,0.23570226,0.055555556,0.23570226
01_20_05.bmp,2.555555555555556,0.277777778,0.460888599,0.555555556,0.511309993,0.277777778,0.460888599,0.0,0.0,0.055555556,0.23570226,0.111111111,0.323380833,0.055555556,0.23570226
0203.jpg,2.0,0.055555556,0.23570226,0.166666667,0.383482494,0.0,0.0,0.888888889,0.323380833,0.166666667,0.383482494,0.055555556,0.23570226,0.0,0.0
18_11_02.bmp,2.833333333333333,0.555555556,0.511309993,0.277777778,0.460888599,0.222222222,0.427792632,0.0,0.0,0.0,0.0,0.055555556,0.23570226,0.055555556,0.23570226
0281.jpg,1.8888888888888888,0.166666667,0.383482494,0.388888889,0.501631326,0.0,0.0,0.888888889,0.323380833,0.055555556,0.23570226,0.0,0.0,0.055555556,0.23570226
33_14_05.bmp,1.2777777777777777,0.0,0.0,0.333333333,0.48507125,0.111111111,0.323380833,0.888888889,0.323380833,0.333333333,0.48507125,0.0,0.0,0.0,0.0
19_04_03.bmp,2.9444444444444446,0.277777778,0.460888599,0.222222222,0.427792632,0.222222222,0.427792632,0.055555556,0.23570226,0.166666667,0.383482494,0.222222222,0.427792632,0.055555556,0.23570226
24_08_03.bmp,2.555555555555556,0.166666667,0.383482494,0.777777778,0.427792632,0.055555556,0.23570226,0.0,0.0,0.055555556,0.23570226,0.0,0.0,0.055555556,0.23570226
14_20_04.bmp,2.2222222222222223,0.5,0.514495755,0.388888889,0.501631326,0.222222222,0.427792632,0.222222222,0.427792632,0.055555556,0.23570226,0.0,0.0,0.0,0.0
20_23_03.bmp,2.4444444444444446,0.055555556,0.23570226,0.277777778,0.460888599,0.055555556,0.23570226,0.722222222,0.460888599,0.111111111,0.323380833,0.0,0.0,0.055555556,0.23570226
01_24_05.bmp,1.2222222222222223,0.055555556,0.23570226,0.944444444,0.23570226,0.111111111,0.323380833,0.055555556,0.23570226,0.0,0.0,0.055555556,0.23570226,0.055555556,0.23570226
23_24_01.bmp,3.1666666666666665,0.111111111,0.323380833,0.555555556,0.511309993,0.0,0.0,0.055555556,0.23570226,0.222222222,0.427792632,0.055555556,0.23570226,0.055555556,0.23570226
34_01_02.bmp,3.333333333333333,0.166666667,0.383482494,0.666666667,0.48507125,0.277777778,0.460888599,0.055555556,0.23570226,0.055555556,0.23570226,0.0,0.0,0.055555556,0.23570226
0370.jpg,2.2777777777777777,0.111111111,0.323380833,0.888888889,0.323380833,0.0,0.0,0.111111111,0.323380833,0.055555556,0.23570226,0.0,0.0,0.0,0.0
0069.jpg,2.7777777777777777,0.055555556,0.23570226,0.666666667,0.48507125,0.833333333,0.383482494,0.0,0.0,0.055555556,0.23570226,0.0,0.0,0.0,0.0
0537.jpg,2.6666666666666665,0.055555556,0.23570226,0.555555556,0.511309993,0.055555556,0.23570226,0.111111111,0.323380833,0.777777778,0.427792632,0.0,0.0,0.0,0.0
01449.jpg,3.611111111111111,0.055555556,0.23570226,0.5,0.514495755,0.166666667,0.383482494,0.0,0.0,0.055555556,0.23570226,0.0,0.0,0.0,0.0
30_24_03.bmp,2.555555555555556,0.0,0.0,0.666666667,0.48507125,0.0,0.0,0.055555556,0.23570226,0.222222222,0.427792632,0.0,0.0,0.111111111,0.323380833
25_02_04.bmp,1.5555555555555556,0.0,0.0,0.944444444,0.23570226,0.111111111,0.323380833,0.055555556,0.23570226,0.166666667,0.383482494,0.0,0.0,0.0,0.0
15_15_01.bmp,1.7222222222222223,0.111111111,0.323380833,0.166666667,0.383482494,0.888888889,0.323380833,0.0,0.0,0.222222222,0.427792632,0.0,0.0,0.0,0.0
01478.jpg,3.5,0.166666667,0.383482494,0.555555556,0.511309993,0.111111111,0.323380833,0.0,0.0,0.0,0.0,0.0,0.0,0.055555556,0.23570226
02_20_02.bmp,2.555555555555556,0.5,0.514495755,0.333333333,0.48507125,0.333333333,0.48507125,0.0,0.0,0.388888889,0.501631326,0.055555556,0.23570226,0.0,0.0
21_23_05.bmp,2.055555555555556,0.055555556,0.23570226,0.166666667,0.383482494,0.055555556,0.23570226,0.722222222,0.460888599,0.0,0.0,0.0,0.0,0.111111111,0.323380833
33_24_04.bmp,2.388888888888889,0.0,0.0,0.944444444,0.23570226,0.055555556,0.23570226,0.0,0.0,0.333333333,0.48507125,0.0,0.0,0.0,0.0
16_21_05.bmp,1.7777777777777777,0.222222222,0.427792632,0.333333333,0.48507125,0.111111111,0.323380833,0.555555556,0.511309993,0.333333333,0.48507125,0.277777778,0.460888599,0.0,0.0
20_17_04.bmp,2.2777777777777777,0.166666667,0.383482494,0.388888889,0.501631326,0.166666667,0.383482494,0.0,0.0,0.222222222,0.427792632,0.166666667,0.383482494,0.166666667,0.383482494
36_01_03.bmp,2.5,0.111111111,0.323380833,0.833333333,0.383482494,0.111111111,0.323380833,0.0,0.0,0.055555556,0.23570226,0.0,0.0,0.055555556,0.23570226
01499.jpg,3.111111111111111,0.055555556,0.23570226,0.611111111,0.501631326,0.222222222,0.427792632,0.0,0.0,0.055555556,0.23570226,0.0,0.0,0.055555556,0.23570226
07_17_05.bmp,2.2222222222222223,0.166666667,0.383482494,0.5,0.514495755,0.055555556,0.23570226,0.0,0.0,0.277777778,0.460888599,0.111111111,0.323380833,0.222222222,0.427792632
01270.jpg,2.888888888888889,0.222222222,0.427792632,0.444444444,0.511309993,0.0,0.0,0.388888889,0.501631326,0.222222222,0.427792632,0.166666667,0.383482494,0.555555556,0.511309993
25_07_04.bmp,1.7222222222222223,0.166666667,0.383482494,0.777777778,0.427792632,0.055555556,0.23570226,0.0,0.0,0.111111111,0.323380833,0.0,0.0,0.0,0.0
36_09_02.bmp,2.888888888888889,0.611111111,0.501631326,0.388888889,0.501631326,0.055555556,0.23570226,0.055555556,0.23570226,0.055555556,0.23570226,0.0,0.0,0.055555556,0.23570226
16_08_02.bmp,3.055555555555556,0.222222222,0.427792632,0.444444444,0.511309993,0.055555556,0.23570226,0.0,0.0,0.388888889,0.501631326,0.333333333,0.48507125,0.0,0.0
30_02_01.bmp,3.4444444444444446,0.055555556,0.23570226,0.277777778,0.460888599,0.0,0.0,0.0,0.0,0.333333333,0.48507125,0.055555556,0.23570226,0.055555556,0.23570226
0452.jpg,3.333333333333333,0.055555556,0.23570226,0.222222222,0.427792632,0.055555556,0.23570226,0.055555556,0.23570226,0.833333333,0.383482494,0.055555556,0.23570226,0.0,0.0
24_13_02.bmp,3.333333333333333,0.055555556,0.23570226,0.333333333,0.48507125,0.333333333,0.48507125,0.0,0.0,0.055555556,0.23570226,0.0,0.0,0.055555556,0.23570226
34_23_02.bmp,2.7777777777777777,0.111111111,0.323380833,0.111111111,0.323380833,0.055555556,0.23570226,0.777777778,0.427792632,0.055555556,0.23570226,0.0,0.0,0.111111111,0.323380833
0216.jpg,1.4444444444444444,0.222222222,0.427792632,0.444444444,0.511309993,0.0,0.0,0.833333333,0.383482494,0.055555556,0.23570226,0.055555556,0.23570226,0.055555556,0.23570226
0599.jpg,3.2777777777777777,0.055555556,0.23570226,0.388888889,0.501631326,0.0,0.0,0.166666667,0.383482494,0.5,0.514495755,0.111111111,0.323380833,0.055555556,0.23570226
19_21_04.bmp,2.1666666666666665,0.111111111,0.323380833,0.333333333,0.48507125,0.166666667,0.383482494,0.611111111,0.501631326,0.111111111,0.323380833,0.111111111,0.323380833,0.0,0.0
20_10_02.bmp,2.7222222222222223,0.722222222,0.460888599,0.222222222,0.427792632,0.055555556,0.23570226,0.0,0.0,0.111111111,0.323380833,0.055555556,0.23570226,0.0,0.0
22_18_05.bmp,1.6666666666666667,0.166666667,0.383482494,0.888888889,0.323380833,0.0,0.0,0.055555556,0.23570226,0.055555556,0.23570226,0.111111111,0.323380833,0.0,0.0
35_08_04.bmp,1.8333333333333333,0.111111111,0.323380833,0.888888889,0.323380833,0.055555556,0.23570226,0.0,0.0,0.055555556,0.23570226,0.055555556,0.23570226,0.055555556,0.23570226
0005.jpg,2.4444444444444446,0.055555556,0.23570226,0.5,0.514495755,0.944444444,0.23570226,0.0,0.0,0.222222222,0.427792632,0.0,0.0,0.055555556,0.23570226
31_05_01.bmp,3.388888888888889,0.277777778,0.460888599,0.5,0.514495755,0.0,0.0,0.055555556,0.23570226,0.277777778,0.460888599,0.0,0.0,0.055555556,0.23570226
14_25_03.bmp,2.2777777777777777,0.055555556,0.23570226,0.222222222,0.427792632,0.055555556,0.23570226,0.0,0.0,0.055555556,0.23570226,0.0,0.0,0.944444444,0.23570226
23_20_05.bmp,1.7777777777777777,0.555555556,0.511309993,0.388888889,0.501631326,0.166666667,0.383482494,0.277777778,0.460888599,0.166666667,0.383482494,0.0,0.0,0.0,0.0
16_13_05.bmp,2.4444444444444446,0.0,0.0,0.166666667,0.383482494,0.777777778,0.427792632,0.0,0.0,0.277777778,0.460888599,0.333333333,0.48507125,0.055555556,0.23570226
20_20_04.bmp,2.0,0.5,0.514495755,0.166666667,0.383482494,0.222222222,0.427792632,0.333333333,0.48507125,0.166666667,0.383482494,0.055555556,0.23570226,0.0,0.0
06_22_04.bmp,1.7777777777777777,0.166666667,0.383482494,0.777777778,0.427792632,0.111111111,0.323380833,0.055555556,0.23570226,0.055555556,0.23570226,0.055555556,0.23570226,0.0,0.0
1126.jpg,3.9444444444444446,0.0,0.0,0.166666667,0.383482494,0.0,0.0,0.055555556,0.23570226,0.333333333,0.48507125,0.055555556,0.23570226,0.055555556,0.23570226
27_14_03.bmp,2.2777777777777777,0.0,0.0,0.333333333,0.48507125,0.055555556,0.23570226,0.777777778,0.427792632,0.388888889,0.501631326,0.055555556,0.23570226,0.0,0.0
0816.jpg,3.6666666666666665,0.055555556,0.23570226,0.5,0.514495755,0.0,0.0,0.0,0.0,0.222222222,0.427792632,0.0,0.0,0.055555556,0.23570226
06_02_02.bmp,2.833333333333333,0.055555556,0.23570226,0.777777778,0.427792632,0.055555556,0.23570226,0.0,0.0,0.0,0.0,0.111111111,0.323380833,0.055555556,0.23570226
18_24_04.bmp,1.4444444444444444,0.166666667,0.383482494,0.833333333,0.383482494,0.111111111,0.323380833,0.0,0.0,0.055555556,0.23570226,0.0,0.0,0.0,0.0
16_08_03.bmp,2.611111111111111,0.277777778,0.460888599,0.611111111,0.501631326,0.0,0.0,0.0,0.0,0.277777778,0.460888599,0.333333333,0.48507125,0.111111111,0.323380833
06_14_01.bmp,3.6666666666666665,0.222222222,0.427792632,0.166666667,0.383482494,0.166666667,0.383482494,0.0,0.0,0.0,0.0,0.055555556,0.23570226,0.055555556,0.23570226
0681.jpg,3.6666666666666665,0.055555556,0.23570226,0.333333333,0.48507125,0.0,0.0,0.111111111,0.323380833,0.111111111,0.323380833,0.0,0.0,0.055555556,0.23570226
23_17_04.bmp,2.5,0.111111111,0.323380833,0.5,0.514495755,0.0,0.0,0.055555556,0.23570226,0.333333333,0.48507125,0.111111111,0.323380833,0.111111111,0.323380833
01157.jpg,4.111111111111111,0.166666667,0.383482494,0.166666667,0.383482494,0.055555556,0.23570226,0.0,0.0,0.222222222,0.427792632,0.055555556,0.23570226,0.0,0.0
32_18_02.bmp,2.6666666666666665,0.111111111,0.323380833,0.722222222,0.460888599,0.055555556,0.23570226,0.0,0.0,0.444444444,0.511309993,0.111111111,0.323380833,0.0,0.0
09_07_04.bmp,1.7777777777777777,0.222222222,0.427792632,0.833333333,0.383482494,0.055555556,0.23570226,0.055555556,0.23570226,0.111111111,0.323380833,0.055555556,0.23570226,0.0,0.0
11_22_03.bmp,2.1666666666666665,0.166666667,0.383482494,0.888888889,0.323380833,0.0,0.0,0.111111111,0.323380833,0.222222222,0.427792632,0.0,0.0,0.0,0.0
12_09_04.bmp,2.4444444444444446,0.722222222,0.460888599,0.166666667,0.383482494,0.055555556,0.23570226,0.055555556,0.23570226,0.111111111,0.323380833,0.0,0.0,0.055555556,0.23570226
12_24_02.bmp,2.833333333333333,0.055555556,0.23570226,0.777777778,0.427792632,0.055555556,0.23570226,0.055555556,0.23570226,0.055555556,0.23570226,0.055555556,0.23570226,0.166666667,0.383482494
01378.jpg,3.555555555555556,0.0,0.0,0.666666667,0.48507125,0.055555556,0.23570226,0.055555556,0.23570226,0.0,0.0,0.055555556,0.23570226,0.055555556,0.23570226
18_24_03.bmp,2.0,0.111111111,0.323380833,0.833333333,0.383482494,0.055555556,0.23570226,0.111111111,0.323380833,0.055555556,0.23570226,0.0,0.0,0.0,0.0
0231.jpg,1.5,0.055555556,0.23570226,0.388888889,0.501631326,0.055555556,0.23570226,0.944444444,0.23570226,0.055555556,0.23570226,0.0,0.0,0.0,0.0
32_07_03.bmp,2.4444444444444446,0.0,0.0,0.777777778,0.427792632,0.055555556,0.23570226,0.166666667,0.383482494,0.333333333,0.48507125,0.055555556,0.23570226,0.0,0.0
21_02_05.bmp,1.2777777777777777,0.055555556,0.23570226,0.944444444,0.23570226,0.055555556,0.23570226,0.0,0.0,0.0,0.0,0.0,0.0,0.0,0.0
29_01_05.bmp,1.5555555555555556,0.055555556,0.23570226,0.944444444,0.23570226,0.0,0.0,0.055555556,0.23570226,0.055555556,0.23570226,0.0,0.0,0.0,0.0
10_05_03.bmp,2.388888888888889,0.333333333,0.48507125,0.722222222,0.460888599,0.055555556,0.23570226,0.0,0.0,0.277777778,0.460888599,0.277777778,0.460888599,0.055555556,0.23570226
04_17_03.bmp,2.4444444444444446,0.166666667,0.383482494,0.666666667,0.48507125,0.111111111,0.323380833,0.055555556,0.23570226,0.277777778,0.460888599,0.055555556,0.23570226,0.388888889,0.501631326
30_20_04.bmp,2.055555555555556,0.555555556,0.511309993,0.333333333,0.48507125,0.111111111,0.323380833,0.277777778,0.460888599,0.277777778,0.460888599,0.0,0.0,0.0,0.0
30_11_03.bmp,2.888888888888889,0.666666667,0.48507125,0.055555556,0.23570226,0.111111111,0.323380833,0.0,0.0,0.333333333,0.48507125,0.0,0.0,0.055555556,0.23570226
25_21_03.bmp,2.388888888888889,0.111111111,0.323380833,0.5,0.514495755,0.611111111,0.501631326,0.055555556,0.23570226,0.111111111,0.323380833,0.055555556,0.23570226,0.111111111,0.323380833
27_08_04.bmp,2.333333333333333,0.222222222,0.427792632,0.777777778,0.427792632,0.0,0.0,0.111111111,0.323380833,0.388888889,0.501631326,0.055555556,0.23570226,0.111111111,0.323380833
0903.jpg,3.611111111111111,0.166666667,0.383482494,0.444444444,0.511309993,0.055555556,0.23570226,0.0,0.0,0.277777778,0.460888599,0.0,0.0,0.0,0.0
18_08_04.bmp,2.111111111111111,0.388888889,0.501631326,0.611111111,0.501631326,0.0,0.0,0.0,0.0,0.0,0.0,0.111111111,0.323380833,0.055555556,0.23570226
15_23_03.bmp,2.555555555555556,0.055555556,0.23570226,0.222222222,0.427792632,0.0,0.0,0.722222222,0.460888599,0.166666667,0.383482494,0.0,0.0,0.111111111,0.323380833
17_21_03.bmp,2.7777777777777777,0.111111111,0.323380833,0.222222222,0.427792632,0.722222222,0.460888599,0.055555556,0.23570226,0.166666667,0.383482494,0.055555556,0.23570226,0.0,0.0
35_06_01.bmp,2.5,0.277777778,0.460888599,0.555555556,0.511309993,0.277777778,0.460888599,0.055555556,0.23570226,0.0,0.0,0.055555556,0.23570226,0.055555556,0.23570226
35_18_03.bmp,2.055555555555556,0.166666667,0.383482494,0.777777778,0.427792632,0.111111111,0.323380833,0.0,0.0,0.0,0.0,0.0,0.0,0.055555556,0.23570226
25_22_04.bmp,1.5555555555555556,0.277777778,0.460888599,0.833333333,0.383482494,0.055555556,0.23570226,0.0,0.0,0.111111111,0.323380833,0.0,0.0,0.055555556,0.23570226
33_11_04.bmp,2.5,0.666666667,0.48507125,0.333333333,0.48507125,0.111111111,0.323380833,0.0,0.0,0.333333333,0.48507125,0.0,0.0,0.0,0.0
01350.jpg,3.333333333333333,0.055555556,0.23570226,0.722222222,0.460888599,0.055555556,0.23570226,0.0,0.0,0.0,0.0,0.055555556,0.23570226,0.0,0.0
24_17_01.bmp,2.888888888888889,0.055555556,0.23570226,0.388888889,0.501631326,0.166666667,0.383482494,0.0,0.0,0.111111111,0.323380833,0.0,0.0,0.055555556,0.23570226
12_01_04.bmp,2.2777777777777777,0.0,0.0,0.888888889,0.323380833,0.111111111,0.323380833,0.0,0.0,0.055555556,0.23570226,0.0,0.0,0.055555556,0.23570226
20_01_03.bmp,2.555555555555556,0.0,0.0,0.666666667,0.48507125,0.055555556,0.23570226,0.055555556,0.23570226,0.166666667,0.383482494,0.111111111,0.323380833,0.0,0.0
0950.jpg,3.111111111111111,0.111111111,0.323380833,0.222222222,0.427792632,0.0,0.0,0.666666667,0.48507125,0.111111111,0.323380833,0.055555556,0.23570226,0.0,0.0
15_18_01.bmp,3.333333333333333,0.222222222,0.427792632,0.611111111,0.501631326,0.0,0.0,0.0,0.0,0.222222222,0.427792632,0.0,0.0,0.0,0.0
15_16_04.bmp,2.111111111111111,0.333333333,0.48507125,0.888888889,0.323380833,0.055555556,0.23570226,0.055555556,0.23570226,0.222222222,0.427792632,0.0,0.0,0.0,0.0
21_09_05.bmp,2.055555555555556,0.888888889,0.323380833,0.166666667,0.383482494,0.111111111,0.323380833,0.0,0.0,0.055555556,0.23570226,0.0,0.0,0.0,0.0
33_06_02.bmp,2.5,0.333333333,0.48507125,0.444444444,0.511309993,0.166666667,0.383482494,0.0,0.0,0.444444444,0.511309993,0.055555556,0.23570226,0.055555556,0.23570226
08_06_04.bmp,3.0,0.388888889,0.501631326,0.222222222,0.427792632,0.111111111,0.323380833,0.111111111,0.323380833,0.111111111,0.323380833,0.166666667,0.383482494,0.0,0.0
16_03_02.bmp,2.833333333333333,0.055555556,0.23570226,0.5,0.514495755,0.0,0.0,0.0,0.0,0.277777778,0.460888599,0.388888889,0.501631326,0.0,0.0
22_17_04.bmp,2.333333333333333,0.111111111,0.323380833,0.611111111,0.501631326,0.0,0.0,0.0,0.0,0.166666667,0.383482494,0.277777778,0.460888599,0.111111111,0.323380833
23_17_01.bmp,3.4444444444444446,0.111111111,0.323380833,0.5,0.514495755,0.055555556,0.23570226,0.0,0.0,0.222222222,0.427792632,0.0,0.0,0.0,0.0
36_20_02.bmp,2.833333333333333,0.388888889,0.501631326,0.555555556,0.511309993,0.055555556,0.23570226,0.055555556,0.23570226,0.0,0.0,0.055555556,0.23570226,0.0,0.0
03_06_01.bmp,3.388888888888889,0.222222222,0.427792632,0.277777778,0.460888599,0.166666667,0.383482494,0.0,0.0,0.166666667,0.383482494,0.166666667,0.383482494,0.111111111,0.323380833
13_19_04.bmp,3.333333333333333,0.055555556,0.23570226,0.111111111,0.323380833,0.555555556,0.511309993,0.0,0.0,0.111111111,0.323380833,0.111111111,0.323380833,0.0,0.0
12_04_02.bmp,3.555555555555556,0.166666667,0.383482494,0.166666667,0.383482494,0.166666667,0.383482494,0.055555556,0.23570226,0.111111111,0.323380833,0.055555556,0.23570226,0.0,0.0
0461.jpg,3.1666666666666665,0.055555556,0.23570226,0.277777778,0.460888599,0.0,0.0,0.166666667,0.383482494,0.777777778,0.427792632,0.0,0.0,0.111111111,0.323380833
0948.jpg,2.888888888888889,0.0,0.0,0.333333333,0.48507125,0.0,0.0,0.722222222,0.460888599,0.166666667,0.383482494,0.0,0.0,0.055555556,0.23570226
19_23_02.bmp,3.055555555555556,0.111111111,0.323380833,0.055555556,0.23570226,0.0,0.0,0.666666667,0.48507125,0.055555556,0.23570226,0.055555556,0.23570226,0.166666667,0.383482494
0207.jpg,1.7222222222222223,0.055555556,0.23570226,0.222222222,0.427792632,0.0,0.0,0.944444444,0.23570226,0.222222222,0.427792632,0.0,0.0,0.0,0.0
24_08_04.bmp,2.1666666666666665,0.222222222,0.427792632,0.777777778,0.427792632,0.0,0.0,0.0,0.0,0.111111111,0.323380833,0.111111111,0.323380833,0.0,0.0
15_16_02.bmp,2.833333333333333,0.0,0.0,0.444444444,0.511309993,0.055555556,0.23570226,0.111111111,0.323380833,0.277777778,0.460888599,0.0,0.0,0.055555556,0.23570226
21_22_04.bmp,1.7222222222222223,0.111111111,0.323380833,0.888888889,0.323380833,0.0,0.0,0.0,0.0,0.055555556,0.23570226,0.0,0.0,0.0,0.0
17_17_05.bmp,2.4444444444444446,0.055555556,0.23570226,0.5,0.514495755,0.0,0.0,0.0,0.0,0.333333333,0.48507125,0.222222222,0.427792632,0.166666667,0.383482494
1075.jpg,3.2777777777777777,0.111111111,0.323380833,0.444444444,0.511309993,0.055555556,0.23570226,0.388888889,0.501631326,0.055555556,0.23570226,0.111111111,0.323380833,0.055555556,0.23570226
0057.jpg,2.2777777777777777,0.055555556,0.23570226,0.333333333,0.48507125,0.944444444,0.23570226,0.055555556,0.23570226,0.055555556,0.23570226,0.0,0.0,0.0,0.0
0117.jpg,2.2222222222222223,0.055555556,0.23570226,0.333333333,0.48507125,0.944444444,0.23570226,0.055555556,0.23570226,0.055555556,0.23570226,0.0,0.0,0.0,0.0
34_10_02.bmp,3.111111111111111,0.444444444,0.511309993,0.333333333,0.48507125,0.222222222,0.427792632,0.055555556,0.23570226,0.0,0.0,0.0,0.0,0.055555556,0.23570226
36_01_04.bmp,1.7777777777777777,0.055555556,0.23570226,1.0,0.0,0.111111111,0.323380833,0.055555556,0.23570226,0.0,0.0,0.055555556,0.23570226,0.055555556,0.23570226
01445.jpg,3.2777777777777777,0.111111111,0.323380833,0.666666667,0.48507125,0.111111111,0.323380833,0.055555556,0.23570226,0.0,0.0,0.055555556,0.23570226,0.055555556,0.23570226
19_09_04.bmp,2.4444444444444446,0.666666667,0.48507125,0.333333333,0.48507125,0.055555556,0.23570226,0.055555556,0.23570226,0.111111111,0.323380833,0.055555556,0.23570226,0.0,0.0
07_01_03.bmp,2.555555555555556,0.055555556,0.23570226,0.777777778,0.427792632,0.277777778,0.460888599,0.055555556,0.23570226,0.111111111,0.323380833,0.0,0.0,0.055555556,0.23570226
10_11_05.bmp,2.111111111111111,0.777777778,0.427792632,0.388888889,0.501631326,0.0,0.0,0.111111111,0.323380833,0.333333333,0.48507125,0.111111111,0.323380833,0.0,0.0
0455.jpg,3.055555555555556,0.0,0.0,0.222222222,0.427792632,0.0,0.0,0.111111111,0.323380833,0.944444444,0.23570226,0.0,0.0,0.055555556,0.23570226
25_04_04.bmp,2.6666666666666665,0.277777778,0.460888599,0.5,0.514495755,0.222222222,0.427792632,0.0,0.0,0.166666667,0.383482494,0.055555556,0.23570226,0.111111111,0.323380833
15_21_04.bmp,2.388888888888889,0.222222222,0.427792632,0.222222222,0.427792632,0.111111111,0.323380833,0.666666667,0.48507125,0.222222222,0.427792632,0.055555556,0.23570226,0.0,0.0
24_18_05.bmp,1.4444444444444444,0.0,0.0,0.777777778,0.427792632,0.055555556,0.23570226,0.055555556,0.23570226,0.0,0.0,0.0,0.0,0.0,0.0
17_07_03.bmp,2.611111111111111,0.222222222,0.427792632,0.611111111,0.501631326,0.111111111,0.323380833,0.055555556,0.23570226,0.166666667,0.383482494,0.111111111,0.323380833,0.0,0.0
03_01_01.bmp,3.9444444444444446,0.111111111,0.323380833,0.166666667,0.383482494,0.055555556,0.23570226,0.0,0.0,0.111111111,0.323380833,0.0,0.0,0.111111111,0.323380833
16_07_04.bmp,1.8333333333333333,0.166666667,0.383482494,0.833333333,0.383482494,0.0,0.0,0.0,0.0,0.277777778,0.460888599,0.277777778,0.460888599,0.0,0.0
28_05_05.bmp,1.8333333333333333,0.277777778,0.460888599,0.722222222,0.460888599,0.111111111,0.323380833,0.0,0.0,0.222222222,0.427792632,0.111111111,0.323380833,0.0,0.0
32_07_05.bmp,1.3333333333333333,0.055555556,0.23570226,0.833333333,0.383482494,0.0,0.0,0.055555556,0.23570226,0.333333333,0.48507125,0.055555556,0.23570226,0.0,0.0
33_04_03.bmp,2.611111111111111,0.222222222,0.427792632,0.333333333,0.48507125,0.222222222,0.427792632,0.111111111,0.323380833,0.333333333,0.48507125,0.111111111,0.323380833,0.0,0.0
21_21_02.bmp,2.611111111111111,0.111111111,0.323380833,0.388888889,0.501631326,0.666666667,0.48507125,0.0,0.0,0.0,0.0,0.0,0.0,0.111111111,0.323380833
0272.jpg,1.9444444444444444,0.166666667,0.383482494,0.277777778,0.460888599,0.055555556,0.23570226,0.888888889,0.323380833,0.166666667,0.383482494,0.0,0.0,0.0,0.0
22_07_03.bmp,2.1666666666666665,0.055555556,0.23570226,0.833333333,0.383482494,0.0,0.0,0.0,0.0,0.166666667,0.383482494,0.111111111,0.323380833,0.055555556,0.23570226
32_12_04.bmp,2.333333333333333,0.722222222,0.460888599,0.611111111,0.501631326,0.055555556,0.23570226,0.111111111,0.323380833,0.333333333,0.48507125,0.055555556,0.23570226,0.0,0.0
08_25_04.bmp,2.333333333333333,0.111111111,0.323380833,0.055555556,0.23570226,0.055555556,0.23570226,0.0,0.0,0.055555556,0.23570226,0.0,0.0,0.888888889,0.323380833
14_02_02.bmp,2.6666666666666665,0.055555556,0.23570226,0.833333333,0.383482494,0.055555556,0.23570226,0.0,0.0,0.055555556,0.23570226,0.111111111,0.323380833,0.055555556,0.23570226
36_20_05.bmp,1.8333333333333333,0.555555556,0.511309993,0.5,0.514495755,0.055555556,0.23570226,0.111111111,0.323380833,0.055555556,0.23570226,0.055555556,0.23570226,0.0,0.0
16_01_05.bmp,1.4444444444444444,0.0,0.0,0.888888889,0.323380833,0.0,0.0,0.0,0.0,0.277777778,0.460888599,0.5,0.514495755,0.055555556,0.23570226
0090.jpg,2.7222222222222223,0.055555556,0.23570226,0.333333333,0.48507125,0.944444444,0.23570226,0.0,0.0,0.0,0.0,0.055555556,0.23570226,0.055555556,0.23570226
28_19_05.bmp,2.5,0.111111111,0.323380833,0.277777778,0.460888599,0.555555556,0.511309993,0.055555556,0.23570226,0.111111111,0.323380833,0.0,0.0,0.0,0.0
0700.jpg,3.2777777777777777,0.055555556,0.23570226,0.5,0.514495755,0.0,0.0,0.111111111,0.323380833,0.388888889,0.501631326,0.055555556,0.23570226,0.055555556,0.23570226
10_18_02.bmp,2.333333333333333,0.055555556,0.23570226,0.722222222,0.460888599,0.055555556,0.23570226,0.055555556,0.23570226,0.444444444,0.511309993,0.277777778,0.460888599,0.111111111,0.323380833
09_08_04.bmp,2.055555555555556,0.444444444,0.511309993,0.666666667,0.48507125,0.0,0.0,0.055555556,0.23570226,0.166666667,0.383482494,0.055555556,0.23570226,0.055555556,0.23570226
26_01_03.bmp,3.6666666666666665,0.0,0.0,0.444444444,0.511309993,0.055555556,0.23570226,0.055555556,0.23570226,0.055555556,0.23570226,0.055555556,0.23570226,0.0,0.0
26_22_05.bmp,1.8333333333333333,0.277777778,0.460888599,0.722222222,0.460888599,0.111111111,0.323380833,0.111111111,0.323380833,0.055555556,0.23570226,0.0,0.0,0.0,0.0
01352.jpg,3.111111111111111,0.111111111,0.323380833,0.722222222,0.460888599,0.277777778,0.460888599,0.0,0.0,0.0,0.0,0.055555556,0.23570226,0.0,0.0
21_19_05.bmp,1.9444444444444444,0.111111111,0.323380833,0.166666667,0.383482494,0.722222222,0.460888599,0.055555556,0.23570226,0.0,0.0,0.055555556,0.23570226,0.0,0.0
0215.jpg,1.6666666666666667,0.222222222,0.427792632,0.388888889,0.501631326,0.0,0.0,0.833333333,0.383482494,0.055555556,0.23570226,0.0,0.0,0.0,0.0
07_19_01.bmp,3.2777777777777777,0.222222222,0.427792632,0.277777778,0.460888599,0.166666667,0.383482494,0.0,0.0,0.111111111,0.323380833,0.0,0.0,0.111111111,0.323380833
30_17_03.bmp,2.388888888888889,0.166666667,0.383482494,0.444444444,0.511309993,0.0,0.0,0.055555556,0.23570226,0.444444444,0.511309993,0.111111111,0.323380833,0.166666667,0.383482494
34_05_02.bmp,3.333333333333333,0.222222222,0.427792632,0.5,0.514495755,0.166666667,0.383482494,0.111111111,0.323380833,0.0,0.0,0.055555556,0.23570226,0.055555556,0.23570226
09_04_05.bmp,2.4444444444444446,0.222222222,0.427792632,0.388888889,0.501631326,0.111111111,0.323380833,0.055555556,0.23570226,0.166666667,0.383482494,0.166666667,0.383482494,0.055555556,0.23570226
01_25_02.bmp,2.111111111111111,0.055555556,0.23570226,0.388888889,0.501631326,0.111111111,0.323380833,0.055555556,0.23570226,0.055555556,0.23570226,0.055555556,0.23570226,0.944444444,0.23570226
0206.jpg,2.0,0.111111111,0.323380833,0.222222222,0.427792632,0.0,0.0,0.888888889,0.323380833,0.055555556,0.23570226,0.0,0.0,0.0,0.0
17_02_05.bmp,1.2777777777777777,0.055555556,0.23570226,0.888888889,0.323380833,0.055555556,0.23570226,0.0,0.0,0.222222222,0.427792632,0.0,0.0,0.0,0.0
02_01_03.bmp,2.7222222222222223,0.0,0.0,0.722222222,0.460888599,0.055555556,0.23570226,0.0,0.0,0.611111111,0.501631326,0.055555556,0.23570226,0.055555556,0.23570226
24_09_03.bmp,2.7777777777777777,0.777777778,0.427792632,0.277777778,0.460888599,0.055555556,0.23570226,0.0,0.0,0.055555556,0.23570226,0.055555556,0.23570226,0.0,0.0
05_25_01.bmp,2.7777777777777777,0.111111111,0.323380833,0.222222222,0.427792632,0.055555556,0.23570226,0.0,0.0,0.055555556,0.23570226,0.055555556,0.23570226,0.833333333,0.383482494
01152.jpg,3.611111111111111,0.055555556,0.23570226,0.388888889,0.501631326,0.444444444,0.511309993,0.0,0.0,0.277777778,0.460888599,0.055555556,0.23570226,0.111111111,0.323380833
26_14_05.bmp,2.9444444444444446,0.222222222,0.427792632,0.388888889,0.501631326,0.166666667,0.383482494,0.111111111,0.323380833,0.055555556,0.23570226,0.055555556,0.23570226,0.111111111,0.323380833
04_07_01.bmp,2.555555555555556,0.333333333,0.48507125,0.666666667,0.48507125,0.111111111,0.323380833,0.055555556,0.23570226,0.166666667,0.383482494,0.0,0.0,0.0,0.0
11_22_04.bmp,1.9444444444444444,0.333333333,0.48507125,0.722222222,0.460888599,0.055555556,0.23570226,0.055555556,0.23570226,0.222222222,0.427792632,0.055555556,0.23570226,0.0,0.0
09_08_01.bmp,3.333333333333333,0.277777778,0.460888599,0.444444444,0.511309993,0.055555556,0.23570226,0.055555556,0.23570226,0.166666667,0.383482494,0.0,0.0,0.0,0.0
29_16_01.bmp,3.1666666666666665,0.222222222,0.427792632,0.5,0.514495755,0.0,0.0,0.055555556,0.23570226,0.055555556,0.23570226,0.166666667,0.383482494,0.055555556,0.23570226
03_14_02.bmp,3.555555555555556,0.055555556,0.23570226,0.055555556,0.23570226,0.055555556,0.23570226,0.111111111,0.323380833,0.222222222,0.427792632,0.111111111,0.323380833,0.055555556,0.23570226
07_22_05.bmp,1.7777777777777777,0.333333333,0.48507125,0.611111111,0.501631326,0.166666667,0.383482494,0.111111111,0.323380833,0.055555556,0.23570226,0.0,0.0,0.0,0.0
30_07_04.bmp,2.111111111111111,0.277777778,0.460888599,0.722222222,0.460888599,0.055555556,0.23570226,0.0,0.0,0.333333333,0.48507125,0.055555556,0.23570226,0.0,0.0
0711.jpg,3.7222222222222223,0.055555556,0.23570226,0.222222222,0.427792632,0.0,0.0,0.0,0.0,0.222222222,0.427792632,0.166666667,0.383482494,0.055555556,0.23570226
23_04_01.bmp,3.4444444444444446,0.055555556,0.23570226,0.333333333,0.48507125,0.055555556,0.23570226,0.055555556,0.23570226,0.277777778,0.460888599,0.0,0.0,0.0,0.0
23_14_04.bmp,2.055555555555556,0.055555556,0.23570226,0.277777778,0.460888599,0.055555556,0.23570226,0.777777778,0.427792632,0.166666667,0.383482494,0.111111111,0.323380833,0.0,0.0
0532.jpg,3.2777777777777777,0.111111111,0.323380833,0.5,0.514495755,0.0,0.0,0.111111111,0.323380833,0.777777778,0.427792632,0.0,0.0,0.055555556,0.23570226
16_04_04.bmp,2.2222222222222223,0.222222222,0.427792632,0.166666667,0.383482494,0.222222222,0.427792632,0.055555556,0.23570226,0.277777778,0.460888599,0.388888889,0.501631326,0.166666667,0.383482494
32_13_02.bmp,2.7777777777777777,0.055555556,0.23570226,0.555555556,0.511309993,0.277777778,0.460888599,0.0,0.0,0.333333333,0.48507125,0.055555556,0.23570226,0.055555556,0.23570226
28_24_03.bmp,2.611111111111111,0.111111111,0.323380833,0.833333333,0.383482494,0.055555556,0.23570226,0.0,0.0,0.166666667,0.383482494,0.055555556,0.23570226,0.0,0.0
34_25_01.bmp,3.0,0.055555556,0.23570226,0.055555556,0.23570226,0.111111111,0.323380833,0.055555556,0.23570226,0.055555556,0.23570226,0.0,0.0,0.944444444,0.23570226
0289.jpg,2.111111111111111,0.111111111,0.323380833,0.444444444,0.511309993,0.0,0.0,0.888888889,0.323380833,0.055555556,0.23570226,0.0,0.0,0.0,0.0
28_08_04.bmp,2.4444444444444446,0.277777778,0.460888599,0.611111111,0.501631326,0.0,0.0,0.111111111,0.323380833,0.166666667,0.383482494,0.055555556,0.23570226,0.0,0.0
19_16_05.bmp,1.5,0.277777778,0.460888599,0.888888889,0.323380833,0.0,0.0,0.0,0.0,0.055555556,0.23570226,0.055555556,0.23570226,0.0,0.0
34_03_05.bmp,1.5555555555555556,0.055555556,0.23570226,0.888888889,0.323380833,0.166666667,0.383482494,0.0,0.0,0.0,0.0,0.0,0.0,0.055555556,0.23570226
0744.jpg,3.4444444444444446,0.055555556,0.23570226,0.5,0.514495755,0.0,0.0,0.0,0.0,0.0,0.0,0.111111111,0.323380833,0.111111111,0.323380833
01341.jpg,2.6666666666666665,0.111111111,0.323380833,0.777777778,0.427792632,0.444444444,0.511309993,0.0,0.0,0.0,0.0,0.111111111,0.323380833,0.0,0.0
17_04_04.bmp,2.1666666666666665,0.277777778,0.460888599,0.444444444,0.511309993,0.166666667,0.383482494,0.055555556,0.23570226,0.166666667,0.383482494,0.277777778,0.460888599,0.055555556,0.23570226
15_24_01.bmp,3.2777777777777777,0.111111111,0.323380833,0.611111111,0.501631326,0.111111111,0.323380833,0.111111111,0.323380833,0.222222222,0.427792632,0.0,0.0,0.055555556,0.23570226
04_09_01.bmp,2.7777777777777777,0.333333333,0.48507125,0.555555556,0.511309993,0.055555556,0.23570226,0.0,0.0,0.222222222,0.427792632,0.0,0.0,0.111111111,0.323380833
05_25_05.bmp,1.8888888888888888,0.166666667,0.383482494,0.166666667,0.383482494,0.111111111,0.323380833,0.0,0.0,0.0,0.0,0.0,0.0,0.944444444,0.23570226
04_14_03.bmp,2.6666666666666665,0.111111111,0.323380833,0.611111111,0.501631326,0.055555556,0.23570226,0.333333333,0.48507125,0.277777778,0.460888599,0.0,0.0,0.0,0.0
0381.jpg,1.9444444444444444,0.055555556,0.23570226,0.888888889,0.323380833,0.055555556,0.23570226,0.055555556,0.23570226,0.055555556,0.23570226,0.0,0.0,0.055555556,0.23570226
34_21_04.bmp,2.2222222222222223,0.166666667,0.383482494,0.722222222,0.460888599,0.277777778,0.460888599,0.166666667,0.383482494,0.0,0.0,0.055555556,0.23570226,0.111111111,0.323380833
20_15_01.bmp,1.4444444444444444,0.055555556,0.23570226,0.222222222,0.427792632,0.833333333,0.383482494,0.0,0.0,0.055555556,0.23570226,0.055555556,0.23570226,0.0,0.0
0234.jpg,1.8333333333333333,0.166666667,0.383482494,0.388888889,0.501631326,0.0,0.0,0.944444444,0.23570226,0.0,0.0,0.055555556,0.23570226,0.0,0.0
27_01_03.bmp,2.888888888888889,0.0,0.0,0.722222222,0.460888599,0.0,0.0,0.111111111,0.323380833,0.555555556,0.511309993,0.0,0.0,0.0,0.0
30_22_02.bmp,2.888888888888889,0.111111111,0.323380833,0.666666667,0.48507125,0.055555556,0.23570226,0.055555556,0.23570226,0.277777778,0.460888599,0.0,0.0,0.0,0.0
13_10_03.bmp,2.7777777777777777,0.722222222,0.460888599,0.111111111,0.323380833,0.111111111,0.323380833,0.0,0.0,0.222222222,0.427792632,0.0,0.0,0.111111111,0.323380833
09_03_05.bmp,1.6111111111111112,0.055555556,0.23570226,0.888888889,0.323380833,0.166666667,0.383482494,0.0,0.0,0.166666667,0.383482494,0.0,0.0,0.0,0.0
0027.jpg,2.111111111111111,0.055555556,0.23570226,0.444444444,0.511309993,0.888888889,0.323380833,0.055555556,0.23570226,0.0,0.0,0.0,0.0,0.0,0.0
05_10_01.bmp,2.9444444444444446,0.444444444,0.511309993,0.388888889,0.501631326,0.055555556,0.23570226,0.0,0.0,0.0,0.0,0.055555556,0.23570226,0.111111111,0.323380833
01245.jpg,2.611111111111111,0.333333333,0.48507125,0.666666667,0.48507125,0.055555556,0.23570226,0.444444444,0.511309993,0.222222222,0.427792632,0.0,0.0,0.055555556,0.23570226
10_03_02.bmp,3.055555555555556,0.055555556,0.23570226,0.611111111,0.501631326,0.0,0.0,0.055555556,0.23570226,0.388888889,0.501631326,0.277777778,0.460888599,0.0,0.0
0116.jpg,1.8888888888888888,0.111111111,0.323380833,0.333333333,0.48507125,0.944444444,0.23570226,0.0,0.0,0.055555556,0.23570226,0.111111111,0.323380833,0.055555556,0.23570226
24_24_02.bmp,2.6666666666666665,0.111111111,0.323380833,0.888888889,0.323380833,0.0,0.0,0.0,0.0,0.0,0.0,0.0,0.0,0.055555556,0.23570226
01371.jpg,3.388888888888889,0.055555556,0.23570226,0.666666667,0.48507125,0.055555556,0.23570226,0.055555556,0.23570226,0.0,0.0,0.0,0.0,0.055555556,0.23570226
0179.jpg,2.6666666666666665,0.166666667,0.383482494,0.5,0.514495755,0.833333333,0.383482494,0.0,0.0,0.055555556,0.23570226,0.0,0.0,0.055555556,0.23570226
23_11_04.bmp,2.1666666666666665,0.833333333,0.383482494,0.277777778,0.460888599,0.0,0.0,0.0,0.0,0.333333333,0.48507125,0.055555556,0.23570226,0.0,0.0
32_17_02.bmp,2.5,0.111111111,0.323380833,0.611111111,0.501631326,0.111111111,0.323380833,0.0,0.0,0.5,0.514495755,0.111111111,0.323380833,0.166666667,0.383482494
15_03_01.bmp,3.7222222222222223,0.111111111,0.323380833,0.333333333,0.48507125,0.0,0.0,0.0,0.0,0.388888889,0.501631326,0.0,0.0,0.055555556,0.23570226
0019.jpg,2.9444444444444446,0.055555556,0.23570226,0.444444444,0.511309993,0.833333333,0.383482494,0.0,0.0,0.055555556,0.23570226,0.055555556,0.23570226,0.0,0.0
08_05_03.bmp,3.111111111111111,0.333333333,0.48507125,0.611111111,0.501631326,0.055555556,0.23570226,0.0,0.0,0.166666667,0.383482494,0.111111111,0.323380833,0.0,0.0
01163.jpg,2.9444444444444446,0.388888889,0.501631326,0.722222222,0.460888599,0.0,0.0,0.0,0.0,0.333333333,0.48507125,0.0,0.0,0.055555556,0.23570226
14_17_03.bmp,2.6666666666666665,0.111111111,0.323380833,0.388888889,0.501631326,0.055555556,0.23570226,0.055555556,0.23570226,0.166666667,0.383482494,0.222222222,0.427792632,0.166666667,0.383482494
20_12_01.bmp,3.2777777777777777,0.444444444,0.511309993,0.277777778,0.460888599,0.055555556,0.23570226,0.055555556,0.23570226,0.166666667,0.383482494,0.111111111,0.323380833,0.0,0.0
27_12_04.bmp,2.555555555555556,0.722222222,0.460888599,0.388888889,0.501631326,0.055555556,0.23570226,0.0,0.0,0.444444444,0.511309993,0.055555556,0.23570226,0.111111111,0.323380833
0348.jpg,2.888888888888889,0.166666667,0.383482494,0.833333333,0.383482494,0.0,0.0,0.055555556,0.23570226,0.055555556,0.23570226,0.055555556,0.23570226,0.055555556,0.23570226
01324.jpg,3.7777777777777777,0.166666667,0.383482494,0.5,0.514495755,0.0,0.0,0.0,0.0,0.0,0.0,0.055555556,0.23570226,0.277777778,0.460888599
0277.jpg,2.2222222222222223,0.166666667,0.383482494,0.333333333,0.48507125,0.055555556,0.23570226,0.888888889,0.323380833,0.055555556,0.23570226,0.0,0.0,0.0,0.0
04_18_03.bmp,2.111111111111111,0.222222222,0.427792632,0.833333333,0.383482494,0.055555556,0.23570226,0.0,0.0,0.111111111,0.323380833,0.055555556,0.23570226,0.055555556,0.23570226
14_03_01.bmp,3.6666666666666665,0.111111111,0.323380833,0.333333333,0.48507125,0.111111111,0.323380833,0.055555556,0.23570226,0.0,0.0,0.055555556,0.23570226,0.055555556,0.23570226
18_16_03.bmp,2.7222222222222223,0.166666667,0.383482494,0.722222222,0.460888599,0.0,0.0,0.111111111,0.323380833,0.0,0.0,0.0,0.0,0.111111111,0.323380833
1002.jpg,3.1666666666666665,0.055555556,0.23570226,0.444444444,0.511309993,0.055555556,0.23570226,0.611111111,0.501631326,0.111111111,0.323380833,0.055555556,0.23570226,0.055555556,0.23570226
36_24_05.bmp,1.3333333333333333,0.0,0.0,0.944444444,0.23570226,0.166666667,0.383482494,0.0,0.0,0.0,0.0,0.055555556,0.23570226,0.055555556,0.23570226
03_17_04.bmp,2.611111111111111,0.111111111,0.323380833,0.444444444,0.511309993,0.0,0.0,0.055555556,0.23570226,0.277777778,0.460888599,0.111111111,0.323380833,0.166666667,0.383482494
12_17_03.bmp,2.555555555555556,0.166666667,0.383482494,0.444444444,0.511309993,0.111111111,0.323380833,0.0,0.0,0.111111111,0.323380833,0.111111111,0.323380833,0.333333333,0.48507125
01_16_02.bmp,2.888888888888889,0.111111111,0.323380833,0.722222222,0.460888599,0.0,0.0,0.166666667,0.383482494,0.0,0.0,0.0,0.0,0.055555556,0.23570226
03_16_03.bmp,3.1666666666666665,0.222222222,0.427792632,0.388888889,0.501631326,0.055555556,0.23570226,0.166666667,0.383482494,0.111111111,0.323380833,0.0,0.0,0.055555556,0.23570226
0722.jpg,3.5,0.055555556,0.23570226,0.277777778,0.460888599,0.055555556,0.23570226,0.222222222,0.427792632,0.277777778,0.460888599,0.111111111,0.323380833,0.0,0.0
29_18_05.bmp,2.055555555555556,0.055555556,0.23570226,0.833333333,0.383482494,0.0,0.0,0.0,0.0,0.111111111,0.323380833,0.166666667,0.383482494,0.0,0.0
04_15_02.bmp,2.2222222222222223,0.111111111,0.323380833,0.5,0.514495755,0.777777778,0.427792632,0.0,0.0,0.166666667,0.383482494,0.055555556,0.23570226,0.0,0.0
01_21_02.bmp,2.5,0.055555556,0.23570226,0.777777778,0.427792632,0.277777778,0.460888599,0.0,0.0,0.0,0.0,0.055555556,0.23570226,0.055555556,0.23570226
01408.jpg,3.8333333333333335,0.055555556,0.23570226,0.555555556,0.511309993,0.055555556,0.23570226,0.055555556,0.23570226,0.0,0.0,0.055555556,0.23570226,0.0,0.0
04_07_02.bmp,2.2222222222222223,0.388888889,0.501631326,0.666666667,0.48507125,0.111111111,0.323380833,0.0,0.0,0.277777778,0.460888599,0.0,0.0,0.111111111,0.323380833
17_19_01.bmp,3.333333333333333,0.222222222,0.427792632,0.5,0.514495755,0.055555556,0.23570226,0.055555556,0.23570226,0.166666667,0.383482494,0.055555556,0.23570226,0.0,0.0
18_17_02.bmp,2.7222222222222223,0.055555556,0.23570226,0.5,0.514495755,0.055555556,0.23570226,0.055555556,0.23570226,0.111111111,0.323380833,0.111111111,0.323380833,0.222222222,0.427792632
08_18_03.bmp,3.333333333333333,0.333333333,0.48507125,0.388888889,0.501631326,0.0,0.0,0.055555556,0.23570226,0.166666667,0.383482494,0.055555556,0.23570226,0.0,0.0
24_23_01.bmp,3.055555555555556,0.111111111,0.323380833,0.166666667,0.383482494,0.0,0.0,0.666666667,0.48507125,0.0,0.0,0.0,0.0,0.111111111,0.323380833
05_24_04.bmp,1.5555555555555556,0.055555556,0.23570226,1.0,0.0,0.111111111,0.323380833,0.0,0.0,0.0,0.0,0.055555556,0.23570226,0.055555556,0.23570226
19_11_05.bmp,2.2777777777777777,0.833333333,0.383482494,0.222222222,0.427792632,0.055555556,0.23570226,0.055555556,0.23570226,0.166666667,0.383482494,0.111111111,0.323380833,0.0,0.0
15_19_05.bmp,2.0,0.055555556,0.23570226,0.222222222,0.427792632,0.888888889,0.323380833,0.0,0.0,0.111111111,0.323380833,0.055555556,0.23570226,0.0,0.0
09_09_05.bmp,2.055555555555556,0.722222222,0.460888599,0.444444444,0.511309993,0.111111111,0.323380833,0.0,0.0,0.166666667,0.383482494,0.055555556,0.23570226,0.0,0.0
29_02_03.bmp,2.1666666666666665,0.055555556,0.23570226,0.888888889,0.323380833,0.055555556,0.23570226,0.0,0.0,0.111111111,0.323380833,0.055555556,0.23570226,0.055555556,0.23570226
15_13_04.bmp,2.5,0.055555556,0.23570226,0.166666667,0.383482494,0.888888889,0.323380833,0.0,0.0,0.222222222,0.427792632,0.0,0.0,0.055555556,0.23570226
26_09_03.bmp,3.111111111111111,0.5,0.514495755,0.166666667,0.383482494,0.111111111,0.323380833,0.0,0.0,0.055555556,0.23570226,0.0,0.0,0.0,0.0
36_16_03.bmp,2.555555555555556,0.166666667,0.383482494,0.833333333,0.383482494,0.0,0.0,0.055555556,0.23570226,0.0,0.0,0.0,0.0,0.111111111,0.323380833
0240.jpg,1.2777777777777777,0.111111111,0.323380833,0.166666667,0.383482494,0.055555556,0.23570226,0.944444444,0.23570226,0.0,0.0,0.0,0.0,0.0,0.0
04_05_01.bmp,3.055555555555556,0.111111111,0.323380833,0.555555556,0.511309993,0.166666667,0.383482494,0.055555556,0.23570226,0.166666667,0.383482494,0.0,0.0,0.111111111,0.323380833
29_12_01.bmp,3.2777777777777777,0.222222222,0.427792632,0.5,0.514495755,0.0,0.0,0.055555556,0.23570226,0.111111111,0.323380833,0.111111111,0.323380833,0.055555556,0.23570226
0571.jpg,3.4444444444444446,0.055555556,0.23570226,0.166666667,0.383482494,0.0,0.0,0.055555556,0.23570226,0.611111111,0.501631326,0.0,0.0,0.055555556,0.23570226
0883.jpg,3.7222222222222223,0.166666667,0.383482494,0.333333333,0.48507125,0.055555556,0.23570226,0.111111111,0.323380833,0.111111111,0.323380833,0.055555556,0.23570226,0.0,0.0
37_07_05.bmp,1.6111111111111112,0.111111111,0.323380833,0.944444444,0.23570226,0.0,0.0,0.055555556,0.23570226,0.055555556,0.23570226,0.055555556,0.23570226,0.0,0.0
01257.jpg,3.388888888888889,0.333333333,0.48507125,0.611111111,0.501631326,0.0,0.0,0.0,0.0,0.611111111,0.501631326,0.0,0.0,0.0,0.0
03_13_01.bmp,3.6666666666666665,0.166666667,0.383482494,0.055555556,0.23570226,0.166666667,0.383482494,0.055555556,0.23570226,0.111111111,0.323380833,0.055555556,0.23570226,0.055555556,0.23570226
17_05_03.bmp,2.611111111111111,0.444444444,0.511309993,0.777777778,0.427792632,0.111111111,0.323380833,0.0,0.0,0.166666667,0.383482494,0.111111111,0.323380833,0.0,0.0
01_23_03.bmp,2.611111111111111,0.0,0.0,0.555555556,0.511309993,0.055555556,0.23570226,0.833333333,0.383482494,0.055555556,0.23570226,0.055555556,0.23570226,0.111111111,0.323380833
37_24_01.bmp,3.333333333333333,0.055555556,0.23570226,0.555555556,0.511309993,0.0,0.0,0.0,0.0,0.111111111,0.323380833,0.055555556,0.23570226,0.0,0.0
10_11_02.bmp,2.9444444444444446,0.722222222,0.460888599,0.333333333,0.48507125,0.0,0.0,0.0,0.0,0.388888889,0.501631326,0.111111111,0.323380833,0.0,0.0
24_15_04.bmp,2.9444444444444446,0.055555556,0.23570226,0.277777778,0.460888599,0.055555556,0.23570226,0.388888889,0.501631326,0.0,0.0,0.0,0.0,0.055555556,0.23570226
0433.jpg,2.888888888888889,0.111111111,0.323380833,0.777777778,0.427792632,0.0,0.0,0.111111111,0.323380833,0.0,0.0,0.0,0.0,0.055555556,0.23570226
07_25_04.bmp,2.055555555555556,0.055555556,0.23570226,0.222222222,0.427792632,0.055555556,0.23570226,0.055555556,0.23570226,0.0,0.0,0.0,0.0,0.888888889,0.323380833
07_16_02.bmp,3.5,0.166666667,0.383482494,0.388888889,0.501631326,0.0,0.0,0.111111111,0.323380833,0.111111111,0.323380833,0.055555556,0.23570226,0.111111111,0.323380833
37_02_01.bmp,3.555555555555556,0.055555556,0.23570226,0.5,0.514495755,0.0,0.0,0.111111111,0.323380833,0.111111111,0.323380833,0.111111111,0.323380833,0.0,0.0
23_05_02.bmp,3.0,0.222222222,0.427792632,0.666666667,0.48507125,0.0,0.0,0.055555556,0.23570226,0.388888889,0.501631326,0.111111111,0.323380833,0.0,0.0
28_13_04.bmp,2.611111111111111,0.055555556,0.23570226,0.333333333,0.48507125,0.666666667,0.48507125,0.0,0.0,0.277777778,0.460888599,0.055555556,0.23570226,0.0,0.0
0573.jpg,3.2222222222222223,0.055555556,0.23570226,0.277777778,0.460888599,0.055555556,0.23570226,0.055555556,0.23570226,0.611111111,0.501631326,0.055555556,0.23570226,0.055555556,0.23570226
1008.jpg,3.0,0.111111111,0.323380833,0.333333333,0.48507125,0.055555556,0.23570226,0.611111111,0.501631326,0.277777778,0.460888599,0.055555556,0.23570226,0.055555556,0.23570226
12_24_04.bmp,1.7222222222222223,0.166666667,0.383482494,0.833333333,0.383482494,0.111111111,0.323380833,0.0,0.0,0.055555556,0.23570226,0.0,0.0,0.055555556,0.23570226
0497.jpg,2.888888888888889,0.055555556,0.23570226,0.5,0.514495755,0.0,0.0,0.5,0.514495755,0.666666667,0.48507125,0.055555556,0.23570226,0.055555556,0.23570226
11_06_01.bmp,2.6666666666666665,0.277777778,0.460888599,0.333333333,0.48507125,0.166666667,0.383482494,0.166666667,0.383482494,0.166666667,0.383482494,0.166666667,0.383482494,0.0,0.0
13_23_05.bmp,2.2777777777777777,0.0,0.0,0.166666667,0.383482494,0.055555556,0.23570226,0.833333333,0.383482494,0.111111111,0.323380833,0.0,0.0,0.166666667,0.383482494
06_11_04.bmp,2.4444444444444446,0.722222222,0.460888599,0.222222222,0.427792632,0.055555556,0.23570226,0.055555556,0.23570226,0.055555556,0.23570226,0.111111111,0.323380833,0.0,0.0
08_07_02.bmp,3.111111111111111,0.277777778,0.460888599,0.5,0.514495755,0.055555556,0.23570226,0.055555556,0.23570226,0.0,0.0,0.0,0.0,0.0,0.0
36_13_01.bmp,3.2777777777777777,0.055555556,0.23570226,0.444444444,0.511309993,0.333333333,0.48507125,0.055555556,0.23570226,0.0,0.0,0.055555556,0.23570226,0.055555556,0.23570226
16_22_01.bmp,3.111111111111111,0.166666667,0.383482494,0.388888889,0.501631326,0.055555556,0.23570226,0.055555556,0.23570226,0.388888889,0.501631326,0.333333333,0.48507125,0.0,0.0
01_19_05.bmp,2.555555555555556,0.111111111,0.323380833,0.666666667,0.48507125,0.166666667,0.383482494,0.055555556,0.23570226,0.055555556,0.23570226,0.0,0.0,0.0,0.0
29_20_02.bmp,2.5,0.388888889,0.501631326,0.388888889,0.501631326,0.166666667,0.383482494,0.277777778,0.460888599,0.111111111,0.323380833,0.111111111,0.323380833,0.111111111,0.323380833
31_16_02.bmp,2.888888888888889,0.111111111,0.323380833,0.555555556,0.511309993,0.055555556,0.23570226,0.111111111,0.323380833,0.222222222,0.427792632,0.0,0.0,0.055555556,0.23570226
22_03_05.bmp,1.5555555555555556,0.0,0.0,0.833333333,0.383482494,0.0,0.0,0.0,0.0,0.111111111,0.323380833,0.111111111,0.323380833,0.0,0.0
28_01_02.bmp,3.1666666666666665,0.055555556,0.23570226,0.611111111,0.501631326,0.111111111,0.323380833,0.0,0.0,0.166666667,0.383482494,0.055555556,0.23570226,0.055555556,0.23570226
13_22_05.bmp,1.7222222222222223,0.222222222,0.427792632,0.722222222,0.460888599,0.055555556,0.23570226,0.055555556,0.23570226,0.055555556,0.23570226,0.0,0.0,0.055555556,0.23570226
18_07_03.bmp,2.0,0.111111111,0.323380833,0.888888889,0.323380833,0.055555556,0.23570226,0.0,0.0,0.0,0.0,0.111111111,0.323380833,0.0,0.0
15_18_03.bmp,2.7222222222222223,0.111111111,0.323380833,0.666666667,0.48507125,0.0,0.0,0.055555556,0.23570226,0.222222222,0.427792632,0.0,0.0,0.0,0.0
27_08_01.bmp,3.111111111111111,0.055555556,0.23570226,0.5,0.514495755,0.0,0.0,0.111111111,0.323380833,0.444444444,0.511309993,0.0,0.0,0.055555556,0.23570226
24_05_03.bmp,2.555555555555556,0.111111111,0.323380833,0.777777778,0.427792632,0.055555556,0.23570226,0.055555556,0.23570226,0.055555556,0.23570226,0.0,0.0,0.0,0.0
14_19_02.bmp,3.111111111111111,0.166666667,0.383482494,0.333333333,0.48507125,0.277777778,0.460888599,0.0,0.0,0.055555556,0.23570226,0.055555556,0.23570226,0.111111111,0.323380833
0773.jpg,3.555555555555556,0.055555556,0.23570226,0.5,0.514495755,0.0,0.0,0.055555556,0.23570226,0.111111111,0.323380833,0.111111111,0.323380833,0.055555556,0.23570226
0768.jpg,2.9444444444444446,0.055555556,0.23570226,0.388888889,0.501631326,0.0,0.0,0.0,0.0,0.333333333,0.48507125,0.444444444,0.511309993,0.055555556,0.23570226
0554.jpg,3.0,0.111111111,0.323380833,0.444444444,0.511309993,0.0,0.0,0.055555556,0.23570226,0.722222222,0.460888599,0.055555556,0.23570226,0.055555556,0.23570226
0092.jpg,2.2222222222222223,0.0,0.0,0.555555556,0.511309993,0.944444444,0.23570226,0.055555556,0.23570226,0.0,0.0,0.0,0.0,0.055555556,0.23570226
0917.jpg,3.7222222222222223,0.111111111,0.323380833,0.277777778,0.460888599,0.055555556,0.23570226,0.0,0.0,0.277777778,0.460888599,0.0,0.0,0.0,0.0
1039.jpg,3.111111111111111,0.0,0.0,0.555555556,0.511309993,0.055555556,0.23570226,0.5,0.514495755,0.166666667,0.383482494,0.0,0.0,0.0,0.0
11_02_01.bmp,2.888888888888889,0.111111111,0.323380833,0.555555556,0.511309993,0.0,0.0,0.111111111,0.323380833,0.277777778,0.460888599,0.055555556,0.23570226,0.055555556,0.23570226
01_21_04.bmp,2.5,0.111111111,0.323380833,0.777777778,0.427792632,0.111111111,0.323380833,0.055555556,0.23570226,0.0,0.0,0.0,0.0,0.0,0.0
08_20_04.bmp,1.9444444444444444,0.555555556,0.511309993,0.166666667,0.383482494,0.277777778,0.460888599,0.277777778,0.460888599,0.111111111,0.323380833,0.111111111,0.323380833,0.0,0.0
36_05_03.bmp,2.111111111111111,0.277777778,0.460888599,0.777777778,0.427792632,0.166666667,0.383482494,0.0,0.0,0.0,0.0,0.055555556,0.23570226,0.055555556,0.23570226
18_11_03.bmp,2.7777777777777777,0.666666667,0.48507125,0.277777778,0.460888599,0.166666667,0.383482494,0.0,0.0,0.055555556,0.23570226,0.0,0.0,0.055555556,0.23570226
01237.jpg,4.166666666666667,0.166666667,0.383482494,0.222222222,0.427792632,0.0,0.0,0.055555556,0.23570226,0.444444444,0.511309993,0.0,0.0,0.0,0.0
16_20_02.bmp,2.4444444444444446,0.388888889,0.501631326,0.222222222,0.427792632,0.277777778,0.460888599,0.111111111,0.323380833,0.333333333,0.48507125,0.222222222,0.427792632,0.0,0.0
01209.jpg,3.1666666666666665,0.166666667,0.383482494,0.611111111,0.501631326,0.055555556,0.23570226,0.111111111,0.323380833,0.333333333,0.48507125,0.0,0.0,0.277777778,0.460888599
34_07_02.bmp,2.333333333333333,0.222222222,0.427792632,0.833333333,0.383482494,0.111111111,0.323380833,0.0,0.0,0.0,0.0,0.055555556,0.23570226,0.055555556,0.23570226
14_12_05.bmp,2.055555555555556,0.888888889,0.323380833,0.277777778,0.460888599,0.166666667,0.383482494,0.0,0.0,0.0,0.0,0.111111111,0.323380833,0.055555556,0.23570226
09_21_05.bmp,1.5,0.333333333,0.48507125,0.5,0.514495755,0.111111111,0.323380833,0.5,0.514495755,0.222222222,0.427792632,0.055555556,0.23570226,0.0,0.0
26_15_04.bmp,3.888888888888889,0.055555556,0.23570226,0.166666667,0.383482494,0.166666667,0.383482494,0.0,0.0,0.055555556,0.23570226,0.111111111,0.323380833,0.111111111,0.323380833
31_24_04.bmp,1.8888888888888888,0.0,0.0,0.833333333,0.383482494,0.0,0.0,0.0,0.0,0.111111111,0.323380833,0.055555556,0.23570226,0.055555556,0.23570226
0392.jpg,2.611111111111111,0.111111111,0.323380833,0.777777778,0.427792632,0.0,0.0,0.166666667,0.383482494,0.111111111,0.323380833,0.055555556,0.23570226,0.0,0.0
36_08_04.bmp,2.388888888888889,0.111111111,0.323380833,0.666666667,0.48507125,0.055555556,0.23570226,0.0,0.0,0.0,0.0,0.055555556,0.23570226,0.055555556,0.23570226
07_05_05.bmp,1.5555555555555556,0.333333333,0.48507125,0.666666667,0.48507125,0.055555556,0.23570226,0.055555556,0.23570226,0.111111111,0.323380833,0.055555556,0.23570226,0.055555556,0.23570226
22_24_01.bmp,2.9444444444444446,0.111111111,0.323380833,0.777777778,0.427792632,0.0,0.0,0.055555556,0.23570226,0.055555556,0.23570226,0.111111111,0.323380833,0.055555556,0.23570226
36_25_02.bmp,2.555555555555556,0.055555556,0.23570226,0.277777778,0.460888599,0.111111111,0.323380833,0.055555556,0.23570226,0.0,0.0,0.0,0.0,0.944444444,0.23570226
01_22_04.bmp,1.7222222222222223,0.5,0.514495755,0.833333333,0.383482494,0.111111111,0.323380833,0.055555556,0.23570226,0.0,0.0,0.0,0.0,0.0,0.0
28_06_04.bmp,2.1666666666666665,0.277777778,0.460888599,0.555555556,0.511309993,0.222222222,0.427792632,0.111111111,0.323380833,0.111111111,0.323380833,0.166666667,0.383482494,0.055555556,0.23570226
07_24_02.bmp,2.555555555555556,0.055555556,0.23570226,0.722222222,0.460888599,0.166666667,0.383482494,0.0,0.0,0.0,0.0,0.0,0.0,0.055555556,0.23570226
29_02_02.bmp,2.888888888888889,0.111111111,0.323380833,0.666666667,0.48507125,0.0,0.0,0.055555556,0.23570226,0.055555556,0.23570226,0.111111111,0.323380833,0.055555556,0.23570226
24_07_02.bmp,3.0,0.166666667,0.383482494,0.722222222,0.460888599,0.055555556,0.23570226,0.0,0.0,0.0,0.0,0.055555556,0.23570226,0.055555556,0.23570226
0591.jpg,3.333333333333333,0.111111111,0.323380833,0.277777778,0.460888599,0.0,0.0,0.222222222,0.427792632,0.555555556,0.511309993,0.055555556,0.23570226,0.111111111,0.323380833
36_03_03.bmp,2.4444444444444446,0.111111111,0.323380833,0.833333333,0.383482494,0.055555556,0.23570226,0.0,0.0,0.0,0.0,0.0,0.0,0.111111111,0.323380833
10_17_02.bmp,3.055555555555556,0.055555556,0.23570226,0.555555556,0.511309993,0.055555556,0.23570226,0.0,0.0,0.444444444,0.511309993,0.166666667,0.383482494,0.166666667,0.383482494
11_19_05.bmp,1.8888888888888888,0.166666667,0.383482494,0.166666667,0.383482494,0.777777778,0.427792632,0.055555556,0.23570226,0.166666667,0.383482494,0.055555556,0.23570226,0.055555556,0.23570226
01_18_01.bmp,2.555555555555556,0.111111111,0.323380833,0.666666667,0.48507125,0.222222222,0.427792632,0.0,0.0,0.055555556,0.23570226,0.0,0.0,0.111111111,0.323380833
35_09_01.bmp,2.6666666666666665,0.666666667,0.48507125,0.5,0.514495755,0.055555556,0.23570226,0.055555556,0.23570226,0.055555556,0.23570226,0.0,0.0,0.055555556,0.23570226
28_10_05.bmp,2.111111111111111,0.777777778,0.427792632,0.277777778,0.460888599,0.055555556,0.23570226,0.0,0.0,0.222222222,0.427792632,0.111111111,0.323380833,0.055555556,0.23570226
25_15_03.bmp,3.055555555555556,0.111111111,0.323380833,0.5,0.514495755,0.277777778,0.460888599,0.0,0.0,0.111111111,0.323380833,0.0,0.0,0.055555556,0.23570226
0725.jpg,3.5,0.111111111,0.323380833,0.166666667,0.383482494,0.0,0.0,0.0,0.0,0.333333333,0.48507125,0.166666667,0.383482494,0.055555556,0.23570226
1064.jpg,3.4444444444444446,0.166666667,0.383482494,0.388888889,0.501631326,0.0,0.0,0.222222222,0.427792632,0.222222222,0.427792632,0.0,0.0,0.111111111,0.323380833
30_06_03.bmp,2.5,0.277777778,0.460888599,0.222222222,0.427792632,0.222222222,0.427792632,0.055555556,0.23570226,0.333333333,0.48507125,0.166666667,0.383482494,0.055555556,0.23570226
13_07_02.bmp,3.0,0.166666667,0.383482494,0.722222222,0.460888599,0.111111111,0.323380833,0.055555556,0.23570226,0.166666667,0.383482494,0.055555556,0.23570226,0.111111111,0.323380833
01400.jpg,3.4444444444444446,0.0,0.0,0.611111111,0.501631326,0.111111111,0.323380833,0.0,0.0,0.0,0.0,0.055555556,0.23570226,0.111111111,0.323380833
17_24_02.bmp,2.888888888888889,0.0,0.0,0.777777778,0.427792632,0.055555556,0.23570226,0.055555556,0.23570226,0.166666667,0.383482494,0.111111111,0.323380833,0.0,0.0
19_09_03.bmp,2.555555555555556,0.722222222,0.460888599,0.277777778,0.460888599,0.055555556,0.23570226,0.0,0.0,0.111111111,0.323380833,0.055555556,0.23570226,0.111111111,0.323380833
05_11_05.bmp,1.7777777777777777,0.777777778,0.427792632,0.388888889,0.501631326,0.055555556,0.23570226,0.0,0.0,0.111111111,0.323380833,0.111111111,0.323380833,0.055555556,0.23570226
33_06_05.bmp,1.7222222222222223,0.333333333,0.48507125,0.388888889,0.501631326,0.166666667,0.383482494,0.111111111,0.323380833,0.444444444,0.511309993,0.166666667,0.383482494,0.055555556,0.23570226
01318.jpg,2.9444444444444446,0.444444444,0.511309993,0.777777778,0.427792632,0.055555556,0.23570226,0.0,0.0,0.333333333,0.48507125,0.0,0.0,0.0,0.0
0910.jpg,3.7222222222222223,0.277777778,0.460888599,0.388888889,0.501631326,0.055555556,0.23570226,0.0,0.0,0.222222222,0.427792632,0.0,0.0,0.0,0.0
34_20_02.bmp,2.888888888888889,0.333333333,0.48507125,0.555555556,0.511309993,0.333333333,0.48507125,0.0,0.0,0.0,0.0,0.111111111,0.323380833,0.0,0.0
28_06_03.bmp,2.555555555555556,0.277777778,0.460888599,0.5,0.514495755,0.277777778,0.460888599,0.055555556,0.23570226,0.166666667,0.383482494,0.166666667,0.383482494,0.0,0.0
36_25_03.bmp,2.333333333333333,0.055555556,0.23570226,0.222222222,0.427792632,0.111111111,0.323380833,0.0,0.0,0.055555556,0.23570226,0.0,0.0,1.0,0.0
0739.jpg,3.4444444444444446,0.055555556,0.23570226,0.388888889,0.501631326,0.055555556,0.23570226,0.0,0.0,0.222222222,0.427792632,0.111111111,0.323380833,0.055555556,0.23570226
27_25_01.bmp,3.0,0.0,0.0,0.222222222,0.427792632,0.055555556,0.23570226,0.055555556,0.23570226,0.333333333,0.48507125,0.055555556,0.23570226,0.777777778,0.427792632
03_09_04.bmp,2.7222222222222223,0.722222222,0.460888599,0.166666667,0.383482494,0.111111111,0.323380833,0.055555556,0.23570226,0.166666667,0.383482494,0.0,0.0,0.055555556,0.23570226
08_21_02.bmp,2.4444444444444446,0.222222222,0.427792632,0.222222222,0.427792632,0.611111111,0.501631326,0.111111111,0.323380833,0.055555556,0.23570226,0.055555556,0.23570226,0.0,0.0
0833.jpg,3.6666666666666665,0.111111111,0.323380833,0.5,0.514495755,0.0,0.0,0.0,0.0,0.055555556,0.23570226,0.0,0.0,0.0,0.0
07_09_04.bmp,2.2222222222222223,0.833333333,0.383482494,0.277777778,0.460888599,0.055555556,0.23570226,0.0,0.0,0.111111111,0.323380833,0.0,0.0,0.0,0.0
33_02_01.bmp,3.333333333333333,0.055555556,0.23570226,0.388888889,0.501631326,0.0,0.0,0.055555556,0.23570226,0.5,0.514495755,0.055555556,0.23570226,0.0,0.0
18_15_04.bmp,3.2777777777777777,0.111111111,0.323380833,0.277777778,0.460888599,0.055555556,0.23570226,0.111111111,0.323380833,0.0,0.0,0.055555556,0.23570226,0.111111111,0.323380833
23_19_02.bmp,2.7777777777777777,0.166666667,0.383482494,0.277777778,0.460888599,0.5,0.514495755,0.055555556,0.23570226,0.277777778,0.460888599,0.0,0.0,0.0,0.0
13_17_02.bmp,2.888888888888889,0.055555556,0.23570226,0.444444444,0.511309993,0.111111111,0.323380833,0.055555556,0.23570226,0.222222222,0.427792632,0.166666667,0.383482494,0.222222222,0.427792632
01405.jpg,3.555555555555556,0.111111111,0.323380833,0.444444444,0.511309993,0.166666667,0.383482494,0.0,0.0,0.055555556,0.23570226,0.0,0.0,0.0,0.0
33_15_01.bmp,2.888888888888889,0.055555556,0.23570226,0.388888889,0.501631326,0.777777778,0.427792632,0.0,0.0,0.333333333,0.48507125,0.0,0.0,0.055555556,0.23570226
0401.jpg,2.6666666666666665,0.111111111,0.323380833,0.777777778,0.427792632,0.0,0.0,0.111111111,0.323380833,0.0,0.0,0.0,0.0,0.055555556,0.23570226
0832.jpg,3.2777777777777777,0.055555556,0.23570226,0.5,0.514495755,0.0,0.0,0.055555556,0.23570226,0.166666667,0.383482494,0.055555556,0.23570226,0.055555556,0.23570226
01214.jpg,3.888888888888889,0.166666667,0.383482494,0.166666667,0.383482494,0.0,0.0,0.222222222,0.427792632,0.111111111,0.323380833,0.0,0.0,0.0,0.0
04_13_03.bmp,2.555555555555556,0.111111111,0.323380833,0.666666667,0.48507125,0.222222222,0.427792632,0.0,0.0,0.222222222,0.427792632,0.0,0.0,0.111111111,0.323380833
0073.jpg,3.2222222222222223,0.0,0.0,0.333333333,0.48507125,0.555555556,0.511309993,0.055555556,0.23570226,0.055555556,0.23570226,0.0,0.0,0.0,0.0
04_18_05.bmp,1.5555555555555556,0.222222222,0.427792632,0.888888889,0.323380833,0.111111111,0.323380833,0.0,0.0,0.166666667,0.383482494,0.111111111,0.323380833,0.055555556,0.23570226
13_08_04.bmp,2.5,0.388888889,0.501631326,0.722222222,0.460888599,0.055555556,0.23570226,0.055555556,0.23570226,0.111111111,0.323380833,0.0,0.0,0.055555556,0.23570226
37_20_01.bmp,2.833333333333333,0.222222222,0.427792632,0.5,0.514495755,0.222222222,0.427792632,0.166666667,0.383482494,0.055555556,0.23570226,0.055555556,0.23570226,0.0,0.0
32_01_01.bmp,2.888888888888889,0.111111111,0.323380833,0.444444444,0.511309993,0.222222222,0.427792632,0.111111111,0.323380833,0.5,0.514495755,0.111111111,0.323380833,0.0,0.0
27_15_04.bmp,2.7222222222222223,0.111111111,0.323380833,0.388888889,0.501631326,0.055555556,0.23570226,0.611111111,0.501631326,0.333333333,0.48507125,0.0,0.0,0.0,0.0
0746.jpg,3.055555555555556,0.055555556,0.23570226,0.555555556,0.511309993,0.055555556,0.23570226,0.0,0.0,0.111111111,0.323380833,0.111111111,0.323380833,0.055555556,0.23570226
32_10_02.bmp,2.7222222222222223,0.611111111,0.501631326,0.444444444,0.511309993,0.055555556,0.23570226,0.055555556,0.23570226,0.333333333,0.48507125,0.055555556,0.23570226,0.055555556,0.23570226
26_15_03.bmp,3.8333333333333335,0.111111111,0.323380833,0.111111111,0.323380833,0.222222222,0.427792632,0.0,0.0,0.055555556,0.23570226,0.0,0.0,0.055555556,0.23570226
05_07_03.bmp,2.111111111111111,0.277777778,0.460888599,0.777777778,0.427792632,0.111111111,0.323380833,0.0,0.0,0.0,0.0,0.055555556,0.23570226,0.166666667,0.383482494
11_19_01.bmp,2.9444444444444446,0.111111111,0.323380833,0.444444444,0.511309993,0.166666667,0.383482494,0.111111111,0.323380833,0.222222222,0.427792632,0.055555556,0.23570226,0.0,0.0
0639.jpg,3.388888888888889,0.111111111,0.323380833,0.388888889,0.501631326,0.111111111,0.323380833,0.055555556,0.23570226,0.055555556,0.23570226,0.0,0.0,0.055555556,0.23570226
0384.jpg,1.9444444444444444,0.111111111,0.323380833,0.888888889,0.323380833,0.0,0.0,0.111111111,0.323380833,0.055555556,0.23570226,0.0,0.0,0.055555556,0.23570226
25_21_04.bmp,2.2777777777777777,0.055555556,0.23570226,0.444444444,0.511309993,0.055555556,0.23570226,0.666666667,0.48507125,0.166666667,0.383482494,0.111111111,0.323380833,0.0,0.0
0479.jpg,3.055555555555556,0.0,0.0,0.388888889,0.501631326,0.0,0.0,0.111111111,0.323380833,0.666666667,0.48507125,0.0,0.0,0.055555556,0.23570226
22_07_02.bmp,2.7777777777777777,0.0,0.0,0.722222222,0.460888599,0.055555556,0.23570226,0.0,0.0,0.111111111,0.323380833,0.111111111,0.323380833,0.0,0.0
1068.jpg,3.555555555555556,0.166666667,0.383482494,0.388888889,0.501631326,0.055555556,0.23570226,0.166666667,0.383482494,0.111111111,0.323380833,0.222222222,0.427792632,0.055555556,0.23570226
0430.jpg,1.6666666666666667,0.055555556,0.23570226,0.944444444,0.23570226,0.0,0.0,0.055555556,0.23570226,0.111111111,0.323380833,0.0,0.0,0.0,0.0
13_01_01.bmp,4.111111111111111,0.055555556,0.23570226,0.166666667,0.383482494,0.166666667,0.383482494,0.0,0.0,0.222222222,0.427792632,0.0,0.0,0.055555556,0.23570226
0911.jpg,3.9444444444444446,0.166666667,0.383482494,0.444444444,0.511309993,0.0,0.0,0.055555556,0.23570226,0.166666667,0.383482494,0.0,0.0,0.0,0.0
11_04_02.bmp,2.888888888888889,0.277777778,0.460888599,0.444444444,0.511309993,0.111111111,0.323380833,0.111111111,0.323380833,0.166666667,0.383482494,0.166666667,0.383482494,0.055555556,0.23570226
32_13_04.bmp,2.0,0.0,0.0,0.333333333,0.48507125,0.833333333,0.383482494,0.0,0.0,0.388888889,0.501631326,0.055555556,0.23570226,0.111111111,0.323380833
31_21_04.bmp,2.111111111111111,0.055555556,0.23570226,0.333333333,0.48507125,0.055555556,0.23570226,0.777777778,0.427792632,0.166666667,0.383482494,0.055555556,0.23570226,0.055555556,0.23570226
0643.jpg,3.2777777777777777,0.055555556,0.23570226,0.5,0.514495755,0.0,0.0,0.055555556,0.23570226,0.0,0.0,0.055555556,0.23570226,0.055555556,0.23570226
0697.jpg,3.333333333333333,0.111111111,0.323380833,0.5,0.514495755,0.0,0.0,0.0,0.0,0.333333333,0.48507125,0.111111111,0.323380833,0.055555556,0.23570226
25_17_03.bmp,2.6666666666666665,0.111111111,0.323380833,0.5,0.514495755,0.055555556,0.23570226,0.0,0.0,0.222222222,0.427792632,0.222222222,0.427792632,0.166666667,0.383482494
14_04_05.bmp,2.111111111111111,0.333333333,0.48507125,0.388888889,0.501631326,0.222222222,0.427792632,0.055555556,0.23570226,0.0,0.0,0.222222222,0.427792632,0.055555556,0.23570226
06_02_04.bmp,1.4444444444444444,0.0,0.0,0.888888889,0.323380833,0.111111111,0.323380833,0.055555556,0.23570226,0.055555556,0.23570226,0.055555556,0.23570226,0.0,0.0
01429.jpg,3.6666666666666665,0.055555556,0.23570226,0.555555556,0.511309993,0.055555556,0.23570226,0.0,0.0,0.0,0.0,0.055555556,0.23570226,0.055555556,0.23570226
32_13_01.bmp,2.7777777777777777,0.0,0.0,0.555555556,0.511309993,0.222222222,0.427792632,0.055555556,0.23570226,0.388888889,0.501631326,0.111111111,0.323380833,0.0,0.0
26_20_05.bmp,3.111111111111111,0.277777778,0.460888599,0.388888889,0.501631326,0.166666667,0.383482494,0.0,0.0,0.055555556,0.23570226,0.166666667,0.383482494,0.0,0.0
1015.jpg,3.7777777777777777,0.111111111,0.323380833,0.333333333,0.48507125,0.055555556,0.23570226,0.277777778,0.460888599,0.055555556,0.23570226,0.055555556,0.23570226,0.0,0.0
35_13_05.bmp,1.5,0.055555556,0.23570226,0.111111111,0.323380833,1.0,0.0,0.055555556,0.23570226,0.055555556,0.23570226,0.0,0.0,0.0,0.0
01273.jpg,2.333333333333333,0.277777778,0.460888599,0.722222222,0.460888599,0.0,0.0,0.055555556,0.23570226,0.444444444,0.511309993,0.777777778,0.427792632,0.111111111,0.323380833
32_14_05.bmp,1.2222222222222223,0.0,0.0,0.222222222,0.427792632,0.111111111,0.323380833,0.833333333,0.383482494,0.277777778,0.460888599,0.111111111,0.323380833,0.055555556,0.23570226
0008.jpg,3.5,0.055555556,0.23570226,0.277777778,0.460888599,0.722222222,0.460888599,0.0,0.0,0.166666667,0.383482494,0.0,0.0,0.0,0.0
06_20_05.bmp,1.7777777777777777,0.777777778,0.427792632,0.222222222,0.427792632,0.111111111,0.323380833,0.055555556,0.23570226,0.111111111,0.323380833,0.111111111,0.323380833,0.055555556,0.23570226
25_16_05.bmp,1.3333333333333333,0.166666667,0.383482494,0.888888889,0.323380833,0.055555556,0.23570226,0.055555556,0.23570226,0.111111111,0.323380833,0.0,0.0,0.0,0.0
18_14_01.bmp,3.333333333333333,0.166666667,0.383482494,0.333333333,0.48507125,0.055555556,0.23570226,0.166666667,0.383482494,0.0,0.0,0.0,0.0,0.111111111,0.323380833
0951.jpg,2.888888888888889,0.0,0.0,0.388888889,0.501631326,0.0,0.0,0.611111111,0.501631326,0.166666667,0.383482494,0.055555556,0.23570226,0.055555556,0.23570226
15_12_03.bmp,2.833333333333333,0.611111111,0.501631326,0.166666667,0.383482494,0.166666667,0.383482494,0.0,0.0,0.222222222,0.427792632,0.055555556,0.23570226,0.0,0.0
07_20_05.bmp,1.6111111111111112,0.777777778,0.427792632,0.444444444,0.511309993,0.277777778,0.460888599,0.111111111,0.323380833,0.055555556,0.23570226,0.055555556,0.23570226,0.0,0.0
35_07_02.bmp,2.5,0.055555556,0.23570226,0.722222222,0.460888599,0.111111111,0.323380833,0.0,0.0,0.0,0.0,0.055555556,0.23570226,0.055555556,0.23570226
0263.jpg,2.0,0.166666667,0.383482494,0.388888889,0.501631326,0.055555556,0.23570226,0.833333333,0.383482494,0.055555556,0.23570226,0.055555556,0.23570226,0.055555556,0.23570226
21_20_04.bmp,1.9444444444444444,0.611111111,0.501631326,0.388888889,0.501631326,0.277777778,0.460888599,0.222222222,0.427792632,0.055555556,0.23570226,0.0,0.0,0.055555556,0.23570226
21_03_03.bmp,2.4444444444444446,0.055555556,0.23570226,0.833333333,0.383482494,0.055555556,0.23570226,0.055555556,0.23570226,0.0,0.0,0.0,0.0,0.055555556,0.23570226
16_15_01.bmp,2.6666666666666665,0.055555556,0.23570226,0.166666667,0.383482494,0.888888889,0.323380833,0.0,0.0,0.277777778,0.460888599,0.222222222,0.427792632,0.0,0.0
0103.jpg,2.2222222222222223,0.0,0.0,0.5,0.514495755,0.888888889,0.323380833,0.0,0.0,0.277777778,0.460888599,0.055555556,0.23570226,0.055555556,0.23570226
26_13_02.bmp,3.9444444444444446,0.055555556,0.23570226,0.166666667,0.383482494,0.111111111,0.323380833,0.0,0.0,0.111111111,0.323380833,0.0,0.0,0.111111111,0.323380833
22_20_03.bmp,2.055555555555556,0.388888889,0.501631326,0.333333333,0.48507125,0.222222222,0.427792632,0.333333333,0.48507125,0.111111111,0.323380833,0.111111111,0.323380833,0.0,0.0
17_18_04.bmp,2.5,0.055555556,0.23570226,0.777777778,0.427792632,0.055555556,0.23570226,0.0,0.0,0.166666667,0.383482494,0.111111111,0.323380833,0.0,0.0
20_04_04.bmp,2.2222222222222223,0.333333333,0.48507125,0.277777778,0.460888599,0.166666667,0.383482494,0.0,0.0,0.111111111,0.323380833,0.333333333,0.48507125,0.0,0.0
0638.jpg,3.0,0.111111111,0.323380833,0.444444444,0.511309993,0.055555556,0.23570226,0.055555556,0.23570226,0.111111111,0.323380833,0.055555556,0.23570226,0.055555556,0.23570226
01364.jpg,4.111111111111111,0.055555556,0.23570226,0.388888889,0.501631326,0.055555556,0.23570226,0.055555556,0.23570226,0.055555556,0.23570226,0.0,0.0,0.055555556,0.23570226
17_04_02.bmp,2.833333333333333,0.277777778,0.460888599,0.277777778,0.460888599,0.166666667,0.383482494,0.111111111,0.323380833,0.166666667,0.383482494,0.166666667,0.383482494,0.055555556,0.23570226
33_18_02.bmp,3.0,0.111111111,0.323380833,0.666666667,0.48507125,0.055555556,0.23570226,0.0,0.0,0.5,0.514495755,0.055555556,0.23570226,0.0,0.0
26_16_02.bmp,3.5,0.055555556,0.23570226,0.111111111,0.323380833,0.0,0.0,0.444444444,0.511309993,0.055555556,0.23570226,0.055555556,0.23570226,0.055555556,0.23570226
03_25_04.bmp,2.7777777777777777,0.055555556,0.23570226,0.055555556,0.23570226,0.0,0.0,0.055555556,0.23570226,0.055555556,0.23570226,0.055555556,0.23570226,0.944444444,0.23570226
10_23_04.bmp,2.2777777777777777,0.055555556,0.23570226,0.222222222,0.427792632,0.0,0.0,0.833333333,0.383482494,0.388888889,0.501631326,0.111111111,0.323380833,0.055555556,0.23570226
13_17_01.bmp,3.5,0.055555556,0.23570226,0.333333333,0.48507125,0.055555556,0.23570226,0.055555556,0.23570226,0.166666667,0.383482494,0.0,0.0,0.277777778,0.460888599
0873.jpg,3.611111111111111,0.111111111,0.323380833,0.444444444,0.511309993,0.0,0.0,0.0,0.0,0.222222222,0.427792632,0.0,0.0,0.0,0.0
0258.jpg,2.888888888888889,0.222222222,0.427792632,0.222222222,0.427792632,0.0,0.0,0.833333333,0.383482494,0.166666667,0.383482494,0.055555556,0.23570226,0.0,0.0
0527.jpg,3.388888888888889,0.111111111,0.323380833,0.333333333,0.48507125,0.055555556,0.23570226,0.333333333,0.48507125,0.444444444,0.511309993,0.0,0.0,0.111111111,0.323380833
01361.jpg,3.4444444444444446,0.055555556,0.23570226,0.777777778,0.427792632,0.111111111,0.323380833,0.0,0.0,0.0,0.0,0.111111111,0.323380833,0.111111111,0.323380833
12_07_02.bmp,2.5,0.055555556,0.23570226,0.833333333,0.383482494,0.055555556,0.23570226,0.055555556,0.23570226,0.055555556,0.23570226,0.055555556,0.23570226,0.0,0.0
01468.jpg,3.6666666666666665,0.055555556,0.23570226,0.555555556,0.511309993,0.111111111,0.323380833,0.0,0.0,0.055555556,0.23570226,0.0,0.0,0.111111111,0.323380833
0351.jpg,2.555555555555556,0.111111111,0.323380833,0.722222222,0.460888599,0.055555556,0.23570226,0.055555556,0.23570226,0.111111111,0.323380833,0.0,0.0,0.0,0.0
26_08_02.bmp,3.6666666666666665,0.0,0.0,0.222222222,0.427792632,0.111111111,0.323380833,0.0,0.0,0.111111111,0.323380833,0.055555556,0.23570226,0.0,0.0
11_10_01.bmp,3.0,0.333333333,0.48507125,0.388888889,0.501631326,0.055555556,0.23570226,0.111111111,0.323380833,0.277777778,0.460888599,0.055555556,0.23570226,0.0,0.0
13_09_03.bmp,2.6666666666666665,0.833333333,0.383482494,0.111111111,0.323380833,0.055555556,0.23570226,0.0,0.0,0.277777778,0.460888599,0.0,0.0,0.055555556,0.23570226
19_17_05.bmp,2.111111111111111,0.166666667,0.383482494,0.333333333,0.48507125,0.055555556,0.23570226,0.055555556,0.23570226,0.277777778,0.460888599,0.222222222,0.427792632,0.111111111,0.323380833
35_11_04.bmp,1.9444444444444444,0.722222222,0.460888599,0.388888889,0.501631326,0.055555556,0.23570226,0.0,0.0,0.055555556,0.23570226,0.111111111,0.323380833,0.055555556,0.23570226
0458.jpg,2.888888888888889,0.055555556,0.23570226,0.277777778,0.460888599,0.0,0.0,0.111111111,0.323380833,0.777777778,0.427792632,0.0,0.0,0.055555556,0.23570226
37_04_02.bmp,3.333333333333333,0.333333333,0.48507125,0.5,0.514495755,0.222222222,0.427792632,0.111111111,0.323380833,0.055555556,0.23570226,0.166666667,0.383482494,0.0,0.0
0955.jpg,3.055555555555556,0.0,0.0,0.333333333,0.48507125,0.0,0.0,0.666666667,0.48507125,0.222222222,0.427792632,0.0,0.0,0.111111111,0.323380833
22_15_02.bmp,2.555555555555556,0.055555556,0.23570226,0.333333333,0.48507125,0.722222222,0.460888599,0.055555556,0.23570226,0.111111111,0.323380833,0.055555556,0.23570226,0.0,0.0
30_18_02.bmp,3.055555555555556,0.055555556,0.23570226,0.666666667,0.48507125,0.0,0.0,0.0,0.0,0.333333333,0.48507125,0.111111111,0.323380833,0.0,0.0
18_01_01.bmp,3.333333333333333,0.166666667,0.383482494,0.5,0.514495755,0.055555556,0.23570226,0.0,0.0,0.055555556,0.23570226,0.0,0.0,0.111111111,0.323380833
12_18_04.bmp,2.388888888888889,0.166666667,0.383482494,0.722222222,0.460888599,0.111111111,0.323380833,0.0,0.0,0.055555556,0.23570226,0.055555556,0.23570226,0.055555556,0.23570226
0728.jpg,3.4444444444444446,0.055555556,0.23570226,0.277777778,0.460888599,0.0,0.0,0.111111111,0.323380833,0.166666667,0.383482494,0.111111111,0.323380833,0.055555556,0.23570226
21_02_01.bmp,3.388888888888889,0.111111111,0.323380833,0.5,0.514495755,0.055555556,0.23570226,0.0,0.0,0.055555556,0.23570226,0.055555556,0.23570226,0.055555556,0.23570226
04_19_02.bmp,2.555555555555556,0.277777778,0.460888599,0.777777778,0.427792632,0.166666667,0.383482494,0.055555556,0.23570226,0.166666667,0.383482494,0.055555556,0.23570226,0.055555556,0.23570226
0868.jpg,3.555555555555556,0.111111111,0.323380833,0.444444444,0.511309993,0.0,0.0,0.0,0.0,0.166666667,0.383482494,0.055555556,0.23570226,0.0,0.0
15_08_02.bmp,3.055555555555556,0.444444444,0.511309993,0.333333333,0.48507125,0.0,0.0,0.0,0.0,0.222222222,0.427792632,0.111111111,0.323380833,0.111111111,0.323380833
14_04_01.bmp,3.6666666666666665,0.055555556,0.23570226,0.444444444,0.511309993,0.055555556,0.23570226,0.0,0.0,0.0,0.0,0.055555556,0.23570226,0.055555556,0.23570226
0400.jpg,3.111111111111111,0.111111111,0.323380833,0.611111111,0.501631326,0.0,0.0,0.277777778,0.460888599,0.0,0.0,0.055555556,0.23570226,0.0,0.0
29_06_01.bmp,2.2777777777777777,0.388888889,0.501631326,0.333333333,0.48507125,0.222222222,0.427792632,0.055555556,0.23570226,0.111111111,0.323380833,0.222222222,0.427792632,0.055555556,0.23570226
35_16_03.bmp,2.2222222222222223,0.166666667,0.383482494,0.888888889,0.323380833,0.166666667,0.383482494,0.0,0.0,0.0,0.0,0.0,0.0,0.111111111,0.323380833
0895.jpg,3.7777777777777777,0.111111111,0.323380833,0.555555556,0.511309993,0.0,0.0,0.0,0.0,0.111111111,0.323380833,0.0,0.0,0.0,0.0
09_17_01.bmp,3.2777777777777777,0.166666667,0.383482494,0.5,0.514495755,0.055555556,0.23570226,0.055555556,0.23570226,0.166666667,0.383482494,0.055555556,0.23570226,0.222222222,0.427792632
23_21_05.bmp,1.5555555555555556,0.111111111,0.323380833,0.277777778,0.460888599,0.055555556,0.23570226,0.888888889,0.323380833,0.166666667,0.383482494,0.0,0.0,0.0,0.0
30_19_04.bmp,2.2222222222222223,0.277777778,0.460888599,0.333333333,0.48507125,0.555555556,0.511309993,0.0,0.0,0.277777778,0.460888599,0.055555556,0.23570226,0.0,0.0
0499.jpg,2.7777777777777777,0.055555556,0.23570226,0.611111111,0.501631326,0.055555556,0.23570226,0.5,0.514495755,0.666666667,0.48507125,0.0,0.0,0.111111111,0.323380833
10_13_03.bmp,3.055555555555556,0.166666667,0.383482494,0.277777778,0.460888599,0.444444444,0.511309993,0.055555556,0.23570226,0.388888889,0.501631326,0.166666667,0.383482494,0.0,0.0
0252.jpg,1.4444444444444444,0.111111111,0.323380833,0.444444444,0.511309993,0.0,0.0,1.0,0.0,0.055555556,0.23570226,0.0,0.0,0.0,0.0
35_16_04.bmp,1.7222222222222223,0.222222222,0.427792632,0.888888889,0.323380833,0.055555556,0.23570226,0.055555556,0.23570226,0.0,0.0,0.0,0.0,0.0,0.0
36_07_04.bmp,1.8333333333333333,0.055555556,0.23570226,0.888888889,0.323380833,0.111111111,0.323380833,0.0,0.0,0.0,0.0,0.055555556,0.23570226,0.055555556,0.23570226
03_08_04.bmp,2.5,0.555555556,0.511309993,0.5,0.514495755,0.111111111,0.323380833,0.055555556,0.23570226,0.166666667,0.383482494,0.0,0.0,0.111111111,0.323380833
04_08_04.bmp,2.1666666666666665,0.611111111,0.501631326,0.722222222,0.460888599,0.166666667,0.383482494,0.0,0.0,0.277777778,0.460888599,0.111111111,0.323380833,0.055555556,0.23570226
03_08_05.bmp,2.111111111111111,0.555555556,0.511309993,0.611111111,0.501631326,0.055555556,0.23570226,0.0,0.0,0.166666667,0.383482494,0.055555556,0.23570226,0.166666667,0.383482494
0738.jpg,3.2222222222222223,0.111111111,0.323380833,0.444444444,0.511309993,0.0,0.0,0.0,0.0,0.388888889,0.501631326,0.166666667,0.383482494,0.055555556,0.23570226
25_14_02.bmp,3.2777777777777777,0.166666667,0.383482494,0.277777778,0.460888599,0.0,0.0,0.222222222,0.427792632,0.111111111,0.323380833,0.0,0.0,0.111111111,0.323380833
08_08_02.bmp,4.055555555555555,0.333333333,0.48507125,0.277777778,0.460888599,0.055555556,0.23570226,0.055555556,0.23570226,0.111111111,0.323380833,0.0,0.0,0.0,0.0
0582.jpg,3.1666666666666665,0.055555556,0.23570226,0.333333333,0.48507125,0.0,0.0,0.055555556,0.23570226,0.611111111,0.501631326,0.111111111,0.323380833,0.055555556,0.23570226
05_03_04.bmp,1.9444444444444444,0.055555556,0.23570226,0.777777778,0.427792632,0.055555556,0.23570226,0.055555556,0.23570226,0.0,0.0,0.055555556,0.23570226,0.0,0.0
34_02_05.bmp,1.2222222222222223,0.0,0.0,0.888888889,0.323380833,0.111111111,0.323380833,0.0,0.0,0.111111111,0.323380833,0.055555556,0.23570226,0.0,0.0
06_10_01.bmp,3.388888888888889,0.388888889,0.501631326,0.166666667,0.383482494,0.111111111,0.323380833,0.0,0.0,0.0,0.0,0.055555556,0.23570226,0.055555556,0.23570226
0606.jpg,3.4444444444444446,0.111111111,0.323380833,0.388888889,0.501631326,0.0,0.0,0.055555556,0.23570226,0.277777778,0.460888599,0.111111111,0.323380833,0.055555556,0.23570226
0369.jpg,2.2222222222222223,0.055555556,0.23570226,0.833333333,0.383482494,0.0,0.0,0.166666667,0.383482494,0.111111111,0.323380833,0.0,0.0,0.0,0.0
0364.jpg,1.7777777777777777,0.166666667,0.383482494,0.944444444,0.23570226,0.0,0.0,0.055555556,0.23570226,0.111111111,0.323380833,0.0,0.0,0.0,0.0
10_18_05.bmp,1.5,0.111111111,0.323380833,0.777777778,0.427792632,0.055555556,0.23570226,0.055555556,0.23570226,0.5,0.514495755,0.222222222,0.427792632,0.111111111,0.323380833
0770.jpg,3.7777777777777777,0.111111111,0.323380833,0.277777778,0.460888599,0.0,0.0,0.0,0.0,0.111111111,0.323380833,0.055555556,0.23570226,0.0,0.0
17_13_04.bmp,2.333333333333333,0.0,0.0,0.166666667,0.383482494,0.888888889,0.323380833,0.0,0.0,0.166666667,0.383482494,0.055555556,0.23570226,0.0,0.0
32_03_03.bmp,2.2222222222222223,0.055555556,0.23570226,0.777777778,0.427792632,0.166666667,0.383482494,0.0,0.0,0.444444444,0.511309993,0.055555556,0.23570226,0.055555556,0.23570226
0086.jpg,1.7777777777777777,0.0,0.0,0.666666667,0.48507125,0.944444444,0.23570226,0.0,0.0,0.055555556,0.23570226,0.055555556,0.23570226,0.055555556,0.23570226
31_22_01.bmp,2.9444444444444446,0.111111111,0.323380833,0.722222222,0.460888599,0.055555556,0.23570226,0.0,0.0,0.166666667,0.383482494,0.0,0.0,0.111111111,0.323380833
15_08_05.bmp,1.6666666666666667,0.388888889,0.501631326,0.722222222,0.460888599,0.0,0.0,0.055555556,0.23570226,0.222222222,0.427792632,0.111111111,0.323380833,0.055555556,0.23570226
13_22_02.bmp,2.611111111111111,0.222222222,0.427792632,0.777777778,0.427792632,0.055555556,0.23570226,0.055555556,0.23570226,0.055555556,0.23570226,0.0,0.0,0.0,0.0
13_05_04.bmp,2.1666666666666665,0.333333333,0.48507125,0.611111111,0.501631326,0.055555556,0.23570226,0.0,0.0,0.277777778,0.460888599,0.055555556,0.23570226,0.055555556,0.23570226
11_03_03.bmp,2.5,0.055555556,0.23570226,0.833333333,0.383482494,0.0,0.0,0.055555556,0.23570226,0.333333333,0.48507125,0.055555556,0.23570226,0.055555556,0.23570226
27_19_05.bmp,2.055555555555556,0.166666667,0.383482494,0.166666667,0.383482494,0.5,0.514495755,0.277777778,0.460888599,0.277777778,0.460888599,0.111111111,0.323380833,0.055555556,0.23570226
25_20_04.bmp,1.9444444444444444,0.611111111,0.501631326,0.5,0.514495755,0.222222222,0.427792632,0.222222222,0.427792632,0.166666667,0.383482494,0.055555556,0.23570226,0.055555556,0.23570226
28_12_02.bmp,2.833333333333333,0.5,0.514495755,0.5,0.514495755,0.111111111,0.323380833,0.055555556,0.23570226,0.222222222,0.427792632,0.055555556,0.23570226,0.0,0.0
04_05_03.bmp,2.055555555555556,0.388888889,0.501631326,0.722222222,0.460888599,0.166666667,0.383482494,0.055555556,0.23570226,0.277777778,0.460888599,0.0,0.0,0.055555556,0.23570226
15_09_03.bmp,2.6666666666666665,0.777777778,0.427792632,0.222222222,0.427792632,0.055555556,0.23570226,0.0,0.0,0.222222222,0.427792632,0.0,0.0,0.055555556,0.23570226
0354.jpg,2.611111111111111,0.111111111,0.323380833,0.833333333,0.383482494,0.0,0.0,0.055555556,0.23570226,0.0,0.0,0.055555556,0.23570226,0.055555556,0.23570226
33_02_04.bmp,1.9444444444444444,0.055555556,0.23570226,0.888888889,0.323380833,0.0,0.0,0.0,0.0,0.444444444,0.511309993,0.0,0.0,0.0,0.0
15_14_05.bmp,1.6666666666666667,0.111111111,0.323380833,0.222222222,0.427792632,0.055555556,0.23570226,0.888888889,0.323380833,0.277777778,0.460888599,0.111111111,0.323380833,0.0,0.0
26_02_03.bmp,2.611111111111111,0.055555556,0.23570226,0.888888889,0.323380833,0.055555556,0.23570226,0.0,0.0,0.055555556,0.23570226,0.0,0.0,0.0,0.0
02_21_05.bmp,1.6666666666666667,0.222222222,0.427792632,0.388888889,0.501631326,0.277777778,0.460888599,0.444444444,0.511309993,0.277777778,0.460888599,0.0,0.0,0.0,0.0
0854.jpg,3.6666666666666665,0.111111111,0.323380833,0.444444444,0.511309993,0.055555556,0.23570226,0.0,0.0,0.111111111,0.323380833,0.0,0.0,0.0,0.0
10_16_04.bmp,2.2777777777777777,0.111111111,0.323380833,0.722222222,0.460888599,0.055555556,0.23570226,0.0,0.0,0.333333333,0.48507125,0.111111111,0.323380833,0.0,0.0
24_08_02.bmp,3.0,0.222222222,0.427792632,0.722222222,0.460888599,0.055555556,0.23570226,0.0,0.0,0.055555556,0.23570226,0.055555556,0.23570226,0.0,0.0
01244.jpg,3.4444444444444446,0.055555556,0.23570226,0.5,0.514495755,0.055555556,0.23570226,0.111111111,0.323380833,0.444444444,0.511309993,0.055555556,0.23570226,0.111111111,0.323380833
18_04_04.bmp,2.5,0.333333333,0.48507125,0.333333333,0.48507125,0.222222222,0.427792632,0.055555556,0.23570226,0.055555556,0.23570226,0.166666667,0.383482494,0.111111111,0.323380833
32_17_03.bmp,2.4444444444444446,0.055555556,0.23570226,0.611111111,0.501631326,0.055555556,0.23570226,0.055555556,0.23570226,0.5,0.514495755,0.166666667,0.383482494,0.166666667,0.383482494
22_12_02.bmp,2.888888888888889,0.611111111,0.501631326,0.388888889,0.501631326,0.0,0.0,0.055555556,0.23570226,0.111111111,0.323380833,0.166666667,0.383482494,0.0,0.0
05_05_03.bmp,2.2222222222222223,0.444444444,0.511309993,0.5,0.514495755,0.111111111,0.323380833,0.0,0.0,0.055555556,0.23570226,0.055555556,0.23570226,0.055555556,0.23570226
07_02_03.bmp,1.8333333333333333,0.0,0.0,0.944444444,0.23570226,0.166666667,0.383482494,0.0,0.0,0.055555556,0.23570226,0.0,0.0,0.0,0.0
14_03_04.bmp,1.9444444444444444,0.055555556,0.23570226,0.833333333,0.383482494,0.111111111,0.323380833,0.0,0.0,0.0,0.0,0.055555556,0.23570226,0.055555556,0.23570226
01297.jpg,3.5,0.277777778,0.460888599,0.277777778,0.460888599,0.055555556,0.23570226,0.0,0.0,0.277777778,0.460888599,0.166666667,0.383482494,0.0,0.0
03_12_02.bmp,3.055555555555556,0.611111111,0.501631326,0.166666667,0.383482494,0.055555556,0.23570226,0.0,0.0,0.166666667,0.383482494,0.111111111,0.323380833,0.111111111,0.323380833
10_06_05.bmp,1.7222222222222223,0.444444444,0.511309993,0.333333333,0.48507125,0.166666667,0.383482494,0.166666667,0.383482494,0.277777778,0.460888599,0.277777778,0.460888599,0.055555556,0.23570226
21_06_03.bmp,2.7222222222222223,0.388888889,0.501631326,0.388888889,0.501631326,0.166666667,0.383482494,0.055555556,0.23570226,0.055555556,0.23570226,0.111111111,0.323380833,0.0,0.0
13_22_01.bmp,3.055555555555556,0.166666667,0.383482494,0.555555556,0.511309993,0.166666667,0.383482494,0.0,0.0,0.111111111,0.323380833,0.0,0.0,0.111111111,0.323380833
19_12_01.bmp,3.2777777777777777,0.277777778,0.460888599,0.333333333,0.48507125,0.111111111,0.323380833,0.0,0.0,0.166666667,0.383482494,0.111111111,0.323380833,0.055555556,0.23570226
0990.jpg,2.833333333333333,0.111111111,0.323380833,0.222222222,0.427792632,0.055555556,0.23570226,0.444444444,0.511309993,0.333333333,0.48507125,0.0,0.0,0.666666667,0.48507125
0442.jpg,2.9444444444444446,0.0,0.0,0.777777778,0.427792632,0.0,0.0,0.111111111,0.323380833,0.055555556,0.23570226,0.0,0.0,0.111111111,0.323380833
32_19_04.bmp,1.9444444444444444,0.277777778,0.460888599,0.333333333,0.48507125,0.5,0.514495755,0.111111111,0.323380833,0.388888889,0.501631326,0.111111111,0.323380833,0.0,0.0
11_07_02.bmp,2.5,0.166666667,0.383482494,0.666666667,0.48507125,0.055555556,0.23570226,0.055555556,0.23570226,0.277777778,0.460888599,0.055555556,0.23570226,0.0,0.0
26_07_05.bmp,1.3333333333333333,0.055555556,0.23570226,0.833333333,0.383482494,0.055555556,0.23570226,0.0,0.0,0.055555556,0.23570226,0.111111111,0.323380833,0.0,0.0
31_15_02.bmp,3.0,0.055555556,0.23570226,0.166666667,0.383482494,0.611111111,0.501631326,0.0,0.0,0.222222222,0.427792632,0.0,0.0,0.0,0.0
32_09_05.bmp,1.9444444444444444,0.777777778,0.427792632,0.222222222,0.427792632,0.111111111,0.323380833,0.055555556,0.23570226,0.333333333,0.48507125,0.055555556,0.23570226,0.0,0.0
31_10_03.bmp,2.7777777777777777,0.777777778,0.427792632,0.222222222,0.427792632,0.0,0.0,0.055555556,0.23570226,0.166666667,0.383482494,0.0,0.0,0.055555556,0.23570226
0372.jpg,2.1666666666666665,0.055555556,0.23570226,0.833333333,0.383482494,0.055555556,0.23570226,0.166666667,0.383482494,0.0,0.0,0.0,0.0,0.055555556,0.23570226
07_01_02.bmp,3.1666666666666665,0.055555556,0.23570226,0.611111111,0.501631326,0.333333333,0.48507125,0.0,0.0,0.055555556,0.23570226,0.0,0.0,0.055555556,0.23570226
0981.jpg,3.6666666666666665,0.166666667,0.383482494,0.111111111,0.323380833,0.0,0.0,0.722222222,0.460888599,0.166666667,0.383482494,0.0,0.0,0.055555556,0.23570226
34_21_02.bmp,2.2777777777777777,0.277777778,0.460888599,0.388888889,0.501631326,0.666666667,0.48507125,0.0,0.0,0.0,0.0,0.055555556,0.23570226,0.055555556,0.23570226
01342.jpg,3.2222222222222223,0.055555556,0.23570226,0.666666667,0.48507125,0.222222222,0.427792632,0.0,0.0,0.055555556,0.23570226,0.0,0.0,0.111111111,0.323380833
34_15_02.bmp,2.333333333333333,0.166666667,0.383482494,0.333333333,0.48507125,0.833333333,0.383482494,0.0,0.0,0.0,0.0,0.055555556,0.23570226,0.055555556,0.23570226
18_04_05.bmp,2.388888888888889,0.277777778,0.460888599,0.333333333,0.48507125,0.111111111,0.323380833,0.055555556,0.23570226,0.0,0.0,0.166666667,0.383482494,0.166666667,0.383482494
01471.jpg,3.611111111111111,0.0,0.0,0.444444444,0.511309993,0.166666667,0.383482494,0.0,0.0,0.0,0.0,0.055555556,0.23570226,0.055555556,0.23570226
24_11_01.bmp,3.2777777777777777,0.333333333,0.48507125,0.388888889,0.501631326,0.111111111,0.323380833,0.0,0.0,0.0,0.0,0.055555556,0.23570226,0.0,0.0
36_08_03.bmp,2.6666666666666665,0.333333333,0.48507125,0.611111111,0.501631326,0.055555556,0.23570226,0.055555556,0.23570226,0.0,0.0,0.111111111,0.323380833,0.055555556,0.23570226
17_12_02.bmp,2.888888888888889,0.722222222,0.460888599,0.222222222,0.427792632,0.055555556,0.23570226,0.055555556,0.23570226,0.222222222,0.427792632,0.055555556,0.23570226,0.055555556,0.23570226
18_07_04.bmp,1.5555555555555556,0.166666667,0.383482494,0.833333333,0.383482494,0.111111111,0.323380833,0.0,0.0,0.0,0.0,0.111111111,0.323380833,0.055555556,0.23570226
25_01_01.bmp,3.388888888888889,0.0,0.0,0.444444444,0.511309993,0.222222222,0.427792632,0.0,0.0,0.222222222,0.427792632,0.0,0.0,0.055555556,0.23570226
0518.jpg,2.833333333333333,0.166666667,0.383482494,0.444444444,0.511309993,0.0,0.0,0.5,0.514495755,0.444444444,0.511309993,0.0,0.0,0.0,0.0
16_12_02.bmp,3.2222222222222223,0.722222222,0.460888599,0.111111111,0.323380833,0.0,0.0,0.055555556,0.23570226,0.277777778,0.460888599,0.333333333,0.48507125,0.0,0.0
02_18_02.bmp,2.2777777777777777,0.111111111,0.323380833,0.722222222,0.460888599,0.0,0.0,0.055555556,0.23570226,0.5,0.514495755,0.055555556,0.23570226,0.055555556,0.23570226
22_17_01.bmp,3.333333333333333,0.166666667,0.383482494,0.555555556,0.511309993,0.055555556,0.23570226,0.0,0.0,0.055555556,0.23570226,0.166666667,0.383482494,0.055555556,0.23570226
1087.jpg,2.611111111111111,0.0,0.0,0.055555556,0.23570226,0.0,0.0,0.0,0.0,0.388888889,0.501631326,0.833333333,0.383482494,0.111111111,0.323380833
09_13_02.bmp,3.333333333333333,0.111111111,0.323380833,0.333333333,0.48507125,0.277777778,0.460888599,0.0,0.0,0.166666667,0.383482494,0.111111111,0.323380833,0.0,0.0
30_18_03.bmp,3.055555555555556,0.111111111,0.323380833,0.611111111,0.501631326,0.055555556,0.23570226,0.055555556,0.23570226,0.277777778,0.460888599,0.0,0.0,0.0,0.0
0723.jpg,3.7222222222222223,0.111111111,0.323380833,0.222222222,0.427792632,0.0,0.0,0.0,0.0,0.166666667,0.383482494,0.055555556,0.23570226,0.111111111,0.323380833
01469.jpg,3.6666666666666665,0.055555556,0.23570226,0.555555556,0.511309993,0.111111111,0.323380833,0.055555556,0.23570226,0.0,0.0,0.0,0.0,0.055555556,0.23570226
04_09_04.bmp,2.4444444444444446,0.833333333,0.383482494,0.388888889,0.501631326,0.111111111,0.323380833,0.055555556,0.23570226,0.222222222,0.427792632,0.0,0.0,0.055555556,0.23570226
14_17_01.bmp,3.333333333333333,0.222222222,0.427792632,0.277777778,0.460888599,0.055555556,0.23570226,0.055555556,0.23570226,0.111111111,0.323380833,0.111111111,0.323380833,0.166666667,0.383482494
08_17_05.bmp,2.4444444444444446,0.222222222,0.427792632,0.444444444,0.511309993,0.0,0.0,0.055555556,0.23570226,0.166666667,0.383482494,0.166666667,0.383482494,0.277777778,0.460888599
10_07_03.bmp,2.111111111111111,0.277777778,0.460888599,0.833333333,0.383482494,0.0,0.0,0.0,0.0,0.333333333,0.48507125,0.111111111,0.323380833,0.055555556,0.23570226
35_14_04.bmp,2.5,0.055555556,0.23570226,0.388888889,0.501631326,0.055555556,0.23570226,0.666666667,0.48507125,0.0,0.0,0.0,0.0,0.0,0.0
30_02_03.bmp,2.5,0.055555556,0.23570226,0.833333333,0.383482494,0.055555556,0.23570226,0.055555556,0.23570226,0.277777778,0.460888599,0.0,0.0,0.055555556,0.23570226
33_16_01.bmp,3.2222222222222223,0.055555556,0.23570226,0.5,0.514495755,0.111111111,0.323380833,0.111111111,0.323380833,0.388888889,0.501631326,0.0,0.0,0.0,0.0
01325.jpg,3.6666666666666665,0.0,0.0,0.777777778,0.427792632,0.055555556,0.23570226,0.055555556,0.23570226,0.0,0.0,0.055555556,0.23570226,0.055555556,0.23570226
29_13_04.bmp,2.9444444444444446,0.055555556,0.23570226,0.277777778,0.460888599,0.666666667,0.48507125,0.0,0.0,0.111111111,0.323380833,0.055555556,0.23570226,0.111111111,0.323380833
30_18_04.bmp,2.7222222222222223,0.055555556,0.23570226,0.666666667,0.48507125,0.0,0.0,0.0,0.0,0.277777778,0.460888599,0.055555556,0.23570226,0.055555556,0.23570226
18_21_05.bmp,1.5,0.277777778,0.460888599,0.222222222,0.427792632,0.055555556,0.23570226,0.611111111,0.501631326,0.055555556,0.23570226,0.055555556,0.23570226,0.055555556,0.23570226
22_24_03.bmp,2.111111111111111,0.055555556,0.23570226,0.833333333,0.383482494,0.055555556,0.23570226,0.0,0.0,0.111111111,0.323380833,0.055555556,0.23570226,0.0,0.0
20_09_01.bmp,3.0,0.611111111,0.501631326,0.222222222,0.427792632,0.055555556,0.23570226,0.0,0.0,0.055555556,0.23570226,0.0,0.0,0.0,0.0
15_07_05.bmp,1.4444444444444444,0.055555556,0.23570226,0.888888889,0.323380833,0.0,0.0,0.0,0.0,0.055555556,0.23570226,0.055555556,0.23570226,0.0,0.0
32_06_03.bmp,2.1666666666666665,0.333333333,0.48507125,0.444444444,0.511309993,0.222222222,0.427792632,0.055555556,0.23570226,0.333333333,0.48507125,0.166666667,0.383482494,0.0,0.0
13_07_01.bmp,3.333333333333333,0.277777778,0.460888599,0.333333333,0.48507125,0.055555556,0.23570226,0.055555556,0.23570226,0.111111111,0.323380833,0.0,0.0,0.0,0.0
0438.jpg,3.0,0.055555556,0.23570226,0.777777778,0.427792632,0.055555556,0.23570226,0.055555556,0.23570226,0.111111111,0.323380833,0.0,0.0,0.111111111,0.323380833
01470.jpg,3.5,0.055555556,0.23570226,0.444444444,0.511309993,0.111111111,0.323380833,0.055555556,0.23570226,0.0,0.0,0.055555556,0.23570226,0.055555556,0.23570226
1009.jpg,3.555555555555556,0.055555556,0.23570226,0.166666667,0.383482494,0.0,0.0,0.611111111,0.501631326,0.222222222,0.427792632,0.055555556,0.23570226,0.111111111,0.323380833
24_17_05.bmp,2.4444444444444446,0.111111111,0.323380833,0.555555556,0.511309993,0.111111111,0.323380833,0.0,0.0,0.055555556,0.23570226,0.111111111,0.323380833,0.166666667,0.383482494
37_23_01.bmp,3.111111111111111,0.055555556,0.23570226,0.333333333,0.48507125,0.0,0.0,0.611111111,0.501631326,0.055555556,0.23570226,0.055555556,0.23570226,0.166666667,0.383482494
01_15_04.bmp,3.0,0.166666667,0.383482494,0.666666667,0.48507125,0.166666667,0.383482494,0.055555556,0.23570226,0.055555556,0.23570226,0.0,0.0,0.055555556,0.23570226
19_10_01.bmp,3.2222222222222223,0.444444444,0.511309993,0.333333333,0.48507125,0.055555556,0.23570226,0.0,0.0,0.166666667,0.383482494,0.055555556,0.23570226,0.055555556,0.23570226
06_15_02.bmp,3.055555555555556,0.111111111,0.323380833,0.277777778,0.460888599,0.611111111,0.501631326,0.055555556,0.23570226,0.0,0.0,0.0,0.0,0.055555556,0.23570226
33_21_05.bmp,1.8888888888888888,0.222222222,0.427792632,0.444444444,0.511309993,0.0,0.0,0.555555556,0.511309993,0.388888889,0.501631326,0.055555556,0.23570226,0.0,0.0
28_25_05.bmp,1.9444444444444444,0.055555556,0.23570226,0.166666667,0.383482494,0.111111111,0.323380833,0.0,0.0,0.166666667,0.383482494,0.111111111,0.323380833,0.777777778,0.427792632
0043.jpg,3.055555555555556,0.0,0.0,0.333333333,0.48507125,0.833333333,0.383482494,0.0,0.0,0.166666667,0.383482494,0.055555556,0.23570226,0.055555556,0.23570226
04_05_04.bmp,1.7222222222222223,0.444444444,0.511309993,0.666666667,0.48507125,0.166666667,0.383482494,0.0,0.0,0.333333333,0.48507125,0.0,0.0,0.055555556,0.23570226
37_12_04.bmp,2.833333333333333,0.777777778,0.427792632,0.388888889,0.501631326,0.055555556,0.23570226,0.0,0.0,0.055555556,0.23570226,0.055555556,0.23570226,0.0,0.0
22_09_03.bmp,2.4444444444444446,0.833333333,0.383482494,0.277777778,0.460888599,0.0,0.0,0.0,0.0,0.166666667,0.383482494,0.166666667,0.383482494,0.0,0.0
21_08_01.bmp,3.2222222222222223,0.111111111,0.323380833,0.555555556,0.511309993,0.0,0.0,0.0,0.0,0.0,0.0,0.111111111,0.323380833,0.055555556,0.23570226
0186.jpg,3.1666666666666665,0.111111111,0.323380833,0.277777778,0.460888599,0.722222222,0.460888599,0.0,0.0,0.0,0.0,0.0,0.0,0.055555556,0.23570226
32_16_02.bmp,2.888888888888889,0.166666667,0.383482494,0.555555556,0.511309993,0.055555556,0.23570226,0.111111111,0.323380833,0.388888889,0.501631326,0.055555556,0.23570226,0.0,0.0
0923.jpg,3.2222222222222223,0.111111111,0.323380833,0.277777778,0.460888599,0.0,0.0,0.277777778,0.460888599,0.722222222,0.460888599,0.0,0.0,0.0,0.0
14_15_03.bmp,3.4444444444444446,0.055555556,0.23570226,0.388888889,0.501631326,0.277777778,0.460888599,0.0,0.0,0.0,0.0,0.055555556,0.23570226,0.111111111,0.323380833
37_04_04.bmp,2.555555555555556,0.333333333,0.48507125,0.444444444,0.511309993,0.277777778,0.460888599,0.055555556,0.23570226,0.055555556,0.23570226,0.222222222,0.427792632,0.0,0.0
33_24_02.bmp,3.2777777777777777,0.055555556,0.23570226,0.5,0.514495755,0.055555556,0.23570226,0.055555556,0.23570226,0.444444444,0.511309993,0.0,0.0,0.055555556,0.23570226
24_12_03.bmp,2.888888888888889,0.444444444,0.511309993,0.388888889,0.501631326,0.055555556,0.23570226,0.055555556,0.23570226,0.111111111,0.323380833,0.055555556,0.23570226,0.0,0.0
0861.jpg,3.555555555555556,0.166666667,0.383482494,0.444444444,0.511309993,0.0,0.0,0.0,0.0,0.166666667,0.383482494,0.0,0.0,0.0,0.0
0339.jpg,3.055555555555556,0.111111111,0.323380833,0.555555556,0.511309993,0.0,0.0,0.111111111,0.323380833,0.111111111,0.323380833,0.0,0.0,0.055555556,0.23570226
37_16_04.bmp,2.2777777777777777,0.166666667,0.383482494,0.888888889,0.323380833,0.055555556,0.23570226,0.0,0.0,0.055555556,0.23570226,0.111111111,0.323380833,0.0,0.0
0034.jpg,1.7222222222222223,0.111111111,0.323380833,0.722222222,0.460888599,0.777777778,0.427792632,0.0,0.0,0.055555556,0.23570226,0.0,0.0,0.0,0.0
20_14_01.bmp,3.611111111111111,0.055555556,0.23570226,0.333333333,0.48507125,0.166666667,0.383482494,0.0,0.0,0.166666667,0.383482494,0.111111111,0.323380833,0.0,0.0
21_08_04.bmp,2.111111111111111,0.277777778,0.460888599,0.666666667,0.48507125,0.055555556,0.23570226,0.111111111,0.323380833,0.055555556,0.23570226,0.055555556,0.23570226,0.055555556,0.23570226
04_21_03.bmp,2.5,0.222222222,0.427792632,0.611111111,0.501631326,0.333333333,0.48507125,0.0,0.0,0.111111111,0.323380833,0.0,0.0,0.0,0.0
08_23_03.bmp,3.0,0.166666667,0.383482494,0.055555556,0.23570226,0.0,0.0,0.722222222,0.460888599,0.0,0.0,0.0,0.0,0.0,0.0
29_08_03.bmp,2.611111111111111,0.444444444,0.511309993,0.555555556,0.511309993,0.055555556,0.23570226,0.0,0.0,0.111111111,0.323380833,0.111111111,0.323380833,0.055555556,0.23570226
0943.jpg,2.611111111111111,0.055555556,0.23570226,0.388888889,0.501631326,0.0,0.0,0.666666667,0.48507125,0.166666667,0.383482494,0.0,0.0,0.0,0.0
35_14_03.bmp,2.6666666666666665,0.111111111,0.323380833,0.555555556,0.511309993,0.055555556,0.23570226,0.388888889,0.501631326,0.055555556,0.23570226,0.0,0.0,0.055555556,0.23570226
32_04_04.bmp,2.1666666666666665,0.333333333,0.48507125,0.444444444,0.511309993,0.111111111,0.323380833,0.055555556,0.23570226,0.333333333,0.48507125,0.166666667,0.383482494,0.0,0.0
20_23_02.bmp,2.7777777777777777,0.111111111,0.323380833,0.166666667,0.383482494,0.0,0.0,0.722222222,0.460888599,0.111111111,0.323380833,0.0,0.0,0.111111111,0.323380833
26_17_05.bmp,2.333333333333333,0.111111111,0.323380833,0.388888889,0.501631326,0.111111111,0.323380833,0.0,0.0,0.222222222,0.427792632,0.166666667,0.383482494,0.166666667,0.383482494
02_13_03.bmp,3.055555555555556,0.0,0.0,0.222222222,0.427792632,0.388888889,0.501631326,0.0,0.0,0.5,0.514495755,0.111111111,0.323380833,0.111111111,0.323380833
33_10_04.bmp,2.555555555555556,0.666666667,0.48507125,0.333333333,0.48507125,0.0,0.0,0.0,0.0,0.388888889,0.501631326,0.055555556,0.23570226,0.0,0.0
0672.jpg,3.611111111111111,0.055555556,0.23570226,0.166666667,0.383482494,0.055555556,0.23570226,0.111111111,0.323380833,0.277777778,0.460888599,0.111111111,0.323380833,0.055555556,0.23570226
27_05_03.bmp,2.5,0.277777778,0.460888599,0.611111111,0.501631326,0.111111111,0.323380833,0.055555556,0.23570226,0.388888889,0.501631326,0.055555556,0.23570226,0.055555556,0.23570226
04_24_05.bmp,1.3888888888888888,0.055555556,0.23570226,1.0,0.0,0.166666667,0.383482494,0.0,0.0,0.111111111,0.323380833,0.0,0.0,0.0,0.0
09_22_05.bmp,1.6111111111111112,0.277777778,0.460888599,0.722222222,0.460888599,0.111111111,0.323380833,0.111111111,0.323380833,0.222222222,0.427792632,0.055555556,0.23570226,0.0,0.0
13_01_03.bmp,3.055555555555556,0.111111111,0.323380833,0.888888889,0.323380833,0.055555556,0.23570226,0.0,0.0,0.111111111,0.323380833,0.055555556,0.23570226,0.055555556,0.23570226
18_23_04.bmp,2.2222222222222223,0.111111111,0.323380833,0.277777778,0.460888599,0.0,0.0,0.666666667,0.48507125,0.0,0.0,0.0,0.0,0.111111111,0.323380833
24_20_02.bmp,2.833333333333333,0.444444444,0.511309993,0.277777778,0.460888599,0.111111111,0.323380833,0.166666667,0.383482494,0.055555556,0.23570226,0.0,0.0,0.0,0.0
36_05_05.bmp,1.4444444444444444,0.277777778,0.460888599,0.833333333,0.383482494,0.111111111,0.323380833,0.0,0.0,0.055555556,0.23570226,0.0,0.0,0.055555556,0.23570226
0626.jpg,3.2222222222222223,0.055555556,0.23570226,0.5,0.514495755,0.055555556,0.23570226,0.222222222,0.427792632,0.0,0.0,0.0,0.0,0.055555556,0.23570226
17_03_04.bmp,2.4444444444444446,0.111111111,0.323380833,0.722222222,0.460888599,0.055555556,0.23570226,0.0,0.0,0.166666667,0.383482494,0.0,0.0,0.0,0.0
25_05_03.bmp,2.2222222222222223,0.444444444,0.511309993,0.555555556,0.511309993,0.111111111,0.323380833,0.055555556,0.23570226,0.111111111,0.323380833,0.0,0.0,0.055555556,0.23570226
32_23_02.bmp,2.5,0.111111111,0.323380833,0.444444444,0.511309993,0.055555556,0.23570226,0.611111111,0.501631326,0.333333333,0.48507125,0.0,0.0,0.055555556,0.23570226
36_11_02.bmp,2.9444444444444446,0.722222222,0.460888599,0.388888889,0.501631326,0.111111111,0.323380833,0.055555556,0.23570226,0.0,0.0,0.055555556,0.23570226,0.111111111,0.323380833
36_14_04.bmp,2.611111111111111,0.166666667,0.383482494,0.5,0.514495755,0.222222222,0.427792632,0.277777778,0.460888599,0.0,0.0,0.055555556,0.23570226,0.055555556,0.23570226
08_05_04.bmp,2.555555555555556,0.444444444,0.511309993,0.555555556,0.511309993,0.111111111,0.323380833,0.0,0.0,0.166666667,0.383482494,0.055555556,0.23570226,0.055555556,0.23570226
07_10_03.bmp,2.555555555555556,0.833333333,0.383482494,0.333333333,0.48507125,0.055555556,0.23570226,0.0,0.0,0.166666667,0.383482494,0.0,0.0,0.0,0.0
09_20_05.bmp,1.7222222222222223,0.722222222,0.460888599,0.444444444,0.511309993,0.166666667,0.383482494,0.111111111,0.323380833,0.222222222,0.427792632,0.0,0.0,0.0,0.0
01159.jpg,4.222222222222222,0.166666667,0.383482494,0.166666667,0.383482494,0.0,0.0,0.0,0.0,0.0,0.0,0.111111111,0.323380833,0.055555556,0.23570226
12_24_03.bmp,2.4444444444444446,0.277777778,0.460888599,0.777777778,0.427792632,0.055555556,0.23570226,0.0,0.0,0.111111111,0.323380833,0.111111111,0.323380833,0.055555556,0.23570226
35_01_04.bmp,1.7222222222222223,0.055555556,0.23570226,0.944444444,0.23570226,0.055555556,0.23570226,0.0,0.0,0.0,0.0,0.0,0.0,0.055555556,0.23570226
01491.jpg,3.555555555555556,0.055555556,0.23570226,0.555555556,0.511309993,0.055555556,0.23570226,0.055555556,0.23570226,0.0,0.0,0.055555556,0.23570226,0.055555556,0.23570226
1065.jpg,3.055555555555556,0.166666667,0.383482494,0.666666667,0.48507125,0.0,0.0,0.222222222,0.427792632,0.111111111,0.323380833,0.055555556,0.23570226,0.055555556,0.23570226
11_01_02.bmp,3.0,0.0,0.0,0.5,0.514495755,0.0,0.0,0.055555556,0.23570226,0.388888889,0.501631326,0.277777778,0.460888599,0.055555556,0.23570226
13_02_04.bmp,1.3333333333333333,0.055555556,0.23570226,0.944444444,0.23570226,0.055555556,0.23570226,0.055555556,0.23570226,0.055555556,0.23570226,0.0,0.0,0.0,0.0
01317.jpg,3.2222222222222223,0.277777778,0.460888599,0.666666667,0.48507125,0.055555556,0.23570226,0.111111111,0.323380833,0.277777778,0.460888599,0.0,0.0,0.055555556,0.23570226
10_06_03.bmp,2.388888888888889,0.388888889,0.501631326,0.388888889,0.501631326,0.111111111,0.323380833,0.166666667,0.383482494,0.333333333,0.48507125,0.277777778,0.460888599,0.0,0.0
37_17_02.bmp,2.7777777777777777,0.166666667,0.383482494,0.444444444,0.511309993,0.0,0.0,0.0,0.0,0.222222222,0.427792632,0.222222222,0.427792632,0.166666667,0.383482494
33_03_01.bmp,3.7222222222222223,0.111111111,0.323380833,0.333333333,0.48507125,0.055555556,0.23570226,0.0,0.0,0.555555556,0.511309993,0.0,0.0,0.0,0.0
24_24_05.bmp,1.4444444444444444,0.111111111,0.323380833,0.888888889,0.323380833,0.055555556,0.23570226,0.0,0.0,0.0,0.0,0.055555556,0.23570226,0.055555556,0.23570226
31_25_05.bmp,1.8333333333333333,0.055555556,0.23570226,0.111111111,0.323380833,0.0,0.0,0.055555556,0.23570226,0.222222222,0.427792632,0.0,0.0,0.944444444,0.23570226
11_21_02.bmp,2.5,0.166666667,0.383482494,0.277777778,0.460888599,0.555555556,0.511309993,0.111111111,0.323380833,0.277777778,0.460888599,0.111111111,0.323380833,0.0,0.0
13_09_01.bmp,3.1666666666666665,0.666666667,0.48507125,0.222222222,0.427792632,0.055555556,0.23570226,0.055555556,0.23570226,0.166666667,0.383482494,0.0,0.0,0.055555556,0.23570226
0271.jpg,2.2777777777777777,0.222222222,0.427792632,0.277777778,0.460888599,0.0,0.0,0.833333333,0.383482494,0.0,0.0,0.0,0.0,0.055555556,0.23570226
21_12_01.bmp,3.333333333333333,0.222222222,0.427792632,0.333333333,0.48507125,0.0,0.0,0.055555556,0.23570226,0.055555556,0.23570226,0.0,0.0,0.055555556,0.23570226
0142.jpg,2.611111111111111,0.055555556,0.23570226,0.333333333,0.48507125,0.888888889,0.323380833,0.0,0.0,0.111111111,0.323380833,0.111111111,0.323380833,0.111111111,0.323380833
0565.jpg,3.333333333333333,0.111111111,0.323380833,0.388888889,0.501631326,0.0,0.0,0.055555556,0.23570226,0.722222222,0.460888599,0.0,0.0,0.0,0.0
23_01_04.bmp,1.9444444444444444,0.055555556,0.23570226,0.888888889,0.323380833,0.055555556,0.23570226,0.055555556,0.23570226,0.166666667,0.383482494,0.0,0.0,0.0,0.0
36_09_05.bmp,2.2222222222222223,0.777777778,0.427792632,0.388888889,0.501631326,0.111111111,0.323380833,0.055555556,0.23570226,0.055555556,0.23570226,0.0,0.0,0.0,0.0
0500.jpg,2.6666666666666665,0.055555556,0.23570226,0.388888889,0.501631326,0.0,0.0,0.5,0.514495755,0.833333333,0.383482494,0.055555556,0.23570226,0.0,0.0
16_22_03.bmp,2.388888888888889,0.277777778,0.460888599,0.722222222,0.460888599,0.055555556,0.23570226,0.055555556,0.23570226,0.333333333,0.48507125,0.277777778,0.460888599,0.0,0.0
08_10_04.bmp,2.611111111111111,0.777777778,0.427792632,0.055555556,0.23570226,0.0,0.0,0.0,0.0,0.111111111,0.323380833,0.055555556,0.23570226,0.0,0.0
20_10_05.bmp,2.111111111111111,0.722222222,0.460888599,0.222222222,0.427792632,0.111111111,0.323380833,0.055555556,0.23570226,0.111111111,0.323380833,0.055555556,0.23570226,0.0,0.0
0741.jpg,4.0,0.111111111,0.323380833,0.166666667,0.383482494,0.0,0.0,0.0,0.0,0.166666667,0.383482494,0.0,0.0,0.055555556,0.23570226
30_25_04.bmp,2.111111111111111,0.0,0.0,0.111111111,0.323380833,0.055555556,0.23570226,0.055555556,0.23570226,0.166666667,0.383482494,0.0,0.0,0.888888889,0.323380833
04_25_05.bmp,2.2222222222222223,0.166666667,0.383482494,0.388888889,0.501631326,0.055555556,0.23570226,0.0,0.0,0.222222222,0.427792632,0.0,0.0,0.944444444,0.23570226
25_25_01.bmp,2.888888888888889,0.055555556,0.23570226,0.111111111,0.323380833,0.055555556,0.23570226,0.055555556,0.23570226,0.166666667,0.383482494,0.0,0.0,0.888888889,0.323380833
03_25_03.bmp,2.6666666666666665,0.111111111,0.323380833,0.055555556,0.23570226,0.0,0.0,0.0,0.0,0.055555556,0.23570226,0.0,0.0,0.888888889,0.323380833
21_18_04.bmp,1.7777777777777777,0.055555556,0.23570226,0.722222222,0.460888599,0.0,0.0,0.0,0.0,0.055555556,0.23570226,0.111111111,0.323380833,0.055555556,0.23570226
0694.jpg,3.2777777777777777,0.055555556,0.23570226,0.444444444,0.511309993,0.0,0.0,0.055555556,0.23570226,0.277777778,0.460888599,0.111111111,0.323380833,0.0,0.0
19_24_03.bmp,2.111111111111111,0.0,0.0,0.888888889,0.323380833,0.0,0.0,0.0,0.0,0.111111111,0.323380833,0.055555556,0.23570226,0.0,0.0
09_25_02.bmp,2.611111111111111,0.055555556,0.23570226,0.055555556,0.23570226,0.111111111,0.323380833,0.055555556,0.23570226,0.055555556,0.23570226,0.0,0.0,0.833333333,0.383482494
0055.jpg,2.1666666666666665,0.055555556,0.23570226,0.555555556,0.511309993,0.944444444,0.23570226,0.0,0.0,0.166666667,0.383482494,0.055555556,0.23570226,0.0,0.0
0411.jpg,2.611111111111111,0.055555556,0.23570226,0.833333333,0.383482494,0.0,0.0,0.111111111,0.323380833,0.055555556,0.23570226,0.0,0.0,0.111111111,0.323380833
0022.jpg,3.388888888888889,0.055555556,0.23570226,0.277777778,0.460888599,0.777777778,0.427792632,0.0,0.0,0.0,0.0,0.0,0.0,0.0,0.0
21_11_01.bmp,3.5,0.444444444,0.511309993,0.388888889,0.501631326,0.0,0.0,0.0,0.0,0.055555556,0.23570226,0.0,0.0,0.0,0.0
11_15_01.bmp,2.055555555555556,0.0,0.0,0.222222222,0.427792632,0.888888889,0.323380833,0.055555556,0.23570226,0.166666667,0.383482494,0.055555556,0.23570226,0.055555556,0.23570226
03_20_02.bmp,2.5,0.388888889,0.501631326,0.333333333,0.48507125,0.388888889,0.501631326,0.055555556,0.23570226,0.166666667,0.383482494,0.055555556,0.23570226,0.0,0.0
0493.jpg,2.9444444444444446,0.111111111,0.323380833,0.611111111,0.501631326,0.0,0.0,0.0,0.0,0.722222222,0.460888599,0.0,0.0,0.055555556,0.23570226
19_17_03.bmp,2.611111111111111,0.055555556,0.23570226,0.444444444,0.511309993,0.055555556,0.23570226,0.0,0.0,0.277777778,0.460888599,0.277777778,0.460888599,0.222222222,0.427792632
0562.jpg,2.9444444444444446,0.055555556,0.23570226,0.388888889,0.501631326,0.055555556,0.23570226,0.111111111,0.323380833,0.666666667,0.48507125,0.0,0.0,0.055555556,0.23570226
1054.jpg,3.611111111111111,0.055555556,0.23570226,0.222222222,0.427792632,0.055555556,0.23570226,0.444444444,0.511309993,0.111111111,0.323380833,0.055555556,0.23570226,0.055555556,0.23570226
01_25_03.bmp,2.333333333333333,0.055555556,0.23570226,0.388888889,0.501631326,0.111111111,0.323380833,0.0,0.0,0.0,0.0,0.055555556,0.23570226,1.0,0.0
17_04_03.bmp,2.2777777777777777,0.166666667,0.383482494,0.333333333,0.48507125,0.222222222,0.427792632,0.111111111,0.323380833,0.166666667,0.383482494,0.166666667,0.383482494,0.055555556,0.23570226
03_24_02.bmp,2.7222222222222223,0.055555556,0.23570226,0.5,0.514495755,0.055555556,0.23570226,0.055555556,0.23570226,0.111111111,0.323380833,0.0,0.0,0.055555556,0.23570226
30_06_04.bmp,2.2222222222222223,0.333333333,0.48507125,0.222222222,0.427792632,0.222222222,0.427792632,0.111111111,0.323380833,0.333333333,0.48507125,0.166666667,0.383482494,0.0,0.0
19_25_04.bmp,2.111111111111111,0.111111111,0.323380833,0.055555556,0.23570226,0.055555556,0.23570226,0.0,0.0,0.055555556,0.23570226,0.111111111,0.323380833,0.833333333,0.383482494
13_13_02.bmp,3.6666666666666665,0.055555556,0.23570226,0.222222222,0.427792632,0.388888889,0.501631326,0.0,0.0,0.166666667,0.383482494,0.0,0.0,0.111111111,0.323380833
22_13_05.bmp,1.9444444444444444,0.111111111,0.323380833,0.166666667,0.383482494,0.944444444,0.23570226,0.0,0.0,0.166666667,0.383482494,0.055555556,0.23570226,0.0,0.0
23_11_03.bmp,2.5,0.777777778,0.427792632,0.166666667,0.383482494,0.055555556,0.23570226,0.0,0.0,0.388888889,0.501631326,0.055555556,0.23570226,0.0,0.0
31_18_01.bmp,3.111111111111111,0.166666667,0.383482494,0.611111111,0.501631326,0.055555556,0.23570226,0.0,0.0,0.277777778,0.460888599,0.055555556,0.23570226,0.055555556,0.23570226
29_11_04.bmp,2.555555555555556,0.833333333,0.383482494,0.166666667,0.383482494,0.055555556,0.23570226,0.0,0.0,0.111111111,0.323380833,0.166666667,0.383482494,0.0,0.0
35_10_05.bmp,1.6666666666666667,0.833333333,0.383482494,0.5,0.514495755,0.111111111,0.323380833,0.055555556,0.23570226,0.055555556,0.23570226,0.0,0.0,0.055555556,0.23570226
24_24_01.bmp,3.2222222222222223,0.111111111,0.323380833,0.611111111,0.501631326,0.111111111,0.323380833,0.0,0.0,0.055555556,0.23570226,0.0,0.0,0.0,0.0
01425.jpg,3.9444444444444446,0.0,0.0,0.444444444,0.511309993,0.111111111,0.323380833,0.0,0.0,0.055555556,0.23570226,0.0,0.0,0.0,0.0
05_22_04.bmp,1.5,0.277777778,0.460888599,0.777777778,0.427792632,0.166666667,0.383482494,0.0,0.0,0.0,0.0,0.111111111,0.323380833,0.055555556,0.23570226
28_23_02.bmp,2.888888888888889,0.055555556,0.23570226,0.222222222,0.427792632,0.055555556,0.23570226,0.666666667,0.48507125,0.111111111,0.323380833,0.0,0.0,0.055555556,0.23570226
26_06_04.bmp,2.9444444444444446,0.277777778,0.460888599,0.111111111,0.323380833,0.333333333,0.48507125,0.111111111,0.323380833,0.055555556,0.23570226,0.166666667,0.383482494,0.055555556,0.23570226
01_20_03.bmp,2.888888888888889,0.111111111,0.323380833,0.722222222,0.460888599,0.111111111,0.323380833,0.055555556,0.23570226,0.0,0.0,0.0,0.0,0.0,0.0
0563.jpg,3.1666666666666665,0.166666667,0.383482494,0.444444444,0.511309993,0.0,0.0,0.055555556,0.23570226,0.722222222,0.460888599,0.0,0.0,0.055555556,0.23570226
37_12_03.bmp,3.055555555555556,0.611111111,0.501631326,0.5,0.514495755,0.0,0.0,0.055555556,0.23570226,0.055555556,0.23570226,0.055555556,0.23570226,0.0,0.0
01462.jpg,3.7222222222222223,0.0,0.0,0.611111111,0.501631326,0.055555556,0.23570226,0.0,0.0,0.0,0.0,0.055555556,0.23570226,0.111111111,0.323380833
02_17_04.bmp,2.2222222222222223,0.0,0.0,0.444444444,0.511309993,0.055555556,0.23570226,0.0,0.0,0.5,0.514495755,0.111111111,0.323380833,0.388888889,0.501631326
31_02_05.bmp,1.2222222222222223,0.055555556,0.23570226,0.833333333,0.383482494,0.0,0.0,0.0,0.0,0.166666667,0.383482494,0.0,0.0,0.0,0.0
36_19_02.bmp,3.333333333333333,0.055555556,0.23570226,0.611111111,0.501631326,0.166666667,0.383482494,0.055555556,0.23570226,0.0,0.0,0.0,0.0,0.055555556,0.23570226
11_21_03.bmp,2.6666666666666665,0.166666667,0.383482494,0.5,0.514495755,0.388888889,0.501631326,0.0,0.0,0.277777778,0.460888599,0.055555556,0.23570226,0.0,0.0
20_06_01.bmp,3.2222222222222223,0.222222222,0.427792632,0.277777778,0.460888599,0.222222222,0.427792632,0.0,0.0,0.111111111,0.323380833,0.111111111,0.323380833,0.0,0.0
36_15_04.bmp,3.0,0.055555556,0.23570226,0.5,0.514495755,0.222222222,0.427792632,0.055555556,0.23570226,0.0,0.0,0.055555556,0.23570226,0.055555556,0.23570226
33_18_04.bmp,2.5,0.111111111,0.323380833,0.666666667,0.48507125,0.0,0.0,0.0,0.0,0.5,0.514495755,0.055555556,0.23570226,0.0,0.0
15_09_04.bmp,2.4444444444444446,0.722222222,0.460888599,0.222222222,0.427792632,0.055555556,0.23570226,0.055555556,0.23570226,0.277777778,0.460888599,0.0,0.0,0.0,0.0
24_15_03.bmp,3.1666666666666665,0.111111111,0.323380833,0.444444444,0.511309993,0.111111111,0.323380833,0.111111111,0.323380833,0.0,0.0,0.055555556,0.23570226,0.0,0.0
10_13_02.bmp,3.055555555555556,0.055555556,0.23570226,0.388888889,0.501631326,0.166666667,0.383482494,0.0,0.0,0.388888889,0.501631326,0.222222222,0.427792632,0.111111111,0.323380833
04_12_03.bmp,2.611111111111111,0.833333333,0.383482494,0.444444444,0.511309993,0.055555556,0.23570226,0.0,0.0,0.222222222,0.427792632,0.055555556,0.23570226,0.055555556,0.23570226
0296.jpg,1.9444444444444444,0.166666667,0.383482494,0.722222222,0.460888599,0.055555556,0.23570226,0.777777778,0.427792632,0.111111111,0.323380833,0.0,0.0,0.0,0.0
27_21_01.bmp,2.055555555555556,0.111111111,0.323380833,0.277777778,0.460888599,0.388888889,0.501631326,0.277777778,0.460888599,0.277777778,0.460888599,0.0,0.0,0.055555556,0.23570226
10_02_02.bmp,2.555555555555556,0.055555556,0.23570226,0.722222222,0.460888599,0.0,0.0,0.0,0.0,0.388888889,0.501631326,0.222222222,0.427792632,0.0,0.0
16_04_01.bmp,3.388888888888889,0.055555556,0.23570226,0.222222222,0.427792632,0.0,0.0,0.0,0.0,0.333333333,0.48507125,0.555555556,0.511309993,0.0,0.0
01177.jpg,4.611111111111111,0.166666667,0.383482494,0.0,0.0,0.0,0.0,0.0,0.0,0.055555556,0.23570226,0.055555556,0.23570226,0.0,0.0
0087.jpg,1.5555555555555556,0.055555556,0.23570226,0.722222222,0.460888599,0.944444444,0.23570226,0.0,0.0,0.055555556,0.23570226,0.055555556,0.23570226,0.055555556,0.23570226
24_01_01.bmp,3.555555555555556,0.055555556,0.23570226,0.444444444,0.511309993,0.166666667,0.383482494,0.0,0.0,0.0,0.0,0.0,0.0,0.055555556,0.23570226
10_18_01.bmp,2.611111111111111,0.0,0.0,0.555555556,0.511309993,0.055555556,0.23570226,0.055555556,0.23570226,0.444444444,0.511309993,0.222222222,0.427792632,0.166666667,0.383482494
18_02_04.bmp,1.3333333333333333,0.111111111,0.323380833,0.944444444,0.23570226,0.055555556,0.23570226,0.0,0.0,0.055555556,0.23570226,0.0,0.0,0.0,0.0
01_04_01.bmp,3.1666666666666665,0.055555556,0.23570226,0.666666667,0.48507125,0.111111111,0.323380833,0.055555556,0.23570226,0.0,0.0,0.0,0.0,0.055555556,0.23570226
17_08_03.bmp,2.5,0.388888889,0.501631326,0.777777778,0.427792632,0.0,0.0,0.055555556,0.23570226,0.166666667,0.383482494,0.055555556,0.23570226,0.0,0.0
0101.jpg,2.4444444444444446,0.055555556,0.23570226,0.5,0.514495755,0.944444444,0.23570226,0.0,0.0,0.055555556,0.23570226,0.0,0.0,0.111111111,0.323380833
37_25_01.bmp,3.055555555555556,0.055555556,0.23570226,0.166666667,0.383482494,0.0,0.0,0.055555556,0.23570226,0.055555556,0.23570226,0.055555556,0.23570226,0.888888889,0.323380833
12_02_02.bmp,2.9444444444444446,0.055555556,0.23570226,0.722222222,0.460888599,0.111111111,0.323380833,0.055555556,0.23570226,0.0,0.0,0.055555556,0.23570226,0.055555556,0.23570226
27_03_01.bmp,3.1666666666666665,0.0,0.0,0.277777778,0.460888599,0.0,0.0,0.111111111,0.323380833,0.611111111,0.501631326,0.0,0.0,0.055555556,0.23570226
0236.jpg,1.8333333333333333,0.388888889,0.501631326,0.444444444,0.511309993,0.0,0.0,0.888888889,0.323380833,0.111111111,0.323380833,0.0,0.0,0.0,0.0
34_12_01.bmp,3.5,0.222222222,0.427792632,0.388888889,0.501631326,0.222222222,0.427792632,0.0,0.0,0.0,0.0,0.0,0.0,0.055555556,0.23570226
25_22_03.bmp,1.7777777777777777,0.333333333,0.48507125,0.833333333,0.383482494,0.055555556,0.23570226,0.055555556,0.23570226,0.111111111,0.323380833,0.0,0.0,0.0,0.0
07_19_04.bmp,2.111111111111111,0.555555556,0.511309993,0.277777778,0.460888599,0.388888889,0.501631326,0.0,0.0,0.055555556,0.23570226,0.055555556,0.23570226,0.0,0.0
12_07_04.bmp,1.6666666666666667,0.055555556,0.23570226,0.944444444,0.23570226,0.111111111,0.323380833,0.055555556,0.23570226,0.0,0.0,0.055555556,0.23570226,0.0,0.0
23_13_04.bmp,2.833333333333333,0.0,0.0,0.222222222,0.427792632,0.833333333,0.383482494,0.055555556,0.23570226,0.166666667,0.383482494,0.111111111,0.323380833,0.0,0.0
0241.jpg,1.8888888888888888,0.166666667,0.383482494,0.388888889,0.501631326,0.0,0.0,0.888888889,0.323380833,0.111111111,0.323380833,0.0,0.0,0.0,0.0
30_23_05.bmp,2.111111111111111,0.0,0.0,0.222222222,0.427792632,0.055555556,0.23570226,0.777777778,0.427792632,0.166666667,0.383482494,0.0,0.0,0.111111111,0.323380833
26_15_01.bmp,3.8333333333333335,0.055555556,0.23570226,0.055555556,0.23570226,0.5,0.514495755,0.0,0.0,0.055555556,0.23570226,0.055555556,0.23570226,0.0,0.0
23_03_04.bmp,2.333333333333333,0.111111111,0.323380833,0.777777778,0.427792632,0.055555556,0.23570226,0.0,0.0,0.277777778,0.460888599,0.055555556,0.23570226,0.0,0.0
0971.jpg,3.5,0.055555556,0.23570226,0.111111111,0.323380833,0.0,0.0,0.611111111,0.501631326,0.166666667,0.383482494,0.0,0.0,0.0,0.0
14_07_05.bmp,1.2222222222222223,0.277777778,0.460888599,0.833333333,0.383482494,0.111111111,0.323380833,0.0,0.0,0.0,0.0,0.111111111,0.323380833,0.0,0.0
11_22_05.bmp,1.7777777777777777,0.277777778,0.460888599,0.777777778,0.427792632,0.0,0.0,0.111111111,0.323380833,0.222222222,0.427792632,0.0,0.0,0.055555556,0.23570226
03_15_04.bmp,3.7777777777777777,0.055555556,0.23570226,0.166666667,0.383482494,0.111111111,0.323380833,0.111111111,0.323380833,0.111111111,0.323380833,0.0,0.0,0.055555556,0.23570226
06_04_02.bmp,3.611111111111111,0.166666667,0.383482494,0.277777778,0.460888599,0.111111111,0.323380833,0.0,0.0,0.0,0.0,0.166666667,0.383482494,0.111111111,0.323380833
20_17_03.bmp,2.5,0.111111111,0.323380833,0.388888889,0.501631326,0.111111111,0.323380833,0.0,0.0,0.277777778,0.460888599,0.222222222,0.427792632,0.111111111,0.323380833
0395.jpg,2.388888888888889,0.055555556,0.23570226,0.722222222,0.460888599,0.055555556,0.23570226,0.166666667,0.383482494,0.055555556,0.23570226,0.0,0.0,0.055555556,0.23570226
02_11_02.bmp,2.888888888888889,0.888888889,0.323380833,0.333333333,0.48507125,0.055555556,0.23570226,0.055555556,0.23570226,0.444444444,0.511309993,0.055555556,0.23570226,0.055555556,0.23570226
0673.jpg,3.2777777777777777,0.055555556,0.23570226,0.333333333,0.48507125,0.055555556,0.23570226,0.055555556,0.23570226,0.333333333,0.48507125,0.166666667,0.383482494,0.055555556,0.23570226
0679.jpg,3.4444444444444446,0.111111111,0.323380833,0.277777778,0.460888599,0.0,0.0,0.166666667,0.383482494,0.055555556,0.23570226,0.111111111,0.323380833,0.055555556,0.23570226
09_23_04.bmp,2.4444444444444446,0.166666667,0.383482494,0.222222222,0.427792632,0.0,0.0,0.722222222,0.460888599,0.166666667,0.383482494,0.0,0.0,0.055555556,0.23570226
06_03_01.bmp,3.888888888888889,0.055555556,0.23570226,0.277777778,0.460888599,0.055555556,0.23570226,0.055555556,0.23570226,0.0,0.0,0.055555556,0.23570226,0.055555556,0.23570226
27_01_05.bmp,1.5555555555555556,0.055555556,0.23570226,0.888888889,0.323380833,0.0,0.0,0.0,0.0,0.444444444,0.511309993,0.055555556,0.23570226,0.0,0.0
31_25_03.bmp,2.333333333333333,0.055555556,0.23570226,0.111111111,0.323380833,0.0,0.0,0.111111111,0.323380833,0.166666667,0.383482494,0.0,0.0,0.833333333,0.383482494
05_10_02.bmp,2.555555555555556,0.722222222,0.460888599,0.444444444,0.511309993,0.055555556,0.23570226,0.0,0.0,0.055555556,0.23570226,0.111111111,0.323380833,0.055555556,0.23570226
27_04_03.bmp,2.611111111111111,0.277777778,0.460888599,0.444444444,0.511309993,0.166666667,0.383482494,0.111111111,0.323380833,0.333333333,0.48507125,0.111111111,0.323380833,0.0,0.0
32_20_02.bmp,2.055555555555556,0.555555556,0.511309993,0.5,0.514495755,0.166666667,0.383482494,0.0,0.0,0.388888889,0.501631326,0.055555556,0.23570226,0.055555556,0.23570226
27_25_05.bmp,1.7777777777777777,0.055555556,0.23570226,0.333333333,0.48507125,0.0,0.0,0.0,0.0,0.388888889,0.501631326,0.0,0.0,0.944444444,0.23570226
22_23_01.bmp,2.888888888888889,0.0,0.0,0.166666667,0.383482494,0.055555556,0.23570226,0.722222222,0.460888599,0.0,0.0,0.055555556,0.23570226,0.055555556,0.23570226
22_11_04.bmp,2.2222222222222223,0.833333333,0.383482494,0.388888889,0.501631326,0.0,0.0,0.0,0.0,0.166666667,0.383482494,0.166666667,0.383482494,0.055555556,0.23570226
03_07_05.bmp,1.5,0.277777778,0.460888599,0.888888889,0.323380833,0.055555556,0.23570226,0.0,0.0,0.166666667,0.383482494,0.055555556,0.23570226,0.166666667,0.383482494
0360.jpg,2.333333333333333,0.111111111,0.323380833,0.888888889,0.323380833,0.0,0.0,0.055555556,0.23570226,0.0,0.0,0.055555556,0.23570226,0.0,0.0
01323.jpg,3.388888888888889,0.333333333,0.48507125,0.444444444,0.511309993,0.0,0.0,0.055555556,0.23570226,0.222222222,0.427792632,0.055555556,0.23570226,0.0,0.0
21_02_04.bmp,1.5,0.0,0.0,0.944444444,0.23570226,0.0,0.0,0.0,0.0,0.055555556,0.23570226,0.0,0.0,0.0,0.0
01_02_02.bmp,2.555555555555556,0.055555556,0.23570226,0.777777778,0.427792632,0.166666667,0.383482494,0.055555556,0.23570226,0.0,0.0,0.0,0.0,0.055555556,0.23570226
27_03_02.bmp,2.9444444444444446,0.111111111,0.323380833,0.388888889,0.501631326,0.0,0.0,0.055555556,0.23570226,0.5,0.514495755,0.055555556,0.23570226,0.0,0.0
01497.jpg,3.8333333333333335,0.111111111,0.323380833,0.555555556,0.511309993,0.111111111,0.323380833,0.0,0.0,0.0,0.0,0.0,0.0,0.055555556,0.23570226
0184.jpg,3.055555555555556,0.055555556,0.23570226,0.388888889,0.501631326,0.555555556,0.511309993,0.0,0.0,0.055555556,0.23570226,0.0,0.0,0.722222222,0.460888599
05_12_05.bmp,1.7777777777777777,0.833333333,0.383482494,0.333333333,0.48507125,0.166666667,0.383482494,0.0,0.0,0.055555556,0.23570226,0.055555556,0.23570226,0.111111111,0.323380833
16_07_03.bmp,2.555555555555556,0.166666667,0.383482494,0.666666667,0.48507125,0.055555556,0.23570226,0.055555556,0.23570226,0.277777778,0.460888599,0.388888889,0.501631326,0.0,0.0
35_09_03.bmp,1.9444444444444444,0.722222222,0.460888599,0.5,0.514495755,0.055555556,0.23570226,0.0,0.0,0.111111111,0.323380833,0.0,0.0,0.055555556,0.23570226
08_08_03.bmp,3.1666666666666665,0.444444444,0.511309993,0.611111111,0.501631326,0.0,0.0,0.166666667,0.383482494,0.055555556,0.23570226,0.055555556,0.23570226,0.055555556,0.23570226
24_21_01.bmp,2.2777777777777777,0.222222222,0.427792632,0.333333333,0.48507125,0.611111111,0.501631326,0.055555556,0.23570226,0.111111111,0.323380833,0.055555556,0.23570226,0.0,0.0
0752.jpg,3.333333333333333,0.055555556,0.23570226,0.5,0.514495755,0.0,0.0,0.0,0.0,0.0,0.0,0.055555556,0.23570226,0.111111111,0.323380833
32_11_02.bmp,2.7222222222222223,0.611111111,0.501631326,0.333333333,0.48507125,0.055555556,0.23570226,0.055555556,0.23570226,0.333333333,0.48507125,0.111111111,0.323380833,0.111111111,0.323380833
09_21_01.bmp,2.7222222222222223,0.111111111,0.323380833,0.222222222,0.427792632,0.722222222,0.460888599,0.0,0.0,0.111111111,0.323380833,0.0,0.0,0.0,0.0
36_19_04.bmp,2.888888888888889,0.055555556,0.23570226,0.555555556,0.511309993,0.277777778,0.460888599,0.0,0.0,0.0,0.0,0.0,0.0,0.055555556,0.23570226
29_09_02.bmp,2.7777777777777777,0.666666667,0.48507125,0.277777778,0.460888599,0.0,0.0,0.0,0.0,0.111111111,0.323380833,0.111111111,0.323380833,0.0,0.0
04_21_02.bmp,2.5,0.222222222,0.427792632,0.444444444,0.511309993,0.444444444,0.511309993,0.0,0.0,0.111111111,0.323380833,0.055555556,0.23570226,0.055555556,0.23570226
0843.jpg,3.611111111111111,0.166666667,0.383482494,0.388888889,0.501631326,0.055555556,0.23570226,0.111111111,0.323380833,0.111111111,0.323380833,0.055555556,0.23570226,0.0,0.0
27_17_05.bmp,2.2222222222222223,0.166666667,0.383482494,0.555555556,0.511309993,0.0,0.0,0.0,0.0,0.444444444,0.511309993,0.222222222,0.427792632,0.166666667,0.383482494
01226.jpg,3.5,0.333333333,0.48507125,0.388888889,0.501631326,0.222222222,0.427792632,0.055555556,0.23570226,0.222222222,0.427792632,0.055555556,0.23570226,0.055555556,0.23570226
22_09_05.bmp,1.8888888888888888,0.888888889,0.323380833,0.333333333,0.48507125,0.055555556,0.23570226,0.0,0.0,0.166666667,0.383482494,0.111111111,0.323380833,0.055555556,0.23570226
32_25_04.bmp,2.0,0.055555556,0.23570226,0.222222222,0.427792632,0.055555556,0.23570226,0.055555556,0.23570226,0.277777778,0.460888599,0.055555556,0.23570226,0.833333333,0.383482494
04_15_01.bmp,2.055555555555556,0.111111111,0.323380833,0.444444444,0.511309993,0.888888889,0.323380833,0.0,0.0,0.222222222,0.427792632,0.0,0.0,0.0,0.0
0390.jpg,2.5,0.111111111,0.323380833,0.944444444,0.23570226,0.0,0.0,0.111111111,0.323380833,0.0,0.0,0.055555556,0.23570226,0.0,0.0
12_07_01.bmp,2.888888888888889,0.111111111,0.323380833,0.611111111,0.501631326,0.055555556,0.23570226,0.0,0.0,0.111111111,0.323380833,0.055555556,0.23570226,0.111111111,0.323380833
27_17_01.bmp,3.1666666666666665,0.166666667,0.383482494,0.555555556,0.511309993,0.0,0.0,0.111111111,0.323380833,0.333333333,0.48507125,0.055555556,0.23570226,0.222222222,0.427792632
08_02_02.bmp,3.555555555555556,0.111111111,0.323380833,0.666666667,0.48507125,0.055555556,0.23570226,0.0,0.0,0.111111111,0.323380833,0.0,0.0,0.0,0.0
31_10_02.bmp,3.055555555555556,0.666666667,0.48507125,0.277777778,0.460888599,0.055555556,0.23570226,0.0,0.0,0.111111111,0.323380833,0.0,0.0,0.111111111,0.323380833
0389.jpg,2.2777777777777777,0.111111111,0.323380833,0.833333333,0.383482494,0.0,0.0,0.111111111,0.323380833,0.055555556,0.23570226,0.0,0.0,0.055555556,0.23570226
10_22_03.bmp,2.2777777777777777,0.222222222,0.427792632,0.777777778,0.427792632,0.0,0.0,0.055555556,0.23570226,0.388888889,0.501631326,0.166666667,0.383482494,0.0,0.0
31_02_02.bmp,2.833333333333333,0.055555556,0.23570226,0.777777778,0.427792632,0.0,0.0,0.0,0.0,0.222222222,0.427792632,0.0,0.0,0.055555556,0.23570226
01385.jpg,3.5,0.0,0.0,0.722222222,0.460888599,0.111111111,0.323380833,0.0,0.0,0.0,0.0,0.0,0.0,0.111111111,0.323380833
14_22_04.bmp,2.0,0.222222222,0.427792632,0.833333333,0.383482494,0.055555556,0.23570226,0.0,0.0,0.055555556,0.23570226,0.055555556,0.23570226,0.055555556,0.23570226
21_24_05.bmp,1.2222222222222223,0.055555556,0.23570226,0.888888889,0.323380833,0.0,0.0,0.055555556,0.23570226,0.111111111,0.323380833,0.0,0.0,0.055555556,0.23570226
02_08_03.bmp,2.5,0.444444444,0.511309993,0.555555556,0.511309993,0.111111111,0.323380833,0.0,0.0,0.444444444,0.511309993,0.166666667,0.383482494,0.055555556,0.23570226
31_05_05.bmp,1.6666666666666667,0.277777778,0.460888599,0.777777778,0.427792632,0.111111111,0.323380833,0.0,0.0,0.222222222,0.427792632,0.055555556,0.23570226,0.111111111,0.323380833
1095.jpg,4.055555555555555,0.222222222,0.427792632,0.111111111,0.323380833,0.055555556,0.23570226,0.0,0.0,0.111111111,0.323380833,0.055555556,0.23570226,0.0,0.0
0809.jpg,3.2777777777777777,0.0,0.0,0.555555556,0.511309993,0.0,0.0,0.0,0.0,0.333333333,0.48507125,0.111111111,0.323380833,0.0,0.0
36_25_04.bmp,2.0,0.055555556,0.23570226,0.222222222,0.427792632,0.166666667,0.383482494,0.0,0.0,0.0,0.0,0.0,0.0,0.944444444,0.23570226
12_07_05.bmp,1.4444444444444444,0.055555556,0.23570226,0.888888889,0.323380833,0.111111111,0.323380833,0.111111111,0.323380833,0.0,0.0,0.111111111,0.323380833,0.0,0.0
11_15_02.bmp,2.4444444444444446,0.111111111,0.323380833,0.166666667,0.383482494,0.777777778,0.427792632,0.0,0.0,0.222222222,0.427792632,0.055555556,0.23570226,0.0,0.0
31_03_01.bmp,3.611111111111111,0.055555556,0.23570226,0.166666667,0.383482494,0.055555556,0.23570226,0.055555556,0.23570226,0.222222222,0.427792632,0.055555556,0.23570226,0.055555556,0.23570226
33_12_02.bmp,2.9444444444444446,0.333333333,0.48507125,0.388888889,0.501631326,0.0,0.0,0.0,0.0,0.555555556,0.511309993,0.0,0.0,0.0,0.0
22_11_01.bmp,3.388888888888889,0.277777778,0.460888599,0.333333333,0.48507125,0.055555556,0.23570226,0.0,0.0,0.111111111,0.323380833,0.222222222,0.427792632,0.0,0.0
10_21_03.bmp,2.555555555555556,0.055555556,0.23570226,0.277777778,0.460888599,0.611111111,0.501631326,0.055555556,0.23570226,0.277777778,0.460888599,0.5,0.514495755,0.0,0.0
08_21_04.bmp,2.4444444444444446,0.055555556,0.23570226,0.277777778,0.460888599,0.166666667,0.383482494,0.5,0.514495755,0.055555556,0.23570226,0.055555556,0.23570226,0.0,0.0
12_23_03.bmp,2.7222222222222223,0.055555556,0.23570226,0.0,0.0,0.0,0.0,0.777777778,0.427792632,0.055555556,0.23570226,0.111111111,0.323380833,0.055555556,0.23570226
25_16_01.bmp,3.111111111111111,0.111111111,0.323380833,0.444444444,0.511309993,0.222222222,0.427792632,0.055555556,0.23570226,0.166666667,0.383482494,0.0,0.0,0.055555556,0.23570226
01_16_05.bmp,1.4444444444444444,0.555555556,0.511309993,0.833333333,0.383482494,0.0,0.0,0.111111111,0.323380833,0.055555556,0.23570226,0.055555556,0.23570226,0.055555556,0.23570226
28_09_02.bmp,2.7777777777777777,0.777777778,0.427792632,0.277777778,0.460888599,0.055555556,0.23570226,0.0,0.0,0.222222222,0.427792632,0.0,0.0,0.0,0.0
0464.jpg,2.555555555555556,0.111111111,0.323380833,0.333333333,0.48507125,0.0,0.0,0.222222222,0.427792632,0.833333333,0.383482494,0.0,0.0,0.0,0.0
23_17_05.bmp,2.5,0.055555556,0.23570226,0.555555556,0.511309993,0.0,0.0,0.0,0.0,0.388888889,0.501631326,0.166666667,0.383482494,0.166666667,0.383482494
34_11_02.bmp,2.833333333333333,0.722222222,0.460888599,0.444444444,0.511309993,0.166666667,0.383482494,0.0,0.0,0.0,0.0,0.055555556,0.23570226,0.055555556,0.23570226
07_15_05.bmp,3.5,0.277777778,0.460888599,0.222222222,0.427792632,0.111111111,0.323380833,0.277777778,0.460888599,0.111111111,0.323380833,0.055555556,0.23570226,0.055555556,0.23570226
0275.jpg,2.2777777777777777,0.166666667,0.383482494,0.333333333,0.48507125,0.0,0.0,0.833333333,0.383482494,0.111111111,0.323380833,0.0,0.0,0.055555556,0.23570226
31_19_01.bmp,3.111111111111111,0.111111111,0.323380833,0.444444444,0.511309993,0.0,0.0,0.0,0.0,0.222222222,0.427792632,0.0,0.0,0.111111111,0.323380833
35_05_02.bmp,2.4444444444444446,0.333333333,0.48507125,0.666666667,0.48507125,0.111111111,0.323380833,0.0,0.0,0.055555556,0.23570226,0.055555556,0.23570226,0.055555556,0.23570226
27_01_02.bmp,3.055555555555556,0.0,0.0,0.388888889,0.501631326,0.0,0.0,0.055555556,0.23570226,0.611111111,0.501631326,0.0,0.0,0.111111111,0.323380833
17_23_04.bmp,2.555555555555556,0.0,0.0,0.111111111,0.323380833,0.0,0.0,0.722222222,0.460888599,0.277777778,0.460888599,0.055555556,0.23570226,0.055555556,0.23570226
37_08_05.bmp,2.333333333333333,0.333333333,0.48507125,0.611111111,0.501631326,0.0,0.0,0.055555556,0.23570226,0.111111111,0.323380833,0.111111111,0.323380833,0.055555556,0.23570226
24_05_05.bmp,1.8333333333333333,0.222222222,0.427792632,0.777777778,0.427792632,0.055555556,0.23570226,0.0,0.0,0.111111111,0.323380833,0.0,0.0,0.0,0.0
26_04_05.bmp,3.2777777777777777,0.166666667,0.383482494,0.111111111,0.323380833,0.333333333,0.48507125,0.055555556,0.23570226,0.055555556,0.23570226,0.111111111,0.323380833,0.055555556,0.23570226
34_10_03.bmp,2.6666666666666665,0.555555556,0.511309993,0.444444444,0.511309993,0.055555556,0.23570226,0.055555556,0.23570226,0.055555556,0.23570226,0.0,0.0,0.111111111,0.323380833
15_19_02.bmp,3.111111111111111,0.166666667,0.383482494,0.333333333,0.48507125,0.166666667,0.383482494,0.0,0.0,0.222222222,0.427792632,0.0,0.0,0.0,0.0
0247.jpg,1.8888888888888888,0.222222222,0.427792632,0.333333333,0.48507125,0.055555556,0.23570226,0.833333333,0.383482494,0.055555556,0.23570226,0.0,0.0,0.0,0.0
24_16_01.bmp,3.388888888888889,0.055555556,0.23570226,0.5,0.514495755,0.222222222,0.427792632,0.055555556,0.23570226,0.055555556,0.23570226,0.0,0.0,0.0,0.0
12_19_02.bmp,3.1666666666666665,0.055555556,0.23570226,0.333333333,0.48507125,0.222222222,0.427792632,0.0,0.0,0.055555556,0.23570226,0.055555556,0.23570226,0.055555556,0.23570226
1024.jpg,2.7777777777777777,0.055555556,0.23570226,0.555555556,0.511309993,0.055555556,0.23570226,0.555555556,0.511309993,0.111111111,0.323380833,0.055555556,0.23570226,0.0,0.0
29_14_04.bmp,1.5,0.166666667,0.383482494,0.111111111,0.323380833,0.0,0.0,0.722222222,0.460888599,0.166666667,0.383482494,0.111111111,0.323380833,0.055555556,0.23570226
21_11_02.bmp,3.2222222222222223,0.5,0.514495755,0.222222222,0.427792632,0.0,0.0,0.0,0.0,0.0,0.0,0.055555556,0.23570226,0.055555556,0.23570226
20_09_05.bmp,1.9444444444444444,0.833333333,0.383482494,0.277777778,0.460888599,0.055555556,0.23570226,0.055555556,0.23570226,0.055555556,0.23570226,0.055555556,0.23570226,0.0,0.0
02_22_03.bmp,2.2222222222222223,0.5,0.514495755,0.722222222,0.460888599,0.0,0.0,0.055555556,0.23570226,0.277777778,0.460888599,0.055555556,0.23570226,0.0,0.0
0712.jpg,3.2222222222222223,0.055555556,0.23570226,0.388888889,0.501631326,0.0,0.0,0.111111111,0.323380833,0.5,0.514495755,0.111111111,0.323380833,0.0,0.0
11_16_04.bmp,1.8888888888888888,0.388888889,0.501631326,0.722222222,0.460888599,0.166666667,0.383482494,0.0,0.0,0.222222222,0.427792632,0.0,0.0,0.0,0.0
17_20_02.bmp,2.4444444444444446,0.444444444,0.511309993,0.166666667,0.383482494,0.277777778,0.460888599,0.166666667,0.383482494,0.277777778,0.460888599,0.055555556,0.23570226,0.055555556,0.23570226
37_15_03.bmp,3.388888888888889,0.055555556,0.23570226,0.388888889,0.501631326,0.111111111,0.323380833,0.222222222,0.427792632,0.111111111,0.323380833,0.055555556,0.23570226,0.0,0.0
0246.jpg,1.8888888888888888,0.277777778,0.460888599,0.333333333,0.48507125,0.0,0.0,0.888888889,0.323380833,0.055555556,0.23570226,0.0,0.0,0.055555556,0.23570226
18_05_05.bmp,1.8888888888888888,0.388888889,0.501631326,0.722222222,0.460888599,0.111111111,0.323380833,0.0,0.0,0.055555556,0.23570226,0.0,0.0,0.055555556,0.23570226
30_13_01.bmp,3.555555555555556,0.111111111,0.323380833,0.444444444,0.511309993,0.111111111,0.323380833,0.0,0.0,0.222222222,0.427792632,0.0,0.0,0.055555556,0.23570226
09_01_04.bmp,1.9444444444444444,0.111111111,0.323380833,0.833333333,0.383482494,0.222222222,0.427792632,0.0,0.0,0.166666667,0.383482494,0.0,0.0,0.0,0.0
02_09_04.bmp,2.4444444444444446,0.888888889,0.323380833,0.388888889,0.501631326,0.055555556,0.23570226,0.0,0.0,0.444444444,0.511309993,0.055555556,0.23570226,0.0,0.0
03_03_03.bmp,3.111111111111111,0.055555556,0.23570226,0.666666667,0.48507125,0.111111111,0.323380833,0.0,0.0,0.111111111,0.323380833,0.055555556,0.23570226,0.055555556,0.23570226
20_18_04.bmp,2.0,0.166666667,0.383482494,0.722222222,0.460888599,0.055555556,0.23570226,0.055555556,0.23570226,0.111111111,0.323380833,0.055555556,0.23570226,0.0,0.0
33_05_02.bmp,3.1666666666666665,0.166666667,0.383482494,0.611111111,0.501631326,0.055555556,0.23570226,0.0,0.0,0.444444444,0.511309993,0.0,0.0,0.055555556,0.23570226
16_14_02.bmp,3.2222222222222223,0.111111111,0.323380833,0.111111111,0.323380833,0.055555556,0.23570226,0.388888889,0.501631326,0.277777778,0.460888599,0.333333333,0.48507125,0.055555556,0.23570226
0707.jpg,3.2222222222222223,0.111111111,0.323380833,0.388888889,0.501631326,0.0,0.0,0.055555556,0.23570226,0.444444444,0.511309993,0.111111111,0.323380833,0.0,0.0
30_12_03.bmp,3.0,0.666666667,0.48507125,0.166666667,0.383482494,0.055555556,0.23570226,0.0,0.0,0.333333333,0.48507125,0.0,0.0,0.0,0.0
31_04_02.bmp,3.2777777777777777,0.277777778,0.460888599,0.222222222,0.427792632,0.166666667,0.383482494,0.055555556,0.23570226,0.222222222,0.427792632,0.111111111,0.323380833,0.055555556,0.23570226
26_05_04.bmp,2.333333333333333,0.222222222,0.427792632,0.611111111,0.501631326,0.111111111,0.323380833,0.055555556,0.23570226,0.111111111,0.323380833,0.0,0.0,0.055555556,0.23570226
01459.jpg,3.333333333333333,0.166666667,0.383482494,0.444444444,0.511309993,0.222222222,0.427792632,0.0,0.0,0.0,0.0,0.111111111,0.323380833,0.444444444,0.511309993
07_04_01.bmp,3.555555555555556,0.055555556,0.23570226,0.388888889,0.501631326,0.166666667,0.383482494,0.0,0.0,0.166666667,0.383482494,0.055555556,0.23570226,0.055555556,0.23570226
08_25_03.bmp,2.333333333333333,0.111111111,0.323380833,0.0,0.0,0.055555556,0.23570226,0.0,0.0,0.055555556,0.23570226,0.0,0.0,0.833333333,0.383482494
04_14_05.bmp,1.9444444444444444,0.166666667,0.383482494,0.611111111,0.501631326,0.111111111,0.323380833,0.555555556,0.511309993,0.277777778,0.460888599,0.055555556,0.23570226,0.0,0.0
25_20_05.bmp,1.7777777777777777,0.722222222,0.460888599,0.444444444,0.511309993,0.277777778,0.460888599,0.166666667,0.383482494,0.222222222,0.427792632,0.055555556,0.23570226,0.0,0.0
17_19_03.bmp,2.9444444444444446,0.166666667,0.383482494,0.388888889,0.501631326,0.444444444,0.511309993,0.0,0.0,0.222222222,0.427792632,0.111111111,0.323380833,0.0,0.0
25_21_05.bmp,1.3888888888888888,0.055555556,0.23570226,0.5,0.514495755,0.111111111,0.323380833,0.666666667,0.48507125,0.166666667,0.383482494,0.055555556,0.23570226,0.0,0.0
32_09_04.bmp,2.5,0.666666667,0.48507125,0.333333333,0.48507125,0.055555556,0.23570226,0.055555556,0.23570226,0.388888889,0.501631326,0.055555556,0.23570226,0.0,0.0
31_22_04.bmp,1.7222222222222223,0.111111111,0.323380833,0.888888889,0.323380833,0.0,0.0,0.055555556,0.23570226,0.166666667,0.383482494,0.055555556,0.23570226,0.0,0.0
0047.jpg,3.333333333333333,0.055555556,0.23570226,0.222222222,0.427792632,0.833333333,0.383482494,0.0,0.0,0.055555556,0.23570226,0.055555556,0.23570226,0.0,0.0
04_24_01.bmp,2.5,0.166666667,0.383482494,0.833333333,0.383482494,0.111111111,0.323380833,0.0,0.0,0.222222222,0.427792632,0.0,0.0,0.111111111,0.323380833
11_25_04.bmp,2.1666666666666665,0.055555556,0.23570226,0.166666667,0.383482494,0.0,0.0,0.055555556,0.23570226,0.166666667,0.383482494,0.055555556,0.23570226,0.888888889,0.323380833
0154.jpg,2.111111111111111,0.055555556,0.23570226,0.388888889,0.501631326,0.888888889,0.323380833,0.0,0.0,0.166666667,0.383482494,0.0,0.0,0.055555556,0.23570226
03_21_04.bmp,2.7222222222222223,0.277777778,0.460888599,0.333333333,0.48507125,0.111111111,0.323380833,0.5,0.514495755,0.055555556,0.23570226,0.055555556,0.23570226,0.055555556,0.23570226
08_19_02.bmp,3.333333333333333,0.222222222,0.427792632,0.166666667,0.383482494,0.333333333,0.48507125,0.0,0.0,0.055555556,0.23570226,0.111111111,0.323380833,0.0,0.0
17_01_05.bmp,1.5,0.055555556,0.23570226,0.888888889,0.323380833,0.055555556,0.23570226,0.055555556,0.23570226,0.166666667,0.383482494,0.0,0.0,0.0,0.0
27_08_02.bmp,3.0,0.111111111,0.323380833,0.444444444,0.511309993,0.0,0.0,0.055555556,0.23570226,0.444444444,0.511309993,0.055555556,0.23570226,0.055555556,0.23570226
13_17_03.bmp,2.6666666666666665,0.111111111,0.323380833,0.444444444,0.511309993,0.055555556,0.23570226,0.055555556,0.23570226,0.222222222,0.427792632,0.166666667,0.383482494,0.166666667,0.383482494
1121.jpg,2.5,0.111111111,0.323380833,0.222222222,0.427792632,0.0,0.0,0.0,0.0,0.055555556,0.23570226,0.055555556,0.23570226,0.888888889,0.323380833
01300.jpg,3.5,0.388888889,0.501631326,0.388888889,0.501631326,0.0,0.0,0.0,0.0,0.055555556,0.23570226,0.0,0.0,0.111111111,0.323380833
19_09_02.bmp,2.888888888888889,0.722222222,0.460888599,0.222222222,0.427792632,0.111111111,0.323380833,0.055555556,0.23570226,0.111111111,0.323380833,0.055555556,0.23570226,0.055555556,0.23570226
0732.jpg,3.2777777777777777,0.055555556,0.23570226,0.277777778,0.460888599,0.055555556,0.23570226,0.0,0.0,0.388888889,0.501631326,0.111111111,0.323380833,0.055555556,0.23570226
34_18_05.bmp,1.3888888888888888,0.111111111,0.323380833,0.888888889,0.323380833,0.166666667,0.383482494,0.055555556,0.23570226,0.0,0.0,0.055555556,0.23570226,0.111111111,0.323380833
29_08_04.bmp,2.4444444444444446,0.444444444,0.511309993,0.611111111,0.501631326,0.0,0.0,0.055555556,0.23570226,0.111111111,0.323380833,0.111111111,0.323380833,0.0,0.0
07_03_02.bmp,2.9444444444444446,0.055555556,0.23570226,0.777777778,0.427792632,0.111111111,0.323380833,0.055555556,0.23570226,0.055555556,0.23570226,0.0,0.0,0.055555556,0.23570226
21_24_02.bmp,2.555555555555556,0.222222222,0.427792632,0.833333333,0.383482494,0.0,0.0,0.0,0.0,0.0,0.0,0.055555556,0.23570226,0.055555556,0.23570226
03_02_02.bmp,3.333333333333333,0.055555556,0.23570226,0.611111111,0.501631326,0.111111111,0.323380833,0.0,0.0,0.166666667,0.383482494,0.0,0.0,0.055555556,0.23570226
0799.jpg,3.333333333333333,0.0,0.0,0.555555556,0.511309993,0.055555556,0.23570226,0.111111111,0.323380833,0.111111111,0.323380833,0.0,0.0,0.0,0.0
0985.jpg,3.388888888888889,0.055555556,0.23570226,0.222222222,0.427792632,0.0,0.0,0.611111111,0.501631326,0.055555556,0.23570226,0.0,0.0,0.0,0.0
29_20_03.bmp,2.2222222222222223,0.5,0.514495755,0.388888889,0.501631326,0.111111111,0.323380833,0.277777778,0.460888599,0.166666667,0.383482494,0.166666667,0.383482494,0.055555556,0.23570226
19_17_01.bmp,3.555555555555556,0.055555556,0.23570226,0.333333333,0.48507125,0.055555556,0.23570226,0.0,0.0,0.166666667,0.383482494,0.222222222,0.427792632,0.111111111,0.323380833
23_11_01.bmp,3.2222222222222223,0.333333333,0.48507125,0.333333333,0.48507125,0.055555556,0.23570226,0.0,0.0,0.333333333,0.48507125,0.055555556,0.23570226,0.0,0.0
31_17_05.bmp,2.055555555555556,0.111111111,0.323380833,0.666666667,0.48507125,0.0,0.0,0.0,0.0,0.277777778,0.460888599,0.111111111,0.323380833,0.166666667,0.383482494
01403.jpg,3.5,0.0,0.0,0.5,0.514495755,0.111111111,0.323380833,0.055555556,0.23570226,0.055555556,0.23570226,0.0,0.0,0.055555556,0.23570226
0830.jpg,3.5,0.166666667,0.383482494,0.388888889,0.501631326,0.0,0.0,0.055555556,0.23570226,0.166666667,0.383482494,0.055555556,0.23570226,0.111111111,0.323380833
1129.jpg,2.833333333333333,0.0,0.0,0.388888889,0.501631326,0.0,0.0,0.111111111,0.323380833,0.722222222,0.460888599,0.166666667,0.383482494,0.055555556,0.23570226
01150.jpg,4.166666666666667,0.0,0.0,0.0,0.0,0.055555556,0.23570226,0.0,0.0,0.666666667,0.48507125,0.055555556,0.23570226,0.0,0.0
34_23_01.bmp,3.0,0.055555556,0.23570226,0.166666667,0.383482494,0.111111111,0.323380833,0.722222222,0.460888599,0.0,0.0,0.0,0.0,0.166666667,0.383482494
30_22_03.bmp,2.5,0.111111111,0.323380833,0.777777778,0.427792632,0.055555556,0.23570226,0.111111111,0.323380833,0.277777778,0.460888599,0.055555556,0.23570226,0.0,0.0
1138.jpg,2.611111111111111,0.055555556,0.23570226,0.444444444,0.511309993,0.0,0.0,0.111111111,0.323380833,0.166666667,0.383482494,0.777777778,0.427792632,0.111111111,0.323380833
18_23_01.bmp,3.0,0.111111111,0.323380833,0.222222222,0.427792632,0.055555556,0.23570226,0.722222222,0.460888599,0.0,0.0,0.0,0.0,0.111111111,0.323380833
26_07_04.bmp,1.7777777777777777,0.055555556,0.23570226,0.777777778,0.427792632,0.055555556,0.23570226,0.055555556,0.23570226,0.055555556,0.23570226,0.111111111,0.323380833,0.0,0.0
0663.jpg,3.6666666666666665,0.111111111,0.323380833,0.444444444,0.511309993,0.055555556,0.23570226,0.055555556,0.23570226,0.0,0.0,0.055555556,0.23570226,0.0,0.0
09_02_04.bmp,1.3888888888888888,0.111111111,0.323380833,0.944444444,0.23570226,0.111111111,0.323380833,0.055555556,0.23570226,0.222222222,0.427792632,0.0,0.0,0.055555556,0.23570226
32_01_04.bmp,1.7777777777777777,0.0,0.0,0.888888889,0.323380833,0.166666667,0.383482494,0.0,0.0,0.444444444,0.511309993,0.055555556,0.23570226,0.111111111,0.323380833
35_08_02.bmp,2.7777777777777777,0.0,0.0,0.722222222,0.460888599,0.055555556,0.23570226,0.0,0.0,0.0,0.0,0.055555556,0.23570226,0.055555556,0.23570226
01265.jpg,3.055555555555556,0.333333333,0.48507125,0.611111111,0.501631326,0.111111111,0.323380833,0.0,0.0,0.555555556,0.511309993,0.0,0.0,0.111111111,0.323380833
03_14_04.bmp,2.7222222222222223,0.111111111,0.323380833,0.166666667,0.383482494,0.055555556,0.23570226,0.777777778,0.427792632,0.111111111,0.323380833,0.055555556,0.23570226,0.0,0.0
02_25_05.bmp,2.2777777777777777,0.111111111,0.323380833,0.0,0.0,0.055555556,0.23570226,0.0,0.0,0.277777778,0.460888599,0.055555556,0.23570226,0.888888889,0.323380833
37_19_04.bmp,2.2222222222222223,0.277777778,0.460888599,0.5,0.514495755,0.555555556,0.511309993,0.055555556,0.23570226,0.166666667,0.383482494,0.055555556,0.23570226,0.0,0.0
07_22_01.bmp,2.7222222222222223,0.222222222,0.427792632,0.388888889,0.501631326,0.5,0.514495755,0.0,0.0,0.0,0.0,0.055555556,0.23570226,0.055555556,0.23570226
32_24_03.bmp,2.2777777777777777,0.0,0.0,0.777777778,0.427792632,0.055555556,0.23570226,0.111111111,0.323380833,0.388888889,0.501631326,0.111111111,0.323380833,0.0,0.0
01466.jpg,3.7222222222222223,0.055555556,0.23570226,0.5,0.514495755,0.166666667,0.383482494,0.0,0.0,0.0,0.0,0.0,0.0,0.055555556,0.23570226
13_23_01.bmp,3.333333333333333,0.055555556,0.23570226,0.055555556,0.23570226,0.0,0.0,0.777777778,0.427792632,0.166666667,0.383482494,0.055555556,0.23570226,0.166666667,0.383482494
0717.jpg,2.888888888888889,0.111111111,0.323380833,0.444444444,0.511309993,0.0,0.0,0.111111111,0.323380833,0.333333333,0.48507125,0.166666667,0.383482494,0.055555556,0.23570226
0774.jpg,3.4444444444444446,0.055555556,0.23570226,0.555555556,0.511309993,0.0,0.0,0.0,0.0,0.111111111,0.323380833,0.111111111,0.323380833,0.055555556,0.23570226
35_17_04.bmp,2.055555555555556,0.277777778,0.460888599,0.555555556,0.511309993,0.055555556,0.23570226,0.0,0.0,0.166666667,0.383482494,0.166666667,0.383482494,0.222222222,0.427792632
23_12_04.bmp,2.4444444444444446,0.722222222,0.460888599,0.277777778,0.460888599,0.111111111,0.323380833,0.0,0.0,0.222222222,0.427792632,0.055555556,0.23570226,0.0,0.0
04_16_03.bmp,2.5,0.166666667,0.383482494,0.833333333,0.383482494,0.111111111,0.323380833,0.055555556,0.23570226,0.166666667,0.383482494,0.0,0.0,0.111111111,0.323380833
12_25_01.bmp,2.9444444444444446,0.055555556,0.23570226,0.111111111,0.323380833,0.055555556,0.23570226,0.055555556,0.23570226,0.055555556,0.23570226,0.0,0.0,0.888888889,0.323380833
31_13_05.bmp,2.6666666666666665,0.055555556,0.23570226,0.222222222,0.427792632,0.833333333,0.383482494,0.0,0.0,0.111111111,0.323380833,0.055555556,0.23570226,0.0,0.0
0460.jpg,2.6666666666666665,0.055555556,0.23570226,0.388888889,0.501631326,0.055555556,0.23570226,0.0,0.0,0.833333333,0.383482494,0.0,0.0,0.0,0.0
0714.jpg,3.4444444444444446,0.111111111,0.323380833,0.277777778,0.460888599,0.0,0.0,0.166666667,0.383482494,0.277777778,0.460888599,0.111111111,0.323380833,0.055555556,0.23570226
0220.jpg,1.8333333333333333,0.166666667,0.383482494,0.444444444,0.511309993,0.0,0.0,0.888888889,0.323380833,0.0,0.0,0.0,0.0,0.0,0.0
31_18_04.bmp,2.333333333333333,0.111111111,0.323380833,0.666666667,0.48507125,0.055555556,0.23570226,0.055555556,0.23570226,0.166666667,0.383482494,0.0,0.0,0.0,0.0
17_10_05.bmp,2.1666666666666665,0.722222222,0.460888599,0.222222222,0.427792632,0.055555556,0.23570226,0.0,0.0,0.277777778,0.460888599,0.055555556,0.23570226,0.0,0.0
18_19_05.bmp,1.8888888888888888,0.111111111,0.323380833,0.333333333,0.48507125,0.833333333,0.383482494,0.0,0.0,0.055555556,0.23570226,0.0,0.0,0.055555556,0.23570226
35_09_02.bmp,2.611111111111111,0.555555556,0.511309993,0.611111111,0.501631326,0.055555556,0.23570226,0.0,0.0,0.055555556,0.23570226,0.0,0.0,0.055555556,0.23570226
01431.jpg,3.555555555555556,0.0,0.0,0.5,0.514495755,0.166666667,0.383482494,0.0,0.0,0.0,0.0,0.0,0.0,0.055555556,0.23570226
30_07_01.bmp,3.555555555555556,0.111111111,0.323380833,0.333333333,0.48507125,0.055555556,0.23570226,0.111111111,0.323380833,0.333333333,0.48507125,0.055555556,0.23570226,0.0,0.0
06_23_01.bmp,3.6666666666666665,0.111111111,0.323380833,0.055555556,0.23570226,0.0,0.0,0.722222222,0.460888599,0.0,0.0,0.055555556,0.23570226,0.055555556,0.23570226
27_24_05.bmp,1.5,0.055555556,0.23570226,0.888888889,0.323380833,0.0,0.0,0.0,0.0,0.277777778,0.460888599,0.055555556,0.23570226,0.0,0.0
02_12_01.bmp,3.333333333333333,0.333333333,0.48507125,0.5,0.514495755,0.0,0.0,0.055555556,0.23570226,0.5,0.514495755,0.055555556,0.23570226,0.0,0.0
35_24_01.bmp,2.388888888888889,0.111111111,0.323380833,0.777777778,0.427792632,0.111111111,0.323380833,0.111111111,0.323380833,0.0,0.0,0.055555556,0.23570226,0.111111111,0.323380833
0114.jpg,3.6666666666666665,0.0,0.0,0.277777778,0.460888599,0.5,0.514495755,0.0,0.0,0.111111111,0.323380833,0.0,0.0,0.0,0.0
01272.jpg,3.4444444444444446,0.277777778,0.460888599,0.444444444,0.511309993,0.055555556,0.23570226,0.055555556,0.23570226,0.333333333,0.48507125,0.0,0.0,0.0,0.0
19_25_01.bmp,3.0,0.055555556,0.23570226,0.0,0.0,0.111111111,0.323380833,0.0,0.0,0.055555556,0.23570226,0.055555556,0.23570226,0.944444444,0.23570226
19_22_02.bmp,2.555555555555556,0.222222222,0.427792632,0.611111111,0.501631326,0.055555556,0.23570226,0.0,0.0,0.055555556,0.23570226,0.055555556,0.23570226,0.0,0.0
31_09_04.bmp,2.388888888888889,0.777777778,0.427792632,0.222222222,0.427792632,0.0,0.0,0.055555556,0.23570226,0.111111111,0.323380833,0.0,0.0,0.055555556,0.23570226
0481.jpg,3.0,0.055555556,0.23570226,0.444444444,0.511309993,0.055555556,0.23570226,0.0,0.0,0.666666667,0.48507125,0.0,0.0,0.111111111,0.323380833
0431.jpg,1.6666666666666667,0.055555556,0.23570226,0.944444444,0.23570226,0.055555556,0.23570226,0.0,0.0,0.055555556,0.23570226,0.0,0.0,0.0,0.0
0159.jpg,2.333333333333333,0.055555556,0.23570226,0.333333333,0.48507125,0.944444444,0.23570226,0.055555556,0.23570226,0.111111111,0.323380833,0.0,0.0,0.0,0.0
21_13_03.bmp,3.055555555555556,0.111111111,0.323380833,0.444444444,0.511309993,0.388888889,0.501631326,0.0,0.0,0.0,0.0,0.0,0.0,0.055555556,0.23570226
16_16_03.bmp,2.833333333333333,0.222222222,0.427792632,0.444444444,0.511309993,0.055555556,0.23570226,0.111111111,0.323380833,0.277777778,0.460888599,0.333333333,0.48507125,0.055555556,0.23570226
06_19_05.bmp,2.388888888888889,0.111111111,0.323380833,0.333333333,0.48507125,0.833333333,0.383482494,0.0,0.0,0.055555556,0.23570226,0.111111111,0.323380833,0.111111111,0.323380833
24_19_05.bmp,1.5555555555555556,0.222222222,0.427792632,0.444444444,0.511309993,0.611111111,0.501631326,0.055555556,0.23570226,0.0,0.0,0.055555556,0.23570226,0.0,0.0
0942.jpg,2.888888888888889,0.0,0.0,0.444444444,0.511309993,0.055555556,0.23570226,0.666666667,0.48507125,0.111111111,0.323380833,0.0,0.0,0.055555556,0.23570226
22_21_04.bmp,1.5555555555555556,0.055555556,0.23570226,0.388888889,0.501631326,0.166666667,0.383482494,0.611111111,0.501631326,0.055555556,0.23570226,0.111111111,0.323380833,0.055555556,0.23570226
35_06_05.bmp,1.3333333333333333,0.444444444,0.511309993,0.555555556,0.511309993,0.166666667,0.383482494,0.055555556,0.23570226,0.055555556,0.23570226,0.166666667,0.383482494,0.055555556,0.23570226
02_17_05.bmp,2.2222222222222223,0.0,0.0,0.444444444,0.511309993,0.0,0.0,0.0,0.0,0.611111111,0.501631326,0.055555556,0.23570226,0.388888889,0.501631326
02_01_01.bmp,3.2777777777777777,0.055555556,0.23570226,0.222222222,0.427792632,0.0,0.0,0.055555556,0.23570226,0.611111111,0.501631326,0.055555556,0.23570226,0.0,0.0
21_25_02.bmp,2.833333333333333,0.111111111,0.323380833,0.111111111,0.323380833,0.0,0.0,0.0,0.0,0.055555556,0.23570226,0.0,0.0,0.888888889,0.323380833
34_13_04.bmp,2.388888888888889,0.055555556,0.23570226,0.388888889,0.501631326,0.888888889,0.323380833,0.0,0.0,0.0,0.0,0.0,0.0,0.055555556,0.23570226
32_11_01.bmp,3.111111111111111,0.388888889,0.501631326,0.444444444,0.511309993,0.111111111,0.323380833,0.055555556,0.23570226,0.333333333,0.48507125,0.055555556,0.23570226,0.0,0.0
26_08_01.bmp,3.7222222222222223,0.111111111,0.323380833,0.111111111,0.323380833,0.111111111,0.323380833,0.0,0.0,0.055555556,0.23570226,0.0,0.0,0.111111111,0.323380833
0226.jpg,2.0,0.111111111,0.323380833,0.5,0.514495755,0.055555556,0.23570226,0.888888889,0.323380833,0.055555556,0.23570226,0.0,0.0,0.055555556,0.23570226
16_25_04.bmp,2.1666666666666665,0.0,0.0,0.166666667,0.383482494,0.0,0.0,0.0,0.0,0.277777778,0.460888599,0.277777778,0.460888599,0.777777778,0.427792632
06_07_03.bmp,2.4444444444444446,0.444444444,0.511309993,0.666666667,0.48507125,0.111111111,0.323380833,0.0,0.0,0.0,0.0,0.055555556,0.23570226,0.111111111,0.323380833
24_07_05.bmp,1.3888888888888888,0.055555556,0.23570226,0.944444444,0.23570226,0.0,0.0,0.0,0.0,0.0,0.0,0.055555556,0.23570226,0.0,0.0
13_15_04.bmp,3.611111111111111,0.111111111,0.323380833,0.166666667,0.383482494,0.111111111,0.323380833,0.111111111,0.323380833,0.111111111,0.323380833,0.055555556,0.23570226,0.055555556,0.23570226
21_07_05.bmp,1.3888888888888888,0.166666667,0.383482494,0.833333333,0.383482494,0.0,0.0,0.0,0.0,0.055555556,0.23570226,0.055555556,0.23570226,0.0,0.0
01313.jpg,3.055555555555556,0.388888889,0.501631326,0.444444444,0.511309993,0.0,0.0,0.333333333,0.48507125,0.333333333,0.48507125,0.222222222,0.427792632,0.0,0.0
04_12_02.bmp,2.833333333333333,0.555555556,0.511309993,0.5,0.514495755,0.111111111,0.323380833,0.0,0.0,0.222222222,0.427792632,0.0,0.0,0.0,0.0
18_01_05.bmp,1.4444444444444444,0.0,0.0,0.888888889,0.323380833,0.055555556,0.23570226,0.0,0.0,0.055555556,0.23570226,0.0,0.0,0.055555556,0.23570226
06_04_03.bmp,3.2222222222222223,0.333333333,0.48507125,0.222222222,0.427792632,0.166666667,0.383482494,0.0,0.0,0.055555556,0.23570226,0.222222222,0.427792632,0.055555556,0.23570226
0060.jpg,3.111111111111111,0.055555556,0.23570226,0.722222222,0.460888599,0.5,0.514495755,0.0,0.0,0.055555556,0.23570226,0.0,0.0,0.0,0.0
0222.jpg,2.055555555555556,0.111111111,0.323380833,0.388888889,0.501631326,0.0,0.0,0.833333333,0.383482494,0.166666667,0.383482494,0.0,0.0,0.0,0.0
18_16_02.bmp,2.9444444444444446,0.222222222,0.427792632,0.444444444,0.511309993,0.111111111,0.323380833,0.111111111,0.323380833,0.0,0.0,0.055555556,0.23570226,0.055555556,0.23570226
17_08_05.bmp,1.7222222222222223,0.388888889,0.501631326,0.666666667,0.48507125,0.055555556,0.23570226,0.0,0.0,0.111111111,0.323380833,0.111111111,0.323380833,0.055555556,0.23570226
18_19_04.bmp,2.4444444444444446,0.277777778,0.460888599,0.444444444,0.511309993,0.444444444,0.511309993,0.111111111,0.323380833,0.055555556,0.23570226,0.0,0.0,0.0,0.0
30_13_03.bmp,3.2777777777777777,0.055555556,0.23570226,0.222222222,0.427792632,0.333333333,0.48507125,0.0,0.0,0.333333333,0.48507125,0.0,0.0,0.0,0.0
29_03_02.bmp,2.9444444444444446,0.055555556,0.23570226,0.611111111,0.501631326,0.055555556,0.23570226,0.055555556,0.23570226,0.111111111,0.323380833,0.055555556,0.23570226,0.055555556,0.23570226
32_02_02.bmp,2.5,0.0,0.0,0.722222222,0.460888599,0.166666667,0.383482494,0.0,0.0,0.5,0.514495755,0.055555556,0.23570226,0.0,0.0
08_09_02.bmp,3.2777777777777777,0.666666667,0.48507125,0.0,0.0,0.055555556,0.23570226,0.055555556,0.23570226,0.055555556,0.23570226,0.0,0.0,0.0,0.0
0886.jpg,3.7222222222222223,0.166666667,0.383482494,0.388888889,0.501631326,0.0,0.0,0.0,0.0,0.111111111,0.323380833,0.111111111,0.323380833,0.055555556,0.23570226
10_14_01.bmp,3.2222222222222223,0.111111111,0.323380833,0.5,0.514495755,0.111111111,0.323380833,0.222222222,0.427792632,0.388888889,0.501631326,0.222222222,0.427792632,0.0,0.0
32_16_05.bmp,1.5555555555555556,0.277777778,0.460888599,0.888888889,0.323380833,0.055555556,0.23570226,0.055555556,0.23570226,0.333333333,0.48507125,0.0,0.0,0.055555556,0.23570226
0429.jpg,1.7777777777777777,0.055555556,0.23570226,1.0,0.0,0.0,0.0,0.055555556,0.23570226,0.0,0.0,0.0,0.0,0.055555556,0.23570226
05_20_04.bmp,2.0,0.777777778,0.427792632,0.388888889,0.501631326,0.222222222,0.427792632,0.111111111,0.323380833,0.111111111,0.323380833,0.0,0.0,0.055555556,0.23570226
33_09_03.bmp,2.7222222222222223,0.666666667,0.48507125,0.277777778,0.460888599,0.0,0.0,0.0,0.0,0.388888889,0.501631326,0.0,0.0,0.055555556,0.23570226
32_20_01.bmp,2.388888888888889,0.5,0.514495755,0.444444444,0.511309993,0.166666667,0.383482494,0.055555556,0.23570226,0.388888889,0.501631326,0.0,0.0,0.055555556,0.23570226
34_03_02.bmp,3.0,0.055555556,0.23570226,0.666666667,0.48507125,0.166666667,0.383482494,0.0,0.0,0.0,0.0,0.0,0.0,0.055555556,0.23570226
18_18_05.bmp,1.6666666666666667,0.0,0.0,0.888888889,0.323380833,0.055555556,0.23570226,0.0,0.0,0.0,0.0,0.0,0.0,0.111111111,0.323380833
20_19_05.bmp,1.4444444444444444,0.055555556,0.23570226,0.166666667,0.383482494,0.833333333,0.383482494,0.0,0.0,0.055555556,0.23570226,0.111111111,0.323380833,0.0,0.0
02_18_05.bmp,1.6666666666666667,0.111111111,0.323380833,0.777777778,0.427792632,0.055555556,0.23570226,0.0,0.0,0.555555556,0.511309993,0.055555556,0.23570226,0.111111111,0.323380833
11_01_05.bmp,1.2777777777777777,0.0,0.0,0.888888889,0.323380833,0.0,0.0,0.0,0.0,0.166666667,0.383482494,0.055555556,0.23570226,0.055555556,0.23570226
36_13_04.bmp,2.2777777777777777,0.055555556,0.23570226,0.444444444,0.511309993,0.777777778,0.427792632,0.0,0.0,0.0,0.0,0.0,0.0,0.111111111,0.323380833
08_09_01.bmp,3.5,0.555555556,0.511309993,0.055555556,0.23570226,0.0,0.0,0.111111111,0.323380833,0.055555556,0.23570226,0.0,0.0,0.055555556,0.23570226
34_16_03.bmp,2.6666666666666665,0.166666667,0.383482494,0.5,0.514495755,0.055555556,0.23570226,0.388888889,0.501631326,0.055555556,0.23570226,0.0,0.0,0.0,0.0
0659.jpg,3.2777777777777777,0.111111111,0.323380833,0.5,0.514495755,0.055555556,0.23570226,0.055555556,0.23570226,0.0,0.0,0.0,0.0,0.055555556,0.23570226
0887.jpg,3.8333333333333335,0.166666667,0.383482494,0.444444444,0.511309993,0.055555556,0.23570226,0.0,0.0,0.111111111,0.323380833,0.055555556,0.23570226,0.0,0.0
02_06_05.bmp,1.2777777777777777,0.5,0.514495755,0.444444444,0.511309993,0.277777778,0.460888599,0.111111111,0.323380833,0.5,0.514495755,0.222222222,0.427792632,0.0,0.0
01306.jpg,3.388888888888889,0.388888889,0.501631326,0.611111111,0.501631326,0.055555556,0.23570226,0.0,0.0,0.055555556,0.23570226,0.0,0.0,0.0,0.0
11_05_01.bmp,3.055555555555556,0.166666667,0.383482494,0.388888889,0.501631326,0.055555556,0.23570226,0.111111111,0.323380833,0.333333333,0.48507125,0.055555556,0.23570226,0.055555556,0.23570226
07_18_02.bmp,2.555555555555556,0.111111111,0.323380833,0.722222222,0.460888599,0.111111111,0.323380833,0.0,0.0,0.055555556,0.23570226,0.166666667,0.383482494,0.111111111,0.323380833
01_15_02.bmp,2.333333333333333,0.166666667,0.383482494,0.777777778,0.427792632,0.444444444,0.511309993,0.0,0.0,0.0,0.0,0.0,0.0,0.111111111,0.323380833
25_25_02.bmp,2.4444444444444446,0.055555556,0.23570226,0.111111111,0.323380833,0.111111111,0.323380833,0.0,0.0,0.111111111,0.323380833,0.0,0.0,0.944444444,0.23570226
04_02_04.bmp,1.5555555555555556,0.055555556,0.23570226,1.0,0.0,0.055555556,0.23570226,0.055555556,0.23570226,0.111111111,0.323380833,0.055555556,0.23570226,0.0,0.0
0478.jpg,3.2222222222222223,0.0,0.0,0.444444444,0.511309993,0.055555556,0.23570226,0.111111111,0.323380833,0.611111111,0.501631326,0.055555556,0.23570226,0.0,0.0
19_01_02.bmp,3.2222222222222223,0.055555556,0.23570226,0.555555556,0.511309993,0.055555556,0.23570226,0.055555556,0.23570226,0.055555556,0.23570226,0.222222222,0.427792632,0.111111111,0.323380833
21_10_02.bmp,2.888888888888889,0.666666667,0.48507125,0.388888889,0.501631326,0.055555556,0.23570226,0.0,0.0,0.055555556,0.23570226,0.0,0.0,0.055555556,0.23570226
0977.jpg,3.555555555555556,0.055555556,0.23570226,0.222222222,0.427792632,0.0,0.0,0.666666667,0.48507125,0.166666667,0.383482494,0.0,0.0,0.0,0.0
08_10_05.bmp,2.2777777777777777,0.888888889,0.323380833,0.166666667,0.383482494,0.0,0.0,0.0,0.0,0.055555556,0.23570226,0.0,0.0,0.0,0.0
22_06_01.bmp,3.111111111111111,0.222222222,0.427792632,0.444444444,0.511309993,0.166666667,0.383482494,0.0,0.0,0.111111111,0.323380833,0.277777778,0.460888599,0.0,0.0
04_13_04.bmp,2.333333333333333,0.111111111,0.323380833,0.722222222,0.460888599,0.5,0.514495755,0.055555556,0.23570226,0.166666667,0.383482494,0.0,0.0,0.0,0.0
27_18_03.bmp,2.7777777777777777,0.055555556,0.23570226,0.666666667,0.48507125,0.0,0.0,0.055555556,0.23570226,0.5,0.514495755,0.055555556,0.23570226,0.0,0.0
30_04_01.bmp,3.555555555555556,0.166666667,0.383482494,0.388888889,0.501631326,0.0,0.0,0.0,0.0,0.333333333,0.48507125,0.055555556,0.23570226,0.0,0.0
03_05_02.bmp,3.1666666666666665,0.111111111,0.323380833,0.666666667,0.48507125,0.055555556,0.23570226,0.0,0.0,0.111111111,0.323380833,0.0,0.0,0.055555556,0.23570226
21_10_03.bmp,2.7777777777777777,0.722222222,0.460888599,0.277777778,0.460888599,0.111111111,0.323380833,0.055555556,0.23570226,0.055555556,0.23570226,0.0,0.0,0.0,0.0
19_20_03.bmp,2.1666666666666665,0.5,0.514495755,0.166666667,0.383482494,0.222222222,0.427792632,0.277777778,0.460888599,0.166666667,0.383482494,0.055555556,0.23570226,0.055555556,0.23570226
10_25_01.bmp,2.9444444444444446,0.055555556,0.23570226,0.222222222,0.427792632,0.0,0.0,0.0,0.0,0.222222222,0.427792632,0.111111111,0.323380833,1.0,0.0
31_24_03.bmp,2.2222222222222223,0.055555556,0.23570226,0.777777778,0.427792632,0.0,0.0,0.0,0.0,0.111111111,0.323380833,0.055555556,0.23570226,0.055555556,0.23570226
20_09_02.bmp,2.888888888888889,0.722222222,0.460888599,0.277777778,0.460888599,0.055555556,0.23570226,0.0,0.0,0.111111111,0.323380833,0.111111111,0.323380833,0.055555556,0.23570226
21_06_01.bmp,3.555555555555556,0.111111111,0.323380833,0.444444444,0.511309993,0.0,0.0,0.055555556,0.23570226,0.055555556,0.23570226,0.0,0.0,0.055555556,0.23570226
11_10_04.bmp,2.333333333333333,0.833333333,0.383482494,0.222222222,0.427792632,0.0,0.0,0.111111111,0.323380833,0.222222222,0.427792632,0.055555556,0.23570226,0.0,0.0
27_09_02.bmp,2.888888888888889,0.611111111,0.501631326,0.388888889,0.501631326,0.0,0.0,0.055555556,0.23570226,0.444444444,0.511309993,0.055555556,0.23570226,0.055555556,0.23570226
07_06_03.bmp,2.4444444444444446,0.444444444,0.511309993,0.444444444,0.511309993,0.166666667,0.383482494,0.0,0.0,0.111111111,0.323380833,0.166666667,0.383482494,0.055555556,0.23570226
0225.jpg,1.7222222222222223,0.055555556,0.23570226,0.444444444,0.511309993,0.055555556,0.23570226,0.888888889,0.323380833,0.111111111,0.323380833,0.055555556,0.23570226,0.0,0.0
15_07_04.bmp,1.8333333333333333,0.222222222,0.427792632,0.777777778,0.427792632,0.0,0.0,0.055555556,0.23570226,0.222222222,0.427792632,0.055555556,0.23570226,0.0,0.0
09_10_03.bmp,2.6666666666666665,0.611111111,0.501631326,0.5,0.514495755,0.055555556,0.23570226,0.055555556,0.23570226,0.166666667,0.383482494,0.055555556,0.23570226,0.0,0.0
24_10_01.bmp,3.333333333333333,0.277777778,0.460888599,0.444444444,0.511309993,0.166666667,0.383482494,0.0,0.0,0.0,0.0,0.0,0.0,0.0,0.0
32_15_05.bmp,1.7222222222222223,0.111111111,0.323380833,0.277777778,0.460888599,0.055555556,0.23570226,0.833333333,0.383482494,0.444444444,0.511309993,0.055555556,0.23570226,0.0,0.0
01238.jpg,3.6666666666666665,0.222222222,0.427792632,0.5,0.514495755,0.055555556,0.23570226,0.222222222,0.427792632,0.166666667,0.383482494,0.0,0.0,0.0,0.0
01250.jpg,2.833333333333333,0.222222222,0.427792632,0.833333333,0.383482494,0.111111111,0.323380833,0.055555556,0.23570226,0.277777778,0.460888599,0.0,0.0,0.0,0.0
01454.jpg,3.333333333333333,0.0,0.0,0.777777778,0.427792632,0.166666667,0.383482494,0.0,0.0,0.0,0.0,0.0,0.0,0.0,0.0
07_08_03.bmp,2.333333333333333,0.5,0.514495755,0.722222222,0.460888599,0.055555556,0.23570226,0.055555556,0.23570226,0.055555556,0.23570226,0.055555556,0.23570226,0.111111111,0.323380833
03_22_03.bmp,2.888888888888889,0.333333333,0.48507125,0.722222222,0.460888599,0.055555556,0.23570226,0.0,0.0,0.055555556,0.23570226,0.055555556,0.23570226,0.0,0.0
29_18_04.bmp,3.111111111111111,0.111111111,0.323380833,0.611111111,0.501631326,0.055555556,0.23570226,0.0,0.0,0.055555556,0.23570226,0.111111111,0.323380833,0.0,0.0
26_18_03.bmp,2.888888888888889,0.111111111,0.323380833,0.722222222,0.460888599,0.111111111,0.323380833,0.0,0.0,0.111111111,0.323380833,0.055555556,0.23570226,0.055555556,0.23570226
31_03_05.bmp,1.7777777777777777,0.0,0.0,0.888888889,0.323380833,0.0,0.0,0.055555556,0.23570226,0.111111111,0.323380833,0.0,0.0,0.0,0.0
33_12_01.bmp,3.2222222222222223,0.055555556,0.23570226,0.555555556,0.511309993,0.055555556,0.23570226,0.0,0.0,0.444444444,0.511309993,0.0,0.0,0.0,0.0
01269.jpg,2.833333333333333,0.0,0.0,0.722222222,0.460888599,0.0,0.0,0.055555556,0.23570226,0.722222222,0.460888599,0.222222222,0.427792632,0.111111111,0.323380833
20_19_01.bmp,3.4444444444444446,0.111111111,0.323380833,0.5,0.514495755,0.055555556,0.23570226,0.055555556,0.23570226,0.055555556,0.23570226,0.0,0.0,0.0,0.0
16_02_01.bmp,3.2222222222222223,0.0,0.0,0.388888889,0.501631326,0.055555556,0.23570226,0.0,0.0,0.333333333,0.48507125,0.555555556,0.511309993,0.055555556,0.23570226
35_10_04.bmp,2.0,0.777777778,0.427792632,0.5,0.514495755,0.055555556,0.23570226,0.055555556,0.23570226,0.111111111,0.323380833,0.055555556,0.23570226,0.055555556,0.23570226
13_05_03.bmp,2.388888888888889,0.277777778,0.460888599,0.722222222,0.460888599,0.111111111,0.323380833,0.0,0.0,0.166666667,0.383482494,0.055555556,0.23570226,0.111111111,0.323380833
0446.jpg,2.7777777777777777,0.055555556,0.23570226,0.888888889,0.323380833,0.0,0.0,0.111111111,0.323380833,0.0,0.0,0.0,0.0,0.055555556,0.23570226
24_02_05.bmp,1.2222222222222223,0.0,0.0,0.888888889,0.323380833,0.0,0.0,0.055555556,0.23570226,0.0,0.0,0.0,0.0,0.0,0.0
12_21_01.bmp,3.0,0.055555556,0.23570226,0.111111111,0.323380833,0.777777778,0.427792632,0.0,0.0,0.0,0.0,0.0,0.0,0.0,0.0
15_14_01.bmp,3.333333333333333,0.0,0.0,0.277777778,0.460888599,0.055555556,0.23570226,0.222222222,0.427792632,0.222222222,0.427792632,0.0,0.0,0.055555556,0.23570226
01164.jpg,4.055555555555555,0.166666667,0.383482494,0.111111111,0.323380833,0.111111111,0.323380833,0.055555556,0.23570226,0.111111111,0.323380833,0.277777778,0.460888599,0.055555556,0.23570226
0696.jpg,3.611111111111111,0.055555556,0.23570226,0.444444444,0.511309993,0.0,0.0,0.055555556,0.23570226,0.222222222,0.427792632,0.055555556,0.23570226,0.055555556,0.23570226
03_12_04.bmp,2.6666666666666665,0.722222222,0.460888599,0.166666667,0.383482494,0.111111111,0.323380833,0.055555556,0.23570226,0.166666667,0.383482494,0.055555556,0.23570226,0.055555556,0.23570226
12_08_05.bmp,1.8888888888888888,0.444444444,0.511309993,0.666666667,0.48507125,0.111111111,0.323380833,0.055555556,0.23570226,0.0,0.0,0.0,0.0,0.055555556,0.23570226
36_14_02.bmp,3.1666666666666665,0.111111111,0.323380833,0.444444444,0.511309993,0.166666667,0.383482494,0.111111111,0.323380833,0.0,0.0,0.0,0.0,0.055555556,0.23570226
37_10_04.bmp,2.6666666666666665,0.833333333,0.383482494,0.333333333,0.48507125,0.0,0.0,0.055555556,0.23570226,0.055555556,0.23570226,0.055555556,0.23570226,0.0,0.0
21_18_01.bmp,2.5,0.111111111,0.323380833,0.666666667,0.48507125,0.055555556,0.23570226,0.0,0.0,0.111111111,0.323380833,0.166666667,0.383482494,0.0,0.0
0587.jpg,3.555555555555556,0.055555556,0.23570226,0.277777778,0.460888599,0.055555556,0.23570226,0.111111111,0.323380833,0.388888889,0.501631326,0.0,0.0,0.0,0.0
32_21_04.bmp,1.5555555555555556,0.166666667,0.383482494,0.555555556,0.511309993,0.166666667,0.383482494,0.5,0.514495755,0.388888889,0.501631326,0.0,0.0,0.0,0.0
19_05_05.bmp,1.7222222222222223,0.444444444,0.511309993,0.666666667,0.48507125,0.111111111,0.323380833,0.055555556,0.23570226,0.111111111,0.323380833,0.055555556,0.23570226,0.055555556,0.23570226
05_15_05.bmp,3.4444444444444446,0.166666667,0.383482494,0.444444444,0.511309993,0.055555556,0.23570226,0.166666667,0.383482494,0.0,0.0,0.055555556,0.23570226,0.055555556,0.23570226
21_17_02.bmp,2.888888888888889,0.222222222,0.427792632,0.5,0.514495755,0.0,0.0,0.0,0.0,0.055555556,0.23570226,0.111111111,0.323380833,0.111111111,0.323380833
30_09_03.bmp,2.555555555555556,0.722222222,0.460888599,0.166666667,0.383482494,0.0,0.0,0.0,0.0,0.222222222,0.427792632,0.0,0.0,0.055555556,0.23570226
25_04_02.bmp,3.1666666666666665,0.166666667,0.383482494,0.444444444,0.511309993,0.166666667,0.383482494,0.0,0.0,0.111111111,0.323380833,0.111111111,0.323380833,0.055555556,0.23570226
01_19_03.bmp,3.111111111111111,0.055555556,0.23570226,0.666666667,0.48507125,0.111111111,0.323380833,0.0,0.0,0.0,0.0,0.0,0.0,0.055555556,0.23570226
20_06_03.bmp,2.611111111111111,0.277777778,0.460888599,0.277777778,0.460888599,0.222222222,0.427792632,0.111111111,0.323380833,0.111111111,0.323380833,0.111111111,0.323380833,0.0,0.0
04_22_02.bmp,2.1666666666666665,0.222222222,0.427792632,0.833333333,0.383482494,0.222222222,0.427792632,0.0,0.0,0.166666667,0.383482494,0.055555556,0.23570226,0.0,0.0
0622.jpg,3.1666666666666665,0.055555556,0.23570226,0.555555556,0.511309993,0.055555556,0.23570226,0.166666667,0.383482494,0.055555556,0.23570226,0.055555556,0.23570226,0.111111111,0.323380833
0718.jpg,3.4444444444444446,0.055555556,0.23570226,0.166666667,0.383482494,0.055555556,0.23570226,0.055555556,0.23570226,0.333333333,0.48507125,0.222222222,0.427792632,0.055555556,0.23570226
33_03_03.bmp,3.055555555555556,0.055555556,0.23570226,0.666666667,0.48507125,0.0,0.0,0.0,0.0,0.5,0.514495755,0.055555556,0.23570226,0.0,0.0
0032.jpg,2.1666666666666665,0.0,0.0,0.333333333,0.48507125,0.888888889,0.323380833,0.0,0.0,0.111111111,0.323380833,0.055555556,0.23570226,0.055555556,0.23570226
25_13_03.bmp,2.833333333333333,0.055555556,0.23570226,0.277777778,0.460888599,0.666666667,0.48507125,0.0,0.0,0.166666667,0.383482494,0.0,0.0,0.111111111,0.323380833
37_13_01.bmp,3.6666666666666665,0.0,0.0,0.388888889,0.501631326,0.111111111,0.323380833,0.111111111,0.323380833,0.055555556,0.23570226,0.055555556,0.23570226,0.0,0.0
16_09_01.bmp,3.111111111111111,0.666666667,0.48507125,0.166666667,0.383482494,0.055555556,0.23570226,0.0,0.0,0.333333333,0.48507125,0.277777778,0.460888599,0.0,0.0
35_13_01.bmp,3.1666666666666665,0.166666667,0.383482494,0.444444444,0.511309993,0.222222222,0.427792632,0.0,0.0,0.0,0.0,0.0,0.0,0.055555556,0.23570226
22_10_03.bmp,2.4444444444444446,0.777777778,0.427792632,0.333333333,0.48507125,0.0,0.0,0.0,0.0,0.222222222,0.427792632,0.166666667,0.383482494,0.0,0.0
22_12_04.bmp,2.111111111111111,0.888888889,0.323380833,0.388888889,0.501631326,0.055555556,0.23570226,0.0,0.0,0.166666667,0.383482494,0.111111111,0.323380833,0.0,0.0
06_17_05.bmp,2.2777777777777777,0.222222222,0.427792632,0.5,0.514495755,0.055555556,0.23570226,0.055555556,0.23570226,0.166666667,0.383482494,0.222222222,0.427792632,0.277777778,0.460888599
31_12_04.bmp,2.611111111111111,0.722222222,0.460888599,0.277777778,0.460888599,0.0,0.0,0.055555556,0.23570226,0.111111111,0.323380833,0.0,0.0,0.055555556,0.23570226
12_23_02.bmp,3.111111111111111,0.166666667,0.383482494,0.0,0.0,0.0,0.0,0.777777778,0.427792632,0.0,0.0,0.055555556,0.23570226,0.166666667,0.383482494
07_01_01.bmp,3.333333333333333,0.055555556,0.23570226,0.5,0.514495755,0.388888889,0.501631326,0.055555556,0.23570226,0.166666667,0.383482494,0.0,0.0,0.055555556,0.23570226
0511.jpg,2.388888888888889,0.0,0.0,0.5,0.514495755,0.0,0.0,0.555555556,0.511309993,0.666666667,0.48507125,0.055555556,0.23570226,0.055555556,0.23570226
31_19_05.bmp,2.333333333333333,0.055555556,0.23570226,0.222222222,0.427792632,0.722222222,0.460888599,0.111111111,0.323380833,0.111111111,0.323380833,0.0,0.0,0.0,0.0
18_24_01.bmp,2.7222222222222223,0.222222222,0.427792632,0.777777778,0.427792632,0.222222222,0.427792632,0.0,0.0,0.0,0.0,0.0,0.0,0.111111111,0.323380833
15_12_04.bmp,2.5,0.666666667,0.48507125,0.222222222,0.427792632,0.111111111,0.323380833,0.0,0.0,0.277777778,0.460888599,0.0,0.0,0.0,0.0
01208.jpg,4.055555555555555,0.388888889,0.501631326,0.333333333,0.48507125,0.055555556,0.23570226,0.222222222,0.427792632,0.055555556,0.23570226,0.0,0.0,0.0,0.0
21_25_01.bmp,3.055555555555556,0.055555556,0.23570226,0.111111111,0.323380833,0.0,0.0,0.0,0.0,0.0,0.0,0.0,0.0,0.944444444,0.23570226
36_09_03.bmp,2.7777777777777777,0.722222222,0.460888599,0.444444444,0.511309993,0.055555556,0.23570226,0.0,0.0,0.0,0.0,0.055555556,0.23570226,0.055555556,0.23570226
0031.jpg,2.5,0.0,0.0,0.388888889,0.501631326,0.777777778,0.427792632,0.055555556,0.23570226,0.277777778,0.460888599,0.166666667,0.383482494,0.0,0.0
12_03_05.bmp,1.7222222222222223,0.166666667,0.383482494,0.833333333,0.383482494,0.055555556,0.23570226,0.055555556,0.23570226,0.055555556,0.23570226,0.0,0.0,0.0,0.0
0010.jpg,3.0,0.055555556,0.23570226,0.333333333,0.48507125,0.777777778,0.427792632,0.0,0.0,0.111111111,0.323380833,0.277777778,0.460888599,0.0,0.0
18_22_03.bmp,1.7777777777777777,0.222222222,0.427792632,0.777777778,0.427792632,0.111111111,0.323380833,0.055555556,0.23570226,0.0,0.0,0.0,0.0,0.0,0.0
01414.jpg,3.5,0.111111111,0.323380833,0.555555556,0.511309993,0.111111111,0.323380833,0.0,0.0,0.0,0.0,0.0,0.0,0.0,0.0
05_21_05.bmp,1.6111111111111112,0.333333333,0.48507125,0.555555556,0.511309993,0.055555556,0.23570226,0.722222222,0.460888599,0.055555556,0.23570226,0.0,0.0,0.0,0.0
25_16_03.bmp,2.388888888888889,0.111111111,0.323380833,0.833333333,0.383482494,0.0,0.0,0.0,0.0,0.111111111,0.323380833,0.055555556,0.23570226,0.0,0.0
